snapshot_id,snapshot_fetched_at,game_id,commence_time,home_team,away_team,bookmaker,market_type,bet_side,line,odds_american,odds_decimal,last_update,home_moneyline_american,away_moneyline_american,home_spread,away_spread,home_spread_american,away_spread_american,total,over_american,under_american
2026_09_02_204543_686997,2026-09-02T20:45:43.686997+00:00,401858423,2026-09-03T22:00:00Z,Rutgers Scarlet Knights,Massachusetts Minutemen,DraftKings,h2h,home,,-6500,1.015385,,-6500,2000,-29.5,29.5,-108,-112,51.5,-112,-108
2026_09_02_204543_686997,2026-09-02T20:45:43.686997+00:00,401858423,2026-09-03T22:00:00Z,Rutgers Scarlet Knights,Massachusetts Minutemen,DraftKings,h2h,away,,2000,21,,-6500,2000,-29.5,29.5,-108,-112,51.5,-112,-108
2026_09_02_204543_686997,2026-09-02T20:45:43.686997+00:00,401858423,2026-09-03T22:00:00Z,Rutgers Scarlet Knights,Massachusetts Minutemen,DraftKings,spreads,home,-29.5,-108,1.925926,,-6500,2000,-29.5,29.5,-108,-112,51.5,-112,-108
2026_09_02_204543_686997,2026-09-02T20:45:43.686997+00:00,401858423,2026-09-03T22:00:00Z,Rutgers Scarlet Knights,Massachusetts Minutemen,DraftKings,spreads,away,29.5,-112,1.892857,,-6500,2000,-29.5,29.5,-108,-112,51.5,-112,-108
2026_09_02_204543_686997,2026-09-02T20:45:43.686997+00:00,401858423,2026-09-03T22:00:00Z,Rutgers Scarlet Knights,Massachusetts Minutemen,DraftKings,totals,over,51.5,-112,1.892857,,-6500,2000,-29.5,29.5,-108,-112,51.5,-112,-108
2026_09_02_204543_686997,2026-09-02T20:45:43.686997+00:00,401858423,2026-09-03T22:00:00Z,Rutgers Scarlet Knights,Massachusetts Minutemen,DraftKings,totals,under,51.5,-108,1.925926,,-6500,2000,-29.5,29.5,-108,-112,51.5,-112,-108
2026_09_02_204543_686997,2026-09-02T20:45:43.686997+00:00,401856663,2026-09-04T00:00:00Z,Missouri Tigers,Arkansas-Pine Bluff Golden Lions,DraftKings,spreads,home,-54.5,-115,1.869565,,,,-54.5,54.5,-115,-105,61.5,-110,-110
2026_09_02_204543_686997,2026-09-02T20:45:43.686997+00:00,401856663,2026-09-04T00:00:00Z,Missouri Tigers,Arkansas-Pine Bluff Golden Lions,DraftKings,spreads,away,54.5,-105,1.952381,,,,-54.5,54.5,-115,-105,61.5,-110,-110
2026_09_02_204543_686997,2026-09-02T20:45:43.686997+00:00,401856663,2026-09-04T00:00:00Z,Missouri Tigers,Arkansas-Pine Bluff Golden Lions,DraftKings,totals,over,61.5,-110,1.909091,,,,-54.5,54.5,-115,-105,61.5,-110,-110
2026_09_02_204543_686997,2026-09-02T20:45:43.686997+00:00,401856663,2026-09-04T00:00:00Z,Missouri Tigers,Arkansas-Pine Bluff Golden Lions,DraftKings,totals,under,61.5,-110,1.909091,,,,-54.5,54.5,-115,-105,61.5,-110,-110
2026_09_02_204543_686997,2026-09-02T20:45:43.686997+00:00,401856767,2026-09-03T23:00:00Z,UCF Knights,Bethune-Cookman Wildcats,DraftKings,spreads,home,-42.5,-102,1.980392,,,,-42.5,42.5,-102,-118,58.5,-110,-110
2026_09_02_204543_686997,2026-09-02T20:45:43.686997+00:00,401856767,2026-09-03T23:00:00Z,UCF Knights,Bethune-Cookman Wildcats,DraftKings,spreads,away,42.5,-118,1.847458,,,,-42.5,42.5,-102,-118,58.5,-110,-110
2026_09_02_204543_686997,2026-09-02T20:45:43.686997+00:00,401856767,2026-09-03T23:00:00Z,UCF Knights,Bethune-Cookman Wildcats,DraftKings,totals,over,58.5,-110,1.909091,,,,-42.5,42.5,-102,-118,58.5,-110,-110
2026_09_02_204543_686997,2026-09-02T20:45:43.686997+00:00,401856767,2026-09-03T23:00:00Z,UCF Knights,Bethune-Cookman Wildcats,DraftKings,totals,under,58.5,-110,1.909091,,,,-42.5,42.5,-102,-118,58.5,-110,-110
2026_09_02_204543_686997,2026-09-02T20:45:43.686997+00:00,401856768,2026-09-04T01:00:00Z,Utah Utes,Idaho Vandals,DraftKings,h2h,home,,-100000,1.001,,-100000,5000,-35.5,35.5,-110,-110,57.5,-110,-110
2026_09_02_204543_686997,2026-09-02T20:45:43.686997+00:00,401856768,2026-09-04T01:00:00Z,Utah Utes,Idaho Vandals,DraftKings,h2h,away,,5000,51,,-100000,5000,-35.5,35.5,-110,-110,57.5,-110,-110
2026_09_02_204543_686997,2026-09-02T20:45:43.686997+00:00,401856768,2026-09-04T01:00:00Z,Utah Utes,Idaho Vandals,DraftKings,spreads,home,-35.5,-110,1.909091,,-100000,5000,-35.5,35.5,-110,-110,57.5,-110,-110
2026_09_02_204543_686997,2026-09-02T20:45:43.686997+00:00,401856768,2026-09-04T01:00:00Z,Utah Utes,Idaho Vandals,DraftKings,spreads,away,35.5,-110,1.909091,,-100000,5000,-35.5,35.5,-110,-110,57.5,-110,-110
2026_09_02_204543_686997,2026-09-02T20:45:43.686997+00:00,401856768,2026-09-04T01:00:00Z,Utah Utes,Idaho Vandals,DraftKings,totals,over,57.5,-110,1.909091,,-100000,5000,-35.5,35.5,-110,-110,57.5,-110,-110
2026_09_02_204543_686997,2026-09-02T20:45:43.686997+00:00,401856768,2026-09-04T01:00:00Z,Utah Utes,Idaho Vandals,DraftKings,totals,under,57.5,-110,1.909091,,-100000,5000,-35.5,35.5,-110,-110,57.5,-110,-110
2026_09_02_204543_686997,2026-09-02T20:45:43.686997+00:00,401858204,2026-09-03T23:00:00Z,Wake Forest Demon Deacons,Akron Zips,DraftKings,h2h,home,,-3200,1.03125,,-3200,1400,-24.5,24.5,-110,-110,48.5,-108,-112
2026_09_02_204543_686997,2026-09-02T20:45:43.686997+00:00,401858204,2026-09-03T23:00:00Z,Wake Forest Demon Deacons,Akron Zips,DraftKings,h2h,away,,1400,15,,-3200,1400,-24.5,24.5,-110,-110,48.5,-108,-112
2026_09_02_204543_686997,2026-09-02T20:45:43.686997+00:00,401858204,2026-09-03T23:00:00Z,Wake Forest Demon Deacons,Akron Zips,DraftKings,spreads,home,-24.5,-110,1.909091,,-3200,1400,-24.5,24.5,-110,-110,48.5,-108,-112
2026_09_02_204543_686997,2026-09-02T20:45:43.686997+00:00,401858204,2026-09-03T23:00:00Z,Wake Forest Demon Deacons,Akron Zips,DraftKings,spreads,away,24.5,-110,1.909091,,-3200,1400,-24.5,24.5,-110,-110,48.5,-108,-112
2026_09_02_204543_686997,2026-09-02T20:45:43.686997+00:00,401858204,2026-09-03T23:00:00Z,Wake Forest Demon Deacons,Akron Zips,DraftKings,totals,over,48.5,-108,1.925926,,-3200,1400,-24.5,24.5,-110,-110,48.5,-108,-112
2026_09_02_204543_686997,2026-09-02T20:45:43.686997+00:00,401858204,2026-09-03T23:00:00Z,Wake Forest Demon Deacons,Akron Zips,DraftKings,totals,under,48.5,-112,1.892857,,-3200,1400,-24.5,24.5,-110,-110,48.5,-108,-112
2026_09_02_204543_686997,2026-09-02T20:45:43.686997+00:00,401858422,2026-09-04T00:00:00Z,Minnesota Golden Gophers,Eastern Illinois Panthers,DraftKings,spreads,home,-42.5,-110,1.909091,,,,-42.5,42.5,-110,-110,51.5,-105,-115
2026_09_02_204543_686997,2026-09-02T20:45:43.686997+00:00,401858422,2026-09-04T00:00:00Z,Minnesota Golden Gophers,Eastern Illinois Panthers,DraftKings,spreads,away,42.5,-110,1.909091,,,,-42.5,42.5,-110,-110,51.5,-105,-115
2026_09_02_204543_686997,2026-09-02T20:45:43.686997+00:00,401858422,2026-09-04T00:00:00Z,Minnesota Golden Gophers,Eastern Illinois Panthers,DraftKings,totals,over,51.5,-105,1.952381,,,,-42.5,42.5,-110,-110,51.5,-105,-115
2026_09_02_204543_686997,2026-09-02T20:45:43.686997+00:00,401858422,2026-09-04T00:00:00Z,Minnesota Golden Gophers,Eastern Illinois Panthers,DraftKings,totals,under,51.5,-115,1.869565,,,,-42.5,42.5,-110,-110,51.5,-105,-115
2026_09_02_204543_686997,2026-09-02T20:45:43.686997+00:00,401864424,2026-09-03T23:00:00Z,Delaware Blue Hens,Merrimack Warriors,DraftKings,h2h,home,,-20000,1.005,,-20000,3500,-28.5,28.5,-115,-105,55.5,-108,-112
2026_09_02_204543_686997,2026-09-02T20:45:43.686997+00:00,401864424,2026-09-03T23:00:00Z,Delaware Blue Hens,Merrimack Warriors,DraftKings,h2h,away,,3500,36,,-20000,3500,-28.5,28.5,-115,-105,55.5,-108,-112
2026_09_02_204543_686997,2026-09-02T20:45:43.686997+00:00,401864424,2026-09-03T23:00:00Z,Delaware Blue Hens,Merrimack Warriors,DraftKings,spreads,home,-28.5,-115,1.869565,,-20000,3500,-28.5,28.5,-115,-105,55.5,-108,-112
2026_09_02_204543_686997,2026-09-02T20:45:43.686997+00:00,401864424,2026-09-03T23:00:00Z,Delaware Blue Hens,Merrimack Warriors,DraftKings,spreads,away,28.5,-105,1.952381,,-20000,3500,-28.5,28.5,-115,-105,55.5,-108,-112
2026_09_02_204543_686997,2026-09-02T20:45:43.686997+00:00,401864424,2026-09-03T23:00:00Z,Delaware Blue Hens,Merrimack Warriors,DraftKings,totals,over,55.5,-108,1.925926,,-20000,3500,-28.5,28.5,-115,-105,55.5,-108,-112
2026_09_02_204543_686997,2026-09-02T20:45:43.686997+00:00,401864424,2026-09-03T23:00:00Z,Delaware Blue Hens,Merrimack Warriors,DraftKings,totals,under,55.5,-112,1.892857,,-20000,3500,-28.5,28.5,-115,-105,55.5,-108,-112
2026_09_02_204543_686997,2026-09-02T20:45:43.686997+00:00,401864425,2026-09-03T23:00:00Z,Kennesaw State Owls,West Georgia Wolves,DraftKings,h2h,home,,-4000,1.025,,-4000,1600,-22.5,22.5,-112,-108,51.5,-112,-108
2026_09_02_204543_686997,2026-09-02T20:45:43.686997+00:00,401864425,2026-09-03T23:00:00Z,Kennesaw State Owls,West Georgia Wolves,DraftKings,h2h,away,,1600,17,,-4000,1600,-22.5,22.5,-112,-108,51.5,-112,-108
2026_09_02_204543_686997,2026-09-02T20:45:43.686997+00:00,401864425,2026-09-03T23:00:00Z,Kennesaw State Owls,West Georgia Wolves,DraftKings,spreads,home,-22.5,-112,1.892857,,-4000,1600,-22.5,22.5,-112,-108,51.5,-112,-108
2026_09_02_204543_686997,2026-09-02T20:45:43.686997+00:00,401864425,2026-09-03T23:00:00Z,Kennesaw State Owls,West Georgia Wolves,DraftKings,spreads,away,22.5,-108,1.925926,,-4000,1600,-22.5,22.5,-112,-108,51.5,-112,-108
2026_09_02_204543_686997,2026-09-02T20:45:43.686997+00:00,401864425,2026-09-03T23:00:00Z,Kennesaw State Owls,West Georgia Wolves,DraftKings,totals,over,51.5,-112,1.892857,,-4000,1600,-22.5,22.5,-112,-108,51.5,-112,-108
2026_09_02_204543_686997,2026-09-02T20:45:43.686997+00:00,401864425,2026-09-03T23:00:00Z,Kennesaw State Owls,West Georgia Wolves,DraftKings,totals,under,51.5,-108,1.925926,,-4000,1600,-22.5,22.5,-112,-108,51.5,-112,-108
2026_09_02_204543_686997,2026-09-02T20:45:43.686997+00:00,401866409,2026-09-03T23:00:00Z,Buffalo Bulls,UAlbany Great Danes,DraftKings,h2h,home,,-1200,1.083333,,-1200,750,-18.5,18.5,-108,-112,48.5,-110,-110
2026_09_02_204543_686997,2026-09-02T20:45:43.686997+00:00,401866409,2026-09-03T23:00:00Z,Buffalo Bulls,UAlbany Great Danes,DraftKings,h2h,away,,750,8.5,,-1200,750,-18.5,18.5,-108,-112,48.5,-110,-110
2026_09_02_204543_686997,2026-09-02T20:45:43.686997+00:00,401866409,2026-09-03T23:00:00Z,Buffalo Bulls,UAlbany Great Danes,DraftKings,spreads,home,-18.5,-108,1.925926,,-1200,750,-18.5,18.5,-108,-112,48.5,-110,-110
2026_09_02_204543_686997,2026-09-02T20:45:43.686997+00:00,401866409,2026-09-03T23:00:00Z,Buffalo Bulls,UAlbany Great Danes,DraftKings,spreads,away,18.5,-112,1.892857,,-1200,750,-18.5,18.5,-108,-112,48.5,-110,-110
2026_09_02_204543_686997,2026-09-02T20:45:43.686997+00:00,401866409,2026-09-03T23:00:00Z,Buffalo Bulls,UAlbany Great Danes,DraftKings,totals,over,48.5,-110,1.909091,,-1200,750,-18.5,18.5,-108,-112,48.5,-110,-110
2026_09_02_204543_686997,2026-09-02T20:45:43.686997+00:00,401866409,2026-09-03T23:00:00Z,Buffalo Bulls,UAlbany Great Danes,DraftKings,totals,under,48.5,-110,1.909091,,-1200,750,-18.5,18.5,-108,-112,48.5,-110,-110
2026_09_02_204543_686997,2026-09-02T20:45:43.686997+00:00,401856776,2026-09-04T00:00:00Z,Georgia Tech Yellow Jackets,Colorado Buffaloes,DraftKings,h2h,home,,-250,1.4,,-250,205,-6.5,6.5,-115,-105,51.5,-102,-118
2026_09_02_204543_686997,2026-09-02T20:45:43.686997+00:00,401856776,2026-09-04T00:00:00Z,Georgia Tech Yellow Jackets,Colorado Buffaloes,DraftKings,h2h,away,,205,3.05,,-250,205,-6.5,6.5,-115,-105,51.5,-102,-118
2026_09_02_204543_686997,2026-09-02T20:45:43.686997+00:00,401856776,2026-09-04T00:00:00Z,Georgia Tech Yellow Jackets,Colorado Buffaloes,DraftKings,spreads,home,-6.5,-115,1.869565,,-250,205,-6.5,6.5,-115,-105,51.5,-102,-118
2026_09_02_204543_686997,2026-09-02T20:45:43.686997+00:00,401856776,2026-09-04T00:00:00Z,Georgia Tech Yellow Jackets,Colorado Buffaloes,DraftKings,spreads,away,6.5,-105,1.952381,,-250,205,-6.5,6.5,-115,-105,51.5,-102,-118
2026_09_02_204543_686997,2026-09-02T20:45:43.686997+00:00,401856776,2026-09-04T00:00:00Z,Georgia Tech Yellow Jackets,Colorado Buffaloes,DraftKings,totals,over,51.5,-102,1.980392,,-250,205,-6.5,6.5,-115,-105,51.5,-102,-118
2026_09_02_204543_686997,2026-09-02T20:45:43.686997+00:00,401856776,2026-09-04T00:00:00Z,Georgia Tech Yellow Jackets,Colorado Buffaloes,DraftKings,totals,under,51.5,-118,1.847458,,-250,205,-6.5,6.5,-115,-105,51.5,-102,-118
2026_09_02_204543_686997,2026-09-02T20:45:43.686997+00:00,401858424,2026-09-04T01:00:00Z,Illinois Fighting Illini,UAB Blazers,DraftKings,h2h,home,,-4500,1.022222,,-4500,1700,-27.5,27.5,-112,-108,54.5,-112,-108
2026_09_02_204543_686997,2026-09-02T20:45:43.686997+00:00,401858424,2026-09-04T01:00:00Z,Illinois Fighting Illini,UAB Blazers,DraftKings,h2h,away,,1700,18,,-4500,1700,-27.5,27.5,-112,-108,54.5,-112,-108
2026_09_02_204543_686997,2026-09-02T20:45:43.686997+00:00,401858424,2026-09-04T01:00:00Z,Illinois Fighting Illini,UAB Blazers,DraftKings,spreads,home,-27.5,-112,1.892857,,-4500,1700,-27.5,27.5,-112,-108,54.5,-112,-108
2026_09_02_204543_686997,2026-09-02T20:45:43.686997+00:00,401858424,2026-09-04T01:00:00Z,Illinois Fighting Illini,UAB Blazers,DraftKings,spreads,away,27.5,-108,1.925926,,-4500,1700,-27.5,27.5,-112,-108,54.5,-112,-108
2026_09_02_204543_686997,2026-09-02T20:45:43.686997+00:00,401858424,2026-09-04T01:00:00Z,Illinois Fighting Illini,UAB Blazers,DraftKings,totals,over,54.5,-112,1.892857,,-4500,1700,-27.5,27.5,-112,-108,54.5,-112,-108
2026_09_02_204543_686997,2026-09-02T20:45:43.686997+00:00,401858424,2026-09-04T01:00:00Z,Illinois Fighting Illini,UAB Blazers,DraftKings,totals,under,54.5,-108,1.925926,,-4500,1700,-27.5,27.5,-112,-108,54.5,-112,-108
2026_09_02_204543_686997,2026-09-02T20:45:43.686997+00:00,401858206,2026-09-05T01:00:00Z,Stanford Cardinal,Miami Hurricanes,DraftKings,h2h,home,,1400,15,,1400,-3200,24.5,-24.5,-115,-105,48.5,100,-120
2026_09_02_204543_686997,2026-09-02T20:45:43.686997+00:00,401858206,2026-09-05T01:00:00Z,Stanford Cardinal,Miami Hurricanes,DraftKings,h2h,away,,-3200,1.03125,,1400,-3200,24.5,-24.5,-115,-105,48.5,100,-120
2026_09_02_204543_686997,2026-09-02T20:45:43.686997+00:00,401858206,2026-09-05T01:00:00Z,Stanford Cardinal,Miami Hurricanes,DraftKings,spreads,home,24.5,-115,1.869565,,1400,-3200,24.5,-24.5,-115,-105,48.5,100,-120
2026_09_02_204543_686997,2026-09-02T20:45:43.686997+00:00,401858206,2026-09-05T01:00:00Z,Stanford Cardinal,Miami Hurricanes,DraftKings,spreads,away,-24.5,-105,1.952381,,1400,-3200,24.5,-24.5,-115,-105,48.5,100,-120
2026_09_02_204543_686997,2026-09-02T20:45:43.686997+00:00,401858206,2026-09-05T01:00:00Z,Stanford Cardinal,Miami Hurricanes,DraftKings,totals,over,48.5,100,2,,1400,-3200,24.5,-24.5,-115,-105,48.5,100,-120
2026_09_02_204543_686997,2026-09-02T20:45:43.686997+00:00,401858206,2026-09-05T01:00:00Z,Stanford Cardinal,Miami Hurricanes,DraftKings,totals,under,48.5,-120,1.833333,,1400,-3200,24.5,-24.5,-115,-105,48.5,100,-120
2026_09_02_204543_686997,2026-09-02T20:45:43.686997+00:00,401858436,2026-09-05T01:00:00Z,USC Trojans,Fresno State Bulldogs,DraftKings,h2h,home,,-2100,1.047619,,-2100,1100,-22.5,22.5,-105,-115,51.5,-112,-108
2026_09_02_204543_686997,2026-09-02T20:45:43.686997+00:00,401858436,2026-09-05T01:00:00Z,USC Trojans,Fresno State Bulldogs,DraftKings,h2h,away,,1100,12,,-2100,1100,-22.5,22.5,-105,-115,51.5,-112,-108
2026_09_02_204543_686997,2026-09-02T20:45:43.686997+00:00,401858436,2026-09-05T01:00:00Z,USC Trojans,Fresno State Bulldogs,DraftKings,spreads,home,-22.5,-105,1.952381,,-2100,1100,-22.5,22.5,-105,-115,51.5,-112,-108
2026_09_02_204543_686997,2026-09-02T20:45:43.686997+00:00,401858436,2026-09-05T01:00:00Z,USC Trojans,Fresno State Bulldogs,DraftKings,spreads,away,22.5,-115,1.869565,,-2100,1100,-22.5,22.5,-105,-115,51.5,-112,-108
2026_09_02_204543_686997,2026-09-02T20:45:43.686997+00:00,401858436,2026-09-05T01:00:00Z,USC Trojans,Fresno State Bulldogs,DraftKings,totals,over,51.5,-112,1.892857,,-2100,1100,-22.5,22.5,-105,-115,51.5,-112,-108
2026_09_02_204543_686997,2026-09-02T20:45:43.686997+00:00,401858436,2026-09-05T01:00:00Z,USC Trojans,Fresno State Bulldogs,DraftKings,totals,under,51.5,-108,1.925926,,-2100,1100,-22.5,22.5,-105,-115,51.5,-112,-108
2026_09_02_204543_686997,2026-09-02T20:45:43.686997+00:00,401864495,2026-09-04T22:30:00Z,Eastern Michigan Eagles,San José State Spartans,DraftKings,h2h,home,,-155,1.645161,,-155,130,-3,3,-108,-112,56.5,-108,-112
2026_09_02_204543_686997,2026-09-02T20:45:43.686997+00:00,401864495,2026-09-04T22:30:00Z,Eastern Michigan Eagles,San José State Spartans,DraftKings,h2h,away,,130,2.3,,-155,130,-3,3,-108,-112,56.5,-108,-112
2026_09_02_204543_686997,2026-09-02T20:45:43.686997+00:00,401864495,2026-09-04T22:30:00Z,Eastern Michigan Eagles,San José State Spartans,DraftKings,spreads,home,-3,-108,1.925926,,-155,130,-3,3,-108,-112,56.5,-108,-112
2026_09_02_204543_686997,2026-09-02T20:45:43.686997+00:00,401864495,2026-09-04T22:30:00Z,Eastern Michigan Eagles,San José State Spartans,DraftKings,spreads,away,3,-112,1.892857,,-155,130,-3,3,-108,-112,56.5,-108,-112
2026_09_02_204543_686997,2026-09-02T20:45:43.686997+00:00,401864495,2026-09-04T22:30:00Z,Eastern Michigan Eagles,San José State Spartans,DraftKings,totals,over,56.5,-108,1.925926,,-155,130,-3,3,-108,-112,56.5,-108,-112
2026_09_02_204543_686997,2026-09-02T20:45:43.686997+00:00,401864495,2026-09-04T22:30:00Z,Eastern Michigan Eagles,San José State Spartans,DraftKings,totals,under,56.5,-112,1.892857,,-155,130,-3,3,-108,-112,56.5,-108,-112
2026_09_02_204543_686997,2026-09-02T20:45:43.686997+00:00,401856664,2026-09-05T00:00:00Z,Oklahoma Sooners,UTEP Miners,DraftKings,spreads,home,-40.5,-110,1.909091,,,,-40.5,40.5,-110,-110,51.5,-110,-110
2026_09_02_204543_686997,2026-09-02T20:45:43.686997+00:00,401856664,2026-09-05T00:00:00Z,Oklahoma Sooners,UTEP Miners,DraftKings,spreads,away,40.5,-110,1.909091,,,,-40.5,40.5,-110,-110,51.5,-110,-110
2026_09_02_204543_686997,2026-09-02T20:45:43.686997+00:00,401856664,2026-09-05T00:00:00Z,Oklahoma Sooners,UTEP Miners,DraftKings,totals,over,51.5,-110,1.909091,,,,-40.5,40.5,-110,-110,51.5,-110,-110
2026_09_02_204543_686997,2026-09-02T20:45:43.686997+00:00,401856664,2026-09-05T00:00:00Z,Oklahoma Sooners,UTEP Miners,DraftKings,totals,under,51.5,-110,1.909091,,,,-40.5,40.5,-110,-110,51.5,-110,-110
2026_09_02_204543_686997,2026-09-02T20:45:43.686997+00:00,401856769,2026-09-05T00:00:00Z,Kansas Jayhawks,Long Island University Sharks,DraftKings,spreads,home,-41.5,-115,1.869565,,,,-41.5,41.5,-115,-105,53.5,-125,105
2026_09_02_204543_686997,2026-09-02T20:45:43.686997+00:00,401856769,2026-09-05T00:00:00Z,Kansas Jayhawks,Long Island University Sharks,DraftKings,spreads,away,41.5,-105,1.952381,,,,-41.5,41.5,-115,-105,53.5,-125,105
2026_09_02_204543_686997,2026-09-02T20:45:43.686997+00:00,401856769,2026-09-05T00:00:00Z,Kansas Jayhawks,Long Island University Sharks,DraftKings,totals,over,53.5,-125,1.8,,,,-41.5,41.5,-115,-105,53.5,-125,105
2026_09_02_204543_686997,2026-09-02T20:45:43.686997+00:00,401856769,2026-09-05T00:00:00Z,Kansas Jayhawks,Long Island University Sharks,DraftKings,totals,under,53.5,105,2.05,,,,-41.5,41.5,-115,-105,53.5,-125,105
2026_09_02_204543_686997,2026-09-02T20:45:43.686997+00:00,401858435,2026-09-04T23:00:00Z,Purdue Boilermakers,Indiana State Sycamores,DraftKings,spreads,home,-35.5,-110,1.909091,,,,-35.5,35.5,-110,-110,56.5,-110,-110
2026_09_02_204543_686997,2026-09-02T20:45:43.686997+00:00,401858435,2026-09-04T23:00:00Z,Purdue Boilermakers,Indiana State Sycamores,DraftKings,spreads,away,35.5,-110,1.909091,,,,-35.5,35.5,-110,-110,56.5,-110,-110
2026_09_02_204543_686997,2026-09-02T20:45:43.686997+00:00,401858435,2026-09-04T23:00:00Z,Purdue Boilermakers,Indiana State Sycamores,DraftKings,totals,over,56.5,-110,1.909091,,,,-35.5,35.5,-110,-110,56.5,-110,-110
2026_09_02_204543_686997,2026-09-02T20:45:43.686997+00:00,401858435,2026-09-04T23:00:00Z,Purdue Boilermakers,Indiana State Sycamores,DraftKings,totals,under,56.5,-110,1.909091,,,,-35.5,35.5,-110,-110,56.5,-110,-110
2026_09_02_204543_686997,2026-09-02T20:45:43.686997+00:00,401866623,2026-09-04T23:00:00Z,Georgia State Panthers,North Carolina A&T Aggies,DraftKings,h2h,home,,-8000,1.0125,,-8000,2200,-28.5,28.5,-122,102,62.5,-112,-108
2026_09_02_204543_686997,2026-09-02T20:45:43.686997+00:00,401866623,2026-09-04T23:00:00Z,Georgia State Panthers,North Carolina A&T Aggies,DraftKings,h2h,away,,2200,23,,-8000,2200,-28.5,28.5,-122,102,62.5,-112,-108
2026_09_02_204543_686997,2026-09-02T20:45:43.686997+00:00,401866623,2026-09-04T23:00:00Z,Georgia State Panthers,North Carolina A&T Aggies,DraftKings,spreads,home,-28.5,-122,1.819672,,-8000,2200,-28.5,28.5,-122,102,62.5,-112,-108
2026_09_02_204543_686997,2026-09-02T20:45:43.686997+00:00,401866623,2026-09-04T23:00:00Z,Georgia State Panthers,North Carolina A&T Aggies,DraftKings,spreads,away,28.5,102,2.02,,-8000,2200,-28.5,28.5,-122,102,62.5,-112,-108
2026_09_02_204543_686997,2026-09-02T20:45:43.686997+00:00,401866623,2026-09-04T23:00:00Z,Georgia State Panthers,North Carolina A&T Aggies,DraftKings,totals,over,62.5,-112,1.892857,,-8000,2200,-28.5,28.5,-122,102,62.5,-112,-108
2026_09_02_204543_686997,2026-09-02T20:45:43.686997+00:00,401866623,2026-09-04T23:00:00Z,Georgia State Panthers,North Carolina A&T Aggies,DraftKings,totals,under,62.5,-108,1.925926,,-8000,2200,-28.5,28.5,-122,102,62.5,-112,-108
2026_09_02_204543_686997,2026-09-02T20:45:43.686997+00:00,401858429,2026-09-05T00:00:00Z,Michigan State Spartans,Toledo Rockets,DraftKings,h2h,home,,-380,1.263158,,-380,300,-9.5,9.5,-110,-110,46.5,-115,-105
2026_09_02_204543_686997,2026-09-02T20:45:43.686997+00:00,401858429,2026-09-05T00:00:00Z,Michigan State Spartans,Toledo Rockets,DraftKings,h2h,away,,300,4,,-380,300,-9.5,9.5,-110,-110,46.5,-115,-105
2026_09_02_204543_686997,2026-09-02T20:45:43.686997+00:00,401858429,2026-09-05T00:00:00Z,Michigan State Spartans,Toledo Rockets,DraftKings,spreads,home,-9.5,-110,1.909091,,-380,300,-9.5,9.5,-110,-110,46.5,-115,-105
2026_09_02_204543_686997,2026-09-02T20:45:43.686997+00:00,401858429,2026-09-05T00:00:00Z,Michigan State Spartans,Toledo Rockets,DraftKings,spreads,away,9.5,-110,1.909091,,-380,300,-9.5,9.5,-110,-110,46.5,-115,-105
2026_09_02_204543_686997,2026-09-02T20:45:43.686997+00:00,401858429,2026-09-05T00:00:00Z,Michigan State Spartans,Toledo Rockets,DraftKings,totals,over,46.5,-115,1.869565,,-380,300,-9.5,9.5,-110,-110,46.5,-115,-105
2026_09_02_204543_686997,2026-09-02T20:45:43.686997+00:00,401858429,2026-09-05T00:00:00Z,Michigan State Spartans,Toledo Rockets,DraftKings,totals,under,46.5,-105,1.952381,,-380,300,-9.5,9.5,-110,-110,46.5,-115,-105
2026_09_02_204543_686997,2026-09-02T20:45:43.686997+00:00,401856634,2026-09-05T16:00:00Z,Alabama Crimson Tide,East Carolina Pirates,DraftKings,h2h,home,,-8000,1.0125,,-8000,2200,-28.5,28.5,100,-120,52.5,-110,-110
2026_09_02_204543_686997,2026-09-02T20:45:43.686997+00:00,401856634,2026-09-05T16:00:00Z,Alabama Crimson Tide,East Carolina Pirates,DraftKings,h2h,away,,2200,23,,-8000,2200,-28.5,28.5,100,-120,52.5,-110,-110
2026_09_02_204543_686997,2026-09-02T20:45:43.686997+00:00,401856634,2026-09-05T16:00:00Z,Alabama Crimson Tide,East Carolina Pirates,DraftKings,spreads,home,-28.5,100,2,,-8000,2200,-28.5,28.5,100,-120,52.5,-110,-110
2026_09_02_204543_686997,2026-09-02T20:45:43.686997+00:00,401856634,2026-09-05T16:00:00Z,Alabama Crimson Tide,East Carolina Pirates,DraftKings,spreads,away,28.5,-120,1.833333,,-8000,2200,-28.5,28.5,100,-120,52.5,-110,-110
2026_09_02_204543_686997,2026-09-02T20:45:43.686997+00:00,401856634,2026-09-05T16:00:00Z,Alabama Crimson Tide,East Carolina Pirates,DraftKings,totals,over,52.5,-110,1.909091,,-8000,2200,-28.5,28.5,100,-120,52.5,-110,-110
2026_09_02_204543_686997,2026-09-02T20:45:43.686997+00:00,401856634,2026-09-05T16:00:00Z,Alabama Crimson Tide,East Carolina Pirates,DraftKings,totals,under,52.5,-110,1.909091,,-8000,2200,-28.5,28.5,100,-120,52.5,-110,-110
2026_09_02_204543_686997,2026-09-02T20:45:43.686997+00:00,401856778,2026-09-05T16:00:00Z,Houston Cougars,Oregon State Beavers,DraftKings,h2h,home,,-1650,1.060606,,-1650,950,-20.5,20.5,-115,-105,49.5,-112,-108
2026_09_02_204543_686997,2026-09-02T20:45:43.686997+00:00,401856778,2026-09-05T16:00:00Z,Houston Cougars,Oregon State Beavers,DraftKings,h2h,away,,950,10.5,,-1650,950,-20.5,20.5,-115,-105,49.5,-112,-108
2026_09_02_204543_686997,2026-09-02T20:45:43.686997+00:00,401856778,2026-09-05T16:00:00Z,Houston Cougars,Oregon State Beavers,DraftKings,spreads,home,-20.5,-115,1.869565,,-1650,950,-20.5,20.5,-115,-105,49.5,-112,-108
2026_09_02_204543_686997,2026-09-02T20:45:43.686997+00:00,401856778,2026-09-05T16:00:00Z,Houston Cougars,Oregon State Beavers,DraftKings,spreads,away,20.5,-105,1.952381,,-1650,950,-20.5,20.5,-115,-105,49.5,-112,-108
2026_09_02_204543_686997,2026-09-02T20:45:43.686997+00:00,401856778,2026-09-05T16:00:00Z,Houston Cougars,Oregon State Beavers,DraftKings,totals,over,49.5,-112,1.892857,,-1650,950,-20.5,20.5,-115,-105,49.5,-112,-108
2026_09_02_204543_686997,2026-09-02T20:45:43.686997+00:00,401856778,2026-09-05T16:00:00Z,Houston Cougars,Oregon State Beavers,DraftKings,totals,under,49.5,-108,1.925926,,-1650,950,-20.5,20.5,-115,-105,49.5,-112,-108
2026_09_02_204543_686997,2026-09-02T20:45:43.686997+00:00,401858430,2026-09-05T16:00:00Z,Nebraska Cornhuskers,Ohio Bobcats,DraftKings,h2h,home,,-2800,1.035714,,-2800,1300,-23.5,23.5,-118,-102,46.5,-110,-110
2026_09_02_204543_686997,2026-09-02T20:45:43.686997+00:00,401858430,2026-09-05T16:00:00Z,Nebraska Cornhuskers,Ohio Bobcats,DraftKings,h2h,away,,1300,14,,-2800,1300,-23.5,23.5,-118,-102,46.5,-110,-110
2026_09_02_204543_686997,2026-09-02T20:45:43.686997+00:00,401858430,2026-09-05T16:00:00Z,Nebraska Cornhuskers,Ohio Bobcats,DraftKings,spreads,home,-23.5,-118,1.847458,,-2800,1300,-23.5,23.5,-118,-102,46.5,-110,-110
2026_09_02_204543_686997,2026-09-02T20:45:43.686997+00:00,401858430,2026-09-05T16:00:00Z,Nebraska Cornhuskers,Ohio Bobcats,DraftKings,spreads,away,23.5,-102,1.980392,,-2800,1300,-23.5,23.5,-118,-102,46.5,-110,-110
2026_09_02_204543_686997,2026-09-02T20:45:43.686997+00:00,401858430,2026-09-05T16:00:00Z,Nebraska Cornhuskers,Ohio Bobcats,DraftKings,totals,over,46.5,-110,1.909091,,-2800,1300,-23.5,23.5,-118,-102,46.5,-110,-110
2026_09_02_204543_686997,2026-09-02T20:45:43.686997+00:00,401858430,2026-09-05T16:00:00Z,Nebraska Cornhuskers,Ohio Bobcats,DraftKings,totals,under,46.5,-110,1.909091,,-2800,1300,-23.5,23.5,-118,-102,46.5,-110,-110
2026_09_02_204543_686997,2026-09-02T20:45:43.686997+00:00,401864496,2026-09-05T17:00:00Z,Air Force Falcons,Duquesne Dukes,DraftKings,h2h,home,,-50000,1.002,,-50000,4000,-28.5,28.5,-115,-105,58.5,-102,-118
2026_09_02_204543_686997,2026-09-02T20:45:43.686997+00:00,401864496,2026-09-05T17:00:00Z,Air Force Falcons,Duquesne Dukes,DraftKings,h2h,away,,4000,41,,-50000,4000,-28.5,28.5,-115,-105,58.5,-102,-118
2026_09_02_204543_686997,2026-09-02T20:45:43.686997+00:00,401864496,2026-09-05T17:00:00Z,Air Force Falcons,Duquesne Dukes,DraftKings,spreads,home,-28.5,-115,1.869565,,-50000,4000,-28.5,28.5,-115,-105,58.5,-102,-118
2026_09_02_204543_686997,2026-09-02T20:45:43.686997+00:00,401864496,2026-09-05T17:00:00Z,Air Force Falcons,Duquesne Dukes,DraftKings,spreads,away,28.5,-105,1.952381,,-50000,4000,-28.5,28.5,-115,-105,58.5,-102,-118
2026_09_02_204543_686997,2026-09-02T20:45:43.686997+00:00,401864496,2026-09-05T17:00:00Z,Air Force Falcons,Duquesne Dukes,DraftKings,totals,over,58.5,-102,1.980392,,-50000,4000,-28.5,28.5,-115,-105,58.5,-102,-118
2026_09_02_204543_686997,2026-09-02T20:45:43.686997+00:00,401864496,2026-09-05T17:00:00Z,Air Force Falcons,Duquesne Dukes,DraftKings,totals,under,58.5,-118,1.847458,,-50000,4000,-28.5,28.5,-115,-105,58.5,-102,-118
2026_09_02_204543_686997,2026-09-02T20:45:43.686997+00:00,401856779,2026-09-05T17:00:00Z,Iowa State Cyclones,Southeast Missouri State Redhawks,DraftKings,h2h,home,,-20000,1.005,,-20000,3500,-29.5,29.5,-108,-112,53.5,-105,-115
2026_09_02_204543_686997,2026-09-02T20:45:43.686997+00:00,401856779,2026-09-05T17:00:00Z,Iowa State Cyclones,Southeast Missouri State Redhawks,DraftKings,h2h,away,,3500,36,,-20000,3500,-29.5,29.5,-108,-112,53.5,-105,-115
2026_09_02_204543_686997,2026-09-02T20:45:43.686997+00:00,401856779,2026-09-05T17:00:00Z,Iowa State Cyclones,Southeast Missouri State Redhawks,DraftKings,spreads,home,-29.5,-108,1.925926,,-20000,3500,-29.5,29.5,-108,-112,53.5,-105,-115
2026_09_02_204543_686997,2026-09-02T20:45:43.686997+00:00,401856779,2026-09-05T17:00:00Z,Iowa State Cyclones,Southeast Missouri State Redhawks,DraftKings,spreads,away,29.5,-112,1.892857,,-20000,3500,-29.5,29.5,-108,-112,53.5,-105,-115
2026_09_02_204543_686997,2026-09-02T20:45:43.686997+00:00,401856779,2026-09-05T17:00:00Z,Iowa State Cyclones,Southeast Missouri State Redhawks,DraftKings,totals,over,53.5,-105,1.952381,,-20000,3500,-29.5,29.5,-108,-112,53.5,-105,-115
2026_09_02_204543_686997,2026-09-02T20:45:43.686997+00:00,401856779,2026-09-05T17:00:00Z,Iowa State Cyclones,Southeast Missouri State Redhawks,DraftKings,totals,under,53.5,-115,1.869565,,-20000,3500,-29.5,29.5,-108,-112,53.5,-105,-115
2026_09_02_204543_686997,2026-09-02T20:45:43.686997+00:00,401856780,2026-09-05T16:00:00Z,West Virginia Mountaineers,Coastal Carolina Chanticleers,DraftKings,h2h,home,,-1650,1.060606,,-1650,950,-21,21,-112,-108,56.5,-108,-112
2026_09_02_204543_686997,2026-09-02T20:45:43.686997+00:00,401856780,2026-09-05T16:00:00Z,West Virginia Mountaineers,Coastal Carolina Chanticleers,DraftKings,h2h,away,,950,10.5,,-1650,950,-21,21,-112,-108,56.5,-108,-112
2026_09_02_204543_686997,2026-09-02T20:45:43.686997+00:00,401856780,2026-09-05T16:00:00Z,West Virginia Mountaineers,Coastal Carolina Chanticleers,DraftKings,spreads,home,-21,-112,1.892857,,-1650,950,-21,21,-112,-108,56.5,-108,-112
2026_09_02_204543_686997,2026-09-02T20:45:43.686997+00:00,401856780,2026-09-05T16:00:00Z,West Virginia Mountaineers,Coastal Carolina Chanticleers,DraftKings,spreads,away,21,-108,1.925926,,-1650,950,-21,21,-112,-108,56.5,-108,-112
2026_09_02_204543_686997,2026-09-02T20:45:43.686997+00:00,401856780,2026-09-05T16:00:00Z,West Virginia Mountaineers,Coastal Carolina Chanticleers,DraftKings,totals,over,56.5,-108,1.925926,,-1650,950,-21,21,-112,-108,56.5,-108,-112
2026_09_02_204543_686997,2026-09-02T20:45:43.686997+00:00,401856780,2026-09-05T16:00:00Z,West Virginia Mountaineers,Coastal Carolina Chanticleers,DraftKings,totals,under,56.5,-112,1.892857,,-1650,950,-21,21,-112,-108,56.5,-108,-112
2026_09_02_204543_686997,2026-09-02T20:45:43.686997+00:00,401858208,2026-09-05T16:00:00Z,Syracuse Orange,New Hampshire Wildcats,DraftKings,spreads,home,-33.5,-108,1.925926,,,,-33.5,33.5,-108,-112,55.5,-110,-110
2026_09_02_204543_686997,2026-09-02T20:45:43.686997+00:00,401858208,2026-09-05T16:00:00Z,Syracuse Orange,New Hampshire Wildcats,DraftKings,spreads,away,33.5,-112,1.892857,,,,-33.5,33.5,-108,-112,55.5,-110,-110
2026_09_02_204543_686997,2026-09-02T20:45:43.686997+00:00,401858208,2026-09-05T16:00:00Z,Syracuse Orange,New Hampshire Wildcats,DraftKings,totals,over,55.5,-110,1.909091,,,,-33.5,33.5,-108,-112,55.5,-110,-110
2026_09_02_204543_686997,2026-09-02T20:45:43.686997+00:00,401858208,2026-09-05T16:00:00Z,Syracuse Orange,New Hampshire Wildcats,DraftKings,totals,under,55.5,-110,1.909091,,,,-33.5,33.5,-108,-112,55.5,-110,-110
2026_09_02_204543_686997,2026-09-02T20:45:43.686997+00:00,401858425,2026-09-05T16:00:00Z,Indiana Hoosiers,North Texas Mean Green,DraftKings,spreads,home,-40.5,-105,1.952381,,,,-40.5,40.5,-105,-115,55.5,-112,-108
2026_09_02_204543_686997,2026-09-02T20:45:43.686997+00:00,401858425,2026-09-05T16:00:00Z,Indiana Hoosiers,North Texas Mean Green,DraftKings,spreads,away,40.5,-115,1.869565,,,,-40.5,40.5,-105,-115,55.5,-112,-108
2026_09_02_204543_686997,2026-09-02T20:45:43.686997+00:00,401858425,2026-09-05T16:00:00Z,Indiana Hoosiers,North Texas Mean Green,DraftKings,totals,over,55.5,-112,1.892857,,,,-40.5,40.5,-105,-115,55.5,-112,-108
2026_09_02_204543_686997,2026-09-02T20:45:43.686997+00:00,401858425,2026-09-05T16:00:00Z,Indiana Hoosiers,North Texas Mean Green,DraftKings,totals,under,55.5,-108,1.925926,,,,-40.5,40.5,-105,-115,55.5,-112,-108
2026_09_02_204543_686997,2026-09-02T20:45:43.686997+00:00,401861962,2026-09-05T16:00:00Z,UConn Huskies,Lafayette Leopards,DraftKings,h2h,home,,-1350,1.074074,,-1350,800,-19.5,19.5,-112,-108,52.5,-112,-108
2026_09_02_204543_686997,2026-09-02T20:45:43.686997+00:00,401861962,2026-09-05T16:00:00Z,UConn Huskies,Lafayette Leopards,DraftKings,h2h,away,,800,9,,-1350,800,-19.5,19.5,-112,-108,52.5,-112,-108
2026_09_02_204543_686997,2026-09-02T20:45:43.686997+00:00,401861962,2026-09-05T16:00:00Z,UConn Huskies,Lafayette Leopards,DraftKings,spreads,home,-19.5,-112,1.892857,,-1350,800,-19.5,19.5,-112,-108,52.5,-112,-108
2026_09_02_204543_686997,2026-09-02T20:45:43.686997+00:00,401861962,2026-09-05T16:00:00Z,UConn Huskies,Lafayette Leopards,DraftKings,spreads,away,19.5,-108,1.925926,,-1350,800,-19.5,19.5,-112,-108,52.5,-112,-108
2026_09_02_204543_686997,2026-09-02T20:45:43.686997+00:00,401861962,2026-09-05T16:00:00Z,UConn Huskies,Lafayette Leopards,DraftKings,totals,over,52.5,-112,1.892857,,-1350,800,-19.5,19.5,-112,-108,52.5,-112,-108
2026_09_02_204543_686997,2026-09-02T20:45:43.686997+00:00,401861962,2026-09-05T16:00:00Z,UConn Huskies,Lafayette Leopards,DraftKings,totals,under,52.5,-108,1.925926,,-1350,800,-19.5,19.5,-112,-108,52.5,-112,-108
2026_09_02_204543_686997,2026-09-02T20:45:43.686997+00:00,401862701,2026-09-05T16:00:00Z,Army Black Knights,Bryant Bulldogs,DraftKings,spreads,home,-36.5,-112,1.892857,,,,-36.5,36.5,-112,-108,51.5,-102,-118
2026_09_02_204543_686997,2026-09-02T20:45:43.686997+00:00,401862701,2026-09-05T16:00:00Z,Army Black Knights,Bryant Bulldogs,DraftKings,spreads,away,36.5,-108,1.925926,,,,-36.5,36.5,-112,-108,51.5,-102,-118
2026_09_02_204543_686997,2026-09-02T20:45:43.686997+00:00,401862701,2026-09-05T16:00:00Z,Army Black Knights,Bryant Bulldogs,DraftKings,totals,over,51.5,-102,1.980392,,,,-36.5,36.5,-112,-108,51.5,-102,-118
2026_09_02_204543_686997,2026-09-02T20:45:43.686997+00:00,401862701,2026-09-05T16:00:00Z,Army Black Knights,Bryant Bulldogs,DraftKings,totals,under,51.5,-118,1.847458,,,,-36.5,36.5,-112,-108,51.5,-102,-118
2026_09_02_204543_686997,2026-09-02T20:45:43.686997+00:00,401866410,2026-09-05T16:00:00Z,Bowling Green Falcons,Tarleton State Texans,DraftKings,h2h,home,,-135,1.740741,,-135,114,-2.5,2.5,-110,-110,48.5,-112,-108
2026_09_02_204543_686997,2026-09-02T20:45:43.686997+00:00,401866410,2026-09-05T16:00:00Z,Bowling Green Falcons,Tarleton State Texans,DraftKings,h2h,away,,114,2.14,,-135,114,-2.5,2.5,-110,-110,48.5,-112,-108
2026_09_02_204543_686997,2026-09-02T20:45:43.686997+00:00,401866410,2026-09-05T16:00:00Z,Bowling Green Falcons,Tarleton State Texans,DraftKings,spreads,home,-2.5,-110,1.909091,,-135,114,-2.5,2.5,-110,-110,48.5,-112,-108
2026_09_02_204543_686997,2026-09-02T20:45:43.686997+00:00,401866410,2026-09-05T16:00:00Z,Bowling Green Falcons,Tarleton State Texans,DraftKings,spreads,away,2.5,-110,1.909091,,-135,114,-2.5,2.5,-110,-110,48.5,-112,-108
2026_09_02_204543_686997,2026-09-02T20:45:43.686997+00:00,401866410,2026-09-05T16:00:00Z,Bowling Green Falcons,Tarleton State Texans,DraftKings,totals,over,48.5,-112,1.892857,,-135,114,-2.5,2.5,-110,-110,48.5,-112,-108
2026_09_02_204543_686997,2026-09-02T20:45:43.686997+00:00,401866410,2026-09-05T16:00:00Z,Bowling Green Falcons,Tarleton State Texans,DraftKings,totals,under,48.5,-108,1.925926,,-135,114,-2.5,2.5,-110,-110,48.5,-112,-108
2026_09_02_204543_686997,2026-09-02T20:45:43.686997+00:00,401869960,2026-09-05T16:00:00Z,James Madison Dukes,Liberty Flames,DraftKings,h2h,home,,-225,1.444444,,-225,185,-6,6,-110,-110,50.5,-112,-108
2026_09_02_204543_686997,2026-09-02T20:45:43.686997+00:00,401869960,2026-09-05T16:00:00Z,James Madison Dukes,Liberty Flames,DraftKings,h2h,away,,185,2.85,,-225,185,-6,6,-110,-110,50.5,-112,-108
2026_09_02_204543_686997,2026-09-02T20:45:43.686997+00:00,401869960,2026-09-05T16:00:00Z,James Madison Dukes,Liberty Flames,DraftKings,spreads,home,-6,-110,1.909091,,-225,185,-6,6,-110,-110,50.5,-112,-108
2026_09_02_204543_686997,2026-09-02T20:45:43.686997+00:00,401869960,2026-09-05T16:00:00Z,James Madison Dukes,Liberty Flames,DraftKings,spreads,away,6,-110,1.909091,,-225,185,-6,6,-110,-110,50.5,-112,-108
2026_09_02_204543_686997,2026-09-02T20:45:43.686997+00:00,401869960,2026-09-05T16:00:00Z,James Madison Dukes,Liberty Flames,DraftKings,totals,over,50.5,-112,1.892857,,-225,185,-6,6,-110,-110,50.5,-112,-108
2026_09_02_204543_686997,2026-09-02T20:45:43.686997+00:00,401869960,2026-09-05T16:00:00Z,James Madison Dukes,Liberty Flames,DraftKings,totals,under,50.5,-108,1.925926,,-225,185,-6,6,-110,-110,50.5,-112,-108
2026_09_02_204543_686997,2026-09-02T20:45:43.686997+00:00,401858207,2026-09-05T16:30:00Z,Pittsburgh Panthers,Miami (OH) RedHawks,DraftKings,h2h,home,,-800,1.125,,-800,550,-16.5,16.5,-115,-105,48.5,-108,-112
2026_09_02_204543_686997,2026-09-02T20:45:43.686997+00:00,401858207,2026-09-05T16:30:00Z,Pittsburgh Panthers,Miami (OH) RedHawks,DraftKings,h2h,away,,550,6.5,,-800,550,-16.5,16.5,-115,-105,48.5,-108,-112
2026_09_02_204543_686997,2026-09-02T20:45:43.686997+00:00,401858207,2026-09-05T16:30:00Z,Pittsburgh Panthers,Miami (OH) RedHawks,DraftKings,spreads,home,-16.5,-115,1.869565,,-800,550,-16.5,16.5,-115,-105,48.5,-108,-112
2026_09_02_204543_686997,2026-09-02T20:45:43.686997+00:00,401858207,2026-09-05T16:30:00Z,Pittsburgh Panthers,Miami (OH) RedHawks,DraftKings,spreads,away,16.5,-105,1.952381,,-800,550,-16.5,16.5,-115,-105,48.5,-108,-112
2026_09_02_204543_686997,2026-09-02T20:45:43.686997+00:00,401858207,2026-09-05T16:30:00Z,Pittsburgh Panthers,Miami (OH) RedHawks,DraftKings,totals,over,48.5,-108,1.925926,,-800,550,-16.5,16.5,-115,-105,48.5,-108,-112
2026_09_02_204543_686997,2026-09-02T20:45:43.686997+00:00,401858207,2026-09-05T16:30:00Z,Pittsburgh Panthers,Miami (OH) RedHawks,DraftKings,totals,under,48.5,-112,1.892857,,-800,550,-16.5,16.5,-115,-105,48.5,-108,-112
2026_09_02_204543_686997,2026-09-02T20:45:43.686997+00:00,401858432,2026-09-05T16:30:00Z,Ohio State Buckeyes,Ball State Cardinals,DraftKings,spreads,home,-50.5,-108,1.925926,,,,-50.5,50.5,-108,-112,55.5,-115,-105
2026_09_02_204543_686997,2026-09-02T20:45:43.686997+00:00,401858432,2026-09-05T16:30:00Z,Ohio State Buckeyes,Ball State Cardinals,DraftKings,spreads,away,50.5,-112,1.892857,,,,-50.5,50.5,-108,-112,55.5,-115,-105
2026_09_02_204543_686997,2026-09-02T20:45:43.686997+00:00,401858432,2026-09-05T16:30:00Z,Ohio State Buckeyes,Ball State Cardinals,DraftKings,totals,over,55.5,-115,1.869565,,,,-50.5,50.5,-108,-112,55.5,-115,-105
2026_09_02_204543_686997,2026-09-02T20:45:43.686997+00:00,401858432,2026-09-05T16:30:00Z,Ohio State Buckeyes,Ball State Cardinals,DraftKings,totals,under,55.5,-105,1.952381,,,,-50.5,50.5,-108,-112,55.5,-115,-105
2026_09_02_204543_686997,2026-09-02T20:45:43.686997+00:00,401858433,2026-09-05T19:30:00Z,Oregon Ducks,Boise State Broncos,DraftKings,h2h,home,,-2400,1.041667,,-2400,1200,-24.5,24.5,-110,-110,51.5,-108,-112
2026_09_02_204543_686997,2026-09-02T20:45:43.686997+00:00,401858433,2026-09-05T19:30:00Z,Oregon Ducks,Boise State Broncos,DraftKings,h2h,away,,1200,13,,-2400,1200,-24.5,24.5,-110,-110,51.5,-108,-112
2026_09_02_204543_686997,2026-09-02T20:45:43.686997+00:00,401858433,2026-09-05T19:30:00Z,Oregon Ducks,Boise State Broncos,DraftKings,spreads,home,-24.5,-110,1.909091,,-2400,1200,-24.5,24.5,-110,-110,51.5,-108,-112
2026_09_02_204543_686997,2026-09-02T20:45:43.686997+00:00,401858433,2026-09-05T19:30:00Z,Oregon Ducks,Boise State Broncos,DraftKings,spreads,away,24.5,-110,1.909091,,-2400,1200,-24.5,24.5,-110,-110,51.5,-108,-112
2026_09_02_204543_686997,2026-09-02T20:45:43.686997+00:00,401858433,2026-09-05T19:30:00Z,Oregon Ducks,Boise State Broncos,DraftKings,totals,over,51.5,-108,1.925926,,-2400,1200,-24.5,24.5,-110,-110,51.5,-108,-112
2026_09_02_204543_686997,2026-09-02T20:45:43.686997+00:00,401858433,2026-09-05T19:30:00Z,Oregon Ducks,Boise State Broncos,DraftKings,totals,under,51.5,-112,1.892857,,-2400,1200,-24.5,24.5,-110,-110,51.5,-108,-112
2026_09_02_204543_686997,2026-09-02T20:45:43.686997+00:00,401856665,2026-09-05T16:45:00Z,South Carolina Gamecocks,Kent State Golden Flashes,DraftKings,h2h,home,,-100000,1.001,,-100000,5000,-35.5,35.5,-112,-108,54.5,-108,-112
2026_09_02_204543_686997,2026-09-02T20:45:43.686997+00:00,401856665,2026-09-05T16:45:00Z,South Carolina Gamecocks,Kent State Golden Flashes,DraftKings,h2h,away,,5000,51,,-100000,5000,-35.5,35.5,-112,-108,54.5,-108,-112
2026_09_02_204543_686997,2026-09-02T20:45:43.686997+00:00,401856665,2026-09-05T16:45:00Z,South Carolina Gamecocks,Kent State Golden Flashes,DraftKings,spreads,home,-35.5,-112,1.892857,,-100000,5000,-35.5,35.5,-112,-108,54.5,-108,-112
2026_09_02_204543_686997,2026-09-02T20:45:43.686997+00:00,401856665,2026-09-05T16:45:00Z,South Carolina Gamecocks,Kent State Golden Flashes,DraftKings,spreads,away,35.5,-108,1.925926,,-100000,5000,-35.5,35.5,-112,-108,54.5,-108,-112
2026_09_02_204543_686997,2026-09-02T20:45:43.686997+00:00,401856665,2026-09-05T16:45:00Z,South Carolina Gamecocks,Kent State Golden Flashes,DraftKings,totals,over,54.5,-108,1.925926,,-100000,5000,-35.5,35.5,-112,-108,54.5,-108,-112
2026_09_02_204543_686997,2026-09-02T20:45:43.686997+00:00,401856665,2026-09-05T16:45:00Z,South Carolina Gamecocks,Kent State Golden Flashes,DraftKings,totals,under,54.5,-112,1.892857,,-100000,5000,-35.5,35.5,-112,-108,54.5,-108,-112
2026_09_02_204543_686997,2026-09-02T20:45:43.686997+00:00,401856659,2026-09-05T17:00:00Z,Kentucky Wildcats,Youngstown State Penguins,DraftKings,h2h,home,,-3600,1.027778,,-3600,1500,-22.5,22.5,-110,-110,62.5,-110,-110
2026_09_02_204543_686997,2026-09-02T20:45:43.686997+00:00,401856659,2026-09-05T17:00:00Z,Kentucky Wildcats,Youngstown State Penguins,DraftKings,h2h,away,,1500,16,,-3600,1500,-22.5,22.5,-110,-110,62.5,-110,-110
2026_09_02_204543_686997,2026-09-02T20:45:43.686997+00:00,401856659,2026-09-05T17:00:00Z,Kentucky Wildcats,Youngstown State Penguins,DraftKings,spreads,home,-22.5,-110,1.909091,,-3600,1500,-22.5,22.5,-110,-110,62.5,-110,-110
2026_09_02_204543_686997,2026-09-02T20:45:43.686997+00:00,401856659,2026-09-05T17:00:00Z,Kentucky Wildcats,Youngstown State Penguins,DraftKings,spreads,away,22.5,-110,1.909091,,-3600,1500,-22.5,22.5,-110,-110,62.5,-110,-110
2026_09_02_204543_686997,2026-09-02T20:45:43.686997+00:00,401856659,2026-09-05T17:00:00Z,Kentucky Wildcats,Youngstown State Penguins,DraftKings,totals,over,62.5,-110,1.909091,,-3600,1500,-22.5,22.5,-110,-110,62.5,-110,-110
2026_09_02_204543_686997,2026-09-02T20:45:43.686997+00:00,401856659,2026-09-05T17:00:00Z,Kentucky Wildcats,Youngstown State Penguins,DraftKings,totals,under,62.5,-110,1.909091,,-3600,1500,-22.5,22.5,-110,-110,62.5,-110,-110
2026_09_02_204543_686997,2026-09-02T20:45:43.686997+00:00,401862698,2026-09-05T18:00:00Z,Temple Owls,Rhode Island Rams,DraftKings,h2h,home,,-750,1.133333,,-750,525,-14.5,14.5,-118,-102,51.5,-102,-118
2026_09_02_204543_686997,2026-09-02T20:45:43.686997+00:00,401862698,2026-09-05T18:00:00Z,Temple Owls,Rhode Island Rams,DraftKings,h2h,away,,525,6.25,,-750,525,-14.5,14.5,-118,-102,51.5,-102,-118
2026_09_02_204543_686997,2026-09-02T20:45:43.686997+00:00,401862698,2026-09-05T18:00:00Z,Temple Owls,Rhode Island Rams,DraftKings,spreads,home,-14.5,-118,1.847458,,-750,525,-14.5,14.5,-118,-102,51.5,-102,-118
2026_09_02_204543_686997,2026-09-02T20:45:43.686997+00:00,401862698,2026-09-05T18:00:00Z,Temple Owls,Rhode Island Rams,DraftKings,spreads,away,14.5,-102,1.980392,,-750,525,-14.5,14.5,-118,-102,51.5,-102,-118
2026_09_02_204543_686997,2026-09-02T20:45:43.686997+00:00,401862698,2026-09-05T18:00:00Z,Temple Owls,Rhode Island Rams,DraftKings,totals,over,51.5,-102,1.980392,,-750,525,-14.5,14.5,-118,-102,51.5,-102,-118
2026_09_02_204543_686997,2026-09-02T20:45:43.686997+00:00,401862698,2026-09-05T18:00:00Z,Temple Owls,Rhode Island Rams,DraftKings,totals,under,51.5,-118,1.847458,,-750,525,-14.5,14.5,-118,-102,51.5,-102,-118
2026_09_02_204543_686997,2026-09-02T20:45:43.686997+00:00,401856636,2026-09-05T19:30:00Z,Auburn Tigers,Baylor Bears,DraftKings,h2h,home,,-298,1.33557,,-298,240,-7.5,7.5,-108,-112,59.5,-105,-115
2026_09_02_204543_686997,2026-09-02T20:45:43.686997+00:00,401856636,2026-09-05T19:30:00Z,Auburn Tigers,Baylor Bears,DraftKings,h2h,away,,240,3.4,,-298,240,-7.5,7.5,-108,-112,59.5,-105,-115
2026_09_02_204543_686997,2026-09-02T20:45:43.686997+00:00,401856636,2026-09-05T19:30:00Z,Auburn Tigers,Baylor Bears,DraftKings,spreads,home,-7.5,-108,1.925926,,-298,240,-7.5,7.5,-108,-112,59.5,-105,-115
2026_09_02_204543_686997,2026-09-02T20:45:43.686997+00:00,401856636,2026-09-05T19:30:00Z,Auburn Tigers,Baylor Bears,DraftKings,spreads,away,7.5,-112,1.892857,,-298,240,-7.5,7.5,-108,-112,59.5,-105,-115
2026_09_02_204543_686997,2026-09-02T20:45:43.686997+00:00,401856636,2026-09-05T19:30:00Z,Auburn Tigers,Baylor Bears,DraftKings,totals,over,59.5,-105,1.952381,,-298,240,-7.5,7.5,-108,-112,59.5,-105,-115
2026_09_02_204543_686997,2026-09-02T20:45:43.686997+00:00,401856636,2026-09-05T19:30:00Z,Auburn Tigers,Baylor Bears,DraftKings,totals,under,59.5,-115,1.869565,,-298,240,-7.5,7.5,-108,-112,59.5,-105,-115
2026_09_02_204543_686997,2026-09-02T20:45:43.686997+00:00,401856667,2026-09-05T19:30:00Z,Texas Longhorns,Texas State Bobcats,DraftKings,h2h,home,,-9000,1.011111,,-9000,2500,-29.5,29.5,-110,-110,59.5,-108,-112
2026_09_02_204543_686997,2026-09-02T20:45:43.686997+00:00,401856667,2026-09-05T19:30:00Z,Texas Longhorns,Texas State Bobcats,DraftKings,h2h,away,,2500,26,,-9000,2500,-29.5,29.5,-110,-110,59.5,-108,-112
2026_09_02_204543_686997,2026-09-02T20:45:43.686997+00:00,401856667,2026-09-05T19:30:00Z,Texas Longhorns,Texas State Bobcats,DraftKings,spreads,home,-29.5,-110,1.909091,,-9000,2500,-29.5,29.5,-110,-110,59.5,-108,-112
2026_09_02_204543_686997,2026-09-02T20:45:43.686997+00:00,401856667,2026-09-05T19:30:00Z,Texas Longhorns,Texas State Bobcats,DraftKings,spreads,away,29.5,-110,1.909091,,-9000,2500,-29.5,29.5,-110,-110,59.5,-108,-112
2026_09_02_204543_686997,2026-09-02T20:45:43.686997+00:00,401856667,2026-09-05T19:30:00Z,Texas Longhorns,Texas State Bobcats,DraftKings,totals,over,59.5,-108,1.925926,,-9000,2500,-29.5,29.5,-110,-110,59.5,-108,-112
2026_09_02_204543_686997,2026-09-02T20:45:43.686997+00:00,401856667,2026-09-05T19:30:00Z,Texas Longhorns,Texas State Bobcats,DraftKings,totals,under,59.5,-112,1.892857,,-9000,2500,-29.5,29.5,-110,-110,59.5,-108,-112
2026_09_02_204543_686997,2026-09-02T20:45:43.686997+00:00,401862700,2026-09-05T19:30:00Z,UTSA Roadrunners,UT Rio Grande Valley Vaqueros,DraftKings,h2h,home,,-9000,1.011111,,-9000,2500,-28.5,28.5,-110,-110,59.5,-110,-110
2026_09_02_204543_686997,2026-09-02T20:45:43.686997+00:00,401862700,2026-09-05T19:30:00Z,UTSA Roadrunners,UT Rio Grande Valley Vaqueros,DraftKings,h2h,away,,2500,26,,-9000,2500,-28.5,28.5,-110,-110,59.5,-110,-110
2026_09_02_204543_686997,2026-09-02T20:45:43.686997+00:00,401862700,2026-09-05T19:30:00Z,UTSA Roadrunners,UT Rio Grande Valley Vaqueros,DraftKings,spreads,home,-28.5,-110,1.909091,,-9000,2500,-28.5,28.5,-110,-110,59.5,-110,-110
2026_09_02_204543_686997,2026-09-02T20:45:43.686997+00:00,401862700,2026-09-05T19:30:00Z,UTSA Roadrunners,UT Rio Grande Valley Vaqueros,DraftKings,spreads,away,28.5,-110,1.909091,,-9000,2500,-28.5,28.5,-110,-110,59.5,-110,-110
2026_09_02_204543_686997,2026-09-02T20:45:43.686997+00:00,401862700,2026-09-05T19:30:00Z,UTSA Roadrunners,UT Rio Grande Valley Vaqueros,DraftKings,totals,over,59.5,-110,1.909091,,-9000,2500,-28.5,28.5,-110,-110,59.5,-110,-110
2026_09_02_204543_686997,2026-09-02T20:45:43.686997+00:00,401862700,2026-09-05T19:30:00Z,UTSA Roadrunners,UT Rio Grande Valley Vaqueros,DraftKings,totals,under,59.5,-110,1.909091,,-9000,2500,-28.5,28.5,-110,-110,59.5,-110,-110
2026_09_02_204543_686997,2026-09-02T20:45:43.686997+00:00,401864499,2026-09-05T19:30:00Z,North Dakota State Bison,Fordham Rams,DraftKings,spreads,home,-41.5,-105,1.952381,,,,-41.5,41.5,-105,,57.5,-112,-108
2026_09_02_204543_686997,2026-09-02T20:45:43.686997+00:00,401864499,2026-09-05T19:30:00Z,North Dakota State Bison,Fordham Rams,DraftKings,spreads,away,41.5,,,,,,-41.5,41.5,-105,,57.5,-112,-108
2026_09_02_204543_686997,2026-09-02T20:45:43.686997+00:00,401864499,2026-09-05T19:30:00Z,North Dakota State Bison,Fordham Rams,DraftKings,totals,over,57.5,-112,1.892857,,,,-41.5,41.5,-105,,57.5,-112,-108
2026_09_02_204543_686997,2026-09-02T20:45:43.686997+00:00,401864499,2026-09-05T19:30:00Z,North Dakota State Bison,Fordham Rams,DraftKings,totals,under,57.5,-108,1.925926,,,,-41.5,41.5,-105,,57.5,-112,-108
2026_09_02_204543_686997,2026-09-02T20:45:43.686997+00:00,401856772,2026-09-05T19:45:00Z,Tulsa Golden Hurricane,Oklahoma State Cowboys,DraftKings,h2h,home,,425,5.25,,425,-575,13.5,-13.5,-102,-118,59.5,-105,-115
2026_09_02_204543_686997,2026-09-02T20:45:43.686997+00:00,401856772,2026-09-05T19:45:00Z,Tulsa Golden Hurricane,Oklahoma State Cowboys,DraftKings,h2h,away,,-575,1.173913,,425,-575,13.5,-13.5,-102,-118,59.5,-105,-115
2026_09_02_204543_686997,2026-09-02T20:45:43.686997+00:00,401856772,2026-09-05T19:45:00Z,Tulsa Golden Hurricane,Oklahoma State Cowboys,DraftKings,spreads,home,13.5,-102,1.980392,,425,-575,13.5,-13.5,-102,-118,59.5,-105,-115
2026_09_02_204543_686997,2026-09-02T20:45:43.686997+00:00,401856772,2026-09-05T19:45:00Z,Tulsa Golden Hurricane,Oklahoma State Cowboys,DraftKings,spreads,away,-13.5,-118,1.847458,,425,-575,13.5,-13.5,-102,-118,59.5,-105,-115
2026_09_02_204543_686997,2026-09-02T20:45:43.686997+00:00,401856772,2026-09-05T19:45:00Z,Tulsa Golden Hurricane,Oklahoma State Cowboys,DraftKings,totals,over,59.5,-105,1.952381,,425,-575,13.5,-13.5,-102,-118,59.5,-105,-115
2026_09_02_204543_686997,2026-09-02T20:45:43.686997+00:00,401856772,2026-09-05T19:45:00Z,Tulsa Golden Hurricane,Oklahoma State Cowboys,DraftKings,totals,under,59.5,-115,1.869565,,425,-575,13.5,-13.5,-102,-118,59.5,-105,-115
2026_09_02_204543_686997,2026-09-02T20:45:43.686997+00:00,401856658,2026-09-05T19:00:00Z,Georgia Bulldogs,Tennessee State Tigers,DraftKings,spreads,home,-46.5,-108,1.925926,,,,-46.5,46.5,-108,-112,56.5,-102,-118
2026_09_02_204543_686997,2026-09-02T20:45:43.686997+00:00,401856658,2026-09-05T19:00:00Z,Georgia Bulldogs,Tennessee State Tigers,DraftKings,spreads,away,46.5,-112,1.892857,,,,-46.5,46.5,-108,-112,56.5,-102,-118
2026_09_02_204543_686997,2026-09-02T20:45:43.686997+00:00,401856658,2026-09-05T19:00:00Z,Georgia Bulldogs,Tennessee State Tigers,DraftKings,totals,over,56.5,-102,1.980392,,,,-46.5,46.5,-108,-112,56.5,-102,-118
2026_09_02_204543_686997,2026-09-02T20:45:43.686997+00:00,401856658,2026-09-05T19:00:00Z,Georgia Bulldogs,Tennessee State Tigers,DraftKings,totals,under,56.5,-118,1.847458,,,,-46.5,46.5,-108,-112,56.5,-102,-118
2026_09_02_204543_686997,2026-09-02T20:45:43.686997+00:00,401856635,2026-09-05T20:15:00Z,Arkansas Razorbacks,North Alabama Lions,DraftKings,spreads,home,-40.5,-110,1.909091,,,,-40.5,40.5,-110,-110,63.5,-105,-115
2026_09_02_204543_686997,2026-09-02T20:45:43.686997+00:00,401856635,2026-09-05T20:15:00Z,Arkansas Razorbacks,North Alabama Lions,DraftKings,spreads,away,40.5,-110,1.909091,,,,-40.5,40.5,-110,-110,63.5,-105,-115
2026_09_02_204543_686997,2026-09-02T20:45:43.686997+00:00,401856635,2026-09-05T20:15:00Z,Arkansas Razorbacks,North Alabama Lions,DraftKings,totals,over,63.5,-105,1.952381,,,,-40.5,40.5,-110,-110,63.5,-105,-115
2026_09_02_204543_686997,2026-09-02T20:45:43.686997+00:00,401856635,2026-09-05T20:15:00Z,Arkansas Razorbacks,North Alabama Lions,DraftKings,totals,under,63.5,-115,1.869565,,,,-40.5,40.5,-110,-110,63.5,-105,-115
2026_09_02_204543_686997,2026-09-02T20:45:43.686997+00:00,401858426,2026-09-05T20:15:00Z,Iowa Hawkeyes,Northern Illinois Huskies,DraftKings,h2h,home,,-100000,1.001,,-100000,5000,-31.5,31.5,-105,-115,44.5,-110,-110
2026_09_02_204543_686997,2026-09-02T20:45:43.686997+00:00,401858426,2026-09-05T20:15:00Z,Iowa Hawkeyes,Northern Illinois Huskies,DraftKings,h2h,away,,5000,51,,-100000,5000,-31.5,31.5,-105,-115,44.5,-110,-110
2026_09_02_204543_686997,2026-09-02T20:45:43.686997+00:00,401858426,2026-09-05T20:15:00Z,Iowa Hawkeyes,Northern Illinois Huskies,DraftKings,spreads,home,-31.5,-105,1.952381,,-100000,5000,-31.5,31.5,-105,-115,44.5,-110,-110
2026_09_02_204543_686997,2026-09-02T20:45:43.686997+00:00,401858426,2026-09-05T20:15:00Z,Iowa Hawkeyes,Northern Illinois Huskies,DraftKings,spreads,away,31.5,-115,1.869565,,-100000,5000,-31.5,31.5,-105,-115,44.5,-110,-110
2026_09_02_204543_686997,2026-09-02T20:45:43.686997+00:00,401858426,2026-09-05T20:15:00Z,Iowa Hawkeyes,Northern Illinois Huskies,DraftKings,totals,over,44.5,-110,1.909091,,-100000,5000,-31.5,31.5,-105,-115,44.5,-110,-110
2026_09_02_204543_686997,2026-09-02T20:45:43.686997+00:00,401858426,2026-09-05T20:15:00Z,Iowa Hawkeyes,Northern Illinois Huskies,DraftKings,totals,under,44.5,-110,1.909091,,-100000,5000,-31.5,31.5,-105,-115,44.5,-110,-110
2026_09_02_204543_686997,2026-09-02T20:45:43.686997+00:00,401856666,2026-09-05T19:30:00Z,Tennessee Volunteers,Furman Paladins,DraftKings,spreads,home,-46.5,-110,1.909091,,,,-46.5,46.5,-110,-110,66.5,-112,-108
2026_09_02_204543_686997,2026-09-02T20:45:43.686997+00:00,401856666,2026-09-05T19:30:00Z,Tennessee Volunteers,Furman Paladins,DraftKings,spreads,away,46.5,-110,1.909091,,,,-46.5,46.5,-110,-110,66.5,-112,-108
2026_09_02_204543_686997,2026-09-02T20:45:43.686997+00:00,401856666,2026-09-05T19:30:00Z,Tennessee Volunteers,Furman Paladins,DraftKings,totals,over,66.5,-112,1.892857,,,,-46.5,46.5,-110,-110,66.5,-112,-108
2026_09_02_204543_686997,2026-09-02T20:45:43.686997+00:00,401856666,2026-09-05T19:30:00Z,Tennessee Volunteers,Furman Paladins,DraftKings,totals,under,66.5,-108,1.925926,,,,-46.5,46.5,-110,-110,66.5,-112,-108
2026_09_02_204543_686997,2026-09-02T20:45:43.686997+00:00,401856777,2026-09-05T19:30:00Z,Cincinnati Bearcats,Boston College Eagles,DraftKings,h2h,home,,-305,1.327869,,-305,245,-7.5,7.5,-108,-112,49.5,-108,-112
2026_09_02_204543_686997,2026-09-02T20:45:43.686997+00:00,401856777,2026-09-05T19:30:00Z,Cincinnati Bearcats,Boston College Eagles,DraftKings,h2h,away,,245,3.45,,-305,245,-7.5,7.5,-108,-112,49.5,-108,-112
2026_09_02_204543_686997,2026-09-02T20:45:43.686997+00:00,401856777,2026-09-05T19:30:00Z,Cincinnati Bearcats,Boston College Eagles,DraftKings,spreads,home,-7.5,-108,1.925926,,-305,245,-7.5,7.5,-108,-112,49.5,-108,-112
2026_09_02_204543_686997,2026-09-02T20:45:43.686997+00:00,401856777,2026-09-05T19:30:00Z,Cincinnati Bearcats,Boston College Eagles,DraftKings,spreads,away,7.5,-112,1.892857,,-305,245,-7.5,7.5,-108,-112,49.5,-108,-112
2026_09_02_204543_686997,2026-09-02T20:45:43.686997+00:00,401856777,2026-09-05T19:30:00Z,Cincinnati Bearcats,Boston College Eagles,DraftKings,totals,over,49.5,-108,1.925926,,-305,245,-7.5,7.5,-108,-112,49.5,-108,-112
2026_09_02_204543_686997,2026-09-02T20:45:43.686997+00:00,401856777,2026-09-05T19:30:00Z,Cincinnati Bearcats,Boston College Eagles,DraftKings,totals,under,49.5,-112,1.892857,,-305,245,-7.5,7.5,-108,-112,49.5,-108,-112
2026_09_02_204543_686997,2026-09-02T20:45:43.686997+00:00,401858209,2026-09-05T19:30:00Z,Duke Blue Devils,Tulane Green Wave,DraftKings,h2h,home,,-325,1.307692,,-325,260,-7.5,7.5,-112,-108,51.5,-105,-115
2026_09_02_204543_686997,2026-09-02T20:45:43.686997+00:00,401858209,2026-09-05T19:30:00Z,Duke Blue Devils,Tulane Green Wave,DraftKings,h2h,away,,260,3.6,,-325,260,-7.5,7.5,-112,-108,51.5,-105,-115
2026_09_02_204543_686997,2026-09-02T20:45:43.686997+00:00,401858209,2026-09-05T19:30:00Z,Duke Blue Devils,Tulane Green Wave,DraftKings,spreads,home,-7.5,-112,1.892857,,-325,260,-7.5,7.5,-112,-108,51.5,-105,-115
2026_09_02_204543_686997,2026-09-02T20:45:43.686997+00:00,401858209,2026-09-05T19:30:00Z,Duke Blue Devils,Tulane Green Wave,DraftKings,spreads,away,7.5,-108,1.925926,,-325,260,-7.5,7.5,-112,-108,51.5,-105,-115
2026_09_02_204543_686997,2026-09-02T20:45:43.686997+00:00,401858209,2026-09-05T19:30:00Z,Duke Blue Devils,Tulane Green Wave,DraftKings,totals,over,51.5,-105,1.952381,,-325,260,-7.5,7.5,-112,-108,51.5,-105,-115
2026_09_02_204543_686997,2026-09-02T20:45:43.686997+00:00,401858209,2026-09-05T19:30:00Z,Duke Blue Devils,Tulane Green Wave,DraftKings,totals,under,51.5,-115,1.869565,,-325,260,-7.5,7.5,-112,-108,51.5,-105,-115
2026_09_02_204543_686997,2026-09-02T20:45:43.686997+00:00,401858434,2026-09-05T19:30:00Z,Penn State Nittany Lions,Marshall Thundering Herd,DraftKings,h2h,home,,-2800,1.035714,,-2800,1300,-24.5,24.5,-105,-115,52.5,-102,-118
2026_09_02_204543_686997,2026-09-02T20:45:43.686997+00:00,401858434,2026-09-05T19:30:00Z,Penn State Nittany Lions,Marshall Thundering Herd,DraftKings,h2h,away,,1300,14,,-2800,1300,-24.5,24.5,-105,-115,52.5,-102,-118
2026_09_02_204543_686997,2026-09-02T20:45:43.686997+00:00,401858434,2026-09-05T19:30:00Z,Penn State Nittany Lions,Marshall Thundering Herd,DraftKings,spreads,home,-24.5,-105,1.952381,,-2800,1300,-24.5,24.5,-105,-115,52.5,-102,-118
2026_09_02_204543_686997,2026-09-02T20:45:43.686997+00:00,401858434,2026-09-05T19:30:00Z,Penn State Nittany Lions,Marshall Thundering Herd,DraftKings,spreads,away,24.5,-115,1.869565,,-2800,1300,-24.5,24.5,-105,-115,52.5,-102,-118
2026_09_02_204543_686997,2026-09-02T20:45:43.686997+00:00,401858434,2026-09-05T19:30:00Z,Penn State Nittany Lions,Marshall Thundering Herd,DraftKings,totals,over,52.5,-102,1.980392,,-2800,1300,-24.5,24.5,-105,-115,52.5,-102,-118
2026_09_02_204543_686997,2026-09-02T20:45:43.686997+00:00,401858434,2026-09-05T19:30:00Z,Penn State Nittany Lions,Marshall Thundering Herd,DraftKings,totals,under,52.5,-118,1.847458,,-2800,1300,-24.5,24.5,-105,-115,52.5,-102,-118
2026_09_02_204543_686997,2026-09-02T20:45:43.686997+00:00,401862694,2026-09-05T19:30:00Z,Charlotte 49ers,The Citadel Bulldogs,DraftKings,h2h,home,,-1650,1.060606,,-1650,950,-20.5,20.5,-105,-115,46.5,-108,-112
2026_09_02_204543_686997,2026-09-02T20:45:43.686997+00:00,401862694,2026-09-05T19:30:00Z,Charlotte 49ers,The Citadel Bulldogs,DraftKings,h2h,away,,950,10.5,,-1650,950,-20.5,20.5,-105,-115,46.5,-108,-112
2026_09_02_204543_686997,2026-09-02T20:45:43.686997+00:00,401862694,2026-09-05T19:30:00Z,Charlotte 49ers,The Citadel Bulldogs,DraftKings,spreads,home,-20.5,-105,1.952381,,-1650,950,-20.5,20.5,-105,-115,46.5,-108,-112
2026_09_02_204543_686997,2026-09-02T20:45:43.686997+00:00,401862694,2026-09-05T19:30:00Z,Charlotte 49ers,The Citadel Bulldogs,DraftKings,spreads,away,20.5,-115,1.869565,,-1650,950,-20.5,20.5,-105,-115,46.5,-108,-112
2026_09_02_204543_686997,2026-09-02T20:45:43.686997+00:00,401862694,2026-09-05T19:30:00Z,Charlotte 49ers,The Citadel Bulldogs,DraftKings,totals,over,46.5,-108,1.925926,,-1650,950,-20.5,20.5,-105,-115,46.5,-108,-112
2026_09_02_204543_686997,2026-09-02T20:45:43.686997+00:00,401862694,2026-09-05T19:30:00Z,Charlotte 49ers,The Citadel Bulldogs,DraftKings,totals,under,46.5,-112,1.892857,,-1650,950,-20.5,20.5,-105,-115,46.5,-108,-112
2026_09_02_204543_686997,2026-09-02T20:45:43.686997+00:00,401862696,2026-09-05T19:30:00Z,Navy Midshipmen,Towson Tigers,DraftKings,h2h,home,,-50000,1.002,,-50000,4000,-30.5,30.5,-112,-108,50.5,-115,-105
2026_09_02_204543_686997,2026-09-02T20:45:43.686997+00:00,401862696,2026-09-05T19:30:00Z,Navy Midshipmen,Towson Tigers,DraftKings,h2h,away,,4000,41,,-50000,4000,-30.5,30.5,-112,-108,50.5,-115,-105
2026_09_02_204543_686997,2026-09-02T20:45:43.686997+00:00,401862696,2026-09-05T19:30:00Z,Navy Midshipmen,Towson Tigers,DraftKings,spreads,home,-30.5,-112,1.892857,,-50000,4000,-30.5,30.5,-112,-108,50.5,-115,-105
2026_09_02_204543_686997,2026-09-02T20:45:43.686997+00:00,401862696,2026-09-05T19:30:00Z,Navy Midshipmen,Towson Tigers,DraftKings,spreads,away,30.5,-108,1.925926,,-50000,4000,-30.5,30.5,-112,-108,50.5,-115,-105
2026_09_02_204543_686997,2026-09-02T20:45:43.686997+00:00,401862696,2026-09-05T19:30:00Z,Navy Midshipmen,Towson Tigers,DraftKings,totals,over,50.5,-115,1.869565,,-50000,4000,-30.5,30.5,-112,-108,50.5,-115,-105
2026_09_02_204543_686997,2026-09-02T20:45:43.686997+00:00,401862696,2026-09-05T19:30:00Z,Navy Midshipmen,Towson Tigers,DraftKings,totals,under,50.5,-105,1.952381,,-50000,4000,-30.5,30.5,-112,-108,50.5,-115,-105
2026_09_02_204543_686997,2026-09-02T20:45:43.686997+00:00,401866627,2026-09-05T19:30:00Z,App State Mountaineers,Maine Black Bears,DraftKings,h2h,home,,-1100,1.090909,,-1100,700,-19.5,19.5,-112,-108,53.5,-110,-110
2026_09_02_204543_686997,2026-09-02T20:45:43.686997+00:00,401866627,2026-09-05T19:30:00Z,App State Mountaineers,Maine Black Bears,DraftKings,h2h,away,,700,8,,-1100,700,-19.5,19.5,-112,-108,53.5,-110,-110
2026_09_02_204543_686997,2026-09-02T20:45:43.686997+00:00,401866627,2026-09-05T19:30:00Z,App State Mountaineers,Maine Black Bears,DraftKings,spreads,home,-19.5,-112,1.892857,,-1100,700,-19.5,19.5,-112,-108,53.5,-110,-110
2026_09_02_204543_686997,2026-09-02T20:45:43.686997+00:00,401866627,2026-09-05T19:30:00Z,App State Mountaineers,Maine Black Bears,DraftKings,spreads,away,19.5,-108,1.925926,,-1100,700,-19.5,19.5,-112,-108,53.5,-110,-110
2026_09_02_204543_686997,2026-09-02T20:45:43.686997+00:00,401866627,2026-09-05T19:30:00Z,App State Mountaineers,Maine Black Bears,DraftKings,totals,over,53.5,-110,1.909091,,-1100,700,-19.5,19.5,-112,-108,53.5,-110,-110
2026_09_02_204543_686997,2026-09-02T20:45:43.686997+00:00,401866627,2026-09-05T19:30:00Z,App State Mountaineers,Maine Black Bears,DraftKings,totals,under,53.5,-110,1.909091,,-1100,700,-19.5,19.5,-112,-108,53.5,-110,-110
2026_09_02_204543_686997,2026-09-02T20:45:43.686997+00:00,401860878,2026-09-05T22:00:00Z,Colorado State Rams,Wyoming Cowboys,DraftKings,h2h,home,,-162,1.617284,,-162,136,-3,3,-112,-108,46.5,-110,-110
2026_09_02_204543_686997,2026-09-02T20:45:43.686997+00:00,401860878,2026-09-05T22:00:00Z,Colorado State Rams,Wyoming Cowboys,DraftKings,h2h,away,,136,2.36,,-162,136,-3,3,-112,-108,46.5,-110,-110
2026_09_02_204543_686997,2026-09-02T20:45:43.686997+00:00,401860878,2026-09-05T22:00:00Z,Colorado State Rams,Wyoming Cowboys,DraftKings,spreads,home,-3,-112,1.892857,,-162,136,-3,3,-112,-108,46.5,-110,-110
2026_09_02_204543_686997,2026-09-02T20:45:43.686997+00:00,401860878,2026-09-05T22:00:00Z,Colorado State Rams,Wyoming Cowboys,DraftKings,spreads,away,3,-108,1.925926,,-162,136,-3,3,-112,-108,46.5,-110,-110
2026_09_02_204543_686997,2026-09-02T20:45:43.686997+00:00,401860878,2026-09-05T22:00:00Z,Colorado State Rams,Wyoming Cowboys,DraftKings,totals,over,46.5,-110,1.909091,,-162,136,-3,3,-112,-108,46.5,-110,-110
2026_09_02_204543_686997,2026-09-02T20:45:43.686997+00:00,401860878,2026-09-05T22:00:00Z,Colorado State Rams,Wyoming Cowboys,DraftKings,totals,under,46.5,-110,1.909091,,-162,136,-3,3,-112,-108,46.5,-110,-110
2026_09_02_204543_686997,2026-09-02T20:45:43.686997+00:00,401864497,2026-09-06T02:00:00Z,Hawai'i Rainbow Warriors,UNLV Rebels,DraftKings,h2h,home,,130,2.3,,130,-155,3,-3,-108,-112,56.5,-105,-115
2026_09_02_204543_686997,2026-09-02T20:45:43.686997+00:00,401864497,2026-09-06T02:00:00Z,Hawai'i Rainbow Warriors,UNLV Rebels,DraftKings,h2h,away,,-155,1.645161,,130,-155,3,-3,-108,-112,56.5,-105,-115
2026_09_02_204543_686997,2026-09-02T20:45:43.686997+00:00,401864497,2026-09-06T02:00:00Z,Hawai'i Rainbow Warriors,UNLV Rebels,DraftKings,spreads,home,3,-108,1.925926,,130,-155,3,-3,-108,-112,56.5,-105,-115
2026_09_02_204543_686997,2026-09-02T20:45:43.686997+00:00,401864497,2026-09-06T02:00:00Z,Hawai'i Rainbow Warriors,UNLV Rebels,DraftKings,spreads,away,-3,-112,1.892857,,130,-155,3,-3,-108,-112,56.5,-105,-115
2026_09_02_204543_686997,2026-09-02T20:45:43.686997+00:00,401864497,2026-09-06T02:00:00Z,Hawai'i Rainbow Warriors,UNLV Rebels,DraftKings,totals,over,56.5,-105,1.952381,,130,-155,3,-3,-108,-112,56.5,-105,-115
2026_09_02_204543_686997,2026-09-02T20:45:43.686997+00:00,401864497,2026-09-06T02:00:00Z,Hawai'i Rainbow Warriors,UNLV Rebels,DraftKings,totals,under,56.5,-115,1.869565,,130,-155,3,-3,-108,-112,56.5,-105,-115
2026_09_02_204543_686997,2026-09-02T20:45:43.686997+00:00,401868356,2026-09-05T21:00:00Z,Southern Miss Golden Eagles,Alcorn State Braves,DraftKings,h2h,home,,-1200,1.083333,,-1200,750,-20.5,20.5,-102,-118,50.5,-110,-110
2026_09_02_204543_686997,2026-09-02T20:45:43.686997+00:00,401868356,2026-09-05T21:00:00Z,Southern Miss Golden Eagles,Alcorn State Braves,DraftKings,h2h,away,,750,8.5,,-1200,750,-20.5,20.5,-102,-118,50.5,-110,-110
2026_09_02_204543_686997,2026-09-02T20:45:43.686997+00:00,401868356,2026-09-05T21:00:00Z,Southern Miss Golden Eagles,Alcorn State Braves,DraftKings,spreads,home,-20.5,-102,1.980392,,-1200,750,-20.5,20.5,-102,-118,50.5,-110,-110
2026_09_02_204543_686997,2026-09-02T20:45:43.686997+00:00,401868356,2026-09-05T21:00:00Z,Southern Miss Golden Eagles,Alcorn State Braves,DraftKings,spreads,away,20.5,-118,1.847458,,-1200,750,-20.5,20.5,-102,-118,50.5,-110,-110
2026_09_02_204543_686997,2026-09-02T20:45:43.686997+00:00,401868356,2026-09-05T21:00:00Z,Southern Miss Golden Eagles,Alcorn State Braves,DraftKings,totals,over,50.5,-110,1.909091,,-1200,750,-20.5,20.5,-102,-118,50.5,-110,-110
2026_09_02_204543_686997,2026-09-02T20:45:43.686997+00:00,401868356,2026-09-05T21:00:00Z,Southern Miss Golden Eagles,Alcorn State Braves,DraftKings,totals,under,50.5,-110,1.909091,,-1200,750,-20.5,20.5,-102,-118,50.5,-110,-110
2026_09_02_204543_686997,2026-09-02T20:45:43.686997+00:00,401860880,2026-09-05T23:00:00Z,Utah State Aggies,Idaho State Bengals,DraftKings,h2h,home,,-535,1.186916,,-535,400,-13.5,13.5,-110,-110,62.5,-112,-108
2026_09_02_204543_686997,2026-09-02T20:45:43.686997+00:00,401860880,2026-09-05T23:00:00Z,Utah State Aggies,Idaho State Bengals,DraftKings,h2h,away,,400,5,,-535,400,-13.5,13.5,-110,-110,62.5,-112,-108
2026_09_02_204543_686997,2026-09-02T20:45:43.686997+00:00,401860880,2026-09-05T23:00:00Z,Utah State Aggies,Idaho State Bengals,DraftKings,spreads,home,-13.5,-110,1.909091,,-535,400,-13.5,13.5,-110,-110,62.5,-112,-108
2026_09_02_204543_686997,2026-09-02T20:45:43.686997+00:00,401860880,2026-09-05T23:00:00Z,Utah State Aggies,Idaho State Bengals,DraftKings,spreads,away,13.5,-110,1.909091,,-535,400,-13.5,13.5,-110,-110,62.5,-112,-108
2026_09_02_204543_686997,2026-09-02T20:45:43.686997+00:00,401860880,2026-09-05T23:00:00Z,Utah State Aggies,Idaho State Bengals,DraftKings,totals,over,62.5,-112,1.892857,,-535,400,-13.5,13.5,-110,-110,62.5,-112,-108
2026_09_02_204543_686997,2026-09-02T20:45:43.686997+00:00,401860880,2026-09-05T23:00:00Z,Utah State Aggies,Idaho State Bengals,DraftKings,totals,under,62.5,-108,1.925926,,-535,400,-13.5,13.5,-110,-110,62.5,-112,-108
2026_09_02_204543_686997,2026-09-02T20:45:43.686997+00:00,401856668,2026-09-05T23:00:00Z,Texas A&M Aggies,Missouri State Bears,DraftKings,spreads,home,-40.5,-115,1.869565,,,,-40.5,40.5,-115,-105,53.5,-112,-108
2026_09_02_204543_686997,2026-09-02T20:45:43.686997+00:00,401856668,2026-09-05T23:00:00Z,Texas A&M Aggies,Missouri State Bears,DraftKings,spreads,away,40.5,-105,1.952381,,,,-40.5,40.5,-115,-105,53.5,-112,-108
2026_09_02_204543_686997,2026-09-02T20:45:43.686997+00:00,401856668,2026-09-05T23:00:00Z,Texas A&M Aggies,Missouri State Bears,DraftKings,totals,over,53.5,-112,1.892857,,,,-40.5,40.5,-115,-105,53.5,-112,-108
2026_09_02_204543_686997,2026-09-02T20:45:43.686997+00:00,401856668,2026-09-05T23:00:00Z,Texas A&M Aggies,Missouri State Bears,DraftKings,totals,under,53.5,-108,1.925926,,,,-40.5,40.5,-115,-105,53.5,-112,-108
2026_09_02_204543_686997,2026-09-02T20:45:43.686997+00:00,401856669,2026-09-05T23:00:00Z,Vanderbilt Commodores,Austin Peay Governors,DraftKings,h2h,home,,-4500,1.022222,,-4500,1700,-29.5,29.5,102,-122,60.5,-108,-112
2026_09_02_204543_686997,2026-09-02T20:45:43.686997+00:00,401856669,2026-09-05T23:00:00Z,Vanderbilt Commodores,Austin Peay Governors,DraftKings,h2h,away,,1700,18,,-4500,1700,-29.5,29.5,102,-122,60.5,-108,-112
2026_09_02_204543_686997,2026-09-02T20:45:43.686997+00:00,401856669,2026-09-05T23:00:00Z,Vanderbilt Commodores,Austin Peay Governors,DraftKings,spreads,home,-29.5,102,2.02,,-4500,1700,-29.5,29.5,102,-122,60.5,-108,-112
2026_09_02_204543_686997,2026-09-02T20:45:43.686997+00:00,401856669,2026-09-05T23:00:00Z,Vanderbilt Commodores,Austin Peay Governors,DraftKings,spreads,away,29.5,-122,1.819672,,-4500,1700,-29.5,29.5,102,-122,60.5,-108,-112
2026_09_02_204543_686997,2026-09-02T20:45:43.686997+00:00,401856669,2026-09-05T23:00:00Z,Vanderbilt Commodores,Austin Peay Governors,DraftKings,totals,over,60.5,-108,1.925926,,-4500,1700,-29.5,29.5,102,-122,60.5,-108,-112
2026_09_02_204543_686997,2026-09-02T20:45:43.686997+00:00,401856669,2026-09-05T23:00:00Z,Vanderbilt Commodores,Austin Peay Governors,DraftKings,totals,under,60.5,-112,1.892857,,-4500,1700,-29.5,29.5,102,-122,60.5,-108,-112
2026_09_02_204543_686997,2026-09-02T20:45:43.686997+00:00,401856770,2026-09-05T23:00:00Z,Texas Tech Red Raiders,Abilene Christian Wildcats,DraftKings,spreads,home,-42.5,-112,1.892857,,,,-42.5,42.5,-112,-108,59.5,-105,-115
2026_09_02_204543_686997,2026-09-02T20:45:43.686997+00:00,401856770,2026-09-05T23:00:00Z,Texas Tech Red Raiders,Abilene Christian Wildcats,DraftKings,spreads,away,42.5,-108,1.925926,,,,-42.5,42.5,-112,-108,59.5,-105,-115
2026_09_02_204543_686997,2026-09-02T20:45:43.686997+00:00,401856770,2026-09-05T23:00:00Z,Texas Tech Red Raiders,Abilene Christian Wildcats,DraftKings,totals,over,59.5,-105,1.952381,,,,-42.5,42.5,-112,-108,59.5,-105,-115
2026_09_02_204543_686997,2026-09-02T20:45:43.686997+00:00,401856770,2026-09-05T23:00:00Z,Texas Tech Red Raiders,Abilene Christian Wildcats,DraftKings,totals,under,59.5,-115,1.869565,,,,-42.5,42.5,-112,-108,59.5,-105,-115
2026_09_02_204543_686997,2026-09-02T20:45:43.686997+00:00,401856771,2026-09-05T23:00:00Z,Kansas State Wildcats,Nicholls Colonels,DraftKings,spreads,home,-40.5,-115,1.869565,,,,-40.5,40.5,-115,-105,54.5,-120,100
2026_09_02_204543_686997,2026-09-02T20:45:43.686997+00:00,401856771,2026-09-05T23:00:00Z,Kansas State Wildcats,Nicholls Colonels,DraftKings,spreads,away,40.5,-105,1.952381,,,,-40.5,40.5,-115,-105,54.5,-120,100
2026_09_02_204543_686997,2026-09-02T20:45:43.686997+00:00,401856771,2026-09-05T23:00:00Z,Kansas State Wildcats,Nicholls Colonels,DraftKings,totals,over,54.5,-120,1.833333,,,,-40.5,40.5,-115,-105,54.5,-120,100
2026_09_02_204543_686997,2026-09-02T20:45:43.686997+00:00,401856771,2026-09-05T23:00:00Z,Kansas State Wildcats,Nicholls Colonels,DraftKings,totals,under,54.5,100,2,,,,-40.5,40.5,-115,-105,54.5,-120,100
2026_09_02_204543_686997,2026-09-02T20:45:43.686997+00:00,401856775,2026-09-06T00:00:00Z,BYU Cougars,Utah Tech Trailblazers,DraftKings,spreads,home,-51.5,-110,1.909091,,,,-51.5,51.5,-110,-110,61.5,-110,-110
2026_09_02_204543_686997,2026-09-02T20:45:43.686997+00:00,401856775,2026-09-06T00:00:00Z,BYU Cougars,Utah Tech Trailblazers,DraftKings,spreads,away,51.5,-110,1.909091,,,,-51.5,51.5,-110,-110,61.5,-110,-110
2026_09_02_204543_686997,2026-09-02T20:45:43.686997+00:00,401856775,2026-09-06T00:00:00Z,BYU Cougars,Utah Tech Trailblazers,DraftKings,totals,over,61.5,-110,1.909091,,,,-51.5,51.5,-110,-110,61.5,-110,-110
2026_09_02_204543_686997,2026-09-02T20:45:43.686997+00:00,401856775,2026-09-06T00:00:00Z,BYU Cougars,Utah Tech Trailblazers,DraftKings,totals,under,61.5,-110,1.909091,,,,-51.5,51.5,-110,-110,61.5,-110,-110
2026_09_02_204543_686997,2026-09-02T20:45:43.686997+00:00,401862695,2026-09-05T23:00:00Z,Memphis Tigers,Arkansas State Red Wolves,DraftKings,h2h,home,,-470,1.212766,,-470,360,-11.5,11.5,-110,-110,52.5,-108,-112
2026_09_02_204543_686997,2026-09-02T20:45:43.686997+00:00,401862695,2026-09-05T23:00:00Z,Memphis Tigers,Arkansas State Red Wolves,DraftKings,h2h,away,,360,4.6,,-470,360,-11.5,11.5,-110,-110,52.5,-108,-112
2026_09_02_204543_686997,2026-09-02T20:45:43.686997+00:00,401862695,2026-09-05T23:00:00Z,Memphis Tigers,Arkansas State Red Wolves,DraftKings,spreads,home,-11.5,-110,1.909091,,-470,360,-11.5,11.5,-110,-110,52.5,-108,-112
2026_09_02_204543_686997,2026-09-02T20:45:43.686997+00:00,401862695,2026-09-05T23:00:00Z,Memphis Tigers,Arkansas State Red Wolves,DraftKings,spreads,away,11.5,-110,1.909091,,-470,360,-11.5,11.5,-110,-110,52.5,-108,-112
2026_09_02_204543_686997,2026-09-02T20:45:43.686997+00:00,401862695,2026-09-05T23:00:00Z,Memphis Tigers,Arkansas State Red Wolves,DraftKings,totals,over,52.5,-108,1.925926,,-470,360,-11.5,11.5,-110,-110,52.5,-108,-112
2026_09_02_204543_686997,2026-09-02T20:45:43.686997+00:00,401862695,2026-09-05T23:00:00Z,Memphis Tigers,Arkansas State Red Wolves,DraftKings,totals,under,52.5,-112,1.892857,,-470,360,-11.5,11.5,-110,-110,52.5,-108,-112
2026_09_02_204543_686997,2026-09-02T20:45:43.686997+00:00,401862697,2026-09-05T23:00:00Z,Rice Owls,Houston Christian Huskies,DraftKings,h2h,home,,-2100,1.047619,,-2100,1100,-22.5,22.5,-108,-112,47.5,-108,-112
2026_09_02_204543_686997,2026-09-02T20:45:43.686997+00:00,401862697,2026-09-05T23:00:00Z,Rice Owls,Houston Christian Huskies,DraftKings,h2h,away,,1100,12,,-2100,1100,-22.5,22.5,-108,-112,47.5,-108,-112
2026_09_02_204543_686997,2026-09-02T20:45:43.686997+00:00,401862697,2026-09-05T23:00:00Z,Rice Owls,Houston Christian Huskies,DraftKings,spreads,home,-22.5,-108,1.925926,,-2100,1100,-22.5,22.5,-108,-112,47.5,-108,-112
2026_09_02_204543_686997,2026-09-02T20:45:43.686997+00:00,401862697,2026-09-05T23:00:00Z,Rice Owls,Houston Christian Huskies,DraftKings,spreads,away,22.5,-112,1.892857,,-2100,1100,-22.5,22.5,-108,-112,47.5,-108,-112
2026_09_02_204543_686997,2026-09-02T20:45:43.686997+00:00,401862697,2026-09-05T23:00:00Z,Rice Owls,Houston Christian Huskies,DraftKings,totals,over,47.5,-108,1.925926,,-2100,1100,-22.5,22.5,-108,-112,47.5,-108,-112
2026_09_02_204543_686997,2026-09-02T20:45:43.686997+00:00,401862697,2026-09-05T23:00:00Z,Rice Owls,Houston Christian Huskies,DraftKings,totals,under,47.5,-112,1.892857,,-2100,1100,-22.5,22.5,-108,-112,47.5,-108,-112
2026_09_02_204543_686997,2026-09-02T20:45:43.686997+00:00,401867866,2026-09-05T23:00:00Z,Middle Tennessee Blue Raiders,Murray State Racers,DraftKings,h2h,home,,-2100,1.047619,,-2100,1100,-20.5,20.5,-122,102,59.5,-108,-112
2026_09_02_204543_686997,2026-09-02T20:45:43.686997+00:00,401867866,2026-09-05T23:00:00Z,Middle Tennessee Blue Raiders,Murray State Racers,DraftKings,h2h,away,,1100,12,,-2100,1100,-20.5,20.5,-122,102,59.5,-108,-112
2026_09_02_204543_686997,2026-09-02T20:45:43.686997+00:00,401867866,2026-09-05T23:00:00Z,Middle Tennessee Blue Raiders,Murray State Racers,DraftKings,spreads,home,-20.5,-122,1.819672,,-2100,1100,-20.5,20.5,-122,102,59.5,-108,-112
2026_09_02_204543_686997,2026-09-02T20:45:43.686997+00:00,401867866,2026-09-05T23:00:00Z,Middle Tennessee Blue Raiders,Murray State Racers,DraftKings,spreads,away,20.5,102,2.02,,-2100,1100,-20.5,20.5,-122,102,59.5,-108,-112
2026_09_02_204543_686997,2026-09-02T20:45:43.686997+00:00,401867866,2026-09-05T23:00:00Z,Middle Tennessee Blue Raiders,Murray State Racers,DraftKings,totals,over,59.5,-108,1.925926,,-2100,1100,-20.5,20.5,-122,102,59.5,-108,-112
2026_09_02_204543_686997,2026-09-02T20:45:43.686997+00:00,401867866,2026-09-05T23:00:00Z,Middle Tennessee Blue Raiders,Murray State Racers,DraftKings,totals,under,59.5,-112,1.892857,,-2100,1100,-20.5,20.5,-122,102,59.5,-108,-112
2026_09_02_204543_686997,2026-09-02T20:45:43.686997+00:00,401867973,2026-09-05T22:00:00Z,Old Dominion Monarchs,Norfolk State Spartans,DraftKings,spreads,home,-40.5,-115,1.869565,,,,-40.5,40.5,-115,-105,52.5,-112,-108
2026_09_02_204543_686997,2026-09-02T20:45:43.686997+00:00,401867973,2026-09-05T22:00:00Z,Old Dominion Monarchs,Norfolk State Spartans,DraftKings,spreads,away,40.5,-105,1.952381,,,,-40.5,40.5,-115,-105,52.5,-112,-108
2026_09_02_204543_686997,2026-09-02T20:45:43.686997+00:00,401867973,2026-09-05T22:00:00Z,Old Dominion Monarchs,Norfolk State Spartans,DraftKings,totals,over,52.5,-112,1.892857,,,,-40.5,40.5,-115,-105,52.5,-112,-108
2026_09_02_204543_686997,2026-09-02T20:45:43.686997+00:00,401867973,2026-09-05T22:00:00Z,Old Dominion Monarchs,Norfolk State Spartans,DraftKings,totals,under,52.5,-108,1.925926,,,,-40.5,40.5,-115,-105,52.5,-112,-108
2026_09_02_204543_686997,2026-09-02T20:45:43.686997+00:00,401868140,2026-09-05T23:00:00Z,Jacksonville State Gamecocks,Eastern Kentucky Colonels,DraftKings,h2h,home,,-2100,1.047619,,-2100,1100,-20.5,20.5,-112,-108,54.5,-105,-115
2026_09_02_204543_686997,2026-09-02T20:45:43.686997+00:00,401868140,2026-09-05T23:00:00Z,Jacksonville State Gamecocks,Eastern Kentucky Colonels,DraftKings,h2h,away,,1100,12,,-2100,1100,-20.5,20.5,-112,-108,54.5,-105,-115
2026_09_02_204543_686997,2026-09-02T20:45:43.686997+00:00,401868140,2026-09-05T23:00:00Z,Jacksonville State Gamecocks,Eastern Kentucky Colonels,DraftKings,spreads,home,-20.5,-112,1.892857,,-2100,1100,-20.5,20.5,-112,-108,54.5,-105,-115
2026_09_02_204543_686997,2026-09-02T20:45:43.686997+00:00,401868140,2026-09-05T23:00:00Z,Jacksonville State Gamecocks,Eastern Kentucky Colonels,DraftKings,spreads,away,20.5,-108,1.925926,,-2100,1100,-20.5,20.5,-112,-108,54.5,-105,-115
2026_09_02_204543_686997,2026-09-02T20:45:43.686997+00:00,401868140,2026-09-05T23:00:00Z,Jacksonville State Gamecocks,Eastern Kentucky Colonels,DraftKings,totals,over,54.5,-105,1.952381,,-2100,1100,-20.5,20.5,-112,-108,54.5,-105,-115
2026_09_02_204543_686997,2026-09-02T20:45:43.686997+00:00,401868140,2026-09-05T23:00:00Z,Jacksonville State Gamecocks,Eastern Kentucky Colonels,DraftKings,totals,under,54.5,-115,1.869565,,-2100,1100,-20.5,20.5,-112,-108,54.5,-105,-115
2026_09_02_204543_686997,2026-09-02T20:45:43.686997+00:00,401868316,2026-09-05T23:00:00Z,South Alabama Jaguars,SE Louisiana Lions,DraftKings,h2h,home,,-600,1.166667,,-600,440,-12.5,12.5,-112,-108,52.5,-108,-112
2026_09_02_204543_686997,2026-09-02T20:45:43.686997+00:00,401868316,2026-09-05T23:00:00Z,South Alabama Jaguars,SE Louisiana Lions,DraftKings,h2h,away,,440,5.4,,-600,440,-12.5,12.5,-112,-108,52.5,-108,-112
2026_09_02_204543_686997,2026-09-02T20:45:43.686997+00:00,401868316,2026-09-05T23:00:00Z,South Alabama Jaguars,SE Louisiana Lions,DraftKings,spreads,home,-12.5,-112,1.892857,,-600,440,-12.5,12.5,-112,-108,52.5,-108,-112
2026_09_02_204543_686997,2026-09-02T20:45:43.686997+00:00,401868316,2026-09-05T23:00:00Z,South Alabama Jaguars,SE Louisiana Lions,DraftKings,spreads,away,12.5,-108,1.925926,,-600,440,-12.5,12.5,-112,-108,52.5,-108,-112
2026_09_02_204543_686997,2026-09-02T20:45:43.686997+00:00,401868316,2026-09-05T23:00:00Z,South Alabama Jaguars,SE Louisiana Lions,DraftKings,totals,over,52.5,-108,1.925926,,-600,440,-12.5,12.5,-112,-108,52.5,-108,-112
2026_09_02_204543_686997,2026-09-02T20:45:43.686997+00:00,401868316,2026-09-05T23:00:00Z,South Alabama Jaguars,SE Louisiana Lions,DraftKings,totals,under,52.5,-112,1.892857,,-600,440,-12.5,12.5,-112,-108,52.5,-108,-112
2026_09_02_204543_686997,2026-09-02T20:45:43.686997+00:00,401870763,2026-09-05T23:00:00Z,Troy Trojans,Sam Houston Bearkats,DraftKings,h2h,home,,-900,1.111111,,-900,600,-16.5,16.5,-118,-102,54.5,-105,-115
2026_09_02_204543_686997,2026-09-02T20:45:43.686997+00:00,401870763,2026-09-05T23:00:00Z,Troy Trojans,Sam Houston Bearkats,DraftKings,h2h,away,,600,7,,-900,600,-16.5,16.5,-118,-102,54.5,-105,-115
2026_09_02_204543_686997,2026-09-02T20:45:43.686997+00:00,401870763,2026-09-05T23:00:00Z,Troy Trojans,Sam Houston Bearkats,DraftKings,spreads,home,-16.5,-118,1.847458,,-900,600,-16.5,16.5,-118,-102,54.5,-105,-115
2026_09_02_204543_686997,2026-09-02T20:45:43.686997+00:00,401870763,2026-09-05T23:00:00Z,Troy Trojans,Sam Houston Bearkats,DraftKings,spreads,away,16.5,-102,1.980392,,-900,600,-16.5,16.5,-118,-102,54.5,-105,-115
2026_09_02_204543_686997,2026-09-02T20:45:43.686997+00:00,401870763,2026-09-05T23:00:00Z,Troy Trojans,Sam Houston Bearkats,DraftKings,totals,over,54.5,-105,1.952381,,-900,600,-16.5,16.5,-118,-102,54.5,-105,-115
2026_09_02_204543_686997,2026-09-02T20:45:43.686997+00:00,401870763,2026-09-05T23:00:00Z,Troy Trojans,Sam Houston Bearkats,DraftKings,totals,under,54.5,-115,1.869565,,-900,600,-16.5,16.5,-118,-102,54.5,-105,-115
2026_09_02_204543_686997,2026-09-02T20:45:43.686997+00:00,401856660,2026-09-05T23:30:00Z,LSU Tigers,Clemson Tigers,DraftKings,h2h,home,,-395,1.253165,,-395,310,-10,10,-110,-110,50.5,-112,-108
2026_09_02_204543_686997,2026-09-02T20:45:43.686997+00:00,401856660,2026-09-05T23:30:00Z,LSU Tigers,Clemson Tigers,DraftKings,h2h,away,,310,4.1,,-395,310,-10,10,-110,-110,50.5,-112,-108
2026_09_02_204543_686997,2026-09-02T20:45:43.686997+00:00,401856660,2026-09-05T23:30:00Z,LSU Tigers,Clemson Tigers,DraftKings,spreads,home,-10,-110,1.909091,,-395,310,-10,10,-110,-110,50.5,-112,-108
2026_09_02_204543_686997,2026-09-02T20:45:43.686997+00:00,401856660,2026-09-05T23:30:00Z,LSU Tigers,Clemson Tigers,DraftKings,spreads,away,10,-110,1.909091,,-395,310,-10,10,-110,-110,50.5,-112,-108
2026_09_02_204543_686997,2026-09-02T20:45:43.686997+00:00,401856660,2026-09-05T23:30:00Z,LSU Tigers,Clemson Tigers,DraftKings,totals,over,50.5,-112,1.892857,,-395,310,-10,10,-110,-110,50.5,-112,-108
2026_09_02_204543_686997,2026-09-02T20:45:43.686997+00:00,401856660,2026-09-05T23:30:00Z,LSU Tigers,Clemson Tigers,DraftKings,totals,under,50.5,-108,1.925926,,-395,310,-10,10,-110,-110,50.5,-112,-108
2026_09_02_204543_686997,2026-09-02T20:45:43.686997+00:00,401856662,2026-09-05T23:30:00Z,Mississippi State Bulldogs,UL Monroe Warhawks,DraftKings,h2h,home,,-4000,1.025,,-4000,1600,-28.5,28.5,-105,-115,55.5,100,-102
2026_09_02_204543_686997,2026-09-02T20:45:43.686997+00:00,401856662,2026-09-05T23:30:00Z,Mississippi State Bulldogs,UL Monroe Warhawks,DraftKings,h2h,away,,1600,17,,-4000,1600,-28.5,28.5,-105,-115,55.5,100,-102
2026_09_02_204543_686997,2026-09-02T20:45:43.686997+00:00,401856662,2026-09-05T23:30:00Z,Mississippi State Bulldogs,UL Monroe Warhawks,DraftKings,spreads,home,-28.5,-105,1.952381,,-4000,1600,-28.5,28.5,-105,-115,55.5,100,-102
2026_09_02_204543_686997,2026-09-02T20:45:43.686997+00:00,401856662,2026-09-05T23:30:00Z,Mississippi State Bulldogs,UL Monroe Warhawks,DraftKings,spreads,away,28.5,-115,1.869565,,-4000,1600,-28.5,28.5,-105,-115,55.5,100,-102
2026_09_02_204543_686997,2026-09-02T20:45:43.686997+00:00,401856662,2026-09-05T23:30:00Z,Mississippi State Bulldogs,UL Monroe Warhawks,DraftKings,totals,over,55.5,100,2,,-4000,1600,-28.5,28.5,-105,-115,55.5,100,-102
2026_09_02_204543_686997,2026-09-02T20:45:43.686997+00:00,401856662,2026-09-05T23:30:00Z,Mississippi State Bulldogs,UL Monroe Warhawks,DraftKings,totals,under,55.5,-102,1.980392,,-4000,1600,-28.5,28.5,-105,-115,55.5,100,-102
2026_09_02_204543_686997,2026-09-02T20:45:43.686997+00:00,401856773,2026-09-06T01:30:00Z,Arizona Wildcats,Northern Arizona Lumberjacks,DraftKings,h2h,home,,-8000,1.0125,,-8000,2200,-31.5,31.5,-108,-112,58.5,-105,-115
2026_09_02_204543_686997,2026-09-02T20:45:43.686997+00:00,401856773,2026-09-06T01:30:00Z,Arizona Wildcats,Northern Arizona Lumberjacks,DraftKings,h2h,away,,2200,23,,-8000,2200,-31.5,31.5,-108,-112,58.5,-105,-115
2026_09_02_204543_686997,2026-09-02T20:45:43.686997+00:00,401856773,2026-09-06T01:30:00Z,Arizona Wildcats,Northern Arizona Lumberjacks,DraftKings,spreads,home,-31.5,-108,1.925926,,-8000,2200,-31.5,31.5,-108,-112,58.5,-105,-115
2026_09_02_204543_686997,2026-09-02T20:45:43.686997+00:00,401856773,2026-09-06T01:30:00Z,Arizona Wildcats,Northern Arizona Lumberjacks,DraftKings,spreads,away,31.5,-112,1.892857,,-8000,2200,-31.5,31.5,-108,-112,58.5,-105,-115
2026_09_02_204543_686997,2026-09-02T20:45:43.686997+00:00,401856773,2026-09-06T01:30:00Z,Arizona Wildcats,Northern Arizona Lumberjacks,DraftKings,totals,over,58.5,-105,1.952381,,-8000,2200,-31.5,31.5,-108,-112,58.5,-105,-115
2026_09_02_204543_686997,2026-09-02T20:45:43.686997+00:00,401856773,2026-09-06T01:30:00Z,Arizona Wildcats,Northern Arizona Lumberjacks,DraftKings,totals,under,58.5,-115,1.869565,,-8000,2200,-31.5,31.5,-108,-112,58.5,-105,-115
2026_09_02_204543_686997,2026-09-02T20:45:43.686997+00:00,401860879,2026-09-06T01:30:00Z,San Diego State Aztecs,Portland State Vikings,DraftKings,spreads,home,-40.5,-110,1.909091,,,,-40.5,40.5,-110,-110,62.5,-108,-112
2026_09_02_204543_686997,2026-09-02T20:45:43.686997+00:00,401860879,2026-09-06T01:30:00Z,San Diego State Aztecs,Portland State Vikings,DraftKings,spreads,away,40.5,-110,1.909091,,,,-40.5,40.5,-110,-110,62.5,-108,-112
2026_09_02_204543_686997,2026-09-02T20:45:43.686997+00:00,401860879,2026-09-06T01:30:00Z,San Diego State Aztecs,Portland State Vikings,DraftKings,totals,over,62.5,-108,1.925926,,,,-40.5,40.5,-110,-110,62.5,-108,-112
2026_09_02_204543_686997,2026-09-02T20:45:43.686997+00:00,401860879,2026-09-06T01:30:00Z,San Diego State Aztecs,Portland State Vikings,DraftKings,totals,under,62.5,-112,1.892857,,,,-40.5,40.5,-110,-110,62.5,-108,-112
2026_09_02_204543_686997,2026-09-02T20:45:43.686997+00:00,401869129,2026-09-05T23:30:00Z,Louisiana Tech Bulldogs,Northwestern State Demons,DraftKings,spreads,home,-44.5,-115,1.869565,,,,-44.5,44.5,-115,-105,55.5,-105,-115
2026_09_02_204543_686997,2026-09-02T20:45:43.686997+00:00,401869129,2026-09-05T23:30:00Z,Louisiana Tech Bulldogs,Northwestern State Demons,DraftKings,spreads,away,44.5,-105,1.952381,,,,-44.5,44.5,-115,-105,55.5,-105,-115
2026_09_02_204543_686997,2026-09-02T20:45:43.686997+00:00,401869129,2026-09-05T23:30:00Z,Louisiana Tech Bulldogs,Northwestern State Demons,DraftKings,totals,over,55.5,-105,1.952381,,,,-44.5,44.5,-115,-105,55.5,-105,-115
2026_09_02_204543_686997,2026-09-02T20:45:43.686997+00:00,401869129,2026-09-05T23:30:00Z,Louisiana Tech Bulldogs,Northwestern State Demons,DraftKings,totals,under,55.5,-115,1.869565,,,,-44.5,44.5,-115,-105,55.5,-105,-115
2026_09_02_204543_686997,2026-09-02T20:45:43.686997+00:00,401856774,2026-09-06T02:00:00Z,Arizona State Sun Devils,Morgan State Bears,DraftKings,spreads,home,-43.5,-115,1.869565,,,,-43.5,43.5,-115,-105,52.5,-112,-108
2026_09_02_204543_686997,2026-09-02T20:45:43.686997+00:00,401856774,2026-09-06T02:00:00Z,Arizona State Sun Devils,Morgan State Bears,DraftKings,spreads,away,43.5,-105,1.952381,,,,-43.5,43.5,-115,-105,52.5,-112,-108
2026_09_02_204543_686997,2026-09-02T20:45:43.686997+00:00,401856774,2026-09-06T02:00:00Z,Arizona State Sun Devils,Morgan State Bears,DraftKings,totals,over,52.5,-112,1.892857,,,,-43.5,43.5,-115,-105,52.5,-112,-108
2026_09_02_204543_686997,2026-09-02T20:45:43.686997+00:00,401856774,2026-09-06T02:00:00Z,Arizona State Sun Devils,Morgan State Bears,DraftKings,totals,under,52.5,-108,1.925926,,,,-43.5,43.5,-115,-105,52.5,-112,-108
2026_09_02_204543_686997,2026-09-02T20:45:43.686997+00:00,401858431,2026-09-06T00:00:00Z,Northwestern Wildcats,South Dakota State Jackrabbits,DraftKings,h2h,home,,-650,1.153846,,-650,470,-13.5,13.5,-115,-105,46.5,-110,-110
2026_09_02_204543_686997,2026-09-02T20:45:43.686997+00:00,401858431,2026-09-06T00:00:00Z,Northwestern Wildcats,South Dakota State Jackrabbits,DraftKings,h2h,away,,470,5.7,,-650,470,-13.5,13.5,-115,-105,46.5,-110,-110
2026_09_02_204543_686997,2026-09-02T20:45:43.686997+00:00,401858431,2026-09-06T00:00:00Z,Northwestern Wildcats,South Dakota State Jackrabbits,DraftKings,spreads,home,-13.5,-115,1.869565,,-650,470,-13.5,13.5,-115,-105,46.5,-110,-110
2026_09_02_204543_686997,2026-09-02T20:45:43.686997+00:00,401858431,2026-09-06T00:00:00Z,Northwestern Wildcats,South Dakota State Jackrabbits,DraftKings,spreads,away,13.5,-105,1.952381,,-650,470,-13.5,13.5,-115,-105,46.5,-110,-110
2026_09_02_204543_686997,2026-09-02T20:45:43.686997+00:00,401858431,2026-09-06T00:00:00Z,Northwestern Wildcats,South Dakota State Jackrabbits,DraftKings,totals,over,46.5,-110,1.909091,,-650,470,-13.5,13.5,-115,-105,46.5,-110,-110
2026_09_02_204543_686997,2026-09-02T20:45:43.686997+00:00,401858431,2026-09-06T00:00:00Z,Northwestern Wildcats,South Dakota State Jackrabbits,DraftKings,totals,under,46.5,-110,1.909091,,-650,470,-13.5,13.5,-115,-105,46.5,-110,-110
2026_09_02_204543_686997,2026-09-02T20:45:43.686997+00:00,401862699,2026-09-05T23:00:00Z,South Florida Bulls,Florida International Panthers,DraftKings,h2h,home,,-650,1.153846,,-650,470,-14,14,-112,-108,52.5,-102,-118
2026_09_02_204543_686997,2026-09-02T20:45:43.686997+00:00,401862699,2026-09-05T23:00:00Z,South Florida Bulls,Florida International Panthers,DraftKings,h2h,away,,470,5.7,,-650,470,-14,14,-112,-108,52.5,-102,-118
2026_09_02_204543_686997,2026-09-02T20:45:43.686997+00:00,401862699,2026-09-05T23:00:00Z,South Florida Bulls,Florida International Panthers,DraftKings,spreads,home,-14,-112,1.892857,,-650,470,-14,14,-112,-108,52.5,-102,-118
2026_09_02_204543_686997,2026-09-02T20:45:43.686997+00:00,401862699,2026-09-05T23:00:00Z,South Florida Bulls,Florida International Panthers,DraftKings,spreads,away,14,-108,1.925926,,-650,470,-14,14,-112,-108,52.5,-102,-118
2026_09_02_204543_686997,2026-09-02T20:45:43.686997+00:00,401862699,2026-09-05T23:00:00Z,South Florida Bulls,Florida International Panthers,DraftKings,totals,over,52.5,-102,1.980392,,-650,470,-14,14,-112,-108,52.5,-102,-118
2026_09_02_204543_686997,2026-09-02T20:45:43.686997+00:00,401862699,2026-09-05T23:00:00Z,South Florida Bulls,Florida International Panthers,DraftKings,totals,under,52.5,-118,1.847458,,-650,470,-14,14,-112,-108,52.5,-102,-118
2026_09_02_204543_686997,2026-09-02T20:45:43.686997+00:00,401866411,2026-09-06T02:00:00Z,Sacramento State Hornets,Mississippi Valley State Delta Devils,DraftKings,spreads,home,-37.5,-108,1.925926,,,,-37.5,37.5,-108,-112,56.5,-112,-108
2026_09_02_204543_686997,2026-09-02T20:45:43.686997+00:00,401866411,2026-09-06T02:00:00Z,Sacramento State Hornets,Mississippi Valley State Delta Devils,DraftKings,spreads,away,37.5,-112,1.892857,,,,-37.5,37.5,-108,-112,56.5,-112,-108
2026_09_02_204543_686997,2026-09-02T20:45:43.686997+00:00,401866411,2026-09-06T02:00:00Z,Sacramento State Hornets,Mississippi Valley State Delta Devils,DraftKings,totals,over,56.5,-112,1.892857,,,,-37.5,37.5,-108,-112,56.5,-112,-108
2026_09_02_204543_686997,2026-09-02T20:45:43.686997+00:00,401866411,2026-09-06T02:00:00Z,Sacramento State Hornets,Mississippi Valley State Delta Devils,DraftKings,totals,under,56.5,-108,1.925926,,,,-37.5,37.5,-108,-112,56.5,-112,-108
2026_09_02_204543_686997,2026-09-02T20:45:43.686997+00:00,401868170,2026-09-05T23:00:00Z,Georgia Southern Eagles,Charleston Southern Buccaneers,DraftKings,h2h,home,,-4500,1.022222,,-4500,1700,-25.5,25.5,-105,-115,51.5,-108,-112
2026_09_02_204543_686997,2026-09-02T20:45:43.686997+00:00,401868170,2026-09-05T23:00:00Z,Georgia Southern Eagles,Charleston Southern Buccaneers,DraftKings,h2h,away,,1700,18,,-4500,1700,-25.5,25.5,-105,-115,51.5,-108,-112
2026_09_02_204543_686997,2026-09-02T20:45:43.686997+00:00,401868170,2026-09-05T23:00:00Z,Georgia Southern Eagles,Charleston Southern Buccaneers,DraftKings,spreads,home,-25.5,-105,1.952381,,-4500,1700,-25.5,25.5,-105,-115,51.5,-108,-112
2026_09_02_204543_686997,2026-09-02T20:45:43.686997+00:00,401868170,2026-09-05T23:00:00Z,Georgia Southern Eagles,Charleston Southern Buccaneers,DraftKings,spreads,away,25.5,-115,1.869565,,-4500,1700,-25.5,25.5,-105,-115,51.5,-108,-112
2026_09_02_204543_686997,2026-09-02T20:45:43.686997+00:00,401868170,2026-09-05T23:00:00Z,Georgia Southern Eagles,Charleston Southern Buccaneers,DraftKings,totals,over,51.5,-108,1.925926,,-4500,1700,-25.5,25.5,-105,-115,51.5,-108,-112
2026_09_02_204543_686997,2026-09-02T20:45:43.686997+00:00,401868170,2026-09-05T23:00:00Z,Georgia Southern Eagles,Charleston Southern Buccaneers,DraftKings,totals,under,51.5,-112,1.892857,,-4500,1700,-25.5,25.5,-105,-115,51.5,-108,-112
2026_09_02_204543_686997,2026-09-02T20:45:43.686997+00:00,401869142,2026-09-06T00:00:00Z,Louisiana Ragin' Cajuns,Lamar Cardinals,DraftKings,h2h,home,,-1200,1.083333,,-1200,750,-20.5,20.5,-108,-112,48.5,-110,-110
2026_09_02_204543_686997,2026-09-02T20:45:43.686997+00:00,401869142,2026-09-06T00:00:00Z,Louisiana Ragin' Cajuns,Lamar Cardinals,DraftKings,h2h,away,,750,8.5,,-1200,750,-20.5,20.5,-108,-112,48.5,-110,-110
2026_09_02_204543_686997,2026-09-02T20:45:43.686997+00:00,401869142,2026-09-06T00:00:00Z,Louisiana Ragin' Cajuns,Lamar Cardinals,DraftKings,spreads,home,-20.5,-108,1.925926,,-1200,750,-20.5,20.5,-108,-112,48.5,-110,-110
2026_09_02_204543_686997,2026-09-02T20:45:43.686997+00:00,401869142,2026-09-06T00:00:00Z,Louisiana Ragin' Cajuns,Lamar Cardinals,DraftKings,spreads,away,20.5,-112,1.892857,,-1200,750,-20.5,20.5,-108,-112,48.5,-110,-110
2026_09_02_204543_686997,2026-09-02T20:45:43.686997+00:00,401869142,2026-09-06T00:00:00Z,Louisiana Ragin' Cajuns,Lamar Cardinals,DraftKings,totals,over,48.5,-110,1.909091,,-1200,750,-20.5,20.5,-108,-112,48.5,-110,-110
2026_09_02_204543_686997,2026-09-02T20:45:43.686997+00:00,401869142,2026-09-06T00:00:00Z,Louisiana Ragin' Cajuns,Lamar Cardinals,DraftKings,totals,under,48.5,-110,1.909091,,-1200,750,-20.5,20.5,-108,-112,48.5,-110,-110
2026_09_02_204543_686997,2026-09-02T20:45:43.686997+00:00,401870790,2026-09-06T01:00:00Z,New Mexico State Aggies,Mercyhurst Lakers,DraftKings,h2h,home,,-8000,1.0125,,-8000,2200,-28.5,28.5,-112,-108,52.5,-105,-115
2026_09_02_204543_686997,2026-09-02T20:45:43.686997+00:00,401870790,2026-09-06T01:00:00Z,New Mexico State Aggies,Mercyhurst Lakers,DraftKings,h2h,away,,2200,23,,-8000,2200,-28.5,28.5,-112,-108,52.5,-105,-115
2026_09_02_204543_686997,2026-09-02T20:45:43.686997+00:00,401870790,2026-09-06T01:00:00Z,New Mexico State Aggies,Mercyhurst Lakers,DraftKings,spreads,home,-28.5,-112,1.892857,,-8000,2200,-28.5,28.5,-112,-108,52.5,-105,-115
2026_09_02_204543_686997,2026-09-02T20:45:43.686997+00:00,401870790,2026-09-06T01:00:00Z,New Mexico State Aggies,Mercyhurst Lakers,DraftKings,spreads,away,28.5,-108,1.925926,,-8000,2200,-28.5,28.5,-112,-108,52.5,-105,-115
2026_09_02_204543_686997,2026-09-02T20:45:43.686997+00:00,401870790,2026-09-06T01:00:00Z,New Mexico State Aggies,Mercyhurst Lakers,DraftKings,totals,over,52.5,-105,1.952381,,-8000,2200,-28.5,28.5,-112,-108,52.5,-105,-115
2026_09_02_204543_686997,2026-09-02T20:45:43.686997+00:00,401870790,2026-09-06T01:00:00Z,New Mexico State Aggies,Mercyhurst Lakers,DraftKings,totals,under,52.5,-115,1.869565,,-8000,2200,-28.5,28.5,-112,-108,52.5,-105,-115
2026_09_02_204543_686997,2026-09-02T20:45:43.686997+00:00,401858210,2026-09-06T02:30:00Z,California Golden Bears,UCLA Bruins,DraftKings,h2h,home,,110,2.1,,110,-130,1.5,-1.5,,-105,53.5,-108,-112
2026_09_02_204543_686997,2026-09-02T20:45:43.686997+00:00,401858210,2026-09-06T02:30:00Z,California Golden Bears,UCLA Bruins,DraftKings,h2h,away,,-130,1.769231,,110,-130,1.5,-1.5,,-105,53.5,-108,-112
2026_09_02_204543_686997,2026-09-02T20:45:43.686997+00:00,401858210,2026-09-06T02:30:00Z,California Golden Bears,UCLA Bruins,DraftKings,spreads,home,1.5,,,,110,-130,1.5,-1.5,,-105,53.5,-108,-112
2026_09_02_204543_686997,2026-09-02T20:45:43.686997+00:00,401858210,2026-09-06T02:30:00Z,California Golden Bears,UCLA Bruins,DraftKings,spreads,away,-1.5,-105,1.952381,,110,-130,1.5,-1.5,,-105,53.5,-108,-112
2026_09_02_204543_686997,2026-09-02T20:45:43.686997+00:00,401858210,2026-09-06T02:30:00Z,California Golden Bears,UCLA Bruins,DraftKings,totals,over,53.5,-108,1.925926,,110,-130,1.5,-1.5,,-105,53.5,-108,-112
2026_09_02_204543_686997,2026-09-02T20:45:43.686997+00:00,401858210,2026-09-06T02:30:00Z,California Golden Bears,UCLA Bruins,DraftKings,totals,under,53.5,-112,1.892857,,110,-130,1.5,-1.5,,-105,53.5,-108,-112
2026_09_02_204543_686997,2026-09-02T20:45:43.686997+00:00,401858211,2026-09-05T23:30:00Z,Virginia Tech Hokies,VMI Keydets,DraftKings,spreads,home,-55.5,-108,1.925926,,,,-55.5,55.5,-108,-112,62.5,-108,-112
2026_09_02_204543_686997,2026-09-02T20:45:43.686997+00:00,401858211,2026-09-05T23:30:00Z,Virginia Tech Hokies,VMI Keydets,DraftKings,spreads,away,55.5,-112,1.892857,,,,-55.5,55.5,-108,-112,62.5,-108,-112
2026_09_02_204543_686997,2026-09-02T20:45:43.686997+00:00,401858211,2026-09-05T23:30:00Z,Virginia Tech Hokies,VMI Keydets,DraftKings,totals,over,62.5,-108,1.925926,,,,-55.5,55.5,-108,-112,62.5,-108,-112
2026_09_02_204543_686997,2026-09-02T20:45:43.686997+00:00,401858211,2026-09-05T23:30:00Z,Virginia Tech Hokies,VMI Keydets,DraftKings,totals,under,62.5,-112,1.892857,,,,-55.5,55.5,-108,-112,62.5,-108,-112
2026_09_02_204543_686997,2026-09-02T20:45:43.686997+00:00,401858428,2026-09-05T23:30:00Z,Michigan Wolverines,Western Michigan Broncos,DraftKings,h2h,home,,-6500,1.015385,,-6500,2000,-27.5,27.5,-110,-110,48.5,-110,-110
2026_09_02_204543_686997,2026-09-02T20:45:43.686997+00:00,401858428,2026-09-05T23:30:00Z,Michigan Wolverines,Western Michigan Broncos,DraftKings,h2h,away,,2000,21,,-6500,2000,-27.5,27.5,-110,-110,48.5,-110,-110
2026_09_02_204543_686997,2026-09-02T20:45:43.686997+00:00,401858428,2026-09-05T23:30:00Z,Michigan Wolverines,Western Michigan Broncos,DraftKings,spreads,home,-27.5,-110,1.909091,,-6500,2000,-27.5,27.5,-110,-110,48.5,-110,-110
2026_09_02_204543_686997,2026-09-02T20:45:43.686997+00:00,401858428,2026-09-05T23:30:00Z,Michigan Wolverines,Western Michigan Broncos,DraftKings,spreads,away,27.5,-110,1.909091,,-6500,2000,-27.5,27.5,-110,-110,48.5,-110,-110
2026_09_02_204543_686997,2026-09-02T20:45:43.686997+00:00,401858428,2026-09-05T23:30:00Z,Michigan Wolverines,Western Michigan Broncos,DraftKings,totals,over,48.5,-110,1.909091,,-6500,2000,-27.5,27.5,-110,-110,48.5,-110,-110
2026_09_02_204543_686997,2026-09-02T20:45:43.686997+00:00,401858428,2026-09-05T23:30:00Z,Michigan Wolverines,Western Michigan Broncos,DraftKings,totals,under,48.5,-110,1.909091,,-6500,2000,-27.5,27.5,-110,-110,48.5,-110,-110
2026_09_02_204543_686997,2026-09-02T20:45:43.686997+00:00,401864432,2026-09-06T02:30:00Z,Nevada Wolf Pack,Western Kentucky Hilltoppers,DraftKings,h2h,home,,-105,1.952381,,-105,-115,1.5,-1.5,-112,-108,52.5,-115,-105
2026_09_02_204543_686997,2026-09-02T20:45:43.686997+00:00,401864432,2026-09-06T02:30:00Z,Nevada Wolf Pack,Western Kentucky Hilltoppers,DraftKings,h2h,away,,-115,1.869565,,-105,-115,1.5,-1.5,-112,-108,52.5,-115,-105
2026_09_02_204543_686997,2026-09-02T20:45:43.686997+00:00,401864432,2026-09-06T02:30:00Z,Nevada Wolf Pack,Western Kentucky Hilltoppers,DraftKings,spreads,home,1.5,-112,1.892857,,-105,-115,1.5,-1.5,-112,-108,52.5,-115,-105
2026_09_02_204543_686997,2026-09-02T20:45:43.686997+00:00,401864432,2026-09-06T02:30:00Z,Nevada Wolf Pack,Western Kentucky Hilltoppers,DraftKings,spreads,away,-1.5,-108,1.925926,,-105,-115,1.5,-1.5,-112,-108,52.5,-115,-105
2026_09_02_204543_686997,2026-09-02T20:45:43.686997+00:00,401864432,2026-09-06T02:30:00Z,Nevada Wolf Pack,Western Kentucky Hilltoppers,DraftKings,totals,over,52.5,-115,1.869565,,-105,-115,1.5,-1.5,-112,-108,52.5,-115,-105
2026_09_02_204543_686997,2026-09-02T20:45:43.686997+00:00,401864432,2026-09-06T02:30:00Z,Nevada Wolf Pack,Western Kentucky Hilltoppers,DraftKings,totals,under,52.5,-105,1.952381,,-105,-115,1.5,-1.5,-112,-108,52.5,-115,-105
2026_09_02_204543_686997,2026-09-02T20:45:43.686997+00:00,401856637,2026-09-05T23:45:00Z,Florida Gators,Florida Atlantic Owls,DraftKings,h2h,home,,-3600,1.027778,,-3600,1500,-26.5,26.5,-112,-108,59.5,-108,-112
2026_09_02_204543_686997,2026-09-02T20:45:43.686997+00:00,401856637,2026-09-05T23:45:00Z,Florida Gators,Florida Atlantic Owls,DraftKings,h2h,away,,1500,16,,-3600,1500,-26.5,26.5,-112,-108,59.5,-108,-112
2026_09_02_204543_686997,2026-09-02T20:45:43.686997+00:00,401856637,2026-09-05T23:45:00Z,Florida Gators,Florida Atlantic Owls,DraftKings,spreads,home,-26.5,-112,1.892857,,-3600,1500,-26.5,26.5,-112,-108,59.5,-108,-112
2026_09_02_204543_686997,2026-09-02T20:45:43.686997+00:00,401856637,2026-09-05T23:45:00Z,Florida Gators,Florida Atlantic Owls,DraftKings,spreads,away,26.5,-108,1.925926,,-3600,1500,-26.5,26.5,-112,-108,59.5,-108,-112
2026_09_02_204543_686997,2026-09-02T20:45:43.686997+00:00,401856637,2026-09-05T23:45:00Z,Florida Gators,Florida Atlantic Owls,DraftKings,totals,over,59.5,-108,1.925926,,-3600,1500,-26.5,26.5,-112,-108,59.5,-108,-112
2026_09_02_204543_686997,2026-09-02T20:45:43.686997+00:00,401856637,2026-09-05T23:45:00Z,Florida Gators,Florida Atlantic Owls,DraftKings,totals,under,59.5,-112,1.892857,,-3600,1500,-26.5,26.5,-112,-108,59.5,-108,-112
2026_09_02_204543_686997,2026-09-02T20:45:43.686997+00:00,401858427,2026-09-06T00:00:00Z,Maryland Terrapins,Hampton Pirates,DraftKings,spreads,home,-45.5,-110,1.909091,,,,-45.5,45.5,-110,-110,56.5,-112,-108
2026_09_02_204543_686997,2026-09-02T20:45:43.686997+00:00,401858427,2026-09-06T00:00:00Z,Maryland Terrapins,Hampton Pirates,DraftKings,spreads,away,45.5,-110,1.909091,,,,-45.5,45.5,-110,-110,56.5,-112,-108
2026_09_02_204543_686997,2026-09-02T20:45:43.686997+00:00,401858427,2026-09-06T00:00:00Z,Maryland Terrapins,Hampton Pirates,DraftKings,totals,over,56.5,-112,1.892857,,,,-45.5,45.5,-110,-110,56.5,-112,-108
2026_09_02_204543_686997,2026-09-02T20:45:43.686997+00:00,401858427,2026-09-06T00:00:00Z,Maryland Terrapins,Hampton Pirates,DraftKings,totals,under,56.5,-108,1.925926,,,,-45.5,45.5,-110,-110,56.5,-112,-108
2026_09_02_204543_686997,2026-09-02T20:45:43.686997+00:00,401864498,2026-09-06T02:00:00Z,New Mexico Lobos,Central Michigan Chippewas,DraftKings,h2h,home,,-470,1.212766,,-470,360,-10.5,10.5,-105,-108,46.5,-110,-110
2026_09_02_204543_686997,2026-09-02T20:45:43.686997+00:00,401864498,2026-09-06T02:00:00Z,New Mexico Lobos,Central Michigan Chippewas,DraftKings,h2h,away,,360,4.6,,-470,360,-10.5,10.5,-105,-108,46.5,-110,-110
2026_09_02_204543_686997,2026-09-02T20:45:43.686997+00:00,401864498,2026-09-06T02:00:00Z,New Mexico Lobos,Central Michigan Chippewas,DraftKings,spreads,home,-10.5,-105,1.952381,,-470,360,-10.5,10.5,-105,-108,46.5,-110,-110
2026_09_02_204543_686997,2026-09-02T20:45:43.686997+00:00,401864498,2026-09-06T02:00:00Z,New Mexico Lobos,Central Michigan Chippewas,DraftKings,spreads,away,10.5,-108,1.925926,,-470,360,-10.5,10.5,-105,-108,46.5,-110,-110
2026_09_02_204543_686997,2026-09-02T20:45:43.686997+00:00,401864498,2026-09-06T02:00:00Z,New Mexico Lobos,Central Michigan Chippewas,DraftKings,totals,over,46.5,-110,1.909091,,-470,360,-10.5,10.5,-105,-108,46.5,-110,-110
2026_09_02_204543_686997,2026-09-02T20:45:43.686997+00:00,401864498,2026-09-06T02:00:00Z,New Mexico Lobos,Central Michigan Chippewas,DraftKings,totals,under,46.5,-110,1.909091,,-470,360,-10.5,10.5,-105,-108,46.5,-110,-110
2026_09_02_204543_686997,2026-09-02T20:45:43.686997+00:00,401858437,2026-09-06T20:00:00Z,Washington Huskies,Washington State Cougars,DraftKings,h2h,home,,-2400,1.041667,,-2400,1200,-23.5,23.5,-110,-110,50.5,-118,-102
2026_09_02_204543_686997,2026-09-02T20:45:43.686997+00:00,401858437,2026-09-06T20:00:00Z,Washington Huskies,Washington State Cougars,DraftKings,h2h,away,,1200,13,,-2400,1200,-23.5,23.5,-110,-110,50.5,-118,-102
2026_09_02_204543_686997,2026-09-02T20:45:43.686997+00:00,401858437,2026-09-06T20:00:00Z,Washington Huskies,Washington State Cougars,DraftKings,spreads,home,-23.5,-110,1.909091,,-2400,1200,-23.5,23.5,-110,-110,50.5,-118,-102
2026_09_02_204543_686997,2026-09-02T20:45:43.686997+00:00,401858437,2026-09-06T20:00:00Z,Washington Huskies,Washington State Cougars,DraftKings,spreads,away,23.5,-110,1.909091,,-2400,1200,-23.5,23.5,-110,-110,50.5,-118,-102
2026_09_02_204543_686997,2026-09-02T20:45:43.686997+00:00,401858437,2026-09-06T20:00:00Z,Washington Huskies,Washington State Cougars,DraftKings,totals,over,50.5,-118,1.847458,,-2400,1200,-23.5,23.5,-110,-110,50.5,-118,-102
2026_09_02_204543_686997,2026-09-02T20:45:43.686997+00:00,401858437,2026-09-06T20:00:00Z,Washington Huskies,Washington State Cougars,DraftKings,totals,under,50.5,-102,1.980392,,-2400,1200,-23.5,23.5,-110,-110,50.5,-118,-102
2026_09_02_204543_686997,2026-09-02T20:45:43.686997+00:00,401856661,2026-09-06T23:30:00Z,Ole Miss Rebels,Louisville Cardinals,DraftKings,h2h,home,,-270,1.37037,,-270,220,-6.5,6.5,-118,-102,55.5,-108,-112
2026_09_02_204543_686997,2026-09-02T20:45:43.686997+00:00,401856661,2026-09-06T23:30:00Z,Ole Miss Rebels,Louisville Cardinals,DraftKings,h2h,away,,220,3.2,,-270,220,-6.5,6.5,-118,-102,55.5,-108,-112
2026_09_02_204543_686997,2026-09-02T20:45:43.686997+00:00,401856661,2026-09-06T23:30:00Z,Ole Miss Rebels,Louisville Cardinals,DraftKings,spreads,home,-6.5,-118,1.847458,,-270,220,-6.5,6.5,-118,-102,55.5,-108,-112
2026_09_02_204543_686997,2026-09-02T20:45:43.686997+00:00,401856661,2026-09-06T23:30:00Z,Ole Miss Rebels,Louisville Cardinals,DraftKings,spreads,away,6.5,-102,1.980392,,-270,220,-6.5,6.5,-118,-102,55.5,-108,-112
2026_09_02_204543_686997,2026-09-02T20:45:43.686997+00:00,401856661,2026-09-06T23:30:00Z,Ole Miss Rebels,Louisville Cardinals,DraftKings,totals,over,55.5,-108,1.925926,,-270,220,-6.5,6.5,-118,-102,55.5,-108,-112
2026_09_02_204543_686997,2026-09-02T20:45:43.686997+00:00,401856661,2026-09-06T23:30:00Z,Ole Miss Rebels,Louisville Cardinals,DraftKings,totals,under,55.5,-112,1.892857,,-270,220,-6.5,6.5,-118,-102,55.5,-108,-112
2026_09_02_204543_686997,2026-09-02T20:45:43.686997+00:00,401858438,2026-09-06T23:30:00Z,Notre Dame Fighting Irish,Wisconsin Badgers,DraftKings,h2h,home,,-1650,1.060606,,-1650,950,-20.5,20.5,-110,-110,47.5,-105,-115
2026_09_02_204543_686997,2026-09-02T20:45:43.686997+00:00,401858438,2026-09-06T23:30:00Z,Notre Dame Fighting Irish,Wisconsin Badgers,DraftKings,h2h,away,,950,10.5,,-1650,950,-20.5,20.5,-110,-110,47.5,-105,-115
2026_09_02_204543_686997,2026-09-02T20:45:43.686997+00:00,401858438,2026-09-06T23:30:00Z,Notre Dame Fighting Irish,Wisconsin Badgers,DraftKings,spreads,home,-20.5,-110,1.909091,,-1650,950,-20.5,20.5,-110,-110,47.5,-105,-115
2026_09_02_204543_686997,2026-09-02T20:45:43.686997+00:00,401858438,2026-09-06T23:30:00Z,Notre Dame Fighting Irish,Wisconsin Badgers,DraftKings,spreads,away,20.5,-110,1.909091,,-1650,950,-20.5,20.5,-110,-110,47.5,-105,-115
2026_09_02_204543_686997,2026-09-02T20:45:43.686997+00:00,401858438,2026-09-06T23:30:00Z,Notre Dame Fighting Irish,Wisconsin Badgers,DraftKings,totals,over,47.5,-105,1.952381,,-1650,950,-20.5,20.5,-110,-110,47.5,-105,-115
2026_09_02_204543_686997,2026-09-02T20:45:43.686997+00:00,401858438,2026-09-06T23:30:00Z,Notre Dame Fighting Irish,Wisconsin Badgers,DraftKings,totals,under,47.5,-115,1.869565,,-1650,950,-20.5,20.5,-110,-110,47.5,-105,-115
2026_09_02_204543_686997,2026-09-02T20:45:43.686997+00:00,401858212,2026-09-07T23:30:00Z,Florida State Seminoles,SMU Mustangs,DraftKings,h2h,home,,136,2.36,,136,-162,3,-3,-108,-112,52.5,-112,-108
2026_09_02_204543_686997,2026-09-02T20:45:43.686997+00:00,401858212,2026-09-07T23:30:00Z,Florida State Seminoles,SMU Mustangs,DraftKings,h2h,away,,-162,1.617284,,136,-162,3,-3,-108,-112,52.5,-112,-108
2026_09_02_204543_686997,2026-09-02T20:45:43.686997+00:00,401858212,2026-09-07T23:30:00Z,Florida State Seminoles,SMU Mustangs,DraftKings,spreads,home,3,-108,1.925926,,136,-162,3,-3,-108,-112,52.5,-112,-108
2026_09_02_204543_686997,2026-09-02T20:45:43.686997+00:00,401858212,2026-09-07T23:30:00Z,Florida State Seminoles,SMU Mustangs,DraftKings,spreads,away,-3,-112,1.892857,,136,-162,3,-3,-108,-112,52.5,-112,-108
2026_09_02_204543_686997,2026-09-02T20:45:43.686997+00:00,401858212,2026-09-07T23:30:00Z,Florida State Seminoles,SMU Mustangs,DraftKings,totals,over,52.5,-112,1.892857,,136,-162,3,-3,-108,-112,52.5,-112,-108
2026_09_02_204543_686997,2026-09-02T20:45:43.686997+00:00,401858212,2026-09-07T23:30:00Z,Florida State Seminoles,SMU Mustangs,DraftKings,totals,under,52.5,-108,1.925926,,136,-162,3,-3,-108,-112,52.5,-112,-108
