season,season_type,week,game_id,game_date,game_time,away_team,home_team,neutral_site,stadium,roof,surface,bookmaker,home_spread,total,neutral_site_original,neutral_site_corrected,home_stadium_match,home_field_points,home_team_id,away_team_id,home_prior_team_weeks,away_prior_team_weeks,home_prior_fallback,away_prior_fallback,home_prior_rating,away_prior_rating,prior_home_margin,home_fpi,away_fpi,fpi_home_margin,espn_prediction_match_valid,espn_margin_consistent,espn_matchup_quality,espn_home_prob,espn_away_prob,espn_tie_prob,espn_home_ptdiff,espn_away_ptdiff,espn_home_margin,market_home_margin,margin_weight_market,margin_weight_fpi,margin_weight_espn,margin_weight_prior,home_out_count,home_doubtful_count,home_questionable_count,away_out_count,away_doubtful_count,away_questionable_count,home_injury_penalty,away_injury_penalty,injury_margin_adjustment,travel_data_available,away_miles_traveled,home_miles_traveled,travel_net_miles_1000,travel_net_time_zones,travel_net_east_to_west,travel_net_west_to_east,travel_international,travel_features_used,travel_margin_adjustment,predicted_margin_before_travel,prior_total,market_total,total_weight_market,total_weight_prior,weather_data_available,weather_exposed,weather_temperature_c,weather_wind_speed_ms,weather_wind_gust_ms,weather_humidity_pct,weather_rain_flag,weather_snow_flag,weather_features_used,weather_total_adjustment,predicted_total_before_weather,predicted_margin,predicted_total,predicted_home_score,predicted_away_score,home_win_probability,away_win_probability,home_cover_probability,away_cover_probability,over_probability,under_probability,probability_margin_sd,probability_total_sd,spread_probability_line_available,total_probability_line_available,projection_version,home_prior_off_epa_per_play,away_prior_off_epa_per_play,home_prior_def_epa_per_play,away_prior_def_epa_per_play,home_prior_off_success_rate,away_prior_off_success_rate,home_prior_def_success_rate,away_prior_def_success_rate,home_prior_yards_per_play,away_prior_yards_per_play,home_prior_yards_per_play_allowed,away_prior_yards_per_play_allowed,home_prior_points_per_drive,away_prior_points_per_drive,home_prior_points_per_drive_allowed,away_prior_points_per_drive_allowed,home_prior_red_zone_td_rate,away_prior_red_zone_td_rate,home_prior_red_zone_td_rate_allowed,away_prior_red_zone_td_rate_allowed,home_prior_early_down_epa,away_prior_early_down_epa,home_prior_third_down_conversion_rate,away_prior_third_down_conversion_rate,ml_selected,ml_selection,ml_selection_reason,ml_odds_american,ml_model_probability,ml_implied_probability,ml_edge,ml_ev,ml_full_kelly,ml_kelly,spread_selected,spread_selection,spread_selection_reason,spread_line,spread_odds_american,spread_model_probability,spread_implied_probability,spread_edge,spread_ev,spread_full_kelly,spread_kelly,total_selected,total_selection,total_selection_reason,total_line,total_odds_american,total_model_probability,total_implied_probability,total_edge,total_ev,total_full_kelly,total_kelly,ml_home_available,ml_home_odds_american,ml_home_model_probability,ml_home_implied_probability,ml_home_edge,ml_home_ev,ml_home_full_kelly,ml_home_kelly,ml_away_available,ml_away_odds_american,ml_away_model_probability,ml_away_implied_probability,ml_away_edge,ml_away_ev,ml_away_full_kelly,ml_away_kelly,spread_home_available,spread_home_line,spread_home_odds_american,spread_home_model_probability,spread_home_implied_probability,spread_home_edge,spread_home_ev,spread_home_full_kelly,spread_home_kelly,spread_away_available,spread_away_line,spread_away_odds_american,spread_away_model_probability,spread_away_implied_probability,spread_away_edge,spread_away_ev,spread_away_full_kelly,spread_away_kelly,total_over_available,total_over_line,total_over_odds_american,total_over_model_probability,total_over_implied_probability,total_over_edge,total_over_ev,total_over_full_kelly,total_over_kelly,total_under_available,total_under_line,total_under_odds_american,total_under_model_probability,total_under_implied_probability,total_under_edge,total_under_ev,total_under_full_kelly,total_under_kelly
2026,2,4,401869941,2026-09-24,19:30,Liberty Flames,Coastal Carolina Chanticleers,0,Brooks Stadium (SC),open_air,Artificial,Draft Kings,2.5,50.5,0,0,1,2.5,324,2335,3,3,0,0,7.4387,10.3757,-0.4371,-11.766,-2.142,-7.124,1,1,38.787,0.444,0.556,,-1.918,1.918,-1.918,-2.5,0.36,0.28,0.2,0.16,0,0,0,0,0,0,0.0,0.0,0.0,1,246.2,0.0,0.2462,0.0,0.0,1.0,0.0,2,-1.3401,-3.3483,42.2206,50.5,0.75,0.25,1,1,19.4,6.2,,81.0,1.0,0.0,1,-1.7679,48.4302,-4.69,46.66,20.99,25.68,0.387218,0.612782,0.446794,0.553206,0.400463,0.599537,16.36,15.22,1,1,cfb-inseason-v7-rebuild-all-games-2026-09-21,0.106181,0.06848,0.00255,-0.025535,0.455507,0.466468,0.426376,0.411646,6.17168,6.189339,5.788063,5.623873,1.840145,2.213781,1.738665,1.550123,0.572504,0.639171,0.539171,0.479171,0.165417,0.0684,0.355404,0.378737,0,,NO_QUALIFYING_CANDIDATE,,,,,,,,0,,NO_QUALIFYING_CANDIDATE,,,,,,,,,0,,NO_QUALIFYING_CANDIDATE,,,,,,,,,1,114.0,0.387218,0.44855888528345106,-0.06134088528345105,-0.17135348000000006,0.0,0.0,1,-135.0,0.612782,0.551441114716549,0.06134088528345105,0.06669459259259264,0.09003770000000007,0.09003770000000007,1,2.5,-108.0,0.446755422408329,0.4956702459300312,-0.04891482352170218,-0.13958214943581077,0.0,0.0,1,-2.5,-112.0,0.553244577591671,0.5043297540699689,0.04891482352170207,0.047212950441377244,0.05287850449434252,0.05287850449434252,1,50.5,-105.0,0.40040474641104773,0.4891657638136511,-0.08876101740260339,-0.21825739986414494,0.0,0.0,1,50.5,-115.0,0.5995952535889523,0.5108342361863489,0.08876101740260334,0.12098243062282377,0.13912979521624735,0.13912979521624735
2026,2,4,401862779,2026-09-25,16:00,Army Black Knights,Temple Owls,0,Lincoln Financial Field,open_air,Artificial,Draft Kings,3,47.5,0,0,1,2.5,218,349,3,2,0,0,1.7007,13.3224,-9.1217,-5.158,-2.324,-0.334,1,1,44.706,0.4636,0.5364,,-1.243,1.243,-1.243,-3.0,0.36,0.28,0.2,0.16,0,0,0,0,0,0,0.0,0.0,0.0,1,120.5,0.0,0.1205,0.0,1.0,0.0,0.0,2,0.1389,-2.8816,53.5511,47.5,0.75,0.25,1,1,21.3,6.3,,38.7,0.0,0.0,1,-1.8241,49.0128,-2.74,47.19,22.22,24.97,0.43343,0.56657,0.506274,0.493726,0.491841,0.508159,16.36,15.22,1,1,cfb-inseason-v7-rebuild-all-games-2026-09-21,0.166248,0.21478,0.133889,0.096169,0.472149,0.531261,0.484932,0.477415,5.9715,6.796984,6.282587,5.544153,2.153781,2.981999,2.346639,1.830814,0.675535,0.548964,0.639171,0.632297,0.162526,0.18764,0.328211,0.348421,0,,NO_QUALIFYING_CANDIDATE,,,,,,,,0,,NO_QUALIFYING_CANDIDATE,,,,,,,,,0,,NO_QUALIFYING_CANDIDATE,,,,,,,,,1,136.0,0.43343,0.4066302458405761,0.026799754159423872,0.022894800000000104,0.016834411764705955,0.016834411764705955,1,-162.0,0.56657,0.593369754159424,-0.026799754159423927,-0.08369543209876534,0.0,0.0,1,3.0,-105.0,0.5063398916126509,0.4891657638136511,0.017174127798999794,-0.011431640184824454,0.0,0.0,1,-3.0,-115.0,0.4936601083873491,0.5108342361863489,-0.01717412779899985,-0.07707023214539094,0.0,0.0,1,47.5,-118.0,0.49187493058461923,0.5173641257162701,-0.025489195131650877,-0.09128190790299157,0.0,0.0,1,47.5,-102.0,0.5081250694153807,0.4826358742837298,0.025489195131650932,0.00628690217555794,0.006412640219069099,0.006412640219069099
2026,2,4,401862778,2026-09-25,18:00,Navy Midshipmen,UAB Blazers,0,Protective Stadium,open_air,Artificial,Draft Kings,6.5,51.5,0,0,1,2.5,5,2426,3,2,0,0,0.7016,11.4974,-8.2958,-13.337,-7.079,-3.758,1,1,28.649,0.2663,0.7337,,-8.639,8.639,-8.639,-6.5,0.36,0.28,0.2,0.16,0,0,0,0,0,0,0.0,0.0,0.0,1,686.0,0.0,0.686,1.0,1.0,0.0,0.0,2,0.7907,-6.4474,51.0681,51.5,0.75,0.25,1,1,25.4,2.6,,54.3,0.0,0.0,1,0.256,51.392,-5.66,51.65,23.0,28.65,0.36476,0.63524,0.520555,0.479445,0.503881,0.496119,16.36,15.22,1,1,cfb-inseason-v7-rebuild-all-games-2026-09-21,0.067549,0.197207,0.049545,0.092185,0.46272,0.495797,0.45125,0.430001,5.616306,6.390366,5.591905,6.147846,1.949236,2.572909,2.312872,2.046393,0.439171,0.798964,0.719171,0.548964,0.038974,0.193723,0.406822,0.390813,0,,NO_QUALIFYING_CANDIDATE,,,,,,,,1,HOME,SELECTED_BY_MARKETS_YAML,6.5,-110.0,0.520474592438757,0.5,0.020474592438757044,-0.006366687162372875,0.0,0.0,0,,NO_QUALIFYING_CANDIDATE,,,,,,,,,1,215.0,0.36476,0.30423004792665137,0.0605299520733486,0.14899399999999985,0.06929953488372086,0.06929953488372086,1,-265.0,0.63524,0.6957699520733487,-0.06052995207334866,-0.1250467924528302,0.0,0.0,1,6.5,-110.0,0.520474592438757,0.5,0.020474592438757044,-0.006366687162372875,0.0,0.0,1,-6.5,-110.0,0.47952540756124296,0.5,-0.020474592438757044,-0.08454240374671795,0.0,0.0,1,51.5,-108.0,0.5039316933865392,0.4956702459300312,0.008261447456508031,-0.029464886811109647,0.0,0.0,1,51.5,-112.0,0.4960683066134608,0.5043297540699689,-0.008261447456508142,-0.06101356248166351,0.0,0.0
2026,2,4,401858468,2026-09-25,19:00,Howard Bison,Rutgers Scarlet Knights,0,SHI Stadium,open_air,Artificial,Draft Kings,-42.5,55.5,0,0,1,2.5,164,,3,0,0,1,-2.5657,0.0,,-3.653,,,1,1,24.448,0.9786,0.0214,,32.593,-32.593,32.593,42.5,0.6429,0.0,0.3571,0.0,0,0,0,0,0,0,0.0,0.0,0.0,1,,0.0,,,,,0.0,0,0.0,38.9618,48.5395,55.5,0.75,0.25,1,1,19.4,6.1,,43.6,0.0,0.0,1,-1.7116,53.7599,38.96,52.05,45.51,6.54,0.991379,0.008621,0.414388,0.585612,0.410293,0.589707,16.36,15.22,1,1,cfb-inseason-v7-rebuild-all-games-2026-09-21,0.028891,0.052622,0.073357,0.075107,0.46375,0.44839,0.473735,0.458253,6.440011,5.887085,6.41398,6.075342,1.958781,1.955678,2.437115,2.090078,0.539171,0.581678,0.539171,0.592137,-0.005548,0.06853,0.297561,0.342439,0,,NO_QUALIFYING_CANDIDATE,,,,,,,,0,,NO_QUALIFYING_CANDIDATE,,,,,,,,,0,,NO_QUALIFYING_CANDIDATE,,,,,,,,,0,,,,,,,,0,,,,,,,,1,-42.5,-102.0,0.4143452246995489,0.4826358742837298,-0.0682906495841809,-0.17943396677148155,0.0,0.0,1,42.5,-118.0,0.5856547753004511,0.5173641257162701,0.06829064958418096,0.08197238148727398,0.0967274101549833,0.0967274101549833,1,55.5,-118.0,0.4103380680676192,0.5173641257162701,-0.10702605764865092,-0.24191780645134764,0.0,0.0,1,55.5,-102.0,0.5896619319323808,0.4826358742837298,0.10702605764865103,0.16776186519942082,0.17111710250340922,0.17111710250340922
2026,2,4,401858234,2026-09-25,19:30,Clemson Tigers,California Golden Bears,0,California Memorial Stadium,open_air,Artificial,Draft Kings,1.5,50.5,0,0,1,2.5,25,228,3,3,0,0,4.1051,-4.6615,11.2667,-2.133,7.389,-7.022,1,1,56.675,0.3959,0.6041,,-3.6,3.6,-3.6,-1.5,0.36,0.28,0.2,0.16,0,0,0,0,0,0,0.0,0.0,0.0,1,2189.9,0.0,2.1899,3.0,1.0,0.0,0.0,2,2.524,-1.4235,39.4576,50.5,0.75,0.25,1,1,17.8,3.9,,61.7,0.0,0.0,1,-0.4748,47.7394,1.1,47.26,24.18,23.08,0.526817,0.473183,0.563149,0.436851,0.415829,0.584171,16.36,15.22,1,1,cfb-inseason-v7-rebuild-all-games-2026-09-21,0.049476,-0.060522,0.010371,0.02187,0.439876,0.415445,0.432952,0.44132,6.003194,5.335965,6.003709,5.685796,1.846639,1.58639,1.696805,1.732353,0.608402,0.439171,0.539171,0.572504,0.063073,0.034843,0.367309,0.231045,0,,NO_QUALIFYING_CANDIDATE,,,,,,,,1,HOME,SELECTED_BY_MARKETS_YAML,1.5,-110.0,0.5631357050393323,0.5,0.0631357050393323,0.075077255075089,0.08258498058259789,0.08258498058259789,0,,NO_QUALIFYING_CANDIDATE,,,,,,,,,1,-105.0,0.526817,0.4891657638136511,0.03765123618634886,0.02854747619047615,0.02997484999999996,0.02997484999999996,1,-115.0,0.473183,0.5108342361863489,-0.03765123618634891,-0.11535352173913044,0.0,0.0,1,1.5,-110.0,0.5631357050393323,0.5,0.0631357050393323,0.075077255075089,0.08258498058259789,0.08258498058259789,1,-1.5,-110.0,0.4368642949606677,0.5,-0.0631357050393323,-0.16598634598417983,0.0,0.0,1,50.5,-110.0,0.41571114224308037,0.5,-0.08428885775691963,-0.20636963753593746,0.0,0.0,1,50.5,-110.0,0.5842888577569196,0.5,0.08428885775691963,0.11546054662684657,0.12700660128953123,0.12700660128953123
2026,2,4,401858461,2026-09-25,20:00,Northwestern Wildcats,Indiana Hoosiers,0,"Memorial Stadium (Bloomington, IN)",open_air,Artificial,Draft Kings,-20.5,49.5,0,0,1,2.5,84,77,3,2,0,0,25.0284,15.0153,12.5131,24.412,11.24,15.672,1,1,83.632,0.8949,0.1051,,18.255,-18.255,18.255,20.5,0.36,0.28,0.2,0.16,0,0,0,0,0,0,0.0,0.0,0.0,1,208.5,0.0,0.2085,1.0,0.0,1.0,0.0,2,-1.3836,17.4213,46.7831,49.5,0.75,0.25,1,1,16.9,2.7,,65.2,0.0,0.0,1,0.1998,48.8208,16.04,49.02,32.53,16.49,0.83653,0.16347,0.392519,0.607481,0.487436,0.512564,16.36,15.22,1,1,cfb-inseason-v7-rebuild-all-games-2026-09-21,0.2486,0.160421,-0.044977,-0.020804,0.50123,0.475382,0.400429,0.455891,7.236183,6.753081,5.394119,5.467182,3.049496,2.504727,1.056413,1.52556,0.733289,0.617146,0.423964,0.361464,0.207581,0.183009,0.331594,0.360921,0,,NO_QUALIFYING_CANDIDATE,,,,,,,,0,,NO_QUALIFYING_CANDIDATE,,,,,,,,,0,,NO_QUALIFYING_CANDIDATE,,,,,,,,,1,-1800.0,0.83653,0.912442396313364,-0.075912396313364,-0.11699611111111109,0.0,0.0,1,1000.0,0.16347,0.08755760368663595,0.07591239631336405,0.79817,0.079817,0.079817,1,-20.5,-108.0,0.3925741530900644,0.4956702459300312,-0.10309609283996679,-0.24393126071543153,0.0,0.0,1,20.5,-112.0,0.6074258469099356,0.5043297540699689,0.10309609283996668,0.1497703530795209,0.16774279544906343,0.16774279544906343,1,49.5,-112.0,0.48742046281577,0.5043297540699689,-0.016909291254198933,-0.07738269538443537,0.0,0.0,1,49.5,-108.0,0.51257953718423,0.4956702459300312,0.01690929125419882,-0.012809780237779234,0.0,0.0
2026,2,4,401856813,2026-09-26,11:00,Colorado Buffaloes,Baylor Bears,0,McLane Stadium,open_air,Artificial,DraftKings,-9.5,55.5,0,0,1,2.5,239,38,3,3,0,0,12.353,2.3912,12.4618,7.712,-0.633,10.845,1,1,60.784,0.7984,0.2016,,11.731,-11.731,11.731,9.5,0.36,0.28,0.2,0.16,0,0,0,0,0,0,0.0,0.0,0.0,1,740.7,0.0,0.7407,1.0,0.0,1.0,0.0,2,-0.7702,10.7967,42.5005,55.5,0.75,0.25,1,1,29.8,2.4,,56.5,0.0,0.0,1,0.3685,52.2501,10.03,52.62,31.32,21.3,0.730018,0.269982,0.512837,0.487163,0.424923,0.575077,16.36,15.22,1,1,cfb-inseason-v7-rebuild-all-games-2026-09-21,0.059765,0.033815,-0.086108,0.034512,0.454221,0.442801,0.386739,0.431437,5.867466,5.99179,4.936048,5.614419,2.243781,1.911474,1.360924,1.87521,0.589171,0.505838,0.539171,0.539171,0.04749,0.03841,0.338737,0.338737,0,,NO_QUALIFYING_CANDIDATE,,,,,,,,1,HOME,SELECTED_BY_MARKETS_YAML,-9.5,-115.0,0.5129219089198086,0.5108342361863489,0.0020876727334596668,-0.041059039845575296,0.0,0.0,0,,NO_QUALIFYING_CANDIDATE,,,,,,,,,1,-380.0,0.730018,0.76,-0.029982000000000064,-0.07787200000000011,0.0,0.0,1,300.0,0.269982,0.24,0.02998200000000001,0.079928,0.026642666666666665,0.026642666666666665,1,-9.5,-115.0,0.5129219089198086,0.5108342361863489,0.0020876727334596668,-0.041059039845575296,0.0,0.0,1,9.5,-105.0,0.4870780910801914,0.4891657638136511,-0.0020876727334597223,-0.04903801265295965,0.0,0.0,1,55.5,-105.0,0.4249583530795636,0.4891657638136511,-0.06420741073408753,-0.17031940589228067,0.0,0.0,1,55.5,-115.0,0.5750416469204365,0.5108342361863489,0.06420741073408753,0.07507786163385943,0.08633954087893836,0.08633954087893836
2026,2,4,401860896,2026-09-26,11:00,Colorado State Rams,UTSA Roadrunners,0,Alamodome,dome,Artificial,DraftKings,-14,57.5,0,0,1,2.5,2636,36,3,3,0,0,3.1781,7.3614,-1.6834,-0.181,-6.612,8.931,1,1,43.376,0.7083,0.2917,,7.56,-7.56,7.56,14.0,0.36,0.28,0.2,0.16,0,0,0,0,0,0,0.0,0.0,0.0,1,856.0,0.0,0.856,1.0,0.0,1.0,0.0,2,-0.6373,8.7833,47.0664,57.5,0.75,0.25,1,0,30.3,1.6,,58.3,0.0,0.0,0,0.0,54.8916,8.15,54.89,31.52,23.37,0.690731,0.309269,0.360239,0.639761,0.431963,0.568037,16.36,15.22,1,1,cfb-inseason-v7-rebuild-all-games-2026-09-21,0.077643,0.172653,0.023109,0.083249,0.47336,0.47887,0.47329,0.47316,6.127873,6.65575,5.735858,7.348464,1.798903,2.63536,1.883781,1.867418,0.479171,0.624885,0.479171,0.608402,0.158787,0.164021,0.262267,0.39588,0,,NO_QUALIFYING_CANDIDATE,,,,,,,,0,,NO_QUALIFYING_CANDIDATE,,,,,,,,,0,,NO_QUALIFYING_CANDIDATE,,,,,,,,,1,-600.0,0.690731,0.8223350253807106,-0.1316040253807106,-0.19414716666666665,0.0,0.0,1,440.0,0.309269,0.17766497461928932,0.1316040253807107,0.6700526000000002,0.15228468181818186,0.15228468181818186,1,-14.0,-112.0,0.36032902513656484,0.5043297540699689,-0.1440007289334041,-0.3179486309915023,0.0,0.0,1,14.0,-108.0,0.6396709748634352,0.4956702459300312,0.144000728933404,0.23195891455180118,0.25051562771594527,0.25051562771594527,1,57.5,-108.0,0.43192125591272074,0.4956702459300312,-0.06374899001731044,-0.1681516552792044,0.0,0.0,1,57.5,-112.0,0.5680787440872792,0.5043297540699689,0.06374899001731027,0.07529190845092137,0.08432693746503195,0.08432693746503195
2026,2,4,401856805,2026-09-26,11:00,Sam Houston Bearkats,Texas Tech Red Raiders,0,Jones AT&T Stadium,open_air,Artificial,DraftKings,-34.5,55.5,0,0,1,2.5,2641,2534,3,3,0,0,8.0908,14.7572,-4.1664,16.977,-11.924,31.401,1,1,59.904,0.9663,0.0337,,28.618,-28.618,28.618,34.5,0.36,0.28,0.2,0.16,0,0,0,0,0,0,0.0,0.0,0.0,1,420.2,0.0,0.42019999999999996,0.0,1.0,0.0,0.0,2,0.4843,26.2693,43.4581,55.5,0.75,0.25,1,1,23.8,3.8,,69.9,0.0,0.0,1,-0.4186,52.4895,26.75,52.07,39.41,12.66,0.949007,0.050993,0.317929,0.682071,0.410873,0.589127,16.36,15.22,1,1,cfb-inseason-v7-rebuild-all-games-2026-09-21,0.128812,0.112122,0.064682,-0.068794,0.45998,0.481932,0.444068,0.37987,6.009294,6.457781,5.726713,5.202742,2.303781,2.097115,1.68183,1.47521,0.566444,0.620989,0.4106,0.548964,0.074132,0.116801,0.400276,0.35207,0,,NO_QUALIFYING_CANDIDATE,,,,,,,,0,,NO_QUALIFYING_CANDIDATE,,,,,,,,,0,,NO_QUALIFYING_CANDIDATE,,,,,,,,,0,,,,,,,,0,,,,,,,,1,-34.5,-108.0,0.31785108504538606,0.4956702459300312,-0.1778191608846451,-0.3878423547274046,0.0,0.0,1,34.5,-112.0,0.6821489149546139,0.5043297540699689,0.177819160884645,0.29121044616409064,0.32615569970378155,0.32615569970378155,1,55.5,-115.0,0.4108490817884422,0.5108342361863489,-0.09998515439790673,-0.23189084709117325,0.0,0.0,1,55.5,-105.0,0.5891509182115577,0.4891657638136511,0.09998515439790662,0.1502470307939936,0.1577593823336933,0.1577593823336933
2026,2,4,401866425,2026-09-26,12:00,Ball State Cardinals,Kent State Golden Flashes,0,Dix Stadium,open_air,Artificial,DraftKings,-3,50.5,0,0,1,2.5,2309,2050,3,3,0,0,-15.1857,-10.6964,-1.9893,-21.591,-23.271,4.18,1,1,1.719,0.499,0.501,,-0.035,0.035,-0.035,3.0,0.36,0.28,0.2,0.16,0,0,0,0,0,0,0.0,0.0,0.0,1,224.2,0.0,0.22419999999999998,0.0,0.0,1.0,0.0,2,-1.3655,1.9251,44.9508,50.5,0.75,0.25,1,1,18.7,4.6,,58.3,0.0,0.0,1,-0.8683,49.1127,0.56,48.24,24.4,23.84,0.513644,0.486356,0.440711,0.559289,0.441091,0.558909,16.36,15.22,1,1,cfb-inseason-v7-rebuild-all-games-2026-09-21,-0.028566,0.032267,0.146445,0.180117,0.399173,0.413217,0.527963,0.481932,5.376897,5.880268,7.042031,6.755163,1.238781,1.667196,2.47521,2.43634,0.582028,0.548964,0.689171,0.839171,-0.054195,0.082737,0.359145,0.262267,0,,NO_QUALIFYING_CANDIDATE,,,,,,,,0,,NO_QUALIFYING_CANDIDATE,,,,,,,,,0,,NO_QUALIFYING_CANDIDATE,,,,,,,,,1,-155.0,0.513644,0.5829926410466066,-0.06934864104660665,-0.1549727741935485,0.0,0.0,1,130.0,0.486356,0.41700735895339325,0.06934864104660676,0.11861879999999991,0.09124523076923072,0.09124523076923072,1,-3.0,-112.0,0.440719903254847,0.5043297540699689,-0.06360985081512194,-0.1657801831247539,0.0,0.0,1,3.0,-108.0,0.559280096745153,0.4956702459300312,0.06360985081512183,0.07713203817585024,0.08330260122991824,0.08330260122991824,1,50.5,-115.0,0.44097850011008727,0.5108342361863489,-0.06985573607626167,-0.17556193457679348,0.0,0.0,1,50.5,-105.0,0.5590214998899128,0.4891657638136511,0.06985573607626167,0.09142292835649635,0.09599407477432118,0.09599407477432118
2026,2,4,401858236,2026-09-26,12:00,Bucknell Bison,Pittsburgh Panthers,0,Acrisure Stadium,open_air,Grass,DraftKings,-53.5,63.5,0,0,1,2.5,221,,3,0,0,1,16.6511,0.0,,13.455,,,1,1,43.204,0.9971,0.0029,,49.777,-49.777,49.777,53.5,0.6429,0.0,0.3571,0.0,0,0,0,0,0,0,0.0,0.0,0.0,1,,0.0,,,,,0.0,0,0.0,52.1704,45.8526,63.5,0.75,0.25,1,1,18.7,3.8,,59.9,0.0,0.0,1,-0.4186,59.0882,52.17,58.67,55.42,3.25,0.999286,0.000714,0.467612,0.532388,0.37548,0.62452,16.36,15.22,1,1,cfb-inseason-v7-rebuild-all-games-2026-09-21,0.124957,0.052622,-0.094433,0.075107,0.46114,0.44839,0.383031,0.458253,6.365904,5.887085,5.183301,6.075342,2.477466,1.955678,1.45115,2.090078,0.539171,0.581678,0.496314,0.592137,0.11927,0.06853,0.38198,0.342439,0,,NO_QUALIFYING_CANDIDATE,,,,,,,,0,,NO_QUALIFYING_CANDIDATE,,,,,,,,,0,,NO_QUALIFYING_CANDIDATE,,,,,,,,,0,,,,,,,,0,,,,,,,,1,-53.5,-118.0,0.4676033397203976,0.5173641257162701,-0.049760785995872525,-0.1361226435674011,0.0,0.0,1,53.5,-102.0,0.5323966602796024,0.4826358742837298,0.049760785995872636,0.054354170357644005,0.05544125376479688,0.05544125376479688,1,63.5,-112.0,0.3754906909357847,0.5043297540699689,-0.12883906313418425,-0.28924976358583615,0.0,0.0,1,63.5,-108.0,0.6245093090642153,0.4956702459300312,0.12883906313418414,0.20275866930885922,0.21897936285356792,0.21897936285356792
2026,2,4,401858465,2026-09-26,12:00,Illinois Fighting Illini,Ohio State Buckeyes,0,Ohio Stadium,open_air,Artificial,DraftKings,-26.5,54.5,0,0,1,2.5,194,356,3,3,0,0,21.4981,12.5911,11.4069,27.814,6.768,23.546,1,1,80.185,0.9515,0.0485,,25.365,-25.365,25.365,26.5,0.36,0.28,0.2,0.16,0,0,0,0,0,0,0.0,0.0,0.0,1,275.9,0.0,0.2759,1.0,0.0,1.0,0.0,2,-1.3059,23.031,48.1998,54.5,0.75,0.25,1,1,19.1,3.4,,58.8,0.0,0.0,1,-0.1937,52.9249,21.73,52.73,37.23,15.5,0.907901,0.092099,0.385195,0.614805,0.453742,0.546258,16.36,15.22,1,1,cfb-inseason-v7-rebuild-all-games-2026-09-21,0.182539,0.198067,-0.096672,0.093147,0.4955,0.509204,0.401827,0.454932,7.079999,6.877587,4.885545,6.033587,2.394479,2.803781,1.180526,2.003781,0.627406,0.689171,0.548964,0.620989,0.228591,0.257184,0.338737,0.374451,0,,NO_QUALIFYING_CANDIDATE,,,,,,,,0,,NO_QUALIFYING_CANDIDATE,,,,,,,,,0,,NO_QUALIFYING_CANDIDATE,,,,,,,,,1,-4000.0,0.907901,0.9431345353675452,-0.035233535367545255,-0.06940147500000013,0.0,0.0,1,1600.0,0.092099,0.056865464632454926,0.035233535367545074,0.565683,0.0353551875,0.0353551875,1,-26.5,-108.0,0.38530969902661205,0.4956702459300312,-0.11036054690341912,-0.2579220611339323,0.0,0.0,1,26.5,-112.0,0.614690300973388,0.5043297540699689,0.11036054690341901,0.16352092684248432,0.18314343806358244,0.18314343806358244,1,54.5,-112.0,0.45370963182129254,0.5043297540699689,-0.0506201222486764,-0.14119248262398204,0.0,0.0,1,54.5,-108.0,0.5462903681787075,0.4956702459300312,0.05062012224867629,0.052114783158992206,0.05628396581171158,0.05628396581171158
2026,2,4,401860893,2026-09-26,12:00,San Diego State Aztecs,Toledo Rockets,0,Glass Bowl,open_air,Artificial,DraftKings,-3,51.5,0,0,1,2.5,2649,21,3,3,0,0,13.6233,1.0879,15.0354,0.878,-5.577,8.955,1,1,46.511,0.6582,0.3418,,5.584,-5.584,5.584,3.0,0.36,0.28,0.2,0.16,0,0,0,0,0,0,0.0,0.0,0.0,1,1928.8,0.0,1.9287999999999998,3.0,0.0,1.0,0.0,2,0.5992,7.1099,48.4909,51.5,0.75,0.25,1,1,18.2,2.8,,56.7,0.0,0.0,1,0.1436,50.7477,7.71,50.89,29.3,21.59,0.681256,0.318744,0.613266,0.386734,0.48405,0.51595,16.36,15.22,1,1,cfb-inseason-v7-rebuild-all-games-2026-09-21,0.164381,0.002193,0.043146,0.011179,0.481932,0.415778,0.435453,0.459709,6.93864,5.729895,5.138432,5.633698,2.735489,1.943781,2.063781,1.690145,0.799171,0.589171,0.639171,0.496314,0.15723,0.021076,0.378737,0.328981,0,,NO_QUALIFYING_CANDIDATE,,,,,,,,0,,NO_QUALIFYING_CANDIDATE,,,,,,,,,0,,NO_QUALIFYING_CANDIDATE,,,,,,,,,1,-148.0,0.681256,0.5720596355604638,0.10919636443953618,0.14156410810810804,0.2095148799999999,0.2095148799999999,1,124.0,0.318744,0.4279403644395361,-0.10919636443953606,-0.2860134399999999,0.0,0.0,1,-3.0,-105.0,0.6132873271499293,0.4891657638136511,0.12412156333627816,0.19737049586414757,0.20723902065735494,0.20723902065735494,1,3.0,-115.0,0.3867126728500707,0.5108342361863489,-0.12412156333627822,-0.27701543771508524,0.0,0.0,1,51.5,-105.0,0.4840151342936701,0.4891657638136511,-0.00515062951998102,-0.05501807114092988,0.0,0.0,1,51.5,-115.0,0.51598486570633,0.5108342361863489,0.00515062951998102,-0.03533264237512235,0.0,0.0
2026,2,4,401856704,2026-09-26,12:00,Texas Longhorns,Tennessee Volunteers,0,Neyland Stadium,open_air,Grass,DraftKings,5.5,54.5,0,0,1,2.5,2633,251,3,3,0,0,22.1464,13.1797,11.4667,18.208,26.907,-6.199,1,1,98.894,0.3007,0.6993,,-7.192,7.192,-7.192,-5.5,0.36,0.28,0.2,0.16,0,0,0,0,0,0,0.0,0.0,0.0,1,888.7,0.0,0.8887,1.0,0.0,1.0,0.0,2,-0.5996,-3.3195,46.7573,54.5,0.75,0.25,1,1,19.9,2.8,,51.4,0.0,0.0,1,0.1436,52.5643,-3.92,52.71,24.39,28.31,0.405339,0.594661,0.538492,0.461508,0.453135,0.546865,16.36,15.22,1,1,cfb-inseason-v7-rebuild-all-games-2026-09-21,0.200148,0.109166,-0.059585,-0.024222,0.497874,0.49362,0.433241,0.430795,6.858456,5.631353,5.319053,5.540769,2.953781,2.537115,1.315977,1.324834,0.796314,0.627406,0.441821,0.419171,0.185688,0.049562,0.39588,0.401237,0,,NO_QUALIFYING_CANDIDATE,,,,,,,,1,HOME,SELECTED_BY_MARKETS_YAML,5.5,-115.0,0.5384688455774419,0.5108342361863489,0.027634609391092968,0.006702624340434782,0.0077080179915,0.0077080179915,0,,NO_QUALIFYING_CANDIDATE,,,,,,,,,1,164.0,0.405339,0.36309581830587784,0.04224318169412217,0.07009495999999993,0.042740829268292646,0.042740829268292646,1,-198.0,0.594661,0.6369041816941222,-0.04224318169412222,-0.10500516161616152,0.0,0.0,1,5.5,-115.0,0.5384688455774419,0.5108342361863489,0.027634609391092968,0.006702624340434782,0.0077080179915,0.0077080179915,1,-5.5,-105.0,0.4615311544225581,0.4891657638136511,-0.027634609391093024,-0.09891536517500565,0.0,0.0,1,54.5,-112.0,0.4531889704958117,0.5043297540699689,-0.051140783574157245,-0.14217802013292796,0.0,0.0,1,54.5,-108.0,0.5468110295041884,0.4956702459300312,0.05114078357415719,0.05311753830436283,0.05736694136871185,0.05736694136871185
2026,2,4,401864512,2026-09-26,12:00,UNLV Rebels,Akron Zips,0,InfoCision Stadium,open_air,Artificial,DraftKings,13.5,53.5,0,0,1,2.5,2006,2439,3,2,0,0,-0.7543,-0.2439,1.9896,-20.103,-2.901,-14.702,1,1,24.005,0.2404,0.7596,,-9.807,9.807,-9.807,-13.5,0.36,0.28,0.2,0.16,0,0,0,0,0,0,0.0,0.0,0.0,1,1839.3,0.0,1.8393,3.0,0.0,1.0,0.0,2,0.496,-10.6196,42.942,53.5,0.75,0.25,1,1,18.7,4.1,,60.5,0.0,0.0,1,-0.5872,50.8605,-10.12,50.27,20.07,30.2,0.268024,0.731976,0.581754,0.418246,0.416051,0.583949,16.36,15.22,1,1,cfb-inseason-v7-rebuild-all-games-2026-09-21,0.048606,0.003759,0.105835,0.034573,0.471162,0.432177,0.454965,0.425434,5.683741,5.701746,6.365003,5.841043,1.820448,1.620111,2.10622,1.921393,0.659171,0.521186,0.539171,0.507297,0.077744,0.050411,0.349548,0.343634,0,,NO_QUALIFYING_CANDIDATE,,,,,,,,1,HOME,SELECTED_BY_MARKETS_YAML,13.5,-112.0,0.5818394427555394,0.5043297540699689,0.07750968868557051,0.10133894521584252,0.11349961864174364,0.11349961864174364,0,,NO_QUALIFYING_CANDIDATE,,,,,,,,,1,410.0,0.268024,0.1881331403762663,0.07989085962373368,0.3669224,0.08949326829268293,0.08949326829268293,1,-550.0,0.731976,0.8118668596237336,-0.07989085962373366,-0.13493745454545455,0.0,0.0,1,13.5,-112.0,0.5818394427555394,0.5043297540699689,0.07750968868557051,0.10133894521584252,0.11349961864174364,0.11349961864174364,1,-13.5,-108.0,0.41816055724446055,0.4956702459300312,-0.07750968868557062,-0.1946537416032611,0.0,0.0,1,53.5,-108.0,0.41596740488704353,0.4956702459300312,-0.07970284104298764,-0.1988775905879161,0.0,0.0,1,53.5,-112.0,0.5840325951129565,0.5043297540699689,0.07970284104298753,0.10549026932095329,0.1181491016394677,0.1181491016394677
2026,2,4,401858242,2026-09-26,12:00,Virginia Tech Hokies,Boston College Eagles,0,"Alumni Stadium (Chestnut Hill, MA)",open_air,Artificial,DraftKings,14,46.5,0,0,1,2.5,103,259,3,3,0,0,-0.3639,18.6363,-16.5003,-4.807,8.885,-11.192,1,1,58.817,0.1399,0.8601,,-15.478,15.478,-15.478,-14.0,0.36,0.28,0.2,0.16,0,0,0,0,0,0,0.0,0.0,0.0,1,604.6,0.0,0.6046,0.0,0.0,1.0,0.0,2,-0.927,-13.9094,47.9847,46.5,0.75,0.25,1,1,14.8,9.4,,75.4,1.0,0.0,1,-3.5669,46.8712,-14.84,43.3,14.23,29.07,0.182237,0.817763,0.479612,0.520388,0.416846,0.583154,16.36,15.22,1,1,cfb-inseason-v7-rebuild-all-games-2026-09-21,-0.040174,0.199548,0.022701,0.019114,0.444634,0.507042,0.442665,0.394949,6.088398,6.330627,5.564079,4.936048,1.883781,2.926858,1.955133,1.579391,0.402807,0.627406,0.562248,0.667742,0.062478,0.157746,0.315208,0.425101,0,,NO_QUALIFYING_CANDIDATE,,,,,,,,0,,NO_QUALIFYING_CANDIDATE,,,,,,,,,0,,NO_QUALIFYING_CANDIDATE,,,,,,,,,1,440.0,0.182237,0.17766497461928932,0.0045720253807106925,-0.01592019999999994,0.0,0.0,1,-600.0,0.817763,0.8223350253807106,-0.004572025380710554,-0.04594316666666659,0.0,0.0,1,14.0,-108.0,0.479525407561243,0.4956702459300312,-0.01614483836878816,-0.07646958543760607,0.0,0.0,1,-14.0,-112.0,0.520474592438757,0.5043297540699689,0.016144838368788106,-0.014815950026638491,0.0,0.0,1,46.5,-118.0,0.4167364068037229,0.5173641257162701,-0.10062771891254718,-0.23009714675244408,0.0,0.0,1,46.5,-102.0,0.5832635931962771,0.4826358742837298,0.10062771891254729,0.1550906453494899,0.1581924582564797,0.1581924582564797
2026,2,4,401858243,2026-09-26,12:00,Wake Forest Demon Deacons,Louisville Cardinals,0,L&N Federal Credit Union Stadium,open_air,Artificial,DraftKings,-12.5,57.5,0,0,1,2.5,97,154,3,3,0,0,17.0101,4.1412,15.369,10.798,5.989,7.309,1,1,73.096,0.8009,0.1991,,11.863,-11.863,11.863,12.5,0.36,0.28,0.2,0.16,0,0,0,0,0,0,0.0,0.0,0.0,1,335.2,0.0,0.3352,0.0,1.0,0.0,0.0,2,0.3863,11.3782,53.8088,57.5,0.75,0.25,1,1,20.3,2.3,,49.7,0.0,0.0,1,0.4247,56.5772,11.76,57.0,34.38,22.62,0.763961,0.236039,0.482071,0.517929,0.486947,0.513053,16.36,15.22,1,1,cfb-inseason-v7-rebuild-all-games-2026-09-21,0.248518,0.168351,0.044619,0.162413,0.51209,0.4865,0.43631,0.510234,7.121396,6.375252,5.57178,5.624002,2.575874,2.668646,1.850293,2.263241,0.689171,0.539171,0.599171,0.639171,0.303117,0.168057,0.356919,0.338737,0,,NO_QUALIFYING_CANDIDATE,,,,,,,,0,,NO_QUALIFYING_CANDIDATE,,,,,,,,,0,,NO_QUALIFYING_CANDIDATE,,,,,,,,,1,-535.0,0.763961,0.8081570996978852,-0.04419609969788518,-0.09324255140186913,0.0,0.0,1,400.0,0.236039,0.19184290030211482,0.04419609969788518,0.180195,0.04504875,0.04504875,1,-12.5,-115.0,0.48196108488228845,0.5108342361863489,-0.028873151304060485,-0.09894231956789562,0.0,0.0,1,12.5,-105.0,0.5180389151177116,0.4891657638136511,0.028873151304060485,0.011409310467913103,0.011979775991308759,0.011979775991308759,1,57.5,-108.0,0.4868965001921944,0.4956702459300312,-0.008773745737836791,-0.06227340703725526,0.0,0.0,1,57.5,-112.0,0.5131034998078057,0.5043297540699689,0.008773745737836736,-0.02876837536379645,0.0,0.0
2026,2,4,401864576,2026-09-26,12:45,South Alabama Jaguars,Kentucky Wildcats,0,Kroger Field,open_air,Artificial,DraftKings,-20.5,54.5,0,0,1,2.5,96,6,3,3,0,0,6.47,1.0266,7.9434,9.445,-8.826,20.771,1,1,53.038,0.9056,0.0944,,19.268,-19.268,19.268,20.5,0.36,0.28,0.2,0.16,0,0,0,0,0,0,0.0,0.0,0.0,1,544.9,0.0,0.5448999999999999,1.0,0.0,1.0,0.0,2,-0.9959,18.3204,49.9065,54.5,0.75,0.25,1,1,20.5,2.8,,42.6,0.0,0.0,1,0.1436,53.3516,17.32,53.5,35.41,18.09,0.855191,0.144809,0.42305,0.57695,0.473682,0.526318,16.36,15.22,1,1,cfb-inseason-v7-rebuild-all-games-2026-09-21,0.068062,0.161837,-0.014181,0.16558,0.469793,0.467265,0.462306,0.463311,6.41724,5.928254,5.431232,6.907932,2.114308,2.328106,2.056723,2.180252,0.719171,0.539171,0.654556,0.772504,0.201682,0.119873,0.278737,0.419588,0,,NO_QUALIFYING_CANDIDATE,,,,,,,,0,,NO_QUALIFYING_CANDIDATE,,,,,,,,,0,,NO_QUALIFYING_CANDIDATE,,,,,,,,,1,-1600.0,0.855191,0.9039548022598869,-0.04876380225988686,-0.09135956249999996,0.0,0.0,1,900.0,0.144809,0.096045197740113,0.048763802259886996,0.4480899999999999,0.049787777777777764,0.049787777777777764,1,-20.5,-110.0,0.42294053363066697,0.5,-0.07705946636933303,-0.19256807215963573,0.0,0.0,1,20.5,-110.0,0.577059466369333,0.5,0.07705946636933303,0.10165898125054496,0.11182487937559944,0.11182487937559944,1,54.5,-105.0,0.47380713306824046,0.4891657638136511,-0.015358630745410662,-0.07494797829534,0.0,0.0,1,54.5,-115.0,0.5261928669317595,0.5108342361863489,0.01535863074541055,-0.016248118344971474,0.0,0.0
2026,2,4,401864510,2026-09-26,13:00,Hawai'i Rainbow Warriors,Wyoming Cowboys,0,War Memorial Stadium,open_air,Artificial,DraftKings,2.5,43.5,0,0,1,2.5,2751,62,3,2,0,0,-4.0298,-2.5956,1.0658,-16.111,-11.142,-2.469,1,1,17.846,0.302,0.698,,-7.143,7.143,-7.143,-2.5,0.36,0.28,0.2,0.16,0,0,0,0,0,0,0.0,0.0,0.0,1,3321.5,0.0,3.3215,4.0,0.0,1.0,0.0,2,2.2044,-2.8494,41.1168,43.5,0.75,0.25,1,1,20.4,6.0,,30.1,0.0,0.0,1,-1.6554,42.9042,-0.64,41.25,20.3,20.95,0.484276,0.515724,0.545138,0.454862,0.441206,0.558794,16.36,15.22,1,1,cfb-inseason-v7-rebuild-all-games-2026-09-21,-0.00285,0.013235,0.074692,0.067361,0.446217,0.430954,0.462984,0.467211,5.85473,5.534594,5.880745,6.165351,1.498518,1.760824,2.112872,1.778536,0.511898,0.548964,0.639171,0.617146,0.021352,-0.013588,0.338737,0.362101,0,,NO_QUALIFYING_CANDIDATE,,,,,,,,0,,NO_QUALIFYING_CANDIDATE,,,,,,,,,0,,NO_QUALIFYING_CANDIDATE,,,,,,,,,1,114.0,0.484276,0.44855888528345106,0.035717114716548926,0.03635063999999977,0.03188652631578928,0.03188652631578928,1,-135.0,0.515724,0.551441114716549,-0.03571711471654904,-0.1022582222222223,0.0,0.0,1,2.5,-105.0,0.5452589956267224,0.4891657638136511,0.0560932318130713,0.0645532771759818,0.0677809410347809,0.0677809410347809,1,-2.5,-115.0,0.4547410043732776,0.5108342361863489,-0.056093231813071354,-0.1498320353021333,0.0,0.0,1,43.5,-112.0,0.44123775604234217,0.5043297540699689,-0.06309199802762677,-0.16479996177699524,0.0,0.0,1,43.5,-108.0,0.5587622439576578,0.4956702459300312,0.06309199802762666,0.07613469206660028,0.0822254674319283,0.0822254674319283
2026,2,4,401866427,2026-09-26,13:00,Lindenwood Lions,Eastern Michigan Eagles,0,Rynearson Stadium,open_air,Artificial,DraftKings,-25.5,51.5,0,0,1,2.5,2199,,3,0,0,1,-8.5934,0.0,,-18.688,,,1,1,9.957,0.855,0.145,,15.125,-15.125,15.125,25.5,0.6429,0.0,0.3571,0.0,0,0,0,0,0,0,0.0,0.0,0.0,1,,0.0,,,,,0.0,0,0.0,21.7946,43.0528,51.5,0.75,0.25,1,1,19.5,2.4,,51.6,0.0,0.0,1,0.3685,49.3882,21.79,49.76,35.78,13.98,0.908601,0.091399,0.410411,0.589589,0.454404,0.545596,16.36,15.22,1,1,cfb-inseason-v7-rebuild-all-games-2026-09-21,-0.062671,0.052622,0.093087,0.075107,0.408161,0.44839,0.466376,0.458253,5.2648,5.887085,6.168698,6.075342,1.497899,1.955678,1.943781,2.090078,0.659171,0.581678,0.6627,0.592137,-0.033326,0.06853,0.302374,0.342439,0,,NO_QUALIFYING_CANDIDATE,,,,,,,,0,,NO_QUALIFYING_CANDIDATE,,,,,,,,,0,,NO_QUALIFYING_CANDIDATE,,,,,,,,,1,-2400.0,0.908601,0.9258160237388724,-0.017215023738872404,-0.05354062499999994,0.0,0.0,1,1200.0,0.091399,0.0741839762611276,0.01721502373887239,0.18818699999999988,0.01568224999999999,0.01568224999999999,1,-25.5,-110.0,0.4103002790771047,0.5,-0.0896997209228953,-0.21669946721643651,0.0,0.0,1,25.5,-110.0,0.5896997209228954,0.5,0.08969972092289535,0.12579037630734569,0.13836941393808025,0.13836941393808025,1,51.5,-105.0,0.45449077273051997,0.4891657638136511,-0.03467499108313116,-0.11266087228803245,0.0,0.0,1,51.5,-115.0,0.54550922726948,0.5108342361863489,0.0346749910831311,0.019865077069027792,0.022844838629381966,0.022844838629381966
2026,2,4,401864579,2026-09-26,13:30,New Mexico Lobos,New Mexico State Aggies,0,Aggie Memorial Stadium,open_air,Artificial,DraftKings,11.5,48.5,0,0,1,2.5,166,167,2,3,0,0,5.1365,10.8446,-3.2081,-15.458,4.748,-17.706,1,1,41.137,0.1455,0.8545,,-15.092,15.092,-15.092,-11.5,0.36,0.28,0.2,0.16,0,0,0,0,0,0,0.0,0.0,0.0,1,192.7,0.0,0.19269999999999998,0.0,1.0,0.0,0.0,2,0.2221,-12.6294,44.594,48.5,0.75,0.25,1,1,26.1,2.9,,64.5,0.0,0.0,1,0.0874,47.5235,-12.41,47.61,17.6,30.01,0.224109,0.775891,0.477887,0.522113,0.476708,0.523292,16.36,15.22,1,1,cfb-inseason-v7-rebuild-all-games-2026-09-21,0.125888,-0.016962,0.09388,-0.114559,0.465757,0.436477,0.455163,0.378158,6.450351,5.458193,6.067664,4.824002,2.158573,2.483781,1.889342,1.223781,0.584678,0.599171,0.620392,0.597927,0.075683,0.007671,0.398421,0.318737,0,,NO_QUALIFYING_CANDIDATE,,,,,,,,0,,NO_QUALIFYING_CANDIDATE,,,,,,,,,0,,NO_QUALIFYING_CANDIDATE,,,,,,,,,1,350.0,0.224109,0.2132564841498559,0.010852515850144101,0.008490500000000067,0.0024258571428571623,0.0024258571428571623,1,-455.0,0.775891,0.7867435158501441,-0.010852515850144129,-0.05358350549450541,0.0,0.0,1,11.5,-110.0,0.47782088279542545,0.5,-0.02217911720457455,-0.08779649648146048,0.0,0.0,1,-11.5,-110.0,0.5221791172045745,0.5,0.02217911720457455,-0.003112594427630344,0.0,0.0,1,48.5,-108.0,0.47668486300818186,0.4956702459300312,-0.018985382921849314,-0.0819402638360941,0.0,0.0,1,48.5,-112.0,0.5233151369918181,0.5043297540699689,0.018985382921849148,-0.009439204979772964,0.0,0.0
2026,2,4,401858462,2026-09-26,13:30,UCLA Bruins,Maryland Terrapins,0,SECU Stadium,open_air,Artificial,DraftKings,1.5,56.5,0,0,1,2.5,120,26,3,3,0,0,16.407,17.5139,1.3932,-1.69,10.353,-9.543,1,1,65.62,0.5783,0.4217,,2.691,-2.691,2.691,-1.5,0.36,0.28,0.2,0.16,0,0,0,0,0,0,0.0,0.0,0.0,1,2291.7,0.0,2.2916999999999996,3.0,0.0,1.0,0.0,2,1.0175,-2.4509,50.3816,56.5,0.75,0.25,1,1,16.1,6.1,,74.8,1.0,0.0,1,-1.7116,54.9704,-1.43,53.26,25.91,27.35,0.465089,0.534911,0.501623,0.498377,0.415679,0.584321,16.36,15.22,1,1,cfb-inseason-v7-rebuild-all-games-2026-09-21,0.173236,0.201896,0.025118,0.013928,0.502294,0.515605,0.421932,0.415932,6.399397,6.93126,5.252881,6.063587,2.793255,2.678781,1.557628,1.732353,0.659171,0.705838,0.665285,0.659171,0.154576,0.231897,0.446054,0.455404,0,,NO_QUALIFYING_CANDIDATE,,,,,,,,1,HOME,SELECTED_BY_MARKETS_YAML,1.5,-110.0,0.5017069605390687,0.5,0.0017069605390687137,-0.042195802607232435,0.0,0.0,0,,NO_QUALIFYING_CANDIDATE,,,,,,,,,1,100.0,0.465089,0.4782608695652174,-0.013171869565217431,-0.06982200000000005,0.0,0.0,1,-120.0,0.534911,0.5217391304347826,0.013171869565217431,-0.019329833333333213,0.0,0.0,1,1.5,-110.0,0.5017069605390687,0.5,0.0017069605390687137,-0.042195802607232435,0.0,0.0,1,-1.5,-110.0,0.4982930394609313,0.5,-0.0017069605390687137,-0.04871328830185839,0.0,0.0,1,56.5,-105.0,0.41571114224308037,0.4891657638136511,-0.07345462157057076,-0.18837348419208122,0.0,0.0,1,56.5,-115.0,0.5842888577569196,0.5108342361863489,0.0734546215705707,0.09236612537163225,0.1062210441773771,0.1062210441773771
2026,2,4,401864511,2026-09-26,14:00,Northern Illinois Huskies,Georgia State Panthers,0,Center Parc Stadium,open_air,Artificial,DraftKings,-10.5,56.5,0,0,1,2.5,2247,2459,3,3,0,0,13.7859,-6.9157,23.2016,-7.358,-18.102,13.244,1,1,21.823,0.7909,0.2091,,11.341,-11.341,11.341,10.5,0.36,0.28,0.2,0.16,0,0,0,0,0,0,0.0,0.0,0.0,1,614.8,0.0,0.6147999999999999,1.0,0.0,1.0,0.0,2,-0.9153,13.4688,45.3397,56.5,0.75,0.25,1,1,26.3,2.4,,45.3,0.0,0.0,1,0.3685,53.7099,12.55,54.08,33.32,20.76,0.778557,0.221443,0.549944,0.450056,0.436793,0.563207,16.36,15.22,1,1,cfb-inseason-v7-rebuild-all-games-2026-09-21,0.169373,0.014472,0.042419,0.074868,0.495693,0.426497,0.418295,0.462334,6.850798,5.0715,5.975769,6.184522,2.542243,1.340623,1.868781,2.133511,0.539171,0.486464,0.479171,0.562248,0.205065,0.013371,0.430629,0.302374,0,,NO_QUALIFYING_CANDIDATE,,,,,,,,0,,NO_QUALIFYING_CANDIDATE,,,,,,,,,0,,NO_QUALIFYING_CANDIDATE,,,,,,,,,1,-395.0,0.778557,0.7659021045164341,0.012654895483565909,-0.02433996202531638,0.0,0.0,1,310.0,0.221443,0.23409789548356588,-0.012654895483565881,-0.09208369999999999,0.0,0.0,1,-10.5,-108.0,0.5498591998056014,0.4956702459300312,0.05418895387557021,0.058988088514491666,0.06370713559565098,0.06370713559565098,1,10.5,-112.0,0.4501408001943986,0.5043297540699689,-0.05418895387557032,-0.14794777106060264,0.0,0.0,1,56.5,-110.0,0.436833919266293,0.5,-0.063166080733707,-0.16604433594616785,0.0,0.0,1,56.5,-110.0,0.563166080733707,0.5,0.063166080733707,0.07513524503707703,0.08264876954078472,0.08264876954078472
2026,2,4,401858467,2026-09-26,14:00,Notre Dame Fighting Irish,Purdue Boilermakers,0,Ross-Ade Stadium,open_air,Grass,DraftKings,27.5,57.5,0,0,1,2.5,2509,87,3,3,0,0,1.9553,19.0794,-14.6241,-3.132,27.822,-28.454,1,1,76.176,0.0362,0.9638,,-27.964,27.964,-27.964,-27.5,0.36,0.28,0.2,0.16,0,0,0,0,0,0,0.0,0.0,0.0,1,94.3,0.0,0.0943,0.0,1.0,0.0,0.0,2,0.1087,-25.7998,54.6229,57.5,0.75,0.25,1,1,20.7,2.0,,56.8,0.0,0.0,1,0.5934,56.7807,-25.69,57.37,15.84,41.53,0.058166,0.941834,0.544021,0.455979,0.496699,0.503301,16.36,15.22,1,1,cfb-inseason-v7-rebuild-all-games-2026-09-21,0.226541,0.150161,0.266398,-0.096899,0.515577,0.497721,0.492813,0.401932,6.544316,6.272324,6.684634,5.045587,2.809496,2.403781,2.937115,1.349236,0.605838,0.592112,0.667742,0.4106,0.17821,0.166617,0.39588,0.382487,0,,NO_QUALIFYING_CANDIDATE,,,,,,,,0,,NO_QUALIFYING_CANDIDATE,,,,,,,,,0,,NO_QUALIFYING_CANDIDATE,,,,,,,,,1,1700.0,0.058166,0.05373831775700934,0.0044276822429906645,0.04698800000000014,0.002764000000000008,0.002764000000000008,1,-4500.0,0.941834,0.9462616822429907,-0.004427682242990727,-0.037236355555555684,0.0,0.0,1,27.5,-108.0,0.5440473803653393,0.4956702459300312,0.04837713443530811,0.04779495477769058,0.051618551159905816,0.051618551159905816,1,-27.5,-112.0,0.4559526196346607,0.5043297540699689,-0.04837713443530822,-0.13694682712010653,0.0,0.0,1,57.5,-105.0,0.49659251866945103,0.4891657638136511,0.007426754855799911,-0.03046222545488131,0.0,0.0,1,57.5,-115.0,0.5034074813305489,0.5108342361863489,-0.007426754855800022,-0.0588468827298434,0.0,0.0
2026,2,4,401856816,2026-09-26,14:30,Utah Utes,Iowa State Cyclones,0,Jack Trice Stadium,open_air,Grass,DraftKings,7.5,47.5,0,0,1,2.5,66,254,3,3,0,0,13.4361,26.631,-10.695,3.988,18.167,-11.679,1,1,75.201,0.2415,0.7585,,-9.755,9.755,-9.755,-7.5,0.36,0.28,0.2,0.16,0,0,0,0,0,0,0.0,0.0,0.0,1,946.3,0.0,0.9462999999999999,1.0,0.0,1.0,0.0,2,-0.5332,-9.6323,45.0795,47.5,0.75,0.25,1,1,18.6,6.2,,80.1,0.0,0.0,1,-1.7679,46.8949,-10.17,45.13,17.48,27.65,0.26718,0.73282,0.435287,0.564713,0.438051,0.561949,16.36,15.22,1,1,cfb-inseason-v7-rebuild-all-games-2026-09-21,0.094979,0.212242,-0.082027,-0.105002,0.430712,0.497874,0.406932,0.380879,6.282953,6.959906,4.818041,4.851271,2.318067,3.030097,1.298781,1.192971,0.608402,0.733289,0.632297,0.479171,0.105665,0.159084,0.344987,0.422948,0,,NO_QUALIFYING_CANDIDATE,,,,,,,,0,,NO_QUALIFYING_CANDIDATE,,,,,,,,,0,,NO_QUALIFYING_CANDIDATE,,,,,,,,,1,260.0,0.26718,0.26645768025078376,0.0007223197492162159,-0.038152000000000075,0.0,0.0,1,-325.0,0.73282,0.7335423197492164,-0.0007223197492163269,-0.04169692307692302,0.0,0.0,1,7.5,-112.0,0.43517932809738036,0.5043297540699689,-0.06915042597258858,-0.1762677003871015,0.0,0.0,1,-7.5,-108.0,0.5648206719026196,0.4956702459300312,0.06915042597258847,0.08780277551615645,0.09482699755744896,0.09482699755744896,1,47.5,-110.0,0.43812837819860595,0.5,-0.06187162180139405,-0.16357309616629767,0.0,0.0,1,47.5,-110.0,0.561871621801394,0.5,0.06187162180139405,0.07266400525720684,0.07993040578292752,0.07993040578292752
2026,2,4,401858237,2026-09-26,15:00,Central Arkansas Bears,Florida State Seminoles,0,Doak Campbell Stadium,open_air,Grass,DraftKings,-45.5,63.5,0,0,1,2.5,52,,2,0,0,1,-1.5709,0.0,,6.593,,,1,1,38.414,0.9927,0.0073,,41.928,-41.928,41.928,45.5,0.6429,0.0,0.3571,0.0,0,0,0,0,0,0,0.0,0.0,0.0,1,,0.0,,,,,0.0,0,0.0,44.2243,48.3292,63.5,0.75,0.25,1,1,28.7,2.7,,28.4,0.0,0.0,1,0.1998,59.7073,44.22,59.91,52.07,7.84,0.996566,0.003434,0.468923,0.531077,0.406692,0.593308,16.36,15.22,1,1,cfb-inseason-v7-rebuild-all-games-2026-09-21,0.136788,0.052622,0.188024,0.075107,0.452546,0.44839,0.482517,0.458253,6.201172,5.887085,6.945963,6.075342,2.149464,1.955678,2.209855,2.090078,0.722041,0.581678,0.526236,0.592137,0.087166,0.06853,0.298421,0.342439,0,,NO_QUALIFYING_CANDIDATE,,,,,,,,0,,NO_QUALIFYING_CANDIDATE,,,,,,,,,0,,NO_QUALIFYING_CANDIDATE,,,,,,,,,0,,,,,,,,0,,,,,,,,1,-45.5,-115.0,0.4688187276497698,0.5108342361863489,-0.04201550853657915,-0.12351281352434357,0.0,0.0,1,45.5,-105.0,0.5311812723502303,0.4891657638136511,0.04201550853657915,0.03706819839806863,0.03892160831797206,0.03892160831797206,1,63.5,-105.0,0.4067652801481431,0.4891657638136511,-0.082400483665508,-0.20583921494886342,0.0,0.0,1,63.5,-115.0,0.5932347198518568,0.5108342361863489,0.0824004836655079,0.1090909979839062,0.12545464768149214,0.12545464768149214
2026,2,4,401856698,2026-09-26,15:15,Vanderbilt Commodores,Auburn Tigers,0,Jordan-Hare Stadium,open_air,Grass,DraftKings,-9.5,55.5,0,0,1,2.5,2,238,3,3,0,0,8.589,10.1356,0.9534,13.039,5.536,10.003,1,1,73.201,0.7526,0.2474,,9.485,-9.485,9.485,9.5,0.36,0.28,0.2,0.16,0,0,0,0,0,0,0.0,0.0,0.0,1,256.0,0.0,0.256,0.0,0.0,1.0,0.0,2,-1.3288,8.2704,43.5324,55.5,0.75,0.25,1,1,27.8,2.7,,44.7,0.0,0.0,1,0.1998,52.5081,6.94,52.71,29.82,22.88,0.664326,0.335674,0.437865,0.562135,0.427223,0.572777,16.36,15.22,1,1,cfb-inseason-v7-rebuild-all-games-2026-09-21,0.094677,0.140402,0.019137,0.007824,0.463182,0.48031,0.43084,0.416852,6.075265,6.166236,5.552172,5.756317,2.188397,2.003781,1.711474,1.667196,0.639171,0.599171,0.539171,0.496314,0.049557,0.146431,0.418737,0.344,0,,NO_QUALIFYING_CANDIDATE,,,,,,,,0,,NO_QUALIFYING_CANDIDATE,,,,,,,,,0,,NO_QUALIFYING_CANDIDATE,,,,,,,,,1,-375.0,0.664326,0.7571884984025559,-0.09286249840255589,-0.15852040000000006,0.0,0.0,1,295.0,0.335674,0.24281150159744405,0.09286249840255592,0.32591230000000004,0.11047874576271187,0.11047874576271187,1,-9.5,-110.0,0.43782764969804855,0.5,-0.06217235030195145,-0.16414721421281636,0.0,0.0,1,9.5,-110.0,0.5621723503019515,0.5,0.06217235030195145,0.07323812330372559,0.08056193563409814,0.08056193563409814,1,55.5,-108.0,0.4272768323448568,0.4956702459300312,-0.06839341358517437,-0.17709647103953502,0.0,0.0,1,55.5,-112.0,0.5727231676551432,0.5043297540699689,0.06839341358517426,0.08408313877580675,0.09417311542890357,0.09417311542890357
2026,2,4,401860897,2026-09-26,15:30,Boise State Broncos,Western Michigan Broncos,0,Waldo Stadium,open_air,Artificial,DraftKings,7.5,49.5,0,0,1,2.5,2711,68,3,3,0,0,3.6156,6.1115,0.0041,-2.793,11.096,-11.389,1,1,60.204,0.359,0.641,,-4.941,4.941,-4.941,-7.5,0.36,0.28,0.2,0.16,0,0,0,0,0,0,0.0,0.0,0.0,1,1541.4,0.0,1.5414,2.0,0.0,1.0,0.0,2,0.1527,-6.8765,44.4927,49.5,0.75,0.25,1,1,19.7,1.5,,52.3,0.0,0.0,1,0.8745,48.2482,-6.72,49.12,21.2,27.92,0.340541,0.659459,0.518922,0.481078,0.490109,0.509891,16.36,15.22,1,1,cfb-inseason-v7-rebuild-all-games-2026-09-21,0.029279,0.114102,0.018506,0.079691,0.470456,0.491609,0.466932,0.416871,5.309062,6.246435,5.598587,7.128912,2.10622,2.126509,1.603781,1.901342,0.675535,0.639171,0.667742,0.457353,0.036897,0.165093,0.372883,0.367309,0,,NO_QUALIFYING_CANDIDATE,,,,,,,,1,HOME,SELECTED_BY_MARKETS_YAML,7.5,-118.0,0.5190132719532295,0.5173641257162701,0.0016491462369594423,-0.04114497215420304,0.0,0.0,0,,NO_QUALIFYING_CANDIDATE,,,,,,,,,1,230.0,0.340541,0.2904564315352697,0.050084568464730306,0.12378529999999988,0.053819695652173864,0.053819695652173864,1,-285.0,0.659459,0.7095435684647302,-0.050084568464730195,-0.10915187719298244,0.0,0.0,1,7.5,-118.0,0.5190132719532295,0.5173641257162701,0.0016491462369594423,-0.04114497215420304,0.0,0.0,1,-7.5,-102.0,0.48098672804677045,0.4826358742837298,-0.0016491462369593313,-0.047457656221101596,0.0,0.0,1,49.5,-115.0,0.49004058357197994,0.5108342361863489,-0.020793652614368996,-0.08383716984368983,0.0,0.0,1,49.5,-105.0,0.5099594164280201,0.4891657638136511,0.020793652614368996,-0.004364948878627428,0.0,0.0
2026,2,4,401868188,2026-09-26,15:30,Gardner-Webb Runnin' Bulldogs,Marshall Thundering Herd,0,Joan C. Edwards Stadium,open_air,Artificial,DraftKings,-23.5,52.5,0,0,1,2.5,276,,3,0,0,1,-4.0365,0.0,,-13.075,,,1,1,18.751,0.8498,0.1502,,14.77,-14.77,14.77,23.5,0.6429,0.0,0.3571,0.0,0,0,0,0,0,0,0.0,0.0,0.0,1,,0.0,,,,,0.0,0,0.0,20.3821,45.9042,52.5,0.75,0.25,1,1,21.5,3.0,,46.5,0.0,0.0,1,0.0312,50.851,20.38,50.88,35.63,15.25,0.893591,0.106409,0.424428,0.575572,0.457675,0.542325,16.36,15.22,1,1,cfb-inseason-v7-rebuild-all-games-2026-09-21,0.041809,0.052622,0.14225,0.075107,0.463496,0.44839,0.490755,0.458253,5.786414,5.887085,6.482881,6.075342,1.744322,1.955678,2.193255,2.090078,0.566444,0.581678,0.399171,0.592137,0.061318,0.06853,0.327309,0.342439,0,,NO_QUALIFYING_CANDIDATE,,,,,,,,0,,NO_QUALIFYING_CANDIDATE,,,,,,,,,0,,NO_QUALIFYING_CANDIDATE,,,,,,,,,1,-1650.0,0.893591,0.908256880733945,-0.014665880733944925,-0.05225196969696972,0.0,0.0,1,950.0,0.106409,0.09174311926605504,0.014665880733944966,0.11729450000000008,0.012346789473684219,0.012346789473684219,1,-23.5,-110.0,0.4243767753658429,0.5,-0.0756232246341571,-0.1898261561197544,0.0,0.0,1,23.5,-110.0,0.575623224634157,0.5,0.07562322463415705,0.09891706521066346,0.1088087717317298,0.1088087717317298,1,52.5,-105.0,0.45761706682416226,0.4891657638136511,-0.03154869698948887,-0.1065571552480642,0.0,0.0,1,52.5,-115.0,0.5423829331758377,0.5108342361863489,0.03154869698948881,0.014020266372218315,0.016123306328051066,0.016123306328051066
2026,2,4,401858463,2026-09-26,15:30,Iowa Hawkeyes,Michigan Wolverines,0,Michigan Stadium,open_air,Artificial,DraftKings,-5.5,38.5,0,0,1,2.5,130,2294,3,3,0,0,14.7045,17.7181,-0.5136,13.275,12.754,3.021,1,1,82.574,0.6506,0.3494,,5.297,-5.297,5.297,5.5,0.36,0.28,0.2,0.16,0,0,0,0,0,0,0.0,0.0,0.0,1,402.9,0.0,0.4029,1.0,0.0,1.0,0.0,2,-1.1595,3.8031,39.5859,38.5,0.75,0.25,1,1,20.9,2.6,,47.8,0.0,0.0,1,0.256,38.7715,2.64,39.03,20.84,18.19,0.564185,0.435815,0.430698,0.569302,0.513824,0.486176,16.36,15.22,1,1,cfb-inseason-v7-rebuild-all-games-2026-09-21,0.113326,0.118993,-0.090192,-0.021202,0.469932,0.475991,0.411646,0.394127,5.743873,6.648082,4.722158,4.673197,2.053781,2.445887,1.403781,0.981054,0.689171,0.639171,0.324885,0.509729,0.05844,0.21257,0.361594,0.312421,0,,NO_QUALIFYING_CANDIDATE,,,,,,,,0,,NO_QUALIFYING_CANDIDATE,,,,,,,,,0,,NO_QUALIFYING_CANDIDATE,,,,,,,,,1,-218.0,0.564185,0.6574752261956053,-0.09329022619560523,-0.17701454128440364,0.0,0.0,1,180.0,0.435815,0.3425247738043946,0.0932902261956054,0.22028199999999998,0.12237888888888888,0.12237888888888888,1,-5.5,-110.0,0.43061186195941015,0.5,-0.06938813804058985,-0.17792280898658058,0.0,0.0,1,5.5,-110.0,0.5693881380405899,0.5,0.06938813804058985,0.08701371807748981,0.09571508988523879,0.09571508988523879,1,38.5,-108.0,0.5138894010512887,0.4956702459300312,0.01821915512125749,-0.010287079456777315,0.0,0.0,1,38.5,-112.0,0.48611059894871134,0.5043297540699689,-0.018219155121257602,-0.07986208056136784,0.0,0.0
2026,2,4,401856700,2026-09-26,15:30,Oklahoma Sooners,Georgia Bulldogs,0,Sanford Stadium,open_air,Grass,DraftKings,-13.5,43.5,0,0,1,2.5,61,201,3,3,0,0,25.8023,15.8499,12.4524,28.296,13.859,16.937,1,1,92.123,0.8335,0.1665,,13.73,-13.73,13.73,13.5,0.36,0.28,0.2,0.16,0,0,0,0,0,0,0.0,0.0,0.0,1,804.4,0.0,0.8044,1.0,0.0,1.0,0.0,2,-0.6968,14.3407,44.2965,43.5,0.75,0.25,1,1,26.6,3.1,,40.6,0.0,0.0,1,-0.025,43.6991,13.64,43.67,28.66,15.02,0.797855,0.202145,0.503511,0.496489,0.504563,0.495437,16.36,15.22,1,1,cfb-inseason-v7-rebuild-all-games-2026-09-21,0.26575,0.046145,0.043675,-0.171787,0.539235,0.442949,0.422557,0.363327,7.93916,6.099282,4.741337,4.710378,3.189828,1.937115,1.419166,1.157628,0.719171,0.441821,0.667742,0.314171,0.227745,0.082337,0.460166,0.354122,0,,NO_QUALIFYING_CANDIDATE,,,,,,,,1,HOME,SELECTED_BY_MARKETS_YAML,-13.5,-110.0,0.5034138898282595,0.5,0.00341388982825952,-0.038937119418777255,0.0,0.0,0,,NO_QUALIFYING_CANDIDATE,,,,,,,,,1,-550.0,0.797855,0.8118668596237336,-0.014011859623733636,-0.05708045454545452,0.0,0.0,1,410.0,0.202145,0.1881331403762663,0.014011859623733691,0.030939499999999898,0.007546219512195098,0.007546219512195098,1,-13.5,-110.0,0.5034138898282595,0.5,0.00341388982825952,-0.038937119418777255,0.0,0.0,1,13.5,-110.0,0.4965861101717405,0.5,-0.00341388982825952,-0.05197197149031357,0.0,0.0,1,43.5,-118.0,0.5044558986536818,0.5173641257162701,-0.012908227062588318,-0.06803910248726586,0.0,0.0,1,43.5,-102.0,0.4955441013463182,0.4826358742837298,0.012908227062588429,-0.01862834831415411,0.0,0.0
2026,2,4,401856699,2026-09-26,15:30,Ole Miss Rebels,Florida Gators,0,Ben Hill Griffin Stadium,open_air,Grass,DraftKings,-3.5,58.5,0,0,1,2.5,57,145,3,3,0,0,18.9195,9.1693,12.2502,19.25,14.409,7.341,1,1,91.166,0.5314,0.4686,,1.073,-1.073,1.073,3.5,0.36,0.28,0.2,0.16,0,0,0,0,0,0,0.0,0.0,0.0,1,531.9,0.0,0.5318999999999999,1.0,0.0,1.0,0.0,2,-1.0108,5.4901,52.2932,58.5,0.75,0.25,1,1,28.5,2.2,,27.8,0.0,0.0,1,0.4809,56.9483,4.48,57.43,30.95,26.47,0.607879,0.392121,0.523866,0.476134,0.471956,0.528044,16.36,15.22,1,1,cfb-inseason-v7-rebuild-all-games-2026-09-21,0.233001,0.125153,0.026241,0.062268,0.495232,0.476106,0.424134,0.459089,7.233055,6.309237,5.259972,5.753932,3.023781,2.46532,1.773012,1.832353,0.733289,0.746863,0.566444,0.439171,0.163008,0.148263,0.368149,0.350502,0,,NO_QUALIFYING_CANDIDATE,,,,,,,,1,HOME,SELECTED_BY_MARKETS_YAML,-3.5,-110.0,0.523883236346239,0.5,0.023883236346239012,0.0001407239337290478,0.00015479632710195255,0.00015479632710195255,0,,NO_QUALIFYING_CANDIDATE,,,,,,,,,1,-170.0,0.607879,0.6037569709421778,0.0041220290578221075,-0.03454511764705881,0.0,0.0,1,142.0,0.392121,0.3962430290578222,-0.0041220290578222185,-0.0510671800000001,0.0,0.0,1,-3.5,-110.0,0.523883236346239,0.5,0.023883236346239012,0.0001407239337290478,0.00015479632710195255,0.00015479632710195255,1,3.5,-110.0,0.476116763653761,0.5,-0.023883236346239012,-0.09104981484281988,0.0,0.0,1,58.5,-115.0,0.47197655225568635,0.5108342361863489,-0.03885768393066258,-0.11760905447849951,0.0,0.0,1,58.5,-105.0,0.5280234477443136,0.4891657638136511,0.03885768393066252,0.0309029217865171,0.03244806787584296,0.03244806787584296
2026,2,4,401866426,2026-09-26,15:30,Robert Morris Colonials,Buffalo Bulls,0,UB Stadium,open_air,Artificial,DraftKings,-28.5,46.5,0,0,1,2.5,2084,,3,0,0,1,-8.2,0.0,,-18.619,,,1,1,13.074,0.9483,0.0517,,24.796,-24.796,24.796,28.5,0.6429,0.0,0.3571,0.0,0,0,0,0,0,0,0.0,0.0,0.0,1,,0.0,,,,,0.0,0,0.0,27.1771,44.124,46.5,0.75,0.25,1,1,20.5,4.1,,51.4,0.0,0.0,1,-0.5872,45.906,27.18,45.32,36.25,9.07,0.951663,0.048337,0.467777,0.532223,0.469069,0.530931,16.36,15.22,1,1,cfb-inseason-v7-rebuild-all-games-2026-09-21,-0.023513,0.052622,0.06714,0.075107,0.375201,0.44839,0.433545,0.458253,4.898548,5.887085,6.235375,6.075342,1.483781,1.955678,2.144207,2.090078,0.614171,0.581678,0.559171,0.592137,-0.014554,0.06853,0.283182,0.342439,0,,NO_QUALIFYING_CANDIDATE,,,,,,,,0,,NO_QUALIFYING_CANDIDATE,,,,,,,,,0,,NO_QUALIFYING_CANDIDATE,,,,,,,,,1,-5000.0,0.951663,0.949050949050949,0.002612050949051037,-0.029303739999999946,0.0,0.0,1,1800.0,0.048337,0.050949050949050945,-0.0026120509490509466,-0.08159700000000003,0.0,0.0,1,-28.5,-110.0,0.4678463935121938,0.5,-0.032153606487806186,-0.10683870329490269,0.0,0.0,1,28.5,-110.0,0.5321536064878062,0.5,0.032153606487806186,0.015929612385811864,0.01752257362439305,0.01752257362439305,1,46.5,-112.0,0.4691011357495086,0.5043297540699689,-0.035228618320460314,-0.11205856447414442,0.0,0.0,1,46.5,-108.0,0.5308988642504914,0.4956702459300312,0.0352286183204602,0.022471886704650113,0.024269637641022117,0.024269637641022117
2026,2,4,401866428,2026-09-26,15:30,Stonehill Skyhawks,Ohio Bobcats,0,Peden Stadium,open_air,Artificial,DraftKings,-33.5,53.5,0,0,1,2.5,195,,3,0,0,1,-1.2945,0.0,,-9.993,,,1,1,20.899,0.968,0.032,,29.067,-29.067,29.067,33.5,0.6429,0.0,0.3571,0.0,0,0,0,0,0,0,0.0,0.0,0.0,1,,0.0,,,,,0.0,0,0.0,31.9168,53.1181,53.5,0.75,0.25,1,1,21.3,3.6,,49.7,0.0,0.0,1,-0.3061,53.4045,31.92,53.1,42.51,10.59,0.974466,0.025534,0.461453,0.538547,0.489474,0.510526,16.36,15.22,1,1,cfb-inseason-v7-rebuild-all-games-2026-09-21,0.13994,0.052622,0.209487,0.075107,0.466307,0.44839,0.493043,0.458253,5.538212,5.887085,6.372587,6.075342,2.588397,1.955678,2.603781,2.090078,0.566444,0.581678,0.523382,0.592137,0.102868,0.06853,0.3899,0.342439,0,,NO_QUALIFYING_CANDIDATE,,,,,,,,0,,NO_QUALIFYING_CANDIDATE,,,,,,,,,0,,NO_QUALIFYING_CANDIDATE,,,,,,,,,1,-20000.0,0.974466,0.9728415079043373,0.001624492095662733,-0.02066167000000005,0.0,0.0,1,3500.0,0.025534,0.027158492095662744,-0.0016244920956627433,-0.08077599999999996,0.0,0.0,1,-33.5,-108.0,0.46153115442255815,0.4956702459300312,-0.03413909150747302,-0.1111251840750731,0.0,0.0,1,33.5,-112.0,0.5384688455774418,0.5043297540699689,0.03413909150747285,0.019244600557300484,0.021553952624176545,0.021553952624176545,1,53.5,-110.0,0.48951652141591573,0.5,-0.010483478584084271,-0.06546845911506993,0.0,0.0,1,53.5,-110.0,0.5104834785840843,0.5,0.010483478584084271,-0.025440631794020896,0.0,0.0
2026,2,4,401856815,2026-09-26,15:30,TCU Horned Frogs,UCF Knights,0,FBC Mortgage Stadium,open_air,Grass,DraftKings,3,48.5,0,0,1,2.5,2116,2628,3,3,0,0,10.1021,14.777,-2.1749,6.469,6.255,2.714,1,1,64.574,0.5171,0.4829,,0.584,-0.584,0.584,-3.0,0.36,0.28,0.2,0.16,0,0,0,0,0,0,0.0,0.0,0.0,1,1001.1,0.0,1.0011,1.0,0.0,1.0,0.0,2,-0.47,-0.5513,43.0597,48.5,0.75,0.25,1,1,27.6,2.9,,50.8,0.0,0.0,1,0.0874,47.1399,-1.02,47.23,23.1,24.12,0.475111,0.524889,0.548133,0.451867,0.466679,0.533321,16.36,15.22,1,1,cfb-inseason-v7-rebuild-all-games-2026-09-21,0.078107,0.112335,0.041116,-0.068722,0.441581,0.468761,0.422498,0.417515,6.678289,6.626855,5.567398,5.625808,2.57521,2.33536,1.347967,1.230097,0.639171,0.592112,0.496314,0.464171,0.124851,0.114037,0.307487,0.355404,0,,NO_QUALIFYING_CANDIDATE,,,,,,,,0,,NO_QUALIFYING_CANDIDATE,,,,,,,,,0,,NO_QUALIFYING_CANDIDATE,,,,,,,,,1,130.0,0.475111,0.41700735895339325,0.05810364104660676,0.09275529999999998,0.07135023076923076,0.07135023076923076,1,-155.0,0.524889,0.5829926410466066,-0.05810364104660659,-0.13647293548387096,0.0,0.0,1,3.0,-108.0,0.5481651336256574,0.4956702459300312,0.05249488769562627,0.05572544253830325,0.060183477941367504,0.060183477941367504,1,-3.0,-112.0,0.45183486637434256,0.5043297540699689,-0.05249488769562638,-0.14474114579142305,0.0,0.0,1,48.5,-108.0,0.46674971358194606,0.4956702459300312,-0.028920532348085115,-0.10107462569402975,0.0,0.0,1,48.5,-112.0,0.5332502864180539,0.5043297540699689,0.028920532348085004,0.009366613577030669,0.01049060720627435,0.01049060720627435
2026,2,4,401861970,2026-09-26,15:30,UConn Huskies,Miami (OH) RedHawks,0,Yager Stadium,open_air,Artificial,DraftKings,-3.5,51.5,0,0,1,2.5,193,41,3,3,0,0,-1.4325,10.1034,-9.0358,-7.681,-7.171,1.99,1,1,36.817,0.4973,0.5027,,-0.093,0.093,-0.093,3.5,0.36,0.28,0.2,0.16,0,0,0,0,0,0,0.0,0.0,0.0,1,653.1,0.0,0.6531,0.0,1.0,0.0,0.0,2,0.7528,0.3529,52.377,51.5,0.75,0.25,1,1,21.4,2.5,,48.2,0.0,0.0,1,0.3123,51.7193,1.11,52.03,26.57,25.46,0.52694,0.47306,0.44182,0.55818,0.513929,0.486071,16.36,15.22,1,1,cfb-inseason-v7-rebuild-all-games-2026-09-21,0.148649,0.13186,0.200338,0.013061,0.462171,0.454097,0.494303,0.434144,6.565252,6.541917,6.347071,5.206436,2.312872,2.310758,2.706639,1.778781,0.539171,0.673964,0.764171,0.620989,0.13771,0.145012,0.393283,0.317116,0,,NO_QUALIFYING_CANDIDATE,,,,,,,,0,,NO_QUALIFYING_CANDIDATE,,,,,,,,,0,,NO_QUALIFYING_CANDIDATE,,,,,,,,,1,-175.0,0.52694,0.6092362344582594,-0.0822962344582594,-0.17195142857142864,0.0,0.0,1,145.0,0.47306,0.3907637655417407,0.08229623445825929,0.15899700000000005,0.10965310344827589,0.10965310344827589,1,-3.5,-102.0,0.4419259519783454,0.4826358742837298,-0.040709922305384394,-0.12481331078798263,0.0,0.0,1,3.5,-118.0,0.5580740480216546,0.5173641257162701,0.040709922305384505,0.03101815651458223,0.036601424687207035,0.036601424687207035,1,51.5,-115.0,0.5138894010512887,0.5108342361863489,0.00305516486493973,-0.0392502502084604,0.0,0.0,1,51.5,-105.0,0.48611059894871134,0.4891657638136511,-0.0030551648649397856,-0.050926925862039785,0.0,0.0
2026,2,4,401858244,2026-09-26,15:30,William & Mary Tribe,Duke Blue Devils,0,Wallace Wade Stadium,open_air,Grass,DraftKings,-43.5,62.5,0,0,1,2.5,150,,3,0,0,1,11.5978,0.0,,10.899,,,1,1,39.672,0.9911,0.0089,,40.202,-40.202,40.202,43.5,0.6429,0.0,0.3571,0.0,0,0,0,0,0,0,0.0,0.0,0.0,1,,0.0,,,,,0.0,0,0.0,42.3221,43.3152,62.5,0.75,0.25,1,1,25.3,4.8,,28.9,0.0,0.0,1,-0.9808,57.7038,42.32,56.72,49.52,7.2,0.995158,0.004842,0.471302,0.528698,0.352134,0.647866,16.36,15.22,1,1,cfb-inseason-v7-rebuild-all-games-2026-09-21,0.133388,0.052622,-0.034133,0.075107,0.451629,0.44839,0.428598,0.458253,6.118799,5.887085,5.404254,6.075342,2.114308,1.955678,1.373012,2.090078,0.651671,0.581678,0.599171,0.592137,0.160353,0.06853,0.338737,0.342439,0,,NO_QUALIFYING_CANDIDATE,,,,,,,,0,,NO_QUALIFYING_CANDIDATE,,,,,,,,,1,UNDER,SELECTED_BY_MARKETS_YAML,62.5,-112.0,0.6479394991256772,0.5043297540699689,0.14360974505570823,0.22645690905931748,0.2536317381464356,0.2536317381464356,0,,,,,,,,0,,,,,,,,1,-43.5,-115.0,0.4712503641894203,0.5108342361863489,-0.03958387199692864,-0.11896671042847512,0.0,0.0,1,43.5,-105.0,0.5287496358105797,0.4891657638136511,0.03958387199692853,0.03232071753494126,0.03393675341168832,0.03393675341168832,1,62.5,-108.0,0.35206050087432283,0.4956702459300312,-0.14360974505570834,-0.3219575538716745,0.0,0.0,1,62.5,-112.0,0.6479394991256772,0.5043297540699689,0.14360974505570823,0.22645690905931748,0.2536317381464356,0.2536317381464356
2026,2,4,401856806,2026-09-26,16:00,Houston Cougars,Georgia Southern Eagles,0,Allen E. Paulson Stadium,open_air,Artificial,DraftKings,17.5,56.5,0,0,1,2.5,290,248,3,3,0,0,7.9961,17.8499,-7.3538,-7.372,11.459,-16.331,1,1,55.635,0.1236,0.8764,,-16.695,16.695,-16.695,-17.5,0.36,0.28,0.2,0.16,0,0,0,0,0,0,0.0,0.0,0.0,1,823.4,0.0,0.8234,1.0,0.0,1.0,0.0,2,-0.6749,-15.3883,44.4611,56.5,0.75,0.25,1,1,25.8,2.3,,28.9,0.0,0.0,1,0.4247,53.4903,-16.06,53.91,18.93,34.99,0.163086,0.836914,0.534993,0.465007,0.432566,0.567434,16.36,15.22,1,1,cfb-inseason-v7-rebuild-all-games-2026-09-21,0.027056,0.236341,-0.076455,0.081235,0.420249,0.541932,0.384179,0.433656,5.582634,6.991873,4.942531,5.783794,1.673781,2.992971,1.431054,1.634551,0.489171,0.605838,0.439171,0.798964,0.066494,0.200445,0.363737,0.47207,0,,NO_QUALIFYING_CANDIDATE,,,,,,,,1,HOME,SELECTED_BY_MARKETS_YAML,17.5,-112.0,0.5350694350376463,0.5043297540699689,0.03073968096767732,0.012810002035544665,0.014347202279810026,0.014347202279810026,0,,NO_QUALIFYING_CANDIDATE,,,,,,,,,1,625.0,0.163086,0.1322834645669291,0.030802535433070904,0.1823735000000002,0.02917976000000003,0.02917976000000003,1,-950.0,0.836914,0.8677165354330708,-0.030802535433070766,-0.07498978947368426,0.0,0.0,1,17.5,-112.0,0.5350694350376463,0.5043297540699689,0.03073968096767732,0.012810002035544665,0.014347202279810026,0.014347202279810026,1,-17.5,-108.0,0.46493056496235374,0.4956702459300312,-0.03073968096767743,-0.10457817118361495,0.0,0.0,1,56.5,-110.0,0.43243789653862574,0.5,-0.06756210346137426,-0.17443674297171446,0.0,0.0,1,56.5,-110.0,0.5675621034613743,0.5,0.06756210346137426,0.08352765206262358,0.09188041726888593,0.09188041726888593
2026,2,4,401862781,2026-09-26,16:00,North Carolina Central Eagles,East Carolina Pirates,0,Dowdy-Ficklen Stadium,open_air,Grass,DraftKings,-36.5,56.5,0,0,1,2.5,151,,3,0,0,1,-5.5778,0.0,,-4.112,,,1,1,25.496,0.9733,0.0267,,30.64,-30.64,30.64,36.5,0.6429,0.0,0.3571,0.0,0,0,0,0,0,0,0.0,0.0,0.0,1,,0.0,,,,,0.0,0,0.0,34.4071,42.5941,56.5,0.75,0.25,1,1,24.1,6.0,,42.7,0.0,0.0,1,-1.6554,53.0235,34.41,51.37,42.89,8.48,0.982273,0.017727,0.449104,0.550896,0.36799,0.63201,16.36,15.22,1,1,cfb-inseason-v7-rebuild-all-games-2026-09-21,-0.078017,0.052622,-0.000481,0.075107,0.406513,0.44839,0.432636,0.458253,5.531665,5.887085,5.822939,6.075342,1.47521,1.955678,1.886708,2.090078,0.479171,0.581678,0.639171,0.592137,0.031736,0.06853,0.226972,0.342439,0,,NO_QUALIFYING_CANDIDATE,,,,,,,,0,,NO_QUALIFYING_CANDIDATE,,,,,,,,,1,UNDER,SELECTED_BY_MARKETS_YAML,56.5,-112.0,0.6319628474439243,0.5043297540699689,0.12763309337395534,0.19621538980457087,0.2197612365811194,0.2197612365811194,1,-20000.0,0.982273,0.9728415079043373,0.00943149209566263,-0.012815635000000153,0.0,0.0,1,3500.0,0.017727,0.027158492095662744,-0.009431492095662745,-0.3618279999999999,0.0,0.0,1,-36.5,-112.0,0.4491731681056907,0.5043297540699689,-0.05515658596427825,-0.14977936037137118,0.0,0.0,1,36.5,-108.0,0.5508268318943093,0.4956702459300312,0.05515658596427808,0.06085167624089194,0.06571981034016329,0.06571981034016329,1,56.5,-108.0,0.3680371525560757,0.4956702459300312,-0.12763309337395545,-0.2911877061882986,0.0,0.0,1,56.5,-112.0,0.6319628474439243,0.5043297540699689,0.12763309337395534,0.19621538980457087,0.2197612365811194,0.2197612365811194
2026,2,4,401856804,2026-09-26,16:30,Arizona Wildcats,Washington State Cougars,0,Gesa Field,open_air,Artificial,DraftKings,10.5,48.5,0,0,1,2.5,265,12,3,3,0,0,-4.2556,11.4661,-13.2217,-7.306,5.563,-10.369,1,1,50.908,0.2262,0.7738,,-10.483,10.483,-10.483,-10.5,0.36,0.28,0.2,0.16,0,0,0,0,0,0,0.0,0.0,0.0,1,1054.5,0.0,1.0545,0.0,1.0,0.0,0.0,2,1.2154,-10.8954,41.6524,48.5,0.75,0.25,1,1,14.4,1.9,,31.5,0.0,0.0,1,0.6496,46.7881,-9.68,47.44,18.88,28.56,0.27703,0.72297,0.519988,0.480012,0.472178,0.527822,16.36,15.22,1,1,cfb-inseason-v7-rebuild-all-games-2026-09-21,-0.039519,0.118953,0.05913,0.078617,0.436049,0.517683,0.443222,0.414873,5.669352,6.625566,6.258877,5.408175,1.533511,2.258327,1.830097,1.621963,0.614171,0.620989,0.589171,0.614171,0.001886,0.076212,0.288737,0.430629,0,,NO_QUALIFYING_CANDIDATE,,,,,,,,1,HOME,SELECTED_BY_MARKETS_YAML,10.5,-110.0,0.5199875152143342,0.5,0.019987515214334173,-0.007296561863543827,0.0,0.0,0,,NO_QUALIFYING_CANDIDATE,,,,,,,,,1,320.0,0.27703,0.22849462365591394,0.048535376344086056,0.16352600000000006,0.05110187500000002,0.05110187500000002,1,-410.0,0.72297,0.771505376344086,-0.048535376344086,-0.10069585365853659,0.0,0.0,1,10.5,-110.0,0.5199875152143342,0.5,0.019987515214334173,-0.007296561863543827,0.0,0.0,1,-10.5,-110.0,0.4800124847856658,0.5,-0.019987515214334173,-0.083612529045547,0.0,0.0,1,48.5,-105.0,0.4722380284666159,0.4891657638136511,-0.016927735347035233,-0.07801146823184518,0.0,0.0,1,48.5,-115.0,0.5277619715333841,0.5108342361863489,0.016927735347035178,-0.01331457495932542,0.0,0.0
2026,2,4,401858469,2026-09-26,16:30,Oregon Ducks,USC Trojans,0,Los Angeles Memorial Coliseum,open_air,Grass,DraftKings,3.5,61.5,0,0,1,2.5,30,2483,3,3,0,0,9.6895,17.8792,-5.6897,14.792,21.729,-4.437,1,1,92.301,0.468,0.532,,-1.092,1.092,-1.092,-3.5,0.36,0.28,0.2,0.16,0,0,0,0,0,0,0.0,0.0,0.0,1,739.5,0.0,0.7395,0.0,0.0,1.0,0.0,2,-0.7716,-3.6311,54.262,61.5,0.75,0.25,1,1,29.8,3.3,,43.2,0.0,0.0,1,-0.1375,59.6905,-4.4,59.55,27.58,31.98,0.393921,0.606079,0.477999,0.522001,0.449105,0.550895,16.36,15.22,1,1,cfb-inseason-v7-rebuild-all-games-2026-09-21,0.177103,0.138454,0.154521,-0.052368,0.527917,0.487487,0.476477,0.423236,6.823134,6.675365,6.262132,5.857369,2.88183,2.925733,1.990738,1.638564,0.639171,0.759171,0.562248,0.46563,0.127071,0.201758,0.411464,0.408737,0,,NO_QUALIFYING_CANDIDATE,,,,,,,,0,,NO_QUALIFYING_CANDIDATE,,,,,,,,,0,,NO_QUALIFYING_CANDIDATE,,,,,,,,,1,145.0,0.393921,0.3907637655417407,0.003157234458259328,-0.03489354999999994,0.0,0.0,1,-175.0,0.606079,0.6092362344582594,-0.003157234458259328,-0.0475901428571428,0.0,0.0,1,3.5,-115.0,0.47806436222477594,0.5108342361863489,-0.03276987396157299,-0.10622749671020149,0.0,0.0,1,-3.5,-105.0,0.521935637775224,0.4891657638136511,0.03276987396157288,0.01901719756115161,0.019968057439209194,0.019968057439209194,1,61.5,-110.0,0.4490266508205595,0.5,-0.05097334917944052,-0.14276730297893186,0.0,0.0,1,61.5,-110.0,0.5509733491794405,0.5,0.05097334917944052,0.05185821206984098,0.05704403327682507,0.05704403327682507
2026,2,4,401860892,2026-09-26,17:00,Incarnate Word Cardinals,Texas State Bobcats,0,Bobcat Stadium (TX),open_air,Artificial,DraftKings,-30.5,64.5,0,0,1,2.5,326,,3,0,0,1,0.2727,0.0,,-2.015,,,1,1,26.537,0.889,0.111,,17.733,-17.733,17.733,30.5,0.6429,0.0,0.3571,0.0,0,0,0,0,0,0,0.0,0.0,0.0,1,,0.0,,,,,0.0,0,0.0,25.9404,49.9188,64.5,0.75,0.25,1,1,34.0,2.4,,38.1,0.0,0.0,1,0.3685,60.8547,25.94,61.22,43.58,17.64,0.943585,0.056415,0.390235,0.609765,0.414768,0.585232,16.36,15.22,1,1,cfb-inseason-v7-rebuild-all-games-2026-09-21,0.156392,0.052622,0.198166,0.075107,0.497281,0.44839,0.502984,0.458253,6.538982,5.887085,6.581797,6.075342,2.06532,1.955678,2.570448,2.090078,0.582028,0.581678,0.681276,0.592137,0.165609,0.06853,0.446429,0.342439,0,,NO_QUALIFYING_CANDIDATE,,,,,,,,0,,NO_QUALIFYING_CANDIDATE,,,,,,,,,0,,NO_QUALIFYING_CANDIDATE,,,,,,,,,1,-5000.0,0.943585,0.949050949050949,-0.005465949050948993,-0.037543299999999974,0.0,0.0,1,1800.0,0.056415,0.050949050949050945,0.005465949050949055,0.07188500000000009,0.003993611111111116,0.003993611111111116,1,-30.5,-118.0,0.39022655373516124,0.5173641257162701,-0.12713757198110887,-0.27907297699775296,0.0,0.0,1,30.5,-102.0,0.6097734462648388,0.4826358742837298,0.12713757198110898,0.20759055044605323,0.21174236145497427,0.21174236145497427,1,64.5,-115.0,0.41468645112498287,0.5108342361863489,-0.09614778506136606,-0.22471663485329302,0.0,0.0,1,64.5,-105.0,0.5853135488750172,0.4891657638136511,0.09614778506136606,0.14275502399408113,0.1498927751937852,0.1498927751937852
2026,2,4,401858464,2026-09-26,17:00,Nebraska Cornhuskers,Michigan State Spartans,0,Spartan Stadium,open_air,Grass,DraftKings,5.5,49.5,0,0,1,2.5,127,158,3,3,0,0,3.3322,25.1312,-19.299,3.598,15.952,-9.854,1,1,72.064,0.2849,0.7151,,-7.845,7.845,-7.845,-5.5,0.36,0.28,0.2,0.16,0,0,0,0,0,0,0.0,0.0,0.0,1,642.7,0.0,0.6427,1.0,0.0,1.0,0.0,2,-0.8831,-9.396,49.249,49.5,0.75,0.25,1,1,20.2,2.9,,56.6,0.0,0.0,1,0.0874,49.4373,-10.28,49.52,19.62,29.9,0.264902,0.735098,0.385097,0.614903,0.500646,0.499354,16.36,15.22,1,1,cfb-inseason-v7-rebuild-all-games-2026-09-21,0.066905,0.265786,0.078312,-0.034743,0.46375,0.51179,0.453269,0.406028,5.576375,6.839293,5.978479,5.151804,2.356723,3.133193,1.703781,1.371349,0.608402,0.789171,0.705838,0.479171,0.035558,0.241485,0.3899,0.375579,1,AWAY,SELECTED_BY_MARKETS_YAML,-225.0,0.735098,0.6636481241914618,0.07144987580853823,0.061808222222222264,0.1390685000000001,0.1390685000000001,0,,NO_QUALIFYING_CANDIDATE,,,,,,,,,0,,NO_QUALIFYING_CANDIDATE,,,,,,,,,1,185.0,0.264902,0.33635187580853815,-0.07144987580853812,-0.24502929999999995,0.0,0.0,1,-225.0,0.735098,0.6636481241914618,0.07144987580853823,0.061808222222222264,0.1390685000000001,0.1390685000000001,1,5.5,-102.0,0.38507601536586683,0.4826358742837298,-0.09755985891786295,-0.23739847937347947,0.0,0.0,1,-5.5,-118.0,0.6149239846341332,0.5173641257162701,0.09755985891786312,0.13604600551051726,0.1605342865024104,0.1605342865024104,1,49.5,-108.0,0.5005242341203534,0.4956702459300312,0.004853988190322234,-0.03602740095339341,0.0,0.0,1,49.5,-112.0,0.4994757658796466,0.5043297540699689,-0.004853988190322345,-0.05456372887066896,0.0,0.0
2026,2,4,401862785,2026-09-26,17:00,South Florida Bulls,Bowling Green Falcons,0,Doyt L. Perry Stadium,open_air,Artificial,DraftKings,17.5,48.5,0,0,1,2.5,189,58,3,3,0,0,-18.4561,13.8173,-29.7733,-21.411,-1.452,-17.459,1,1,25.786,0.0676,0.9324,,-22.364,22.364,-22.364,-17.5,0.36,0.28,0.2,0.16,0,0,0,0,0,0,0.0,0.0,0.0,1,928.2,0.0,0.9282,0.0,1.0,0.0,0.0,2,1.0698,-20.4251,50.0979,48.5,0.75,0.25,1,1,20.0,3.8,,45.0,0.0,0.0,1,-0.4186,48.8995,-19.36,48.48,14.56,33.92,0.118388,0.881612,0.454857,0.545143,0.499499,0.500501,16.36,15.22,1,1,cfb-inseason-v7-rebuild-all-games-2026-09-21,-0.06022,0.190895,0.206358,0.077084,0.422672,0.511411,0.507738,0.453807,5.26055,6.531691,7.078232,5.819462,1.230097,2.858327,2.814592,1.809664,0.423964,0.639171,0.608402,0.496314,0.023325,0.168201,0.288737,0.418737,0,,NO_QUALIFYING_CANDIDATE,,,,,,,,0,,NO_QUALIFYING_CANDIDATE,,,,,,,,,0,,NO_QUALIFYING_CANDIDATE,,,,,,,,,1,675.0,0.118388,0.12382234185733514,-0.005434341857335143,-0.08249300000000015,0.0,0.0,1,-1050.0,0.881612,0.8761776581426649,0.0054343418573350455,-0.03442495238095235,0.0,0.0,1,17.5,-105.0,0.45474100437327764,0.4891657638136511,-0.03442475944037349,-0.11217232479502948,0.0,0.0,1,-17.5,-115.0,0.5452589956267224,0.5108342361863489,0.03442475944037349,0.019397252693437506,0.022306840597453133,0.022306840597453133,1,48.5,-112.0,0.4994757658796466,0.5043297540699689,-0.004853988190322345,-0.05456372887066896,0.0,0.0,1,48.5,-108.0,0.5005242341203534,0.4956702459300312,0.004853988190322234,-0.03602740095339341,0.0,0.0
2026,2,4,401858466,2026-09-26,17:00,Wisconsin Badgers,Penn State Nittany Lions,0,Beaver Stadium,open_air,Grass,DraftKings,-10,43.5,0,0,1,2.5,213,275,3,3,0,0,20.4958,12.6066,10.3892,15.646,7.37,10.776,1,1,77.038,0.8757,0.1243,,16.643,-16.643,16.643,10.0,0.36,0.28,0.2,0.16,0,0,0,0,0,0,0.0,0.0,0.0,1,613.5,0.0,0.6135,1.0,0.0,1.0,0.0,2,-0.9168,11.6082,43.9191,43.5,0.75,0.25,1,1,18.1,5.4,,52.6,0.0,0.0,1,-1.3181,43.6048,10.69,42.29,26.49,15.8,0.743285,0.256715,0.516854,0.483146,0.46823,0.53177,16.36,15.22,1,1,cfb-inseason-v7-rebuild-all-games-2026-09-21,0.170282,0.10511,-0.067144,-0.028431,0.481932,0.46469,0.395967,0.419975,6.603527,6.59069,4.811622,5.449761,2.708781,2.276509,1.111889,1.540924,0.539171,0.539171,0.439171,0.457353,0.209076,0.089338,0.317116,0.413023,0,,NO_QUALIFYING_CANDIDATE,,,,,,,,1,HOME,SELECTED_BY_MARKETS_YAML,-10.0,-112.0,0.5168208182138361,0.5043297540699689,0.012491064143867137,-0.02173202266666746,0.0,0.0,0,,NO_QUALIFYING_CANDIDATE,,,,,,,,,1,-380.0,0.743285,0.76,-0.016715000000000035,-0.0611136842105264,0.0,0.0,1,300.0,0.256715,0.24,0.016715000000000035,0.026860000000000106,0.008953333333333369,0.008953333333333369,1,-10.0,-112.0,0.5168208182138361,0.5043297540699689,0.012491064143867137,-0.02173202266666746,0.0,0.0,1,10.0,-108.0,0.4831791817861639,0.4956702459300312,-0.012491064143867248,-0.06943268693035093,0.0,0.0,1,43.5,-115.0,0.4683172045171002,0.5108342361863489,-0.04251703166924875,-0.12445044372889968,0.0,0.0,1,43.5,-105.0,0.5316827954828998,0.4891657638136511,0.04251703166924864,0.03804736260947095,0.0399497307399445,0.0399497307399445
2026,2,4,401860894,2026-09-26,17:30,Troy Trojans,Utah State Aggies,0,Maverik Stadium,open_air,Artificial,DraftKings,-3,47.5,0,0,1,2.5,328,2653,3,3,0,0,-1.7319,4.9159,-4.1478,-6.961,-8.591,4.13,1,1,35.949,0.5231,0.4769,,0.79,-0.79,0.79,3.0,0.36,0.28,0.2,0.16,0,0,0,0,0,0,0.0,0.0,0.0,1,1579.5,0.0,1.5795,1.0,1.0,0.0,0.0,2,1.8205,1.7308,39.1222,47.5,0.75,0.25,1,1,22.9,3.6,,29.0,0.0,0.0,1,-0.3061,45.4056,3.55,45.1,24.33,20.77,0.585923,0.414077,0.51344,0.48656,0.437336,0.562664,16.36,15.22,1,1,cfb-inseason-v7-rebuild-all-games-2026-09-21,-0.062172,0.044407,-0.029399,-0.013349,0.426708,0.421341,0.435778,0.417159,5.570721,5.903006,5.218741,5.394178,1.246639,1.901342,1.924834,1.731054,0.464171,0.572504,0.439171,0.566444,-0.068713,0.079905,0.375946,0.338737,0,,NO_QUALIFYING_CANDIDATE,,,,,,,,0,,NO_QUALIFYING_CANDIDATE,,,,,,,,,0,,NO_QUALIFYING_CANDIDATE,,,,,,,,,1,-148.0,0.585923,0.5720596355604638,0.013863364439536174,-0.01818308108108113,0.0,0.0,1,124.0,0.414077,0.4279403644395361,-0.013863364439536119,-0.0724675199999999,0.0,0.0,1,-3.0,-108.0,0.5134093477879418,0.4956702459300312,0.01773910185791061,-0.011211626482482417,0.0,0.0,1,3.0,-112.0,0.4865906522120582,0.5043297540699689,-0.017739101857910722,-0.07895340831288983,0.0,0.0,1,47.5,-102.0,0.43735162248470627,0.4826358742837298,-0.04528425179902351,-0.13387227704009147,0.0,0.0,1,47.5,-118.0,0.5626483775152937,0.5173641257162701,0.04528425179902362,0.03946903642655958,0.0465734629833403,0.0465734629833403
2026,2,4,401858239,2026-09-26,18:00,Delaware Blue Hens,Virginia Cavaliers,0,Scott Stadium,open_air,Grass,DraftKings,-19.5,52.5,0,0,1,2.5,258,48,3,3,0,0,12.7131,7.3316,7.8815,11.806,-8.945,23.251,1,1,57.235,0.8755,0.1245,,16.625,-16.625,16.625,19.5,0.36,0.28,0.2,0.16,0,0,0,0,0,0,0.0,0.0,0.0,1,186.6,0.0,0.1866,0.0,1.0,0.0,0.0,2,0.2151,18.1163,42.8349,52.5,0.75,0.25,1,1,23.9,4.9,,34.3,0.0,0.0,1,-1.037,50.0837,18.33,49.05,33.69,15.36,0.86875,0.13125,0.471527,0.528473,0.410254,0.589746,16.36,15.22,1,1,cfb-inseason-v7-rebuild-all-games-2026-09-21,0.120542,0.054188,-0.033052,-0.020034,0.487992,0.430932,0.424555,0.41389,6.188496,6.291587,5.450046,5.474906,2.45744,2.031054,1.459595,1.501456,0.689171,0.562248,0.539171,0.614171,0.114479,0.070057,0.280842,0.348737,0,,NO_QUALIFYING_CANDIDATE,,,,,,,,0,,NO_QUALIFYING_CANDIDATE,,,,,,,,,0,,NO_QUALIFYING_CANDIDATE,,,,,,,,,1,-1450.0,0.86875,0.8988580750407832,-0.030108075040783167,-0.07133620689655178,0.0,0.0,1,850.0,0.13125,0.10114192495921696,0.03010807504078304,0.24687500000000007,0.02904411764705883,0.02904411764705883,1,-19.5,-115.0,0.4714935883104494,0.5108342361863489,-0.039340647875899526,-0.11851198707176858,0.0,0.0,1,19.5,-105.0,0.5285064116895506,0.4891657638136511,0.03934064787589947,0.03184585139388452,0.03343814396357874,0.03343814396357874,1,52.5,-108.0,0.4103380680676192,0.4956702459300312,-0.08533217786241198,-0.20971927631421483,0.0,0.0,1,52.5,-112.0,0.5896619319323808,0.5043297540699689,0.08533217786241187,0.1161457997291494,0.13008329569664734,0.13008329569664734
2026,2,4,401869961,2026-09-26,18:00,James Madison Dukes,Old Dominion Monarchs,0,S.B. Ballard Stadium,open_air,Artificial,DraftKings,6,44.5,0,0,1,2.5,295,256,3,3,0,0,-0.2792,17.5068,-15.286,-9.977,5.899,-13.376,1,1,48.206,0.2448,0.7552,,-9.6,9.6,-9.6,-6.0,0.36,0.28,0.2,0.16,0,0,0,0,0,0,0.0,0.0,0.0,1,176.5,0.0,0.1765,0.0,0.0,1.0,0.0,2,-1.4205,-10.271,45.0542,44.5,0.75,0.25,1,1,17.7,10.6,,73.4,0.0,0.0,1,-4.2415,44.6385,-11.69,40.4,14.35,26.04,0.237416,0.762584,0.363961,0.636039,0.393743,0.606257,16.36,15.22,1,1,cfb-inseason-v7-rebuild-all-games-2026-09-21,-0.122664,0.111485,-0.048237,-0.058107,0.38681,0.468745,0.397026,0.39336,5.759782,6.660224,5.267398,5.097587,2.07521,2.711474,1.776754,1.272074,0.639171,0.592112,0.439171,0.46563,-0.161971,0.15617,0.288737,0.344987,0,,NO_QUALIFYING_CANDIDATE,,,,,,,,0,,NO_QUALIFYING_CANDIDATE,,,,,,,,,1,UNDER,SELECTED_BY_MARKETS_YAML,44.5,-112.0,0.6061822825094368,0.5043297540699689,0.1018525284394679,0.147416463321434,0.16510643892000607,0.16510643892000607,1,185.0,0.237416,0.33635187580853815,-0.09893587580853816,-0.32336440000000005,0.0,0.0,1,-225.0,0.762584,0.6636481241914618,0.09893587580853824,0.10151022222222228,0.22839800000000013,0.22839800000000013,1,6.0,-108.0,0.36399537846397934,0.4956702459300312,-0.13167486746605184,-0.2989718636990027,0.0,0.0,1,-6.0,-112.0,0.6360046215360207,0.5043297540699689,0.13167486746605173,0.20386589076461048,0.22832979765636374,0.22832979765636374,1,44.5,-108.0,0.39381771749056316,0.4956702459300312,-0.10185252843946802,-0.2415362477959524,0.0,0.0,1,44.5,-112.0,0.6061822825094368,0.5043297540699689,0.1018525284394679,0.147416463321434,0.16510643892000607,0.16510643892000607
2026,2,4,401869931,2026-09-26,18:00,Kennesaw State Owls,Arkansas State Red Wolves,0,Centennial Bank Stadium,open_air,Artificial,DraftKings,-6.5,53.5,0,0,1,2.5,2032,338,3,3,0,0,-0.3224,2.5078,-0.3303,-9.898,-11.164,3.766,1,1,27.713,0.5903,0.4097,,3.114,-3.114,3.114,6.5,0.36,0.28,0.2,0.16,0,0,0,0,0,0,0.0,0.0,0.0,1,367.6,0.0,0.36760000000000004,1.0,1.0,0.0,0.0,2,0.4237,3.9644,46.3932,53.5,0.75,0.25,1,1,26.1,3.6,,44.9,0.0,0.0,1,-0.3061,51.7233,4.39,51.42,27.9,23.51,0.605736,0.394264,0.448644,0.551356,0.445575,0.554425,16.36,15.22,1,1,cfb-inseason-v7-rebuild-all-games-2026-09-21,0.042608,0.072268,0.112052,0.039289,0.492646,0.478961,0.465627,0.442801,6.501158,5.917389,7.011717,6.232369,2.019998,1.926858,2.101079,2.020448,0.620989,0.539171,0.727535,0.743408,0.075381,0.118777,0.382487,0.355404,0,,NO_QUALIFYING_CANDIDATE,,,,,,,,0,,NO_QUALIFYING_CANDIDATE,,,,,,,,,0,,NO_QUALIFYING_CANDIDATE,,,,,,,,,1,-238.0,0.605736,0.6750312469954812,-0.06929524699548117,-0.13975307563025197,0.0,0.0,1,195.0,0.394264,0.32496875300451883,0.06929524699548117,0.16307880000000008,0.08363015384615388,0.08363015384615388,1,-6.5,-108.0,0.44868946502752816,0.4956702459300312,-0.046980780902503017,-0.1358573266136494,0.0,0.0,1,6.5,-112.0,0.5513105349724718,0.5043297540699689,0.046980780902502906,0.04355208405503597,0.04877833414164029,0.04877833414164029,1,53.5,-108.0,0.4456488704058707,0.4956702459300312,-0.05002137552416047,-0.1417132866257304,0.0,0.0,1,53.5,-112.0,0.5543511295941292,0.5043297540699689,0.050021375524160305,0.04930749530317319,0.05522439473955398,0.05522439473955398
2026,2,4,401867909,2026-09-26,18:00,Long Island University Sharks,Florida International Panthers,0,FIU Stadium,open_air,Artificial,DraftKings,-36.5,53.5,0,0,1,2.5,2229,,3,0,0,1,5.1837,0.0,,-11.821,,,1,1,19.663,0.9633,0.0367,,27.844,-27.844,27.844,36.5,0.6429,0.0,0.3571,0.0,0,0,0,0,0,0,0.0,0.0,0.0,1,1111.3,0.0,1.1113,0.0,1.0,0.0,0.0,2,1.2809,33.4086,43.5608,53.5,0.75,0.25,1,1,28.4,3.3,,60.7,1.0,0.0,1,-0.1375,51.0152,34.69,50.88,42.78,8.09,0.983013,0.016987,0.455939,0.544061,0.431604,0.568396,16.36,15.22,1,1,cfb-inseason-v7-rebuild-all-games-2026-09-21,0.003456,0.052622,-0.053477,0.075107,0.422449,0.44839,0.396669,0.458253,5.943277,5.887085,4.917587,6.075342,1.672202,1.955678,1.857835,2.090078,0.419171,0.581678,0.419171,0.592137,0.049423,0.06853,0.360959,0.342439,0,,NO_QUALIFYING_CANDIDATE,,,,,,,,0,,NO_QUALIFYING_CANDIDATE,,,,,,,,,0,,NO_QUALIFYING_CANDIDATE,,,,,,,,,1,-20000.0,0.983013,0.9728415079043373,0.010171492095662704,-0.012071935000000079,0.0,0.0,1,3500.0,0.016987,0.027158492095662744,-0.010171492095662746,-0.38846800000000004,0.0,0.0,1,-36.5,-110.0,0.45595261963466066,0.5,-0.04404738036533934,-0.12954499887928422,0.0,0.0,1,36.5,-110.0,0.5440473803653394,0.5,0.044047380365339395,0.03863590797019345,0.04249949876721279,0.04249949876721279,1,53.5,-115.0,0.4316629791984536,0.5108342361863489,-0.07917125698789534,-0.19297790845506502,0.0,0.0,1,53.5,-105.0,0.5683370208015464,0.4891657638136511,0.07917125698789523,0.10961037394587614,0.11509089264316995,0.11509089264316995
2026,2,4,401866429,2026-09-26,18:00,Massachusetts Minutemen,Sacramento State Hornets,0,Hornet Stadium,open_air,Artificial,DraftKings,4.5,48.5,0,0,1,2.5,16,113,3,3,0,0,-2.1354,12.7,-12.3354,-27.65,-8.345,-16.805,1,1,8.366,0.2401,0.7599,,-9.819,9.819,-9.819,-4.5,0.36,0.28,0.2,0.16,0,0,0,0,0,0,0.0,0.0,0.0,1,2547.8,0.0,2.5478,3.0,1.0,0.0,0.0,2,2.9366,-10.2629,41.283,48.5,0.75,0.25,1,1,27.0,2.9,,16.3,0.0,0.0,1,0.0874,46.6957,-7.33,46.78,19.73,27.05,0.327142,0.672858,0.431421,0.568579,0.455093,0.544907,16.36,15.22,1,1,cfb-inseason-v7-rebuild-all-games-2026-09-21,-0.040111,0.123204,0.010911,-0.037052,0.456741,0.463413,0.419378,0.419365,5.592243,6.438328,6.094608,5.153737,1.566493,2.224834,1.926004,1.462318,0.46994,0.496314,0.639171,0.614171,-0.014928,0.166962,0.331594,0.363737,0,,NO_QUALIFYING_CANDIDATE,,,,,,,,0,,NO_QUALIFYING_CANDIDATE,,,,,,,,,0,,NO_QUALIFYING_CANDIDATE,,,,,,,,,1,160.0,0.327142,0.3690596562184024,-0.04191765621840243,-0.14943079999999997,0.0,0.0,1,-192.0,0.672858,0.6309403437815976,0.04191765621840238,0.023304875000000058,0.0447453600000001,0.0447453600000001,1,4.5,-110.0,0.4313324402693868,0.5,-0.06866755973061323,-0.17654715948571614,0.0,0.0,1,-4.5,-110.0,0.5686675597306132,0.5,0.06866755973061323,0.08563806857662526,0.09420187543428778,0.09420187543428778,1,48.5,-112.0,0.4550116313234083,0.5043297540699689,-0.04931812274656061,-0.13872798356640575,0.0,0.0,1,48.5,-108.0,0.5449883686765917,0.4956702459300312,0.049318122746560555,0.04960722856232491,0.0535758068473109,0.0535758068473109
2026,2,4,401870745,2026-09-26,18:00,Mercyhurst Lakers,Western Kentucky Hilltoppers,0,Houchens Industries-L.T. Smith Stadium,open_air,Artificial,DraftKings,-40.5,58.5,0,0,1,2.5,98,,3,0,0,1,-16.5041,0.0,,-12.784,,,1,1,16.113,0.9582,0.0418,,26.689,-26.689,26.689,40.5,0.6429,0.0,0.3571,0.0,0,0,0,0,0,0,0.0,0.0,0.0,1,491.2,0.0,0.49119999999999997,1.0,1.0,0.0,0.0,2,0.5661,35.5675,46.1978,58.5,0.75,0.25,1,1,22.8,2.5,,35.2,0.0,0.0,1,0.3123,55.4245,36.13,55.74,45.94,9.8,0.986401,0.013599,0.394776,0.605224,0.427966,0.572034,16.36,15.22,1,1,cfb-inseason-v7-rebuild-all-games-2026-09-21,-0.031363,0.052622,0.196546,0.075107,0.426376,0.44839,0.497015,0.458253,5.008698,5.887085,7.495911,6.075342,1.2782,1.955678,2.710448,2.090078,0.667742,0.581678,0.759171,0.592137,0.009594,0.06853,0.346429,0.342439,0,,NO_QUALIFYING_CANDIDATE,,,,,,,,0,,NO_QUALIFYING_CANDIDATE,,,,,,,,,0,,NO_QUALIFYING_CANDIDATE,,,,,,,,,0,,,,,,,,0,,,,,,,,1,-40.5,-110.0,0.3946903423151359,0.5,-0.10530965768486411,-0.24650025558019512,0.0,0.0,1,40.5,-110.0,0.6053096576848641,0.5,0.10530965768486411,0.15559116467110423,0.17115028113821465,0.17115028113821465,1,58.5,-105.0,0.4280502214205025,0.4891657638136511,-0.06111554239314865,-0.1642829010361619,0.0,0.0,1,58.5,-115.0,0.5719497785794976,0.5108342361863489,0.06111554239314865,0.06929741212688673,0.07969202394591975,0.07969202394591975
2026,2,4,401871048,2026-09-26,18:00,Middle Tennessee Blue Raiders,Jacksonville State Gamecocks,0,AmFirst Stadium,open_air,Artificial,DraftKings,-7,51.5,0,0,1,2.5,55,2393,3,3,0,0,5.6628,7.0879,1.0749,-8.486,-13.965,7.979,1,1,26.197,0.6856,0.3144,,6.646,-6.646,6.646,7.0,0.36,0.28,0.2,0.16,0,0,0,0,0,0,0.0,0.0,0.0,1,144.4,0.0,0.1444,0.0,0.0,1.0,0.0,2,-1.4575,6.2553,48.1603,51.5,0.75,0.25,1,1,23.8,1.7,,43.5,0.0,0.0,1,0.762,50.6651,4.8,51.43,28.11,23.31,0.615341,0.384659,0.446461,0.553539,0.498089,0.501911,16.36,15.22,1,1,cfb-inseason-v7-rebuild-all-games-2026-09-21,0.122317,0.150071,0.064246,0.011347,0.49352,0.47519,0.470481,0.442173,6.198445,6.169497,5.461709,5.650599,2.108129,2.109664,2.291281,1.866639,0.501671,0.479171,0.496314,0.659171,0.086496,0.170636,0.413737,0.262267,0,,NO_QUALIFYING_CANDIDATE,,,,,,,,0,,NO_QUALIFYING_CANDIDATE,,,,,,,,,0,,NO_QUALIFYING_CANDIDATE,,,,,,,,,1,-285.0,0.615341,0.7095435684647302,-0.09420256846473019,-0.16874987719298243,0.0,0.0,1,230.0,0.384659,0.2904564315352697,0.0942025684647303,0.26937469999999986,0.11711943478260864,0.11711943478260864,1,-7.0,-112.0,0.44651375513615715,0.5043297540699689,-0.057815998933811785,-0.15481324920655976,0.0,0.0,1,7.0,-108.0,0.5534862448638429,0.4956702459300312,0.05781599893381173,0.06597350862666052,0.07125138931679335,0.07125138931679335,1,51.5,-110.0,0.498165186519276,0.5,-0.0018348134807240069,-0.048957371190473054,0.0,0.0,1,51.5,-110.0,0.501834813480724,0.5,0.0018348134807240069,-0.041951719718617775,0.0,0.0
2026,2,4,401862784,2026-09-26,18:00,Southern Miss Golden Eagles,Tulane Green Wave,0,Yulman Stadium,open_air,Artificial,DraftKings,-17.5,52.5,0,0,1,2.5,2655,2572,3,3,0,0,-3.0283,0.2342,-0.7625,-2.184,-11.774,12.09,1,1,34.962,0.8565,0.1435,,15.228,-15.228,15.228,17.5,0.36,0.28,0.2,0.16,0,0,0,0,0,0,0.0,0.0,0.0,1,106.4,0.0,0.10640000000000001,0.0,1.0,0.0,0.0,2,0.1226,12.6088,42.9872,52.5,0.75,0.25,1,1,29.1,2.3,,48.9,0.0,0.0,1,0.4247,50.1218,12.73,50.55,31.64,18.91,0.781776,0.218224,0.385343,0.614657,0.448936,0.551064,16.36,15.22,1,1,cfb-inseason-v7-rebuild-all-games-2026-09-21,0.043386,0.00125,0.145327,0.07401,0.405534,0.459913,0.451497,0.454917,6.019947,5.92878,6.13092,6.094269,1.703781,1.893255,2.003781,1.87521,0.739171,0.689171,0.559171,0.562248,0.031491,0.040399,0.348737,0.354122,0,,NO_QUALIFYING_CANDIDATE,,,,,,,,0,,NO_QUALIFYING_CANDIDATE,,,,,,,,,0,,NO_QUALIFYING_CANDIDATE,,,,,,,,,1,-1100.0,0.781776,0.88,-0.09822399999999998,-0.1471534545454546,0.0,0.0,1,700.0,0.218224,0.12,0.098224,0.745792,0.10654171428571428,0.10654171428571428,1,-17.5,-115.0,0.38530969902661205,0.5108342361863489,-0.12552453715973688,-0.27963838877633407,0.0,0.0,1,17.5,-105.0,0.614690300973388,0.4891657638136511,0.12552453715973683,0.20010963523375735,0.21011511699544524,0.21011511699544524,1,52.5,-108.0,0.4490266508205595,0.4956702459300312,-0.04664359510947169,-0.1352079317529965,0.0,0.0,1,52.5,-112.0,0.5509733491794405,0.5043297540699689,0.04664359510947158,0.04291383951822664,0.04806350026041384,0.04806350026041384
2026,2,4,401856696,2026-09-26,18:10,South Carolina Gamecocks,Alabama Crimson Tide,0,Bryant-Denny Stadium,open_air,Grass,DraftKings,-12.5,54.5,0,0,1,2.5,333,2579,3,3,0,0,14.4608,14.3102,2.6507,24.643,9.85,17.293,1,1,86.613,0.8215,0.1785,,13.011,-13.011,13.011,12.5,0.36,0.28,0.2,0.16,0,0,0,0,0,0,0.0,0.0,0.0,1,379.5,0.0,0.3795,1.0,1.0,0.0,0.0,2,0.4374,12.3683,49.0357,54.5,0.75,0.25,1,1,27.9,1.2,,56.1,0.0,0.0,1,1.0431,53.1339,12.81,54.18,33.49,20.69,0.783112,0.216888,0.507455,0.492545,0.491536,0.508464,16.36,15.22,1,1,cfb-inseason-v7-rebuild-all-games-2026-09-21,0.114222,0.179527,-0.067346,0.066795,0.512366,0.510964,0.406932,0.416871,6.458456,6.81602,5.711873,5.61084,2.532353,2.65243,1.579391,1.763781,0.672504,0.651671,0.764171,0.582028,0.063282,0.129251,0.38198,0.402152,0,,NO_QUALIFYING_CANDIDATE,,,,,,,,1,HOME,SELECTED_BY_MARKETS_YAML,-12.5,-110.0,0.5075589673928091,0.5,0.007558967392809146,-0.031023789522818868,0.0,0.0,0,,NO_QUALIFYING_CANDIDATE,,,,,,,,,1,-520.0,0.783112,0.8042929292929294,-0.021180929292929362,-0.06628953846153843,0.0,0.0,1,390.0,0.216888,0.1957070707070707,0.021180929292929307,0.06275120000000001,0.016090051282051283,0.016090051282051283,1,-12.5,-110.0,0.5075589673928091,0.5,0.007558967392809146,-0.031023789522818868,0.0,0.0,1,12.5,-110.0,0.49244103260719085,0.5,-0.007558967392809146,-0.05988530138627196,0.0,0.0,1,54.5,-108.0,0.49161286958574457,0.4956702459300312,-0.004057376344286601,-0.053190028945973356,0.0,0.0,1,54.5,-112.0,0.5083871304142554,0.5043297540699689,0.00405737634428649,-0.037695788858730817,0.0,0.0
2026,2,4,401858238,2026-09-26,18:30,Central Michigan Chippewas,Miami Hurricanes,0,Hard Rock Stadium,open_air,Artificial,DraftKings,-41.5,53.5,0,0,1,2.5,2390,2117,3,3,0,0,28.3417,0.9157,29.9259,25.673,-16.405,44.578,1,1,52.374,0.9953,0.0047,,45.669,-45.669,45.669,41.5,0.36,0.28,0.2,0.16,0,0,0,0,0,0,0.0,0.0,0.0,1,1243.8,0.0,1.2438,0.0,0.0,1.0,0.0,2,-0.1903,41.3438,41.7254,53.5,0.75,0.25,1,1,27.4,3.2,,65.6,1.0,0.0,1,-0.0813,50.5564,41.15,50.48,45.81,4.66,0.994057,0.005943,0.49155,0.50845,0.421231,0.578769,16.36,15.22,1,1,cfb-inseason-v7-rebuild-all-games-2026-09-21,0.247832,0.033467,-0.044383,-0.009181,0.531185,0.437104,0.399173,0.445424,7.7349,5.280346,4.880346,5.334095,2.763781,1.580252,1.148781,1.763781,0.719171,0.548964,0.4106,0.599171,0.290516,-0.012473,0.438737,0.333737,0,,NO_QUALIFYING_CANDIDATE,,,,,,,,0,,NO_QUALIFYING_CANDIDATE,,,,,,,,,0,,NO_QUALIFYING_CANDIDATE,,,,,,,,,0,,,,,,,,0,,,,,,,,1,-41.5,-112.0,0.4914658222661734,0.5043297540699689,-0.012863931803795525,-0.06972540785331466,0.0,0.0,1,41.5,-108.0,0.5085341777338266,0.4956702459300312,0.012863931803795414,-0.02060084288300057,0.0,0.0,1,53.5,-112.0,0.42135701203392506,0.5043297540699689,-0.08297274203604388,-0.20243137007864187,0.0,0.0,1,53.5,-108.0,0.5786429879660749,0.4956702459300312,0.08297274203604377,0.1144235323791074,0.12357741496943599,0.12357741496943599
2026,2,4,401862783,2026-09-26,18:30,Houston Christian Huskies,North Texas Mean Green,0,DATCU Stadium,open_air,Artificial,DraftKings,-38.5,60.5,0,0,1,2.5,249,,3,0,0,1,3.2206,0.0,,0.116,,,1,1,27.576,0.9642,0.0358,,28.068,-28.068,28.068,38.5,0.6429,0.0,0.3571,0.0,0,0,0,0,0,0,0.0,0.0,0.0,1,261.3,0.0,0.26130000000000003,0.0,1.0,0.0,0.0,2,0.3012,34.7743,50.6249,60.5,0.75,0.25,1,1,34.2,3.8,,30.7,0.0,0.0,1,-0.4186,58.0312,35.08,57.61,46.34,11.27,0.983983,0.016017,0.417098,0.582902,0.424769,0.575231,16.36,15.22,1,1,cfb-inseason-v7-rebuild-all-games-2026-09-21,0.15142,0.052622,0.145489,0.075107,0.476427,0.44839,0.47548,0.458253,6.537036,5.887085,6.433071,6.075342,2.26532,1.955678,2.493255,2.090078,0.614171,0.581678,0.624885,0.592137,0.14869,0.06853,0.445714,0.342439,0,,NO_QUALIFYING_CANDIDATE,,,,,,,,0,,NO_QUALIFYING_CANDIDATE,,,,,,,,,0,,NO_QUALIFYING_CANDIDATE,,,,,,,,,0,,,,,,,,0,,,,,,,,1,-38.5,-110.0,0.41720598700225486,0.5,-0.08279401299774514,-0.20351584299569525,0.0,0.0,1,38.5,-110.0,0.5827940129977451,0.5,0.08279401299774514,0.11260675208660442,0.12386742729526486,0.12386742729526486,1,60.5,-110.0,0.42470090289136675,0.5,-0.07529909710863325,-0.18920736720739073,0.0,0.0,1,60.5,-110.0,0.5752990971086333,0.5,0.07529909710863325,0.0982982762982999,0.10812810392812988,0.10812810392812988
2026,2,4,401862780,2026-09-26,18:30,Louisiana Ragin' Cajuns,Charlotte 49ers,0,Jerry Richardson Stadium,open_air,Artificial,DraftKings,10,49.5,0,0,1,2.5,2429,309,3,3,0,0,-4.3529,8.2005,-10.0534,-18.565,-3.043,-13.022,1,1,28.983,0.2921,0.7079,,-7.546,7.546,-7.546,-10.0,0.36,0.28,0.2,0.16,0,0,0,0,0,0,0.0,0.0,0.0,1,744.3,0.0,0.7443,1.0,0.0,1.0,0.0,2,-0.766,-10.3639,48.7149,49.5,0.75,0.25,1,1,23.9,3.0,,36.0,0.0,0.0,1,0.0312,49.3037,-11.13,49.33,19.1,30.23,0.248153,0.751847,0.472468,0.527532,0.495672,0.504328,16.36,15.22,1,1,cfb-inseason-v7-rebuild-all-games-2026-09-21,0.069182,0.114525,0.170239,0.035446,0.466468,0.452089,0.503581,0.461297,6.009958,6.113817,6.408927,5.321396,2.168781,2.270448,2.434551,1.598376,0.539171,0.779171,0.667742,0.614171,0.08652,0.11227,0.324451,0.332855,0,,NO_QUALIFYING_CANDIDATE,,,,,,,,0,,NO_QUALIFYING_CANDIDATE,,,,,,,,,0,,NO_QUALIFYING_CANDIDATE,,,,,,,,,1,320.0,0.248153,0.22849462365591394,0.01965837634408607,0.04224260000000013,0.01320081250000004,0.01320081250000004,1,-410.0,0.751847,0.771505376344086,-0.01965837634408596,-0.06477568292682923,0.0,0.0,1,10.0,-112.0,0.47246659021533327,0.5043297540699689,-0.03186316385463567,-0.10568823994954774,0.0,0.0,1,-10.0,-108.0,0.5275334097846667,0.4956702459300312,0.0318631638546355,0.015990270696395137,0.017269492352106747,0.017269492352106747,1,49.5,-105.0,0.4955441013463182,0.4891657638136511,0.006378337532667089,-0.03250913546671208,0.0,0.0,1,49.5,-115.0,0.5044558986536818,0.5108342361863489,-0.006378337532667144,-0.05688679816920367,0.0,0.0
2026,2,4,401856702,2026-09-26,18:30,Texas A&M Aggies,LSU Tigers,0,Tiger Stadium (LA),open_air,Grass,DraftKings,-8.5,51.5,0,0,1,2.5,99,245,3,3,0,0,16.9192,9.8897,9.5295,22.113,15.085,9.528,1,1,94.122,0.629,0.371,,4.501,-4.501,4.501,8.5,0.36,0.28,0.2,0.16,0,0,0,0,0,0,0.0,0.0,0.0,1,307.2,0.0,0.3072,0.0,0.0,1.0,0.0,2,-1.2698,8.1528,44.3718,51.5,0.75,0.25,1,1,29.3,1.3,,55.1,0.0,0.0,1,0.9869,49.718,6.88,50.7,28.79,21.91,0.663019,0.336981,0.460631,0.539369,0.479167,0.520833,16.36,15.22,1,1,cfb-inseason-v7-rebuild-all-games-2026-09-21,0.092514,0.057276,-0.119638,-0.077597,0.467416,0.471312,0.376151,0.40154,6.367748,5.495817,5.109726,6.150528,2.408781,2.342243,1.459595,1.50622,0.572504,0.605838,0.614171,0.548964,0.086994,0.04496,0.44486,0.381594,0,,NO_QUALIFYING_CANDIDATE,,,,,,,,0,,NO_QUALIFYING_CANDIDATE,,,,,,,,,0,,NO_QUALIFYING_CANDIDATE,,,,,,,,,1,-345.0,0.663019,0.7440690150970525,-0.08105001509705245,-0.14480157971014493,0.0,0.0,1,275.0,0.336981,0.2559309849029475,0.08105001509705245,0.26367874999999996,0.0958831818181818,0.0958831818181818,1,-8.5,-108.0,0.4605603992957911,0.4956702459300312,-0.03510984663424005,-0.11299478654143918,0.0,0.0,1,8.5,-112.0,0.5394396007042088,0.5043297540699689,0.03510984663423988,0.021082101332966674,0.023611953492922676,0.023611953492922676,1,51.5,-112.0,0.4790402808742822,0.5043297540699689,-0.02528947319568675,-0.09324518263082304,0.0,0.0,1,51.5,-108.0,0.5209597191257178,0.4956702459300312,0.02528947319568664,0.0033298294273084172,0.00359621578149309,0.00359621578149309
2026,2,4,401856703,2026-09-26,18:45,Missouri Tigers,Mississippi State Bulldogs,0,Davis Wade Stadium,open_air,Grass,DraftKings,-6,58.5,0,0,1,2.5,344,142,3,3,0,0,21.6712,12.6409,11.5303,14.258,9.605,7.153,1,1,79.852,0.6743,0.3257,,6.202,-6.202,6.202,6.0,0.36,0.28,0.2,0.16,0,0,0,0,0,0,0.0,0.0,0.0,1,426.9,0.0,0.4269,0.0,0.0,1.0,0.0,2,-1.1319,7.2481,51.6115,58.5,0.75,0.25,1,1,25.9,1.9,,53.8,0.0,0.0,1,0.6496,56.7779,6.12,57.43,31.77,25.66,0.645743,0.354257,0.502834,0.497166,0.47191,0.52809,16.36,15.22,1,1,cfb-inseason-v7-rebuild-all-games-2026-09-21,0.213445,0.104497,0.004165,-0.041925,0.514605,0.458616,0.439075,0.395761,7.319369,6.286706,5.29473,5.368863,3.25115,2.732353,1.530097,1.462318,0.624885,0.539171,0.46563,0.689171,0.182136,0.085594,0.419987,0.312421,0,,NO_QUALIFYING_CANDIDATE,,,,,,,,0,,NO_QUALIFYING_CANDIDATE,,,,,,,,,0,,NO_QUALIFYING_CANDIDATE,,,,,,,,,1,-230.0,0.645743,0.6690070210631895,-0.02326402106318959,-0.07349917391304356,0.0,0.0,1,190.0,0.354257,0.33099297893681046,0.023264021063189533,0.027345300000000017,0.014392263157894747,0.014392263157894747,1,-6.0,-108.0,0.5029262007564965,0.4956702459300312,0.0072559548264653495,-0.03140139113563628,0.0,0.0,1,6.0,-112.0,0.4970737992435035,0.5043297540699689,-0.0072559548264654605,-0.059110308574797044,0.0,0.0,1,58.5,-112.0,0.47197655225568635,0.5043297540699689,-0.032353201814282584,-0.10661581180173657,0.0,0.0,1,58.5,-108.0,0.5280234477443136,0.4956702459300312,0.03235320181428247,0.016934047507567107,0.018288771308172472,0.018288771308172472
2026,2,4,401862782,2026-09-26,19:00,Florida Atlantic Owls,UL Monroe Warhawks,0,Malone Stadium,open_air,Artificial,DraftKings,11.5,58.5,0,0,1,2.5,2433,2226,3,3,0,0,-8.9926,-5.3145,-1.1781,-24.568,-8.242,-13.826,1,1,12.158,0.2499,0.7501,,-9.369,9.369,-9.369,-11.5,0.36,0.28,0.2,0.16,0,0,0,0,0,0,0.0,0.0,0.0,1,835.2,0.0,0.8352,1.0,1.0,0.0,0.0,2,0.9626,-10.0736,50.2952,58.5,0.75,0.25,1,1,29.1,1.9,,44.7,0.0,0.0,1,0.6496,56.4488,-9.11,57.1,23.99,33.1,0.288797,0.711203,0.558051,0.441949,0.463313,0.536687,16.36,15.22,1,1,cfb-inseason-v7-rebuild-all-games-2026-09-21,-0.002416,0.015808,0.164753,0.12977,0.466142,0.438342,0.498683,0.443318,5.37175,5.323228,6.774237,6.677785,1.752619,2.033781,2.572202,2.388397,0.632297,0.566444,0.511898,0.700709,0.015552,0.014434,0.329646,0.392583,0,,NO_QUALIFYING_CANDIDATE,,,,,,,,0,,NO_QUALIFYING_CANDIDATE,,,,,,,,,0,,NO_QUALIFYING_CANDIDATE,,,,,,,,,1,370.0,0.288797,0.2042241228835748,0.08457287711642522,0.3573459000000001,0.096579972972973,0.096579972972973,1,-485.0,0.711203,0.7957758771164253,-0.08457287711642525,-0.14215720618556701,0.0,0.0,1,11.5,-108.0,0.5580740480216546,0.4956702459300312,0.06240380209162344,0.07480927767133483,0.0807940198850416,0.0807940198850416,1,-11.5,-112.0,0.4419259519783454,0.5043297540699689,-0.06240380209162355,-0.16349730518384625,0.0,0.0,1,58.5,-105.0,0.46335528404578985,0.4891657638136511,-0.025810479767861272,-0.09535396924393413,0.0,0.0,1,58.5,-115.0,0.5366447159542101,0.5108342361863489,0.025810479767861216,0.0032922950448275867,0.0037861393015517254,0.0037861393015517254
2026,2,4,401856814,2026-09-26,19:00,Kansas State Wildcats,Cincinnati Bearcats,0,Nippert Stadium,open_air,Artificial,DraftKings,6.5,55.5,0,0,1,2.5,2132,2306,3,3,0,0,18.9134,26.7969,-5.3835,7.055,9.664,-0.109,1,1,70.09,0.4167,0.5833,,-2.866,2.866,-2.866,-6.5,0.36,0.28,0.2,0.16,0,0,0,0,0,0,0.0,0.0,0.0,1,646.5,0.0,0.6465,1.0,0.0,1.0,0.0,2,-0.8788,-3.8051,50.7689,55.5,0.75,0.25,1,1,19.7,1.8,,61.3,0.0,0.0,1,0.7058,54.3172,-4.68,55.02,25.17,29.85,0.387325,0.612675,0.544197,0.455803,0.4875,0.5125,16.36,15.22,1,1,cfb-inseason-v7-rebuild-all-games-2026-09-21,0.228607,0.190245,0.00402,-0.086397,0.521932,0.500772,0.448965,0.377198,6.631873,6.922225,5.826158,4.492261,2.928106,3.01521,1.687992,1.198067,0.759171,0.672504,0.479171,0.539171,0.207439,0.129536,0.414413,0.524451,0,,NO_QUALIFYING_CANDIDATE,,,,,,,,1,HOME,SELECTED_BY_MARKETS_YAML,6.5,-115.0,0.5442897365554386,0.5108342361863489,0.03345550036908962,0.017585159647124204,0.02022293359419284,0.02022293359419284,0,,NO_QUALIFYING_CANDIDATE,,,,,,,,,1,195.0,0.387325,0.32496875300451883,0.062356246995481146,0.14260874999999995,0.07313269230769227,0.07313269230769227,1,-238.0,0.612675,0.6750312469954812,-0.06235624699548126,-0.12989852941176472,0.0,0.0,1,6.5,-115.0,0.5442897365554386,0.5108342361863489,0.03345550036908962,0.017585159647124204,0.02022293359419284,0.02022293359419284,1,-6.5,-105.0,0.45571026344456145,0.4891657638136511,-0.033455500369089675,-0.11027996184633243,0.0,0.0,1,55.5,-105.0,0.48742046281577,0.4891657638136511,-0.0017453009978811163,-0.048369572597782406,0.0,0.0,1,55.5,-115.0,0.51257953718423,0.5108342361863489,0.0017453009978810607,-0.04169912613383098,0.0,0.0
2026,2,4,401856881,2026-09-26,19:00,Oklahoma State Cowboys,West Virginia Mountaineers,0,Milan Puskar Stadium,open_air,Artificial,DraftKings,-1.5,61.5,0,0,1,2.5,277,197,3,3,0,0,12.6646,10.6117,4.5529,2.523,6.898,-1.875,1,1,62.259,0.5847,0.4153,,2.917,-2.917,2.917,1.5,0.36,0.28,0.2,0.16,0,0,0,0,0,0,0.0,0.0,0.0,1,962.7,0.0,0.9627,1.0,0.0,1.0,0.0,2,-0.5143,1.3269,44.7397,61.5,0.75,0.25,1,1,17.5,3.7,,68.7,0.0,0.0,1,-0.3624,57.3099,0.81,56.95,28.88,28.07,0.519806,0.480194,0.483241,0.516759,0.382428,0.617572,16.36,15.22,1,1,cfb-inseason-v7-rebuild-all-games-2026-09-21,0.157937,0.017615,0.016342,-0.049927,0.459764,0.483187,0.440755,0.395682,6.532562,6.675411,5.650528,5.476337,2.473347,2.268898,1.532353,1.50622,0.639171,0.479171,0.479171,0.539171,0.123129,0.12592,0.39207,0.307968,0,,NO_QUALIFYING_CANDIDATE,,,,,,,,0,,NO_QUALIFYING_CANDIDATE,,,,,,,,,1,UNDER,SELECTED_BY_MARKETS_YAML,61.5,-115.0,0.6175104257195523,0.5108342361863489,0.10667618953320335,0.15447601330177152,0.1776474152970373,0.1776474152970373,1,-125.0,0.519806,0.5324675324675325,-0.012661532467532544,-0.0643492,0.0,0.0,1,105.0,0.480194,0.4675324675324676,0.012661532467532433,-0.015602300000000069,0.0,0.0,1,-1.5,-112.0,0.4831791817861639,0.5043297540699689,-0.021150572283805014,-0.08541083447618975,0.0,0.0,1,1.5,-108.0,0.5168208182138361,0.4956702459300312,0.021150572283804903,-0.00464138714372303,0.0,0.0,1,61.5,-105.0,0.3824895742804478,0.4891657638136511,-0.10667618953320335,-0.2532346406905544,0.0,0.0,1,61.5,-115.0,0.6175104257195523,0.5108342361863489,0.10667618953320335,0.15447601330177152,0.1776474152970373,0.1776474152970373
2026,2,4,401860895,2026-09-26,19:00,Oregon State Beavers,UTEP Miners,0,Sun Bowl,open_air,Artificial,DraftKings,10.5,56.5,0,0,1,2.5,2638,204,3,3,0,0,-6.7215,5.0265,-9.248,-20.424,-0.097,-17.827,1,1,27.899,0.1689,0.8311,,-13.58,13.58,-13.58,-10.5,0.36,0.28,0.2,0.16,0,0,0,0,0,0,0.0,0.0,0.0,1,1264.4,0.0,1.2644000000000002,1.0,0.0,1.0,0.0,2,-0.1666,-12.9672,47.8861,56.5,0.75,0.25,1,1,24.2,0.9,,55.3,0.0,0.0,1,1.2118,54.3465,-13.13,55.56,21.21,34.35,0.211045,0.788955,0.43605,0.56395,0.475332,0.524668,16.36,15.22,1,1,cfb-inseason-v7-rebuild-all-games-2026-09-21,-0.021406,0.13698,0.084067,0.103506,0.434161,0.45336,0.470821,0.452629,5.707141,6.406158,5.762666,5.894331,1.901342,2.055955,2.366939,2.003781,0.389171,0.719171,0.589171,0.46994,0.02214,0.155183,0.224451,0.310166,0,,NO_QUALIFYING_CANDIDATE,,,,,,,,0,,NO_QUALIFYING_CANDIDATE,,,,,,,,,0,,NO_QUALIFYING_CANDIDATE,,,,,,,,,1,340.0,0.211045,0.21809369951534735,-0.00704869951534734,-0.07140199999999985,0.0,0.0,1,-440.0,0.788955,0.7819063004846527,0.0070486995153472565,-0.031737045454545476,0.0,0.0,1,10.5,-105.0,0.43614202420605774,0.4891657638136511,-0.05302373960759338,-0.14848461940722063,0.0,0.0,1,-10.5,-115.0,0.5638579757939423,0.5108342361863489,0.05302373960759332,0.05416925909302239,0.062294647956975764,0.062294647956975764,1,56.5,-105.0,0.47537664414082603,0.4891657638136511,-0.01378911967282509,-0.07188369477267303,0.0,0.0,1,56.5,-115.0,0.524623355859174,0.5108342361863489,0.013789119672825034,-0.01918242165458789,0.0,0.0
2026,2,4,401860891,2026-09-26,19:00,Rice Owls,Fresno State Bulldogs,0,Valley Children's Stadium,open_air,Artificial,DraftKings,-13.5,44.5,0,0,1,2.5,278,242,3,3,0,0,3.8818,-2.1125,8.4944,-0.884,-13.954,15.57,1,1,33.982,0.8846,0.1154,,17.358,-17.358,17.358,13.5,0.36,0.28,0.2,0.16,0,0,0,0,0,0,0.0,0.0,0.0,1,1484.7,0.0,1.4847000000000001,2.0,1.0,0.0,0.0,2,1.7112,14.0503,42.0223,44.5,0.75,0.25,1,1,31.0,1.1,,19.2,0.0,0.0,1,1.0993,43.8806,15.76,44.98,30.37,14.61,0.832331,0.167669,0.554973,0.445027,0.512577,0.487423,16.36,15.22,1,1,cfb-inseason-v7-rebuild-all-games-2026-09-21,0.035252,0.043377,-0.010082,0.073962,0.428174,0.469166,0.453288,0.462366,5.8762,5.592268,5.979496,5.945413,1.928781,1.621963,1.482729,2.274749,0.572504,0.614171,0.464171,0.648964,0.129693,0.077449,0.293023,0.323353,0,,NO_QUALIFYING_CANDIDATE,,,,,,,,0,,NO_QUALIFYING_CANDIDATE,,,,,,,,,1,OVER,SELECTED_BY_MARKETS_YAML,44.5,-105.0,0.51257953718423,0.4891657638136511,0.023413773370578872,0.0007505249787347346,0.0007880512276714713,0.0007880512276714713,1,-535.0,0.832331,0.8081570996978852,0.02417390030211486,-0.012093112149532653,0.0,0.0,1,400.0,0.167669,0.19184290030211482,-0.024173900302114804,-0.16165499999999988,0.0,0.0,1,-13.5,-105.0,0.5549358282613086,0.4891657638136511,0.06577006444765748,0.08344614089112634,0.08761844793568266,0.08761844793568266,1,13.5,-115.0,0.4450641717386914,0.5108342361863489,-0.06577006444765754,-0.16792350501027264,0.0,0.0,1,44.5,-105.0,0.51257953718423,0.4891657638136511,0.023413773370578872,0.0007505249787347346,0.0007880512276714713,0.0007880512276714713,1,44.5,-115.0,0.48742046281577,0.5108342361863489,-0.023413773370578927,-0.08873565647486481,0.0,0.0
2026,2,4,401856697,2026-09-26,19:00,Tulsa Golden Hurricane,Arkansas Razorbacks,0,Razorback Stadium,open_air,Artificial,DraftKings,-7,50.5,0,0,1,2.5,8,202,3,3,0,0,-6.4687,11.6354,-15.6041,2.16,-4.884,9.544,1,1,49.481,0.5411,0.4589,,1.404,-1.404,1.404,7.0,0.36,0.28,0.2,0.16,0,0,0,0,0,0,0.0,0.0,0.0,1,98.7,0.0,0.0987,0.0,0.0,1.0,0.0,2,-1.5101,2.9765,42.5207,50.5,0.75,0.25,1,1,27.5,3.3,,43.9,0.0,0.0,1,-0.1375,48.5052,1.47,48.37,24.92,23.45,0.535709,0.464291,0.367589,0.632411,0.444291,0.555709,16.36,15.22,1,1,cfb-inseason-v7-rebuild-all-games-2026-09-21,0.004357,0.088318,0.11396,-0.089342,0.4434,0.438633,0.476477,0.423561,5.229697,6.068721,6.332132,5.26727,1.798067,2.10622,2.28183,1.208781,0.589171,0.599171,0.764171,0.305838,-0.044192,0.070262,0.411464,0.258737,0,,NO_QUALIFYING_CANDIDATE,,,,,,,,0,,NO_QUALIFYING_CANDIDATE,,,,,,,,,0,,NO_QUALIFYING_CANDIDATE,,,,,,,,,1,-270.0,0.535709,0.700162074554295,-0.16445307455429503,-0.26588025925925934,0.0,0.0,1,220.0,0.464291,0.299837925445705,0.16445307455429503,0.48573120000000003,0.2207869090909091,0.2207869090909091,1,-7.0,-112.0,0.36767422388776905,0.5043297540699689,-0.1366555301821999,-0.30404521906958004,0.0,0.0,1,7.0,-108.0,0.632325776112231,0.4956702459300312,0.13665553018219978,0.21781260584577822,0.23523761431344045,0.23523761431344045,1,50.5,-115.0,0.4443507601451683,0.5108342361863489,-0.06648347604118066,-0.1692572745112072,0.0,0.0,1,50.5,-105.0,0.5556492398548317,0.4891657638136511,0.0664834760411806,0.08483899209752854,0.08908094170240498,0.08908094170240498
2026,2,4,401864509,2026-09-26,19:30,Air Force Falcons,Nevada Wolf Pack,0,Mackay Stadium,open_air,Artificial,DraftKings,6,50.5,0,0,1,2.5,2440,2005,3,2,0,0,2.5508,8.696,-3.6451,-8.475,-5.34,-0.635,1,1,36.755,0.4668,0.5332,,-1.135,1.135,-1.135,-6.0,0.36,0.28,0.2,0.16,0,0,0,0,0,0,0.0,0.0,0.0,1,800.9,0.0,0.8009,1.0,1.0,0.0,0.0,2,0.9231,-3.148,46.7927,50.5,0.75,0.25,1,1,21.0,4.0,,28.6,0.0,0.0,1,-0.531,49.5732,-2.22,49.04,23.41,25.63,0.445912,0.554088,0.591246,0.408754,0.461846,0.538154,16.36,15.22,1,1,cfb-inseason-v7-rebuild-all-games-2026-09-21,0.031963,0.164279,0.056999,0.019005,0.449674,0.508665,0.450201,0.430385,6.062103,5.986567,5.365856,5.942528,1.86532,2.209272,1.820448,2.242822,0.659171,0.687853,0.614171,0.665285,0.043461,0.120185,0.355404,0.363077,0,,NO_QUALIFYING_CANDIDATE,,,,,,,,1,HOME,SELECTED_BY_MARKETS_YAML,6.0,-112.0,0.5913625431697087,0.5043297540699689,0.08703278909973977,0.11936481385694864,0.1336885915197825,0.1336885915197825,0,,NO_QUALIFYING_CANDIDATE,,,,,,,,,1,195.0,0.445912,0.32496875300451883,0.12094324699548115,0.31544039999999995,0.16176430769230765,0.16176430769230765,1,-238.0,0.554088,0.6750312469954812,-0.1209432469954812,-0.21310191596638647,0.0,0.0,1,6.0,-112.0,0.5913625431697087,0.5043297540699689,0.08703278909973977,0.11936481385694864,0.1336885915197825,0.1336885915197825,1,-6.0,-108.0,0.4086374568302913,0.4956702459300312,-0.08703278909973988,-0.2129945275861056,0.0,0.0,1,50.5,-110.0,0.461789508537819,0.5,-0.03821049146218097,-0.11840184733689096,0.0,0.0,1,50.5,-110.0,0.538210491462181,0.5,0.03821049146218103,0.02749275642780019,0.030242032070580207,0.030242032070580207
2026,2,4,401864572,2026-09-26,19:30,App State Mountaineers,NC State Wolfpack,0,Carter-Finley Stadium,open_air,Grass,DraftKings,-14,55.5,0,0,1,2.5,152,2026,3,3,0,0,10.5705,16.3603,-3.2898,2.744,-5.571,10.815,1,1,48.719,0.7505,0.2495,,9.387,-9.387,9.387,14.0,0.36,0.28,0.2,0.16,0,0,0,0,0,0,0.0,0.0,0.0,1,168.2,0.0,0.1682,0.0,0.0,1.0,0.0,2,-1.43,9.4192,46.8244,55.5,0.75,0.25,1,1,20.1,2.1,,51.7,0.0,0.0,1,0.5371,53.3311,7.99,53.87,30.93,22.94,0.687344,0.312656,0.356657,0.643343,0.45731,0.54269,16.36,15.22,1,1,cfb-inseason-v7-rebuild-all-games-2026-09-21,0.13825,0.17218,0.033778,-0.039392,0.477316,0.487487,0.439075,0.423202,6.302202,6.617031,5.60673,5.356317,2.369635,2.556413,1.711098,1.50622,0.700709,0.592112,0.632297,0.539171,0.112452,0.184797,0.400276,0.349548,0,,NO_QUALIFYING_CANDIDATE,,,,,,,,0,,NO_QUALIFYING_CANDIDATE,,,,,,,,,0,,NO_QUALIFYING_CANDIDATE,,,,,,,,,1,-600.0,0.687344,0.8223350253807106,-0.13499102538071062,-0.19809866666666667,0.0,0.0,1,440.0,0.312656,0.17766497461928932,0.13499102538071067,0.6883424,0.15644145454545455,0.15644145454545455,1,-14.0,-110.0,0.3566754709536982,0.5,-0.14332452904630177,-0.31907410090657606,0.0,0.0,1,14.0,-110.0,0.6433245290463018,0.5,0.14332452904630177,0.22816500999748524,0.25098151099723376,0.25098151099723376,1,55.5,-105.0,0.45735643941703286,0.4891657638136511,-0.031809324396618266,-0.10706599923341209,0.0,0.0,1,55.5,-115.0,0.5426435605829671,0.5108342361863489,0.03180932439661821,0.0145075263072863,0.016683655253379247,0.016683655253379247
2026,2,4,401858240,2026-09-26,19:30,Georgia Tech Yellow Jackets,Stanford Cardinal,0,Stanford Stadium,open_air,Grass,DraftKings,3.5,48.5,0,0,1,2.5,24,59,2,3,0,0,-8.3323,3.2514,-9.0837,-5.727,0.004,-3.231,1,1,46.105,0.3176,0.6824,,-6.517,6.517,-6.517,-3.5,0.36,0.28,0.2,0.16,0,0,0,0,0,0,0.0,0.0,0.0,1,2122.6,0.0,2.1226,3.0,1.0,0.0,0.0,2,2.4465,-4.9215,43.6323,48.5,0.75,0.25,1,1,17.0,2.8,,70.7,0.0,0.0,1,0.1436,47.2831,-2.47,47.43,22.48,24.95,0.439876,0.560124,0.524979,0.475021,0.47189,0.52811,16.36,15.22,1,1,cfb-inseason-v7-rebuild-all-games-2026-09-21,-0.002881,0.010231,0.147055,0.059905,0.417519,0.468888,0.46551,0.447258,5.577713,6.01063,6.158888,5.463919,1.558781,2.003781,2.248913,1.776754,0.548964,0.516094,0.763249,0.479171,0.031459,0.057001,0.344153,0.37207,0,,NO_QUALIFYING_CANDIDATE,,,,,,,,1,HOME,SELECTED_BY_MARKETS_YAML,3.5,-112.0,0.5251001987382905,0.5043297540699689,0.020770444668321564,-0.006060338102521601,0.0,0.0,0,,NO_QUALIFYING_CANDIDATE,,,,,,,,,1,145.0,0.439876,0.3907637655417407,0.049112234458259296,0.07769619999999999,0.05358358620689654,0.05358358620689654,1,-175.0,0.560124,0.6092362344582594,-0.04911223445825941,-0.11980514285714294,0.0,0.0,1,3.5,-112.0,0.5251001987382905,0.5043297540699689,0.020770444668321564,-0.006060338102521601,0.0,0.0,1,-3.5,-108.0,0.4748998012617095,0.4956702459300312,-0.020770444668321675,-0.0853781605330039,0.0,0.0,1,48.5,-108.0,0.47197655225568635,0.4956702459300312,-0.023693693674344818,-0.09100812158164107,0.0,0.0,1,48.5,-112.0,0.5280234477443136,0.5043297540699689,0.023693693674344707,-0.0005270453411206355,0.0,0.0
2026,2,4,401858470,2026-09-26,20:00,Minnesota Golden Gophers,Washington Huskies,0,Husky Stadium,open_air,Artificial,DraftKings,-10,46.5,0,0,1,2.5,264,135,3,3,0,0,15.3292,7.7891,10.04,4.353,1.787,5.066,1,1,59.403,0.7331,0.2669,,8.612,-8.612,8.612,10.0,0.36,0.28,0.2,0.16,0,0,0,0,0,0,0.0,0.0,0.0,1,1391.6,0.0,1.3916,2.0,1.0,0.0,0.0,2,1.6039,8.3473,41.5266,46.5,0.75,0.25,1,1,11.6,4.3,,75.4,0.0,0.0,1,-0.6997,45.2566,9.95,44.56,27.25,17.3,0.728494,0.271506,0.498811,0.501189,0.449207,0.550793,16.36,15.22,1,1,cfb-inseason-v7-rebuild-all-games-2026-09-21,0.097459,0.084358,-0.122093,0.007364,0.475871,0.488054,0.41491,0.423352,6.349102,6.10473,5.311417,5.575102,2.123781,2.111474,1.361921,1.624834,0.572504,0.539171,0.439171,0.667742,0.137262,0.032466,0.369506,0.363737,0,,NO_QUALIFYING_CANDIDATE,,,,,,,,0,,NO_QUALIFYING_CANDIDATE,,,,,,,,,0,,NO_QUALIFYING_CANDIDATE,,,,,,,,,1,-410.0,0.728494,0.771505376344086,-0.04301137634408603,-0.09382453658536588,0.0,0.0,1,320.0,0.271506,0.22849462365591394,0.04301137634408608,0.14032520000000015,0.04385162500000005,0.04385162500000005,1,-10.0,-115.0,0.498780740649926,0.5108342361863489,-0.012053495536422931,-0.0674968761762253,0.0,0.0,1,10.0,-105.0,0.5012192593500739,0.4891657638136511,0.01205349553642282,-0.021429065078427068,0.0,0.0,1,46.5,-108.0,0.44928663636278654,0.4956702459300312,-0.04638360956724463,-0.1347072188568555,0.0,0.0,1,46.5,-112.0,0.5507133636372135,0.5043297540699689,0.04638360956724452,0.0424217240275826,0.04751233091089251,0.04751233091089251
2026,2,4,401858241,2026-09-26,20:00,Missouri State Bears,SMU Mustangs,0,Gerald J. Ford Stadium,open_air,Artificial,DraftKings,-33.5,59.5,0,0,1,2.5,2567,2623,3,3,0,0,11.1647,-1.2239,14.8886,9.093,-12.219,23.812,1,1,49.261,0.9691,0.0309,,29.369,-29.369,29.369,33.5,0.36,0.28,0.2,0.16,0,0,0,0,0,0,0.0,0.0,0.0,1,360.5,0.0,0.3605,0.0,1.0,0.0,0.0,2,0.4155,26.9833,50.0914,59.5,0.75,0.25,1,1,31.9,3.6,,28.7,0.0,0.0,1,-0.3061,57.1479,27.4,56.84,42.12,14.72,0.953008,0.046992,0.3546,0.6454,0.430674,0.569326,16.36,15.22,1,1,cfb-inseason-v7-rebuild-all-games-2026-09-21,0.204273,0.056937,0.082334,0.155425,0.495365,0.461707,0.449323,0.486322,7.212512,6.35489,5.854109,5.827831,2.468781,2.038067,1.87521,2.329496,0.614171,0.571691,0.739171,0.559171,0.164635,0.101162,0.35979,0.361594,0,,NO_QUALIFYING_CANDIDATE,,,,,,,,0,,NO_QUALIFYING_CANDIDATE,,,,,,,,,0,,NO_QUALIFYING_CANDIDATE,,,,,,,,,1,-9000.0,0.953008,0.9625668449197861,-0.009558844919786091,-0.036403022222222296,0.0,0.0,1,2500.0,0.046992,0.0374331550802139,0.009558844919786098,0.2217920000000001,0.008871680000000003,0.008871680000000003,1,-33.5,-115.0,0.35462608543220264,0.5108342361863489,-0.1562081507541463,-0.33700340549631685,0.0,0.0,1,33.5,-105.0,0.6453739145677974,0.4891657638136511,0.15620815075414624,0.26001573796569954,0.27301652486398453,0.27301652486398453,1,59.5,-110.0,0.43063016552360495,0.5,-0.06936983447639505,-0.1778878658185724,0.0,0.0,1,59.5,-110.0,0.5693698344763951,0.5,0.06936983447639511,0.08697877490948158,0.09567665240042973,0.09567665240042973
