season,season_type,week,game_id,game_date,game_time,away_team,home_team,neutral_site,stadium,roof,surface,bookmaker,home_spread,total,neutral_site_original,neutral_site_corrected,home_stadium_match,home_field_points,home_team_id,away_team_id,home_prior_team_weeks,away_prior_team_weeks,home_prior_fallback,away_prior_fallback,home_prior_rating,away_prior_rating,prior_home_margin,home_fpi,away_fpi,fpi_home_margin,espn_prediction_match_valid,espn_margin_consistent,espn_matchup_quality,espn_home_prob,espn_away_prob,espn_tie_prob,espn_home_ptdiff,espn_away_ptdiff,espn_home_margin,market_home_margin,margin_weight_market,margin_weight_fpi,margin_weight_espn,margin_weight_prior,home_out_count,home_doubtful_count,home_questionable_count,away_out_count,away_doubtful_count,away_questionable_count,home_injury_penalty,away_injury_penalty,injury_margin_adjustment,travel_data_available,away_miles_traveled,home_miles_traveled,travel_net_miles_1000,travel_net_time_zones,travel_net_east_to_west,travel_net_west_to_east,travel_international,travel_features_used,travel_margin_adjustment,predicted_margin_before_travel,prior_total,market_total,total_weight_market,total_weight_prior,weather_data_available,weather_exposed,weather_temperature_c,weather_wind_speed_ms,weather_wind_gust_ms,weather_humidity_pct,weather_rain_flag,weather_snow_flag,weather_features_used,weather_total_adjustment,predicted_total_before_weather,predicted_margin,predicted_total,predicted_home_score,predicted_away_score,home_win_probability,away_win_probability,home_cover_probability,away_cover_probability,over_probability,under_probability,probability_margin_sd,probability_total_sd,spread_probability_line_available,total_probability_line_available,projection_version,home_prior_off_epa_per_play,away_prior_off_epa_per_play,home_prior_def_epa_per_play,away_prior_def_epa_per_play,home_prior_off_success_rate,away_prior_off_success_rate,home_prior_def_success_rate,away_prior_def_success_rate,home_prior_yards_per_play,away_prior_yards_per_play,home_prior_yards_per_play_allowed,away_prior_yards_per_play_allowed,home_prior_points_per_drive,away_prior_points_per_drive,home_prior_points_per_drive_allowed,away_prior_points_per_drive_allowed,home_prior_red_zone_td_rate,away_prior_red_zone_td_rate,home_prior_red_zone_td_rate_allowed,away_prior_red_zone_td_rate_allowed,home_prior_early_down_epa,away_prior_early_down_epa,home_prior_third_down_conversion_rate,away_prior_third_down_conversion_rate,ml_selected,ml_selection,ml_selection_reason,ml_odds_american,ml_model_probability,ml_implied_probability,ml_edge,ml_ev,ml_full_kelly,ml_kelly,spread_selected,spread_selection,spread_selection_reason,spread_line,spread_odds_american,spread_model_probability,spread_implied_probability,spread_edge,spread_ev,spread_full_kelly,spread_kelly,total_selected,total_selection,total_selection_reason,total_line,total_odds_american,total_model_probability,total_implied_probability,total_edge,total_ev,total_full_kelly,total_kelly,ml_home_available,ml_home_odds_american,ml_home_model_probability,ml_home_implied_probability,ml_home_edge,ml_home_ev,ml_home_full_kelly,ml_home_kelly,ml_away_available,ml_away_odds_american,ml_away_model_probability,ml_away_implied_probability,ml_away_edge,ml_away_ev,ml_away_full_kelly,ml_away_kelly,spread_home_available,spread_home_line,spread_home_odds_american,spread_home_model_probability,spread_home_implied_probability,spread_home_edge,spread_home_ev,spread_home_full_kelly,spread_home_kelly,spread_away_available,spread_away_line,spread_away_odds_american,spread_away_model_probability,spread_away_implied_probability,spread_away_edge,spread_away_ev,spread_away_full_kelly,spread_away_kelly,total_over_available,total_over_line,total_over_odds_american,total_over_model_probability,total_over_implied_probability,total_over_edge,total_over_ev,total_over_full_kelly,total_over_kelly,total_under_available,total_under_line,total_under_odds_american,total_under_model_probability,total_under_implied_probability,total_under_edge,total_under_ev,total_under_full_kelly,total_under_kelly
2026,2,1,401856766,2026-08-29,11:00,North Carolina Tar Heels,TCU Horned Frogs,0,Amon G. Carter Stadium,open_air,Grass,Draft Kings,-7.5,46.5,1,1,1,2.5,2628,153,12,12,0,0,7.6041,2.9577,7.1464,6.366,4.91,3.956,1,1,63.556,0.5154,0.4846,,0.526,-0.526,0.526,7.5,0.36,0.28,0.2,0.16,0,0,0,0,0,0,0.0,0.0,0.0,1,1067.0,0.0,1.067,1.0,1.0,0.0,0.0,2,1.2298,5.0563,45.0236,46.5,0.75,0.25,1,1,33.5,1.6,,42.1,0.0,0.0,1,0.8182,46.1309,6.29,46.95,26.62,20.33,0.673287,0.326713,0.465453,0.534547,0.512797,0.487203,14.0,14.0,1,1,cfb-week1-v6-2026-08-26,0.088948,0.018473,0.082065,0.012927,0.463193,0.429587,0.441209,0.445668,6.185318,5.490204,5.782123,5.20008,2.323319,1.592782,1.917113,1.996983,0.578039,0.510579,0.557641,0.440464,0.010428,-0.015186,0.375218,0.336115,0,,NO_QUALIFYING_CANDIDATE,,,,,,,,0,,NO_QUALIFYING_CANDIDATE,,,,,,,,,0,,NO_QUALIFYING_CANDIDATE,,,,,,,,,1,-310.0,0.673287,0.725752508361204,-0.052465508361204005,-0.1095236451612904,0.0,0.0,1,250.0,0.326713,0.27424749163879597,0.052465508361204005,0.1434955,0.057398199999999996,0.05,1,-7.5,-112.0,0.465453,0.5043297540699689,-0.03887675406996893,-0.11896396428571432,0.0,0.0,1,7.5,-108.0,0.534547,0.4956702459300312,0.03887675406996882,0.029497925925925983,0.031857760000000054,0.031857760000000054,1,46.5,-110.0,0.512797,0.5,0.012796999999999947,-0.021023909090909176,0.0,0.0,1,46.5,-110.0,0.487203,0.5,-0.012797000000000003,-0.06988518181818171,0.0,0.0
2026,2,1,401864494,2026-08-29,12:00,San José State Spartans,USC Trojans,0,Los Angeles Memorial Coliseum,open_air,Grass,Draft Kings,-38.5,60.5,0,0,1,2.5,30,23,12,12,0,0,16.6466,1.1796,17.9671,16.982,-14.286,33.768,1,1,53.391,0.9842,0.0158,,35.204,-35.204,35.204,38.5,0.36,0.28,0.2,0.16,0,0,0,0,0,0,0.0,0.0,0.0,1,304.2,0.0,0.30419999999999997,0.0,0.0,1.0,0.0,2,-1.2733,33.2306,48.9373,60.5,0.75,0.25,1,1,33.8,2.6,,41.3,0.0,0.0,1,0.256,57.6093,31.96,57.87,44.91,12.95,0.988775,0.011225,0.320129,0.679871,0.425365,0.574635,14.0,14.0,1,1,cfb-week1-v6-2026-08-26,0.229889,0.020319,0.062028,0.1159,0.510111,0.45673,0.477236,0.451227,7.133384,6.557989,5.944253,6.050925,2.827013,1.519888,1.857092,2.306843,0.643913,0.550035,0.638593,0.513253,0.143749,0.036156,0.450579,0.390129,0,,NO_QUALIFYING_CANDIDATE,,,,,,,,0,,NO_QUALIFYING_CANDIDATE,,,,,,,,,0,,NO_QUALIFYING_CANDIDATE,,,,,,,,,0,,,,,,,,0,,,,,,,,1,-38.5,-105.0,0.320129,0.4891657638136511,-0.16903676381365113,-0.3749862380952381,0.0,0.0,1,38.5,-115.0,0.679871,0.5108342361863489,0.16903676381365107,0.27106317391304335,0.3117226499999999,0.05,1,60.5,-112.0,0.425365,0.5043297540699689,-0.07896475406996895,-0.19484482142857146,0.0,0.0,1,60.5,-108.0,0.574635,0.4956702459300312,0.07896475406996883,0.10670444444444449,0.11524080000000003,0.05
2026,2,1,401858202,2026-08-29,15:30,NC State Wolfpack,Virginia Cavaliers,0,Scott Stadium,open_air,Grass,Draft Kings,-4,50.5,0,0,1,2.5,258,152,13,12,0,0,11.1813,7.4743,6.207,7.895,3.719,6.676,1,1,64.494,0.681,0.319,,6.465,-6.465,6.465,4.0,0.36,0.28,0.2,0.16,0,0,0,0,0,0,0.0,0.0,0.0,1,154.5,0.0,0.1545,0.0,0.0,1.0,0.0,2,-1.4458,5.5954,45.9655,50.5,0.75,0.25,1,1,29.0,2.3,,55.7,0.0,0.0,1,0.4247,49.3664,4.15,49.79,26.97,22.82,0.616537,0.383463,0.504262,0.495738,0.479808,0.520192,14.0,14.0,1,1,cfb-week1-v6-2026-08-26,0.089038,0.137165,-0.003737,0.110181,0.454963,0.452582,0.416509,0.449264,5.865459,6.557444,5.456984,6.351133,2.094369,2.308722,1.470419,2.120497,0.54408,0.711198,0.606642,0.563253,0.026955,0.139838,0.423128,0.350533,0,,NO_QUALIFYING_CANDIDATE,,,,,,,,0,,NO_QUALIFYING_CANDIDATE,,,,,,,,,0,,NO_QUALIFYING_CANDIDATE,,,,,,,,,1,-185.0,0.616537,0.6224665518611737,-0.005929551861173721,-0.05019975675675675,0.0,0.0,1,154.0,0.383463,0.37753344813882633,0.005929551861173665,-0.026003980000000038,0.0,0.0,1,-4.0,-112.0,0.504262,0.5043297540699689,-6.77540699689505e-05,-0.04550407142857149,0.0,0.0,1,4.0,-108.0,0.495738,0.4956702459300312,6.775406996883948e-05,-0.04524533333333325,0.0,0.0,1,50.5,-118.0,0.479808,0.5173641257162701,-0.037556125716270095,-0.11357505084745761,0.0,0.0,1,50.5,-102.0,0.520192,0.4826358742837298,0.037556125716270206,0.030184156862745115,0.030787840000000014,0.030787840000000014
2026,2,1,401858201,2026-08-29,16:00,Hawai'i Rainbow Warriors,Stanford Cardinal,0,Stanford Stadium,open_air,Grass,Draft Kings,-4,48.5,0,0,1,2.5,24,62,12,11,0,0,-4.775,9.7913,-12.0663,-3.344,-2.371,1.527,1,1,45.951,0.6057,0.3943,,3.66,-3.66,3.66,4.0,0.36,0.28,0.2,0.16,0,0,0,0,0,0,0.0,0.0,0.0,1,2399.5,0.0,2.3995,3.0,0.0,1.0,0.0,2,1.1417,0.669,40.6357,48.5,0.75,0.25,1,1,24.2,4.3,,43.9,0.0,0.0,1,-0.6997,46.5339,1.81,45.83,23.82,22.01,0.551453,0.448547,0.437867,0.562133,0.424493,0.575507,14.0,14.0,1,1,cfb-week1-v6-2026-08-26,-0.032246,0.083654,0.08976,0.007292,0.40957,0.449921,0.456128,0.445664,5.212991,6.307612,6.151615,6.299565,1.261762,2.185449,2.121771,1.498088,0.410579,0.599726,0.415804,0.471965,-0.035097,0.03575,0.343138,0.385682,0,,NO_QUALIFYING_CANDIDATE,,,,,,,,0,,NO_QUALIFYING_CANDIDATE,,,,,,,,,0,,NO_QUALIFYING_CANDIDATE,,,,,,,,,1,-185.0,0.551453,0.6224665518611737,-0.07101355186117375,-0.15046429729729732,0.0,0.0,1,154.0,0.448547,0.37753344813882633,0.07101355186117364,0.13930938000000004,0.09046063636363638,0.05,1,-4.0,-112.0,0.437867,0.5043297540699689,-0.06646275406996893,-0.17118032142857142,0.0,0.0,1,4.0,-108.0,0.562133,0.4956702459300312,0.06646275406996882,0.08262651851851854,0.08923664000000002,0.05,1,48.5,-112.0,0.424493,0.5043297540699689,-0.07983675406996893,-0.19649539285714285,0.0,0.0,1,48.5,-108.0,0.575507,0.4956702459300312,0.07983675406996882,0.10838385185185195,0.1170545600000001,0.05
2026,2,1,401864577,2026-08-29,16:30,Jacksonville State Gamecocks,North Dakota State Bison,0,Fargodome,dome,Artificial,Draft Kings,-6.5,46.5,0,0,1,2.5,2449,55,13,13,0,0,28.7379,6.7346,24.5032,-8.324,-8.463,2.639,1,1,33.282,0.595,0.405,,3.28,-3.28,3.28,6.5,0.36,0.28,0.2,0.16,0,0,0,0,0,0,0.0,0.0,0.0,1,1072.1,0.0,1.0720999999999998,0.0,1.0,0.0,0.0,2,1.2357,7.6554,45.5082,46.5,0.75,0.25,1,0,27.1,1.5,,68.9,0.0,0.0,0,0.0,46.252,8.89,46.25,27.57,18.68,0.737312,0.262688,0.567807,0.432193,0.492935,0.507065,14.0,14.0,1,1,cfb-week1-v6-2026-08-26,0.244912,0.065738,-0.124493,0.033238,0.497618,0.465954,0.404001,0.453503,7.292278,6.129391,4.918623,6.127627,2.915629,2.102776,1.075942,1.820118,0.634636,0.55162,0.45188,0.513084,0.216093,0.055194,0.419113,0.342298,1,HOME,SELECTED_BY_MARKETS_YAML,-265.0,0.737312,0.6957699520733487,0.04154204792665128,0.015542943396226305,0.04118879999999972,0.04118879999999972,1,HOME,SELECTED_BY_MARKETS_YAML,-6.5,-115.0,0.567807,0.5108342361863489,0.05697276381365102,0.061552217391304176,0.07078504999999981,0.07078504999999981,0,,NO_QUALIFYING_CANDIDATE,,,,,,,,,1,-265.0,0.737312,0.6957699520733487,0.04154204792665128,0.015542943396226305,0.04118879999999972,0.04118879999999972,1,215.0,0.262688,0.30423004792665137,-0.04154204792665139,-0.17253280000000004,0.0,0.0,1,-6.5,-115.0,0.567807,0.5108342361863489,0.05697276381365102,0.061552217391304176,0.07078504999999981,0.05,1,6.5,-105.0,0.432193,0.4891657638136511,-0.05697276381365113,-0.15619461904761905,0.0,0.0,1,46.5,-112.0,0.492935,0.5043297540699689,-0.011394754069968926,-0.06694446428571427,0.0,0.0,1,46.5,-108.0,0.507065,0.4956702459300312,0.011394754069968815,-0.023430370370370324,0.0,0.0
2026,2,1,401866408,2026-08-29,18:30,Sacramento State Hornets,Eastern Michigan Eagles,0,Rynearson Stadium,open_air,Artificial,Draft Kings,-8.5,53.5,0,0,1,2.5,2199,16,12,12,0,0,1.5428,8.7824,-4.7396,-16.316,-10.422,-3.394,1,1,19.954,0.4413,0.5587,,-2.01,2.01,-2.01,8.5,0.36,0.28,0.2,0.16,0,0,0,0,0,0,0.0,0.0,0.0,1,1987.4,0.0,1.9874,3.0,0.0,1.0,0.0,2,0.6667,0.9493,48.2115,53.5,0.75,0.25,1,1,26.1,4.0,,41.6,0.0,0.0,1,-0.531,52.1779,1.62,51.65,26.63,25.02,0.54595,0.45405,0.311463,0.688537,0.447347,0.552653,14.0,14.0,1,1,cfb-week1-v6-2026-08-26,0.101656,0.122383,0.156368,0.042147,0.451591,0.442194,0.476903,0.439877,6.140419,6.477255,6.327237,5.764197,1.850967,2.443637,2.151849,1.938159,0.58677,0.489151,0.598797,0.526348,0.059178,0.048821,0.372889,0.316166,0,,NO_QUALIFYING_CANDIDATE,,,,,,,,0,,NO_QUALIFYING_CANDIDATE,,,,,,,,,0,,NO_QUALIFYING_CANDIDATE,,,,,,,,,1,-345.0,0.54595,0.7440690150970525,-0.19811901509705243,-0.29580362318840575,0.0,0.0,1,275.0,0.45405,0.2559309849029475,0.1981190150970525,0.7026875000000001,0.25552272727272735,0.05,1,-8.5,-112.0,0.311463,0.5043297540699689,-0.19286675406996895,-0.4104450357142857,0.0,0.0,1,8.5,-108.0,0.688537,0.4956702459300312,0.19286675406996878,0.3260712592592593,0.35215695999999996,0.05,1,53.5,-110.0,0.447347,0.5,-0.052653000000000005,-0.14597390909090913,0.0,0.0,1,53.5,-110.0,0.552653,0.5,0.05265299999999995,0.055064818181818076,0.06057129999999988,0.05
2026,2,1,401862693,2026-08-29,19:00,Memphis Tigers,UNLV Rebels,0,Allegiant Stadium,fixed_roof,Artificial,Draft Kings,-4,56.5,0,0,1,2.5,2439,235,12,12,0,0,11.1678,13.2759,0.392,1.791,-1.917,6.208,1,1,51.847,0.7054,0.2945,,7.443,-7.443,7.443,4.0,0.36,0.28,0.2,0.16,0,0,0,0,0,0,0.0,0.0,0.0,1,1413.6,0.0,1.4136,2.0,1.0,0.0,0.0,2,1.6293,4.7296,51.5949,56.5,0.75,0.25,1,0,37.6,6.1,,16.0,0.0,0.0,0,0.0,55.2737,6.36,55.27,30.82,24.46,0.675159,0.324841,0.566901,0.433099,0.465101,0.534899,14.0,14.0,1,1,cfb-week1-v6-2026-08-26,0.204277,0.155598,0.11286,0.027756,0.48686,0.479827,0.457266,0.427293,7.074162,6.294958,6.568858,5.700922,2.462202,2.548963,2.086998,1.874872,0.706184,0.624865,0.689227,0.479919,0.15979,0.139766,0.408584,0.335373,1,HOME,SELECTED_BY_MARKETS_YAML,-192.0,0.675159,0.6309403437815976,0.044218656218402375,0.026804312500000038,0.05146428000000006,0.05146428000000006,1,HOME,SELECTED_BY_MARKETS_YAML,-4.0,-112.0,0.566901,0.5043297540699689,0.06257124593003105,0.07306260714285706,0.08183011999999991,0.08183011999999991,1,UNDER,SELECTED_BY_MARKETS_YAML,56.5,-112.0,0.534899,0.5043297540699689,0.030569245930031075,0.012487392857142843,0.013985879999999985,0.013985879999999985,1,-192.0,0.675159,0.6309403437815976,0.044218656218402375,0.026804312500000038,0.05146428000000006,0.05,1,160.0,0.324841,0.3690596562184024,-0.04421865621840243,-0.15541340000000003,0.0,0.0,1,-4.0,-112.0,0.566901,0.5043297540699689,0.06257124593003105,0.07306260714285706,0.08183011999999991,0.05,1,4.0,-108.0,0.433099,0.4956702459300312,-0.06257124593003116,-0.1658834074074073,0.0,0.0,1,56.5,-108.0,0.465101,0.4956702459300312,-0.030569245930031186,-0.10424992592592591,0.0,0.0,1,56.5,-112.0,0.534899,0.5043297540699689,0.030569245930031075,0.012487392857142843,0.013985879999999985,0.013985879999999985
2026,2,1,401864570,2026-08-29,19:00,New Mexico State Aggies,Florida State Seminoles,0,Doak Campbell Stadium,open_air,Grass,Draft Kings,-31.5,53.5,0,0,1,2.5,52,166,12,12,0,0,15.7972,-1.28,19.5772,9.319,-15.705,27.524,1,1,43.103,0.9706,0.0294,,29.815,-29.815,29.815,31.5,0.36,0.28,0.2,0.16,0,0,0,0,0,0,0.0,0.0,0.0,1,1327.5,0.0,1.3275,2.0,0.0,1.0,0.0,2,-0.0938,28.1421,45.6534,53.5,0.75,0.25,1,1,26.2,1.1,,91.6,0.0,0.0,1,1.0993,51.5384,28.05,52.64,40.34,12.29,0.977435,0.022565,0.402626,0.597374,0.475443,0.524557,14.0,14.0,1,1,cfb-week1-v6-2026-08-26,0.19933,-0.071399,0.018484,-0.012634,0.485961,0.409633,0.434392,0.447053,6.942882,5.372678,5.414397,5.990348,2.569474,1.57724,1.900041,1.892967,0.592807,0.383739,0.617798,0.477539,0.099813,-0.124324,0.395595,0.364678,0,,NO_QUALIFYING_CANDIDATE,,,,,,,,0,,NO_QUALIFYING_CANDIDATE,,,,,,,,,0,,NO_QUALIFYING_CANDIDATE,,,,,,,,,1,-10000.0,0.977435,0.9684473601999376,0.008987639800062452,-0.012790649999999936,0.0,0.0,1,3000.0,0.022565,0.03155263980006248,-0.00898763980006248,-0.300485,0.0,0.0,1,-31.5,-108.0,0.402626,0.4956702459300312,-0.09304424593003119,-0.2245721481481482,0.0,0.0,1,31.5,-112.0,0.597374,0.5043297540699689,0.09304424593003102,0.1307436428571428,0.14643287999999993,0.05,1,53.5,-112.0,0.475443,0.5043297540699689,-0.028886754069968934,-0.1000543214285714,0.0,0.0,1,53.5,-108.0,0.524557,0.4956702459300312,0.02888675406996888,0.010257925925926059,0.011078560000000142,0.011078560000000142
2026,2,1,401858423,2026-09-03,18:00,Massachusetts Minutemen,Rutgers Scarlet Knights,0,SHI Stadium,open_air,Artificial,DraftKings,-29.5,52.5,0,0,1,2.5,164,113,12,12,0,0,0.3894,-18.7016,21.591,-0.153,-18.834,21.181,1,1,29.255,0.9272,0.0728,,21.686,-21.686,21.686,29.5,0.36,0.28,0.2,0.16,0,0,0,0,0,0,0.0,0.0,0.0,1,161.2,0.0,0.16119999999999998,0.0,1.0,0.0,0.0,2,0.1858,24.3424,50.6582,52.5,0.75,0.25,1,1,29.2,3.2,,69.7,0.0,0.0,1,-0.0813,52.0396,24.53,51.96,38.24,13.72,0.960115,0.039885,0.361248,0.638752,0.484567,0.515433,14.0,14.0,1,1,cfb-week1-v7-game-lock-2026-08-30,0.143845,-0.150164,0.232234,0.175563,0.483109,0.365486,0.491053,0.498143,5.951699,4.375471,7.645422,6.397702,2.430989,1.00562,2.550653,2.822865,0.600545,0.475817,0.527539,0.663678,0.12051,-0.088171,0.388065,0.302211,0,,NO_QUALIFYING_CANDIDATE,,,,,,,,0,,NO_QUALIFYING_CANDIDATE,,,,,,,,,0,,NO_QUALIFYING_CANDIDATE,,,,,,,,,1,-8000.0,0.960115,0.9578344612181154,0.0022805387818846112,-0.02788356249999999,0.0,0.0,1,2200.0,0.039885,0.04216553878188443,-0.002280538781884431,-0.08264500000000008,0.0,0.0,1,-29.5,-105.0,0.361248,0.4891657638136511,-0.1279177638136511,-0.2947062857142857,0.0,0.0,1,29.5,-115.0,0.638752,0.5108342361863489,0.12791776381365105,0.19418852173913037,0.22331679999999995,0.05,1,52.5,-108.0,0.484567,0.4956702459300312,-0.011103245930031147,-0.06675985185185179,0.0,0.0,1,52.5,-112.0,0.515433,0.5043297540699689,0.011103245930031092,-0.02435896428571427,0.0,0.0
2026,2,1,401858204,2026-09-03,19:00,Akron Zips,Wake Forest Demon Deacons,0,Allegacy Federal Credit Union Stadium,open_air,Artificial,DraftKings,-24.5,48.5,0,0,1,2.5,154,2006,12,12,0,0,10.3666,-1.5099,14.3765,3.379,-16.854,22.733,1,1,34.481,0.9411,0.0589,,23.62,-23.62,23.62,24.5,0.36,0.28,0.2,0.16,0,0,0,0,0,0,0.0,0.0,0.0,1,348.1,0.0,0.3481,0.0,0.0,1.0,0.0,2,-1.2227,22.2095,41.8676,48.5,0.75,0.25,1,1,34.5,2.8,,39.6,0.0,0.0,1,0.1436,46.8419,20.99,46.99,33.99,13.0,0.933071,0.066929,0.400929,0.599071,0.456927,0.543073,14.0,14.0,1,1,cfb-week1-v7-game-lock-2026-08-30,0.028295,-0.017701,-0.054857,0.040502,0.408643,0.42883,0.396224,0.440436,6.46928,5.286657,4.898538,6.26879,1.919982,1.712968,1.626599,2.021776,0.484389,0.357433,0.443525,0.488253,-0.002204,0.020299,0.356249,0.279471,0,,NO_QUALIFYING_CANDIDATE,,,,,,,,0,,NO_QUALIFYING_CANDIDATE,,,,,,,,,0,,NO_QUALIFYING_CANDIDATE,,,,,,,,,1,-3200.0,0.933071,0.9356725146198831,-0.0026015146198831163,-0.03777053125000002,0.0,0.0,1,1400.0,0.066929,0.06432748538011696,0.002601514619883047,0.003935000000000022,0.0002810714285714301,0.0002810714285714301,1,-24.5,-110.0,0.400929,0.5,-0.09907100000000002,-0.23459009090909094,0.0,0.0,1,24.5,-110.0,0.599071,0.5,0.09907100000000002,0.14368100000000006,0.15804910000000005,0.05,1,48.5,-112.0,0.456927,0.5043297540699689,-0.04740275406996891,-0.1351024642857142,0.0,0.0,1,48.5,-108.0,0.543073,0.4956702459300312,0.047402754069968855,0.0459183703703705,0.04959184000000013,0.04959184000000013
2026,2,1,401856663,2026-09-03,19:00,Arkansas-Pine Bluff Golden Lions,Missouri Tigers,0,Memorial Stadium,open_air,Artificial,DraftKings,-54.5,61.5,0,0,1,2.5,142,,12,1,0,1,15.3027,0.0,,12.18,,,1,1,43.279,0.999,0.001,,58.491,-58.491,58.491,54.5,0.6429,0.0,0.3571,0.0,0,0,0,0,0,0,0.0,0.0,0.0,1,324.0,0.0,0.324,0.0,1.0,0.0,0.0,2,0.3734,55.9254,45.0974,61.5,0.75,0.25,1,1,33.6,3.0,,43.8,0.0,0.0,1,0.0312,57.3993,56.3,58.3,57.3,1.0,0.999971,2.9e-05,0.551118,0.448882,0.409568,0.590432,14.0,14.0,1,1,cfb-week1-v7-game-lock-2026-08-30,0.1059,0.022858,-0.057581,0.086126,0.463024,0.433518,0.387074,0.459143,6.211917,5.710859,5.246412,6.127633,2.182195,1.859765,1.601441,2.199624,0.6116,0.53567,0.525158,0.5638,0.128048,0.015115,0.377457,0.337147,0,,NO_QUALIFYING_CANDIDATE,,,,,,,,0,,NO_QUALIFYING_CANDIDATE,,,,,,,,,0,,NO_QUALIFYING_CANDIDATE,,,,,,,,,0,,,,,,,,0,,,,,,,,1,-54.5,-115.0,0.551118,0.5108342361863489,0.04028376381365106,0.030351043478260786,0.03490369999999991,0.03490369999999991,1,54.5,-105.0,0.448882,0.4891657638136511,-0.04028376381365112,-0.12361133333333335,0.0,0.0,1,61.5,-112.0,0.409568,0.5043297540699689,-0.09476175406996895,-0.22474628571428584,0.0,0.0,1,61.5,-108.0,0.590432,0.4956702459300312,0.09476175406996878,0.1371282962962963,0.14809856,0.05
2026,2,1,401856767,2026-09-03,19:00,Bethune-Cookman Wildcats,UCF Knights,0,FBC Mortgage Stadium,open_air,Grass,DraftKings,-42.5,58.5,0,0,1,2.5,2116,,12,2,0,1,6.2672,0.0,,2.116,,,1,1,31.641,0.9927,0.0073,,41.843,-41.843,41.843,42.5,0.6429,0.0,0.3571,0.0,0,0,0,0,0,0,0.0,0.0,0.0,1,39.3,0.0,0.039299999999999995,0.0,1.0,0.0,0.0,2,0.0453,42.2654,44.6546,58.5,0.75,0.25,1,1,24.9,2.0,,98.0,1.0,0.0,1,0.5934,55.0387,42.31,55.63,48.97,6.66,0.998745,0.001255,0.494605,0.505395,0.418842,0.581158,14.0,14.0,1,1,cfb-week1-v7-game-lock-2026-08-30,0.063561,0.022858,0.026552,0.086126,0.449381,0.433518,0.436522,0.459143,6.249166,5.710859,5.534737,6.127633,1.873505,1.859765,1.833126,2.199624,0.530817,0.53567,0.629749,0.5638,0.067945,0.015115,0.312108,0.337147,0,,NO_QUALIFYING_CANDIDATE,,,,,,,,0,,NO_QUALIFYING_CANDIDATE,,,,,,,,,0,,NO_QUALIFYING_CANDIDATE,,,,,,,,,0,,,,,,,,0,,,,,,,,1,-42.5,-102.0,0.494605,0.4826358742837298,0.011969125716270235,-0.02048813725490195,0.0,0.0,1,42.5,-118.0,0.505395,0.5173641257162701,-0.011969125716270068,-0.06630415254237282,0.0,0.0,1,58.5,-115.0,0.418842,0.5108342361863489,-0.09199223618634894,-0.21694756521739145,0.0,0.0,1,58.5,-105.0,0.581158,0.4891657638136511,0.09199223618634883,0.13464180952380944,0.1413738999999999,0.05
2026,2,1,401858422,2026-09-03,19:00,Eastern Illinois Panthers,Minnesota Golden Gophers,0,Huntington Bank Stadium,open_air,Artificial,DraftKings,-42.5,51.5,0,0,1,2.5,135,,12,1,0,1,3.3973,0.0,,0.612,,,1,1,30.69,0.9815,0.0184,,33.839,-33.839,33.839,42.5,0.6429,0.0,0.3571,0.0,0,0,0,0,0,0,0.0,0.0,0.0,1,458.9,0.0,0.4589,0.0,1.0,0.0,0.0,2,0.5289,39.4068,45.7514,51.5,0.75,0.25,1,1,28.1,2.5,,74.2,0.0,0.0,1,0.3123,50.0628,39.94,50.38,45.16,5.22,0.997832,0.002168,0.427335,0.572665,0.46798,0.53202,14.0,14.0,1,1,cfb-week1-v7-game-lock-2026-08-30,0.027125,0.022858,0.010853,0.086126,0.440351,0.433518,0.451826,0.459143,5.257041,5.710859,5.817588,6.127633,1.853178,1.859765,2.044198,2.199624,0.52546,0.53567,0.447668,0.5638,0.029955,0.015115,0.364253,0.337147,0,,NO_QUALIFYING_CANDIDATE,,,,,,,,0,,NO_QUALIFYING_CANDIDATE,,,,,,,,,0,,NO_QUALIFYING_CANDIDATE,,,,,,,,,0,,,,,,,,0,,,,,,,,1,-42.5,-105.0,0.427335,0.4891657638136511,-0.0618307638136511,-0.1656792857142857,0.0,0.0,1,42.5,-115.0,0.572665,0.5108342361863489,0.061830763813651046,0.0706345652173912,0.08122974999999989,0.05,1,51.5,-108.0,0.46798,0.4956702459300312,-0.027690245930031165,-0.09870518518518506,0.0,0.0,1,51.5,-112.0,0.53202,0.5043297540699689,0.02769024593003111,0.007037857142857207,0.007882400000000072,0.007882400000000072
2026,2,1,401856768,2026-09-03,19:00,Idaho Vandals,Utah Utes,0,Rice-Eccles Stadium,open_air,Artificial,DraftKings,-35.5,57.5,0,0,1,2.5,254,,12,3,0,1,21.0175,0.0,,8.451,,,1,1,39.854,0.9746,0.0254,,31.084,-31.084,31.084,35.5,0.6429,0.0,0.3571,0.0,0,0,0,0,0,0,0.0,0.0,0.0,1,486.1,0.0,0.48610000000000003,1.0,0.0,1.0,0.0,2,-1.0636,33.9229,49.3984,57.5,0.75,0.25,1,1,26.0,5.4,,15.5,0.0,0.0,1,-1.3181,55.4746,32.86,54.16,43.51,10.65,0.99054,0.00946,0.425193,0.574807,0.405622,0.594378,14.0,14.0,1,1,cfb-week1-v7-game-lock-2026-08-30,0.206683,0.022858,-0.024762,0.086126,0.497077,0.433518,0.419772,0.459143,6.754345,5.710859,5.751638,6.127633,3.079802,1.859765,1.451834,2.199624,0.620391,0.53567,0.50611,0.5638,0.122168,0.015115,0.395525,0.337147,0,,NO_QUALIFYING_CANDIDATE,,,,,,,,0,,NO_QUALIFYING_CANDIDATE,,,,,,,,,0,,NO_QUALIFYING_CANDIDATE,,,,,,,,,1,-100000.0,0.99054,0.9807503701851888,0.00978962981481113,-0.008469460000000133,0.0,0.0,1,5000.0,0.00946,0.01924962981481125,-0.00978962981481125,-0.51754,0.0,0.0,1,-35.5,-105.0,0.425193,0.4891657638136511,-0.06397276381365113,-0.16986128571428583,0.0,0.0,1,35.5,-115.0,0.574807,0.5108342361863489,0.06397276381365102,0.07463917391304331,0.08583504999999982,0.05,1,57.5,-110.0,0.405622,0.5,-0.09437800000000002,-0.22563072727272732,0.0,0.0,1,57.5,-110.0,0.594378,0.5,0.09437799999999996,0.13472163636363632,0.14819379999999993,0.05
2026,2,1,401864424,2026-09-03,19:00,Merrimack Warriors,Delaware Blue Hens,0,Delaware Stadium,open_air,Artificial,DraftKings,-28.5,55.5,0,0,1,2.5,48,,12,2,0,1,3.6133,0.0,,-6.555,,,1,1,24.045,0.9748,0.0252,,31.17,-31.17,31.17,28.5,0.6429,0.0,0.3571,0.0,0,0,0,0,0,0,0.0,0.0,0.0,1,317.8,0.0,0.3178,0.0,1.0,0.0,0.0,2,0.3663,29.4536,48.8463,55.5,0.75,0.25,1,1,28.3,2.7,,81.2,1.0,0.0,1,0.1998,53.8366,29.82,54.04,41.93,12.11,0.983414,0.016586,0.537555,0.462445,0.45837,0.54163,14.0,14.0,1,1,cfb-week1-v7-game-lock-2026-08-30,0.079012,0.022858,0.100196,0.086126,0.448956,0.433518,0.439354,0.459143,6.002286,5.710859,6.397981,6.127633,2.115307,1.859765,2.320317,2.199624,0.643062,0.53567,0.528559,0.5638,0.078847,0.015115,0.348101,0.337147,0,,NO_QUALIFYING_CANDIDATE,,,,,,,,0,,NO_QUALIFYING_CANDIDATE,,,,,,,,,1,UNDER,SELECTED_BY_MARKETS_YAML,55.5,-112.0,0.54163,0.5043297540699689,0.037300245930031006,0.025228214285714146,0.028255599999999846,0.028255599999999846,1,-20000.0,0.983414,0.9728415079043373,0.010572492095662689,-0.011668930000000095,0.0,0.0,1,3500.0,0.016586,0.027158492095662744,-0.010572492095662744,-0.40290400000000004,0.0,0.0,1,-28.5,-118.0,0.537555,0.5173641257162701,0.020190874283729898,-0.006889915254237322,0.0,0.0,1,28.5,-102.0,0.462445,0.4826358742837298,-0.020190874283729787,-0.08417754901960783,0.0,0.0,1,55.5,-108.0,0.45837,0.4956702459300312,-0.03730024593003117,-0.11721333333333334,0.0,0.0,1,55.5,-112.0,0.54163,0.5043297540699689,0.037300245930031006,0.025228214285714146,0.028255599999999846,0.028255599999999846
2026,2,1,401866409,2026-09-03,19:00,UAlbany Great Danes,Buffalo Bulls,0,UB Stadium,open_air,Artificial,DraftKings,-18.5,48.5,0,0,1,2.5,2084,,12,1,0,1,3.6234,0.0,,-10.782,,,1,1,19.902,0.9164,0.0836,,20.415,-20.415,20.415,18.5,0.6429,0.0,0.3571,0.0,0,0,0,0,0,0,0.0,0.0,0.0,1,251.7,0.0,0.2517,0.0,1.0,0.0,0.0,2,0.2901,19.1839,43.2229,48.5,0.75,0.25,1,1,24.8,2.9,,86.4,0.0,0.0,1,0.0874,47.1807,19.47,47.27,33.37,13.9,0.917888,0.082112,0.527734,0.472266,0.464942,0.535058,14.0,14.0,1,1,cfb-week1-v7-game-lock-2026-08-30,-0.043446,0.022858,-0.007032,0.086126,0.416094,0.433518,0.414121,0.459143,5.450775,5.710859,5.414041,6.127633,1.783789,1.859765,1.673855,2.199624,0.559389,0.53567,0.512603,0.5638,-0.00028,0.015115,0.312591,0.337147,0,,NO_QUALIFYING_CANDIDATE,,,,,,,,0,,NO_QUALIFYING_CANDIDATE,,,,,,,,,0,,NO_QUALIFYING_CANDIDATE,,,,,,,,,1,-1200.0,0.917888,0.8869565217391304,0.030931478260869616,-0.005621333333333367,0.0,0.0,1,750.0,0.082112,0.11304347826086955,-0.030931478260869547,-0.302048,0.0,0.0,1,-18.5,-108.0,0.527734,0.4956702459300312,0.032063754069968864,0.01637659259259272,0.017686720000000135,0.017686720000000135,1,18.5,-112.0,0.472266,0.5043297540699689,-0.03206375406996892,-0.1060679285714285,0.0,0.0,1,48.5,-110.0,0.464942,0.5,-0.03505799999999998,-0.11238345454545451,0.0,0.0,1,48.5,-110.0,0.535058,0.5,0.035058000000000034,0.021474363636363736,0.023621800000000106,0.023621800000000106
2026,2,1,401864425,2026-09-03,19:00,West Georgia Wolves,Kennesaw State Owls,0,Fifth Third Stadium,open_air,,DraftKings,-22.5,51.5,0,0,1,2.5,338,,13,0,0,1,4.6018,0.0,,-9.012,,,1,1,21.441,0.9096,0.0904,,19.675,-19.675,19.675,22.5,0.6429,0.0,0.3571,0.0,0,0,0,0,0,0,0.0,0.0,0.0,1,44.4,0.0,0.0444,0.0,0.0,1.0,0.0,2,-1.5727,21.4911,44.8675,51.5,0.75,0.25,1,1,34.4,2.8,,39.7,0.0,0.0,1,0.1436,49.8419,19.92,49.99,34.95,15.03,0.922594,0.077406,0.426848,0.573152,0.456927,0.543073,14.0,14.0,1,1,cfb-week1-v7-game-lock-2026-08-30,0.08563,0.022858,0.080456,0.086126,0.449934,0.433518,0.455543,0.459143,6.272335,5.710859,6.047035,6.127633,1.939047,1.859765,1.804611,2.199624,0.453922,0.53567,0.522369,0.5638,0.040627,0.015115,0.318574,0.337147,0,,NO_QUALIFYING_CANDIDATE,,,,,,,,0,,NO_QUALIFYING_CANDIDATE,,,,,,,,,0,,NO_QUALIFYING_CANDIDATE,,,,,,,,,1,-4000.0,0.922594,0.9431345353675452,-0.020540535367545187,-0.05434115000000006,0.0,0.0,1,1600.0,0.077406,0.056865464632454926,0.020540535367545076,0.315902,0.019743875,0.019743875,1,-22.5,-112.0,0.426848,0.5043297540699689,-0.07748175406996893,-0.1920377142857143,0.0,0.0,1,22.5,-108.0,0.573152,0.4956702459300312,0.07748175406996882,0.10384829629629633,0.11215616000000002,0.05,1,51.5,-112.0,0.456927,0.5043297540699689,-0.04740275406996891,-0.1351024642857142,0.0,0.0,1,51.5,-108.0,0.543073,0.4956702459300312,0.047402754069968855,0.0459183703703705,0.04959184000000013,0.04959184000000013
2026,2,1,401856776,2026-09-03,20:00,Colorado Buffaloes,Georgia Tech Yellow Jackets,0,Bobby Dodd Stadium,open_air,Artificial,DraftKings,-6.5,50.5,0,0,1,2.5,59,38,11,12,0,0,10.0538,-3.0599,15.6136,4.186,4.546,2.14,1,1,61.094,0.5853,0.4147,,2.938,-2.938,2.938,6.5,0.36,0.28,0.2,0.16,0,0,0,0,0,0,0.0,0.0,0.0,1,1227.8,0.0,1.2278,2.0,0.0,1.0,0.0,2,-0.2088,6.025,48.555,50.5,0.75,0.25,1,1,32.6,2.2,,45.9,0.0,0.0,1,0.4809,50.0138,5.82,50.49,28.16,22.34,0.661092,0.338908,0.480523,0.519477,0.499848,0.500152,14.0,14.0,1,1,cfb-week1-v7-game-lock-2026-08-30,0.184383,-0.039183,0.138974,0.084499,0.510927,0.406184,0.477606,0.452939,6.973039,5.439222,6.447455,6.302696,2.463014,1.786978,2.08669,2.107671,0.487889,0.577246,0.535251,0.5573,0.172022,-0.054076,0.404514,0.32325,0,,NO_QUALIFYING_CANDIDATE,,,,,,,,0,,NO_QUALIFYING_CANDIDATE,,,,,,,,,0,,NO_QUALIFYING_CANDIDATE,,,,,,,,,1,-238.0,0.661092,0.6750312469954812,-0.013939246995481214,-0.061138252100840285,0.0,0.0,1,195.0,0.338908,0.32496875300451883,0.013939246995481158,-0.0002213999999999272,0.0,0.0,1,-6.5,-115.0,0.480523,0.5108342361863489,-0.030311236186348955,-0.10163091304347832,0.0,0.0,1,6.5,-105.0,0.519477,0.4891657638136511,0.030311236186348844,0.014216999999999924,0.014927849999999921,0.014927849999999921,1,50.5,-118.0,0.499848,0.5173641257162701,-0.017516125716270092,-0.07655199999999995,0.0,0.0,1,50.5,-102.0,0.500152,0.4826358742837298,0.01751612571627026,-0.009502901960784182,0.0,0.0
2026,2,1,401858424,2026-09-03,20:00,UAB Blazers,Illinois Fighting Illini,0,"Memorial Stadium (Champaign, IL)",open_air,Artificial,DraftKings,-27.5,54.5,0,0,1,2.5,356,5,12,12,0,0,7.6992,-2.2684,12.4676,6.315,-15.451,24.266,1,1,39.285,0.9515,0.0485,,25.367,-25.367,25.367,27.5,0.36,0.28,0.2,0.16,0,0,0,0,0,0,0.0,0.0,0.0,1,461.4,0.0,0.4614,0.0,1.0,0.0,0.0,2,0.5318,23.7627,58.2323,54.5,0.75,0.25,1,1,31.3,2.0,,53.0,0.0,0.0,1,0.5934,55.4331,24.29,56.03,40.16,15.87,0.958658,0.041342,0.409448,0.590552,0.543411,0.456589,14.0,14.0,1,1,cfb-week1-v7-game-lock-2026-08-30,0.115949,0.142663,0.101471,0.230302,0.497178,0.485264,0.474752,0.51078,5.993136,6.216115,5.589612,6.738594,2.348062,2.231774,2.242001,3.305523,0.51899,0.648674,0.478729,0.719205,0.137947,0.058659,0.379512,0.410903,0,,NO_QUALIFYING_CANDIDATE,,,,,,,,0,,NO_QUALIFYING_CANDIDATE,,,,,,,,,1,OVER,SELECTED_BY_MARKETS_YAML,54.5,-118.0,0.543411,0.5173641257162701,0.02604687428372987,0.003928796610169427,0.004635979999999924,0.004635979999999924,1,-4500.0,0.958658,0.9462616822429907,0.012396317757009334,-0.020038488888888956,0.0,0.0,1,1700.0,0.041342,0.05373831775700934,-0.012396317757009341,-0.25584400000000007,0.0,0.0,1,-27.5,-112.0,0.409448,0.5043297540699689,-0.09488175406996896,-0.2249734285714286,0.0,0.0,1,27.5,-108.0,0.590552,0.4956702459300312,0.0948817540699688,0.13735940740740737,0.14834815999999995,0.05,1,54.5,-118.0,0.543411,0.5173641257162701,0.02604687428372987,0.003928796610169427,0.004635979999999924,0.004635979999999924,1,54.5,-102.0,0.456589,0.4826358742837298,-0.02604687428372976,-0.095774725490196,0.0,0.0
2026,2,1,401858436,2026-09-04,18:00,Fresno State Bulldogs,USC Trojans,0,Los Angeles Memorial Coliseum,open_air,Grass,DraftKings,-22.5,51.5,0,0,1,2.5,30,278,12,11,0,0,16.7026,7.8294,11.3732,13.554,-2.498,18.552,1,1,65.138,0.8821,0.1179,,17.151,-17.151,17.151,22.5,0.36,0.28,0.2,0.16,0,0,0,0,0,0,0.0,0.0,0.0,1,210.4,0.0,0.2104,0.0,0.0,1.0,0.0,2,-1.3814,18.5445,44.9932,51.5,0.75,0.25,1,1,24.1,3.3,,53.1,0.0,0.0,1,-0.1375,49.8733,17.16,49.74,33.45,16.29,0.889888,0.110112,0.351524,0.648476,0.44986,0.55014,14.0,14.0,1,1,cfb-week1-v7-game-lock-2026-08-30,0.229889,-0.052607,0.062028,-0.124253,0.510111,0.428303,0.477236,0.397551,7.133384,5.855881,5.944253,5.205187,2.827013,1.775296,1.857092,1.365497,0.643913,0.373481,0.638593,0.6444,0.143749,0.010202,0.450579,0.324504,0,,NO_QUALIFYING_CANDIDATE,,,,,,,,0,,NO_QUALIFYING_CANDIDATE,,,,,,,,,0,,NO_QUALIFYING_CANDIDATE,,,,,,,,,1,-2100.0,0.889888,0.9197080291970803,-0.029820029197080267,-0.0677363809523809,0.0,0.0,1,1100.0,0.110112,0.08029197080291971,0.029820029197080294,0.3213440000000001,0.029213090909090914,0.029213090909090914,1,-22.5,-102.0,0.351524,0.4826358742837298,-0.13111187428372978,-0.3038446274509804,0.0,0.0,1,22.5,-118.0,0.648476,0.5173641257162701,0.13111187428372995,0.19803193220338988,0.23367768000000008,0.05,1,51.5,-112.0,0.44986,0.5043297540699689,-0.054469754069968956,-0.1484792857142858,0.0,0.0,1,51.5,-108.0,0.55014,0.4956702459300312,0.05446975406996879,0.05952888888888885,0.06429119999999995,0.05
2026,2,1,401858206,2026-09-04,18:00,Miami Hurricanes,Stanford Cardinal,0,Stanford Stadium,open_air,Grass,DraftKings,24.5,48.5,0,0,1,2.5,24,2390,12,12,0,0,-4.791,22.3466,-24.6376,-1.3,21.834,-20.634,1,1,75.141,0.075,0.925,,-21.411,21.411,-21.411,-24.5,0.36,0.28,0.2,0.16,0,0,0,0,0,0,0.0,0.0,0.0,1,2565.4,0.0,2.5654,3.0,1.0,0.0,0.0,2,2.9568,-22.8217,40.4564,48.5,0.75,0.25,1,1,20.0,4.2,,53.1,0.0,0.0,1,-0.6435,46.4891,-19.86,45.85,12.99,32.86,0.077961,0.922039,0.629708,0.370292,0.424812,0.575188,14.0,14.0,1,1,cfb-week1-v7-game-lock-2026-08-30,-0.032246,0.176863,0.08976,-0.096148,0.40957,0.496721,0.456128,0.395046,5.212991,6.437038,6.151615,5.137801,1.261762,2.509348,2.121771,1.143009,0.410579,0.584389,0.415804,0.563253,-0.035097,0.159984,0.343138,0.418631,0,,NO_QUALIFYING_CANDIDATE,,,,,,,,0,,NO_QUALIFYING_CANDIDATE,,,,,,,,,0,,NO_QUALIFYING_CANDIDATE,,,,,,,,,1,1400.0,0.077961,0.06432748538011696,0.013633514619883047,0.1694150000000001,0.012101071428571435,0.012101071428571435,1,-3200.0,0.922039,0.9356725146198831,-0.013633514619883047,-0.049147281249999945,0.0,0.0,1,24.5,-115.0,0.629708,0.5108342361863489,0.11887376381365111,0.17728017391304352,0.2038722000000001,0.05,1,-24.5,-105.0,0.370292,0.4891657638136511,-0.11887376381365111,-0.27704895238095234,0.0,0.0,1,48.5,100.0,0.424812,0.4782608695652174,-0.05344886956521738,-0.150376,0.0,0.0,1,48.5,-120.0,0.575188,0.5217391304347826,0.05344886956521744,0.05451133333333347,0.06541360000000015,0.05
2026,2,1,401864495,2026-09-04,18:30,San José State Spartans,Eastern Michigan Eagles,0,Rynearson Stadium,open_air,Artificial,DraftKings,-3,56.5,0,0,1,2.5,2199,23,12,12,0,0,1.548,1.1835,2.8645,-15.063,-11.848,-0.715,1,1,19.761,0.5256,0.4743,,0.877,-0.877,0.877,3.0,0.36,0.28,0.2,0.16,0,0,0,0,0,0,0.0,0.0,0.0,1,2040.3,0.0,2.0403,3.0,0.0,1.0,0.0,2,0.7277,1.5135,45.0199,56.5,0.75,0.25,1,1,28.0,2.3,,68.1,0.0,0.0,1,0.4247,53.63,2.24,54.05,28.15,25.91,0.563594,0.436406,0.478389,0.521611,0.430671,0.569329,14.0,14.0,1,1,cfb-week1-v7-game-lock-2026-08-30,0.101656,0.020319,0.156368,0.1159,0.451591,0.45673,0.476903,0.451227,6.140419,6.557989,6.327237,6.050925,1.850967,1.519888,2.151849,2.306843,0.58677,0.550035,0.598797,0.513253,0.059178,0.036156,0.372889,0.390129,1,HOME,SELECTED_BY_MARKETS_YAML,-142.0,0.563594,0.5634920634920635,0.00010193650793655085,-0.039508816901408395,0.0,0.0,0,,NO_QUALIFYING_CANDIDATE,,,,,,,,,0,,NO_QUALIFYING_CANDIDATE,,,,,,,,,1,-142.0,0.563594,0.5634920634920635,0.00010193650793655085,-0.039508816901408395,0.0,0.0,1,120.0,0.436406,0.43650793650793646,-0.00010193650793643982,-0.0399067999999998,0.0,0.0,1,-3.0,-105.0,0.478389,0.4891657638136511,-0.010776763813651113,-0.06600242857142863,0.0,0.0,1,3.0,-115.0,0.521611,0.5108342361863489,0.010776763813651113,-0.02481421739130435,0.0,0.0,1,56.5,-110.0,0.430671,0.5,-0.06932899999999997,-0.177809909090909,0.0,0.0,1,56.5,-110.0,0.569329,0.5,0.06932899999999997,0.08690081818181816,0.09559089999999996,0.05
2026,2,1,401858435,2026-09-04,19:00,Indiana State Sycamores,Purdue Boilermakers,0,Ross-Ade Stadium,open_air,Grass,DraftKings,-35.5,56.5,0,0,1,2.5,2509,,12,2,0,1,-6.6834,0.0,,-0.929,,,1,1,28.816,0.9784,0.0216,,32.509,-32.509,32.509,35.5,0.6429,0.0,0.3571,0.0,0,0,0,0,0,0,0.0,0.0,0.0,1,70.5,0.0,0.0705,0.0,0.0,1.0,0.0,2,-1.5426,34.4318,47.6416,56.5,0.75,0.25,1,1,33.2,1.8,,51.0,0.0,0.0,1,0.7058,54.2854,32.89,54.99,43.94,11.05,0.990594,0.009406,0.42603,0.57397,0.457088,0.542912,14.0,14.0,1,1,cfb-week1-v7-game-lock-2026-08-30,-0.015222,0.022858,0.18517,0.086126,0.439136,0.433518,0.503666,0.459143,5.647375,5.710859,6.748389,6.127633,1.795596,1.859765,2.430502,2.199624,0.441532,0.53567,0.482471,0.5638,-0.042596,0.015115,0.346588,0.337147,0,,NO_QUALIFYING_CANDIDATE,,,,,,,,0,,NO_QUALIFYING_CANDIDATE,,,,,,,,,1,UNDER,SELECTED_BY_MARKETS_YAML,56.5,-110.0,0.542912,0.5,0.04291199999999995,0.03646836363636358,0.04011519999999993,0.04011519999999993,0,,,,,,,,0,,,,,,,,1,-35.5,-110.0,0.42603,0.5,-0.07396999999999998,-0.18666999999999995,0.0,0.0,1,35.5,-110.0,0.57397,0.5,0.07396999999999998,0.09576090909090906,0.10533699999999996,0.05,1,56.5,-110.0,0.457088,0.5,-0.042912000000000006,-0.12737745454545457,0.0,0.0,1,56.5,-110.0,0.542912,0.5,0.04291199999999995,0.03646836363636358,0.04011519999999993,0.04011519999999993
2026,2,1,401856769,2026-09-04,19:00,Long Island University Sharks,Kansas Jayhawks,0,Memorial Stadium,open_air,Artificial,DraftKings,-41.5,53.5,0,0,1,2.5,2305,,11,2,0,1,5.5413,0.0,,2.759,,,1,1,33.667,0.9902,0.0098,,39.332,-39.332,39.332,41.5,0.6429,0.0,0.3571,0.0,0,0,0,0,0,0,0.0,0.0,0.0,1,1152.2,0.0,1.1522000000000001,1.0,1.0,0.0,0.0,2,1.328,40.7257,50.5145,53.5,0.75,0.25,1,1,34.2,3.7,,40.5,0.0,0.0,1,-0.3624,52.7536,42.05,52.39,47.22,5.17,0.998667,0.001333,0.515775,0.484225,0.468438,0.531562,14.0,14.0,1,1,cfb-week1-v7-game-lock-2026-08-30,0.107754,0.022858,0.112152,0.086126,0.479325,0.433518,0.441106,0.459143,6.487723,5.710859,6.122879,6.127633,2.23663,1.859765,2.489111,2.199624,0.501038,0.53567,0.515554,0.5638,0.11943,0.015115,0.344678,0.337147,0,,NO_QUALIFYING_CANDIDATE,,,,,,,,0,,NO_QUALIFYING_CANDIDATE,,,,,,,,,0,,NO_QUALIFYING_CANDIDATE,,,,,,,,,0,,,,,,,,0,,,,,,,,1,-41.5,-115.0,0.515775,0.5108342361863489,0.00494076381365105,-0.03572500000000012,0.0,0.0,1,41.5,-105.0,0.484225,0.4891657638136511,-0.004940763813651106,-0.054608333333333314,0.0,0.0,1,53.5,-125.0,0.468438,0.5324675324675325,-0.06402953246753251,-0.15681159999999994,0.0,0.0,1,53.5,105.0,0.531562,0.4675324675324676,0.0640295324675324,0.0897020999999999,0.08543057142857134,0.05
2026,2,1,401866623,2026-09-04,19:00,North Carolina A&T Aggies,Georgia State Panthers,0,Center Parc Stadium,open_air,Artificial,DraftKings,-28.5,62.5,0,0,1,2.5,2247,,12,1,0,1,-5.2921,0.0,,-15.225,,,1,1,14.983,0.9718,0.0282,,30.163,-30.163,30.163,28.5,0.6429,0.0,0.3571,0.0,0,0,0,0,0,0,0.0,0.0,0.0,1,307.8,0.0,0.3078,0.0,1.0,0.0,0.0,2,0.3548,29.0939,48.1602,62.5,0.75,0.25,1,1,33.6,2.6,,40.6,0.0,0.0,1,0.256,58.9151,29.45,59.17,44.31,14.86,0.982288,0.017712,0.527013,0.472987,0.406026,0.593974,14.0,14.0,1,1,cfb-week1-v7-game-lock-2026-08-30,0.0523,0.022858,0.178302,0.086126,0.440118,0.433518,0.478097,0.459143,5.760518,5.710859,6.50642,6.127633,1.566746,1.859765,2.749553,2.199624,0.541532,0.53567,0.60696,0.5638,0.048162,0.015115,0.336615,0.337147,0,,NO_QUALIFYING_CANDIDATE,,,,,,,,0,,NO_QUALIFYING_CANDIDATE,,,,,,,,,0,,NO_QUALIFYING_CANDIDATE,,,,,,,,,1,-8000.0,0.982288,0.9578344612181154,0.02445353878188461,-0.005433399999999993,0.0,0.0,1,2200.0,0.017712,0.04216553878188443,-0.02445353878188443,-0.592624,0.0,0.0,1,-28.5,-122.0,0.527013,0.5260865852617197,0.0009264147382802568,-0.04100913114754107,0.0,0.0,1,28.5,102.0,0.472987,0.47391341473828025,-0.0009264147382802568,-0.04456625999999997,0.0,0.0,1,62.5,-112.0,0.406026,0.5043297540699689,-0.09830375406996894,-0.23145078571428573,0.0,0.0,1,62.5,-108.0,0.593974,0.4956702459300312,0.09830375406996883,0.14394992592592604,0.1554659200000001,0.05
2026,2,1,401856664,2026-09-04,19:00,UTEP Miners,Oklahoma Sooners,0,"Memorial Stadium (Norman, OK)",open_air,Grass,DraftKings,-40.5,51.5,0,0,1,2.5,201,2638,12,12,0,0,14.4136,-1.848,18.7615,17.782,-16.605,36.887,1,1,51.234,0.9895,0.0105,,38.784,-38.784,38.784,40.5,0.36,0.28,0.2,0.16,0,0,0,0,0,0,0.0,0.0,0.0,1,573.4,0.0,0.5734,1.0,0.0,1.0,0.0,2,-0.963,35.667,37.332,51.5,0.75,0.25,1,1,34.1,5.8,,42.5,0.0,0.0,1,-1.543,47.958,34.7,46.42,40.56,5.86,0.99341,0.00659,0.339437,0.660563,0.358223,0.641777,14.0,14.0,1,1,cfb-week1-v7-game-lock-2026-08-30,-0.020358,-0.085008,-0.16513,0.030471,0.428593,0.380006,0.351451,0.42789,5.57897,5.688168,4.849259,5.53224,1.849908,1.513688,1.19239,1.936531,0.674185,0.553436,0.387928,0.45713,-0.018693,-0.087774,0.355245,0.295552,0,,NO_QUALIFYING_CANDIDATE,,,,,,,,0,,NO_QUALIFYING_CANDIDATE,,,,,,,,,0,,NO_QUALIFYING_CANDIDATE,,,,,,,,,0,,,,,,,,0,,,,,,,,1,-40.5,-110.0,0.339437,0.5,-0.160563,-0.3519839090909091,0.0,0.0,1,40.5,-110.0,0.660563,0.5,0.160563,0.2610748181818182,0.2871823,0.05,1,51.5,-110.0,0.358223,0.5,-0.141777,-0.31611972727272725,0.0,0.0,1,51.5,-110.0,0.641777,0.5,0.14177700000000004,0.22521063636363647,0.2477317000000001,0.05
2026,2,1,401858429,2026-09-04,20:00,Toledo Rockets,Michigan State Spartans,0,Spartan Stadium,open_air,Grass,DraftKings,-10,46.5,0,0,1,2.5,127,2649,12,12,0,0,0.9339,20.883,-17.449,0.281,-2.972,5.753,1,1,49.242,0.6536,0.3464,,5.412,-5.412,5.412,10.0,0.36,0.28,0.2,0.16,0,0,0,0,0,0,0.0,0.0,0.0,1,86.4,0.0,0.0864,0.0,1.0,0.0,0.0,2,0.0996,3.5014,42.9555,46.5,0.75,0.25,1,1,25.1,2.2,,84.5,0.0,0.0,1,0.4809,45.6139,3.6,46.09,24.85,21.25,0.601493,0.398507,0.323809,0.676191,0.488455,0.511545,14.0,14.0,1,1,cfb-week1-v7-game-lock-2026-08-30,0.058525,0.097954,0.137225,-0.15209,0.465259,0.473117,0.467481,0.365965,5.663214,6.399004,6.041453,4.516724,1.88381,2.192728,2.190907,1.203069,0.565341,0.526055,0.503134,0.379579,0.05799,0.13194,0.321923,0.339382,0,,NO_QUALIFYING_CANDIDATE,,,,,,,,0,,NO_QUALIFYING_CANDIDATE,,,,,,,,,0,,NO_QUALIFYING_CANDIDATE,,,,,,,,,1,-410.0,0.601493,0.771505376344086,-0.17001237634408595,-0.25180139024390236,0.0,0.0,1,320.0,0.398507,0.22849462365591394,0.17001237634408606,0.6737294,0.2105404375,0.05,1,-10.0,-108.0,0.323809,0.4956702459300312,-0.17186124593003116,-0.3763678518518518,0.0,0.0,1,10.0,-112.0,0.676191,0.5043297540699689,0.17186124593003105,0.27993296428571424,0.31352492,0.05,1,46.5,-115.0,0.488455,0.5108342361863489,-0.02237923618634896,-0.08680152173913053,0.0,0.0,1,46.5,-105.0,0.511545,0.4891657638136511,0.022379236186348905,-0.001269285714285695,0.0,0.0
2026,2,1,401864496,2026-09-05,11:00,Duquesne Dukes,Air Force Falcons,0,Falcon Stadium,open_air,Artificial,DraftKings,-28.5,58.5,0,0,1,2.5,2005,,12,2,0,1,2.5156,0.0,,-6.842,,,1,1,24.899,0.9614,0.0386,,27.401,-27.401,27.401,28.5,0.6429,0.0,0.3571,0.0,0,0,0,0,0,0,0.0,0.0,0.0,1,1320.3,0.0,1.3203,2.0,1.0,0.0,0.0,2,1.5218,28.1075,52.3597,58.5,0.75,0.25,1,1,28.9,3.2,,18.0,0.0,0.0,1,-0.0813,56.9649,29.63,56.88,43.26,13.63,0.982844,0.017156,0.532144,0.467856,0.454043,0.545957,14.0,14.0,1,1,cfb-week1-v7-game-lock-2026-08-30,0.207233,0.022858,0.264074,0.086126,0.502726,0.433518,0.518585,0.459143,6.08523,5.710859,7.367552,6.127633,2.490526,1.859765,2.556118,2.199624,0.633198,0.53567,0.539443,0.5638,0.154989,0.015115,0.421372,0.337147,0,,NO_QUALIFYING_CANDIDATE,,,,,,,,0,,NO_QUALIFYING_CANDIDATE,,,,,,,,,1,UNDER,SELECTED_BY_MARKETS_YAML,58.5,-118.0,0.545957,0.5173641257162701,0.02859287428372992,0.008632423728813565,0.010186260000000008,0.010186260000000008,1,-50000.0,0.982844,0.9761439931431837,0.006700006856816376,-0.015190311999999947,0.0,0.0,1,4000.0,0.017156,0.023856006856816343,-0.0067000068568163415,-0.296604,0.0,0.0,1,-28.5,-115.0,0.532144,0.5108342361863489,0.021309763813651017,-0.005122086956521887,0.0,0.0,1,28.5,-105.0,0.467856,0.4891657638136511,-0.021309763813651128,-0.08656685714285711,0.0,0.0,1,58.5,-102.0,0.454043,0.4826358742837298,-0.028592874283729808,-0.10081680392156867,0.0,0.0,1,58.5,-118.0,0.545957,0.5173641257162701,0.02859287428372992,0.008632423728813565,0.010186260000000008,0.010186260000000008
2026,2,1,401856634,2026-09-05,11:00,East Carolina Pirates,Alabama Crimson Tide,0,Bryant-Denny Stadium,open_air,Grass,DraftKings,-28.5,52.5,0,0,1,2.5,333,151,13,12,0,0,15.9682,16.7478,1.7204,20.126,-0.564,23.19,1,1,72.473,0.946,0.054,,24.401,-24.401,24.401,28.5,0.36,0.28,0.2,0.16,0,0,0,0,0,0,0.0,0.0,0.0,1,603.3,0.0,0.6033,1.0,1.0,0.0,0.0,2,0.6954,21.9087,45.7959,52.5,0.75,0.25,1,1,32.0,1.0,,62.3,1.0,0.0,1,1.1556,50.824,22.6,51.98,37.29,14.69,0.946798,0.053202,0.336826,0.663174,0.485172,0.514828,14.0,14.0,1,1,cfb-week1-v7-game-lock-2026-08-30,0.103826,0.099763,-0.042238,-0.070226,0.464098,0.474933,0.415456,0.40927,5.997778,6.09104,5.104992,5.475178,2.603905,2.428819,1.416351,1.515432,0.640985,0.6097,0.461056,0.367419,0.060809,0.058634,0.362528,0.43299,0,,NO_QUALIFYING_CANDIDATE,,,,,,,,0,,NO_QUALIFYING_CANDIDATE,,,,,,,,,0,,NO_QUALIFYING_CANDIDATE,,,,,,,,,1,-8000.0,0.946798,0.9578344612181154,-0.011036461218115412,-0.041367025000000016,0.0,0.0,1,2200.0,0.053202,0.04216553878188443,0.011036461218115572,0.223646,0.010165727272727272,0.010165727272727272,1,-28.5,100.0,0.336826,0.4782608695652174,-0.1414348695652174,-0.3263479999999999,0.0,0.0,1,28.5,-120.0,0.663174,0.5217391304347826,0.14143486956521745,0.2158190000000002,0.2589828000000002,0.05,1,52.5,-110.0,0.485172,0.5,-0.014828000000000008,-0.07376254545454547,0.0,0.0,1,52.5,-110.0,0.514828,0.5,0.014827999999999952,-0.017146545454545525,0.0,0.0
2026,2,1,401858430,2026-09-05,11:00,Ohio Bobcats,Nebraska Cornhuskers,0,"Memorial Stadium (Lincoln, NE)",open_air,Artificial,DraftKings,-23.5,46.5,0,0,1,2.5,158,195,12,12,0,0,7.6855,10.7769,-0.5914,8.842,-7.957,19.299,1,1,52.756,0.9172,0.0828,,20.501,-20.501,20.501,23.5,0.36,0.28,0.2,0.16,0,0,0,0,0,0,0.0,0.0,0.0,1,778.1,0.0,0.7781,1.0,1.0,0.0,0.0,2,0.8968,17.8693,45.5471,46.5,0.75,0.25,1,1,33.5,3.6,,46.4,0.0,0.0,1,-0.3061,46.2618,18.77,45.96,32.36,13.59,0.909948,0.090052,0.367631,0.632369,0.484492,0.515508,14.0,14.0,1,1,cfb-week1-v7-game-lock-2026-08-30,0.094385,0.130255,0.076628,0.027169,0.493226,0.47457,0.454272,0.428189,6.175719,6.239132,5.740057,6.283438,2.242877,2.032558,2.041641,1.604167,0.484134,0.593119,0.594855,0.463253,0.081665,0.116404,0.38425,0.360505,0,,NO_QUALIFYING_CANDIDATE,,,,,,,,0,,NO_QUALIFYING_CANDIDATE,,,,,,,,,0,,NO_QUALIFYING_CANDIDATE,,,,,,,,,1,-2800.0,0.909948,0.9311163895486936,-0.0211683895486936,-0.05755385714285708,0.0,0.0,1,1300.0,0.090052,0.06888361045130642,0.021168389548693572,0.26072799999999985,0.020055999999999987,0.020055999999999987,1,-23.5,-108.0,0.367631,0.4956702459300312,-0.1280392459300312,-0.29196992592592586,0.0,0.0,1,23.5,-112.0,0.632369,0.5043297540699689,0.12803924593003102,0.19698417857142847,0.2206222799999999,0.05,1,46.5,-110.0,0.484492,0.5,-0.015508000000000022,-0.07506072727272733,0.0,0.0,1,46.5,-110.0,0.515508,0.5,0.015507999999999966,-0.01584836363636366,0.0,0.0
2026,2,1,401856778,2026-09-05,11:00,Oregon State Beavers,Houston Cougars,0,TDECU Stadium,open_air,Artificial,DraftKings,-20.5,49.5,0,0,1,2.5,248,204,12,12,0,0,8.8455,-1.089,12.4345,7.12,-8.101,17.721,1,1,50.179,0.9133,0.0867,,20.071,-20.071,20.071,20.5,0.36,0.28,0.2,0.16,0,0,0,0,0,0,0.0,0.0,0.0,1,1834.2,0.0,1.8342,2.0,0.0,1.0,0.0,2,0.4902,18.3456,42.134,49.5,0.75,0.25,1,1,30.0,1.6,,71.7,0.0,0.0,1,0.8182,47.6585,18.84,48.48,33.66,14.82,0.910754,0.089246,0.452688,0.547312,0.470867,0.529133,14.0,14.0,1,1,cfb-week1-v7-game-lock-2026-08-30,0.055642,-0.039289,-0.020953,0.047416,0.447339,0.43369,0.443913,0.407068,5.932783,5.327179,5.560884,6.136282,2.169427,1.267374,1.769353,2.12149,0.586373,0.622484,0.502425,0.468015,0.025348,-0.004227,0.364992,0.32407,0,,NO_QUALIFYING_CANDIDATE,,,,,,,,0,,NO_QUALIFYING_CANDIDATE,,,,,,,,,0,,NO_QUALIFYING_CANDIDATE,,,,,,,,,1,-1650.0,0.910754,0.908256880733945,0.0024971192660550035,-0.03404878787878798,0.0,0.0,1,950.0,0.089246,0.09174311926605504,-0.002497119266055031,-0.06291699999999989,0.0,0.0,1,-20.5,-115.0,0.452688,0.5108342361863489,-0.058146236186348954,-0.1536702608695653,0.0,0.0,1,20.5,-105.0,0.547312,0.4891657638136511,0.0581462361863489,0.06856152380952385,0.07198960000000004,0.05,1,49.5,-112.0,0.470867,0.5043297540699689,-0.03346275406996896,-0.10871603571428584,0.0,0.0,1,49.5,-108.0,0.529133,0.4956702459300312,0.03346275406996879,0.019070962962962956,0.02059663999999999,0.02059663999999999
2026,2,1,401862701,2026-09-05,12:00,Bryant Bulldogs,Army Black Knights,0,Michie Stadium,open_air,Artificial,DraftKings,-36.5,51.5,0,0,1,2.5,349,,12,2,0,1,3.4123,0.0,,-5.63,,,1,1,24.674,0.9667,0.0332,,28.737,-28.737,28.737,36.5,0.6429,0.0,0.3571,0.0,0,0,0,0,0,0,0.0,0.0,0.0,1,130.6,0.0,0.1306,0.0,1.0,0.0,0.0,2,0.1505,33.7275,47.5057,51.5,0.75,0.25,1,1,21.3,4.4,,66.0,0.0,0.0,1,-0.7559,50.5014,33.88,49.75,41.81,7.93,0.992237,0.007763,0.425719,0.574281,0.450135,0.549865,14.0,14.0,1,1,cfb-week1-v7-game-lock-2026-08-30,0.067295,0.022858,0.084955,0.086126,0.46009,0.433518,0.480441,0.459143,5.174589,5.710859,5.828458,6.127633,2.139493,1.859765,2.062987,2.199624,0.63677,0.53567,0.516031,0.5638,0.022091,0.015115,0.371147,0.337147,0,,NO_QUALIFYING_CANDIDATE,,,,,,,,0,,NO_QUALIFYING_CANDIDATE,,,,,,,,,0,,NO_QUALIFYING_CANDIDATE,,,,,,,,,0,,,,,,,,0,,,,,,,,1,-36.5,-112.0,0.425719,0.5043297540699689,-0.07861075406996892,-0.19417475000000006,0.0,0.0,1,36.5,-108.0,0.574281,0.4956702459300312,0.07861075406996887,0.10602266666666682,0.11450448000000016,0.05,1,51.5,-102.0,0.450135,0.4826358742837298,-0.032500874283729775,-0.10855617647058824,0.0,0.0,1,51.5,-118.0,0.549865,0.5173641257162701,0.03250087428372994,0.015852288135593307,0.018705700000000103,0.018705700000000103
2026,2,1,401856780,2026-09-05,12:00,Coastal Carolina Chanticleers,West Virginia Mountaineers,0,Milan Puskar Stadium,open_air,Artificial,DraftKings,-21,56.5,0,0,1,2.5,277,324,12,12,0,0,-3.9897,-2.5074,1.0177,0.197,-12.093,14.79,1,1,37.031,0.8578,0.1421,,15.315,-15.315,15.315,21.0,0.36,0.28,0.2,0.16,0,0,0,0,0,0,0.0,0.0,0.0,1,408.0,0.0,0.408,0.0,1.0,0.0,0.0,2,0.4703,14.927,42.6895,56.5,0.75,0.25,1,1,23.4,1.1,,86.2,1.0,0.0,1,1.0993,53.0474,15.4,54.15,34.77,19.37,0.864292,0.135708,0.344507,0.655493,0.433255,0.566745,14.0,14.0,1,1,cfb-week1-v7-game-lock-2026-08-30,-0.072145,-0.02221,0.019458,0.032458,0.391437,0.398648,0.428683,0.438534,5.317766,5.433918,6.112597,6.265963,1.501609,1.512671,2.239979,2.169997,0.518913,0.472484,0.510362,0.536042,-0.015222,-0.009224,0.268486,0.324966,0,,NO_QUALIFYING_CANDIDATE,,,,,,,,0,,NO_QUALIFYING_CANDIDATE,,,,,,,,,0,,NO_QUALIFYING_CANDIDATE,,,,,,,,,1,-1650.0,0.864292,0.908256880733945,-0.043964880733945,-0.08332666666666677,0.0,0.0,1,950.0,0.135708,0.09174311926605504,0.04396488073394496,0.4249339999999999,0.0447298947368421,0.0447298947368421,1,-21.0,-112.0,0.344507,0.5043297540699689,-0.15982275406996893,-0.3478974642857143,0.0,0.0,1,21.0,-108.0,0.655493,0.4956702459300312,0.15982275406996882,0.262430962962963,0.28342544,0.05,1,56.5,-108.0,0.433255,0.4956702459300312,-0.06241524593003117,-0.165582962962963,0.0,0.0,1,56.5,-112.0,0.566745,0.5043297540699689,0.062415245930031116,0.07276732142857145,0.08149940000000003,0.05
2026,2,1,401861962,2026-09-05,12:00,Lafayette Leopards,UConn Huskies,0,Pratt & Whitney Stadium,open_air,Grass,DraftKings,-19.5,52.5,0,0,1,2.5,41,,12,2,0,1,11.823,0.0,,-11.163,,,1,1,19.38,0.9098,0.0902,,19.699,-19.699,19.699,19.5,0.6429,0.0,0.3571,0.0,0,0,0,0,0,0,0.0,0.0,0.0,1,153.2,0.0,0.15319999999999998,0.0,0.0,1.0,0.0,2,-1.4473,19.5711,53.0544,52.5,0.75,0.25,1,1,22.7,4.2,,61.4,1.0,0.0,1,-0.6435,52.6386,18.12,52.0,35.06,16.94,0.902263,0.097737,0.460845,0.539155,0.485616,0.514384,14.0,14.0,1,1,cfb-week1-v7-game-lock-2026-08-30,0.212416,0.022858,0.144543,0.086126,0.492207,0.433518,0.492734,0.459143,6.789856,5.710859,5.903062,6.127633,3.063588,1.859765,2.103872,2.199624,0.588207,0.53567,0.6073,0.5638,0.171033,0.015115,0.360271,0.337147,0,,NO_QUALIFYING_CANDIDATE,,,,,,,,0,,NO_QUALIFYING_CANDIDATE,,,,,,,,,0,,NO_QUALIFYING_CANDIDATE,,,,,,,,,1,-1350.0,0.902263,0.8933823529411764,0.008880647058823632,-0.030902703703703766,0.0,0.0,1,800.0,0.097737,0.10661764705882351,-0.008880647058823507,-0.120367,0.0,0.0,1,-19.5,-110.0,0.460845,0.5,-0.039154999999999995,-0.120205,0.0,0.0,1,19.5,-110.0,0.539155,0.5,0.03915500000000005,0.029295909090909233,0.03222550000000016,0.03222550000000016,1,52.5,-105.0,0.485616,0.4891657638136511,-0.00354976381365113,-0.0518925714285714,0.0,0.0,1,52.5,-115.0,0.514384,0.5108342361863489,0.003549763813651019,-0.038325565217391444,0.0,0.0
2026,2,1,401869960,2026-09-05,12:00,Liberty Flames,James Madison Dukes,0,Bridgeforth Stadium,open_air,Artificial,DraftKings,-6,50.5,0,0,1,2.5,256,2335,13,12,0,0,20.8999,2.8057,20.5943,-2.026,-7.748,8.222,1,1,41.171,0.7189,0.2811,,8.003,-8.003,8.003,6.0,0.36,0.28,0.2,0.16,0,0,0,0,0,0,0.0,0.0,0.0,1,76.5,0.0,0.0765,0.0,0.0,1.0,0.0,2,-1.5357,9.3578,44.425,50.5,0.75,0.25,1,1,27.3,1.6,,69.7,0.0,0.0,1,0.8182,48.9813,7.82,49.8,28.81,20.99,0.711824,0.288176,0.551776,0.448224,0.480047,0.519953,14.0,14.0,1,1,cfb-week1-v7-game-lock-2026-08-30,0.119024,0.080386,-0.125288,0.12929,0.467917,0.458926,0.350359,0.453824,6.521534,5.830862,4.910336,5.965503,2.319437,2.059948,1.241986,2.104716,0.563806,0.523504,0.527925,0.659681,0.108463,0.07916,0.384924,0.348927,1,HOME,SELECTED_BY_MARKETS_YAML,-225.0,0.711824,0.6636481241914618,0.048175875808538215,0.028190222222222228,0.06342800000000001,0.06342800000000001,1,HOME,SELECTED_BY_MARKETS_YAML,-6.0,-110.0,0.551776,0.5,0.051776000000000044,0.05339054545454558,0.05872960000000013,0.05872960000000013,0,,NO_QUALIFYING_CANDIDATE,,,,,,,,,1,-225.0,0.711824,0.6636481241914618,0.048175875808538215,0.028190222222222228,0.06342800000000001,0.05,1,185.0,0.288176,0.33635187580853815,-0.04817587580853816,-0.17869840000000003,0.0,0.0,1,-6.0,-110.0,0.551776,0.5,0.051776000000000044,0.05339054545454558,0.05872960000000013,0.05,1,6.0,-110.0,0.448224,0.5,-0.05177599999999999,-0.14429963636363635,0.0,0.0,1,50.5,-112.0,0.480047,0.5043297540699689,-0.024282754069968937,-0.09133960714285716,0.0,0.0,1,50.5,-108.0,0.519953,0.4956702459300312,0.024282754069968826,0.0013909629629630382,0.001502240000000081,0.001502240000000081
2026,2,1,401858208,2026-09-05,12:00,New Hampshire Wildcats,Syracuse Orange,0,JMA Wireless Dome,dome,Artificial,DraftKings,-33.5,55.5,0,0,1,2.5,183,,12,1,0,1,-8.567,0.0,,-0.808,,,1,1,29.153,0.9663,0.0337,,28.601,-28.601,28.601,33.5,0.6429,0.0,0.3571,0.0,0,0,0,0,0,0,0.0,0.0,0.0,1,262.3,0.0,0.26230000000000003,0.0,1.0,0.0,0.0,2,0.3023,31.7504,45.0896,55.5,0.75,0.25,1,0,21.1,4.3,,67.8,1.0,0.0,0,0.0,52.8974,32.05,52.9,42.48,10.42,0.988974,0.011026,0.458831,0.541169,0.426261,0.573739,14.0,14.0,1,1,cfb-week1-v7-game-lock-2026-08-30,-0.05028,0.022858,0.164572,0.086126,0.421381,0.433518,0.482343,0.459143,5.352124,5.710859,6.912448,6.127633,1.515282,1.859765,2.266991,2.199624,0.48796,0.53567,0.579919,0.5638,-0.030834,0.015115,0.321775,0.337147,0,,NO_QUALIFYING_CANDIDATE,,,,,,,,0,,NO_QUALIFYING_CANDIDATE,,,,,,,,,0,,NO_QUALIFYING_CANDIDATE,,,,,,,,,0,,,,,,,,0,,,,,,,,1,-33.5,-108.0,0.458831,0.4956702459300312,-0.036839245930031184,-0.11632548148148147,0.0,0.0,1,33.5,-112.0,0.541169,0.5043297540699689,0.03683924593003107,0.024355607142857116,0.02727827999999997,0.02727827999999997,1,55.5,-110.0,0.426261,0.5,-0.073739,-0.18622899999999998,0.0,0.0,1,55.5,-110.0,0.573739,0.5,0.073739,0.09531990909090915,0.10485190000000005,0.05
2026,2,1,401858425,2026-09-05,12:00,North Texas Mean Green,Indiana Hoosiers,0,"Memorial Stadium (Bloomington, IN)",open_air,Artificial,DraftKings,-40.5,55.5,0,0,1,2.5,84,249,13,13,0,0,33.86,20.5119,15.8481,23.14,-6.401,32.041,1,1,66.05,0.9815,0.0184,,33.87,-33.87,33.87,40.5,0.36,0.28,0.2,0.16,0,0,0,0,0,0,0.0,0.0,0.0,1,721.8,0.0,0.7218,1.0,0.0,1.0,0.0,2,-0.792,32.8612,56.0084,55.5,0.75,0.25,1,1,29.9,2.4,,61.6,0.0,0.0,1,0.3685,55.6271,32.07,56.0,44.03,11.96,0.989008,0.010992,0.273521,0.726479,0.514119,0.485881,14.0,14.0,1,1,cfb-week1-v7-game-lock-2026-08-30,0.273208,0.256196,-0.13578,0.072143,0.53519,0.524207,0.370211,0.453134,7.323376,7.514659,4.920023,5.786789,3.096858,3.521518,0.98058,2.141636,0.655332,0.713621,0.339592,0.575068,0.246295,0.196825,0.44389,0.384261,0,,NO_QUALIFYING_CANDIDATE,,,,,,,,0,,NO_QUALIFYING_CANDIDATE,,,,,,,,,0,,NO_QUALIFYING_CANDIDATE,,,,,,,,,0,,,,,,,,0,,,,,,,,1,-40.5,-105.0,0.273521,0.4891657638136511,-0.2156447638136511,-0.4659828095238095,0.0,0.0,1,40.5,-115.0,0.726479,0.5108342361863489,0.21564476381365105,0.3581998695652173,0.41192985,0.05,1,55.5,-112.0,0.514119,0.5043297540699689,0.009789245930031054,-0.026846178571428625,0.0,0.0,1,55.5,-108.0,0.485881,0.4956702459300312,-0.009789245930031165,-0.06422918518518511,0.0,0.0
2026,2,1,401856779,2026-09-05,12:00,Southeast Missouri State Redhawks,Iowa State Cyclones,0,Jack Trice Stadium,open_air,Grass,DraftKings,-29.5,53.5,0,0,1,2.5,66,,11,2,0,1,10.1721,0.0,,-0.943,,,1,1,29.17,0.9683,0.0317,,29.146,-29.146,29.146,29.5,0.6429,0.0,0.3571,0.0,0,0,0,0,0,0,0.0,0.0,0.0,1,391.5,0.0,0.3915,0.0,1.0,0.0,0.0,2,0.4512,29.3736,44.4603,53.5,0.75,0.25,1,1,31.2,1.5,,65.7,0.0,0.0,1,0.8745,51.2401,29.82,52.11,40.97,11.14,0.983428,0.016572,0.509255,0.490745,0.460584,0.539416,14.0,14.0,1,1,cfb-week1-v7-game-lock-2026-08-30,0.107973,0.022858,0.01091,0.086126,0.457719,0.433518,0.438348,0.459143,5.849795,5.710859,5.766574,6.127633,2.115838,1.859765,1.556995,2.199624,0.581624,0.53567,0.487349,0.5638,0.100092,0.015115,0.350434,0.337147,0,,NO_QUALIFYING_CANDIDATE,,,,,,,,0,,NO_QUALIFYING_CANDIDATE,,,,,,,,,0,,NO_QUALIFYING_CANDIDATE,,,,,,,,,1,-20000.0,0.983428,0.9728415079043373,0.010586492095662647,-0.011654860000000135,0.0,0.0,1,3500.0,0.016572,0.027158492095662744,-0.010586492095662745,-0.403408,0.0,0.0,1,-29.5,-108.0,0.509255,0.4956702459300312,0.01358475406996884,-0.019212592592592503,0.0,0.0,1,29.5,-112.0,0.490745,0.5043297540699689,-0.013584754069968952,-0.07108982142857151,0.0,0.0,1,53.5,-105.0,0.460584,0.4891657638136511,-0.02858176381365113,-0.10076457142857148,0.0,0.0,1,53.5,-115.0,0.539416,0.5108342361863489,0.028581763813651073,0.008473391304347766,0.009744399999999933,0.009744399999999933
2026,2,1,401866410,2026-09-05,12:00,Tarleton State Texans,Bowling Green Falcons,0,Doyt L. Perry Stadium,open_air,Artificial,DraftKings,-2.5,48.5,0,0,1,2.5,189,,12,1,0,1,0.0788,0.0,,-13.682,,,1,1,26.262,0.5637,0.4363,,2.184,-2.184,2.184,2.5,0.6429,0.0,0.3571,0.0,0,0,0,0,0,0,0.0,0.0,0.0,1,1023.9,0.0,1.0239,1.0,0.0,1.0,0.0,2,-0.4438,2.3871,42.6677,48.5,0.75,0.25,1,1,25.0,3.8,,82.0,1.0,0.0,1,-0.4186,47.0419,1.94,46.62,24.28,22.34,0.555201,0.444799,0.484143,0.515857,0.446683,0.553317,14.0,14.0,1,1,cfb-week1-v7-game-lock-2026-08-30,-0.040976,0.022858,0.018323,0.086126,0.407339,0.433518,0.416661,0.459143,5.429519,5.710859,5.82928,6.127633,1.655731,1.859765,1.70535,2.199624,0.352246,0.53567,0.614443,0.5638,-0.036557,0.015115,0.322837,0.337147,1,HOME,SELECTED_BY_MARKETS_YAML,-135.0,0.555201,0.551441114716549,0.0037598852834509477,-0.033539000000000097,0.0,0.0,0,,NO_QUALIFYING_CANDIDATE,,,,,,,,,0,,NO_QUALIFYING_CANDIDATE,,,,,,,,,1,-135.0,0.555201,0.551441114716549,0.0037598852834509477,-0.033539000000000097,0.0,0.0,1,114.0,0.444799,0.44855888528345106,-0.0037598852834510588,-0.048130140000000154,0.0,0.0,1,-2.5,-110.0,0.484143,0.5,-0.01585700000000001,-0.07572699999999999,0.0,0.0,1,2.5,-110.0,0.515857,0.5,0.01585700000000001,-0.01518209090909084,0.0,0.0,1,48.5,-112.0,0.446683,0.5043297540699689,-0.05764675406996894,-0.15449289285714296,0.0,0.0,1,48.5,-108.0,0.553317,0.4956702459300312,0.057646754069968775,0.06564755555555557,0.07089936000000001,0.05
2026,2,1,401858432,2026-09-05,12:30,Ball State Cardinals,Ohio State Buckeyes,0,Ohio Stadium,open_air,Artificial,DraftKings,-50.5,55.5,0,0,1,2.5,194,2050,13,12,0,0,31.4362,-10.5353,44.4714,28.676,-17.282,48.458,1,1,52.636,0.9972,0.0027,,50.482,-50.482,50.482,50.5,0.36,0.28,0.2,0.16,0,0,0,0,0,0,0.0,0.0,0.0,1,127.5,0.0,0.1275,0.0,0.0,1.0,0.0,2,-1.4769,48.9601,44.1435,55.5,0.75,0.25,1,1,26.9,2.3,,75.3,0.0,0.0,1,0.4247,52.6609,47.48,53.09,50.28,2.8,0.999653,0.000347,0.414692,0.585308,0.431538,0.568462,14.0,14.0,1,1,cfb-week1-v7-game-lock-2026-08-30,0.235434,-0.111912,-0.120701,0.104656,0.542409,0.36614,0.381442,0.475465,6.977631,4.801779,4.496392,6.339799,3.032725,1.490404,0.966256,2.187741,0.623604,0.427895,0.366814,0.553332,0.166125,-0.128858,0.421654,0.318853,0,,NO_QUALIFYING_CANDIDATE,,,,,,,,0,,NO_QUALIFYING_CANDIDATE,,,,,,,,,0,,NO_QUALIFYING_CANDIDATE,,,,,,,,,0,,,,,,,,0,,,,,,,,1,-50.5,-105.0,0.414692,0.4891657638136511,-0.07447376381365112,-0.19036323809523803,0.0,0.0,1,50.5,-115.0,0.585308,0.5108342361863489,0.07447376381365112,0.09427147826086957,0.10841220000000001,0.05,1,55.5,-115.0,0.431538,0.5108342361863489,-0.07929623618634896,-0.1932115652173914,0.0,0.0,1,55.5,-105.0,0.568462,0.4891657638136511,0.0792962361863489,0.10985438095238098,0.11534710000000004,0.05
2026,2,1,401858433,2026-09-05,12:30,Boise State Broncos,Oregon Ducks,0,Autzen Stadium,open_air,Artificial,Draft Kings,-24.5,51.5,0,0,1,2.5,2483,68,12,13,0,0,22.5818,11.5749,13.5069,25.276,4.045,23.731,1,1,77.879,0.9475,0.0525,,24.667,-24.667,24.667,24.5,0.36,0.28,0.2,0.16,0,0,0,0,0,0,0.0,0.0,0.0,1,343.9,0.0,0.3439,1.0,1.0,0.0,0.0,2,0.3964,22.5592,44.4245,51.5,0.75,0.25,1,1,17.0,1.4,,69.7,0.0,0.0,1,0.9307,49.7311,22.96,50.66,36.81,13.85,0.949464,0.050536,0.456079,0.543921,0.476129,0.523871,14.0,14.0,1,1,cfb-week1-v7-game-lock-2026-08-30,0.157768,0.097468,-0.091479,-0.014412,0.500633,0.446659,0.388741,0.387891,7.121639,6.273155,4.839489,5.870473,2.641534,2.127962,1.35009,1.606406,0.564367,0.730271,0.658399,0.720888,0.130614,0.024696,0.397497,0.377859,0,,NO_QUALIFYING_CANDIDATE,,,,,,,,0,,NO_QUALIFYING_CANDIDATE,,,,,,,,,0,,NO_QUALIFYING_CANDIDATE,,,,,,,,,1,-2800.0,0.949464,0.9311163895486936,0.018347610451306395,-0.016626571428571366,0.0,0.0,1,1300.0,0.050536,0.06888361045130642,-0.018347610451306423,-0.292496,0.0,0.0,1,-24.5,-115.0,0.456079,0.5108342361863489,-0.05475523618634892,-0.14733056521739135,0.0,0.0,1,24.5,-105.0,0.543921,0.4891657638136511,0.054755236186348866,0.06194099999999991,0.06503804999999992,0.05,1,51.5,-112.0,0.476129,0.5043297540699689,-0.028200754069968914,-0.09875582142857142,0.0,0.0,1,51.5,-108.0,0.523871,0.4956702459300312,0.028200754069968803,0.008936740740740745,0.009651680000000003,0.009651680000000003
2026,2,1,401858207,2026-09-05,12:30,Miami (OH) RedHawks,Pittsburgh Panthers,0,Acrisure Stadium,open_air,Grass,DraftKings,-16.5,47.5,0,0,1,2.5,221,193,12,13,0,0,8.5709,5.7442,5.3267,6.616,-6.994,16.11,1,1,51.295,0.8742,0.1257,,16.532,-16.532,16.532,16.5,0.36,0.28,0.2,0.16,0,0,0,0,0,0,0.0,0.0,0.0,1,257.8,0.0,0.25780000000000003,0.0,0.0,1.0,0.0,2,-1.3268,14.6095,42.1973,47.5,0.75,0.25,1,1,23.4,2.0,,82.5,1.0,0.0,1,0.5934,46.1743,13.28,46.77,30.03,16.74,0.82863,0.17137,0.409121,0.590879,0.479142,0.520858,14.0,14.0,1,1,cfb-week1-v7-game-lock-2026-08-30,0.042369,0.009804,-0.053065,-0.01035,0.436844,0.440291,0.40522,0.417626,6.090797,5.967185,5.499476,5.369929,1.995674,1.808448,1.719871,1.814665,0.474638,0.479239,0.587062,0.510517,0.045472,0.076188,0.313546,0.282657,0,,NO_QUALIFYING_CANDIDATE,,,,,,,,0,,NO_QUALIFYING_CANDIDATE,,,,,,,,,0,,NO_QUALIFYING_CANDIDATE,,,,,,,,,1,-800.0,0.82863,0.8524590163934427,-0.023829016393442704,-0.06779125000000003,0.0,0.0,1,550.0,0.17137,0.1475409836065574,0.023829016393442592,0.11390500000000003,0.020710000000000006,0.020710000000000006,1,-16.5,-115.0,0.409121,0.5108342361863489,-0.10171323618634892,-0.23512160869565213,0.0,0.0,1,16.5,-105.0,0.590879,0.4891657638136511,0.10171323618634892,0.15362090476190482,0.16130195000000008,0.05,1,47.5,-118.0,0.479142,0.5173641257162701,-0.038222125716270094,-0.11480545762711869,0.0,0.0,1,47.5,-102.0,0.520858,0.4826358742837298,0.03822212571627026,0.031503098039215804,0.03213316000000012,0.03213316000000012
2026,2,1,401856665,2026-09-05,12:45,Kent State Golden Flashes,South Carolina Gamecocks,0,Williams-Brice Stadium,open_air,Grass,DraftKings,-35.5,54.5,0,0,1,2.5,2579,2309,12,12,0,0,1.2742,-6.4643,10.2385,11.692,-17.891,32.083,1,1,43.976,0.9811,0.0189,,33.649,-33.649,33.649,35.5,0.36,0.28,0.2,0.16,0,0,0,0,0,0,0.0,0.0,0.0,1,495.4,0.0,0.49539999999999995,0.0,0.0,1.0,0.0,2,-1.0529,30.1312,40.8356,54.5,0.75,0.25,1,1,36.5,1.7,,38.9,0.0,0.0,1,0.762,51.0839,29.08,51.85,40.46,11.38,0.9811,0.0189,0.323227,0.676773,0.42482,0.57518,14.0,14.0,1,1,cfb-week1-v7-game-lock-2026-08-30,-0.032845,-0.030684,0.012563,0.118884,0.416936,0.393375,0.450456,0.473733,5.699043,5.571208,5.851005,5.976892,1.508061,1.564452,1.616209,2.41312,0.616207,0.477246,0.461042,0.491569,-0.04614,0.000692,0.295413,0.252789,0,,NO_QUALIFYING_CANDIDATE,,,,,,,,0,,NO_QUALIFYING_CANDIDATE,,,,,,,,,0,,NO_QUALIFYING_CANDIDATE,,,,,,,,,1,-100000.0,0.9811,0.9807503701851888,0.00034962981481112543,-0.017918900000000137,0.0,0.0,1,5000.0,0.0189,0.01924962981481125,-0.00034962981481125033,-0.03609999999999991,0.0,0.0,1,-35.5,-112.0,0.323227,0.5043297540699689,-0.18110275406996895,-0.38817746428571437,0.0,0.0,1,35.5,-108.0,0.676773,0.4956702459300312,0.18110275406996879,0.3034146666666666,0.3276878399999999,0.05,1,54.5,-108.0,0.42482,0.4956702459300312,-0.0708502459300312,-0.18182814814814813,0.0,0.0,1,54.5,-112.0,0.57518,0.5043297540699689,0.07085024593003109,0.08873357142857141,0.09938159999999999,0.05
2026,2,1,401856659,2026-09-05,13:00,Youngstown State Penguins,Kentucky Wildcats,0,Kroger Field,open_air,Artificial,DraftKings,-22.5,62.5,0,0,1,2.5,96,,12,2,0,1,2.9796,0.0,,5.366,,,1,1,40.545,0.9357,0.0643,,22.824,-22.824,22.824,22.5,0.6429,0.0,0.3571,0.0,0,0,0,0,0,0,0.0,0.0,0.0,1,296.0,0.0,0.296,0.0,1.0,0.0,0.0,2,0.3412,22.6157,45.0928,62.5,0.75,0.25,1,1,30.1,2.2,,60.8,0.0,0.0,1,0.4809,58.1482,22.96,58.63,40.79,17.84,0.949474,0.050526,0.513017,0.486983,0.391085,0.608915,14.0,14.0,1,1,cfb-week1-v7-game-lock-2026-08-30,0.01969,0.022858,0.051565,0.086126,0.454822,0.433518,0.469045,0.459143,5.561788,5.710859,5.977902,6.127633,1.872678,1.859765,1.910155,2.199624,0.575205,0.53567,0.567164,0.5638,0.043351,0.015115,0.377047,0.337147,0,,NO_QUALIFYING_CANDIDATE,,,,,,,,0,,NO_QUALIFYING_CANDIDATE,,,,,,,,,0,,NO_QUALIFYING_CANDIDATE,,,,,,,,,1,-3600.0,0.949474,0.9396411092985318,0.0098328907014682,-0.024151722222222276,0.0,0.0,1,1500.0,0.050526,0.06035889070146819,-0.009832890701468186,-0.19158399999999998,0.0,0.0,1,-22.5,-110.0,0.513017,0.5,0.013016999999999945,-0.020603909090909145,0.0,0.0,1,22.5,-110.0,0.486983,0.5,-0.013017,-0.07030518181818185,0.0,0.0,1,62.5,-110.0,0.391085,0.5,-0.10891499999999998,-0.25338318181818176,0.0,0.0,1,62.5,-110.0,0.608915,0.5,0.10891499999999998,0.16247409090909093,0.1787215,0.05
2026,2,1,401862698,2026-09-05,14:00,Rhode Island Rams,Temple Owls,0,Lincoln Financial Field,open_air,Artificial,Draft Kings,-14.5,51.5,0,0,1,2.5,218,,12,1,0,1,2.5829,0.0,,-8.6,,,1,1,23.24,0.8409,0.159,,14.194,-14.194,14.194,14.5,0.6429,0.0,0.3571,0.0,0,0,0,0,0,0,0.0,0.0,0.0,1,219.6,0.0,0.2196,0.0,1.0,0.0,0.0,2,0.2531,14.3907,50.1751,51.5,0.75,0.25,1,1,27.6,3.3,,43.8,0.0,0.0,1,-0.1375,51.1688,14.64,51.03,32.84,18.19,0.852217,0.147783,0.504098,0.495902,0.486646,0.513354,14.0,14.0,1,1,cfb-week1-v7-game-lock-2026-08-30,0.119626,0.022858,0.097143,0.086126,0.455562,0.433518,0.461692,0.459143,5.66164,5.710859,6.550229,6.127633,2.200661,1.859765,2.466058,2.199624,0.548674,0.53567,0.672777,0.5638,0.138461,0.015115,0.35411,0.337147,0,,NO_QUALIFYING_CANDIDATE,,,,,,,,0,,NO_QUALIFYING_CANDIDATE,,,,,,,,,0,,NO_QUALIFYING_CANDIDATE,,,,,,,,,1,-700.0,0.852217,0.84,0.012217000000000033,-0.02603771428571433,0.0,0.0,1,500.0,0.147783,0.15999999999999998,-0.012216999999999978,-0.11330200000000001,0.0,0.0,1,-14.5,-110.0,0.504098,0.5,0.004098000000000046,-0.03763109090909078,0.0,0.0,1,14.5,-110.0,0.495902,0.5,-0.0040979999999999905,-0.05327799999999988,0.0,0.0,1,51.5,-105.0,0.486646,0.4891657638136511,-0.002519763813651099,-0.04988161904761901,0.0,0.0,1,51.5,-115.0,0.513354,0.5108342361863489,0.0025197638136510436,-0.04025121739130444,0.0,0.0
2026,2,1,401856636,2026-09-05,14:30,Baylor Bears,Auburn Tigers,0,Jordan-Hare Stadium,open_air,Grass,Draft Kings,-7,57.5,1,1,1,2.5,2,239,12,12,0,0,11.6818,3.75,10.4319,12.007,6.518,7.989,1,1,72.827,0.7289,0.2711,,8.432,-8.432,8.432,7.0,0.36,0.28,0.2,0.16,0,0,0,0,0,0,0.0,0.0,0.0,1,684.1,0.0,0.6841,0.0,0.0,1.0,0.0,2,-0.8354,8.1124,49.7674,57.5,0.75,0.25,1,1,29.6,1.6,,69.7,0.0,0.0,1,0.8182,55.5668,7.28,56.39,31.83,24.55,0.698393,0.301607,0.507893,0.492107,0.468263,0.531737,14.0,14.0,1,1,cfb-week1-v7-game-lock-2026-08-30,0.111757,0.09131,-0.018676,0.100645,0.460327,0.456793,0.405369,0.461665,5.837496,6.145473,5.352649,5.90323,2.163007,2.237235,1.779979,2.47497,0.498674,0.518402,0.540464,0.566824,0.103922,0.086943,0.36784,0.345473,1,HOME,SELECTED_BY_MARKETS_YAML,-270.0,0.698393,0.700162074554295,-0.0017690745542949804,-0.04294292592592597,0.0,0.0,0,,NO_QUALIFYING_CANDIDATE,,,,,,,,,1,UNDER,SELECTED_BY_MARKETS_YAML,57.5,-105.0,0.531737,0.4891657638136511,0.04257123618634889,0.03815319047619048,0.04006085000000001,0.04006085000000001,1,-270.0,0.698393,0.700162074554295,-0.0017690745542949804,-0.04294292592592597,0.0,0.0,1,220.0,0.301607,0.299837925445705,0.001769074554295036,-0.03485759999999993,0.0,0.0,1,-7.0,-115.0,0.507893,0.5108342361863489,-0.0029412361863488945,-0.05046091304347827,0.0,0.0,1,7.0,-105.0,0.492107,0.4891657638136511,0.0029412361863488945,-0.0392196666666666,0.0,0.0,1,57.5,-115.0,0.468263,0.5108342361863489,-0.04257123618634895,-0.12455178260869576,0.0,0.0,1,57.5,-105.0,0.531737,0.4891657638136511,0.04257123618634889,0.03815319047619048,0.04006085000000001,0.04006085000000001
2026,2,1,401864499,2026-09-05,14:30,Fordham Rams,North Dakota State Bison,0,Fargodome,dome,Artificial,Draft Kings,-41.5,54.5,0,0,1,2.5,2449,,13,1,0,1,28.9587,0.0,,-1.574,,,1,1,29.507,0.9891,0.0109,,38.441,-38.441,38.441,41.5,0.6429,0.0,0.3571,0.0,0,0,0,0,0,0,0.0,0.0,0.0,1,1209.9,0.0,1.2099000000000002,1.0,1.0,0.0,0.0,2,1.3945,40.4075,46.293,54.5,0.75,0.25,1,0,30.8,4.9,,47.5,0.0,0.0,0,0.0,52.4483,41.8,52.45,47.13,5.32,0.998586,0.001414,0.508605,0.491395,0.441742,0.558258,14.0,14.0,1,1,cfb-week1-v7-game-lock-2026-08-30,0.244912,0.022858,-0.124493,0.086126,0.497618,0.433518,0.404001,0.459143,7.292278,5.710859,4.918623,6.127633,2.915629,1.859765,1.075942,2.199624,0.634636,0.53567,0.45188,0.5638,0.216093,0.015115,0.419113,0.337147,0,,NO_QUALIFYING_CANDIDATE,,,,,,,,0,,NO_QUALIFYING_CANDIDATE,,,,,,,,,0,,NO_QUALIFYING_CANDIDATE,,,,,,,,,0,,,,,,,,0,,,,,,,,1,-41.5,-105.0,0.508605,0.4891657638136511,0.01943923618634885,-0.007009285714285773,0.0,0.0,1,41.5,-115.0,0.491395,0.5108342361863489,-0.019439236186348907,-0.08130500000000002,0.0,0.0,1,54.5,-108.0,0.441742,0.4956702459300312,-0.05392824593003115,-0.1492376296296295,0.0,0.0,1,54.5,-112.0,0.558258,0.5043297540699689,0.05392824593003109,0.05670264285714288,0.06350696000000003,0.05
2026,2,1,401856667,2026-09-05,14:30,Texas State Bobcats,Texas Longhorns,0,DKR-Texas Memorial Stadium,open_air,Artificial,Draft Kings,-29.5,60.5,0,0,1,2.5,251,326,12,12,0,0,12.6837,9.127,6.0567,26.914,-4.26,33.674,1,1,69.493,0.9837,0.0163,,34.959,-34.959,34.959,29.5,0.36,0.28,0.2,0.16,0,0,0,0,0,0,0.0,0.0,0.0,1,29.5,0.0,0.0295,0.0,0.0,1.0,0.0,2,-1.5899,28.0096,48.7672,60.5,0.75,0.25,1,1,33.4,2.2,,53.9,0.0,0.0,1,0.4809,57.5668,26.42,58.05,42.23,15.81,0.970428,0.029572,0.412927,0.587073,0.430476,0.569524,14.0,14.0,1,1,cfb-week1-v7-game-lock-2026-08-30,0.115799,0.16016,-0.047083,0.111468,0.436993,0.472105,0.420666,0.451307,6.212897,6.669975,5.296166,6.010033,2.238082,2.479654,1.662575,2.10094,0.63881,0.548891,0.620396,0.571586,0.089726,0.145001,0.350845,0.341191,0,,NO_QUALIFYING_CANDIDATE,,,,,,,,0,,NO_QUALIFYING_CANDIDATE,,,,,,,,,0,,NO_QUALIFYING_CANDIDATE,,,,,,,,,1,-9000.0,0.970428,0.9625668449197861,0.0078611550802139,-0.018789466666666747,0.0,0.0,1,2500.0,0.029572,0.0374331550802139,-0.0078611550802139,-0.2311279999999999,0.0,0.0,1,-29.5,-110.0,0.412927,0.5,-0.08707300000000001,-0.2116848181818181,0.0,0.0,1,29.5,-110.0,0.587073,0.5,0.08707299999999996,0.12077572727272723,0.13285329999999995,0.05,1,60.5,-110.0,0.430476,0.5,-0.06952399999999997,-0.17818218181818168,0.0,0.0,1,60.5,-110.0,0.569524,0.5,0.06952400000000003,0.08727309090909097,0.09600040000000006,0.05
2026,2,1,401862700,2026-09-05,14:30,UT Rio Grande Valley Vaqueros,UTSA Roadrunners,0,Alamodome,dome,Artificial,Draft Kings,-28.5,59.5,0,0,1,2.5,2636,,12,0,0,1,9.0827,0.0,,-5.31,,,1,1,26.838,0.8719,0.128,,16.344,-16.344,16.344,28.5,0.6429,0.0,0.3571,0.0,0,0,0,0,0,0,0.0,0.0,0.0,1,217.6,0.0,0.2176,0.0,1.0,0.0,0.0,2,0.2508,24.1586,47.0672,59.5,0.75,0.25,1,0,35.7,2.4,,39.4,0.0,0.0,0,0.0,56.3918,24.41,56.39,40.4,15.99,0.959379,0.040621,0.385072,0.614928,0.412151,0.587849,14.0,14.0,1,1,cfb-week1-v7-game-lock-2026-08-30,0.101761,0.022858,0.048666,0.086126,0.463484,0.433518,0.436676,0.459143,6.520145,5.710859,6.207899,6.127633,2.287342,1.859765,1.838867,2.199624,0.541532,0.53567,0.533321,0.5638,0.125182,0.015115,0.341802,0.337147,0,,NO_QUALIFYING_CANDIDATE,,,,,,,,0,,NO_QUALIFYING_CANDIDATE,,,,,,,,,0,,NO_QUALIFYING_CANDIDATE,,,,,,,,,1,-6500.0,0.959379,0.9538784067085954,0.005500593291404621,-0.025861323076923147,0.0,0.0,1,2000.0,0.040621,0.046121593291404604,-0.005500593291404607,-0.14695900000000006,0.0,0.0,1,-28.5,-102.0,0.385072,0.4826358742837298,-0.09756387428372976,-0.2374064313725489,0.0,0.0,1,28.5,-118.0,0.614928,0.5173641257162701,0.09756387428372992,0.13605342372881357,0.16054304000000003,0.05,1,59.5,-108.0,0.412151,0.4956702459300312,-0.08351924593003118,-0.20622770370370375,0.0,0.0,1,59.5,-112.0,0.587849,0.5043297540699689,0.08351924593003102,0.1127141785714284,0.12623987999999983,0.05
2026,2,1,401856772,2026-09-05,14:45,Oklahoma State Cowboys,Tulsa Golden Hurricane,0,Chapman Stadium,open_air,Artificial,Draft Kings,13.5,57.5,0,0,1,2.5,202,197,12,12,0,0,0.2083,-12.0073,14.7156,-8.963,3.345,-9.808,1,1,45.987,0.2152,0.7847,,-11.022,11.022,-11.022,-13.5,0.36,0.28,0.2,0.16,0,0,0,0,0,0,0.0,0.0,0.0,1,62.7,0.0,0.0627,0.0,0.0,1.0,0.0,2,-1.5516,-7.4561,45.1314,57.5,0.75,0.25,1,1,37.8,3.1,,31.5,0.0,0.0,1,-0.025,54.4079,-9.01,54.38,22.69,31.7,0.259978,0.740022,0.625847,0.374153,0.411901,0.588099,14.0,14.0,1,1,cfb-week1-v7-game-lock-2026-08-30,-0.016399,-0.115535,0.066788,0.137352,0.439435,0.383407,0.447817,0.454437,5.695491,4.978586,5.722982,6.379675,1.956054,1.328802,2.142067,2.422021,0.453436,0.404627,0.573287,0.620396,-0.041115,-0.164865,0.318055,0.329374,0,,NO_QUALIFYING_CANDIDATE,,,,,,,,0,,NO_QUALIFYING_CANDIDATE,,,,,,,,,0,,NO_QUALIFYING_CANDIDATE,,,,,,,,,1,410.0,0.259978,0.1881331403762663,0.07184485962373369,0.32588779999999984,0.07948482926829264,0.05,1,-550.0,0.740022,0.8118668596237336,-0.07184485962373366,-0.12542854545454546,0.0,0.0,1,13.5,-115.0,0.625847,0.5108342361863489,0.11501276381365111,0.17006178260869564,0.19557105000000002,0.05,1,-13.5,-105.0,0.374153,0.4891657638136511,-0.11501276381365111,-0.26951080952380957,0.0,0.0,1,57.5,-110.0,0.411901,0.5,-0.08809899999999998,-0.21364354545454534,0.0,0.0,1,57.5,-110.0,0.588099,0.5,0.08809900000000004,0.12273445454545462,0.13500790000000007,0.05
2026,2,1,401856658,2026-09-05,15:00,Tennessee State Tigers,Georgia Bulldogs,0,Sanford Stadium,open_air,Grass,Draft Kings,-48.5,55.5,0,0,1,2.5,61,,13,1,0,1,17.4614,0.0,,24.837,,,1,1,49.953,0.9992,0.0006,,61.895,-61.895,61.895,48.5,0.6429,0.0,0.3571,0.0,0,0,0,0,0,0,0.0,0.0,0.0,1,245.7,0.0,0.2457,1.0,0.0,1.0,0.0,2,-1.3407,53.2839,47.687,55.5,0.75,0.25,1,1,35.9,0.7,,36.9,0.0,0.0,1,1.3242,53.5468,51.94,54.87,53.41,1.46,0.999896,0.000104,0.597137,0.402863,0.482082,0.517918,14.0,14.0,1,1,cfb-week1-v7-game-lock-2026-08-30,0.135183,0.022858,-0.027803,0.086126,0.498006,0.433518,0.416251,0.459143,5.893057,5.710859,5.128945,6.127633,2.670097,1.859765,1.563914,2.199624,0.709874,0.53567,0.455703,0.5638,0.108146,0.015115,0.362079,0.337147,0,,NO_QUALIFYING_CANDIDATE,,,,,,,,0,,NO_QUALIFYING_CANDIDATE,,,,,,,,,0,,NO_QUALIFYING_CANDIDATE,,,,,,,,,0,,,,,,,,0,,,,,,,,1,-48.5,-118.0,0.597137,0.5173641257162701,0.07977287428372992,0.10318530508474577,0.12175866000000002,0.05,1,48.5,-102.0,0.402863,0.4826358742837298,-0.07977287428372976,-0.20217327450980388,0.0,0.0,1,55.5,-105.0,0.482082,0.4891657638136511,-0.007083763813651112,-0.05879228571428574,0.0,0.0,1,55.5,-115.0,0.517918,0.5108342361863489,0.007083763813651056,-0.031718521739130534,0.0,0.0
2026,2,1,401856635,2026-09-05,15:15,North Alabama Lions,Arkansas Razorbacks,0,Razorback Stadium,open_air,Artificial,Draft Kings,-40.5,63.5,0,0,1,2.5,8,,12,1,0,1,5.3625,0.0,,4.396,,,1,1,34.388,0.9858,0.0142,,36.166,-36.166,36.166,40.5,0.6429,0.0,0.3571,0.0,0,0,0,0,0,0,0.0,0.0,0.0,1,375.7,0.0,0.3757,0.0,1.0,0.0,0.0,2,0.433,38.9521,51.8253,63.5,0.75,0.25,1,1,37.5,2.2,,30.9,0.0,0.0,1,0.4809,60.5813,39.39,61.06,50.22,10.84,0.997548,0.002452,0.468265,0.531735,0.430883,0.569117,14.0,14.0,1,1,cfb-week1-v7-game-lock-2026-08-30,0.166096,0.022858,0.214324,0.086126,0.492977,0.433518,0.493677,0.459143,7.158674,5.710859,6.591568,6.127633,2.415521,1.859765,2.538178,2.199624,0.645103,0.53567,0.652368,0.5638,0.173037,0.015115,0.396774,0.337147,0,,NO_QUALIFYING_CANDIDATE,,,,,,,,0,,NO_QUALIFYING_CANDIDATE,,,,,,,,,0,,NO_QUALIFYING_CANDIDATE,,,,,,,,,0,,,,,,,,0,,,,,,,,1,-40.5,-110.0,0.468265,0.5,-0.03173500000000001,-0.10603954545454553,0.0,0.0,1,40.5,-110.0,0.531735,0.5,0.03173499999999996,0.01513045454545453,0.01664349999999998,0.01664349999999998,1,63.5,-105.0,0.430883,0.4891657638136511,-0.058282763813651106,-0.15875223809523809,0.0,0.0,1,63.5,-115.0,0.569117,0.5108342361863489,0.05828276381365105,0.06400134782608685,0.07360154999999989,0.05
2026,2,1,401858426,2026-09-05,15:15,Northern Illinois Huskies,Iowa Hawkeyes,0,Kinnick Stadium,open_air,Artificial,Draft Kings,-31.5,44.5,0,0,1,2.5,2294,2459,12,12,0,0,13.0969,-5.8871,21.484,10.569,-14.51,27.579,1,1,45.824,0.9659,0.034,,28.492,-28.492,28.492,31.5,0.36,0.28,0.2,0.16,0,0,0,0,0,0,0.0,0.0,0.0,1,144.1,0.0,0.1441,0.0,1.0,0.0,0.0,2,0.1661,28.198,40.8048,44.5,0.75,0.25,1,1,30.8,3.4,,65.9,0.0,0.0,1,-0.1937,43.5762,28.36,43.38,35.87,7.51,0.978618,0.021382,0.41138,0.58862,0.46819,0.53181,14.0,14.0,1,1,cfb-week1-v7-game-lock-2026-08-30,0.068945,-0.075453,-0.075932,0.072265,0.45854,0.385887,0.434271,0.465554,5.498851,5.08954,5.129634,5.655959,2.318672,1.421078,1.470487,1.886253,0.634984,0.399865,0.541175,0.503513,0.068852,-0.101883,0.375807,0.287864,0,,NO_QUALIFYING_CANDIDATE,,,,,,,,0,,NO_QUALIFYING_CANDIDATE,,,,,,,,,0,,NO_QUALIFYING_CANDIDATE,,,,,,,,,1,-50000.0,0.978618,0.9761439931431837,0.002474006856816313,-0.01942476400000001,0.0,0.0,1,4000.0,0.021382,0.023856006856816343,-0.002474006856816341,-0.12333799999999995,0.0,0.0,1,-31.5,-112.0,0.41138,0.5043297540699689,-0.09294975406996892,-0.22131642857142853,0.0,0.0,1,31.5,-108.0,0.58862,0.4956702459300312,0.09294975406996886,0.1336385185185186,0.14432960000000006,0.05,1,44.5,-110.0,0.46819,0.5,-0.031810000000000005,-0.10618272727272726,0.0,0.0,1,44.5,-110.0,0.53181,0.5,0.031810000000000005,0.015273636363636434,0.016801000000000076,0.016801000000000076
2026,2,1,401856777,2026-09-05,15:30,Boston College Eagles,Cincinnati Bearcats,0,Nippert Stadium,open_air,Artificial,Draft Kings,-7,51.5,0,0,1,2.5,2132,103,12,12,0,0,13.3294,-0.9729,16.8023,4.406,-2.668,9.574,1,1,53.905,0.7678,0.2322,,10.196,-10.196,10.196,7.0,0.36,0.28,0.2,0.16,0,0,0,0,0,0,0.0,0.0,0.0,1,732.2,0.0,0.7322000000000001,0.0,1.0,0.0,0.0,2,0.8439,9.9283,53.2032,51.5,0.75,0.25,1,1,29.2,1.7,,63.8,1.0,0.0,1,0.762,51.9258,10.77,52.69,31.73,20.96,0.779185,0.220815,0.606206,0.393794,0.533808,0.466192,14.0,14.0,1,1,cfb-week1-v7-game-lock-2026-08-30,0.237294,0.06744,0.102514,0.170074,0.489629,0.446127,0.470587,0.452531,7.158992,5.748221,5.870173,6.575664,2.725444,1.917812,2.184947,2.424527,0.583198,0.506413,0.494422,0.524477,0.225885,0.075441,0.316683,0.354992,1,HOME,SELECTED_BY_MARKETS_YAML,-278.0,0.779185,0.705033164260632,0.07415183573936801,0.05946737410071945,0.16531930000000009,0.16531930000000009,0,,NO_QUALIFYING_CANDIDATE,,,,,,,,,0,,NO_QUALIFYING_CANDIDATE,,,,,,,,,1,-278.0,0.779185,0.705033164260632,0.07415183573936801,0.05946737410071945,0.16531930000000009,0.05,1,225.0,0.220815,0.2949668357393679,-0.07415183573936787,-0.28235125,0.0,0.0,1,-7.0,-115.0,0.606206,0.5108342361863489,0.09537176381365109,0.13334165217391303,0.1533429,0.05,1,7.0,-105.0,0.393794,0.4891657638136511,-0.09537176381365114,-0.23116409523809528,0.0,0.0,1,51.5,-102.0,0.533808,0.4826358742837298,0.05117212571627017,0.05714917647058815,0.058292159999999905,0.05,1,51.5,-118.0,0.466192,0.5173641257162701,-0.05117212571627011,-0.13873003389830518,0.0,0.0
2026,2,1,401856666,2026-09-05,15:30,Furman Paladins,Tennessee Volunteers,0,Neyland Stadium,open_air,Grass,Draft Kings,-48.5,66.5,0,0,1,2.5,2633,,12,1,0,1,12.7064,0.0,,15.058,,,1,1,46.009,0.9958,0.0042,,46.524,-46.524,46.524,48.5,0.6429,0.0,0.3571,0.0,0,0,0,0,0,0,0.0,0.0,0.0,1,110.1,0.0,0.11009999999999999,0.0,1.0,0.0,0.0,2,0.1269,47.7943,50.437,66.5,0.75,0.25,1,1,31.9,3.8,,57.3,1.0,0.0,1,-0.4186,62.4842,47.92,62.07,54.99,7.07,0.99969,0.00031,0.483511,0.516489,0.375721,0.624279,14.0,14.0,1,1,cfb-week1-v7-game-lock-2026-08-30,0.199334,0.022858,0.061775,0.086126,0.523341,0.433518,0.470181,0.459143,6.906328,5.710859,6.088308,6.127633,2.47705,1.859765,2.235207,2.199624,0.597484,0.53567,0.618015,0.5638,0.16972,0.015115,0.393883,0.337147,0,,NO_QUALIFYING_CANDIDATE,,,,,,,,0,,NO_QUALIFYING_CANDIDATE,,,,,,,,,0,,NO_QUALIFYING_CANDIDATE,,,,,,,,,0,,,,,,,,0,,,,,,,,1,-48.5,-118.0,0.483511,0.5173641257162701,-0.03385312571627008,-0.10673391525423725,0.0,0.0,1,48.5,-102.0,0.516489,0.4826358742837298,0.033853125716270194,0.02285076470588232,0.023307779999999965,0.023307779999999965,1,66.5,-115.0,0.375721,0.5108342361863489,-0.1351132361863489,-0.2975650869565218,0.0,0.0,1,66.5,-105.0,0.624279,0.4891657638136511,0.1351132361863489,0.21883042857142865,0.22977195000000009,0.05
2026,2,1,401866627,2026-09-05,15:30,Maine Black Bears,App State Mountaineers,0,Kidd Brewer Stadium,open_air,Artificial,Draft Kings,-20.5,53.5,0,0,1,2.5,2026,,12,2,0,1,-2.5822,0.0,,-9.767,,,1,1,21.718,0.9327,0.0672,,22.403,-22.403,22.403,20.5,0.6429,0.0,0.3571,0.0,0,0,0,0,0,0,0.0,0.0,0.0,1,907.5,0.0,0.9075,0.0,1.0,0.0,0.0,2,1.046,21.1796,44.5085,53.5,0.75,0.25,1,1,26.1,3.7,,58.0,0.0,0.0,1,-0.3624,51.2521,22.23,50.89,36.56,14.33,0.943805,0.056195,0.549049,0.450951,0.426047,0.573953,14.0,14.0,1,1,cfb-week1-v7-game-lock-2026-08-30,-0.001232,0.022858,0.11897,0.086126,0.427129,0.433518,0.484464,0.459143,5.574696,5.710859,6.076509,6.127633,1.75,1.859765,1.931216,2.199624,0.53677,0.53567,0.587913,0.5638,0.011727,0.015115,0.285451,0.337147,0,,NO_QUALIFYING_CANDIDATE,,,,,,,,0,,NO_QUALIFYING_CANDIDATE,,,,,,,,,0,,NO_QUALIFYING_CANDIDATE,,,,,,,,,1,-1450.0,0.943805,0.8988580750407832,0.044946924959216816,0.00889499999999993,0.12897749999999916,0.05,1,850.0,0.056195,0.10114192495921696,-0.04494692495921696,-0.4661475,0.0,0.0,1,-20.5,-115.0,0.549049,0.5108342361863489,0.038214763813651076,0.026482913043478218,0.030455349999999954,0.030455349999999954,1,20.5,-105.0,0.450951,0.4891657638136511,-0.03821476381365113,-0.11957185714285717,0.0,0.0,1,53.5,-115.0,0.426047,0.5108342361863489,-0.08478723618634892,-0.20347734782608695,0.0,0.0,1,53.5,-105.0,0.573953,0.4891657638136511,0.08478723618634892,0.1205749047619048,0.12660365000000004,0.05
2026,2,1,401858434,2026-09-05,15:30,Marshall Thundering Herd,Penn State Nittany Lions,0,Beaver Stadium,open_air,Grass,Draft Kings,-23.5,52.5,0,0,1,2.5,213,276,12,12,0,0,12.4243,2.9884,11.9358,13.716,-8.786,25.002,1,1,57.927,0.9545,0.0455,,25.948,-25.948,25.948,23.5,0.36,0.28,0.2,0.16,0,0,0,0,0,0,0.0,0.0,0.0,1,293.6,0.0,0.2936,0.0,0.0,1.0,0.0,2,-1.2855,22.5599,48.863,52.5,0.75,0.25,1,1,25.5,2.9,,49.1,0.0,0.0,1,0.0874,51.5907,21.27,51.68,36.48,15.2,0.935694,0.064306,0.436845,0.563155,0.476594,0.523406,14.0,14.0,1,1,cfb-week1-v7-game-lock-2026-08-30,0.121545,0.054496,-0.009383,0.069846,0.481543,0.453877,0.438129,0.425144,6.054986,5.951992,5.796952,6.358607,2.424105,2.014815,1.879636,2.179351,0.64669,0.547144,0.535872,0.5823,0.115992,0.08508,0.37645,0.286573,0,,NO_QUALIFYING_CANDIDATE,,,,,,,,0,,NO_QUALIFYING_CANDIDATE,,,,,,,,,0,,NO_QUALIFYING_CANDIDATE,,,,,,,,,1,-1800.0,0.935694,0.912442396313364,0.023251603686636035,-0.012322999999999952,0.0,0.0,1,1000.0,0.064306,0.08755760368663595,-0.023251603686635952,-0.29263400000000006,0.0,0.0,1,-23.5,-105.0,0.436845,0.4891657638136511,-0.05232076381365114,-0.14711214285714297,0.0,0.0,1,23.5,-115.0,0.563155,0.5108342361863489,0.05232076381365103,0.052854999999999874,0.060783249999999865,0.05,1,52.5,-102.0,0.476594,0.4826358742837298,-0.0060418742837297645,-0.05615698039215683,0.0,0.0,1,52.5,-118.0,0.523406,0.5173641257162701,0.006041874283729931,-0.03302959322033894,0.0,0.0
2026,2,1,401862694,2026-09-05,15:30,The Citadel Bulldogs,Charlotte 49ers,0,Jerry Richardson Stadium,open_air,Artificial,Draft Kings,-20.5,48.5,0,0,1,2.5,2429,,12,2,0,1,-15.4449,0.0,,-14.583,,,1,1,15.572,0.9352,0.0647,,22.761,-22.761,22.761,20.5,0.6429,0.0,0.3571,0.0,0,0,0,0,0,0,0.0,0.0,0.0,1,179.6,0.0,0.17959999999999998,0.0,1.0,0.0,0.0,2,0.207,21.3075,44.8347,48.5,0.75,0.25,1,1,36.9,2.0,,34.1,0.0,0.0,1,0.5934,47.5837,21.51,48.18,34.85,13.33,0.937823,0.062177,0.528884,0.471116,0.490798,0.509202,14.0,14.0,1,1,cfb-week1-v7-game-lock-2026-08-30,-0.130241,0.022858,0.129703,0.086126,0.380376,0.433518,0.512033,0.459143,5.10089,5.710859,6.453093,6.127633,1.188308,1.859765,2.549642,2.199624,0.358198,0.53567,0.703559,0.5638,-0.163361,0.015115,0.318594,0.337147,0,,NO_QUALIFYING_CANDIDATE,,,,,,,,0,,NO_QUALIFYING_CANDIDATE,,,,,,,,,0,,NO_QUALIFYING_CANDIDATE,,,,,,,,,1,-1650.0,0.937823,0.908256880733945,0.029566119266055013,-0.005339242424242517,0.0,0.0,1,950.0,0.062177,0.09174311926605504,-0.029566119266055034,-0.3471414999999999,0.0,0.0,1,-20.5,-108.0,0.528884,0.4956702459300312,0.03321375406996885,0.0185914074074075,0.0200787200000001,0.0200787200000001,1,20.5,-112.0,0.471116,0.5043297540699689,-0.03321375406996896,-0.10824471428571436,0.0,0.0,1,48.5,-115.0,0.490798,0.5108342361863489,-0.02003623618634892,-0.08242113043478261,0.0,0.0,1,48.5,-105.0,0.509202,0.4891657638136511,0.02003623618634892,-0.00584371428571423,0.0,0.0
2026,2,1,401862696,2026-09-05,15:30,Towson Tigers,Navy Midshipmen,0,Navy-Marine Corps Memorial Stadium,open_air,Artificial,Draft Kings,-31.5,50.5,0,0,1,2.5,2426,,12,1,0,1,11.3287,0.0,,-0.712,,,1,1,28.969,0.9717,0.0283,,30.144,-30.144,30.144,31.5,0.6429,0.0,0.3571,0.0,0,0,0,0,0,0,0.0,0.0,0.0,1,28.5,0.0,0.0285,0.0,0.0,1.0,0.0,2,-1.5911,31.0157,50.7878,50.5,0.75,0.25,1,1,26.6,3.3,,60.5,0.0,0.0,1,-0.1375,50.572,29.42,50.43,39.93,10.5,0.982213,0.017787,0.441077,0.558923,0.498133,0.501867,14.0,14.0,1,1,cfb-week1-v7-game-lock-2026-08-30,0.217284,0.022858,0.177269,0.086126,0.503168,0.433518,0.464074,0.459143,6.689015,5.710859,6.097591,6.127633,2.632249,1.859765,2.141028,2.199624,0.624581,0.53567,0.548967,0.5638,0.151897,0.015115,0.424454,0.337147,0,,NO_QUALIFYING_CANDIDATE,,,,,,,,0,,NO_QUALIFYING_CANDIDATE,,,,,,,,,0,,NO_QUALIFYING_CANDIDATE,,,,,,,,,1,-100000.0,0.982213,0.9807503701851888,0.001462629814811156,-0.016804787000000106,0.0,0.0,1,5000.0,0.017787,0.01924962981481125,-0.0014626298148112497,-0.09286299999999992,0.0,0.0,1,-31.5,-105.0,0.441077,0.4891657638136511,-0.048088763813651125,-0.13884966666666676,0.0,0.0,1,31.5,-115.0,0.558923,0.5108342361863489,0.048088763813651014,0.044942999999999844,0.051684449999999826,0.05,1,50.5,-112.0,0.498133,0.5043297540699689,-0.006196754069968946,-0.057105392857142945,0.0,0.0,1,50.5,-108.0,0.501867,0.4956702459300312,0.0061967540699687795,-0.03344133333333338,0.0,0.0
2026,2,1,401858209,2026-09-05,15:30,Tulane Green Wave,Duke Blue Devils,0,Wallace Wade Stadium,open_air,Grass,Draft Kings,-7.5,50.5,0,0,1,2.5,150,2655,13,13,0,0,6.1783,8.5723,0.106,3.547,2.251,3.796,1,1,58.035,0.6192,0.3807,,4.149,-4.149,4.149,7.5,0.36,0.28,0.2,0.16,0,0,0,0,0,0,0.0,0.0,0.0,1,770.1,0.0,0.7701,1.0,0.0,1.0,0.0,2,-0.7363,4.6096,51.7657,50.5,0.75,0.25,1,1,31.3,4.1,,55.0,1.0,0.0,1,-0.5872,50.8164,3.87,50.23,27.05,23.18,0.608982,0.391018,0.3978,0.6022,0.492283,0.507717,14.0,14.0,1,1,cfb-week1-v7-game-lock-2026-08-30,0.145629,0.10066,0.128239,0.045159,0.478137,0.470365,0.465426,0.46526,6.169543,6.351397,6.496874,5.820096,2.667921,2.204377,2.227927,1.902509,0.659946,0.509874,0.66856,0.529592,0.075558,0.096023,0.326085,0.37982,0,,NO_QUALIFYING_CANDIDATE,,,,,,,,0,,NO_QUALIFYING_CANDIDATE,,,,,,,,,0,,NO_QUALIFYING_CANDIDATE,,,,,,,,,1,-325.0,0.608982,0.7335423197492164,-0.12456031974921633,-0.20363892307692302,0.0,0.0,1,260.0,0.391018,0.26645768025078376,0.12456031974921622,0.40766479999999994,0.1567941538461538,0.05,1,-7.5,-105.0,0.3978,0.4891657638136511,-0.09136576381365114,-0.22334285714285723,0.0,0.0,1,7.5,-115.0,0.6022,0.5108342361863489,0.09136576381365102,0.12585217391304326,0.14472999999999978,0.05,1,50.5,-115.0,0.492283,0.5108342361863489,-0.018551236186348907,-0.07964482608695655,0.0,0.0,1,50.5,-105.0,0.507717,0.4891657638136511,0.018551236186348852,-0.008743000000000056,0.0,0.0
2026,2,1,401868356,2026-09-05,16:00,Alcorn State Braves,Southern Miss Golden Eagles,0,M. M. Roberts Stadium,open_air,Artificial,Draft Kings,-19.5,51.5,0,0,1,2.5,2572,,12,1,0,1,5.0903,0.0,,-5.053,,,1,1,25.174,0.9774,0.0226,,32.097,-32.097,32.097,19.5,0.6429,0.0,0.3571,0.0,0,0,0,0,0,0,0.0,0.0,0.0,1,112.7,0.0,0.11270000000000001,0.0,0.0,1.0,0.0,2,-1.494,23.9989,44.1432,51.5,0.75,0.25,1,1,26.4,3.6,,91.0,1.0,0.0,1,-0.3061,49.6608,22.5,49.35,35.93,13.42,0.946027,0.053973,0.584975,0.415025,0.439105,0.560895,14.0,14.0,1,1,cfb-week1-v7-game-lock-2026-08-30,0.058733,0.022858,0.038854,0.086126,0.435561,0.433518,0.444116,0.459143,6.317573,5.710859,5.924229,6.127633,1.816656,1.859765,1.801027,2.199624,0.53677,0.53567,0.624364,0.5638,0.058931,0.015115,0.342934,0.337147,0,,NO_QUALIFYING_CANDIDATE,,,,,,,,0,,NO_QUALIFYING_CANDIDATE,,,,,,,,,0,,NO_QUALIFYING_CANDIDATE,,,,,,,,,1,-1600.0,0.946027,0.9039548022598869,0.04207219774011306,0.005153687499999948,0.08245899999999917,0.05,1,900.0,0.053973,0.096045197740113,-0.042072197740113,-0.46026999999999996,0.0,0.0,1,-19.5,-112.0,0.584975,0.5043297540699689,0.08064524593003108,0.10727410714285712,0.12014699999999999,0.05,1,19.5,-108.0,0.415025,0.4956702459300312,-0.0806452459300312,-0.2006925925925926,0.0,0.0,1,51.5,-105.0,0.439105,0.4891657638136511,-0.0500607638136511,-0.1426997619047618,0.0,0.0,1,51.5,-115.0,0.560895,0.5108342361863489,0.0500607638136511,0.04862978260869566,0.055924250000000016,0.05
2026,2,1,401864497,2026-09-05,16:00,UNLV Rebels,Hawai'i Rainbow Warriors,0,Clarence T.C. Ching Athletics Complex,open_air,Grass,Draft Kings,3,55.5,0,0,1,2.5,62,2439,11,12,0,0,9.8666,11.2537,1.1129,-4.66,-0.403,-1.757,1,1,46.85,0.5179,0.482,,0.611,-0.611,0.611,-3.0,0.36,0.28,0.2,0.16,0,0,0,0,0,0,0.0,0.0,0.0,1,2752.8,0.0,2.7528,3.0,1.0,0.0,0.0,2,3.1728,-1.2717,47.3382,55.5,0.75,0.25,1,1,26.8,9.4,,72.4,1.0,0.0,1,-3.5669,53.4596,1.9,49.89,25.9,24.0,0.554009,0.445991,0.636861,0.363139,0.344386,0.655614,14.0,14.0,1,1,cfb-week1-v7-game-lock-2026-08-30,0.083654,0.204277,0.007292,0.11286,0.449921,0.48686,0.445664,0.457266,6.307612,7.074162,6.299565,6.568858,2.185449,2.462202,1.498088,2.086998,0.599726,0.706184,0.471965,0.689227,0.03575,0.15979,0.385682,0.408584,1,HOME,SELECTED_BY_MARKETS_YAML,130.0,0.554009,0.41700735895339325,0.13700164104660673,0.2742206999999999,0.21093899999999993,0.21093899999999993,0,,NO_QUALIFYING_CANDIDATE,,,,,,,,,0,,NO_QUALIFYING_CANDIDATE,,,,,,,,,1,130.0,0.554009,0.41700735895339325,0.13700164104660673,0.2742206999999999,0.21093899999999993,0.05,1,-155.0,0.445991,0.5829926410466066,-0.13700164104660661,-0.26627287096774194,0.0,0.0,1,3.0,-110.0,0.636861,0.5,0.136861,0.21582554545454558,0.23740810000000012,0.05,1,-3.0,-110.0,0.363139,0.5,-0.136861,-0.30673463636363635,0.0,0.0,1,55.5,-112.0,0.344386,0.5043297540699689,-0.1599437540699689,-0.3481264999999999,0.0,0.0,1,55.5,-108.0,0.655614,0.4956702459300312,0.15994375406996886,0.2626640000000001,0.2836771200000001,0.05
2026,2,1,401860878,2026-09-05,16:00,Wyoming Cowboys,Colorado State Rams,0,Canvas Stadium,open_air,Artificial,Draft Kings,-3,46.5,0,0,1,2.5,36,2751,12,12,0,0,-4.352,0.8221,-2.674,-12.364,-13.069,3.205,1,1,21.807,0.5783,0.4217,,2.691,-2.691,2.691,3.0,0.36,0.28,0.2,0.16,0,0,0,0,0,0,0.0,0.0,0.0,1,57.0,0.0,0.057,0.0,0.0,1.0,0.0,2,-1.5582,2.0878,38.9923,46.5,0.75,0.25,1,1,32.1,3.6,,18.3,0.0,0.0,1,-0.3061,44.6231,0.53,44.32,22.42,21.89,0.515086,0.484914,0.429966,0.570034,0.438043,0.561957,14.0,14.0,1,1,cfb-week1-v7-game-lock-2026-08-30,0.005392,-0.035176,0.124346,-0.026731,0.435696,0.414598,0.460114,0.403547,5.554792,5.184145,6.448053,5.571938,1.442784,1.251377,2.422041,1.665071,0.618913,0.351055,0.551379,0.514443,0.034023,-0.022499,0.296289,0.307368,0,,NO_QUALIFYING_CANDIDATE,,,,,,,,0,,NO_QUALIFYING_CANDIDATE,,,,,,,,,0,,NO_QUALIFYING_CANDIDATE,,,,,,,,,1,-155.0,0.515086,0.5829926410466066,-0.0679066410466066,-0.1526004516129032,0.0,0.0,1,130.0,0.484914,0.41700735895339325,0.06790664104660676,0.11530220000000002,0.08869400000000002,0.05,1,-3.0,-110.0,0.429966,0.5,-0.07003399999999999,-0.17915581818181808,0.0,0.0,1,3.0,-110.0,0.570034,0.5,0.07003400000000004,0.08824672727272742,0.09707140000000015,0.05,1,46.5,-110.0,0.438043,0.5,-0.061956999999999984,-0.16373609090909091,0.0,0.0,1,46.5,-110.0,0.561957,0.5,0.06195700000000004,0.07282700000000009,0.08010970000000009,0.05
2026,2,1,401860880,2026-09-05,17:00,Idaho State Bengals,Utah State Aggies,0,Maverik Stadium,open_air,Artificial,Draft Kings,-15.5,59.5,0,0,1,2.5,328,,12,2,0,1,7.0175,0.0,,-6.707,,,1,1,24.306,0.8842,0.1158,,17.331,-17.331,17.331,15.5,0.6429,0.0,0.3571,0.0,0,0,0,0,0,0,0.0,0.0,0.0,1,83.4,0.0,0.0834,0.0,0.0,1.0,0.0,2,-1.5278,16.1539,48.7008,59.5,0.75,0.25,1,1,27.5,2.9,,19.7,0.0,0.0,1,0.0874,56.8002,14.63,56.89,35.76,21.13,0.851925,0.148075,0.475115,0.524885,0.425987,0.574013,14.0,14.0,1,1,cfb-week1-v7-game-lock-2026-08-30,0.12958,0.022858,0.088103,0.086126,0.449727,0.433518,0.448497,0.459143,6.364323,5.710859,6.083756,6.127633,2.283548,1.859765,2.126764,2.199624,0.609389,0.53567,0.446076,0.5638,0.150553,0.015115,0.281827,0.337147,0,,NO_QUALIFYING_CANDIDATE,,,,,,,,0,,NO_QUALIFYING_CANDIDATE,,,,,,,,,0,,NO_QUALIFYING_CANDIDATE,,,,,,,,,1,-650.0,0.851925,0.8316498316498315,0.020275168350168515,-0.01700961538461543,0.0,0.0,1,470.0,0.148075,0.16835016835016833,-0.02027516835016832,-0.15597249999999996,0.0,0.0,1,-15.5,-108.0,0.475115,0.4956702459300312,-0.020555245930031163,-0.08496370370370371,0.0,0.0,1,15.5,-112.0,0.524885,0.5043297540699689,0.020555245930031107,-0.006467678571428492,0.0,0.0,1,59.5,-112.0,0.425987,0.5043297540699689,-0.07834275406996893,-0.1936674642857143,0.0,0.0,1,59.5,-108.0,0.574013,0.4956702459300312,0.07834275406996882,0.10550651851851856,0.11394704000000003,0.05
2026,2,1,401856770,2026-09-05,18:00,Abilene Christian Wildcats,Texas Tech Red Raiders,0,Jones AT&T Stadium,open_air,Artificial,Draft Kings,-44.5,59.5,0,0,1,2.5,2641,,13,2,0,1,24.8802,0.0,,20.016,,,1,1,50.845,0.9916,0.0084,,40.663,-40.663,40.663,44.5,0.6429,0.0,0.3571,0.0,0,0,0,0,0,0,0.0,0.0,0.0,1,147.2,0.0,0.1472,0.0,1.0,0.0,0.0,2,0.1697,43.1296,43.9032,59.5,0.75,0.25,1,1,35.4,4.2,,24.0,0.0,0.0,1,-0.6435,55.6008,43.3,54.96,49.13,5.83,0.999009,0.000991,0.465827,0.534173,0.372789,0.627211,14.0,14.0,1,1,cfb-week1-v7-game-lock-2026-08-30,0.104909,0.022858,-0.216836,0.086126,0.452704,0.433518,0.352957,0.459143,6.249046,5.710859,4.716778,6.127633,2.696172,1.859765,0.879778,2.199624,0.529213,0.53567,0.506972,0.5638,0.044431,0.015115,0.427201,0.337147,0,,NO_QUALIFYING_CANDIDATE,,,,,,,,0,,NO_QUALIFYING_CANDIDATE,,,,,,,,,0,,NO_QUALIFYING_CANDIDATE,,,,,,,,,0,,,,,,,,0,,,,,,,,1,-44.5,-105.0,0.465827,0.4891657638136511,-0.02333876381365113,-0.09052823809523813,0.0,0.0,1,44.5,-115.0,0.534173,0.5108342361863489,0.023338763813651076,-0.0013287391304348528,0.0,0.0,1,59.5,-115.0,0.372789,0.5108342361863489,-0.13804523618634895,-0.3030466521739131,0.0,0.0,1,59.5,-105.0,0.627211,0.4891657638136511,0.13804523618634884,0.22455480952380946,0.23578254999999995,0.05
2026,2,1,401862695,2026-09-05,18:00,Arkansas State Red Wolves,Memphis Tigers,0,Simmons Bank Liberty Stadium,open_air,Artificial,Draft Kings,-10.5,52.5,0,0,1,2.5,235,2032,12,12,0,0,13.3779,-0.13,16.0079,0.02,-9.153,11.673,1,1,41.89,0.7616,0.2384,,9.898,-9.898,9.898,10.5,0.36,0.28,0.2,0.16,0,0,0,0,0,0,0.0,0.0,0.0,1,63.6,0.0,0.0636,0.0,0.0,1.0,0.0,2,-1.5506,11.5893,48.4424,52.5,0.75,0.25,1,1,37.2,2.3,,33.2,0.0,0.0,1,0.4247,51.4856,10.04,51.91,30.97,20.94,0.763328,0.236672,0.486857,0.513143,0.483201,0.516799,14.0,14.0,1,1,cfb-week1-v7-game-lock-2026-08-30,0.155598,0.04116,0.027756,0.092828,0.479827,0.461791,0.427293,0.469804,6.294958,5.297759,5.700922,6.097172,2.548963,1.846442,1.874872,2.154496,0.624865,0.476055,0.479919,0.612062,0.139766,-0.008505,0.335373,0.356151,0,,NO_QUALIFYING_CANDIDATE,,,,,,,,0,,NO_QUALIFYING_CANDIDATE,,,,,,,,,0,,NO_QUALIFYING_CANDIDATE,,,,,,,,,1,-425.0,0.763328,0.7768331562167907,-0.013505156216790715,-0.05706541176470584,0.0,0.0,1,330.0,0.236672,0.22316684378320936,0.013505156216790631,0.017689599999999972,0.00536048484848484,0.00536048484848484,1,-10.5,-112.0,0.486857,0.5043297540699689,-0.017472754069968954,-0.07844925000000008,0.0,0.0,1,10.5,-108.0,0.513143,0.4956702459300312,0.017472754069968843,-0.011724592592592509,0.0,0.0,1,52.5,-115.0,0.483201,0.5108342361863489,-0.027633236186348942,-0.09662421739130445,0.0,0.0,1,52.5,-105.0,0.516799,0.4891657638136511,0.027633236186348886,0.008988523809523807,0.009437949999999999,0.009437949999999999
2026,2,1,401856669,2026-09-05,18:00,Austin Peay Governors,Vanderbilt Commodores,0,FirstBank Stadium,open_air,Artificial,Draft Kings,-29.5,58.5,0,0,1,2.5,238,,12,2,0,1,18.4965,0.0,,8.986,,,1,1,43.156,0.961,0.039,,27.317,-27.317,27.317,29.5,0.6429,0.0,0.3571,0.0,0,0,0,0,0,0,0.0,0.0,0.0,1,40.6,0.0,0.040600000000000004,0.0,0.0,1.0,0.0,2,-1.5771,28.7204,51.8605,58.5,0.75,0.25,1,1,33.8,5.2,,44.1,1.0,0.0,1,-1.2057,56.8401,27.14,55.63,41.39,14.25,0.973737,0.026263,0.433158,0.566842,0.418911,0.581089,14.0,14.0,1,1,cfb-week1-v7-game-lock-2026-08-30,0.262141,0.022858,0.138427,0.086126,0.51444,0.433518,0.466072,0.459143,7.392758,5.710859,5.83997,6.127633,3.052845,1.859765,1.906981,2.199624,0.640681,0.53567,0.508491,0.5638,0.243348,0.015115,0.440767,0.337147,0,,NO_QUALIFYING_CANDIDATE,,,,,,,,0,,NO_QUALIFYING_CANDIDATE,,,,,,,,,0,,NO_QUALIFYING_CANDIDATE,,,,,,,,,1,-6500.0,0.973737,0.9538784067085954,0.019858593291404603,-0.011282430769230859,0.0,0.0,1,2000.0,0.026263,0.046121593291404604,-0.019858593291404603,-0.4484769999999999,0.0,0.0,1,-29.5,-105.0,0.433158,0.4891657638136511,-0.056007763813651135,-0.15431057142857152,0.0,0.0,1,29.5,-115.0,0.566842,0.5108342361863489,0.056007763813651024,0.05974808695652156,0.06871029999999981,0.05,1,58.5,-118.0,0.418911,0.5173641257162701,-0.09845312571627013,-0.22607967796610168,0.0,0.0,1,58.5,-102.0,0.581089,0.4826358742837298,0.09845312571627018,0.15078409803921566,0.15379977999999997,0.05
2026,2,1,401868140,2026-09-05,18:00,Eastern Kentucky Colonels,Jacksonville State Gamecocks,0,AmFirst Stadium,open_air,Artificial,Draft Kings,-22.5,52.5,0,0,1,2.5,55,,13,2,0,1,6.7864,0.0,,-14.095,,,1,1,16.323,0.8576,0.1424,,15.302,-15.302,15.302,22.5,0.6429,0.0,0.3571,0.0,0,0,0,0,0,0,0.0,0.0,0.0,1,282.7,0.0,0.2827,1.0,1.0,0.0,0.0,2,0.3258,19.9293,45.8981,52.5,0.75,0.25,1,1,32.2,1.8,,53.9,0.0,0.0,1,0.7058,50.8495,20.26,51.56,35.91,15.65,0.926023,0.073977,0.436303,0.563697,0.473101,0.526899,14.0,14.0,1,1,cfb-week1-v7-game-lock-2026-08-30,0.065738,0.022858,0.033238,0.086126,0.465954,0.433518,0.453503,0.459143,6.129391,5.710859,6.127627,6.127633,2.102776,1.859765,1.820118,2.199624,0.55162,0.53567,0.513084,0.5638,0.055194,0.015115,0.342298,0.337147,0,,NO_QUALIFYING_CANDIDATE,,,,,,,,0,,NO_QUALIFYING_CANDIDATE,,,,,,,,,0,,NO_QUALIFYING_CANDIDATE,,,,,,,,,1,-2100.0,0.926023,0.9197080291970803,0.0063149708029197615,-0.029880666666666576,0.0,0.0,1,1100.0,0.073977,0.08029197080291971,-0.006314970802919706,-0.11227600000000004,0.0,0.0,1,-22.5,-108.0,0.436303,0.4956702459300312,-0.059367245930031176,-0.1597127407407407,0.0,0.0,1,22.5,-112.0,0.563697,0.5043297540699689,0.059367245930031065,0.06699789285714286,0.07503764,0.05,1,52.5,-115.0,0.473101,0.5108342361863489,-0.03773323618634894,-0.11550682608695662,0.0,0.0,1,52.5,-105.0,0.526899,0.4891657638136511,0.037733236186348884,0.028707571428571388,0.03014294999999996,0.03014294999999996
2026,2,1,401862697,2026-09-05,18:00,Houston Christian Huskies,Rice Owls,0,Rice Stadium,open_air,Artificial,Draft Kings,-22.5,47.5,0,0,1,2.5,242,,12,1,0,1,-7.0589,0.0,,-13.439,,,1,1,16.669,0.9247,0.0753,,21.375,-21.375,21.375,22.5,0.6429,0.0,0.3571,0.0,0,0,0,0,0,0,0.0,0.0,0.0,1,6.3,0.0,0.0063,0.0,0.0,1.0,0.0,2,-1.6166,22.0982,47.4441,47.5,0.75,0.25,1,1,29.8,2.5,,68.4,0.0,0.0,1,0.3123,47.486,20.48,47.8,34.14,13.66,0.928262,0.071738,0.442682,0.557318,0.5085,0.4915,14.0,14.0,1,1,cfb-week1-v7-game-lock-2026-08-30,-0.00159,0.022858,0.159369,0.086126,0.413448,0.433518,0.457214,0.459143,4.97923,5.710859,6.552157,6.127633,1.682524,1.859765,2.509241,2.199624,0.583198,0.53567,0.588253,0.5638,-0.024663,0.015115,0.300746,0.337147,0,,NO_QUALIFYING_CANDIDATE,,,,,,,,0,,NO_QUALIFYING_CANDIDATE,,,,,,,,,0,,NO_QUALIFYING_CANDIDATE,,,,,,,,,1,-3600.0,0.928262,0.9396411092985318,-0.011379109298531809,-0.045952944444444505,0.0,0.0,1,1500.0,0.071738,0.06035889070146819,0.011379109298531809,0.14780799999999983,0.009853866666666655,0.009853866666666655,1,-22.5,-110.0,0.442682,0.5,-0.05731799999999998,-0.15487981818181812,0.0,0.0,1,22.5,-110.0,0.557318,0.5,0.05731799999999998,0.06397072727272723,0.07036779999999995,0.05,1,47.5,-112.0,0.5085,0.5043297540699689,0.0041702459300310135,-0.037482142857142964,0.0,0.0,1,47.5,-108.0,0.4915,0.4956702459300312,-0.00417024593003118,-0.05340740740740729,0.0,0.0
2026,2,1,401856668,2026-09-05,18:00,Missouri State Bears,Texas A&M Aggies,0,Kyle Field,open_air,Grass,Draft Kings,-40.5,53.5,0,0,1,2.5,245,2623,12,12,0,0,18.4062,4.1871,16.7191,20.002,-10.255,32.757,1,1,60.509,0.9825,0.0175,,34.351,-34.351,34.351,40.5,0.36,0.28,0.2,0.16,0,0,0,0,0,0,0.0,0.0,0.0,1,487.8,0.0,0.4878,0.0,1.0,0.0,0.0,2,0.5622,33.2972,44.7009,53.5,0.75,0.25,1,1,30.8,3.2,,60.1,0.0,0.0,1,-0.0813,51.3002,33.86,51.22,42.54,8.68,0.992208,0.007792,0.317634,0.682366,0.435286,0.564714,14.0,14.0,1,1,cfb-week1-v7-game-lock-2026-08-30,0.152598,0.094595,-0.036665,0.087166,0.487618,0.434046,0.370514,0.454551,6.544432,6.445769,5.215806,6.015379,2.338315,1.907978,1.54874,1.979028,0.599865,0.465171,0.518015,0.552106,0.163096,0.079847,0.358063,0.330217,0,,NO_QUALIFYING_CANDIDATE,,,,,,,,0,,NO_QUALIFYING_CANDIDATE,,,,,,,,,0,,NO_QUALIFYING_CANDIDATE,,,,,,,,,0,,,,,,,,0,,,,,,,,1,-40.5,-110.0,0.317634,0.5,-0.18236599999999997,-0.39360781818181817,0.0,0.0,1,40.5,-110.0,0.682366,0.5,0.18236600000000003,0.3026987272727274,0.3329686000000001,0.05,1,53.5,-112.0,0.435286,0.5043297540699689,-0.06904375406996893,-0.17606578571428566,0.0,0.0,1,53.5,-108.0,0.564714,0.4956702459300312,0.06904375406996888,0.08759733333333353,0.0946051200000002,0.05
2026,2,1,401867866,2026-09-05,18:00,Murray State Racers,Middle Tennessee Blue Raiders,0,"Johnny ""Red"" Floyd Stadium",open_air,Artificial,Draft Kings,-22.5,55.5,0,0,1,2.5,2393,,12,2,0,1,-2.161,0.0,,-16.066,,,1,1,13.655,0.9469,0.053,,24.566,-24.566,24.566,22.5,0.6429,0.0,0.3571,0.0,0,0,0,0,0,0,0.0,0.0,0.0,1,120.8,0.0,0.12079999999999999,0.0,0.0,1.0,0.0,2,-1.4847,23.2379,46.0126,55.5,0.75,0.25,1,1,33.5,3.9,,50.1,1.0,0.0,1,-0.4748,53.1281,21.75,52.65,37.2,15.45,0.939884,0.060116,0.478729,0.521271,0.419437,0.580563,14.0,14.0,1,1,cfb-week1-v7-game-lock-2026-08-30,0.017841,0.022858,0.101963,0.086126,0.443543,0.433518,0.464858,0.459143,5.740607,5.710859,6.389303,6.127633,1.664072,1.859765,2.278724,2.199624,0.545103,0.53567,0.648797,0.5638,0.068737,0.015115,0.304201,0.337147,0,,NO_QUALIFYING_CANDIDATE,,,,,,,,0,,NO_QUALIFYING_CANDIDATE,,,,,,,,,0,,NO_QUALIFYING_CANDIDATE,,,,,,,,,1,-2100.0,0.939884,0.9197080291970803,0.020175970802919774,-0.015359619047618941,0.0,0.0,1,1100.0,0.060116,0.08029197080291971,-0.020175970802919704,-0.27860799999999997,0.0,0.0,1,-22.5,-105.0,0.478729,0.4891657638136511,-0.010436763813651107,-0.06533861904761912,0.0,0.0,1,22.5,-115.0,0.521271,0.5108342361863489,0.010436763813651107,-0.025449869565217387,0.0,0.0,1,55.5,-112.0,0.419437,0.5043297540699689,-0.08489275406996893,-0.20606567857142855,0.0,0.0,1,55.5,-108.0,0.580563,0.4956702459300312,0.08489275406996888,0.11812133333333352,0.1275710400000002,0.05
2026,2,1,401856771,2026-09-05,18:00,Nicholls Colonels,Kansas State Wildcats,0,Bill Snyder Family Stadium,open_air,Artificial,Draft Kings,-41.5,54.5,0,0,1,2.5,2306,,11,2,0,1,5.0531,0.0,,5.057,,,1,1,35.595,0.981,0.019,,33.637,-33.637,33.637,41.5,0.6429,0.0,0.3571,0.0,0,0,0,0,0,0,0.0,0.0,0.0,1,728.9,0.0,0.7289,0.0,1.0,0.0,0.0,2,0.8401,38.6918,46.8709,54.5,0.75,0.25,1,1,36.2,3.3,,33.7,0.0,0.0,1,-0.1375,52.5927,39.53,52.46,45.99,6.46,0.997626,0.002374,0.444102,0.555898,0.441939,0.558061,14.0,14.0,1,1,cfb-week1-v7-game-lock-2026-08-30,0.028173,0.022858,0.040743,0.086126,0.408581,0.433518,0.432264,0.459143,6.022939,5.710859,5.784244,6.127633,2.162367,1.859765,1.929708,2.199624,0.603701,0.53567,0.455725,0.5638,0.015809,0.015115,0.332945,0.337147,0,,NO_QUALIFYING_CANDIDATE,,,,,,,,0,,NO_QUALIFYING_CANDIDATE,,,,,,,,,0,,NO_QUALIFYING_CANDIDATE,,,,,,,,,0,,,,,,,,0,,,,,,,,1,-41.5,-102.0,0.444102,0.4826358742837298,-0.038533874283729785,-0.12050388235294113,0.0,0.0,1,41.5,-118.0,0.555898,0.5173641257162701,0.038533874283729896,0.026997999999999966,0.031857639999999965,0.031857639999999965,1,54.5,-118.0,0.441939,0.5173641257162701,-0.07542512571627008,-0.18353642372881346,0.0,0.0,1,54.5,-102.0,0.558061,0.4826358742837298,0.07542512571627025,0.10517962745098053,0.10728322000000014,0.05
2026,2,1,401867973,2026-09-05,18:00,Norfolk State Spartans,Old Dominion Monarchs,0,S.B. Ballard Stadium,open_air,Artificial,Draft Kings,-41.5,52.5,0,0,1,2.5,295,,12,1,0,1,17.974,0.0,,-4.435,,,1,1,25.606,0.988,0.012,,37.606,-37.606,37.606,41.5,0.6429,0.0,0.3571,0.0,0,0,0,0,0,0,0.0,0.0,0.0,1,3.8,0.0,0.0038,0.0,1.0,0.0,0.0,2,0.0044,40.1093,43.9179,52.5,0.75,0.25,1,1,25.8,3.6,,84.4,0.0,0.0,1,-0.3061,50.3545,40.11,50.05,45.08,4.97,0.997917,0.002083,0.46056,0.53944,0.430493,0.569507,14.0,14.0,1,1,cfb-week1-v7-game-lock-2026-08-30,0.092735,0.022858,-0.093495,0.086126,0.464126,0.433518,0.404348,0.459143,6.846364,5.710859,4.938452,6.127633,2.311471,1.859765,1.267039,2.199624,0.504032,0.53567,0.490634,0.5638,0.126969,0.015115,0.350065,0.337147,0,,NO_QUALIFYING_CANDIDATE,,,,,,,,0,,NO_QUALIFYING_CANDIDATE,,,,,,,,,0,,NO_QUALIFYING_CANDIDATE,,,,,,,,,0,,,,,,,,0,,,,,,,,1,-41.5,-108.0,0.46056,0.4956702459300312,-0.03511024593003115,-0.1129955555555554,0.0,0.0,1,41.5,-112.0,0.53944,0.5043297540699689,0.03511024593003109,0.02108285714285718,0.023612800000000045,0.023612800000000045,1,52.5,-105.0,0.430493,0.4891657638136511,-0.05867276381365111,-0.15951366666666666,0.0,0.0,1,52.5,-115.0,0.569507,0.5108342361863489,0.05867276381365105,0.06473047826086947,0.07444004999999991,0.05
2026,2,1,401868316,2026-09-05,18:00,SE Louisiana Lions,South Alabama Jaguars,0,Hancock Whitney Stadium,open_air,Artificial,Draft Kings,-13.5,52.5,0,0,1,2.5,6,,12,2,0,1,2.7433,0.0,,-10.531,,,1,1,20.349,0.8528,0.1471,,14.975,-14.975,14.975,13.5,0.6429,0.0,0.3571,0.0,0,0,0,0,0,0,0.0,0.0,0.0,1,144.8,0.0,0.1448,0.0,0.0,1.0,0.0,2,-1.457,14.0268,47.4714,52.5,0.75,0.25,1,1,28.9,3.0,,74.5,0.0,0.0,1,0.0312,51.2428,12.57,51.27,31.92,19.35,0.815365,0.184635,0.473512,0.526488,0.465109,0.534891,14.0,14.0,1,1,cfb-week1-v7-game-lock-2026-08-30,0.103874,0.022858,0.161623,0.086126,0.465288,0.433518,0.458035,0.459143,5.732404,5.710859,5.9894,6.127633,1.974922,1.859765,2.221579,2.199624,0.58677,0.53567,0.673967,0.5638,0.114366,0.015115,0.390182,0.337147,0,,NO_QUALIFYING_CANDIDATE,,,,,,,,0,,NO_QUALIFYING_CANDIDATE,,,,,,,,,0,,NO_QUALIFYING_CANDIDATE,,,,,,,,,1,-535.0,0.815365,0.8081570996978852,0.0072079003021148225,-0.03223032710280371,0.0,0.0,1,400.0,0.184635,0.19184290030211482,-0.0072079003021148225,-0.07682500000000003,0.0,0.0,1,-13.5,-110.0,0.473512,0.5,-0.02648800000000001,-0.09602254545454547,0.0,0.0,1,13.5,-110.0,0.526488,0.5,0.026487999999999956,0.005113454545454477,0.005624799999999924,0.005624799999999924,1,52.5,-108.0,0.465109,0.4956702459300312,-0.030561245930031178,-0.10423451851851845,0.0,0.0,1,52.5,-112.0,0.534891,0.5043297540699689,0.030561245930031067,0.012472249999999963,0.01396891999999996,0.01396891999999996
2026,2,1,401870763,2026-09-05,18:00,Sam Houston Bearkats,Troy Trojans,0,Veterans Memorial Stadium (AL),open_air,Artificial,Draft Kings,-16.5,52.5,0,0,1,2.5,2653,2534,13,11,0,0,0.112,-15.5258,18.1378,-7.359,-18.422,13.563,1,1,22.397,0.8411,0.1587,,14.212,-14.212,14.212,16.5,0.36,0.28,0.2,0.16,0,0,0,0,0,0,0.0,0.0,0.0,1,571.2,0.0,0.5712,0.0,0.0,1.0,0.0,2,-0.9655,15.4821,40.938,52.5,0.75,0.25,1,1,29.1,1.3,,76.8,0.0,0.0,1,0.9869,49.6095,14.52,50.6,32.56,18.04,0.850108,0.149892,0.443668,0.556332,0.445922,0.554078,14.0,14.0,1,1,cfb-week1-v7-game-lock-2026-08-30,-0.036653,-0.119236,-1.4e-05,0.151916,0.401664,0.385745,0.426714,0.497104,5.045783,5.350325,6.021722,7.226338,1.566062,1.243987,1.667979,2.641625,0.46781,0.364232,0.491258,0.56647,-0.050109,-0.010594,0.33497,0.245251,0,,NO_QUALIFYING_CANDIDATE,,,,,,,,0,,NO_QUALIFYING_CANDIDATE,,,,,,,,,0,,NO_QUALIFYING_CANDIDATE,,,,,,,,,1,-850.0,0.850108,0.8579439252336449,-0.007835925233644958,-0.04987929411764706,0.0,0.0,1,575.0,0.149892,0.14205607476635515,0.007835925233644847,0.011770999999999976,0.0020471304347826043,0.0020471304347826043,1,-16.5,-110.0,0.443668,0.5,-0.05633199999999999,-0.15299745454545455,0.0,0.0,1,16.5,-110.0,0.556332,0.5,0.05633200000000005,0.06208836363636372,0.06829720000000009,0.05,1,52.5,-118.0,0.445922,0.5173641257162701,-0.07144212571627012,-0.1761780000000001,0.0,0.0,1,52.5,-102.0,0.554078,0.4826358742837298,0.07144212571627018,0.09729172549019605,0.09923755999999996,0.05
2026,2,1,401856775,2026-09-05,18:00,Utah Tech Trailblazers,BYU Cougars,0,LaVell Edwards Stadium,open_air,Grass,Draft Kings,-49.5,61.5,0,0,1,2.5,252,,13,0,0,1,12.0487,0.0,,13.125,,,1,1,44.212,0.997,0.003,,49.433,-49.433,49.433,49.5,0.6429,0.0,0.3571,0.0,0,0,0,0,0,0,0.0,0.0,0.0,1,241.3,0.0,0.24130000000000001,0.0,0.0,1.0,0.0,2,-1.3458,49.4761,45.4915,61.5,0.75,0.25,1,1,28.1,3.0,,17.5,0.0,0.0,1,0.0312,57.4979,48.13,57.53,52.83,4.7,0.999707,0.000293,0.461031,0.538969,0.388343,0.611657,14.0,14.0,1,1,cfb-week1-v7-game-lock-2026-08-30,0.100016,0.022858,0.000356,0.086126,0.48153,0.433518,0.434667,0.459143,6.053325,5.710859,5.629882,6.127633,2.233617,1.859765,1.618558,2.199624,0.520191,0.53567,0.396258,0.5638,0.085147,0.015115,0.365506,0.337147,0,,NO_QUALIFYING_CANDIDATE,,,,,,,,0,,NO_QUALIFYING_CANDIDATE,,,,,,,,,0,,NO_QUALIFYING_CANDIDATE,,,,,,,,,0,,,,,,,,0,,,,,,,,1,-49.5,-108.0,0.461031,0.4956702459300312,-0.03463924593003115,-0.11208844444444438,0.0,0.0,1,49.5,-112.0,0.538969,0.5043297540699689,0.03463924593003109,0.02019132142857144,0.022614280000000014,0.022614280000000014,1,61.5,-105.0,0.388343,0.4891657638136511,-0.10082276381365113,-0.24180652380952383,0.0,0.0,1,61.5,-115.0,0.611657,0.5108342361863489,0.10082276381365107,0.14353265217391298,0.16506254999999995,0.05
2026,2,1,401856660,2026-09-05,18:30,Clemson Tigers,LSU Tigers,0,Tiger Stadium (LA),open_air,Grass,Draft Kings,-10,50.5,0,0,1,2.5,99,228,12,12,0,0,5.3445,10.2757,-2.4311,20.034,13.421,9.113,1,1,87.614,0.7533,0.2467,,9.517,-9.517,9.517,10.0,0.36,0.28,0.2,0.16,0,0,0,0,0,0,0.0,0.0,0.0,1,567.9,0.0,0.5679,1.0,1.0,0.0,0.0,2,0.6546,7.6661,41.377,50.5,0.75,0.25,1,1,26.6,2.2,,87.6,1.0,0.0,1,0.4809,48.2193,8.32,48.7,28.51,20.19,0.723854,0.276146,0.452259,0.547741,0.448853,0.551147,14.0,14.0,1,1,cfb-week1-v7-game-lock-2026-08-30,-0.000561,0.065461,-0.041866,-0.002764,0.415414,0.462813,0.417452,0.411408,5.687671,6.061565,5.563007,5.563329,1.85051,2.186232,1.586721,1.572538,0.459389,0.56296,0.5823,0.566824,-0.015696,0.083814,0.325953,0.310352,0,,NO_QUALIFYING_CANDIDATE,,,,,,,,0,,NO_QUALIFYING_CANDIDATE,,,,,,,,,0,,NO_QUALIFYING_CANDIDATE,,,,,,,,,1,-380.0,0.723854,0.76,-0.03614600000000001,-0.08565810526315795,0.0,0.0,1,300.0,0.276146,0.24,0.03614600000000001,0.10458400000000001,0.034861333333333334,0.034861333333333334,1,-10.0,-105.0,0.452259,0.4891657638136511,-0.0369067638136511,-0.1170181428571429,0.0,0.0,1,10.0,-115.0,0.547741,0.5108342361863489,0.0369067638136511,0.02403752173913043,0.02764315,0.02764315,1,50.5,-112.0,0.448853,0.5043297540699689,-0.05547675406996894,-0.15038539285714292,0.0,0.0,1,50.5,-108.0,0.551147,0.4956702459300312,0.05547675406996888,0.061468296296296465,0.06638576000000017,0.05
2026,2,1,401856773,2026-09-05,18:30,Northern Arizona Lumberjacks,Arizona Wildcats,0,Arizona Stadium,open_air,Artificial,Draft Kings,-31.5,58.5,0,0,1,2.5,12,,12,1,0,1,12.9007,0.0,,7.155,,,1,1,38.035,0.9715,0.0285,,30.086,-30.086,30.086,31.5,0.6429,0.0,0.3571,0.0,0,0,0,0,0,0,0.0,0.0,0.0,1,207.9,0.0,0.2079,0.0,0.0,1.0,0.0,2,-1.3843,30.995,45.0212,58.5,0.75,0.25,1,1,35.0,4.6,,24.9,0.0,0.0,1,-0.8683,55.1303,29.61,54.26,41.94,12.33,0.982787,0.017213,0.446326,0.553674,0.381053,0.618947,14.0,14.0,1,1,cfb-week1-v7-game-lock-2026-08-30,0.089531,0.022858,-0.055834,0.086126,0.46569,0.433518,0.399126,0.459143,6.115707,5.710859,5.200345,6.127633,2.130716,1.859765,1.639677,2.199624,0.473674,0.53567,0.522266,0.5638,0.055124,0.015115,0.352596,0.337147,0,,NO_QUALIFYING_CANDIDATE,,,,,,,,0,,NO_QUALIFYING_CANDIDATE,,,,,,,,,0,,NO_QUALIFYING_CANDIDATE,,,,,,,,,1,-6500.0,0.982787,0.9538784067085954,0.028908593291404605,-0.0020932000000000884,0.0,0.0,1,2000.0,0.017213,0.046121593291404604,-0.028908593291404605,-0.638527,0.0,0.0,1,-31.5,-108.0,0.446326,0.4956702459300312,-0.04934424593003117,-0.14040918518518514,0.0,0.0,1,31.5,-112.0,0.553674,0.5043297540699689,0.04934424593003106,0.048025785714285674,0.053788879999999956,0.05,1,58.5,-108.0,0.381053,0.4956702459300312,-0.1146172459300312,-0.26612014814814816,0.0,0.0,1,58.5,-112.0,0.618947,0.5043297540699689,0.11461724593003109,0.17157825000000004,0.19216764000000006,0.05
2026,2,1,401869129,2026-09-05,18:30,Northwestern State Demons,Louisiana Tech Bulldogs,0,Joe Aillet Stadium,open_air,Artificial,Draft Kings,-44.5,56.5,0,0,1,2.5,2348,,12,2,0,1,7.6864,0.0,,-9.556,,,1,1,20.902,0.99,0.01,,39.19,-39.19,39.19,44.5,0.6429,0.0,0.3571,0.0,0,0,0,0,0,0,0.0,0.0,0.0,1,60.0,0.0,0.06,0.0,0.0,1.0,0.0,2,-1.5547,42.6036,45.1768,56.5,0.75,0.25,1,1,28.6,4.1,,75.2,1.0,0.0,1,-0.5872,53.6692,41.05,53.08,47.07,6.02,0.998316,0.001684,0.402643,0.597357,0.403559,0.596441,14.0,14.0,1,1,cfb-week1-v7-game-lock-2026-08-30,0.030364,0.022858,-0.022396,0.086126,0.436791,0.433518,0.417131,0.459143,5.799936,5.710859,6.09844,6.127633,2.061611,1.859765,1.735835,2.199624,0.546077,0.53567,0.400915,0.5638,0.019187,0.015115,0.368446,0.337147,0,,NO_QUALIFYING_CANDIDATE,,,,,,,,0,,NO_QUALIFYING_CANDIDATE,,,,,,,,,0,,NO_QUALIFYING_CANDIDATE,,,,,,,,,0,,,,,,,,0,,,,,,,,1,-44.5,-115.0,0.402643,0.5108342361863489,-0.10819123618634896,-0.24723265217391316,0.0,0.0,1,44.5,-105.0,0.597357,0.4891657638136511,0.1081912361863489,0.16626842857142854,0.17458184999999998,0.05,1,56.5,-110.0,0.403559,0.5,-0.096441,-0.2295691818181818,0.0,0.0,1,56.5,-110.0,0.596441,0.5,0.096441,0.13866009090909093,0.1525261,0.05
2026,2,1,401860879,2026-09-05,18:30,Portland State Vikings,San Diego State Aztecs,0,Snapdragon Stadium,open_air,Grass,Draft Kings,-40.5,62.5,0,0,1,2.5,21,,12,3,0,1,12.7084,0.0,,1.426,,,1,1,32.036,0.9838,0.0161,,35.001,-35.001,35.001,40.5,0.6429,0.0,0.3571,0.0,0,0,0,0,0,0,0.0,0.0,0.0,1,933.6,0.0,0.9336,0.0,0.0,1.0,0.0,2,-0.5478,38.5361,40.0003,62.5,0.75,0.25,1,1,28.6,3.5,,40.0,0.0,0.0,1,-0.2499,56.8751,37.99,56.63,47.31,9.32,0.996671,0.003329,0.428807,0.571193,0.337377,0.662623,14.0,14.0,1,1,cfb-week1-v7-game-lock-2026-08-30,-0.003507,0.022858,-0.119674,0.086126,0.448042,0.433518,0.375124,0.459143,5.880403,5.710859,5.083582,6.127633,1.752105,1.859765,1.145073,2.199624,0.529627,0.53567,0.388253,0.5638,0.054467,0.015115,0.297941,0.337147,0,,NO_QUALIFYING_CANDIDATE,,,,,,,,0,,NO_QUALIFYING_CANDIDATE,,,,,,,,,0,,NO_QUALIFYING_CANDIDATE,,,,,,,,,0,,,,,,,,0,,,,,,,,1,-40.5,-108.0,0.428807,0.4956702459300312,-0.06686324593003118,-0.17414948148148152,0.0,0.0,1,40.5,-112.0,0.571193,0.5043297540699689,0.06686324593003101,0.08118674999999986,0.09092915999999986,0.05,1,62.5,-102.0,0.337377,0.4826358742837298,-0.1452588742837298,-0.3318612352941176,0.0,0.0,1,62.5,-118.0,0.662623,0.5173641257162701,0.14525887428372986,0.22416791525423718,0.2645181399999999,0.05
2026,2,1,401856662,2026-09-05,18:30,UL Monroe Warhawks,Mississippi State Bulldogs,0,Davis Wade Stadium,open_air,Grass,Draft Kings,-28.5,54.5,0,0,1,2.5,344,2433,12,12,0,0,4.3388,-2.1805,9.0193,4.082,-19.255,25.837,1,1,33.465,0.9583,0.0417,,26.719,-26.719,26.719,28.5,0.36,0.28,0.2,0.16,0,0,0,0,0,0,0.0,0.0,0.0,1,200.1,0.0,0.2001,0.0,0.0,1.0,0.0,2,-1.3933,24.2812,45.1273,54.5,0.75,0.25,1,1,33.7,3.9,,50.7,0.0,0.0,1,-0.4748,52.1568,22.89,51.68,37.29,14.4,0.94896,0.05104,0.344262,0.655738,0.420238,0.579762,14.0,14.0,1,1,cfb-week1-v7-game-lock-2026-08-30,0.071628,-0.027571,0.077492,0.061694,0.450835,0.411573,0.456057,0.422006,5.939552,5.674313,6.286337,5.762564,2.221688,1.304827,2.023435,2.298285,0.548674,0.535687,0.540634,0.444422,0.035469,-0.013632,0.346779,0.297986,0,,NO_QUALIFYING_CANDIDATE,,,,,,,,0,,NO_QUALIFYING_CANDIDATE,,,,,,,,,0,,NO_QUALIFYING_CANDIDATE,,,,,,,,,1,-4000.0,0.94896,0.9431345353675452,0.005825464632454813,-0.02731600000000006,0.0,0.0,1,1600.0,0.05104,0.056865464632454926,-0.005825464632454924,-0.13232,0.0,0.0,1,-28.5,-108.0,0.344262,0.4956702459300312,-0.15140824593003116,-0.33697688888888877,0.0,0.0,1,28.5,-112.0,0.655738,0.5043297540699689,0.1514082459300311,0.24121835714285722,0.2701645600000001,0.05,1,54.5,-115.0,0.420238,0.5108342361863489,-0.09059623618634893,-0.2143376521739131,0.0,0.0,1,54.5,-105.0,0.579762,0.4891657638136511,0.09059623618634888,0.1319162857142857,0.1385121,0.05
2026,2,1,401868170,2026-09-05,19:00,Charleston Southern Buccaneers,Georgia Southern Eagles,0,Allen E. Paulson Stadium,open_air,Artificial,Draft Kings,-28.5,51.5,0,0,1,2.5,290,,12,2,0,1,1.1685,0.0,,-8.701,,,1,1,21.796,0.96,0.04,,27.08,-27.08,27.08,28.5,0.6429,0.0,0.3571,0.0,0,0,0,0,0,0,0.0,0.0,0.0,1,107.2,0.0,0.1072,0.0,1.0,0.0,0.0,2,0.1236,27.9929,49.4607,51.5,0.75,0.25,1,1,32.2,3.5,,55.9,0.0,0.0,1,-0.2499,50.9902,28.12,50.74,39.43,11.31,0.977695,0.022305,0.489071,0.510929,0.47836,0.52164,14.0,14.0,1,1,cfb-week1-v7-game-lock-2026-08-30,0.095178,0.022858,0.167947,0.086126,0.459516,0.433518,0.489515,0.459143,6.009576,5.710859,6.607551,6.127633,2.151209,1.859765,2.391255,2.199624,0.551225,0.53567,0.548117,0.5638,0.084124,0.015115,0.401987,0.337147,0,,NO_QUALIFYING_CANDIDATE,,,,,,,,0,,NO_QUALIFYING_CANDIDATE,,,,,,,,,0,,NO_QUALIFYING_CANDIDATE,,,,,,,,,1,-5000.0,0.977695,0.949050949050949,0.02864405094905098,-0.002751100000000003,0.0,0.0,1,1800.0,0.022305,0.050949050949050945,-0.028644050949050946,-0.5762050000000001,0.0,0.0,1,-28.5,-108.0,0.489071,0.4956702459300312,-0.0065992459300311945,-0.058085481481481405,0.0,0.0,1,28.5,-112.0,0.510929,0.5043297540699689,0.006599245930031028,-0.03288439285714295,0.0,0.0,1,51.5,-115.0,0.47836,0.5108342361863489,-0.032474236186348926,-0.10567478260869573,0.0,0.0,1,51.5,-105.0,0.52164,0.4891657638136511,0.03247423618634887,0.018439999999999956,0.019361999999999956,0.019361999999999956
2026,2,1,401862699,2026-09-05,19:00,Florida International Panthers,South Florida Bulls,0,Raymond James Stadium,open_air,Grass,Draft Kings,-14.5,52.5,0,0,1,2.5,58,2229,12,12,0,0,18.7178,3.4888,17.729,-0.949,-12.58,14.131,1,1,35.296,0.8438,0.1562,,14.38,-14.38,14.38,14.5,0.36,0.28,0.2,0.16,0,0,0,0,0,0,0.0,0.0,0.0,1,201.9,0.0,0.2019,0.0,1.0,0.0,0.0,2,0.2327,14.8893,50.265,52.5,0.75,0.25,1,1,30.1,3.0,,67.4,0.0,0.0,1,0.0312,51.9412,15.12,51.97,33.55,18.43,0.859961,0.140039,0.517719,0.482281,0.484969,0.515031,14.0,14.0,1,1,cfb-week1-v7-game-lock-2026-08-30,0.205104,0.047589,0.016885,0.040306,0.497744,0.442942,0.42637,0.448618,7.246421,5.914955,5.834818,6.24204,2.7073,2.10364,1.791793,2.139001,0.595613,0.439491,0.426348,0.429069,0.187713,0.076708,0.394399,0.302199,0,,NO_QUALIFYING_CANDIDATE,,,,,,,,0,,NO_QUALIFYING_CANDIDATE,,,,,,,,,0,,NO_QUALIFYING_CANDIDATE,,,,,,,,,1,-675.0,0.859961,0.8370993168681029,0.02286168313189707,-0.01263737037037041,0.0,0.0,1,490.0,0.140039,0.16290068313189698,-0.022861683131896987,-0.17376989999999992,0.0,0.0,1,-14.5,-108.0,0.517719,0.4956702459300312,0.022048754069968868,-0.002911555555555445,0.0,0.0,1,14.5,-112.0,0.482281,0.5043297540699689,-0.022048754069968923,-0.08711096428571435,0.0,0.0,1,52.5,-112.0,0.484969,0.5043297540699689,-0.019360754069968955,-0.08202296428571437,0.0,0.0,1,52.5,-108.0,0.515031,0.4956702459300312,0.019360754069968844,-0.008088444444444343,0.0,0.0
2026,2,1,401869142,2026-09-05,19:00,Lamar Cardinals,Louisiana Ragin' Cajuns,0,Cajun Field,open_air,Artificial,Draft Kings,-20.5,48.5,0,0,1,2.5,309,,12,1,0,1,-1.6753,0.0,,-8.278,,,1,1,22.331,0.9014,0.0986,,18.86,-18.86,18.86,20.5,0.6429,0.0,0.3571,0.0,0,0,0,0,0,0,0.0,0.0,0.0,1,121.8,0.0,0.12179999999999999,0.0,0.0,1.0,0.0,2,-1.4835,19.9143,47.2282,48.5,0.75,0.25,1,1,25.3,1.6,,94.3,0.0,0.0,1,0.8182,48.182,18.43,49.0,33.72,15.28,0.905994,0.094006,0.441249,0.558751,0.514253,0.485747,14.0,14.0,1,1,cfb-week1-v7-game-lock-2026-08-30,0.005437,0.022858,0.095609,0.086126,0.420721,0.433518,0.480242,0.459143,5.644555,5.710859,6.333333,6.127633,2.017663,1.859765,2.136542,2.199624,0.432008,0.53567,0.499988,0.5638,-0.061668,0.015115,0.353132,0.337147,0,,NO_QUALIFYING_CANDIDATE,,,,,,,,0,,NO_QUALIFYING_CANDIDATE,,,,,,,,,0,,NO_QUALIFYING_CANDIDATE,,,,,,,,,1,-1200.0,0.905994,0.8869565217391304,0.019037478260869545,-0.018506500000000106,0.0,0.0,1,750.0,0.094006,0.11304347826086955,-0.019037478260869545,-0.20094899999999993,0.0,0.0,1,-20.5,-108.0,0.441249,0.4956702459300312,-0.05442124593003117,-0.15018711111111105,0.0,0.0,1,20.5,-112.0,0.558751,0.5043297540699689,0.05442124593003106,0.05763582142857138,0.06455211999999995,0.05,1,48.5,-110.0,0.514253,0.5,0.01425299999999996,-0.018244272727272748,0.0,0.0,1,48.5,-110.0,0.485747,0.5,-0.014253000000000016,-0.07266481818181825,0.0,0.0
2026,2,1,401870790,2026-09-05,19:00,Mercyhurst Lakers,New Mexico State Aggies,0,Aggie Memorial Stadium,open_air,Artificial,Draft Kings,-29.5,52.5,0,0,1,2.5,166,,12,1,0,1,-1.2899,0.0,,-13.999,,,1,1,18.254,0.9609,0.0391,,27.287,-27.287,27.287,29.5,0.6429,0.0,0.3571,0.0,0,0,0,0,0,0,0.0,0.0,0.0,1,1609.3,0.0,1.6093,2.0,1.0,0.0,0.0,2,1.8549,28.7096,43.2952,52.5,0.75,0.25,1,1,31.1,3.8,,37.0,0.0,0.0,1,-0.4186,50.1988,30.56,49.78,40.17,9.61,0.985489,0.014511,0.530305,0.469695,0.422982,0.577018,14.0,14.0,1,1,cfb-week1-v7-game-lock-2026-08-30,-0.071399,0.022858,-0.012634,0.086126,0.409633,0.433518,0.447053,0.459143,5.372678,5.710859,5.990348,6.127633,1.57724,1.859765,1.892967,2.199624,0.383739,0.53567,0.477539,0.5638,-0.124324,0.015115,0.364678,0.337147,0,,NO_QUALIFYING_CANDIDATE,,,,,,,,0,,NO_QUALIFYING_CANDIDATE,,,,,,,,,0,,NO_QUALIFYING_CANDIDATE,,,,,,,,,1,-8000.0,0.985489,0.9578344612181154,0.027654538781884508,-0.0021923875000000956,0.0,0.0,1,2200.0,0.014511,0.04216553878188443,-0.027654538781884428,-0.666247,0.0,0.0,1,-29.5,-110.0,0.530305,0.5,0.030305000000000026,0.012400454545454631,0.013640500000000094,0.013640500000000094,1,29.5,-110.0,0.469695,0.5,-0.030305000000000026,-0.10330954545454546,0.0,0.0,1,52.5,-105.0,0.422982,0.4891657638136511,-0.0661837638136511,-0.17417800000000006,0.0,0.0,1,52.5,-115.0,0.577018,0.5108342361863489,0.0661837638136511,0.07877278260869558,0.09058869999999992,0.05
2026,2,1,401866411,2026-09-05,19:00,Mississippi Valley State Delta Devils,Sacramento State Hornets,0,Hornet Stadium,open_air,Artificial,Draft Kings,-37.5,56.5,0,0,1,2.5,16,,12,0,0,1,8.8499,0.0,,-20.729,,,1,1,10.224,0.9832,0.0168,,34.688,-34.688,34.688,37.5,0.6429,0.0,0.3571,0.0,0,0,0,0,0,0,0.0,0.0,0.0,1,1762.4,0.0,1.7624000000000002,2.0,1.0,0.0,0.0,2,2.0313,36.4957,48.5368,56.5,0.75,0.25,1,1,26.8,3.7,,27.4,0.0,0.0,1,-0.3624,54.5092,38.53,54.15,46.34,7.81,0.997038,0.002962,0.52924,0.47076,0.433259,0.566741,14.0,14.0,1,1,cfb-week1-v7-game-lock-2026-08-30,0.122383,0.022858,0.042147,0.086126,0.442194,0.433518,0.439877,0.459143,6.477255,5.710859,5.764197,6.127633,2.443637,1.859765,1.938159,2.199624,0.489151,0.53567,0.526348,0.5638,0.048821,0.015115,0.316166,0.337147,0,,NO_QUALIFYING_CANDIDATE,,,,,,,,0,,NO_QUALIFYING_CANDIDATE,,,,,,,,,0,,NO_QUALIFYING_CANDIDATE,,,,,,,,,0,,,,,,,,0,,,,,,,,1,-37.5,-112.0,0.52924,0.5043297540699689,0.024910245930031105,0.0017757142857143249,0.001988800000000044,0.001988800000000044,1,37.5,-108.0,0.47076,0.4956702459300312,-0.02491024593003116,-0.093351111111111,0.0,0.0,1,56.5,-112.0,0.433259,0.5043297540699689,-0.07107075406996893,-0.1799026071428571,0.0,0.0,1,56.5,-108.0,0.566741,0.4956702459300312,0.07107075406996888,0.09150118518518535,0.09882128000000016,0.05
2026,2,1,401856774,2026-09-05,19:00,Morgan State Bears,Arizona State Sun Devils,0,Mountain America Stadium,open_air,Grass,Draft Kings,-43.5,52.5,0,0,1,2.5,9,,12,2,0,1,5.3909,0.0,,4.76,,,1,1,36.987,0.9951,0.0049,,45.259,-45.259,45.259,43.5,0.6429,0.0,0.3571,0.0,0,0,0,0,0,0,0.0,0.0,0.0,1,1992.9,0.0,1.9929000000000001,3.0,1.0,0.0,0.0,2,2.297,44.1282,44.4119,52.5,0.75,0.25,1,1,35.7,4.3,,24.1,0.0,0.0,1,-0.6997,50.478,46.43,49.78,48.1,1.68,0.999544,0.000456,0.582754,0.417246,0.422928,0.577072,14.0,14.0,1,1,cfb-week1-v7-game-lock-2026-08-30,0.043434,0.022858,-0.024412,0.086126,0.434974,0.433518,0.434965,0.459143,5.904976,5.710859,5.255939,6.127633,1.70326,1.859765,1.961153,2.199624,0.449865,0.53567,0.462279,0.5638,0.017569,0.015115,0.303985,0.337147,0,,NO_QUALIFYING_CANDIDATE,,,,,,,,0,,NO_QUALIFYING_CANDIDATE,,,,,,,,,0,,NO_QUALIFYING_CANDIDATE,,,,,,,,,0,,,,,,,,0,,,,,,,,1,-43.5,-115.0,0.582754,0.5108342361863489,0.07191976381365106,0.08949660869565212,0.10292109999999996,0.05,1,43.5,-105.0,0.417246,0.4891657638136511,-0.07191976381365112,-0.18537685714285718,0.0,0.0,1,52.5,-108.0,0.422928,0.4956702459300312,-0.07274224593003115,-0.18547199999999997,0.0,0.0,1,52.5,-112.0,0.577072,0.5043297540699689,0.07274224593003109,0.09231485714285714,0.10339264000000001,0.05
2026,2,1,401858431,2026-09-05,19:00,South Dakota State Jackrabbits,Northwestern Wildcats,0,Ryan Field,open_air,Grass,Draft Kings,-12.5,48.5,0,0,1,2.5,77,,12,2,0,1,4.5816,0.0,,1.414,,,1,1,47.523,0.7647,0.2353,,10.045,-10.045,10.045,12.5,0.6429,0.0,0.3571,0.0,0,0,0,0,0,0,0.0,0.0,0.0,1,483.3,0.0,0.4833,0.0,0.0,1.0,0.0,2,-1.0669,11.6232,46.2746,48.5,0.75,0.25,1,1,22.1,5.9,,90.3,0.0,0.0,1,-1.5992,47.9437,10.56,46.34,28.45,17.89,0.774583,0.225417,0.444792,0.555208,0.438818,0.561182,14.0,14.0,1,1,cfb-week1-v7-game-lock-2026-08-30,0.0583,0.022858,0.042103,0.086126,0.449847,0.433518,0.465452,0.459143,5.738709,5.710859,5.832799,6.127633,2.07483,1.859765,1.913538,2.199624,0.439151,0.53567,0.501348,0.5638,0.009003,0.015115,0.362894,0.337147,0,,NO_QUALIFYING_CANDIDATE,,,,,,,,0,,NO_QUALIFYING_CANDIDATE,,,,,,,,,0,,NO_QUALIFYING_CANDIDATE,,,,,,,,,1,-485.0,0.774583,0.7957758771164253,-0.021192877116425257,-0.06570916494845364,0.0,0.0,1,370.0,0.225417,0.2042241228835748,0.0211928771164252,0.05945990000000001,0.016070243243243246,0.016070243243243246,1,-12.5,-112.0,0.444792,0.5043297540699689,-0.05953775406996892,-0.15807228571428567,0.0,0.0,1,12.5,-108.0,0.555208,0.4956702459300312,0.05953775406996886,0.06928948148148162,0.07483264000000014,0.05,1,48.5,-108.0,0.438818,0.4956702459300312,-0.05685224593003119,-0.15486903703703708,0.0,0.0,1,48.5,-112.0,0.561182,0.5043297540699689,0.05685224593003102,0.06223735714285705,0.06970583999999991,0.05
2026,2,1,401858210,2026-09-05,19:30,UCLA Bruins,California Golden Bears,0,California Memorial Stadium,open_air,Artificial,Draft Kings,2.5,53.5,0,0,1,2.5,25,26,12,12,0,0,2.1145,-7.4363,12.0508,0.884,0.472,2.912,1,1,53.427,0.579,0.421,,2.717,-2.717,2.717,-2.5,0.36,0.28,0.2,0.16,0,0,0,0,0,0,0.0,0.0,0.0,1,343.1,0.0,0.3431,0.0,1.0,0.0,0.0,2,0.3955,2.3869,49.2786,53.5,0.75,0.25,1,1,18.6,4.1,,54.4,0.0,0.0,1,-0.5872,52.4446,2.78,51.86,27.32,24.54,0.578766,0.421234,0.647028,0.352972,0.4533,0.5467,14.0,14.0,1,1,cfb-week1-v7-game-lock-2026-08-30,0.034702,0.019742,0.097755,0.196834,0.451167,0.432077,0.455082,0.512316,5.591671,5.276823,5.718605,6.202388,1.937555,1.802678,2.126847,2.70311,0.567127,0.577246,0.557641,0.658321,-0.004404,0.01581,0.370311,0.320566,1,HOME,SELECTED_BY_MARKETS_YAML,114.0,0.578766,0.44855888528345106,0.13020711471654894,0.23855923999999984,0.20926249122807009,0.20926249122807009,0,,NO_QUALIFYING_CANDIDATE,,,,,,,,,0,,NO_QUALIFYING_CANDIDATE,,,,,,,,,1,114.0,0.578766,0.44855888528345106,0.13020711471654894,0.23855923999999984,0.20926249122807009,0.05,1,-135.0,0.421234,0.551441114716549,-0.130207114716549,-0.2667408148148148,0.0,0.0,1,2.5,-108.0,0.647028,0.4956702459300312,0.15135775406996888,0.24612800000000012,0.2658182400000001,0.05,1,-2.5,-112.0,0.352972,0.5043297540699689,-0.15135775406996893,-0.3318744285714285,0.0,0.0,1,53.5,-112.0,0.4533,0.5043297540699689,-0.05102975406996896,-0.14196785714285715,0.0,0.0,1,53.5,-108.0,0.5467,0.4956702459300312,0.05102975406996879,0.052903703703703675,0.057135999999999965,0.05
2026,2,1,401858211,2026-09-05,19:30,VMI Keydets,Virginia Tech Hokies,0,Lane Stadium,open_air,Grass,Draft Kings,-54.5,61.5,0,0,1,2.5,259,,12,1,0,1,-1.3016,0.0,,7.384,,,1,1,37.28,0.9979,0.0021,,52.609,-52.609,52.609,54.5,0.6429,0.0,0.3571,0.0,0,0,0,0,0,0,0.0,0.0,0.0,1,66.7,0.0,0.06670000000000001,0.0,1.0,0.0,0.0,2,0.0769,53.8246,49.533,61.5,0.75,0.25,1,1,26.2,3.4,,60.5,0.0,0.0,1,-0.1937,58.5083,53.9,58.31,56.11,2.21,0.999941,5.9e-05,0.482951,0.517049,0.410005,0.589995,14.0,14.0,1,1,cfb-week1-v7-game-lock-2026-08-30,0.072443,0.022858,0.165941,0.086126,0.448808,0.433518,0.473805,0.459143,5.691604,5.710859,6.21036,6.127633,1.965979,1.859765,2.589076,2.199624,0.567969,0.53567,0.607038,0.5638,0.086303,0.015115,0.348451,0.337147,0,,NO_QUALIFYING_CANDIDATE,,,,,,,,0,,NO_QUALIFYING_CANDIDATE,,,,,,,,,0,,NO_QUALIFYING_CANDIDATE,,,,,,,,,0,,,,,,,,0,,,,,,,,1,-54.5,-112.0,0.482951,0.5043297540699689,-0.02137875406996892,-0.08584274999999997,0.0,0.0,1,54.5,-108.0,0.517049,0.4956702459300312,0.02137875406996881,-0.004201925925925887,0.0,0.0,0,61.5,,,,,,,,0,61.5,,,,,,,
2026,2,1,401864432,2026-09-05,19:30,Western Kentucky Hilltoppers,Nevada Wolf Pack,0,Mackay Stadium,open_air,Artificial,Draft Kings,1.5,51.5,0,0,1,2.5,2440,98,12,11,0,0,-6.0788,8.7806,-12.3595,-11.931,-4.859,-4.572,1,1,33.765,0.3998,0.6001,,-3.461,3.461,-3.461,-1.5,0.36,0.28,0.2,0.16,0,0,0,0,0,0,0.0,0.0,0.0,1,1807.9,0.0,1.8079,2.0,1.0,0.0,0.0,2,2.0838,-4.4899,44.5189,51.5,0.75,0.25,1,1,19.0,3.7,,37.6,0.0,0.0,1,-0.3624,49.7547,-2.41,49.39,23.49,25.9,0.431772,0.568228,0.474197,0.525803,0.440167,0.559833,14.0,14.0,1,1,cfb-week1-v7-game-lock-2026-08-30,-0.082822,0.049057,0.062458,0.005703,0.404383,0.458715,0.461763,0.411839,5.416213,6.180091,6.186066,6.062435,1.444327,2.108761,2.100187,2.089143,0.365341,0.569223,0.563593,0.340096,-0.075262,0.064478,0.316492,0.39079,1,AWAY,SELECTED_BY_MARKETS_YAML,-112.0,0.568228,0.5043297540699689,0.06389824593003102,0.07557442857142849,0.08464335999999992,0.08464335999999992,0,,NO_QUALIFYING_CANDIDATE,,,,,,,,,0,,NO_QUALIFYING_CANDIDATE,,,,,,,,,1,-108.0,0.431772,0.4956702459300312,-0.06389824593003118,-0.16843911111111104,0.0,0.0,1,-112.0,0.568228,0.5043297540699689,0.06389824593003102,0.07557442857142849,0.08464335999999992,0.05,1,1.5,-118.0,0.474197,0.5173641257162701,-0.04316712571627013,-0.1239411355932204,0.0,0.0,1,-1.5,-102.0,0.525803,0.4826358742837298,0.04316712571627024,0.041296137254902,0.04212206000000004,0.04212206000000004,1,51.5,-112.0,0.440167,0.5043297540699689,-0.06416275406996896,-0.16682675000000008,0.0,0.0,1,51.5,-108.0,0.559833,0.4956702459300312,0.06416275406996885,0.07819688888888898,0.08445264000000009,0.05
2026,2,1,401858428,2026-09-05,19:30,Western Michigan Broncos,Michigan Wolverines,0,Michigan Stadium,open_air,Artificial,Draft Kings,-27.5,49.5,0,0,1,2.5,130,2711,12,13,0,0,12.861,10.0284,5.3326,15.875,-4.037,22.412,1,1,66.364,0.9367,0.0632,,22.986,-22.986,22.986,27.5,0.36,0.28,0.2,0.16,0,0,0,0,0,0,0.0,0.0,0.0,1,94.7,0.0,0.0947,0.0,0.0,1.0,0.0,2,-1.5148,21.6258,45.3147,49.5,0.75,0.25,1,1,22.9,3.7,,60.6,0.0,0.0,1,-0.3624,48.4537,20.11,48.09,34.1,13.99,0.92457,0.07543,0.298825,0.701175,0.459925,0.540075,14.0,14.0,1,1,cfb-week1-v7-game-lock-2026-08-30,0.095369,0.03728,0.00016,-0.082713,0.485234,0.454495,0.427115,0.408414,6.217101,5.356481,5.152963,5.315829,2.168393,2.147349,1.781965,1.783103,0.441532,0.539953,0.445396,0.549036,0.139247,0.055035,0.406699,0.353972,0,,NO_QUALIFYING_CANDIDATE,,,,,,,,0,,NO_QUALIFYING_CANDIDATE,,,,,,,,,0,,NO_QUALIFYING_CANDIDATE,,,,,,,,,1,-6500.0,0.92457,0.9538784067085954,-0.029308406708595358,-0.0612058461538462,0.0,0.0,1,2000.0,0.07543,0.046121593291404604,0.029308406708595393,0.5840299999999999,0.0292015,0.0292015,1,-27.5,-115.0,0.298825,0.5108342361863489,-0.21200923618634893,-0.4413271739130435,0.0,0.0,1,27.5,-105.0,0.701175,0.4891657638136511,0.21200923618634887,0.3689607142857142,0.3874087499999999,0.05,1,49.5,-108.0,0.459925,0.4956702459300312,-0.0357452459300312,-0.11421851851851855,0.0,0.0,1,49.5,-112.0,0.540075,0.5043297540699689,0.03574524593003103,0.022284821428571355,0.02495899999999992,0.02495899999999992
2026,2,1,401856637,2026-09-05,19:45,Florida Atlantic Owls,Florida Gators,0,Ben Hill Griffin Stadium,open_air,Grass,Draft Kings,-26.5,59.5,0,0,1,2.5,57,2226,12,12,0,0,3.1664,-0.7344,6.4008,13.575,-11.256,27.331,1,1,54.213,0.9654,0.0346,,28.37,-28.37,28.37,26.5,0.36,0.28,0.2,0.16,0,0,0,0,0,0,0.0,0.0,0.0,1,264.5,0.0,0.2645,0.0,1.0,0.0,0.0,2,0.3049,23.8908,47.4276,59.5,0.75,0.25,1,1,26.0,2.4,,93.6,0.0,0.0,1,0.3685,56.4819,24.2,56.85,40.52,16.33,0.958029,0.041971,0.434631,0.565369,0.424946,0.575054,14.0,14.0,1,1,cfb-week1-v7-game-lock-2026-08-30,-0.010907,0.082837,0.042734,0.128137,0.451611,0.438589,0.443452,0.463553,5.729164,6.145471,5.862981,6.22422,1.737302,2.103477,1.777234,2.630273,0.63796,0.391532,0.51483,0.595396,0.070438,-0.020556,0.296685,0.332932,0,,NO_QUALIFYING_CANDIDATE,,,,,,,,0,,NO_QUALIFYING_CANDIDATE,,,,,,,,,0,,NO_QUALIFYING_CANDIDATE,,,,,,,,,1,-2800.0,0.958029,0.9311163895486936,0.02691261045130644,-0.007755678571428462,0.0,0.0,1,1300.0,0.041971,0.06888361045130642,-0.02691261045130642,-0.41240600000000005,0.0,0.0,1,-26.5,-112.0,0.434631,0.5043297540699689,-0.06969875406996895,-0.1773056071428572,0.0,0.0,1,26.5,-108.0,0.565369,0.4956702459300312,0.06969875406996884,0.08885881481481495,0.09596752000000013,0.05,1,59.5,-108.0,0.424946,0.4956702459300312,-0.07072424593003118,-0.1815854814814814,0.0,0.0,1,59.5,-112.0,0.575054,0.5043297540699689,0.07072424593003102,0.08849507142857127,0.09911447999999982,0.05
2026,2,1,401864498,2026-09-05,20:00,Central Michigan Chippewas,New Mexico Lobos,0,University Stadium (NM),open_air,Artificial,Draft Kings,-10.5,47.5,0,0,1,2.5,167,2117,12,12,0,0,8.3288,3.2676,7.5612,-3.531,-12.806,11.775,1,1,31.952,0.8244,0.1756,,13.182,-13.182,13.182,10.5,0.36,0.28,0.2,0.16,0,0,0,0,0,0,0.0,0.0,0.0,1,1302.5,0.0,1.3025,2.0,1.0,0.0,0.0,2,1.5012,10.9232,44.05,47.5,0.75,0.25,1,1,29.9,2.2,,23.7,0.0,0.0,1,0.4809,46.6375,12.42,47.12,29.77,17.35,0.812584,0.187416,0.554666,0.445334,0.489128,0.510872,14.0,14.0,1,1,cfb-week1-v7-game-lock-2026-08-30,0.096788,0.010205,0.044455,-0.024272,0.446886,0.439652,0.445989,0.442233,6.216093,5.792879,5.751236,5.813379,2.275214,1.625668,1.793525,1.966458,0.53677,0.46177,0.503729,0.422777,0.042681,-0.022868,0.344832,0.315602,0,,NO_QUALIFYING_CANDIDATE,,,,,,,,0,,NO_QUALIFYING_CANDIDATE,,,,,,,,,0,,NO_QUALIFYING_CANDIDATE,,,,,,,,,1,-440.0,0.812584,0.7819063004846527,0.030677699515347268,-0.0027378181818182024,0.0,0.0,1,340.0,0.187416,0.21809369951534735,-0.03067769951534735,-0.1753695999999999,0.0,0.0,1,-10.5,-110.0,0.554666,0.5,0.05466599999999999,0.05890781818181823,0.06479860000000004,0.05,1,10.5,-110.0,0.445334,0.5,-0.05466599999999999,-0.14981690909090906,0.0,0.0,1,47.5,-105.0,0.489128,0.4891657638136511,-3.776381365111492e-05,-0.045035809523809534,0.0,0.0,1,47.5,-115.0,0.510872,0.5108342361863489,3.776381365105941e-05,-0.044891478260869644,0.0,0.0
2026,2,1,401858427,2026-09-05,20:00,Hampton Pirates,Maryland Terrapins,0,SECU Stadium,open_air,Artificial,Draft Kings,-45.5,56.5,0,0,1,2.5,120,,12,0,0,1,-0.7457,0.0,,1.024,,,1,1,30.708,0.9938,0.0062,,43.292,-43.292,43.292,45.5,0.6429,0.0,0.3571,0.0,0,0,0,0,0,0,0.0,0.0,0.0,1,140.1,0.0,0.1401,0.0,1.0,0.0,0.0,2,0.1615,44.7114,45.0077,56.5,0.75,0.25,1,1,23.5,2.6,,80.0,1.0,0.0,1,0.256,53.6269,44.87,53.88,49.38,4.51,0.999325,0.000675,0.482136,0.517864,0.425858,0.574142,14.0,14.0,1,1,cfb-week1-v7-game-lock-2026-08-30,-0.002937,0.022858,0.053266,0.086126,0.415634,0.433518,0.474708,0.459143,5.811922,5.710859,6.258675,6.127633,1.685922,1.859765,2.082121,2.199624,0.384389,0.53567,0.460022,0.5638,0.036495,0.015115,0.363616,0.337147,0,,NO_QUALIFYING_CANDIDATE,,,,,,,,0,,NO_QUALIFYING_CANDIDATE,,,,,,,,,0,,NO_QUALIFYING_CANDIDATE,,,,,,,,,0,,,,,,,,0,,,,,,,,1,-45.5,-108.0,0.482136,0.4956702459300312,-0.013534245930031163,-0.07144177777777772,0.0,0.0,1,45.5,-112.0,0.517864,0.5043297540699689,0.013534245930031052,-0.019757428571428648,0.0,0.0,1,56.5,-105.0,0.425858,0.4891657638136511,-0.06330776381365111,-0.1685629523809523,0.0,0.0,1,56.5,-115.0,0.574142,0.5108342361863489,0.06330776381365111,0.07339591304347826,0.0844053,0.05
2026,2,1,401858437,2026-09-06,13:00,Washington State Cougars,Washington Huskies,0,Husky Stadium,open_air,Artificial,Draft Kings,-23.5,51.5,0,0,1,2.5,264,265,12,12,0,0,19.1196,4.9304,16.6892,9.893,-4.054,16.447,1,1,59.073,0.8787,0.1213,,16.878,-16.878,16.878,23.5,0.36,0.28,0.2,0.16,0,0,0,0,0,0,0.0,0.0,0.0,1,249.5,0.0,0.2495,0.0,1.0,0.0,0.0,2,0.2876,19.111,47.475,51.5,0.75,0.25,1,1,20.6,4.2,,54.2,0.0,0.0,1,-0.6435,50.4937,19.4,49.85,34.62,15.23,0.917068,0.082932,0.384777,0.615223,0.453098,0.546902,14.0,14.0,1,1,cfb-week1-v7-game-lock-2026-08-30,0.194259,0.013304,-0.031288,-0.000274,0.513202,0.435363,0.430074,0.45713,6.628545,5.726951,5.30092,5.512949,2.657115,1.992513,1.865894,1.740992,0.603436,0.539547,0.437279,0.502935,0.147553,0.001812,0.400477,0.31607,0,,NO_QUALIFYING_CANDIDATE,,,,,,,,0,,NO_QUALIFYING_CANDIDATE,,,,,,,,,0,,NO_QUALIFYING_CANDIDATE,,,,,,,,,1,-2400.0,0.917068,0.9258160237388724,-0.008748023738872401,-0.04472083333333327,0.0,0.0,1,1200.0,0.082932,0.0741839762611276,0.008748023738872401,0.07811600000000007,0.006509666666666673,0.006509666666666673,1,-23.5,-108.0,0.384777,0.4956702459300312,-0.11089324593003119,-0.25894800000000007,0.0,0.0,1,23.5,-112.0,0.615223,0.5043297540699689,0.11089324593003103,0.16452924999999985,0.18427275999999984,0.05,1,51.5,-108.0,0.453098,0.4956702459300312,-0.04257224593003117,-0.12736681481481477,0.0,0.0,1,51.5,-112.0,0.546902,0.5043297540699689,0.04257224593003106,0.03520735714285711,0.039432239999999966,0.039432239999999966
2026,2,1,401856661,2026-09-06,18:30,Louisville Cardinals,Ole Miss Rebels,1,Nissan Stadium,open_air,,Draft Kings,-6.5,54.5,1,0,0,0.0,145,97,12,12,0,0,15.775,12.8577,2.9173,16.029,9.454,6.575,1,1,80.624,0.7364,0.2636,,8.758,-8.758,8.758,6.5,0.36,0.28,0.2,0.16,0,0,0,0,0,0,0.0,0.0,0.0,1,151.5,199.6,-0.0481,1.0,1.0,-1.0,0.0,2,1.5685,6.3994,45.7362,54.5,0.75,0.25,1,1,31.0,3.9,,46.9,0.0,0.0,1,-0.4748,52.309,7.97,51.83,29.9,21.93,0.715366,0.284634,0.541751,0.458249,0.424493,0.575507,14.0,14.0,1,1,cfb-week1-v7-game-lock-2026-08-30,0.167249,0.042632,0.017422,-0.052092,0.483564,0.464531,0.43066,0.412822,6.662633,6.287256,5.423824,5.04967,2.800302,2.053436,1.80555,1.294827,0.581327,0.540681,0.571678,0.459357,0.144143,0.071852,0.35132,0.305342,1,HOME,SELECTED_BY_MARKETS_YAML,-265.0,0.715366,0.6957699520733487,0.01959604792665126,-0.014684566037735991,0.0,0.0,0,,NO_QUALIFYING_CANDIDATE,,,,,,,,,0,,NO_QUALIFYING_CANDIDATE,,,,,,,,,1,-265.0,0.715366,0.6957699520733487,0.01959604792665126,-0.014684566037735991,0.0,0.0,1,215.0,0.284634,0.30423004792665137,-0.019596047926651372,-0.10340289999999996,0.0,0.0,1,-6.5,-115.0,0.541751,0.5108342361863489,0.03091676381365105,0.012838826086956412,0.014764649999999876,0.014764649999999876,1,6.5,-105.0,0.458249,0.4891657638136511,-0.030916763813651105,-0.10532338095238092,0.0,0.0,1,54.5,-115.0,0.424493,0.5108342361863489,-0.08634123618634892,-0.2063826521739131,0.0,0.0,1,54.5,-105.0,0.575507,0.4891657638136511,0.08634123618634887,0.12360890476190467,0.12978934999999991,0.05
2026,2,1,401858438,2026-09-06,19:30,Wisconsin Badgers,Notre Dame Fighting Irish,0,Notre Dame Stadium,open_air,Artificial,Draft Kings,-20.5,46.5,1,1,1,2.5,87,275,12,12,0,0,25.5089,-5.2029,33.2117,25.856,4.818,23.538,1,1,79.146,0.9432,0.0568,,23.949,-23.949,23.949,20.5,0.36,0.28,0.2,0.16,0,0,0,0,0,0,0.0,0.0,0.0,1,187.9,0.0,0.1879,1.0,0.0,1.0,0.0,2,-1.4073,24.0743,42.6533,46.5,0.75,0.25,1,1,22.7,3.1,,64.5,0.0,0.0,1,-0.025,45.5383,22.67,45.51,34.09,11.42,0.947284,0.052716,0.561504,0.438496,0.471905,0.528095,14.0,14.0,1,1,cfb-week1-v7-game-lock-2026-08-30,0.264247,-0.102797,-0.056919,0.034061,0.50686,0.397726,0.405002,0.465019,7.517106,5.027729,5.211451,5.668721,2.786395,1.300195,1.470513,1.860855,0.672824,0.450262,0.532084,0.486629,0.208262,-0.132986,0.392857,0.322469,0,,NO_QUALIFYING_CANDIDATE,,,,,,,,0,,NO_QUALIFYING_CANDIDATE,,,,,,,,,0,,NO_QUALIFYING_CANDIDATE,,,,,,,,,1,-1450.0,0.947284,0.8988580750407832,0.048425924959216826,0.01261393103448269,0.18290199999999923,0.05,1,850.0,0.052716,0.10114192495921696,-0.048425924959216965,-0.49919800000000003,0.0,0.0,1,-20.5,-115.0,0.561504,0.5108342361863489,0.05066976381365107,0.04976834782608691,0.057233599999999954,0.05,1,20.5,-105.0,0.438496,0.4891657638136511,-0.050669763813651125,-0.1438887619047619,0.0,0.0,1,46.5,-110.0,0.471905,0.5,-0.02809499999999998,-0.09909045454545445,0.0,0.0,1,46.5,-110.0,0.528095,0.5,0.02809499999999998,0.008181363636363626,0.008999499999999987,0.008999499999999987
2026,2,1,401858212,2026-09-07,19:30,SMU Mustangs,Florida State Seminoles,0,Doak Campbell Stadium,open_air,Grass,Draft Kings,3,53.5,0,0,1,2.5,52,2567,12,12,0,0,15.9186,12.9323,5.4863,7.926,11.117,-0.691,1,1,72.607,0.442,0.558,,-1.987,1.987,-1.987,-3.0,0.36,0.28,0.2,0.16,0,0,0,0,0,0,0.0,0.0,0.0,1,752.0,0.0,0.752,1.0,0.0,1.0,0.0,2,-0.7572,-0.7931,46.8505,53.5,0.75,0.25,1,1,26.0,3.3,,90.1,1.0,0.0,1,-0.1375,51.8376,-1.55,51.7,25.07,26.63,0.455915,0.544085,0.541239,0.458761,0.448852,0.551148,14.0,14.0,1,1,cfb-week1-v7-game-lock-2026-08-30,0.19933,0.10531,0.018484,-0.028043,0.485961,0.457321,0.434392,0.436063,6.942882,6.566254,5.414397,5.659363,2.569474,2.047061,1.900041,1.631342,0.592807,0.658198,0.617798,0.369205,0.099813,0.099829,0.395595,0.361471,0,,NO_QUALIFYING_CANDIDATE,,,,,,,,0,,NO_QUALIFYING_CANDIDATE,,,,,,,,,0,,NO_QUALIFYING_CANDIDATE,,,,,,,,,1,130.0,0.455915,0.41700735895339325,0.03890764104660677,0.04860450000000005,0.03738807692307697,0.03738807692307697,1,-155.0,0.544085,0.5829926410466066,-0.0389076410466066,-0.10489241935483873,0.0,0.0,1,3.0,-115.0,0.541239,0.5108342361863489,0.030404763813651092,0.011881608695652135,0.013663849999999957,0.013663849999999957,1,-3.0,-105.0,0.458761,0.4891657638136511,-0.030404763813651148,-0.104323761904762,0.0,0.0,1,53.5,-108.0,0.448852,0.4956702459300312,-0.0468182459300312,-0.13554429629629622,0.0,0.0,1,53.5,-112.0,0.551148,0.5043297540699689,0.04681824593003103,0.04324442857142846,0.04843375999999988,0.04843375999999988
