season,season_type,week,game_id,game_date,game_time,away_team,home_team,neutral_site,stadium,roof,surface,bookmaker,home_spread,total,neutral_site_original,neutral_site_corrected,home_stadium_match,home_field_points,home_team_id,away_team_id,home_prior_team_weeks,away_prior_team_weeks,home_prior_fallback,away_prior_fallback,home_prior_rating,away_prior_rating,prior_home_margin,home_fpi,away_fpi,fpi_home_margin,espn_prediction_match_valid,espn_margin_consistent,espn_matchup_quality,espn_home_prob,espn_away_prob,espn_tie_prob,espn_home_ptdiff,espn_away_ptdiff,espn_home_margin,market_home_margin,margin_weight_market,margin_weight_fpi,margin_weight_espn,margin_weight_prior,home_out_count,home_doubtful_count,home_questionable_count,away_out_count,away_doubtful_count,away_questionable_count,home_injury_penalty,away_injury_penalty,injury_margin_adjustment,travel_data_available,away_miles_traveled,home_miles_traveled,travel_net_miles_1000,travel_net_time_zones,travel_net_east_to_west,travel_net_west_to_east,travel_international,travel_features_used,travel_margin_adjustment,predicted_margin_before_travel,prior_total,market_total,total_weight_market,total_weight_prior,weather_data_available,weather_exposed,weather_temperature_c,weather_wind_speed_ms,weather_wind_gust_ms,weather_humidity_pct,weather_rain_flag,weather_snow_flag,weather_features_used,weather_total_adjustment,predicted_total_before_weather,predicted_margin,predicted_total,predicted_home_score,predicted_away_score,home_win_probability,away_win_probability,home_cover_probability,away_cover_probability,over_probability,under_probability,probability_margin_sd,probability_total_sd,spread_probability_line_available,total_probability_line_available,projection_version,home_prior_off_epa_per_play,away_prior_off_epa_per_play,home_prior_def_epa_per_play,away_prior_def_epa_per_play,home_prior_off_success_rate,away_prior_off_success_rate,home_prior_def_success_rate,away_prior_def_success_rate,home_prior_yards_per_play,away_prior_yards_per_play,home_prior_yards_per_play_allowed,away_prior_yards_per_play_allowed,home_prior_points_per_drive,away_prior_points_per_drive,home_prior_points_per_drive_allowed,away_prior_points_per_drive_allowed,home_prior_red_zone_td_rate,away_prior_red_zone_td_rate,home_prior_red_zone_td_rate_allowed,away_prior_red_zone_td_rate_allowed,home_prior_early_down_epa,away_prior_early_down_epa,home_prior_third_down_conversion_rate,away_prior_third_down_conversion_rate,ml_selected,ml_selection,ml_selection_reason,ml_odds_american,ml_model_probability,ml_implied_probability,ml_edge,ml_ev,ml_full_kelly,ml_kelly,spread_selected,spread_selection,spread_selection_reason,spread_line,spread_odds_american,spread_model_probability,spread_implied_probability,spread_edge,spread_ev,spread_full_kelly,spread_kelly,total_selected,total_selection,total_selection_reason,total_line,total_odds_american,total_model_probability,total_implied_probability,total_edge,total_ev,total_full_kelly,total_kelly,ml_home_available,ml_home_odds_american,ml_home_model_probability,ml_home_implied_probability,ml_home_edge,ml_home_ev,ml_home_full_kelly,ml_home_kelly,ml_away_available,ml_away_odds_american,ml_away_model_probability,ml_away_implied_probability,ml_away_edge,ml_away_ev,ml_away_full_kelly,ml_away_kelly,spread_home_available,spread_home_line,spread_home_odds_american,spread_home_model_probability,spread_home_implied_probability,spread_home_edge,spread_home_ev,spread_home_full_kelly,spread_home_kelly,spread_away_available,spread_away_line,spread_away_odds_american,spread_away_model_probability,spread_away_implied_probability,spread_away_edge,spread_away_ev,spread_away_full_kelly,spread_away_kelly,total_over_available,total_over_line,total_over_odds_american,total_over_model_probability,total_over_implied_probability,total_over_edge,total_over_ev,total_over_full_kelly,total_over_kelly,total_under_available,total_under_line,total_under_odds_american,total_under_model_probability,total_under_implied_probability,total_under_edge,total_under_ev,total_under_full_kelly,total_under_kelly
2026,2,2,401858213,2026-09-10,20:00,Florida A&M Rattlers,Miami Hurricanes,0,Hard Rock Stadium,open_air,Artificial,Draft Kings,-59.5,65.5,0,0,1,2.5,2390,,1,0,0,1,15.8032,0.0,,25.446,,,1,1,49.975,0.9996,0.0004,,66.548,-66.548,66.548,59.5,0.6429,0.0,0.3571,0.0,0,0,0,0,0,0,0.0,0.0,0.0,1,,0.0,,,,,0.0,0,0.0,62.0171,45.5558,65.5,0.75,0.25,1,1,27.4,2.8,,84.6,0.0,0.0,1,0.1436,60.5139,62.02,64.02,63.02,1.0,0.999995,5e-06,0.571344,0.428656,0.457824,0.542176,14.0,14.0,1,1,cfb-inseason-v3-game-lock-2026-08-30,0.162625,0.062534,-0.013534,0.069599,0.485508,0.45134,0.411623,0.453373,6.442392,5.809743,5.33282,5.835168,2.35331,2.029965,1.470334,2.069137,0.711835,0.567753,0.380017,0.570025,0.128473,0.069746,0.44276,0.345958,0,,NO_QUALIFYING_CANDIDATE,,,,,,,,0,,NO_QUALIFYING_CANDIDATE,,,,,,,,,0,,NO_QUALIFYING_CANDIDATE,,,,,,,,,0,,,,,,,,0,,,,,,,,1,-59.5,-105.0,0.571344,0.4891657638136511,0.08217823618634884,0.11548114285714273,0.12125519999999987,0.05,1,59.5,-115.0,0.428656,0.5108342361863489,-0.08217823618634895,-0.19859965217391318,0.0,0.0,1,65.5,-118.0,0.457824,0.5173641257162701,-0.0595401257162701,-0.15418955932203388,0.0,0.0,1,65.5,-102.0,0.542176,0.4826358742837298,0.05954012571627021,0.07372109803921567,0.07519551999999997,0.05
2026,2,2,401856678,2026-09-11,19:00,Missouri Tigers,Kansas Jayhawks,0,Memorial Stadium,open_air,Artificial,Draft Kings,5.5,51.5,0,0,1,2.5,2305,142,1,1,0,0,20.624,9.7696,13.3544,4.008,10.188,-3.68,1,1,66.879,0.3676,0.6323,,-4.625,4.625,-4.625,-5.5,0.36,0.28,0.2,0.16,0,0,0,0,0,0,0.0,0.0,0.0,1,156.5,0.0,0.1565,0.0,1.0,0.0,0.0,2,0.1804,-1.7987,52.8621,51.5,0.75,0.25,1,1,25.8,2.5,,69.4,0.0,0.0,1,0.3123,51.8405,-1.62,52.15,25.27,26.89,0.453987,0.546013,0.609211,0.390789,0.518595,0.481405,14.0,14.0,1,1,cfb-inseason-v3-game-lock-2026-08-30,0.201574,0.140823,-0.039714,0.076578,0.48949,0.48756,0.402877,0.432967,6.561758,6.322051,4.864955,5.458739,2.898765,2.968695,1.522282,1.803667,0.670169,0.645169,0.380017,0.71335,0.181828,0.092252,0.410126,0.363972,0,,NO_QUALIFYING_CANDIDATE,,,,,,,,1,HOME,SELECTED_BY_MARKETS_YAML,5.5,-115.0,0.609211,0.5108342361863489,0.09837676381365101,0.1389596956521737,0.15980364999999977,0.15980364999999977,1,OVER,SELECTED_BY_MARKETS_YAML,51.5,-105.0,0.518595,0.4891657638136511,0.029429236186348906,0.012495000000000034,0.013119750000000036,0.013119750000000036,1,180.0,0.453987,0.3425247738043946,0.11146222619560536,0.27116359999999984,0.15064644444444436,0.05,1,-218.0,0.546013,0.6574752261956053,-0.11146222619560531,-0.2035223211009175,0.0,0.0,1,5.5,-115.0,0.609211,0.5108342361863489,0.09837676381365101,0.1389596956521737,0.15980364999999977,0.05,1,-5.5,-105.0,0.390789,0.4891657638136511,-0.09837676381365112,-0.237031,0.0,0.0,1,51.5,-105.0,0.518595,0.4891657638136511,0.029429236186348906,0.012495000000000034,0.013119750000000036,0.013119750000000036,1,51.5,-115.0,0.481405,0.5108342361863489,-0.029429236186348906,-0.09998195652173908,0.0,0.0
2026,2,2,401858220,2026-09-11,19:00,Norfolk State Spartans,Virginia Cavaliers,0,Scott Stadium,open_air,Grass,Draft Kings,-45.5,55.5,0,0,1,2.5,258,,1,0,0,1,10.6193,0.0,,10.993,,,1,1,41.653,0.9976,0.0024,,51.321,-51.321,51.321,45.5,0.6429,0.0,0.3571,0.0,0,0,0,0,0,0,0.0,0.0,0.0,1,148.2,0.0,0.1482,0.0,1.0,0.0,0.0,2,0.1708,47.5789,45.1173,55.5,0.75,0.25,1,1,24.1,2.2,,94.7,1.0,0.0,1,0.4809,52.9043,47.75,53.39,50.57,2.82,0.999676,0.000324,0.563834,0.436166,0.439967,0.560033,14.0,14.0,1,1,cfb-inseason-v3-game-lock-2026-08-30,0.096495,0.062534,-0.05334,0.069599,0.472462,0.45134,0.426432,0.453373,5.922181,5.809743,4.988151,5.835168,2.225105,2.029965,1.522282,2.069137,0.711835,0.567753,0.491128,0.570025,0.131528,0.069746,0.278258,0.345958,0,,NO_QUALIFYING_CANDIDATE,,,,,,,,1,HOME,SELECTED_BY_MARKETS_YAML,-45.5,-112.0,0.563834,0.5043297540699689,0.05950424593003101,0.06725721428571418,0.0753280799999999,0.0753280799999999,0,,NO_QUALIFYING_CANDIDATE,,,,,,,,,0,,,,,,,,0,,,,,,,,1,-45.5,-112.0,0.563834,0.5043297540699689,0.05950424593003101,0.06725721428571418,0.0753280799999999,0.05,1,45.5,-108.0,0.436166,0.4956702459300312,-0.059504245930031174,-0.1599765925925925,0.0,0.0,1,55.5,-112.0,0.439967,0.5043297540699689,-0.06436275406996894,-0.16720532142857147,0.0,0.0,1,55.5,-108.0,0.560033,0.4956702459300312,0.06436275406996883,0.07858207407407414,0.08486864000000006,0.05
2026,2,2,401858222,2026-09-11,19:00,Richmond Spiders,NC State Wolfpack,0,Carter-Finley Stadium,open_air,Grass,Draft Kings,-33.5,51.5,0,0,1,2.5,152,,1,0,0,1,-12.1146,0.0,,-1.157,,,1,1,28.721,0.96,0.0398,,27.101,-27.101,27.101,33.5,0.6429,0.0,0.3571,0.0,0,0,0,0,0,0,0.0,0.0,0.0,1,,0.0,,,,,0.0,0,0.0,31.2146,45.1173,51.5,0.75,0.25,1,1,27.0,5.2,,69.8,0.0,0.0,1,-1.2057,49.9043,31.21,48.7,39.96,8.74,0.987114,0.012886,0.435165,0.564835,0.420703,0.579297,14.0,14.0,1,1,cfb-inseason-v3-game-lock-2026-08-30,-0.05805,0.062534,0.101205,0.069599,0.425076,0.45134,0.473817,0.453373,4.971201,5.809743,5.939131,5.835168,1.496167,2.029965,2.251219,2.069137,0.489613,0.567753,0.71335,0.570025,-0.078987,0.069746,0.333203,0.345958,0,,NO_QUALIFYING_CANDIDATE,,,,,,,,0,,NO_QUALIFYING_CANDIDATE,,,,,,,,,0,,NO_QUALIFYING_CANDIDATE,,,,,,,,,1,-6500.0,0.987114,0.9538784067085954,0.033235593291404686,0.002300369230769225,0.14952400000000016,0.05,1,2000.0,0.012886,0.046121593291404604,-0.0332355932914046,-0.7293940000000001,0.0,0.0,1,-33.5,-108.0,0.435165,0.4956702459300312,-0.06050524593003115,-0.16190444444444435,0.0,0.0,1,33.5,-112.0,0.564835,0.5043297540699689,0.06050524593003104,0.06915196428571424,0.07745019999999996,0.05,1,51.5,-105.0,0.420703,0.4891657638136511,-0.06846276381365113,-0.17862747619047614,0.0,0.0,1,51.5,-115.0,0.579297,0.5108342361863489,0.06846276381365102,0.08303352173913026,0.09548854999999981,0.05
2026,2,2,401858215,2026-09-11,19:00,Villanova Wildcats,Louisville Cardinals,0,L&N Federal Credit Union Stadium,open_air,Artificial,Draft Kings,-37.5,56.5,0,0,1,2.5,97,,1,0,0,1,1.8239,0.0,,10.805,,,1,1,42.51,0.9832,0.0168,,34.682,-34.682,34.682,37.5,0.6429,0.0,0.3571,0.0,0,0,0,0,0,0,0.0,0.0,0.0,1,,0.0,,,,,0.0,0,0.0,36.4936,47.8864,56.5,0.75,0.25,1,1,25.9,1.7,,80.8,1.0,0.0,1,0.762,54.3466,36.49,55.11,45.8,9.31,0.995429,0.004571,0.471346,0.528654,0.460417,0.539583,14.0,14.0,1,1,cfb-inseason-v3-game-lock-2026-08-30,0.122448,0.062534,0.066219,0.069599,0.455122,0.45134,0.447548,0.453373,5.912963,5.809743,5.975582,5.835168,2.045618,2.029965,2.183346,2.069137,0.545169,0.567753,0.71335,0.570025,0.1652,0.069746,0.355638,0.345958,0,,NO_QUALIFYING_CANDIDATE,,,,,,,,0,,NO_QUALIFYING_CANDIDATE,,,,,,,,,0,,NO_QUALIFYING_CANDIDATE,,,,,,,,,0,,,,,,,,0,,,,,,,,1,-37.5,-112.0,0.471346,0.5043297540699689,-0.03298375406996895,-0.10780935714285717,0.0,0.0,1,37.5,-108.0,0.528654,0.4956702459300312,0.032983754069968785,0.01814844444444441,0.019600319999999963,0.019600319999999963,1,56.5,-108.0,0.460417,0.4956702459300312,-0.03525324593003115,-0.1132709629629628,0.0,0.0,1,56.5,-112.0,0.539583,0.5043297540699689,0.035253245930031096,0.02135353571428572,0.02391596000000001,0.02391596000000001
2026,2,2,401858214,2026-09-11,19:30,Rutgers Scarlet Knights,Boston College Eagles,0,"Alumni Stadium (Chestnut Hill, MA)",open_air,Artificial,Draft Kings,-3,53.5,0,0,1,2.5,103,164,1,1,0,0,-5.5333,-8.164,5.1306,-4.574,-6.908,4.834,1,1,39.774,0.622,0.378,,4.245,-4.245,4.245,3.0,0.36,0.28,0.2,0.16,0,0,0,0,0,0,0.0,0.0,0.0,1,210.9,0.0,0.2109,0.0,0.0,1.0,0.0,2,-1.3808,4.1034,46.9809,53.5,0.75,0.25,1,1,21.4,2.6,,42.9,0.0,0.0,1,0.256,51.8702,2.72,52.13,27.42,24.7,0.577097,0.422903,0.492096,0.507904,0.460917,0.539083,14.0,14.0,1,1,cfb-inseason-v3-game-lock-2026-08-30,0.010011,0.00275,0.09867,0.114647,0.445821,0.435302,0.451674,0.468915,5.641278,5.808646,5.849882,6.153553,1.737925,1.85331,2.251219,2.328142,0.489613,0.545169,0.630017,0.546683,0.052666,-0.058558,0.313972,0.260941,0,,NO_QUALIFYING_CANDIDATE,,,,,,,,0,,NO_QUALIFYING_CANDIDATE,,,,,,,,,0,,NO_QUALIFYING_CANDIDATE,,,,,,,,,1,-162.0,0.577097,0.593369754159424,-0.016272754159423974,-0.0666702839506173,0.0,0.0,1,136.0,0.422903,0.4066302458405761,0.016272754159423863,-0.0019489199999999096,0.0,0.0,1,-3.0,-112.0,0.492096,0.5043297540699689,-0.01223375406996896,-0.0685325714285715,0.0,0.0,1,3.0,-108.0,0.507904,0.4956702459300312,0.01223375406996885,-0.0218145185185184,0.0,0.0,1,53.5,-110.0,0.460917,0.5,-0.03908299999999998,-0.1200675454545454,0.0,0.0,1,53.5,-110.0,0.539083,0.5,0.03908299999999998,0.02915845454545457,0.03207430000000003,0.03207430000000003
2026,2,2,401856683,2026-09-12,11:00,Arizona State Sun Devils,Texas A&M Aggies,0,Kyle Field,open_air,Grass,Draft Kings,-14.5,50.5,0,0,1,2.5,245,9,1,1,0,0,19.3399,16.8516,4.9882,21.266,7.514,16.252,1,1,80.542,0.8859,0.1141,,17.47,-17.47,17.47,14.5,0.36,0.28,0.2,0.16,0,0,0,0,0,0,0.0,0.0,0.0,1,933.0,0.0,0.933,2.0,0.0,1.0,0.0,2,-0.5485,14.0627,47.7181,50.5,0.75,0.25,1,1,32.5,4.3,,56.5,0.0,0.0,1,-0.6997,49.8045,13.51,49.1,31.31,17.8,0.832802,0.167198,0.47193,0.52807,0.46031,0.53969,14.0,14.0,1,1,cfb-inseason-v3-game-lock-2026-08-30,0.1282,0.218471,-0.132161,0.004593,0.491369,0.498076,0.353531,0.4315,5.766019,7.070345,4.531137,5.196234,2.507156,2.85331,1.379425,1.558912,0.586835,0.578502,,0.71335,0.122076,0.173733,0.410126,0.363972,0,,NO_QUALIFYING_CANDIDATE,,,,,,,,0,,NO_QUALIFYING_CANDIDATE,,,,,,,,,0,,NO_QUALIFYING_CANDIDATE,,,,,,,,,1,-700.0,0.832802,0.84,-0.007197999999999927,-0.04822628571428572,0.0,0.0,1,500.0,0.167198,0.15999999999999998,0.007198000000000038,0.0031879999999999686,0.0006375999999999937,0.0006375999999999937,1,-14.5,-108.0,0.47193,0.4956702459300312,-0.023740245930031156,-0.09109777777777772,0.0,0.0,1,14.5,-112.0,0.52807,0.5043297540699689,0.0237402459300311,-0.0004389285714285207,0.0,0.0,1,50.5,-112.0,0.46031,0.5043297540699689,-0.04401975406996894,-0.12869892857142862,0.0,0.0,1,50.5,-108.0,0.53969,0.4956702459300312,0.04401975406996883,0.03940296296296303,0.042555200000000064,0.042555200000000064
2026,2,2,401856781,2026-09-12,11:00,Washington State Cougars,Kansas State Wildcats,0,Bill Snyder Family Stadium,open_air,Artificial,Draft Kings,-17.5,49.5,0,0,1,2.5,2306,265,1,1,0,0,22.3,-8.8184,33.6184,8.776,-4.351,15.627,1,1,57.398,0.8832,0.1168,,17.247,-17.247,17.247,17.5,0.36,0.28,0.2,0.16,0,0,0,0,0,0,0.0,0.0,0.0,1,1158.0,0.0,1.158,2.0,0.0,1.0,0.0,2,-0.2892,19.5039,46.9669,49.5,0.75,0.25,1,1,25.9,1.7,,78.6,0.0,0.0,1,0.762,48.8667,19.21,49.63,34.42,15.21,0.915043,0.084957,0.54874,0.45126,0.503669,0.496331,14.0,14.0,1,1,cfb-inseason-v3-game-lock-2026-08-30,0.178205,-0.04794,-0.03876,0.0698,0.507466,0.419941,0.411444,0.468915,6.497575,5.402924,4.821146,6.040649,3.131088,1.591405,1.450853,1.994809,0.664216,0.545169,0.380017,0.546683,0.149696,0.021071,0.503366,0.230638,0,,NO_QUALIFYING_CANDIDATE,,,,,,,,0,,NO_QUALIFYING_CANDIDATE,,,,,,,,,0,,NO_QUALIFYING_CANDIDATE,,,,,,,,,1,-950.0,0.915043,0.8677165354330708,0.04732646456692924,0.011363315789473638,0.10795149999999969,0.05,1,625.0,0.084957,0.1322834645669291,-0.0473264645669291,-0.38406175,0.0,0.0,1,-17.5,-108.0,0.54874,0.4956702459300312,0.05306975406996883,0.05683259259259266,0.061379200000000064,0.05,1,17.5,-112.0,0.45126,0.5043297540699689,-0.053069754069968944,-0.14582928571428577,0.0,0.0,1,49.5,-105.0,0.503669,0.4891657638136511,0.014503236186348911,-0.016646238095238075,0.0,0.0,1,49.5,-115.0,0.496331,0.5108342361863489,-0.014503236186348911,-0.07207682608695648,0.0,0.0
2026,2,2,401864571,2026-09-12,12:00,App State Mountaineers,East Carolina Pirates,0,Dowdy-Ficklen Stadium,open_air,Grass,Draft Kings,-6.5,56.5,0,0,1,2.5,151,2026,1,1,0,0,-12.3635,22.525,-32.3885,-3.182,-5.247,4.565,1,1,43.167,0.6248,0.3751,,4.347,-4.347,4.347,6.5,0.36,0.28,0.2,0.16,0,0,0,0,0,0,0.0,0.0,0.0,1,245.5,0.0,0.2455,0.0,0.0,1.0,0.0,2,-1.3409,-0.6946,49.054,56.5,0.75,0.25,1,1,29.4,2.1,,71.3,0.0,0.0,1,0.5371,54.6385,-2.04,55.18,26.57,28.61,0.4422,0.5578,0.271037,0.728963,0.462317,0.537683,14.0,14.0,1,1,cfb-inseason-v3-game-lock-2026-08-30,-0.068155,0.278351,0.095655,-0.032381,0.414714,0.532375,0.483683,0.415243,5.409747,6.868532,5.906989,5.353389,1.631088,3.019977,2.409728,1.470334,0.545169,0.600724,0.657794,0.380017,0.008665,0.284844,0.230638,0.278258,0,,NO_QUALIFYING_CANDIDATE,,,,,,,,1,AWAY,SELECTED_BY_MARKETS_YAML,6.5,-108.0,0.728963,0.4956702459300312,0.23329275406996886,0.4039287407407409,0.43624304000000014,0.43624304000000014,0,,NO_QUALIFYING_CANDIDATE,,,,,,,,,1,-265.0,0.4422,0.6957699520733487,-0.2535699520733487,-0.3909320754716982,0.0,0.0,1,215.0,0.5578,0.30423004792665137,0.2535699520733486,0.7570699999999998,0.3521255813953488,0.05,1,-6.5,-112.0,0.271037,0.5043297540699689,-0.23329275406996897,-0.48696567857142864,0.0,0.0,1,6.5,-108.0,0.728963,0.4956702459300312,0.23329275406996886,0.4039287407407409,0.43624304000000014,0.05,1,56.5,-112.0,0.462317,0.5043297540699689,-0.04201275406996896,-0.12489996428571437,0.0,0.0,1,56.5,-108.0,0.537683,0.4956702459300312,0.04201275406996885,0.03553762962962975,0.038380640000000125,0.038380640000000125
2026,2,2,401858218,2026-09-12,12:00,East Tennessee State Buccaneers,North Carolina Tar Heels,0,Kenan Stadium,open_air,Artificial,Draft Kings,-35.5,54.5,0,0,1,2.5,153,,1,0,0,1,2.6986,0.0,,6.259,,,1,1,36.179,0.9854,0.0146,,35.913,-35.913,35.913,35.5,0.6429,0.0,0.3571,0.0,0,0,0,0,0,0,0.0,0.0,0.0,1,,0.0,,,,,0.0,0,0.0,35.6475,43.1019,54.5,0.75,0.25,1,1,29.6,2.3,,66.4,0.0,0.0,1,0.4247,51.6505,35.65,52.08,43.86,8.21,0.994556,0.005444,0.504203,0.495797,0.431246,0.568754,14.0,14.0,1,1,cfb-inseason-v3-game-lock-2026-08-30,0.025179,0.062534,0.009309,0.069599,0.461607,0.45134,0.424314,0.453373,5.825543,5.809743,5.209361,5.835168,1.714421,2.029965,1.682455,2.069137,0.461835,0.567753,0.446683,0.570025,0.039103,0.069746,0.321548,0.345958,0,,NO_QUALIFYING_CANDIDATE,,,,,,,,1,HOME,SELECTED_BY_MARKETS_YAML,-35.5,-110.0,0.504203,0.5,0.004202999999999957,-0.037430636363636416,0.0,0.0,0,,NO_QUALIFYING_CANDIDATE,,,,,,,,,0,,,,,,,,0,,,,,,,,1,-35.5,-110.0,0.504203,0.5,0.004202999999999957,-0.037430636363636416,0.0,0.0,1,35.5,-110.0,0.495797,0.5,-0.004203000000000012,-0.05347845454545447,0.0,0.0,1,54.5,-112.0,0.431246,0.5043297540699689,-0.07308375406996892,-0.18371292857142857,0.0,0.0,1,54.5,-108.0,0.568754,0.4956702459300312,0.07308375406996881,0.09537807407407406,0.10300831999999997,0.05
2026,2,2,401868187,2026-09-12,12:00,Gardner-Webb Runnin' Bulldogs,Liberty Flames,0,Williams Stadium (VA),open_air,Artificial,Draft Kings,-27.5,55.5,0,0,1,2.5,2335,,1,0,0,1,-0.4067,0.0,,-7.622,,,1,1,22.954,0.9254,0.0746,,21.464,-21.464,21.464,27.5,0.6429,0.0,0.3571,0.0,0,0,0,0,0,0,0.0,0.0,0.0,1,,0.0,,,,,0.0,0,0.0,25.3443,45.8346,55.5,0.75,0.25,1,1,25.7,1.9,,79.1,0.0,0.0,1,0.6496,53.0836,25.34,53.73,39.54,14.19,0.964876,0.035124,0.438813,0.561187,0.449788,0.550212,14.0,14.0,1,1,cfb-inseason-v3-game-lock-2026-08-30,0.048672,0.062534,0.068966,0.069599,0.452408,0.45134,0.424697,0.453373,5.494374,5.809743,5.869704,5.835168,1.886643,2.029965,1.985485,2.069137,0.378502,0.567753,0.546683,0.570025,0.086743,0.069746,0.376472,0.345958,0,,NO_QUALIFYING_CANDIDATE,,,,,,,,0,,NO_QUALIFYING_CANDIDATE,,,,,,,,,0,,NO_QUALIFYING_CANDIDATE,,,,,,,,,1,-5000.0,0.964876,0.949050949050949,0.015825050949050956,-0.015826480000000028,0.0,0.0,1,1800.0,0.035124,0.050949050949050945,-0.015825050949050942,-0.33264399999999994,0.0,0.0,1,-27.5,-108.0,0.438813,0.4956702459300312,-0.056857245930031164,-0.1548786666666666,0.0,0.0,1,27.5,-112.0,0.561187,0.5043297540699689,0.05685724593003105,0.06224682142857141,0.06971643999999998,0.05,1,55.5,-105.0,0.449788,0.4891657638136511,-0.0393777638136511,-0.12184247619047611,0.0,0.0,1,55.5,-115.0,0.550212,0.5108342361863489,0.0393777638136511,0.028657217391304335,0.03295579999999999,0.03295579999999999
2026,2,2,401858439,2026-09-12,12:00,Howard Bison,Indiana Hoosiers,0,"Memorial Stadium (Bloomington, IN)",open_air,Artificial,Draft Kings,-56.5,64.5,0,0,1,2.5,84,,1,0,0,1,10.1119,0.0,,24.288,,,1,1,49.944,0.9992,0.0006,,62.178,-62.178,62.178,56.5,0.6429,0.0,0.3571,0.0,0,0,0,0,0,0,0.0,0.0,0.0,1,,0.0,,,,,0.0,0,0.0,58.5279,50.7026,64.5,0.75,0.25,1,1,24.7,2.5,,80.9,0.0,0.0,1,0.3123,61.0507,58.53,61.36,59.95,1.42,0.999985,1.5e-05,0.557584,0.442416,0.411349,0.588651,14.0,14.0,1,1,cfb-inseason-v3-game-lock-2026-08-30,0.18013,0.062534,0.089036,0.069599,0.474806,0.45134,0.446527,0.453373,6.518089,5.809743,5.870211,5.835168,2.929068,2.029965,1.789681,2.069137,0.65628,0.567753,0.491128,0.570025,0.121429,0.069746,0.34175,0.345958,0,,NO_QUALIFYING_CANDIDATE,,,,,,,,1,HOME,SELECTED_BY_MARKETS_YAML,-56.5,-110.0,0.557584,0.5,0.05758399999999997,0.06447854545454546,0.0709264,0.0709264,0,,NO_QUALIFYING_CANDIDATE,,,,,,,,,0,,,,,,,,0,,,,,,,,1,-56.5,-110.0,0.557584,0.5,0.05758399999999997,0.06447854545454546,0.0709264,0.05,1,56.5,-110.0,0.442416,0.5,-0.057584000000000024,-0.15538763636363645,0.0,0.0,1,64.5,-110.0,0.411349,0.5,-0.08865099999999998,-0.2146973636363636,0.0,0.0,1,64.5,-110.0,0.588651,0.5,0.08865100000000004,0.12378827272727289,0.13616710000000015,0.05
2026,2,2,401856679,2026-09-12,12:00,Oklahoma Sooners,Michigan Wolverines,0,Michigan Stadium,open_air,Artificial,Draft Kings,5.5,43.5,0,0,1,2.5,130,201,1,1,0,0,8.6515,14.1421,-2.9906,11.793,19.222,-4.929,1,1,87.93,0.3553,0.6447,,-5.08,5.08,-5.08,-5.5,0.36,0.28,0.2,0.16,0,0,0,0,0,0,0.0,0.0,0.0,1,883.0,0.0,0.883,1.0,0.0,1.0,0.0,2,-0.6062,-4.8546,42.2998,43.5,0.75,0.25,1,1,22.9,3.4,,79.7,1.0,0.0,1,-0.1937,43.2,-5.46,43.01,18.77,24.23,0.348248,0.651752,0.501117,0.498883,0.485933,0.514067,14.0,14.0,1,1,cfb-inseason-v3-game-lock-2026-08-30,0.089996,0.110943,-0.064201,-0.081415,0.46756,0.464735,0.433562,0.421296,5.824551,6.206495,4.632536,5.146064,1.714421,2.575532,1.687117,1.379425,0.711835,0.511835,0.380017,0.380017,0.078835,0.104431,0.297305,0.351851,0,,NO_QUALIFYING_CANDIDATE,,,,,,,,1,HOME,SELECTED_BY_MARKETS_YAML,5.5,-115.0,0.501117,0.5108342361863489,-0.009717236186348899,-0.06312908695652175,0.0,0.0,0,,NO_QUALIFYING_CANDIDATE,,,,,,,,,1,170.0,0.348248,0.35527082119976705,-0.007022821199767049,-0.05973039999999996,0.0,0.0,1,-205.0,0.651752,0.644729178800233,0.007022821199767049,-0.03032019512195122,0.0,0.0,1,5.5,-115.0,0.501117,0.5108342361863489,-0.009717236186348899,-0.06312908695652175,0.0,0.0,1,-5.5,-105.0,0.498883,0.4891657638136511,0.009717236186348899,-0.025990333333333393,0.0,0.0,1,43.5,-110.0,0.485933,0.5,-0.014066999999999996,-0.07230972727272728,0.0,0.0,1,43.5,-110.0,0.514067,0.5,0.014067000000000052,-0.018599363636363497,0.0,0.0
2026,2,2,401858221,2026-09-12,12:00,Old Dominion Monarchs,Virginia Tech Hokies,0,Lane Stadium,open_air,Grass,Draft Kings,-18.5,48.5,0,0,1,2.5,259,295,1,1,0,0,19.9856,7.443,15.0427,9.357,-6.075,17.932,1,1,55.936,0.8967,0.1033,,18.417,-18.417,18.417,18.5,0.36,0.28,0.2,0.16,0,0,0,0,0,0,0.0,0.0,0.0,1,227.9,0.0,0.22790000000000002,0.0,1.0,0.0,0.0,2,0.2627,17.7712,50.0945,48.5,0.75,0.25,1,1,26.3,3.7,,65.1,0.0,0.0,1,-0.3624,48.8986,18.03,48.54,33.29,15.25,0.90115,0.09885,0.486719,0.513281,0.501033,0.498967,14.0,14.0,1,1,cfb-inseason-v3-game-lock-2026-08-30,0.174125,0.011921,0.027185,-0.023037,0.513856,0.448329,0.387097,0.407804,6.711125,6.027008,4.205263,5.429001,2.819977,2.763566,1.446091,1.682455,0.645169,0.645169,0.380017,0.491128,0.201945,-0.023485,0.355638,0.34175,0,,NO_QUALIFYING_CANDIDATE,,,,,,,,0,,NO_QUALIFYING_CANDIDATE,,,,,,,,,0,,NO_QUALIFYING_CANDIDATE,,,,,,,,,1,-1100.0,0.90115,0.88,0.021150000000000002,-0.01692727272727279,0.0,0.0,1,700.0,0.09885,0.12,-0.021150000000000002,-0.20920000000000005,0.0,0.0,1,-18.5,-115.0,0.486719,0.5108342361863489,-0.02411523618634892,-0.0900470869565218,0.0,0.0,1,18.5,-105.0,0.513281,0.4891657638136511,0.024115236186348865,0.0021200476190475492,0.002226049999999927,0.002226049999999927,1,48.5,-105.0,0.501033,0.4891657638136511,0.011867236186348828,-0.021792714285714387,0.0,0.0,1,48.5,-115.0,0.498967,0.5108342361863489,-0.01186723618634894,-0.06714865217391319,0.0,0.0
2026,2,2,401858442,2026-09-12,12:00,Penn State Nittany Lions,Temple Owls,0,Lincoln Financial Field,open_air,Artificial,Draft Kings,23.5,50.5,0,0,1,2.5,218,213,1,1,0,0,2.0078,13.3161,-8.8083,-7.255,17.166,-21.921,1,1,64.219,0.0585,0.9415,,-23.685,23.685,-23.685,-23.5,0.36,0.28,0.2,0.16,0,0,0,0,0,0,0.0,0.0,0.0,1,154.9,0.0,0.1549,0.0,0.0,1.0,0.0,2,-1.4454,-20.7442,43.6566,50.5,0.75,0.25,1,1,28.1,4.4,,46.2,0.0,0.0,1,-0.7559,48.7892,-22.19,48.03,12.92,35.11,0.056487,0.943513,0.537287,0.462713,0.43007,0.56993,14.0,14.0,1,1,cfb-inseason-v3-game-lock-2026-08-30,0.091085,0.139292,0.0479,-0.041782,0.461813,0.472189,0.446693,0.425705,6.01684,6.127791,6.062334,5.16789,2.019977,2.424739,1.768313,1.379425,0.578502,0.545169,0.71335,0.380017,0.115751,0.095315,0.291245,0.355638,0,,NO_QUALIFYING_CANDIDATE,,,,,,,,0,,NO_QUALIFYING_CANDIDATE,,,,,,,,,0,,NO_QUALIFYING_CANDIDATE,,,,,,,,,1,1200.0,0.056487,0.0741839762611276,-0.017696976261127602,-0.26566900000000004,0.0,0.0,1,-2400.0,0.943513,0.9258160237388724,0.01769697626112765,-0.017173958333333218,0.0,0.0,1,23.5,-102.0,0.537287,0.4826358742837298,0.05465112571627018,0.0640389607843137,0.06531973999999997,0.05,1,-23.5,-118.0,0.462713,0.5173641257162701,-0.05465112571627012,-0.14515733898305094,0.0,0.0,1,50.5,-115.0,0.43007,0.5108342361863489,-0.08076423618634893,-0.19595608695652184,0.0,0.0,1,50.5,-105.0,0.56993,0.4891657638136511,0.08076423618634893,0.1127204761904762,0.11835650000000002,0.05
2026,2,2,401862702,2026-09-12,12:00,South Florida Bulls,Army Black Knights,0,Michie Stadium,open_air,Artificial,Draft Kings,-3.5,46.5,0,0,1,2.5,349,58,1,1,0,0,19.0972,0.0022,21.595,-1.819,-2.307,2.988,1,1,47.774,0.6045,0.3955,,3.618,-3.618,3.618,3.5,0.36,0.28,0.2,0.16,0,0,0,0,0,0,0.0,0.0,0.0,1,1044.7,0.0,1.0447,0.0,0.0,1.0,0.0,2,-0.4198,6.2754,46.1627,46.5,0.75,0.25,1,1,22.7,2.7,,54.3,0.0,0.0,1,0.1998,46.4157,5.86,46.62,26.24,20.38,0.662122,0.337878,0.566811,0.433189,0.503291,0.496709,14.0,14.0,1,1,cfb-inseason-v3-game-lock-2026-08-30,0.205845,0.007838,0.003773,0.01194,0.527946,0.446348,0.446903,0.435582,7.008427,5.127707,4.940426,5.694556,2.866131,1.986643,1.462758,1.712758,0.568978,0.461835,0.380017,0.546683,0.158176,0.00712,0.378787,0.358844,0,,NO_QUALIFYING_CANDIDATE,,,,,,,,0,,NO_QUALIFYING_CANDIDATE,,,,,,,,,0,,NO_QUALIFYING_CANDIDATE,,,,,,,,,1,-162.0,0.662122,0.593369754159424,0.06875224584057604,0.07083928395061734,0.11475964000000008,0.05,1,136.0,0.337878,0.4066302458405761,-0.0687522458405761,-0.20260791999999989,0.0,0.0,1,-3.5,100.0,0.566811,0.4782608695652174,0.08855013043478255,0.1336219999999999,0.1336219999999999,0.05,1,3.5,-120.0,0.433189,0.5217391304347826,-0.0885501304347826,-0.20582016666666658,0.0,0.0,1,46.5,-110.0,0.503291,0.5,0.003291000000000044,-0.039171727272727164,0.0,0.0,1,46.5,-110.0,0.496709,0.5,-0.0032909999999999884,-0.0517373636363635,0.0,0.0
2026,2,2,401858224,2026-09-12,12:00,Wake Forest Demon Deacons,Purdue Boilermakers,0,Ross-Ade Stadium,open_air,Grass,Draft Kings,3,49.5,0,0,1,2.5,2509,154,1,1,0,0,5.7726,6.2551,2.0175,-1.611,3.846,-2.957,1,1,54.284,0.3987,0.6012,,-3.497,3.497,-3.497,-3.0,0.36,0.28,0.2,0.16,0,0,0,0,0,0,0.0,0.0,0.0,1,467.8,0.0,0.4678,0.0,1.0,0.0,0.0,2,0.5392,-2.2846,49.0685,49.5,0.75,0.25,1,1,25.9,2.3,,70.3,0.0,0.0,1,0.4247,49.3921,-1.75,49.82,24.04,25.78,0.450392,0.549608,0.535704,0.464296,0.509028,0.490972,14.0,14.0,1,1,cfb-inseason-v3-game-lock-2026-08-30,0.134603,0.13759,0.123132,0.061479,0.481073,0.462509,0.410944,0.484067,6.229018,6.686293,6.208952,5.450718,2.35331,2.408866,1.907202,1.864273,0.600724,0.521359,0.546683,0.602239,0.131669,0.1108,0.382154,0.363972,0,,NO_QUALIFYING_CANDIDATE,,,,,,,,0,,NO_QUALIFYING_CANDIDATE,,,,,,,,,0,,NO_QUALIFYING_CANDIDATE,,,,,,,,,1,130.0,0.450392,0.41700735895339325,0.03338464104660677,0.03590159999999998,0.02761661538461537,0.02761661538461537,1,-155.0,0.549608,0.5829926410466066,-0.033384641046606656,-0.09580619354838721,0.0,0.0,1,3.0,-108.0,0.535704,0.4956702459300312,0.040033754069968785,0.03172622222222221,0.03426431999999999,0.03426431999999999,1,-3.0,-112.0,0.464296,0.5043297540699689,-0.04003375406996895,-0.12115399999999998,0.0,0.0,1,49.5,-115.0,0.509028,0.5108342361863489,-0.0018062361863488974,-0.04833895652173914,0.0,0.0,1,49.5,-105.0,0.490972,0.4891657638136511,0.0018062361863488974,-0.04143561904761911,0.0,0.0
2026,2,2,401866416,2026-09-12,12:00,Wofford Terriers,Kent State Golden Flashes,0,Dix Stadium,open_air,Artificial,Draft Kings,-11.5,47.5,0,0,1,2.5,2309,,1,0,0,1,-20.7593,0.0,,-23.565,,,1,1,4.722,0.6686,0.3314,,5.982,-5.982,5.982,11.5,0.6429,0.0,0.3571,0.0,0,0,0,0,0,0,0.0,0.0,0.0,1,,0.0,,,,,0.0,0,0.0,9.5293,49.0406,47.5,0.75,0.25,1,1,24.4,3.1,,77.5,1.0,0.0,1,-0.025,47.8852,9.53,47.86,28.69,19.17,0.751958,0.248042,0.444028,0.555972,0.51026,0.48974,14.0,14.0,1,1,cfb-inseason-v3-game-lock-2026-08-30,0.013794,0.062534,0.257378,0.069599,0.418949,0.45134,0.54638,0.453373,5.449551,5.809743,6.95584,5.835168,1.35331,2.029965,3.076394,2.069137,0.378502,0.567753,0.71335,0.570025,0.015936,0.069746,0.349686,0.345958,0,,NO_QUALIFYING_CANDIDATE,,,,,,,,0,,NO_QUALIFYING_CANDIDATE,,,,,,,,,0,,NO_QUALIFYING_CANDIDATE,,,,,,,,,1,-520.0,0.751958,0.8042929292929294,-0.05233492929292938,-0.10343469230769231,0.0,0.0,1,390.0,0.248042,0.1957070707070707,0.05233492929292932,0.2154058000000001,0.055232256410256426,0.05,1,-11.5,-112.0,0.444028,0.5043297540699689,-0.06030175406996896,-0.15951842857142862,0.0,0.0,1,11.5,-108.0,0.555972,0.4956702459300312,0.06030175406996885,0.07076088888888898,0.07642176000000009,0.05,1,47.5,-108.0,0.51026,0.4956702459300312,0.014589754069968874,-0.01727703703703687,0.0,0.0,1,47.5,-112.0,0.48974,0.5043297540699689,-0.01458975406996893,-0.07299214285714284,0.0,0.0
2026,2,2,401856782,2026-09-12,12:30,Oregon Ducks,Oklahoma State Cowboys,0,Boone Pickens Stadium,open_air,Artificial,DraftKings,24.5,55.5,0,0,1,2.5,197,2483,1,1,0,0,-6.242,6.6865,-10.4285,-1.592,22.687,-21.779,1,1,75.639,0.0704,0.9296,,-21.994,21.994,-21.994,-24.5,0.36,0.28,0.2,0.16,0,0,0,0,0,0,0.0,0.0,0.0,1,1471.9,0.0,1.4719,2.0,0.0,1.0,0.0,2,0.0726,-20.9855,44.5009,55.5,0.75,0.25,1,1,24.7,4.3,,96.0,1.0,0.0,1,-0.6997,52.7502,-20.91,52.05,15.57,36.48,0.067617,0.932383,0.60111,0.39889,0.40269,0.59731,14.0,14.0,1,1,cfb-inseason-v3-game-lock-2026-08-30,-0.033535,0.119155,0.076266,0.053575,0.436552,0.454332,0.433201,0.44071,5.299518,6.55041,6.050826,5.310625,1.591405,2.234262,1.950853,1.962758,0.445169,0.545169,0.546683,0.546683,-0.003032,0.184364,0.334805,0.34175,0,,NO_QUALIFYING_CANDIDATE,,,,,,,,1,HOME,SELECTED_BY_MARKETS_YAML,24.5,-110.0,0.60111,0.5,0.10111000000000003,0.14757363636363652,0.16233100000000014,0.16233100000000014,0,,NO_QUALIFYING_CANDIDATE,,,,,,,,,1,1200.0,0.067617,0.0741839762611276,-0.006566976261127608,-0.12097899999999995,0.0,0.0,1,-2400.0,0.932383,0.9258160237388724,0.006566976261127566,-0.0287677083333333,0.0,0.0,1,24.5,-110.0,0.60111,0.5,0.10111000000000003,0.14757363636363652,0.16233100000000014,0.05,1,-24.5,-110.0,0.39889,0.5,-0.10110999999999998,-0.23848272727272724,0.0,0.0,1,55.5,-112.0,0.40269,0.5043297540699689,-0.10163975406996895,-0.23776535714285718,0.0,0.0,1,55.5,-108.0,0.59731,0.4956702459300312,0.10163975406996884,0.15037481481481485,0.16240480000000002,0.05
2026,2,2,401858446,2026-09-12,12:30,Utah State Aggies,Washington Huskies,0,Husky Stadium,open_air,Artificial,DraftKings,-28.5,55.5,0,0,1,2.5,264,328,1,1,0,0,7.5699,7.1907,2.8792,9.512,-10.455,22.467,1,1,50.1,0.9405,0.0594,,23.527,-23.527,23.527,28.5,0.36,0.28,0.2,0.16,0,0,0,0,0,0,0.0,0.0,0.0,1,655.9,0.0,0.6558999999999999,1.0,1.0,0.0,0.0,2,0.756,21.7168,41.9049,55.5,0.75,0.25,1,1,18.0,2.9,,63.6,0.0,0.0,1,0.0874,52.1012,22.47,52.19,37.33,14.86,0.945775,0.054225,0.333411,0.666589,0.406512,0.593488,14.0,14.0,1,1,cfb-inseason-v3-game-lock-2026-08-30,0.06509,0.038155,-0.043229,-0.090918,0.46756,0.458196,0.421296,0.422467,6.023699,5.764547,5.419874,4.655139,1.968695,1.758072,1.61752,1.943527,0.545169,0.545169,0.546683,0.46335,0.125647,0.02597,0.34175,0.408416,0,,NO_QUALIFYING_CANDIDATE,,,,,,,,0,,NO_QUALIFYING_CANDIDATE,,,,,,,,,0,,NO_QUALIFYING_CANDIDATE,,,,,,,,,1,-6500.0,0.945775,0.9538784067085954,-0.008103406708595329,-0.039674615384615405,0.0,0.0,1,2000.0,0.054225,0.046121593291404604,0.008103406708595398,0.138725,0.00693625,0.00693625,1,-28.5,-102.0,0.333411,0.4826358742837298,-0.14922487428372977,-0.33971547058823526,0.0,0.0,1,28.5,-118.0,0.666589,0.5173641257162701,0.14922487428372988,0.2314949322033898,0.27316401999999995,0.05,1,55.5,-105.0,0.406512,0.4891657638136511,-0.08265376381365114,-0.20633371428571434,0.0,0.0,1,55.5,-115.0,0.593488,0.5108342361863489,0.08265376381365108,0.10956452173913034,0.12599919999999992,0.05
2026,2,2,401856673,2026-09-12,12:45,Western Kentucky Hilltoppers,Georgia Bulldogs,0,Sanford Stadium,open_air,Grass,Draft Kings,-40.5,55.5,0,0,1,2.5,61,98,1,1,0,0,25.0133,-9.3994,36.9127,24.906,-11.638,39.044,1,1,59.431,0.9917,0.0083,,40.728,-40.728,40.728,40.5,0.36,0.28,0.2,0.16,0,0,0,0,0,0,0.0,0.0,0.0,1,272.2,0.0,0.2722,1.0,0.0,1.0,0.0,2,-1.3102,39.564,49.7822,55.5,0.75,0.25,1,1,24.8,2.5,,93.6,1.0,0.0,1,0.3123,54.0706,38.25,54.38,46.32,8.06,0.996856,0.003144,0.436266,0.563734,0.468199,0.531801,14.0,14.0,1,1,cfb-inseason-v3-game-lock-2026-08-30,0.257774,0.044098,0.050796,0.167904,0.536525,0.453503,0.436751,0.48082,7.672012,5.347057,4.662042,6.842493,3.10331,1.712284,1.462758,2.379425,0.628502,0.600724,0.380017,0.71335,0.264523,0.049813,0.497305,0.348286,0,,NO_QUALIFYING_CANDIDATE,,,,,,,,0,,NO_QUALIFYING_CANDIDATE,,,,,,,,,0,,NO_QUALIFYING_CANDIDATE,,,,,,,,,0,,,,,,,,0,,,,,,,,1,-40.5,-108.0,0.436266,0.4956702459300312,-0.059404245930031185,-0.15978399999999993,0.0,0.0,1,40.5,-112.0,0.563734,0.5043297540699689,0.05940424593003102,0.0670679285714284,0.07511607999999982,0.05,1,55.5,-110.0,0.468199,0.5,-0.031801000000000024,-0.10616554545454543,0.0,0.0,1,55.5,-110.0,0.531801,0.5,0.03180099999999997,0.015256454545454545,0.016782099999999998,0.016782099999999998
2026,2,2,401866415,2026-09-12,13:00,Colgate Raiders,Central Michigan Chippewas,0,Kelly/Shorts Stadium,open_air,Artificial,DraftKings,-18.5,49.5,0,0,1,2.5,2117,,1,0,0,1,-10.8102,0.0,,-17.09,,,1,1,12.902,0.8322,0.1678,,13.651,-13.651,13.651,18.5,0.6429,0.0,0.3571,0.0,0,0,0,0,0,0,0.0,0.0,0.0,1,,0.0,,,,,0.0,0,0.0,16.7682,46.8975,49.5,0.75,0.25,1,1,26.9,5.3,,51.1,0.0,0.0,1,-1.2619,48.8494,16.77,47.59,32.18,15.41,0.884489,0.115511,0.450777,0.549223,0.44567,0.55433,14.0,14.0,1,1,cfb-inseason-v3-game-lock-2026-08-30,-0.030947,0.062534,0.087496,0.069599,0.412004,0.45134,0.476162,0.453373,4.907884,5.809743,5.663059,5.835168,1.586643,2.029965,2.470334,2.069137,,0.567753,0.71335,0.570025,-0.022243,0.069746,0.291245,0.345958,0,,NO_QUALIFYING_CANDIDATE,,,,,,,,0,,NO_QUALIFYING_CANDIDATE,,,,,,,,,0,,NO_QUALIFYING_CANDIDATE,,,,,,,,,1,-1600.0,0.884489,0.9039548022598869,-0.019465802259886922,-0.06023043750000003,0.0,0.0,1,900.0,0.115511,0.096045197740113,0.019465802259887005,0.15510999999999997,0.01723444444444444,0.01723444444444444,1,-18.5,-108.0,0.450777,0.4956702459300312,-0.04489324593003119,-0.1318368888888889,0.0,0.0,1,18.5,-112.0,0.549223,0.5043297540699689,0.04489324593003108,0.03960067857142857,0.044352760000000005,0.044352760000000005,1,49.5,-105.0,0.44567,0.4891657638136511,-0.04349576381365111,-0.12988238095238097,0.0,0.0,1,49.5,-115.0,0.55433,0.5108342361863489,0.043495763813651056,0.03635608695652165,0.0418094999999999,0.0418094999999999
2026,2,2,401866417,2026-09-12,13:00,Holy Cross Crusaders,Miami (OH) RedHawks,0,Yager Stadium,open_air,Artificial,DraftKings,-30.5,47.5,0,0,1,2.5,193,,1,0,0,1,-13.5388,0.0,,-12.157,,,1,1,19.037,0.9328,0.0672,,22.417,-22.417,22.417,30.5,0.6429,0.0,0.3571,0.0,0,0,0,0,0,0,0.0,0.0,0.0,1,,0.0,,,,,0.0,0,0.0,27.6132,51.5202,47.5,0.75,0.25,1,1,25.9,2.5,,81.9,1.0,0.0,1,0.3123,48.5051,27.61,48.82,38.22,10.6,0.975716,0.024284,0.418318,0.581682,0.537483,0.462517,14.0,14.0,1,1,cfb-inseason-v3-game-lock-2026-08-30,0.049343,0.062534,0.204175,0.069599,0.404341,0.45134,0.49336,0.453373,5.534081,5.809743,6.694556,5.835168,1.712284,2.029965,3.148655,2.069137,0.711835,0.567753,0.602239,0.570025,0.081714,0.069746,0.325877,0.345958,0,,NO_QUALIFYING_CANDIDATE,,,,,,,,0,,NO_QUALIFYING_CANDIDATE,,,,,,,,,1,OVER,SELECTED_BY_MARKETS_YAML,47.5,-105.0,0.537483,0.4891657638136511,0.04831723618634892,0.049371571428571515,0.05184015000000009,0.05184015000000009,1,-6500.0,0.975716,0.9538784067085954,0.021837593291404667,-0.00927298461538464,0.0,0.0,1,2000.0,0.024284,0.046121593291404604,-0.021837593291404604,-0.490036,0.0,0.0,1,-30.5,-112.0,0.418318,0.5043297540699689,-0.08601175406996892,-0.20818378571428575,0.0,0.0,1,30.5,-108.0,0.581682,0.4956702459300312,0.08601175406996886,0.12027644444444452,0.12989856000000005,0.05,1,47.5,-105.0,0.537483,0.4891657638136511,0.04831723618634892,0.049371571428571515,0.05184015000000009,0.05,1,47.5,-115.0,0.462517,0.5108342361863489,-0.04831723618634892,-0.13529430434782608,0.0,0.0
2026,2,2,401856791,2026-09-12,13:00,UT Martin Skyhawks,West Virginia Mountaineers,0,Milan Puskar Stadium,open_air,Artificial,DraftKings,-41.5,56.5,0,0,1,2.5,277,,1,0,0,1,0.3409,0.0,,-0.834,,,1,1,29.428,0.9711,0.0288,,29.966,-29.966,29.966,41.5,0.6429,0.0,0.3571,0.0,0,0,0,0,0,0,0.0,0.0,0.0,1,,0.0,,,,,0.0,0,0.0,37.3807,46.9018,56.5,0.75,0.25,1,1,28.9,3.1,,59.2,1.0,0.0,1,-0.025,54.1005,37.38,54.08,45.73,8.35,0.996208,0.003792,0.384289,0.615711,0.431253,0.568747,14.0,14.0,1,1,cfb-inseason-v3-game-lock-2026-08-30,0.077555,0.062534,0.106346,0.069599,0.433313,0.45134,0.448082,0.453373,5.800102,5.809743,6.103654,5.835168,2.144977,2.029965,1.912758,2.069137,0.578502,0.567753,0.491128,0.570025,0.071661,0.069746,0.378787,0.345958,0,,NO_QUALIFYING_CANDIDATE,,,,,,,,0,,NO_QUALIFYING_CANDIDATE,,,,,,,,,0,,NO_QUALIFYING_CANDIDATE,,,,,,,,,0,,,,,,,,0,,,,,,,,1,-41.5,-108.0,0.384289,0.4956702459300312,-0.11138124593003118,-0.2598878518518518,0.0,0.0,1,41.5,-112.0,0.615711,0.5043297540699689,0.11138124593003107,0.1654529642857142,0.18530731999999994,0.05,1,56.5,-115.0,0.431253,0.5108342361863489,-0.07958123618634894,-0.1937443913043479,0.0,0.0,1,56.5,-105.0,0.568747,0.4891657638136511,0.07958123618634888,0.11041080952380955,0.11593135000000003,0.05
2026,2,2,401856810,2026-09-12,13:30,Arizona Wildcats,BYU Cougars,0,LaVell Edwards Stadium,open_air,Grass,DraftKings,-7,48.5,0,0,1,2.5,252,12,1,1,0,0,20.897,14.6144,8.7827,14.122,6.87,9.752,1,1,75.73,0.7675,0.2325,,10.178,-10.178,10.178,7.0,0.36,0.28,0.2,0.16,0,0,0,0,0,0,0.0,0.0,0.0,1,556.1,0.0,0.5561,1.0,1.0,0.0,0.0,2,0.641,8.6914,47.7673,48.5,0.75,0.25,1,1,27.3,3.5,,32.3,0.0,0.0,1,-0.2499,48.3168,9.33,48.07,28.7,19.37,0.747485,0.252515,0.566156,0.433844,0.48766,0.51234,14.0,14.0,1,1,cfb-inseason-v3-game-lock-2026-08-30,0.190865,0.044319,-0.024684,-0.053044,0.552175,0.516855,0.415344,0.379172,6.544957,6.48349,5.092493,4.941394,3.10331,2.250746,1.573869,1.379425,0.711835,0.628502,0.546683,0.380017,0.173073,-0.017722,0.397305,0.425083,1,HOME,SELECTED_BY_MARKETS_YAML,-270.0,0.747485,0.700162074554295,0.04732292544570493,0.024331296296296157,0.06569449999999964,0.06569449999999964,0,,NO_QUALIFYING_CANDIDATE,,,,,,,,,0,,NO_QUALIFYING_CANDIDATE,,,,,,,,,1,-270.0,0.747485,0.700162074554295,0.04732292544570493,0.024331296296296157,0.06569449999999964,0.05,1,220.0,0.252515,0.299837925445705,-0.04732292544570499,-0.1919519999999999,0.0,0.0,1,-7.0,-108.0,0.566156,0.4956702459300312,0.07048575406996882,0.09037451851851852,0.09760448,0.05,1,7.0,-112.0,0.433844,0.5043297540699689,-0.07048575406996893,-0.1787952857142857,0.0,0.0,1,48.5,-115.0,0.48766,0.5108342361863489,-0.02317423618634895,-0.08828782608695662,0.0,0.0,1,48.5,-105.0,0.51234,0.4891657638136511,0.023174236186348895,0.00028285714285714025,0.0002969999999999973,0.0002969999999999973
2026,2,2,401856785,2026-09-12,13:30,Weber State Wildcats,Colorado Buffaloes,0,Folsom Field,open_air,Grass,DraftKings,-38.5,57.5,0,0,1,2.5,38,,1,0,0,1,-0.0629,0.0,,4.86,,,1,1,34.896,0.9794,0.0206,,32.927,-32.927,32.927,38.5,0.6429,0.0,0.3571,0.0,0,0,0,0,0,0,0.0,0.0,0.0,1,,0.0,,,,,0.0,0,0.0,36.5096,43.4358,57.5,0.75,0.25,1,1,24.7,3.2,,36.2,1.0,0.0,1,-0.0813,53.984,36.51,53.9,45.21,8.7,0.995444,0.004556,0.443474,0.556526,0.398608,0.601392,14.0,14.0,1,1,cfb-inseason-v3-game-lock-2026-08-30,0.020204,0.062534,0.006544,0.069599,0.436028,0.45134,0.440613,0.453373,5.152441,5.809743,5.707722,5.835168,1.714421,2.029965,1.740536,2.069137,0.511835,0.567753,0.380017,0.570025,0.005302,0.069746,0.367893,0.345958,0,,NO_QUALIFYING_CANDIDATE,,,,,,,,0,,NO_QUALIFYING_CANDIDATE,,,,,,,,,1,UNDER,SELECTED_BY_MARKETS_YAML,57.5,-112.0,0.601392,0.5043297540699689,0.0970622459300311,0.13834914285714284,0.15495103999999998,0.15495103999999998,1,-6500.0,0.995444,0.9538784067085954,0.041565593291404634,0.010758523076923017,0.6993039999999986,0.05,1,2000.0,0.004556,0.046121593291404604,-0.04156559329140461,-0.904324,0.0,0.0,1,-38.5,-102.0,0.443474,0.4826358742837298,-0.0391618742837298,-0.12174756862745106,0.0,0.0,1,38.5,-118.0,0.556526,0.5173641257162701,0.03916187428372986,0.02815820338983044,0.03322667999999992,0.03322667999999992,1,57.5,-108.0,0.398608,0.4956702459300312,-0.09706224593003115,-0.23231051851851836,0.0,0.0,1,57.5,-112.0,0.601392,0.5043297540699689,0.0970622459300311,0.13834914285714284,0.15495103999999998,0.05
2026,2,2,401865252,2026-09-12,14:00,Mercyhurst Lakers,New Mexico Lobos,0,University Stadium (NM),open_air,Artificial,DraftKings,-42.5,54.5,0,0,1,2.5,167,,1,0,0,1,9.6875,0.0,,0.852,,,1,1,32.173,0.9932,0.0067,,42.462,-42.462,42.462,42.5,0.6429,0.0,0.3571,0.0,0,0,0,0,0,0,0.0,0.0,0.0,1,1508.1,0.0,1.5081,2.0,1.0,0.0,0.0,2,1.7382,42.4864,46.8975,54.5,0.75,0.25,1,1,32.1,3.0,,20.5,0.0,0.0,1,0.0312,52.5994,44.22,52.63,48.43,4.2,0.999208,0.000792,0.549021,0.450979,0.446886,0.553114,14.0,14.0,1,1,cfb-inseason-v3-game-lock-2026-08-30,0.082785,0.062534,-0.026237,0.069599,0.474806,0.45134,0.41336,0.453373,5.646109,5.809743,4.924834,5.835168,2.444219,2.029965,1.612758,2.069137,0.711835,0.567753,,0.570025,0.056117,0.069746,0.358844,0.345958,0,,NO_QUALIFYING_CANDIDATE,,,,,,,,0,,NO_QUALIFYING_CANDIDATE,,,,,,,,,0,,NO_QUALIFYING_CANDIDATE,,,,,,,,,0,,,,,,,,0,,,,,,,,1,-42.5,-105.0,0.549021,0.4891657638136511,0.05985523618634886,0.0718981428571428,0.07549304999999995,0.05,1,42.5,-115.0,0.450979,0.5108342361863489,-0.059855236186348915,-0.15686534782608696,0.0,0.0,1,54.5,-108.0,0.446886,0.4956702459300312,-0.04878424593003117,-0.1393306666666666,0.0,0.0,1,54.5,-112.0,0.553114,0.5043297540699689,0.048784245930031056,0.04696578571428567,0.05260167999999995,0.05
2026,2,2,401864506,2026-09-12,14:00,Northern Colorado Bears,Wyoming Cowboys,0,War Memorial Stadium,open_air,Artificial,DraftKings,-23.5,44.5,0,0,1,2.5,2751,,1,0,0,1,-9.224,0.0,,-17.554,,,1,1,11.673,0.8641,0.1359,,15.766,-15.766,15.766,23.5,0.6429,0.0,0.3571,0.0,0,0,0,0,0,0,0.0,0.0,0.0,1,,0.0,,,,,0.0,0,0.0,20.7379,47.2982,44.5,0.75,0.25,1,1,24.7,7.6,,22.9,0.0,0.0,1,-2.5549,45.1996,20.74,42.64,31.69,10.95,0.930733,0.069267,0.421798,0.578202,0.447284,0.552716,14.0,14.0,1,1,cfb-inseason-v3-game-lock-2026-08-30,-0.008437,0.062534,0.14386,0.069599,0.458126,0.45134,0.479332,0.453373,5.697061,5.809743,5.905737,5.835168,1.686643,2.029965,2.440031,2.069137,0.545169,0.567753,0.646683,0.570025,0.102538,0.069746,0.230638,0.345958,0,,NO_QUALIFYING_CANDIDATE,,,,,,,,0,,NO_QUALIFYING_CANDIDATE,,,,,,,,,0,,NO_QUALIFYING_CANDIDATE,,,,,,,,,1,-1800.0,0.930733,0.912442396313364,0.018290603686636042,-0.017559611111111054,0.0,0.0,1,1000.0,0.069267,0.08755760368663595,-0.01829060368663596,-0.23806300000000014,0.0,0.0,1,-23.5,-105.0,0.421798,0.4891657638136511,-0.06736776381365112,-0.17648961904761906,0.0,0.0,1,23.5,-115.0,0.578202,0.5108342361863489,0.06736776381365106,0.08098634782608682,0.09313429999999986,0.05,1,44.5,-102.0,0.447284,0.4826358742837298,-0.03535187428372977,-0.11420227450980386,0.0,0.0,1,44.5,-118.0,0.552716,0.5173641257162701,0.03535187428372988,0.021119389830508428,0.024920879999999947,0.024920879999999947
2026,2,2,401866413,2026-09-12,14:00,Stony Brook Seawolves,Ball State Cardinals,0,Scheumann Stadium,open_air,Artificial,DraftKings,-13.5,52.5,0,0,1,2.5,2050,,1,0,0,1,-17.2216,0.0,,-18.999,,,1,1,10.696,0.8487,0.1512,,14.701,-14.701,14.701,13.5,0.6429,0.0,0.3571,0.0,0,0,0,0,0,0,0.0,0.0,0.0,1,,0.0,,,,,0.0,0,0.0,13.9289,46.9181,52.5,0.75,0.25,1,1,25.1,3.3,,80.8,1.0,0.0,1,-0.1375,51.1045,13.93,50.97,32.45,18.52,0.840113,0.159887,0.512221,0.487779,0.456404,0.543596,14.0,14.0,1,1,cfb-inseason-v3-game-lock-2026-08-30,-0.0466,0.062534,0.192868,0.069599,0.385639,0.45134,0.494737,0.453373,5.455083,5.809743,6.735182,5.835168,1.424739,2.029965,2.635835,2.069137,,0.567753,0.71335,0.570025,0.010072,0.069746,0.302067,0.345958,0,,NO_QUALIFYING_CANDIDATE,,,,,,,,1,HOME,SELECTED_BY_MARKETS_YAML,-13.5,-115.0,0.512221,0.5108342361863489,0.001386763813651104,-0.042369434782608684,0.0,0.0,0,,NO_QUALIFYING_CANDIDATE,,,,,,,,,1,-575.0,0.840113,0.8172588832487311,0.022854116751268916,-0.013780391304347939,0.0,0.0,1,425.0,0.159887,0.18274111675126903,-0.022854116751269027,-0.16059325000000002,0.0,0.0,1,-13.5,-115.0,0.512221,0.5108342361863489,0.001386763813651104,-0.042369434782608684,0.0,0.0,1,13.5,-105.0,0.487779,0.4891657638136511,-0.001386763813651104,-0.04766957142857148,0.0,0.0,1,52.5,-112.0,0.456404,0.5043297540699689,-0.04792575406996896,-0.13609242857142861,0.0,0.0,1,52.5,-108.0,0.543596,0.4956702459300312,0.047925754069968796,0.04692562962962965,0.05067968000000002,0.05
2026,2,2,401858217,2026-09-12,14:30,Duke Blue Devils,Illinois Fighting Illini,0,"Memorial Stadium (Champaign, IL)",open_air,Artificial,DraftKings,-6,51.5,0,0,1,2.5,356,150,1,1,0,0,11.0406,4.3639,9.1767,5.695,4.688,3.507,1,1,62.939,0.6142,0.3857,,3.967,-3.967,3.967,6.0,0.36,0.28,0.2,0.16,0,0,0,0,0,0,0.0,0.0,0.0,1,579.3,0.0,0.5792999999999999,1.0,1.0,0.0,0.0,2,0.6677,5.4036,49.1252,51.5,0.75,0.25,1,1,29.8,3.5,,49.3,0.0,0.0,1,-0.2499,50.9063,6.07,50.66,28.36,22.29,0.667735,0.332265,0.502032,0.497968,0.475975,0.524025,14.0,14.0,1,1,cfb-inseason-v3-game-lock-2026-08-30,0.204994,0.028762,0.114177,-0.036248,0.491369,0.427019,0.460368,0.407187,6.516019,5.575864,5.898659,5.488877,3.10331,1.758072,2.231276,1.450853,0.711835,0.489613,0.51335,0.380017,0.240573,-0.00711,0.397305,0.376472,0,,NO_QUALIFYING_CANDIDATE,,,,,,,,0,,NO_QUALIFYING_CANDIDATE,,,,,,,,,0,,NO_QUALIFYING_CANDIDATE,,,,,,,,,1,-230.0,0.667735,0.6690070210631895,-0.0012720210631895768,-0.041945434782608815,0.0,0.0,1,190.0,0.332265,0.33099297893681046,0.0012720210631895212,-0.03643150000000006,0.0,0.0,1,-6.0,-108.0,0.502032,0.4956702459300312,0.006361754069968861,-0.033123555555555406,0.0,0.0,1,6.0,-112.0,0.497968,0.5043297540699689,-0.006361754069968917,-0.05741771428571435,0.0,0.0,1,51.5,-105.0,0.475975,0.4965893587994543,-0.020614358799454335,-0.07071547619047619,0.0,0.0,1,51.5,-108.0,0.524025,0.5034106412005457,0.02061435879945428,0.009233333333333316,0.00997199999999998,0.00997199999999998
2026,2,2,401856677,2026-09-12,14:30,Mississippi State Bulldogs,Minnesota Golden Gophers,0,Huntington Bank Stadium,open_air,Artificial,DraftKings,1.5,54.5,0,0,1,2.5,135,344,1,1,0,0,9.0678,16.4055,-4.8378,2.33,8.964,-4.134,1,1,63.577,0.3904,0.6096,,-3.797,3.797,-3.797,-1.5,0.36,0.28,0.2,0.16,0,0,0,0,0,0,0.0,0.0,0.0,1,830.2,0.0,0.8302,0.0,1.0,0.0,0.0,2,0.9569,-3.231,48.7256,54.5,0.75,0.25,1,1,23.2,5.2,,35.0,0.0,0.0,1,-1.2057,53.0564,-2.27,51.85,24.79,27.06,0.435482,0.564518,0.477953,0.522047,0.424955,0.575045,14.0,14.0,1,1,cfb-inseason-v3-game-lock-2026-08-30,0.140137,0.211266,0.115501,0.030357,0.496131,0.493201,0.397487,0.434601,6.220781,7.150939,5.239318,5.257759,2.327669,2.943054,1.53498,1.668313,0.545169,0.545169,0.71335,,0.065662,0.212651,0.421115,0.351851,0,,NO_QUALIFYING_CANDIDATE,,,,,,,,0,,NO_QUALIFYING_CANDIDATE,,,,,,,,,0,,NO_QUALIFYING_CANDIDATE,,,,,,,,,1,-105.0,0.435482,0.4891657638136511,-0.05368376381365114,-0.14977323809523824,0.0,0.0,1,-115.0,0.564518,0.5108342361863489,0.05368376381365103,0.055403217391304216,0.06371369999999986,0.05,1,1.5,-115.0,0.477953,0.5108342361863489,-0.03288123618634892,-0.10643569565217387,0.0,0.0,1,-1.5,-105.0,0.522047,0.4891657638136511,0.03288123618634892,0.019234619047619084,0.02019635000000004,0.02019635000000004,1,54.5,-112.0,0.424955,0.5043297540699689,-0.07937475406996891,-0.1956208928571429,0.0,0.0,1,54.5,-108.0,0.575045,0.4956702459300312,0.07937475406996886,0.10749407407407419,0.1160936000000001,0.05
2026,2,2,401862708,2026-09-12,14:30,UL Monroe Warhawks,UAB Blazers,0,Protective Stadium,open_air,Artificial,DraftKings,-9.5,54.5,0,0,1,2.5,5,2433,1,1,0,0,-8.195,-15.7559,10.0608,-14.486,-24.192,12.206,1,1,11.959,0.8183,0.1817,,12.824,-12.824,12.824,9.5,0.36,0.28,0.2,0.16,0,0,0,0,0,0,0.0,0.0,0.0,1,312.5,0.0,0.3125,0.0,0.0,1.0,0.0,2,-1.2637,11.0122,57.1892,54.5,0.75,0.25,1,1,28.5,2.0,,69.0,1.0,0.0,1,0.5934,55.1723,9.75,55.77,32.76,23.01,0.756886,0.243114,0.507081,0.492919,0.536017,0.463983,14.0,14.0,1,1,cfb-inseason-v3-game-lock-2026-08-30,0.109467,0.025647,0.209705,0.215977,0.459013,0.433246,0.492725,0.494556,5.881709,5.240809,6.532969,7.16789,2.205162,1.642199,3.129425,2.969168,0.511835,,0.71335,0.546683,0.056981,0.050474,0.388533,0.293138,0,,NO_QUALIFYING_CANDIDATE,,,,,,,,1,HOME,SELECTED_BY_MARKETS_YAML,-9.5,-112.0,0.507081,0.5043297540699689,0.0027512459300310654,-0.04016810714285718,0.0,0.0,1,OVER,SELECTED_BY_MARKETS_YAML,54.5,-110.0,0.536017,0.5,0.036016999999999966,0.023305181818181808,0.025635699999999987,0.025635699999999987,1,-360.0,0.756886,0.7508125677139762,0.00607343228602375,-0.03286788888888903,0.0,0.0,1,285.0,0.243114,0.2491874322860238,-0.0060734322860238055,-0.06401109999999999,0.0,0.0,1,-9.5,-112.0,0.507081,0.5043297540699689,0.0027512459300310654,-0.04016810714285718,0.0,0.0,1,9.5,-108.0,0.492919,0.4956702459300312,-0.0027512459300311765,-0.05067451851851845,0.0,0.0,1,54.5,-110.0,0.536017,0.5,0.036016999999999966,0.023305181818181808,0.025635699999999987,0.025635699999999987,1,54.5,-110.0,0.463983,0.5,-0.03601700000000002,-0.11421427272727269,0.0,0.0
2026,2,2,401860884,2026-09-12,14:30,UTSA Roadrunners,Texas State Bobcats,0,Bobcat Stadium (TX),open_air,Artificial,DraftKings,-2.5,65.5,0,0,1,2.5,326,2636,1,1,0,0,-10.561,12.1485,-20.2096,-7.932,-3.76,-1.672,1,1,39.908,0.4325,0.5675,,-2.315,2.315,-2.315,2.5,0.36,0.28,0.2,0.16,0,0,0,0,0,0,0.0,0.0,0.0,1,46.6,0.0,0.0466,0.0,0.0,1.0,0.0,2,-1.5702,-3.2647,48.7735,65.5,0.75,0.25,1,1,35.5,3.6,,46.7,1.0,0.0,1,-0.3061,61.3184,-4.83,61.01,28.09,32.92,0.364916,0.635084,0.300167,0.699833,0.374274,0.625726,14.0,14.0,1,1,cfb-inseason-v3-game-lock-2026-08-30,0.036453,0.166256,0.20203,0.001256,0.465144,0.511419,0.487963,0.450397,5.829683,6.949185,6.347255,5.828383,1.565431,2.258072,2.946091,1.712758,0.489613,0.489613,0.665731,0.491128,0.029673,0.244535,0.435767,0.34175,0,,NO_QUALIFYING_CANDIDATE,,,,,,,,0,,NO_QUALIFYING_CANDIDATE,,,,,,,,,1,UNDER,SELECTED_BY_MARKETS_YAML,65.5,-110.0,0.625726,0.5,0.125726,0.19456781818181823,0.21402460000000004,0.21402460000000004,1,-135.0,0.364916,0.551441114716549,-0.18652511471654898,-0.36477585185185185,0.0,0.0,1,114.0,0.635084,0.44855888528345106,0.18652511471654892,0.35907975999999975,0.31498224561403493,0.05,1,-2.5,-110.0,0.300167,0.5,-0.19983299999999998,-0.42695390909090897,0.0,0.0,1,2.5,-110.0,0.699833,0.5,0.19983300000000004,0.3360448181818183,0.3696493000000001,0.05,1,65.5,-110.0,0.374274,0.5,-0.125726,-0.28547690909090906,0.0,0.0,1,65.5,-110.0,0.625726,0.5,0.125726,0.19456781818181823,0.21402460000000004,0.05
2026,2,2,401862705,2026-09-12,14:45,UNLV Rebels,North Texas Mean Green,0,DATCU Stadium,open_air,Artificial,DraftKings,3,57.5,0,0,1,2.5,249,2439,1,1,0,0,-9.0317,3.9167,-10.4484,-6.663,2.342,-6.505,1,1,47.727,0.3208,0.6792,,-6.394,6.394,-6.394,-3.0,0.36,0.28,0.2,0.16,0,0,0,0,0,0,0.0,0.0,0.0,1,1042.1,0.0,1.0420999999999998,2.0,0.0,1.0,0.0,2,-0.4228,-5.8519,48.1232,57.5,0.75,0.25,1,1,36.9,4.2,,40.6,0.0,0.0,1,-0.6435,55.1558,-6.27,54.51,24.12,30.39,0.327006,0.672994,0.407527,0.592473,0.415506,0.584494,14.0,14.0,1,1,cfb-inseason-v3-game-lock-2026-08-30,0.084326,0.056217,0.18484,0.008936,0.445172,0.438574,0.476162,0.422347,5.853261,5.885239,6.535039,5.605798,1.763566,1.891772,2.955182,1.758735,0.489613,0.600724,0.657794,0.435572,0.096226,0.098472,0.363972,0.330638,0,,NO_QUALIFYING_CANDIDATE,,,,,,,,0,,NO_QUALIFYING_CANDIDATE,,,,,,,,,0,,NO_QUALIFYING_CANDIDATE,,,,,,,,,1,136.0,0.327006,0.4066302458405761,-0.07962424584057609,-0.22826583999999983,0.0,0.0,1,-162.0,0.672994,0.593369754159424,0.07962424584057604,0.08842239506172844,0.14324428000000006,0.05,1,3.0,-105.0,0.407527,0.4891657638136511,-0.08163876381365115,-0.20435204761904768,0.0,0.0,1,-3.0,-115.0,0.592473,0.5108342361863489,0.0816387638136511,0.1076669130434782,0.12381694999999994,0.05,1,57.5,-118.0,0.415506,0.5173641257162701,-0.10185812571627012,-0.23237027118644077,0.0,0.0,1,57.5,-102.0,0.584494,0.4826358742837298,0.10185812571627018,0.15752733333333324,0.16067787999999988,0.05
2026,2,2,401868326,2026-09-12,15:00,Alabama State Hornets,Troy Trojans,0,Veterans Memorial Stadium (AL),open_air,Artificial,DraftKings,-23.5,51.5,0,0,1,2.5,2653,,1,0,0,1,-0.0337,0.0,,-9.053,,,1,1,21.384,0.9297,0.0703,,22.011,-22.011,22.011,23.5,0.6429,0.0,0.3571,0.0,0,0,0,0,0,0,0.0,0.0,0.0,1,,0.0,,,,,0.0,0,0.0,22.9682,45.2521,51.5,0.75,0.25,1,1,28.6,2.6,,71.4,1.0,0.0,1,0.256,49.938,22.97,50.19,36.58,13.61,0.949558,0.050442,0.48485,0.51515,0.46284,0.53716,14.0,14.0,1,1,cfb-inseason-v3-game-lock-2026-08-30,0.061201,0.062534,0.039155,0.069599,0.429098,0.45134,0.459391,0.453373,5.683418,5.809743,5.752017,5.835168,1.924739,2.029965,1.846091,2.069137,0.545169,0.567753,0.71335,0.570025,0.08374,0.069746,0.363972,0.345958,0,,NO_QUALIFYING_CANDIDATE,,,,,,,,0,,NO_QUALIFYING_CANDIDATE,,,,,,,,,0,,NO_QUALIFYING_CANDIDATE,,,,,,,,,1,-2100.0,0.949558,0.9197080291970803,0.029849970802919734,-0.005224952380952316,0.0,0.0,1,1100.0,0.050442,0.08029197080291971,-0.029849970802919706,-0.39469600000000005,0.0,0.0,1,-23.5,-115.0,0.48485,0.5108342361863489,-0.02598423618634893,-0.09354130434782615,0.0,0.0,1,23.5,-105.0,0.51515,0.4891657638136511,0.025984236186348875,0.005769047619047563,0.006057499999999941,0.006057499999999941,1,51.5,-115.0,0.46284,0.5108342361863489,-0.04799423618634896,-0.13469043478260884,0.0,0.0,1,51.5,-105.0,0.53716,0.4891657638136511,0.04799423618634885,0.04874095238095233,0.051177999999999946,0.05
2026,2,2,401858223,2026-09-12,15:00,UC Davis Aggies,SMU Mustangs,0,Gerald J. Ford Stadium,open_air,Artificial,DraftKings,-32.5,58.5,0,0,1,2.5,2567,,1,0,0,1,6.3728,0.0,,12.094,,,1,1,49.224,0.9707,0.0293,,29.829,-29.829,29.829,32.5,0.6429,0.0,0.3571,0.0,0,0,0,0,0,0,0.0,0.0,0.0,1,,0.0,,,,,0.0,0,0.0,31.5461,47.8209,58.5,0.75,0.25,1,1,36.7,3.3,,40.6,0.0,0.0,1,-0.1375,55.8302,31.55,55.69,43.62,12.07,0.98788,0.01212,0.472838,0.527162,0.420538,0.579462,14.0,14.0,1,1,cfb-inseason-v3-game-lock-2026-08-30,0.136414,0.062534,0.049437,0.069599,0.489948,0.45134,0.441552,0.453373,6.808485,5.809743,5.507027,5.835168,2.171492,2.029965,2.046091,2.069137,0.461835,0.567753,0.71335,0.570025,0.06523,0.069746,0.373496,0.345958,0,,NO_QUALIFYING_CANDIDATE,,,,,,,,0,,NO_QUALIFYING_CANDIDATE,,,,,,,,,0,,NO_QUALIFYING_CANDIDATE,,,,,,,,,1,-3600.0,0.98788,0.9396411092985318,0.04823889070146814,0.015321111111110994,0.5515599999999977,0.05,1,1500.0,0.01212,0.06035889070146819,-0.04823889070146819,-0.8060799999999999,0.0,0.0,1,-32.5,-108.0,0.472838,0.4956702459300312,-0.022832245930031192,-0.089349037037037,0.0,0.0,1,32.5,-112.0,0.527162,0.5043297540699689,0.02283224593003108,-0.002157642857142872,0.0,0.0,1,58.5,-115.0,0.420538,0.5108342361863489,-0.09029623618634891,-0.2137767826086956,0.0,0.0,1,58.5,-105.0,0.579462,0.4891657638136511,0.09029623618634891,0.1313305714285714,0.1378971,0.05
2026,2,2,401856684,2026-09-12,15:15,Delaware Blue Hens,Vanderbilt Commodores,0,FirstBank Stadium,open_air,Artificial,DraftKings,-21,54.5,0,0,1,2.5,238,48,1,1,0,0,5.8852,13.7427,-5.3576,7.751,-4.594,14.845,1,1,55.691,0.8577,0.1423,,15.31,-15.31,15.31,21.0,0.36,0.28,0.2,0.16,0,0,0,0,0,0,0.0,0.0,0.0,1,649.5,0.0,0.6495,1.0,1.0,0.0,0.0,2,0.7486,13.9214,43.8052,54.5,0.75,0.25,1,1,31.0,4.7,,52.5,0.0,0.0,1,-0.9246,51.8263,14.67,50.9,32.79,18.12,0.852648,0.147352,0.325583,0.674417,0.398582,0.601418,14.0,14.0,1,1,cfb-inseason-v3-game-lock-2026-08-30,0.120168,0.099604,0.005712,-0.081425,0.483689,0.460517,0.454422,0.395386,5.991441,6.34734,5.919097,5.076386,2.057014,2.374143,1.652152,1.53498,0.545169,0.65628,0.71335,0.546683,0.135677,0.077416,0.34175,0.384485,0,,NO_QUALIFYING_CANDIDATE,,,,,,,,0,,NO_QUALIFYING_CANDIDATE,,,,,,,,,0,,NO_QUALIFYING_CANDIDATE,,,,,,,,,1,-1350.0,0.852648,0.8933823529411764,-0.040734352941176444,-0.08419288888888903,0.0,0.0,1,800.0,0.147352,0.10661764705882351,0.0407343529411765,0.3261680000000001,0.040771000000000016,0.040771000000000016,1,-21.0,-108.0,0.325583,0.4956702459300312,-0.17008724593003116,-0.37295125925925926,0.0,0.0,1,21.0,-112.0,0.674417,0.5043297540699689,0.1700872459300311,0.27657503571428577,0.3097640400000001,0.05,1,54.5,-115.0,0.398582,0.5108342361863489,-0.11225223618634894,-0.2548249565217392,0.0,0.0,1,54.5,-105.0,0.601418,0.4891657638136511,0.11225223618634889,0.17419704761904764,0.18290690000000004,0.05
2026,2,2,401856674,2026-09-12,15:30,Alabama Crimson Tide,Kentucky Wildcats,0,Kroger Field,open_air,Artificial,DraftKings,8.5,46.5,0,0,1,2.5,96,333,1,1,0,0,12.5315,10.9219,4.1096,6.518,22.474,-13.456,1,1,83.785,0.1543,0.8457,,-14.503,14.503,-14.503,-8.5,0.36,0.28,0.2,0.16,0,0,0,0,0,0,0.0,0.0,0.0,1,373.9,0.0,0.37389999999999995,1.0,0.0,1.0,0.0,2,-1.193,-9.0707,48.9039,46.5,0.75,0.25,1,1,27.1,4.1,,75.7,1.0,0.0,1,-0.5872,47.101,-10.26,46.51,18.13,28.39,0.231742,0.768258,0.449875,0.550125,0.500391,0.499609,14.0,14.0,1,1,cfb-inseason-v3-game-lock-2026-08-30,0.202622,0.090945,0.063029,-0.063445,0.509226,0.482328,0.448713,0.41607,6.879114,5.890039,5.430516,5.426697,2.60331,2.383613,1.860906,1.657202,0.645169,0.65628,0.71335,0.546683,0.200201,0.037242,0.373496,0.386194,0,,NO_QUALIFYING_CANDIDATE,,,,,,,,0,,NO_QUALIFYING_CANDIDATE,,,,,,,,,0,,NO_QUALIFYING_CANDIDATE,,,,,,,,,1,285.0,0.231742,0.2491874322860238,-0.0174454322860238,-0.10779329999999998,0.0,0.0,1,-360.0,0.768258,0.7508125677139762,0.0174454322860238,-0.018337000000000075,0.0,0.0,1,8.5,-108.0,0.449875,0.4956702459300312,-0.04579524593003115,-0.13357407407407396,0.0,0.0,1,-8.5,-112.0,0.550125,0.5043297540699689,0.04579524593003104,0.04130803571428565,0.04626499999999993,0.04626499999999993,1,46.5,-115.0,0.500391,0.5108342361863489,-0.010443236186348903,-0.06448639130434786,0.0,0.0,1,46.5,-105.0,0.499609,0.4891657638136511,0.010443236186348903,-0.024572904761904768,0.0,0.0
2026,2,2,401858216,2026-09-12,15:30,California Golden Bears,Syracuse Orange,0,JMA Wireless Dome,dome,Artificial,DraftKings,-3.5,56.5,0,0,1,2.5,183,25,1,1,0,0,14.1442,-11.4857,28.1299,3.534,-3.038,9.072,1,1,52.45,0.7966,0.2034,,11.638,-11.638,11.638,3.5,0.36,0.28,0.2,0.16,0,0,0,0,0,0,0.0,0.0,0.0,1,2419.8,0.0,2.4198000000000004,3.0,0.0,1.0,0.0,2,1.1651,10.6286,46.907,56.5,0.75,0.25,1,0,24.7,5.4,,58.8,0.0,0.0,0,0.0,54.1017,11.79,54.1,32.95,21.15,0.800219,0.199781,0.72321,0.27679,0.431992,0.568008,14.0,14.0,1,1,cfb-inseason-v3-game-lock-2026-08-30,0.110195,-0.005129,-0.047137,0.163407,0.478671,0.417172,0.422467,0.500966,6.126495,5.56696,5.163336,6.83883,2.619977,1.707477,1.450853,2.379425,0.563687,0.628502,,0.618112,0.100017,-0.029577,0.452861,0.397305,0,,NO_QUALIFYING_CANDIDATE,,,,,,,,0,,NO_QUALIFYING_CANDIDATE,,,,,,,,,0,,NO_QUALIFYING_CANDIDATE,,,,,,,,,1,-192.0,0.800219,0.6309403437815976,0.16927865621840243,0.21699972916666682,0.4166394800000002,0.05,1,160.0,0.199781,0.3690596562184024,-0.16927865621840243,-0.48056940000000004,0.0,0.0,1,-3.5,-108.0,0.72321,0.4956702459300312,0.22753975406996885,0.392848888888889,0.4242768000000001,0.05,1,3.5,-112.0,0.27679,0.5043297540699689,-0.22753975406996896,-0.47607607142857145,0.0,0.0,1,56.5,-115.0,0.431992,0.5108342361863489,-0.07884223618634895,-0.19236278260869577,0.0,0.0,1,56.5,-105.0,0.568008,0.4891657638136511,0.07884223618634884,0.10896799999999984,0.11441639999999983,0.05
2026,2,2,401866419,2026-09-12,15:30,Central Connecticut Blue Devils,Toledo Rockets,0,Glass Bowl,open_air,Artificial,DraftKings,-36.5,52.5,0,0,1,2.5,2649,,1,0,0,1,2.0058,0.0,,-4.042,,,1,1,26.563,0.9844,0.0155,,35.318,-35.318,35.318,36.5,0.6429,0.0,0.3571,0.0,0,0,0,0,0,0,0.0,0.0,0.0,1,,0.0,,,,,0.0,0,0.0,36.0779,47.9818,52.5,0.75,0.25,1,1,26.4,4.4,,68.7,0.0,0.0,1,-0.7559,51.3704,36.08,50.61,43.35,7.27,0.995017,0.004983,0.487972,0.512028,0.446434,0.553566,14.0,14.0,1,1,cfb-inseason-v3-game-lock-2026-08-30,0.102476,0.062534,0.03988,0.069599,0.439104,0.45134,0.45672,0.453373,6.434137,5.809743,5.507998,5.835168,1.866131,2.029965,2.379425,2.069137,0.711835,0.567753,0.546683,0.570025,0.189202,0.069746,0.272305,0.345958,0,,NO_QUALIFYING_CANDIDATE,,,,,,,,0,,NO_QUALIFYING_CANDIDATE,,,,,,,,,0,,NO_QUALIFYING_CANDIDATE,,,,,,,,,1,-20000.0,0.995017,0.9728415079043373,0.02217549209566272,-7.915000000065751e-06,0.0,0.0,1,3500.0,0.004983,0.027158492095662744,-0.022175492095662747,-0.8206120000000001,0.0,0.0,1,-36.5,-108.0,0.487972,0.4956702459300312,-0.007698245930031156,-0.06020207407407391,0.0,0.0,1,36.5,-112.0,0.512028,0.5043297540699689,0.0076982459300311,-0.030804142857142836,0.0,0.0,1,52.5,-108.0,0.446434,0.4956702459300312,-0.049236245930031175,-0.14020118518518515,0.0,0.0,1,52.5,-112.0,0.553566,0.5043297540699689,0.049236245930031064,0.047821357142857124,0.05355991999999998,0.05
2026,2,2,401858440,2026-09-12,15:30,Eastern Michigan Eagles,Michigan State Spartans,0,Spartan Stadium,open_air,Grass,DraftKings,-17.5,49.5,0,0,1,2.5,127,2199,1,1,0,0,-2.0649,-0.3868,0.822,1.275,-15.602,19.377,1,1,33.583,0.9102,0.0898,,19.737,-19.737,19.737,17.5,0.36,0.28,0.2,0.16,0,0,0,0,0,0,0.0,0.0,0.0,1,53.7,0.0,0.053700000000000005,0.0,1.0,0.0,0.0,2,0.0619,15.8045,44.7252,49.5,0.75,0.25,1,1,27.2,4.3,,54.5,0.0,0.0,1,-0.6997,48.3063,15.87,47.61,31.74,15.87,0.871458,0.128542,0.453554,0.546446,0.44621,0.55379,14.0,14.0,1,1,cfb-inseason-v3-game-lock-2026-08-30,0.03517,0.00246,0.107186,0.016671,0.455365,0.432206,0.44046,0.437052,5.491048,5.582758,6.451087,5.71119,2.35331,1.819977,1.892245,1.712758,0.545169,0.65628,0.71335,0.580017,0.038266,0.055847,0.34175,0.297305,0,,NO_QUALIFYING_CANDIDATE,,,,,,,,0,,NO_QUALIFYING_CANDIDATE,,,,,,,,,0,,NO_QUALIFYING_CANDIDATE,,,,,,,,,1,-850.0,0.871458,0.8579439252336449,0.013514074766355022,-0.02601752941176473,0.0,0.0,1,575.0,0.128542,0.14205607476635515,-0.01351407476635516,-0.1323415000000001,0.0,0.0,1,-17.5,-105.0,0.453554,0.4891657638136511,-0.03561176381365111,-0.11448980952380955,0.0,0.0,1,17.5,-115.0,0.546446,0.5108342361863489,0.035611763813651054,0.021616434782608607,0.024858899999999903,0.024858899999999903,1,49.5,-110.0,0.44621,0.5,-0.053790000000000004,-0.14814454545454542,0.0,0.0,1,49.5,-110.0,0.55379,0.5,0.053790000000000004,0.057235454545454645,0.0629590000000001,0.05
2026,2,2,401858444,2026-09-12,15:30,Maryland Terrapins,UConn Huskies,0,Pratt & Whitney Stadium,open_air,Grass,DraftKings,11.5,52.5,0,0,1,2.5,41,120,1,1,0,0,16.6387,21.8315,-2.6928,-7.488,2.925,-7.913,1,1,47.326,0.2636,0.7363,,-8.752,8.752,-8.752,-11.5,0.36,0.28,0.2,0.16,0,0,0,0,0,0,0.0,0.0,0.0,1,297.5,0.0,0.2975,0.0,0.0,1.0,0.0,2,-1.281,-8.5369,48.1021,52.5,0.75,0.25,1,1,23.4,3.0,,54.3,0.0,0.0,1,0.0312,51.4005,-9.82,51.43,20.81,30.62,0.241565,0.758435,0.547818,0.452182,0.469588,0.530412,14.0,14.0,1,1,cfb-inseason-v3-game-lock-2026-08-30,0.19049,0.163755,7.2e-05,-0.108182,0.476819,0.501748,0.405535,0.390684,7.002791,6.633845,4.847858,4.733649,2.597755,2.829501,1.558912,1.379425,0.65628,0.578502,0.546683,,0.171692,0.177516,0.34175,0.421115,0,,NO_QUALIFYING_CANDIDATE,,,,,,,,0,,NO_QUALIFYING_CANDIDATE,,,,,,,,,0,,NO_QUALIFYING_CANDIDATE,,,,,,,,,1,360.0,0.241565,0.20863836017569548,0.03292663982430452,0.11119899999999994,0.030888611111111096,0.030888611111111096,1,-470.0,0.758435,0.7913616398243044,-0.03292663982430444,-0.08019585106382976,0.0,0.0,1,11.5,-108.0,0.547818,0.4956702459300312,0.052147754069968855,0.055056888888889044,0.05946144000000016,0.05,1,-11.5,-112.0,0.452182,0.5043297540699689,-0.052147754069968966,-0.1440840714285715,0.0,0.0,1,52.5,-112.0,0.469588,0.5043297540699689,-0.03474175406996893,-0.11113700000000004,0.0,0.0,1,52.5,-108.0,0.530412,0.4956702459300312,0.03474175406996882,0.021534222222222288,0.02325696000000007,0.02325696000000007
2026,2,2,401859184,2026-09-12,15:30,Rice Owls,Notre Dame Fighting Irish,0,Notre Dame Stadium,open_air,Artificial,DraftKings,-44.5,54.5,0,0,1,2.5,87,242,1,1,0,0,4.4637,12.3692,-5.4055,27.005,-12.15,41.655,1,1,57.838,0.9944,0.0055,,44.128,-44.128,44.128,44.5,0.36,0.28,0.2,0.16,0,0,0,0,0,0,0.0,0.0,0.0,1,973.5,0.0,0.9735,1.0,0.0,1.0,0.0,2,-0.5019,35.6441,41.528,54.5,0.75,0.25,1,1,29.0,3.5,,49.1,0.0,0.0,1,-0.2499,51.257,35.14,51.01,43.07,7.93,0.993966,0.006034,0.251936,0.748064,0.401489,0.598511,14.0,14.0,1,1,cfb-inseason-v3-game-lock-2026-08-30,0.080116,0.129202,-0.01787,-0.04015,0.459363,0.509226,0.449141,0.405697,5.78573,5.927328,5.771468,5.522296,1.968695,2.080583,1.682455,1.490536,0.578502,0.578502,0.491128,,0.087531,0.119346,0.304713,0.407109,0,,NO_QUALIFYING_CANDIDATE,,,,,,,,1,AWAY,SELECTED_BY_MARKETS_YAML,44.5,-102.0,0.748064,0.4826358742837298,0.26542812571627017,0.4814600784313725,0.4910892799999999,0.4910892799999999,0,,NO_QUALIFYING_CANDIDATE,,,,,,,,,0,,,,,,,,0,,,,,,,,1,-44.5,-118.0,0.251936,0.5173641257162701,-0.2654281257162701,-0.5345589152542374,0.0,0.0,1,44.5,-102.0,0.748064,0.4826358742837298,0.26542812571627017,0.4814600784313725,0.4910892799999999,0.05,1,54.5,-108.0,0.401489,0.4956702459300312,-0.09418124593003119,-0.22676192592592592,0.0,0.0,1,54.5,-112.0,0.598511,0.5043297540699689,0.09418124593003108,0.13289582142857137,0.14884331999999995,0.05
2026,2,2,401866412,2026-09-12,15:30,Robert Morris Colonials,Akron Zips,0,InfoCision Stadium,open_air,Artificial,DraftKings,-27.5,46.5,0,0,1,2.5,2006,,1,0,0,1,-4.6988,0.0,,-16.842,,,1,1,12.597,0.9404,0.0596,,23.514,-23.514,23.514,27.5,0.6429,0.0,0.3571,0.0,0,0,0,0,0,0,0.0,0.0,0.0,1,,0.0,,,,,0.0,0,0.0,26.0764,48.1404,46.5,0.75,0.25,1,1,25.6,3.1,,75.2,0.0,0.0,1,-0.025,46.9101,26.08,46.89,36.48,10.4,0.968741,0.031259,0.459504,0.540496,0.510971,0.489029,14.0,14.0,1,1,cfb-inseason-v3-game-lock-2026-08-30,0.056769,0.062534,0.1423,0.069599,0.482711,0.45134,0.463865,0.453373,5.433768,5.809743,6.703243,5.835168,1.838159,2.029965,2.43498,2.069137,0.600724,0.567753,0.522874,0.570025,0.092121,0.069746,0.384485,0.345958,0,,NO_QUALIFYING_CANDIDATE,,,,,,,,0,,NO_QUALIFYING_CANDIDATE,,,,,,,,,0,,NO_QUALIFYING_CANDIDATE,,,,,,,,,1,-3600.0,0.968741,0.9396411092985318,0.029099890701468123,-0.00434952777777791,0.0,0.0,1,1500.0,0.031259,0.06035889070146819,-0.029099890701468185,-0.4998559999999999,0.0,0.0,1,-27.5,-110.0,0.459504,0.5,-0.040495999999999976,-0.12276509090909082,0.0,0.0,1,27.5,-110.0,0.540496,0.5,0.040495999999999976,0.031855999999999995,0.03504159999999999,0.03504159999999999,1,46.5,-110.0,0.510971,0.5,0.010970999999999953,-0.024509909090909165,0.0,0.0,1,46.5,-110.0,0.489029,0.5,-0.010971000000000009,-0.06639918181818183,0.0,0.0
2026,2,2,401866420,2026-09-12,15:30,Sacred Heart Pioneers,Massachusetts Minutemen,0,Warren McGuirk Alumni Stadium,open_air,Artificial,DraftKings,-23.5,53.5,0,0,1,2.5,113,,1,0,0,1,6.9821,0.0,,-11.091,,,1,1,19.375,0.9475,0.0525,,24.655,-24.655,24.655,23.5,0.6429,0.0,0.3571,0.0,0,0,0,0,0,0,0.0,0.0,0.0,1,,0.0,,,,,0.0,0,0.0,23.9125,47.6132,53.5,0.75,0.25,1,1,22.2,3.4,,53.5,0.0,0.0,1,-0.1937,52.0283,23.91,51.83,37.87,13.96,0.956185,0.043815,0.511753,0.488247,0.452654,0.547346,14.0,14.0,1,1,cfb-inseason-v3-game-lock-2026-08-30,0.109937,0.062534,0.00746,0.069599,0.46756,0.45134,0.436657,0.453373,6.136603,5.809743,5.825596,5.835168,2.302028,2.029965,1.879425,2.069137,0.545169,0.567753,0.546683,0.570025,0.145274,0.069746,0.351851,0.345958,0,,NO_QUALIFYING_CANDIDATE,,,,,,,,1,HOME,SELECTED_BY_MARKETS_YAML,-23.5,-112.0,0.511753,0.5043297540699689,0.007423245930031075,-0.031324678571428566,0.0,0.0,0,,NO_QUALIFYING_CANDIDATE,,,,,,,,,1,-2400.0,0.956185,0.9258160237388724,0.030368976261127556,-0.003973958333333312,0.0,0.0,1,1200.0,0.043815,0.0741839762611276,-0.030368976261127605,-0.4304049999999999,0.0,0.0,1,-23.5,-112.0,0.511753,0.5043297540699689,0.007423245930031075,-0.031324678571428566,0.0,0.0,1,23.5,-108.0,0.488247,0.4956702459300312,-0.007423245930031186,-0.05967244444444442,0.0,0.0,1,53.5,-112.0,0.452654,0.5043297540699689,-0.05167575406996894,-0.1431906428571429,0.0,0.0,1,53.5,-108.0,0.547346,0.4956702459300312,0.05167575406996883,0.05414785185185189,0.058479680000000034,0.05
2026,2,2,401856790,2026-09-12,15:30,UCF Knights,Pittsburgh Panthers,0,Acrisure Stadium,open_air,Grass,DraftKings,-7,55.5,0,0,1,2.5,221,2116,1,1,0,0,15.0734,14.446,3.1274,11.858,4.834,9.524,1,1,70.885,0.7616,0.2384,,9.9,-9.9,9.9,7.0,0.36,0.28,0.2,0.16,0,0,0,0,0,0,0.0,0.0,0.0,1,820.7,0.0,0.8207000000000001,0.0,0.0,1.0,0.0,2,-0.678,7.6671,53.4181,55.5,0.75,0.25,1,1,28.3,3.4,,62.8,1.0,0.0,1,-0.1937,54.9795,6.99,54.79,30.89,23.9,0.691189,0.308811,0.49969,0.50031,0.479657,0.520343,14.0,14.0,1,1,cfb-inseason-v3-game-lock-2026-08-30,0.199464,0.178968,0.054054,0.071109,0.492004,0.484226,0.405697,0.438861,6.677606,7.167606,5.551031,5.398309,3.122541,2.924739,1.738399,1.504425,0.600724,0.645169,0.71335,0.71335,0.158971,0.186845,0.397305,0.397305,0,,NO_QUALIFYING_CANDIDATE,,,,,,,,0,,NO_QUALIFYING_CANDIDATE,,,,,,,,,0,,NO_QUALIFYING_CANDIDATE,,,,,,,,,1,-290.0,0.691189,0.7135512302607419,-0.0223622302607418,-0.0704699655172413,0.0,0.0,1,235.0,0.308811,0.28644876973925815,0.022362230260741855,0.03451684999999993,0.014688021276595716,0.014688021276595716,1,-7.0,-115.0,0.49969,0.5108342361863489,-0.01114423618634891,-0.06579695652173922,0.0,0.0,1,7.0,-105.0,0.50031,0.4891657638136511,0.01114423618634891,-0.023204285714285677,0.0,0.0,1,55.5,-108.0,0.479657,0.4956702459300312,-0.016013245930031172,-0.07621614814814809,0.0,0.0,1,55.5,-112.0,0.520343,0.5043297540699689,0.01601324593003106,-0.015065035714285746,0.0,0.0
2026,2,2,401867929,2026-09-12,15:30,Wagner Seahawks,James Madison Dukes,0,Bridgeforth Stadium,open_air,Artificial,Draft Kings,-45.5,54.5,0,0,1,2.5,256,,1,0,0,1,1.4498,0.0,,-2.543,,,1,1,27.61,0.9922,0.0077,,41.368,-41.368,41.368,45.5,0.6429,0.0,0.3571,0.0,0,0,0,0,0,0,0.0,0.0,0.0,1,,0.0,,,,,0.0,0,0.0,44.0243,45.8346,54.5,0.75,0.25,1,1,28.7,4.0,,61.5,1.0,0.0,1,-0.531,52.3336,44.02,51.8,47.91,3.89,0.999168,0.000832,0.458026,0.541974,0.423609,0.576391,14.0,14.0,1,1,cfb-inseason-v3-game-lock-2026-08-30,0.064256,0.062534,0.053382,0.069599,0.423342,0.45134,0.453764,0.453373,5.852754,5.809743,5.511324,5.835168,1.959371,2.029965,1.912758,2.069137,0.545169,0.567753,0.380017,0.570025,0.063887,0.069746,0.363972,0.345958,0,,NO_QUALIFYING_CANDIDATE,,,,,,,,0,,NO_QUALIFYING_CANDIDATE,,,,,,,,,0,,NO_QUALIFYING_CANDIDATE,,,,,,,,,0,,,,,,,,0,,,,,,,,1,-45.5,-108.0,0.458026,0.4956702459300312,-0.037644245930031184,-0.11787585185185179,0.0,0.0,1,45.5,-112.0,0.541974,0.5043297540699689,0.03764424593003102,0.02587935714285705,0.0289848799999999,0.0289848799999999,1,54.5,-115.0,0.423609,0.5108342361863489,-0.08722523618634892,-0.208035347826087,0.0,0.0,1,54.5,-105.0,0.576391,0.4891657638136511,0.08722523618634886,0.1253348095238095,0.13160154999999996,0.05
2026,2,2,401860881,2026-09-12,16:00,Memphis Tigers,Boise State Broncos,0,Albertsons Stadium,open_air,Artificial,DraftKings,-9.5,54.5,0,0,1,2.5,68,235,1,1,0,0,-5.6841,4.8486,-8.0327,7.779,2.06,8.219,1,1,63.144,0.7568,0.2432,,9.676,-9.676,9.676,9.5,0.36,0.28,0.2,0.16,0,0,0,0,0,0,0.0,0.0,0.0,1,1510.1,0.0,1.5101,1.0,1.0,0.0,0.0,2,1.7405,6.3713,47.4489,54.5,0.75,0.25,1,1,30.2,2.5,,16.1,0.0,0.0,1,0.3123,52.7372,8.11,53.05,30.58,22.47,0.718845,0.281155,0.460507,0.539493,0.45874,0.54126,14.0,14.0,1,1,cfb-inseason-v3-game-lock-2026-08-30,0.048865,0.124065,0.123865,0.052295,0.439355,0.466182,0.455688,0.449307,5.293675,6.51779,6.567361,6.216092,1.936643,2.119977,2.260377,1.93498,0.545169,0.600724,0.546683,0.570493,0.095109,0.139903,0.319527,0.347305,0,,NO_QUALIFYING_CANDIDATE,,,,,,,,0,,NO_QUALIFYING_CANDIDATE,,,,,,,,,0,,NO_QUALIFYING_CANDIDATE,,,,,,,,,1,-380.0,0.718845,0.76,-0.04115500000000005,-0.09198526315789485,0.0,0.0,1,300.0,0.281155,0.24,0.041155,0.12461999999999995,0.04153999999999999,0.04153999999999999,1,-9.5,-112.0,0.460507,0.5043297540699689,-0.04382275406996894,-0.12832603571428575,0.0,0.0,1,9.5,-108.0,0.539493,0.4956702459300312,0.04382275406996883,0.039023555555555645,0.04214544000000009,0.04214544000000009,1,54.5,-115.0,0.45874,0.5108342361863489,-0.05209423618634895,-0.14235565217391322,0.0,0.0,1,54.5,-105.0,0.54126,0.4891657638136511,0.05209423618634884,0.05674571428571418,0.059582999999999886,0.05
2026,2,2,401858443,2026-09-12,16:15,San Diego State Aztecs,UCLA Bruins,0,Rose Bowl,open_air,Grass,DraftKings,-13.5,54.5,0,0,1,2.5,26,21,1,1,0,0,12.9537,7.0371,8.4166,5.068,1.185,6.383,1,1,58.591,0.6717,0.3282,,6.105,-6.105,6.105,13.5,0.36,0.28,0.2,0.16,0,0,0,0,0,0,0.0,0.0,0.0,1,112.6,0.0,0.11259999999999999,0.0,1.0,0.0,0.0,2,0.1298,9.2149,49.4228,54.5,0.75,0.25,1,1,31.0,3.4,,49.8,0.0,0.0,1,-0.1937,53.2307,9.34,53.04,31.19,21.85,0.747766,0.252234,0.383306,0.616694,0.458386,0.541614,14.0,14.0,1,1,cfb-inseason-v3-game-lock-2026-08-30,0.158697,0.09488,-0.000419,0.037587,0.499611,0.462183,0.418528,0.460582,6.82188,5.926925,5.58391,5.456779,2.35331,2.712284,1.733591,1.796091,0.616597,0.568978,0.630017,0.446683,0.187918,0.114135,0.369527,0.34175,0,,NO_QUALIFYING_CANDIDATE,,,,,,,,0,,NO_QUALIFYING_CANDIDATE,,,,,,,,,0,,NO_QUALIFYING_CANDIDATE,,,,,,,,,1,-500.0,0.747766,0.7999999999999999,-0.05223399999999989,-0.10268079999999999,0.0,0.0,1,380.0,0.252234,0.19999999999999998,0.05223400000000003,0.2107232000000001,0.05545347368421056,0.05,1,-13.5,-108.0,0.383306,0.4956702459300312,-0.11236424593003119,-0.2617810370370371,0.0,0.0,1,13.5,-112.0,0.616694,0.5043297540699689,0.11236424593003103,0.16731364285714279,0.18739127999999994,0.05,1,54.5,-108.0,0.458386,0.4956702459300312,-0.03728424593003116,-0.11718251851851846,0.0,0.0,1,54.5,-112.0,0.541614,0.5043297540699689,0.0372842459300311,0.025197928571428607,0.02822168000000004,0.02822168000000004
2026,2,2,401856783,2026-09-12,16:30,Texas Tech Red Raiders,Oregon State Beavers,0,Reser Stadium,open_air,Artificial,DraftKings,25.5,52.5,0,0,1,2.5,204,2641,1,1,0,0,-3.2343,8.5068,-9.2411,-7.212,18.362,-23.074,1,1,65.541,0.0597,0.9402,,-23.481,23.481,-23.481,-25.5,0.36,0.28,0.2,0.16,0,0,0,0,0,0,0.0,0.0,0.0,1,1369.3,0.0,1.3693,2.0,1.0,0.0,0.0,2,1.5782,-21.8155,46.3398,52.5,0.75,0.25,1,1,16.5,3.6,,62.0,1.0,0.0,1,-0.3061,50.96,-20.24,50.65,15.21,35.45,0.074156,0.925844,0.646508,0.353492,0.447543,0.552457,14.0,14.0,1,1,cfb-inseason-v3-game-lock-2026-08-30,0.078619,0.099517,0.122574,0.016042,0.451578,0.451578,0.464286,0.438861,5.818367,6.023847,6.468816,5.048582,1.797755,2.35331,2.225578,1.682455,0.711835,0.511835,0.51335,0.380017,0.127829,0.114567,0.297305,0.369527,0,,NO_QUALIFYING_CANDIDATE,,,,,,,,1,HOME,SELECTED_BY_MARKETS_YAML,25.5,-112.0,0.646508,0.5043297540699689,0.14217824593003103,0.2237472857142856,0.25059695999999987,0.25059695999999987,0,,NO_QUALIFYING_CANDIDATE,,,,,,,,,1,1400.0,0.074156,0.06432748538011696,0.009828514619883044,0.11234,0.008024285714285715,0.008024285714285715,1,-3200.0,0.925844,0.9356725146198831,-0.0098285146198831,-0.045223374999999996,0.0,0.0,1,25.5,-112.0,0.646508,0.5043297540699689,0.14217824593003103,0.2237472857142856,0.25059695999999987,0.05,1,-25.5,-108.0,0.353492,0.4956702459300312,-0.1421782459300312,-0.31920059259259265,0.0,0.0,1,52.5,-112.0,0.447543,0.5043297540699689,-0.056786754069968914,-0.15286503571428572,0.0,0.0,1,52.5,-108.0,0.552457,0.4956702459300312,0.0567867540699688,0.0639912592592593,0.06911056000000004,0.05
2026,2,2,401860882,2026-09-12,17:00,Southern Utah Thunderbirds,Colorado State Rams,0,Canvas Stadium,open_air,Artificial,DraftKings,-20.5,57.5,0,0,1,2.5,36,,1,0,0,1,8.6024,0.0,,-7.873,,,1,1,25.365,0.823,0.177,,13.101,-13.101,13.101,20.5,0.6429,0.0,0.3571,0.0,0,0,0,0,0,0,0.0,0.0,0.0,1,,0.0,,,,,0.0,0,0.0,17.8575,47.2982,57.5,0.75,0.25,1,1,21.4,4.1,,62.5,1.0,0.0,1,-0.5872,54.9496,17.86,54.36,36.11,18.25,0.89894,0.10106,0.425144,0.574856,0.411332,0.588668,14.0,14.0,1,1,cfb-inseason-v3-game-lock-2026-08-30,0.13915,0.062534,-0.003727,0.069599,0.477976,0.45134,0.459481,0.453373,5.888787,5.809743,5.714011,5.835168,2.413916,2.029965,1.712758,2.069137,0.645169,0.567753,0.546683,0.570025,0.112147,0.069746,0.349686,0.345958,0,,NO_QUALIFYING_CANDIDATE,,,,,,,,0,,NO_QUALIFYING_CANDIDATE,,,,,,,,,0,,NO_QUALIFYING_CANDIDATE,,,,,,,,,1,-1350.0,0.89894,0.8933823529411764,0.005557647058823556,-0.034471851851852,0.0,0.0,1,800.0,0.10106,0.10661764705882351,-0.005557647058823514,-0.09045999999999998,0.0,0.0,1,-20.5,-102.0,0.425144,0.4826358742837298,-0.05749187428372976,-0.1580481568627451,0.0,0.0,1,20.5,-118.0,0.574856,0.5173641257162701,0.05749187428372993,0.06202210169491529,0.07318608000000004,0.05,1,57.5,-105.0,0.411332,0.4891657638136511,-0.07783376381365115,-0.1969232380952381,0.0,0.0,1,57.5,-115.0,0.588668,0.5108342361863489,0.07783376381365104,0.10055321739130418,0.11563619999999983,0.05
2026,2,2,401856672,2026-09-12,17:30,Campbell Fighting Camels,Florida Gators,0,Ben Hill Griffin Stadium,open_air,Grass,DraftKings,-50.5,65.5,0,0,1,2.5,57,,1,0,0,1,12.0671,0.0,,15.816,,,1,1,47.038,0.9948,0.0052,,44.724,-44.724,44.724,50.5,0.6429,0.0,0.3571,0.0,0,0,0,0,0,0,0.0,0.0,0.0,1,,0.0,,,,,0.0,0,0.0,48.4371,51.6729,65.5,0.75,0.25,1,1,31.6,3.3,,60.8,1.0,0.0,1,-0.1375,62.0432,48.44,61.91,55.17,6.73,0.99973,0.00027,0.441429,0.558571,0.398693,0.601307,14.0,14.0,1,1,cfb-inseason-v3-game-lock-2026-08-30,0.194496,0.062534,0.075973,0.069599,0.484973,0.45134,0.457804,0.453373,6.962714,5.809743,5.364186,5.835168,2.924739,2.029965,1.962758,2.069137,0.711835,0.567753,0.630017,0.570025,0.124393,0.069746,0.378787,0.345958,0,,NO_QUALIFYING_CANDIDATE,,,,,,,,0,,NO_QUALIFYING_CANDIDATE,,,,,,,,,0,,NO_QUALIFYING_CANDIDATE,,,,,,,,,0,,,,,,,,0,,,,,,,,1,-50.5,-112.0,0.441429,0.5043297540699689,-0.06290075406996892,-0.16443796428571422,0.0,0.0,1,50.5,-108.0,0.558571,0.4956702459300312,0.06290075406996887,0.07576637037037048,0.08182768000000011,0.05,1,65.5,-118.0,0.398693,0.5173641257162701,-0.11867112571627009,-0.26343157627118646,0.0,0.0,1,65.5,-102.0,0.601307,0.4826358742837298,0.11867112571627025,0.19082366666666672,0.19464014000000004,0.05
2026,2,2,401864578,2026-09-12,17:59,New Mexico State Aggies,Hawai'i Rainbow Warriors,0,Clarence T.C. Ching Athletics Complex,open_air,Grass,DraftKings,-7.5,50.5,0,0,1,2.5,62,166,1,1,0,0,-6.2193,5.7869,-9.5062,-6.903,-13.018,8.615,1,1,27.935,0.8049,0.195,,12.08,-12.08,12.08,7.5,0.36,0.28,0.2,0.16,0,0,0,0,0,0,0.0,0.0,0.0,1,3210.2,0.0,3.2102,4.0,1.0,0.0,0.0,2,3.7,6.0072,46.8841,50.5,0.75,0.25,1,1,25.6,7.3,,66.7,0.0,0.0,1,-2.3863,49.596,9.71,47.21,28.46,18.75,0.755963,0.244037,0.562638,0.437362,0.407098,0.592902,14.0,14.0,1,1,cfb-inseason-v3-game-lock-2026-08-30,0.00708,0.146042,0.090943,0.09317,0.421507,0.453124,0.456095,0.444699,5.27667,6.311482,6.03883,5.787548,1.746167,2.469252,2.046091,1.892245,0.545169,0.578502,0.602239,0.630017,-0.037853,0.102711,0.362217,0.386194,1,HOME,SELECTED_BY_MARKETS_YAML,-298.0,0.755963,0.7179705215419501,0.03799247845804998,0.009641859060402713,0.02873274000000009,0.02873274000000009,0,,NO_QUALIFYING_CANDIDATE,,,,,,,,,0,,NO_QUALIFYING_CANDIDATE,,,,,,,,,1,-298.0,0.755963,0.7179705215419501,0.03799247845804998,0.009641859060402713,0.02873274000000009,0.02873274000000009,1,240.0,0.244037,0.2820294784580499,-0.03799247845804987,-0.17027419999999993,0.0,0.0,1,-7.5,-105.0,0.562638,0.4891657638136511,0.07347223618634885,0.09848371428571423,0.10340789999999994,0.05,1,7.5,-115.0,0.437362,0.5108342361863489,-0.07347223618634896,-0.18232321739130442,0.0,0.0,1,50.5,-110.0,0.407098,0.5,-0.09290199999999998,-0.22281290909090906,0.0,0.0,1,50.5,-110.0,0.592902,0.5,0.09290200000000004,0.1319038181818183,0.14509420000000012,0.05
2026,2,2,401858441,2026-09-12,18:00,Bowling Green Falcons,Nebraska Cornhuskers,0,"Memorial Stadium (Lincoln, NE)",open_air,Artificial,DraftKings,-30.5,49.5,0,0,1,2.5,158,189,1,1,0,0,9.6521,-2.6738,14.8258,11.321,-14.561,28.382,1,1,46.785,0.9711,0.0288,,29.966,-29.966,29.966,30.5,0.36,0.28,0.2,0.16,0,0,0,0,0,0,0.0,0.0,0.0,1,681.6,0.0,0.6816,1.0,1.0,0.0,0.0,2,0.7856,27.2923,48.7781,49.5,0.75,0.25,1,1,24.9,3.4,,38.7,0.0,0.0,1,-0.1937,49.3195,28.08,49.13,38.6,10.52,0.977549,0.022451,0.431323,0.568677,0.489339,0.510661,14.0,14.0,1,1,cfb-inseason-v3-game-lock-2026-08-30,0.157752,-0.006298,0.054592,0.035688,0.476569,0.444483,0.445838,0.454295,6.229018,5.750085,5.628573,6.235141,2.838159,1.747249,1.962758,1.93498,0.711835,0.489613,0.546683,0.46335,0.139863,-0.000386,0.34175,0.369527,0,,NO_QUALIFYING_CANDIDATE,,,,,,,,0,,NO_QUALIFYING_CANDIDATE,,,,,,,,,0,,NO_QUALIFYING_CANDIDATE,,,,,,,,,1,-6500.0,0.977549,0.9538784067085954,0.02367059329140464,-0.007411784615384668,0.0,0.0,1,2000.0,0.022451,0.046121593291404604,-0.023670593291404605,-0.528529,0.0,0.0,1,-30.5,-110.0,0.431323,0.5,-0.06867699999999999,-0.17656518181818176,0.0,0.0,1,30.5,-110.0,0.568677,0.5,0.06867699999999999,0.08565609090909099,0.09422170000000007,0.05,1,49.5,-112.0,0.489339,0.5043297540699689,-0.014990754069968915,-0.0737511785714286,0.0,0.0,1,49.5,-108.0,0.510661,0.4956702459300312,0.014990754069968859,-0.016504740740740598,0.0,0.0
2026,2,2,401866414,2026-09-12,18:00,Buffalo Bulls,Florida International Panthers,0,FIU Stadium,open_air,Artificial,DraftKings,-10,47.5,0,0,1,2.5,2229,2084,1,1,0,0,-0.2135,2.5417,-0.2553,-12.118,-12.572,2.954,1,1,22.881,0.5548,0.4451,,1.877,-1.877,1.877,10.0,0.36,0.28,0.2,0.16,0,0,0,0,0,0,0.0,0.0,0.0,1,1195.1,0.0,1.1950999999999998,0.0,1.0,0.0,0.0,2,1.3775,4.7617,41.5369,47.5,0.75,0.25,1,1,25.6,1.9,,92.2,1.0,0.0,1,0.6496,46.0092,6.14,46.66,26.4,20.26,0.669491,0.330509,0.39136,0.60864,0.476044,0.523956,14.0,14.0,1,1,cfb-inseason-v3-game-lock-2026-08-30,0.00723,0.032384,0.012548,0.014604,0.434226,0.435092,0.447703,0.422619,5.677606,5.392642,5.144657,5.214186,1.686643,1.79081,2.012758,1.733591,0.545169,0.711835,0.46335,0.546683,0.076765,0.026321,0.328678,0.373496,0,,NO_QUALIFYING_CANDIDATE,,,,,,,,0,,NO_QUALIFYING_CANDIDATE,,,,,,,,,0,,NO_QUALIFYING_CANDIDATE,,,,,,,,,1,-410.0,0.669491,0.771505376344086,-0.10201437634408606,-0.16721851219512202,0.0,0.0,1,320.0,0.330509,0.22849462365591394,0.10201437634408606,0.3881378,0.12129306249999999,0.05,1,-10.0,-112.0,0.39136,0.5043297540699689,-0.11296975406996895,-0.2592114285714287,0.0,0.0,1,10.0,-108.0,0.60864,0.4956702459300312,0.11296975406996879,0.17219555555555555,0.18597119999999998,0.05,1,47.5,-105.0,0.476044,0.4891657638136511,-0.0131217638136511,-0.07058076190476187,0.0,0.0,1,47.5,-115.0,0.523956,0.5108342361863489,0.013121763813651044,-0.020430086956521876,0.0,0.0
2026,2,2,401864504,2026-09-12,18:00,Cal Poly Mustangs,San José State Spartans,0,CEFCU Stadium,open_air,Artificial,DraftKings,-21.5,58.5,0,0,1,2.5,23,,1,0,0,1,-0.4533,0.0,,-10.146,,,1,1,20.438,0.9135,0.0864,,20.091,-20.091,20.091,21.5,0.6429,0.0,0.3571,0.0,0,0,0,0,0,0,0.0,0.0,0.0,1,,0.0,,,,,0.0,0,0.0,20.9968,46.6881,58.5,0.75,0.25,1,1,21.2,4.2,,48.3,0.0,0.0,1,-0.6435,55.547,21.0,54.9,37.95,16.95,0.933163,0.066837,0.485664,0.514336,0.398633,0.601367,14.0,14.0,1,1,cfb-inseason-v3-game-lock-2026-08-30,0.090232,0.062534,0.071103,0.069599,0.454739,0.45134,0.477074,0.453373,5.937264,5.809743,5.754914,5.835168,1.923203,2.029965,2.097373,2.069137,0.545169,0.567753,0.676313,0.570025,0.090225,0.069746,0.34175,0.345958,0,,NO_QUALIFYING_CANDIDATE,,,,,,,,0,,NO_QUALIFYING_CANDIDATE,,,,,,,,,1,UNDER,SELECTED_BY_MARKETS_YAML,58.5,-112.0,0.601367,0.5043297540699689,0.09703724593003105,0.1383018214285714,0.15489803999999996,0.15489803999999996,1,-1800.0,0.933163,0.912442396313364,0.020720603686635974,-0.014994611111111125,0.0,0.0,1,1000.0,0.066837,0.08755760368663595,-0.02072060368663596,-0.26479300000000006,0.0,0.0,1,-21.5,-105.0,0.485664,0.4891657638136511,-0.0035017638136511375,-0.0517988571428572,0.0,0.0,1,21.5,-115.0,0.514336,0.5108342361863489,0.003501763813651082,-0.03841530434782614,0.0,0.0,1,58.5,-108.0,0.398633,0.4956702459300312,-0.09703724593003116,-0.23226237037037029,0.0,0.0,1,58.5,-112.0,0.601367,0.5043297540699689,0.09703724593003105,0.1383018214285714,0.15489803999999996,0.05
2026,2,2,401864503,2026-09-12,18:00,Illinois State Redbirds,Northern Illinois Huskies,0,Huskie Stadium,open_air,Artificial,DraftKings,3,47.5,0,0,1,2.5,2459,,1,0,0,1,-9.1631,0.0,,-17.708,,,1,1,21.93,0.4106,0.5894,,-3.082,3.082,-3.082,-3.0,0.6429,0.0,0.3571,0.0,0,0,0,0,0,0,0.0,0.0,0.0,1,,0.0,,,,,0.0,0,0.0,-3.0293,43.8009,47.5,0.75,0.25,1,1,25.1,4.1,,75.1,0.0,0.0,1,-0.5872,46.5752,-3.03,45.99,21.48,24.51,0.414347,0.585653,0.499165,0.500835,0.456997,0.543003,14.0,14.0,1,1,cfb-inseason-v3-game-lock-2026-08-30,8.4e-05,0.062534,0.068234,0.069599,0.405831,0.45134,0.456095,0.453373,4.811433,5.809743,6.056779,5.835168,1.35331,2.029965,2.165139,2.069137,,0.567753,0.51335,0.570025,0.021374,0.069746,0.297305,0.345958,0,,NO_QUALIFYING_CANDIDATE,,,,,,,,0,,NO_QUALIFYING_CANDIDATE,,,,,,,,,0,,NO_QUALIFYING_CANDIDATE,,,,,,,,,1,142.0,0.414347,0.3962430290578222,0.018103970942177805,0.0027197399999999705,0.001915309859154909,0.001915309859154909,1,-170.0,0.585653,0.6037569709421778,-0.01810397094217786,-0.06984523529411762,0.0,0.0,1,3.0,-105.0,0.499165,0.4891657638136511,0.009999236186348903,-0.025439761904761826,0.0,0.0,1,-3.0,-115.0,0.500835,0.5108342361863489,-0.009999236186348903,-0.0636563043478261,0.0,0.0,1,47.5,-115.0,0.456997,0.5108342361863489,-0.05383723618634895,-0.14561430434782618,0.0,0.0,1,47.5,-105.0,0.543003,0.4891657638136511,0.05383723618634889,0.06014871428571433,0.06315615000000005,0.05
2026,2,2,401866418,2026-09-12,18:00,Jacksonville State Gamecocks,Ohio Bobcats,0,Peden Stadium,open_air,Artificial,DraftKings,-2.5,50.5,0,0,1,2.5,195,55,1,1,0,0,-8.918,4.2446,-10.6626,-9.949,-10.019,2.57,1,1,29.326,0.5716,0.4284,,2.458,-2.458,2.458,2.5,0.36,0.28,0.2,0.16,0,0,0,0,0,0,0.0,0.0,0.0,1,430.9,0.0,0.43089999999999995,1.0,0.0,1.0,0.0,2,-1.1273,0.4052,50.7643,50.5,0.75,0.25,1,1,23.3,3.1,,97.5,0.0,0.0,1,-0.025,50.5661,-0.72,50.54,24.91,25.63,0.479433,0.520567,0.408989,0.591011,0.501169,0.498831,14.0,14.0,1,1,cfb-inseason-v3-game-lock-2026-08-30,0.049882,0.077372,0.162462,0.045441,0.444483,0.476332,0.477924,0.460851,5.611623,5.969653,6.245968,5.798714,1.936643,2.169977,2.864273,1.857685,0.545169,0.628502,0.71335,0.491128,0.068513,0.063552,0.34175,0.382154,0,,NO_QUALIFYING_CANDIDATE,,,,,,,,0,,NO_QUALIFYING_CANDIDATE,,,,,,,,,0,,NO_QUALIFYING_CANDIDATE,,,,,,,,,1,-130.0,0.479433,0.5427435387673957,-0.06331053876739567,-0.15177238461538467,0.0,0.0,1,110.0,0.520567,0.4572564612326044,0.06331053876739562,0.09319070000000007,0.08471881818181824,0.05,1,-2.5,-105.0,0.408989,0.4891657638136511,-0.08017676381365113,-0.20149766666666663,0.0,0.0,1,2.5,-115.0,0.591011,0.5108342361863489,0.08017676381365102,0.10493360869565205,0.12067364999999987,0.05,1,50.5,-108.0,0.501169,0.4956702459300312,0.005498754069968803,-0.03478562962962961,0.0,0.0,1,50.5,-112.0,0.498831,0.5043297540699689,-0.005498754069968914,-0.05578417857142853,0.0,0.0
2026,2,2,401871046,2026-09-12,18:00,Lindenwood Lions,Missouri State Bears,0,Plaster Sports Complex,open_air,Artificial,DraftKings,-16.5,52.5,0,0,1,2.5,2623,,1,0,0,1,-20.2993,0.0,,-15.885,,,1,1,13.984,0.8902,0.1097,,17.835,-17.835,17.835,16.5,0.6429,0.0,0.3571,0.0,0,0,0,0,0,0,0.0,0.0,0.0,1,,0.0,,,,,0.0,0,0.0,16.9768,45.9177,52.5,0.75,0.25,1,1,31.8,1.7,,46.0,0.0,0.0,1,0.762,50.8544,16.98,51.62,34.3,17.32,0.887364,0.112636,0.513584,0.486416,0.474839,0.525161,14.0,14.0,1,1,cfb-inseason-v3-game-lock-2026-08-30,-0.136871,0.062534,0.13291,0.069599,0.352175,0.45134,0.492725,0.453373,4.514187,5.809743,5.782969,5.835168,1.35331,2.029965,2.533271,2.069137,,0.567753,0.58835,0.570025,-0.147427,0.069746,0.291245,0.345958,0,,NO_QUALIFYING_CANDIDATE,,,,,,,,1,HOME,SELECTED_BY_MARKETS_YAML,-16.5,-112.0,0.513584,0.5043297540699689,0.009254245930031102,-0.027858857142857074,0.0,0.0,0,,NO_QUALIFYING_CANDIDATE,,,,,,,,,1,-850.0,0.887364,0.8579439252336449,0.02942007476635511,-0.008240235294117576,0.0,0.0,1,575.0,0.112636,0.14205607476635515,-0.02942007476635515,-0.239707,0.0,0.0,1,-16.5,-112.0,0.513584,0.5043297540699689,0.009254245930031102,-0.027858857142857074,0.0,0.0,1,16.5,-108.0,0.486416,0.4956702459300312,-0.009254245930031157,-0.06319881481481476,0.0,0.0,1,52.5,-115.0,0.474839,0.5108342361863489,-0.03599523618634892,-0.1122575217391305,0.0,0.0,1,52.5,-105.0,0.525161,0.4891657638136511,0.03599523618634887,0.025314333333333328,0.026580049999999994,0.026580049999999994
2026,2,2,401864575,2026-09-12,18:00,South Alabama Jaguars,Tulane Green Wave,0,Yulman Stadium,open_air,Artificial,DraftKings,-9.5,48.5,0,0,1,2.5,2655,6,1,1,0,0,-5.3802,0.3248,-3.205,-0.488,-9.557,11.569,1,1,40.161,0.7957,0.2043,,11.59,-11.59,11.59,9.5,0.36,0.28,0.2,0.16,0,0,0,0,0,0,0.0,0.0,0.0,1,134.1,0.0,0.1341,0.0,1.0,0.0,0.0,2,0.1546,8.4645,40.8181,48.5,0.75,0.25,1,1,27.3,2.7,,83.0,0.0,0.0,1,0.1998,46.5795,8.62,46.78,27.7,19.08,0.730937,0.269063,0.474914,0.525086,0.451092,0.548908,14.0,14.0,1,1,cfb-inseason-v3-game-lock-2026-08-30,-0.040958,0.048585,0.033473,-0.005126,0.405831,0.44375,0.428375,0.455402,5.471927,5.420781,5.592815,6.079301,1.424739,2.043786,1.784186,1.846091,0.378502,0.521359,0.491128,0.71335,0.006037,0.014007,0.302067,0.376472,0,,NO_QUALIFYING_CANDIDATE,,,,,,,,0,,NO_QUALIFYING_CANDIDATE,,,,,,,,,0,,NO_QUALIFYING_CANDIDATE,,,,,,,,,1,-375.0,0.730937,0.7571884984025559,-0.026251498402555917,-0.07414646666666677,0.0,0.0,1,295.0,0.269063,0.24281150159744405,0.026251498402555945,0.06279885000000007,0.021287745762711887,0.021287745762711887,1,-9.5,-115.0,0.474914,0.5108342361863489,-0.03592023618634893,-0.11211730434782607,0.0,0.0,1,9.5,-105.0,0.525086,0.4891657638136511,0.03592023618634893,0.02516790476190489,0.02642630000000014,0.02642630000000014,1,48.5,-112.0,0.451092,0.5043297540699689,-0.053237754069968946,-0.1461472857142857,0.0,0.0,1,48.5,-108.0,0.548908,0.4956702459300312,0.05323775406996878,0.05715614814814807,0.061728639999999904,0.05
2026,2,2,401856787,2026-09-12,18:00,Southern Jaguars,Houston Cougars,0,TDECU Stadium,open_air,Artificial,DraftKings,-51.5,61.5,0,0,1,2.5,248,,1,0,0,1,4.0274,0.0,,6.484,,,1,1,36.517,0.9969,0.0031,,49.145,-49.145,49.145,51.5,0.6429,0.0,0.3571,0.0,0,0,0,0,0,0,0.0,0.0,0.0,1,,0.0,,,,,0.0,0,0.0,50.6589,46.704,61.5,0.75,0.25,1,1,31.3,3.8,,65.7,0.0,0.0,1,-0.4186,57.801,50.66,57.38,54.02,3.36,0.999852,0.000148,0.476047,0.523953,0.384336,0.615664,14.0,14.0,1,1,cfb-inseason-v3-game-lock-2026-08-30,0.117863,0.062534,0.083329,0.069599,0.46293,0.45134,0.452933,0.453373,6.451865,5.809743,5.835317,5.835168,2.199464,2.029965,1.823869,2.069137,0.511835,0.567753,0.71335,0.570025,0.090793,0.069746,0.384485,0.345958,0,,NO_QUALIFYING_CANDIDATE,,,,,,,,0,,NO_QUALIFYING_CANDIDATE,,,,,,,,,1,UNDER,SELECTED_BY_MARKETS_YAML,61.5,-112.0,0.615664,0.5043297540699689,0.11133424593003105,0.16536399999999996,0.18520767999999996,0.18520767999999996,0,,,,,,,,0,,,,,,,,1,-51.5,-118.0,0.476047,0.5173641257162701,-0.04131712571627011,-0.12052333898305084,0.0,0.0,1,51.5,-102.0,0.523953,0.4826358742837298,0.04131712571627022,0.037632411764705886,0.03838506,0.03838506,1,61.5,-108.0,0.384336,0.4956702459300312,-0.11133424593003116,-0.25979733333333327,0.0,0.0,1,61.5,-112.0,0.615664,0.5043297540699689,0.11133424593003105,0.16536399999999996,0.18520767999999996,0.05
2026,2,2,401862707,2026-09-12,18:00,Tulsa Golden Hurricane,Sam Houston Bearkats,0,Elliott T. Bowers Stadium,open_air,Artificial,DraftKings,12.5,51.5,0,0,1,2.5,2534,202,1,1,0,0,0.1569,4.8464,-2.1895,-16.562,-3.401,-10.661,1,1,28.768,0.205,0.795,,-11.554,11.554,-11.554,-12.5,0.36,0.28,0.2,0.16,0,0,0,0,0,0,0.0,0.0,0.0,1,376.2,0.0,0.3762,0.0,0.0,1.0,0.0,2,-1.1903,-10.1462,42.0503,51.5,0.75,0.25,1,1,29.7,4.6,,68.5,0.0,0.0,1,-0.8683,49.1376,-11.34,48.27,18.47,29.8,0.209042,0.790958,0.533117,0.466883,0.408747,0.591253,14.0,14.0,1,1,cfb-inseason-v3-game-lock-2026-08-30,0.034445,0.071556,0.065912,-0.028825,0.458036,0.431845,0.430454,0.437907,5.735066,6.033876,5.700368,5.316468,1.819977,1.924739,1.950853,1.61752,0.711835,0.545169,0.546683,0.446683,0.037831,0.095209,0.325877,0.260941,0,,NO_QUALIFYING_CANDIDATE,,,,,,,,1,HOME,SELECTED_BY_MARKETS_YAML,12.5,-112.0,0.533117,0.5043297540699689,0.028787245930031014,0.009114321428571326,0.010208039999999885,0.010208039999999885,0,,NO_QUALIFYING_CANDIDATE,,,,,,,,,1,380.0,0.209042,0.19999999999999998,0.009042000000000022,0.0034015999999998936,0.0008951578947368141,0.0008951578947368141,1,-500.0,0.790958,0.7999999999999999,-0.009041999999999883,-0.05085039999999996,0.0,0.0,1,12.5,-112.0,0.533117,0.5043297540699689,0.028787245930031014,0.009114321428571326,0.010208039999999885,0.010208039999999885,1,-12.5,-108.0,0.466883,0.4956702459300312,-0.02878724593003118,-0.10081792592592592,0.0,0.0,1,51.5,-118.0,0.408747,0.5173641257162701,-0.10861712571627008,-0.24485723728813563,0.0,0.0,1,51.5,-102.0,0.591253,0.4826358742837298,0.10861712571627025,0.1709128039215687,0.17433106000000007,0.05
2026,2,2,401868241,2026-09-12,18:00,West Georgia Wolves,Arkansas State Red Wolves,0,Centennial Bank Stadium,open_air,Artificial,DraftKings,-31.5,56.5,0,0,1,2.5,2032,,1,0,0,1,-5.5855,0.0,,-10.746,,,1,1,20.066,0.9144,0.0855,,20.184,-20.184,20.184,31.5,0.6429,0.0,0.3571,0.0,0,0,0,0,0,0,0.0,0.0,0.0,1,351.8,0.0,0.3518,1.0,1.0,0.0,0.0,2,0.4055,27.4586,48.5715,56.5,0.75,0.25,1,1,32.1,1.2,,48.5,0.0,0.0,1,1.0431,54.5179,27.86,55.56,41.71,13.85,0.97672,0.02328,0.397543,0.602457,0.473262,0.526738,14.0,14.0,1,1,cfb-inseason-v3-game-lock-2026-08-30,0.040285,0.062534,0.168044,0.069599,0.479054,0.45134,0.485044,0.453373,6.643277,5.809743,6.814843,5.835168,1.968695,2.029965,2.379425,2.069137,0.600724,0.567753,0.71335,0.570025,0.029069,0.069746,0.363972,0.345958,0,,NO_QUALIFYING_CANDIDATE,,,,,,,,0,,NO_QUALIFYING_CANDIDATE,,,,,,,,,0,,NO_QUALIFYING_CANDIDATE,,,,,,,,,1,-10000.0,0.97672,0.9684473601999376,0.008272639800062431,-0.013512799999999959,0.0,0.0,1,3000.0,0.02328,0.03155263980006248,-0.008272639800062483,-0.2783200000000001,0.0,0.0,1,-31.5,-112.0,0.397543,0.5043297540699689,-0.10678675406996896,-0.24750789285714292,0.0,0.0,1,31.5,-108.0,0.602457,0.4956702459300312,0.10678675406996885,0.16028755555555563,0.17311056000000005,0.05,1,56.5,-108.0,0.473262,0.4956702459300312,-0.022408245930031157,-0.0885324444444443,0.0,0.0,1,56.5,-112.0,0.526738,0.5043297540699689,0.0224082459300311,-0.0029602142857142466,0.0,0.0
2026,2,2,401858447,2026-09-12,18:15,Western Illinois Leathernecks,Wisconsin Badgers,0,Camp Randall Stadium,open_air,Artificial,DraftKings,-42.5,51.5,0,0,1,2.5,275,,1,0,0,1,-5.4845,0.0,,3.77,,,1,1,33.492,0.9919,0.008,,40.952,-40.952,40.952,42.5,0.6429,0.0,0.3571,0.0,0,0,0,0,0,0,0.0,0.0,0.0,1,,0.0,,,,,0.0,0,0.0,41.9471,44.5639,51.5,0.75,0.25,1,1,24.1,2.7,,64.9,0.0,0.0,1,0.1998,49.766,41.95,49.97,45.96,4.01,0.998633,0.001367,0.48425,0.51575,0.456369,0.543631,14.0,14.0,1,1,cfb-inseason-v3-game-lock-2026-08-30,-0.02258,0.062534,0.084826,0.069599,0.447786,0.45134,0.460718,0.453373,5.754518,5.809743,5.80268,5.835168,1.65634,2.029965,1.994809,2.069137,0.489613,0.567753,0.580017,0.570025,-0.034746,0.069746,0.34175,0.345958,0,,NO_QUALIFYING_CANDIDATE,,,,,,,,0,,NO_QUALIFYING_CANDIDATE,,,,,,,,,0,,NO_QUALIFYING_CANDIDATE,,,,,,,,,0,,,,,,,,0,,,,,,,,1,-42.5,-105.0,0.48425,0.4891657638136511,-0.004915763813651108,-0.05455952380952378,0.0,0.0,1,42.5,-115.0,0.51575,0.5108342361863489,0.004915763813651108,-0.0357717391304348,0.0,0.0,1,51.5,-110.0,0.456369,0.5,-0.043630999999999975,-0.12875009090909084,0.0,0.0,1,51.5,-110.0,0.543631,0.5,0.043630999999999975,0.037841000000000014,0.04162510000000001,0.04162510000000001
2026,2,2,401856788,2026-09-12,18:30,Iowa State Cyclones,Iowa Hawkeyes,0,Kinnick Stadium,open_air,Artificial,DraftKings,-14,41.5,0,0,1,2.5,2294,66,1,1,0,0,8.8124,6.8089,4.5035,11.083,-0.796,14.379,1,1,64.128,0.8461,0.1537,,14.534,-14.534,14.534,14.0,0.36,0.28,0.2,0.16,0,0,0,0,0,0,0.0,0.0,0.0,1,110.1,0.0,0.11009999999999999,0.0,0.0,1.0,0.0,2,-1.497,12.6935,42.9159,41.5,0.75,0.25,1,1,24.7,4.1,,54.0,0.0,0.0,1,-0.5872,41.854,11.2,41.27,26.23,15.04,0.788072,0.211928,0.420642,0.579358,0.493353,0.506647,14.0,14.0,1,1,cfb-inseason-v3-game-lock-2026-08-30,0.063524,0.040103,0.004794,-0.041434,0.454739,0.425893,0.407187,0.411701,6.039828,5.977328,4.828383,5.039366,2.139024,2.327669,1.379425,1.61752,0.511835,0.645169,,0.71335,0.113846,0.061952,0.349686,0.330638,0,,NO_QUALIFYING_CANDIDATE,,,,,,,,0,,NO_QUALIFYING_CANDIDATE,,,,,,,,,0,,NO_QUALIFYING_CANDIDATE,,,,,,,,,1,-600.0,0.788072,0.8263027295285359,-0.0382307295285359,-0.08058266666666661,0.0,0.0,1,455.0,0.211928,0.17369727047146405,0.038230729528535956,0.17620040000000003,0.03872536263736265,0.03872536263736265,1,-14.0,-110.0,0.420642,0.5,-0.07935799999999998,-0.1969561818181818,0.0,0.0,1,14.0,-110.0,0.579358,0.5,0.07935800000000004,0.10604709090909104,0.11665180000000012,0.05,1,41.5,-108.0,0.493353,0.4956702459300312,-0.0023172459300311865,-0.0498386666666667,0.0,0.0,1,41.5,-112.0,0.506647,0.5043297540699689,0.00231724593003102,-0.040989607142857265,0.0,0.0
2026,2,2,401867796,2026-09-12,18:30,Louisiana Tech Bulldogs,LSU Tigers,0,Tiger Stadium (LA),open_air,Grass,DraftKings,-34.5,55.5,0,0,1,2.5,99,2348,1,1,0,0,13.8988,21.5461,-5.1473,24.555,-5.967,33.022,1,1,67.419,0.9824,0.0176,,34.26,-34.26,34.26,34.5,0.36,0.28,0.2,0.16,0,0,0,0,0,0,0.0,0.0,0.0,1,170.2,0.0,0.1702,0.0,0.0,1.0,0.0,2,-1.4277,27.6946,49.1109,55.5,0.75,0.25,1,1,26.8,1.8,,88.6,0.0,0.0,1,0.7058,53.9027,26.27,54.61,40.44,14.17,0.969686,0.030314,0.278239,0.721761,0.474614,0.525386,14.0,14.0,1,1,cfb-inseason-v3-game-lock-2026-08-30,0.119923,0.216913,-0.080412,-0.012992,0.474652,0.46756,0.406415,0.385582,6.117843,7.027924,5.10539,4.712334,2.327669,3.091405,1.61752,1.504425,0.628502,0.711835,0.71335,0.380017,0.139972,0.192759,0.438972,0.351851,0,,NO_QUALIFYING_CANDIDATE,,,,,,,,1,AWAY,SELECTED_BY_MARKETS_YAML,34.5,-102.0,0.721761,0.4826358742837298,0.2391251257162702,0.4293698235294118,0.43795722,0.43795722,0,,NO_QUALIFYING_CANDIDATE,,,,,,,,,1,-20000.0,0.969686,0.9728415079043373,-0.0031555079043372736,-0.025465570000000055,0.0,0.0,1,3500.0,0.030314,0.027158492095662744,0.0031555079043372562,0.09130400000000005,0.0026086857142857156,0.0026086857142857156,1,-34.5,-118.0,0.278239,0.5173641257162701,-0.2391251257162701,-0.48596523728813557,0.0,0.0,1,34.5,-102.0,0.721761,0.4826358742837298,0.2391251257162702,0.4293698235294118,0.43795722,0.05,1,55.5,-108.0,0.474614,0.4956702459300312,-0.021056245930031192,-0.08592859259259256,0.0,0.0,1,55.5,-112.0,0.525386,0.5043297540699689,0.02105624593003108,-0.0055193571428571175,0.0,0.0
2026,2,2,401866421,2026-09-12,18:30,Monmouth Hawks,Western Michigan Broncos,0,Waldo Stadium,open_air,Artificial,DraftKings,-29.5,53.5,0,0,1,2.5,2711,,1,0,0,1,-9.7533,0.0,,-0.864,,,1,1,29.53,0.9608,0.0392,,27.269,-27.269,27.269,29.5,0.6429,0.0,0.3571,0.0,0,0,0,0,0,0,0.0,0.0,0.0,1,,0.0,,,,,0.0,0,0.0,28.7032,43.1287,53.5,0.75,0.25,1,1,26.5,3.9,,54.7,0.0,0.0,1,-0.4748,50.9072,28.7,50.43,39.57,10.86,0.979829,0.020171,0.477307,0.522693,0.41328,0.58672,14.0,14.0,1,1,cfb-inseason-v3-game-lock-2026-08-30,-0.068911,0.062534,0.094706,0.069599,0.432206,0.45134,0.468915,0.453373,4.615586,5.809743,5.841501,5.835168,1.661002,2.029965,1.740536,2.069137,0.378502,0.567753,0.71335,0.570025,-0.051642,0.069746,0.360268,0.345958,0,,NO_QUALIFYING_CANDIDATE,,,,,,,,0,,NO_QUALIFYING_CANDIDATE,,,,,,,,,0,,NO_QUALIFYING_CANDIDATE,,,,,,,,,1,-5000.0,0.979829,0.949050949050949,0.03077805094905095,-0.0005744200000000338,0.0,0.0,1,1800.0,0.020171,0.050949050949050945,-0.030778050949050943,-0.6167509999999999,0.0,0.0,1,-29.5,-110.0,0.477307,0.5,-0.02269300000000002,-0.08877754545454553,0.0,0.0,1,29.5,-110.0,0.522693,0.5,0.022692999999999963,-0.0021315454545454693,0.0,0.0,1,53.5,-112.0,0.41328,0.5043297540699689,-0.09104975406996896,-0.21772000000000008,0.0,0.0,1,53.5,-108.0,0.58672,0.4956702459300312,0.09104975406996885,0.12997925925925935,0.14037760000000007,0.05
2026,2,2,401856682,2026-09-12,18:30,Ohio State Buckeyes,Texas Longhorns,0,DKR-Texas Memorial Stadium,open_air,Artificial,DraftKings,-1.5,49.5,0,0,1,2.5,251,194,1,1,0,0,12.5673,17.7871,-2.7198,30.251,30.042,2.709,1,1,99.977,0.5969,0.4031,,3.346,-3.346,3.346,1.5,0.36,0.28,0.2,0.16,0,0,0,0,0,0,0.0,0.0,0.0,1,1066.1,0.0,1.0660999999999998,1.0,1.0,0.0,0.0,2,1.2288,1.5326,49.2896,49.5,0.75,0.25,1,1,33.9,4.6,,46.3,0.0,0.0,1,-0.8683,49.4474,2.76,48.58,25.67,22.91,0.578179,0.421821,0.535894,0.464106,0.473776,0.526224,14.0,14.0,1,1,cfb-inseason-v3-game-lock-2026-08-30,0.19732,0.188158,0.041163,-0.04189,0.486607,0.493381,0.4665,0.386994,6.330305,6.718232,5.846634,5.472033,2.919977,2.60972,1.591546,1.450853,0.664216,0.711835,0.491128,,0.102139,0.176014,0.386194,0.382154,0,,NO_QUALIFYING_CANDIDATE,,,,,,,,1,HOME,SELECTED_BY_MARKETS_YAML,-1.5,-112.0,0.535894,0.5043297540699689,0.03156424593003104,0.014370785714285628,0.016095279999999903,0.016095279999999903,0,,NO_QUALIFYING_CANDIDATE,,,,,,,,,1,-122.0,0.578179,0.5260865852617197,0.0520924147382803,0.0520962131147541,0.06355738,0.05,1,102.0,0.421821,0.47391341473828025,-0.052092414738280246,-0.14792158,0.0,0.0,1,-1.5,-112.0,0.535894,0.5043297540699689,0.03156424593003104,0.014370785714285628,0.016095279999999903,0.016095279999999903,1,1.5,-108.0,0.464106,0.4956702459300312,-0.031564245930031154,-0.1061662222222221,0.0,0.0,1,49.5,-112.0,0.473776,0.5043297540699689,-0.030553754069968964,-0.10320971428571435,0.0,0.0,1,49.5,-108.0,0.526224,0.4956702459300312,0.030553754069968853,0.01346844444444456,0.014545920000000124,0.014545920000000124
2026,2,2,401856676,2026-09-12,18:45,Charlotte 49ers,Ole Miss Rebels,0,Vaught-Hemingway Stadium,open_air,Grass,DraftKings,-45.5,59.5,0,0,1,2.5,145,2429,1,1,0,0,-0.4425,2.1253,-0.0678,15.759,-17.167,35.426,1,1,49.182,0.9872,0.0128,,37.01,-37.01,37.01,45.5,0.36,0.28,0.2,0.16,0,0,0,0,0,0,0.0,0.0,0.0,1,502.8,0.0,0.5028,1.0,1.0,0.0,0.0,2,0.5795,33.6904,52.1851,59.5,0.75,0.25,1,1,29.1,2.7,,64.4,0.0,0.0,1,0.1998,57.6713,34.27,57.87,46.07,11.8,0.992814,0.007186,0.211234,0.788766,0.453688,0.546312,14.0,14.0,1,1,cfb-inseason-v3-game-lock-2026-08-30,0.061509,0.186451,0.127158,0.208703,0.446192,0.474226,0.456477,0.498016,5.958632,6.384273,5.929913,6.006514,2.157232,2.624143,2.071732,2.222562,0.711835,0.600724,0.546683,0.646683,0.112658,0.133489,0.334805,0.387501,0,,NO_QUALIFYING_CANDIDATE,,,,,,,,1,AWAY,SELECTED_BY_MARKETS_YAML,45.5,-115.0,0.788766,0.5108342361863489,0.27793176381365103,0.47464947826086945,0.5458468999999999,0.5458468999999999,0,,NO_QUALIFYING_CANDIDATE,,,,,,,,,0,,,,,,,,0,,,,,,,,1,-45.5,-105.0,0.211234,0.4891657638136511,-0.27793176381365114,-0.5875907619047619,0.0,0.0,1,45.5,-115.0,0.788766,0.5108342361863489,0.27793176381365103,0.47464947826086945,0.5458468999999999,0.05,1,59.5,-112.0,0.453688,0.5043297540699689,-0.05064175406996896,-0.14123342857142862,0.0,0.0,1,59.5,-108.0,0.546312,0.4956702459300312,0.05064175406996885,0.05215644444444456,0.056328960000000115,0.05
2026,2,2,401856671,2026-09-12,18:45,Southern Miss Golden Eagles,Auburn Tigers,0,Jordan-Hare Stadium,open_air,Grass,DraftKings,-32.5,57.5,0,0,1,2.5,2,2572,1,1,0,0,0.4707,15.281,-12.3103,10.826,-2.981,16.307,1,1,61.509,0.8767,0.1233,,16.721,-16.721,16.721,32.5,0.36,0.28,0.2,0.16,0,0,0,0,0,0,0.0,0.0,0.0,1,241.8,0.0,0.24180000000000001,0.0,0.0,1.0,0.0,2,-1.3452,17.6405,44.3225,57.5,0.75,0.25,1,1,25.5,1.7,,88.2,0.0,0.0,1,0.762,54.2056,16.3,54.97,35.63,19.34,0.877778,0.122222,0.123538,0.876462,0.42823,0.57177,14.0,14.0,1,1,cfb-inseason-v3-game-lock-2026-08-30,0.010101,0.105899,0.025322,-0.049417,0.438671,0.495337,0.438303,0.401664,5.566495,6.154908,5.400316,5.375492,1.758072,2.714421,1.789681,1.446091,0.600724,0.670169,0.546683,0.380017,-0.01331,0.140866,0.397305,0.34175,0,,NO_QUALIFYING_CANDIDATE,,,,,,,,1,AWAY,SELECTED_BY_MARKETS_YAML,32.5,-108.0,0.876462,0.4956702459300312,0.3807917540699688,0.6880008888888889,0.7430409599999999,0.7430409599999999,0,,NO_QUALIFYING_CANDIDATE,,,,,,,,,1,-10000.0,0.877778,0.9684473601999376,-0.09066936019993765,-0.11344422000000004,0.0,0.0,1,3000.0,0.122222,0.03155263980006248,0.09066936019993752,2.788882,0.09296273333333334,0.05,1,-32.5,-112.0,0.123538,0.5043297540699689,-0.38079175406996896,-0.7661602142857142,0.0,0.0,1,32.5,-108.0,0.876462,0.4956702459300312,0.3807917540699688,0.6880008888888889,0.7430409599999999,0.05,1,57.5,-105.0,0.42823,0.4891657638136511,-0.06093576381365112,-0.16393190476190478,0.0,0.0,1,57.5,-115.0,0.57177,0.5108342361863489,0.06093576381365107,0.06896130434782599,0.0793054999999999,0.05
2026,2,2,401869955,2026-09-12,19:00,Georgia State Panthers,Kennesaw State Owls,0,Fifth Third Stadium,open_air,,DraftKings,-8.5,55.5,0,0,1,2.5,338,2247,1,1,0,0,15.3972,18.3718,-0.4746,-5.459,-12.609,9.65,1,1,30.74,0.756,0.244,,9.637,-9.637,9.637,8.5,0.36,0.28,0.2,0.16,0,0,0,0,0,0,0.0,0.0,0.0,1,22.7,0.0,0.022699999999999998,0.0,1.0,0.0,0.0,2,0.0262,7.6135,48.034,55.5,0.75,0.25,1,1,26.8,2.0,,74.5,0.0,0.0,1,0.5934,53.6335,7.64,54.23,30.93,23.29,0.70736,0.29264,0.475498,0.524502,0.463771,0.536229,14.0,14.0,1,1,cfb-inseason-v3-game-lock-2026-08-30,0.083798,0.192534,-0.089187,-0.029804,0.487885,0.508623,0.374144,0.404813,6.157715,6.525336,5.040439,5.479855,2.472358,2.866131,1.379425,1.635835,0.711835,0.545169,,0.380017,0.118439,0.186033,0.373496,0.397305,0,,NO_QUALIFYING_CANDIDATE,,,,,,,,0,,NO_QUALIFYING_CANDIDATE,,,,,,,,,0,,NO_QUALIFYING_CANDIDATE,,,,,,,,,1,-310.0,0.70736,0.725752508361204,-0.018392508361203985,-0.06445935483870974,0.0,0.0,1,250.0,0.29264,0.27424749163879597,0.01839250836120404,0.02424000000000004,0.009696000000000015,0.009696000000000015,1,-8.5,-105.0,0.475498,0.4891657638136511,-0.013667763813651146,-0.07164676190476199,0.0,0.0,1,8.5,-115.0,0.524502,0.5108342361863489,0.01366776381365109,-0.019409304347826117,0.0,0.0,1,55.5,-105.0,0.463771,0.4891657638136511,-0.025394763813651133,-0.09454233333333345,0.0,0.0,1,55.5,-115.0,0.536229,0.5108342361863489,0.025394763813651022,0.002515086956521584,0.002892349999999822,0.002892349999999822
2026,2,2,401856789,2026-09-12,19:00,Grambling Tigers,TCU Horned Frogs,0,Amon G. Carter Stadium,open_air,Grass,DraftKings,-44.5,55.5,0,0,1,2.5,2628,,1,0,0,1,-3.0293,0.0,,4.848,,,1,1,34.781,0.9935,0.0065,,42.842,-42.842,42.842,44.5,0.6429,0.0,0.3571,0.0,0,0,0,0,0,0,0.0,0.0,0.0,1,,0.0,,,,,0.0,0,0.0,43.9079,43.1019,55.5,0.75,0.25,1,1,33.3,5.1,,49.8,0.0,0.0,1,-1.1494,52.4005,43.91,51.25,47.58,3.67,0.999144,0.000856,0.483131,0.516869,0.380755,0.619245,14.0,14.0,1,1,cfb-inseason-v3-game-lock-2026-08-30,0.004599,0.062534,0.02989,0.069599,0.422959,0.45134,0.462963,0.453373,5.192411,5.809743,5.842493,5.835168,1.65634,2.029965,1.740536,2.069137,0.445169,0.567753,0.46335,0.570025,0.027704,0.069746,0.367893,0.345958,0,,NO_QUALIFYING_CANDIDATE,,,,,,,,0,,NO_QUALIFYING_CANDIDATE,,,,,,,,,0,,NO_QUALIFYING_CANDIDATE,,,,,,,,,0,,,,,,,,0,,,,,,,,1,-44.5,-105.0,0.483131,0.4891657638136511,-0.006034763813651145,-0.05674423809523815,0.0,0.0,1,44.5,-115.0,0.516869,0.5108342361863489,0.0060347638136510895,-0.033679695652173935,0.0,0.0,1,55.5,-115.0,0.380755,0.5108342361863489,-0.13007923618634892,-0.288153695652174,0.0,0.0,1,55.5,-105.0,0.619245,0.4891657638136511,0.13007923618634892,0.20900214285714291,0.21945225000000007,0.05
2026,2,2,401871045,2026-09-12,19:00,Middle Tennessee Blue Raiders,Marshall Thundering Herd,0,Joan C. Edwards Stadium,open_air,Artificial,DraftKings,-12.5,55.5,0,0,1,2.5,276,2393,1,1,0,0,-13.9747,9.175,-20.6497,-13.485,-15.364,4.379,1,1,17.263,0.6205,0.3795,,4.191,-4.191,4.191,12.5,0.36,0.28,0.2,0.16,0,0,0,0,0,0,0.0,0.0,0.0,1,280.8,0.0,0.2808,1.0,0.0,1.0,0.0,2,-1.3003,3.2604,47.9957,55.5,0.75,0.25,1,1,23.3,2.9,,97.5,0.0,0.0,1,0.0874,53.6239,1.96,53.71,27.84,25.88,0.555673,0.444327,0.22577,0.77423,0.449168,0.550832,14.0,14.0,1,1,cfb-inseason-v3-game-lock-2026-08-30,-0.046492,0.217623,0.144002,0.094444,0.42435,0.492382,0.473545,0.472317,5.150939,6.660396,6.144741,5.842493,1.35331,2.644977,2.450853,1.897943,0.378502,0.600724,0.546683,0.546683,0.062677,0.227758,0.258416,0.278258,0,,NO_QUALIFYING_CANDIDATE,,,,,,,,1,AWAY,SELECTED_BY_MARKETS_YAML,12.5,-108.0,0.77423,0.4956702459300312,0.2785597540699688,0.4911096296296297,0.5303983999999999,0.5303983999999999,0,,NO_QUALIFYING_CANDIDATE,,,,,,,,,1,-535.0,0.555673,0.8081570996978852,-0.2524840996978852,-0.3404628878504673,0.0,0.0,1,400.0,0.444327,0.19184290030211482,0.2524840996978852,1.221635,0.30540875,0.05,1,-12.5,-112.0,0.22577,0.5043297540699689,-0.2785597540699689,-0.5726496428571428,0.0,0.0,1,12.5,-108.0,0.77423,0.4956702459300312,0.2785597540699688,0.4911096296296297,0.5303983999999999,0.05,1,55.5,-115.0,0.449168,0.5108342361863489,-0.06166623618634892,-0.16025113043478267,0.0,0.0,1,55.5,-105.0,0.550832,0.4891657638136511,0.061666236186348866,0.0754339047619047,0.07920559999999995,0.05
2026,2,2,401856681,2026-09-12,19:00,Tennessee Volunteers,Georgia Tech Yellow Jackets,0,Bobby Dodd Stadium,open_air,Artificial,DraftKings,12.5,55.5,0,0,1,2.5,59,2633,1,1,0,0,-0.0316,17.0178,-14.5494,3.561,15.314,-9.253,1,1,72.847,0.2366,0.7634,,-9.985,9.985,-9.985,-12.5,0.36,0.28,0.2,0.16,0,0,0,0,0,0,0.0,0.0,0.0,1,153.1,0.0,0.15309999999999999,0.0,1.0,0.0,0.0,2,0.1765,-11.4158,43.3657,55.5,0.75,0.25,1,1,26.8,1.5,,75.9,0.0,0.0,1,0.8745,52.4664,-11.24,53.34,21.05,32.29,0.211043,0.788957,0.535877,0.464123,0.438717,0.561283,14.0,14.0,1,1,cfb-inseason-v3-game-lock-2026-08-30,0.001834,0.157976,0.024914,-0.079721,0.439258,0.499091,0.437384,0.397487,5.690772,6.747036,5.169391,5.259159,1.714421,2.519977,1.740536,1.566925,0.378502,0.711835,0.51335,,0.026589,0.164643,0.358844,0.351851,0,,NO_QUALIFYING_CANDIDATE,,,,,,,,1,HOME,SELECTED_BY_MARKETS_YAML,12.5,-112.0,0.535877,0.5043297540699689,0.03154724593003111,0.014338607142857174,0.016059240000000037,0.016059240000000037,0,,NO_QUALIFYING_CANDIDATE,,,,,,,,,1,360.0,0.211043,0.20863836017569548,0.0024046398243045275,-0.029202200000000067,0.0,0.0,1,-470.0,0.788957,0.7913616398243044,-0.0024046398243043887,-0.04317980851063821,0.0,0.0,1,12.5,-112.0,0.535877,0.5043297540699689,0.03154724593003111,0.014338607142857174,0.016059240000000037,0.016059240000000037,1,-12.5,-108.0,0.464123,0.4956702459300312,-0.031547245930031165,-0.10613348148148138,0.0,0.0,1,55.5,-110.0,0.438717,0.5,-0.061282999999999976,-0.16244936363636353,0.0,0.0,1,55.5,-110.0,0.561283,0.5,0.061282999999999976,0.0715402727272727,0.07869429999999997,0.05
2026,2,2,401864505,2026-09-12,19:00,Texas Southern Tigers,UTEP Miners,0,Sun Bowl,open_air,Artificial,DraftKings,-27.5,52.5,0,0,1,2.5,2638,,1,0,0,1,-15.2227,0.0,,-19.06,,,1,1,10.664,0.9181,0.0819,,20.605,-20.605,20.605,27.5,0.6429,0.0,0.3571,0.0,0,0,0,0,0,0,0.0,0.0,0.0,1,,0.0,,,,,0.0,0,0.0,25.0375,46.3108,52.5,0.75,0.25,1,1,34.9,2.3,,16.7,0.0,0.0,1,0.4247,50.9527,25.04,51.38,38.21,13.17,0.963144,0.036856,0.430189,0.569811,0.468045,0.531955,14.0,14.0,1,1,cfb-inseason-v3-game-lock-2026-08-30,-0.086125,0.062534,0.115653,0.069599,0.419941,0.45134,0.46609,0.453373,5.129114,5.809743,6.223445,5.835168,1.35331,2.029965,2.601647,2.069137,0.378502,0.567753,0.51335,0.570025,-0.032094,0.069746,0.281921,0.345958,0,,NO_QUALIFYING_CANDIDATE,,,,,,,,0,,NO_QUALIFYING_CANDIDATE,,,,,,,,,0,,NO_QUALIFYING_CANDIDATE,,,,,,,,,1,-4500.0,0.963144,0.9462616822429907,0.016882317757009324,-0.015452800000000076,0.0,0.0,1,1700.0,0.036856,0.05373831775700934,-0.016882317757009338,-0.336592,0.0,0.0,1,-27.5,-108.0,0.430189,0.4956702459300312,-0.06548124593003118,-0.1714878518518519,0.0,0.0,1,27.5,-112.0,0.569811,0.5043297540699689,0.06548124593003102,0.0785708214285713,0.08799931999999987,0.05,1,52.5,-112.0,0.468045,0.5043297540699689,-0.03628475406996895,-0.11405767857142857,0.0,0.0,1,52.5,-108.0,0.531955,0.4956702459300312,0.03628475406996878,0.024505925925925875,0.026466399999999942,0.026466399999999942
2026,2,2,401856680,2026-09-12,19:00,Towson Tigers,South Carolina Gamecocks,0,Williams-Brice Stadium,open_air,Grass,DraftKings,-43.5,57.5,0,0,1,2.5,2579,,1,0,0,1,23.3188,0.0,,16.157,,,1,1,47.296,0.9958,0.0042,,46.699,-46.699,46.699,43.5,0.6429,0.0,0.3571,0.0,0,0,0,0,0,0,0.0,0.0,0.0,1,446.6,0.0,0.4466,0.0,1.0,0.0,0.0,2,0.5147,44.6425,49.0406,57.5,0.75,0.25,1,1,27.0,1.5,,76.8,1.0,0.0,1,0.8745,55.3852,45.16,56.26,50.71,5.55,0.999371,0.000629,0.547115,0.452885,0.464701,0.535299,14.0,14.0,1,1,cfb-inseason-v3-game-lock-2026-08-30,0.252668,0.062534,0.018504,0.069599,0.545025,0.45134,0.420304,0.453373,6.938889,5.809743,5.466501,5.835168,3.05028,2.029965,1.379425,2.069137,0.711835,0.567753,0.380017,0.570025,0.20967,0.069746,0.452861,0.345958,0,,NO_QUALIFYING_CANDIDATE,,,,,,,,1,HOME,SELECTED_BY_MARKETS_YAML,-43.5,-112.0,0.547115,0.5043297540699689,0.04278524593003108,0.03561053571428574,0.03988380000000003,0.03988380000000003,0,,NO_QUALIFYING_CANDIDATE,,,,,,,,,0,,,,,,,,0,,,,,,,,1,-43.5,-112.0,0.547115,0.5043297540699689,0.04278524593003108,0.03561053571428574,0.03988380000000003,0.03988380000000003,1,43.5,-108.0,0.452885,0.4956702459300312,-0.04278524593003119,-0.12777703703703702,0.0,0.0,1,57.5,-108.0,0.464701,0.4956702459300312,-0.030969245930031197,-0.10502029629629622,0.0,0.0,1,57.5,-112.0,0.535299,0.5043297540699689,0.03096924593003103,0.013244535714285632,0.014833879999999909,0.014833879999999909
2026,2,2,401856786,2026-09-12,19:00,Western Carolina Catamounts,Cincinnati Bearcats,0,Nippert Stadium,open_air,Artificial,DraftKings,-36.5,60.5,0,0,1,2.5,2132,,1,0,0,1,5.8711,0.0,,6.346,,,1,1,36.741,0.9742,0.0258,,30.951,-30.951,30.951,36.5,0.6429,0.0,0.3571,0.0,0,0,0,0,0,0,0.0,0.0,0.0,1,,0.0,,,,,0.0,0,0.0,34.5182,46.5074,60.5,0.75,0.25,1,1,22.5,1.8,,94.5,0.0,0.0,1,0.7058,57.0019,34.52,57.71,46.11,11.59,0.993161,0.006839,0.443715,0.556285,0.420954,0.579046,14.0,14.0,1,1,cfb-inseason-v3-game-lock-2026-08-30,0.09396,0.062534,0.014721,0.069599,0.450318,0.45134,0.447176,0.453373,5.832932,5.809743,5.658228,5.835168,2.225105,2.029965,1.76404,2.069137,0.628502,0.567753,0.491128,0.570025,0.10425,0.069746,0.369527,0.345958,0,,NO_QUALIFYING_CANDIDATE,,,,,,,,0,,NO_QUALIFYING_CANDIDATE,,,,,,,,,0,,NO_QUALIFYING_CANDIDATE,,,,,,,,,0,,,,,,,,0,,,,,,,,1,-36.5,-112.0,0.443715,0.5043297540699689,-0.06061475406996891,-0.1601108928571428,0.0,0.0,1,36.5,-108.0,0.556285,0.4956702459300312,0.06061475406996886,0.07136370370370382,0.07707280000000011,0.05,1,60.5,-108.0,0.420954,0.4956702459300312,-0.07471624593003118,-0.1892737777777777,0.0,0.0,1,60.5,-112.0,0.579046,0.5043297540699689,0.07471624593003101,0.09605135714285706,0.10757751999999991,0.05
2026,2,2,401856784,2026-09-12,19:08,Prairie View A&M Panthers,Baylor Bears,0,McLane Stadium,open_air,Artificial,DraftKings,-37.5,55.5,0,0,1,2.5,239,,1,0,0,1,-0.6941,0.0,,7.139,,,1,1,37.084,0.984,0.016,,35.11,-35.11,35.11,37.5,0.6429,0.0,0.3571,0.0,0,0,0,0,0,0,0.0,0.0,0.0,1,,0.0,,,,,0.0,0,0.0,36.6464,43.9694,55.5,0.75,0.25,1,1,33.5,4.2,,50.8,1.0,0.0,1,-0.6435,52.6174,36.65,51.97,44.31,7.66,0.995572,0.004428,0.475692,0.524308,0.400573,0.599427,14.0,14.0,1,1,cfb-inseason-v3-game-lock-2026-08-30,0.020612,0.062534,0.014811,0.069599,0.436947,0.45134,0.440026,0.453373,5.383366,5.809743,5.583445,5.835168,1.763566,2.029965,1.784186,2.069137,0.545169,0.567753,0.602239,0.570025,0.016831,0.069746,0.336699,0.345958,0,,NO_QUALIFYING_CANDIDATE,,,,,,,,0,,NO_QUALIFYING_CANDIDATE,,,,,,,,,0,,NO_QUALIFYING_CANDIDATE,,,,,,,,,0,,,,,,,,0,,,,,,,,1,-37.5,-105.0,0.475692,0.4891657638136511,-0.013473763813651118,-0.071268,0.0,0.0,1,37.5,-115.0,0.524308,0.5108342361863489,0.013473763813651063,-0.019772000000000067,0.0,0.0,1,55.5,-110.0,0.400573,0.5,-0.09942699999999999,-0.23526972727272716,0.0,0.0,1,55.5,-110.0,0.599427,0.5,0.09942700000000004,0.1443606363636365,0.15879670000000012,0.05
2026,2,2,401868008,2026-09-12,19:30,Fordham Rams,Coastal Carolina Chanticleers,0,Brooks Stadium (SC),open_air,Artificial,DraftKings,-35.5,53.5,0,0,1,2.5,324,,1,0,0,1,0.5233,0.0,,-11.058,,,1,1,20.01,0.9658,0.0342,,28.476,-28.476,28.476,35.5,0.6429,0.0,0.3571,0.0,0,0,0,0,0,0,0.0,0.0,0.0,1,563.7,0.0,0.5637000000000001,0.0,1.0,0.0,0.0,2,0.6497,32.9914,46.9018,53.5,0.75,0.25,1,1,26.3,5.4,,88.5,0.0,0.0,1,-1.3181,51.8505,33.64,50.53,42.09,8.45,0.991868,0.008132,0.447185,0.552815,0.416063,0.583937,14.0,14.0,1,1,cfb-inseason-v3-game-lock-2026-08-30,0.101636,0.062534,0.082265,0.069599,0.446726,0.45134,0.434669,0.453373,6.086703,5.809743,5.817052,5.835168,1.886643,2.029965,2.171091,2.069137,0.489613,0.567753,0.580017,0.570025,0.165477,0.069746,0.297305,0.345958,0,,NO_QUALIFYING_CANDIDATE,,,,,,,,0,,NO_QUALIFYING_CANDIDATE,,,,,,,,,0,,NO_QUALIFYING_CANDIDATE,,,,,,,,,0,,,,,,,,0,,,,,,,,1,-35.5,-112.0,0.447185,0.5043297540699689,-0.05714475406996894,-0.15354267857142867,0.0,0.0,1,35.5,-108.0,0.552815,0.4956702459300312,0.05714475406996877,0.0646807407407407,0.06985519999999995,0.05,1,53.5,-110.0,0.416063,0.5,-0.08393699999999998,-0.20569790909090896,0.0,0.0,1,53.5,-110.0,0.583937,0.5,0.08393700000000004,0.1147888181818183,0.12626770000000012,0.05
2026,2,2,401858219,2026-09-12,19:30,Georgia Southern Eagles,Clemson Tigers,0,"Memorial Stadium (Clemson, SC)",open_air,Grass,DraftKings,-19.5,55.5,0,0,1,2.5,228,290,1,1,0,0,-13.5305,13.8056,-24.836,6.478,-7.96,16.938,1,1,49.852,0.8839,0.1161,,17.298,-17.298,17.298,19.5,0.36,0.28,0.2,0.16,0,0,0,0,0,0,0.0,0.0,0.0,1,168.0,0.0,0.168,0.0,1.0,0.0,0.0,2,0.1936,11.2485,41.9365,55.5,0.75,0.25,1,1,23.7,1.4,,94.7,0.0,0.0,1,0.9307,52.1091,11.44,53.04,32.24,20.8,0.79312,0.20688,0.282455,0.717545,0.430254,0.569746,14.0,14.0,1,1,cfb-inseason-v3-game-lock-2026-08-30,-0.085122,0.090862,0.124633,-0.091567,0.40506,0.44375,0.476007,0.358746,5.088439,6.05498,6.134793,4.551129,1.591405,1.968695,2.353784,1.379425,0.711835,0.511835,0.630017,0.380017,0.002944,0.115151,0.256279,0.349686,0,,NO_QUALIFYING_CANDIDATE,,,,,,,,1,AWAY,SELECTED_BY_MARKETS_YAML,19.5,-105.0,0.717545,0.4891657638136511,0.22837923618634887,0.40092119047619046,0.42096725,0.42096725,0,,NO_QUALIFYING_CANDIDATE,,,,,,,,,1,-1200.0,0.79312,0.8869565217391304,-0.09383652173913037,-0.14078666666666667,0.0,0.0,1,750.0,0.20688,0.11304347826086955,0.09383652173913046,0.75848,0.10113066666666667,0.05,1,-19.5,-115.0,0.282455,0.5108342361863489,-0.22837923618634892,-0.47193195652173914,0.0,0.0,1,19.5,-105.0,0.717545,0.4891657638136511,0.22837923618634887,0.40092119047619046,0.42096725,0.05,1,55.5,-102.0,0.430254,0.4826358742837298,-0.05238187428372976,-0.1479283529411764,0.0,0.0,1,55.5,-118.0,0.569746,0.5173641257162701,0.05238187428372987,0.052581593220338896,0.0620462799999999,0.05
2026,2,2,401864500,2026-09-12,19:30,Montana State Bobcats,Nevada Wolf Pack,0,Mackay Stadium,open_air,Artificial,DraftKings,3.5,51.5,0,0,1,2.5,2440,,1,0,0,1,10.9426,0.0,,-3.067,,,1,1,47.764,0.5857,0.4143,,2.949,-2.949,2.949,-3.5,0.6429,0.0,0.3571,0.0,0,0,0,0,0,0,0.0,0.0,0.0,1,,0.0,,,,,0.0,0,0.0,-1.1968,47.0972,51.5,0.75,0.25,1,1,22.7,4.6,,24.3,0.0,0.0,1,-0.8683,50.3993,-1.2,49.53,24.17,25.36,0.465938,0.534062,0.565337,0.434663,0.444075,0.555925,14.0,14.0,1,1,cfb-inseason-v3-game-lock-2026-08-30,0.163194,0.062534,0.048808,0.069599,0.479464,0.45134,0.454859,0.453373,6.825543,5.809743,5.364007,5.835168,2.35331,2.029965,1.738399,2.069137,0.711835,0.567753,0.602239,0.570025,0.150307,0.069746,0.397305,0.345958,0,,NO_QUALIFYING_CANDIDATE,,,,,,,,0,,NO_QUALIFYING_CANDIDATE,,,,,,,,,0,,NO_QUALIFYING_CANDIDATE,,,,,,,,,1,142.0,0.465938,0.3962430290578222,0.0696949709421778,0.12756995999999998,0.08983799999999999,0.05,1,-170.0,0.534062,0.6037569709421778,-0.0696949709421778,-0.15178388235294105,0.0,0.0,1,3.5,-108.0,0.565337,0.4956702459300312,0.0696667540699688,0.0887971851851852,0.09590096000000001,0.05,1,-3.5,-112.0,0.434663,0.5043297540699689,-0.06966675406996892,-0.17724503571428568,0.0,0.0,1,51.5,-115.0,0.444075,0.5108342361863489,-0.06675923618634894,-0.1697728260869566,0.0,0.0,1,51.5,-105.0,0.555925,0.4891657638136511,0.06675923618634888,0.0853773809523809,0.08964624999999996,0.05
2026,2,2,401862703,2026-09-12,19:30,Navy Midshipmen,Florida Atlantic Owls,0,FAU Stadium,open_air,Artificial,DraftKings,4,59.5,0,0,1,2.5,2226,2426,1,1,0,0,-10.8643,12.1271,-20.4915,-15.238,-0.61,-12.128,1,1,33.925,0.1875,0.8124,,-12.493,12.493,-12.493,-4.0,0.36,0.28,0.2,0.16,0,0,0,0,0,0,0.0,0.0,0.0,1,895.7,0.0,0.8957,0.0,1.0,0.0,0.0,2,1.0324,-10.6131,55.9552,59.5,0.75,0.25,1,1,24.0,2.4,,97.6,1.0,0.0,1,0.3685,58.6138,-9.58,58.98,24.7,34.28,0.246881,0.753119,0.345086,0.654914,0.485251,0.514749,14.0,14.0,1,1,cfb-inseason-v3-game-lock-2026-08-30,0.071263,0.182495,0.199206,0.116757,0.456449,0.520302,0.486328,0.421907,5.347236,6.09679,6.979664,5.992676,1.936643,2.908866,2.950853,1.93498,0.628502,0.711835,0.71335,0.380017,0.010934,0.155,0.382154,0.425083,0,,NO_QUALIFYING_CANDIDATE,,,,,,,,0,,NO_QUALIFYING_CANDIDATE,,,,,,,,,0,,NO_QUALIFYING_CANDIDATE,,,,,,,,,1,164.0,0.246881,0.36309581830587784,-0.11621481830587785,-0.34823416000000007,0.0,0.0,1,-198.0,0.753119,0.6369041816941222,0.11621481830587777,0.1334821313131314,0.26429462000000015,0.05,1,4.0,-108.0,0.345086,0.4956702459300312,-0.15058424593003117,-0.33538992592592587,0.0,0.0,1,-4.0,-112.0,0.654914,0.5043297540699689,0.15058424593003106,0.23965864285714278,0.26841767999999994,0.05,1,59.5,-110.0,0.485251,0.5,-0.014749000000000012,-0.07361172727272725,0.0,0.0,1,59.5,-110.0,0.514749,0.5,0.014749000000000012,-0.017297363636363583,0.0,0.0
2026,2,2,401860883,2026-09-12,19:30,Sacramento State Hornets,Fresno State Bulldogs,0,Valley Children's Stadium,open_air,Artificial,DraftKings,-17.5,44.5,0,0,1,2.5,278,16,1,1,0,0,-15.6543,3.9621,-17.1164,-6.997,-18.688,14.191,1,1,22.486,0.8466,0.1534,,14.558,-14.558,14.558,17.5,0.36,0.28,0.2,0.16,0,0,0,0,0,0,0.0,0.0,0.0,1,150.9,0.0,0.1509,0.0,0.0,1.0,0.0,2,-1.45,10.4465,42.4041,44.5,0.75,0.25,1,1,34.1,5.3,,14.0,0.0,0.0,1,-1.2619,43.976,9.0,42.71,25.86,16.86,0.73976,0.26024,0.271795,0.728205,0.449248,0.550752,14.0,14.0,1,1,cfb-inseason-v3-game-lock-2026-08-30,-0.048595,0.047539,0.134202,-0.013776,0.406954,0.456109,0.481736,0.422132,4.918616,5.753569,6.690112,5.477831,1.35331,1.951349,2.379425,1.690536,0.378502,0.545169,0.546683,0.630017,-0.004206,0.065997,0.297305,0.325877,0,,NO_QUALIFYING_CANDIDATE,,,,,,,,1,AWAY,SELECTED_BY_MARKETS_YAML,17.5,-110.0,0.728205,0.5,0.228205,0.39020954545454545,0.42923049999999996,0.42923049999999996,0,,NO_QUALIFYING_CANDIDATE,,,,,,,,,1,-900.0,0.73976,0.863013698630137,-0.12325369863013702,-0.17804444444444445,0.0,0.0,1,600.0,0.26024,0.13698630136986303,0.12325369863013699,0.8216800000000002,0.1369466666666667,0.05,1,-17.5,-110.0,0.271795,0.5,-0.228205,-0.48111863636363633,0.0,0.0,1,17.5,-110.0,0.728205,0.5,0.228205,0.39020954545454545,0.42923049999999996,0.05,1,44.5,-112.0,0.449248,0.5043297540699689,-0.05508175406996896,-0.14963771428571437,0.0,0.0,1,44.5,-108.0,0.550752,0.4956702459300312,0.05508175406996885,0.060707555555555626,0.06556416000000007,0.05
2026,2,2,401858445,2026-09-12,20:00,Louisiana Ragin' Cajuns,USC Trojans,0,Los Angeles Memorial Coliseum,open_air,Grass,DraftKings,-30.5,59.5,0,0,1,2.5,30,309,1,1,0,0,11.3504,9.888,3.9624,17.545,-6.676,26.721,1,1,63.258,0.9692,0.0308,,29.407,-29.407,29.407,30.5,0.36,0.28,0.2,0.16,0,0,0,0,0,0,0.0,0.0,0.0,1,1553.8,0.0,1.5537999999999998,2.0,1.0,0.0,0.0,2,1.7909,24.9773,45.9482,59.5,0.75,0.25,1,1,23.2,2.5,,80.6,0.0,0.0,1,0.3123,56.1121,26.77,56.42,41.6,14.83,0.972063,0.027937,0.394904,0.605096,0.413056,0.586944,14.0,14.0,1,1,cfb-inseason-v3-game-lock-2026-08-30,0.144641,0.103221,0.070089,0.02362,0.512798,0.472462,0.448915,0.46336,6.408876,6.211397,5.473445,5.056779,2.55331,2.302028,1.756236,1.379425,0.609271,0.628502,0.446683,0.380017,0.151903,0.124545,0.421115,0.355638,0,,NO_QUALIFYING_CANDIDATE,,,,,,,,0,,NO_QUALIFYING_CANDIDATE,,,,,,,,,0,,NO_QUALIFYING_CANDIDATE,,,,,,,,,1,-6500.0,0.972063,0.9538784067085954,0.01818459329140465,-0.012982184615384657,0.0,0.0,1,2000.0,0.027937,0.046121593291404604,-0.018184593291404604,-0.413323,0.0,0.0,1,-30.5,-118.0,0.394904,0.5173641257162701,-0.12246012571627013,-0.2704315932203391,0.0,0.0,1,30.5,-102.0,0.605096,0.4826358742837298,0.12246012571627019,0.19832737254901955,0.20229391999999993,0.05,1,59.5,-105.0,0.413056,0.4891657638136511,-0.07610976381365114,-0.19355733333333341,0.0,0.0,1,59.5,-115.0,0.586944,0.5108342361863489,0.07610976381365109,0.09733008695652168,0.11192959999999995,0.05
2026,2,2,401864502,2026-09-12,20:00,North Dakota State Bison,Air Force Falcons,0,Falcon Stadium,open_air,Artificial,DraftKings,1.5,47.5,0,0,1,2.5,2005,2449,1,1,0,0,14.6331,10.124,7.0091,-5.831,0.183,-3.514,1,1,46.418,0.3942,0.6058,,-3.664,3.664,-3.664,-1.5,0.36,0.28,0.2,0.16,0,0,0,0,0,0,0.0,0.0,0.0,1,680.3,0.0,0.6802999999999999,1.0,1.0,0.0,0.0,2,0.7841,-1.1353,44.027,47.5,0.75,0.25,1,1,18.2,5.0,,56.9,0.0,0.0,1,-1.0932,46.6318,-0.35,45.54,22.59,22.94,0.489995,0.510005,0.532701,0.467299,0.444289,0.555711,14.0,14.0,1,1,cfb-inseason-v3-game-lock-2026-08-30,0.122279,0.104677,-0.05653,-0.049679,0.493201,0.473825,0.410776,0.432248,5.796239,5.747848,4.92112,5.303445,2.612569,2.179397,1.379425,1.485485,0.645169,0.545169,,0.491128,0.090442,0.089742,0.386194,0.380064,0,,NO_QUALIFYING_CANDIDATE,,,,,,,,0,,NO_QUALIFYING_CANDIDATE,,,,,,,,,0,,NO_QUALIFYING_CANDIDATE,,,,,,,,,1,105.0,0.489995,0.4675324675324676,0.022462532467532437,0.004489749999999848,0.004275952380952237,0.004275952380952237,1,-125.0,0.510005,0.5324675324675325,-0.022462532467532492,-0.08199099999999993,0.0,0.0,1,1.5,-105.0,0.532701,0.4891657638136511,0.04353523618634886,0.04003528571428561,0.04203704999999989,0.04203704999999989,1,-1.5,-115.0,0.467299,0.5108342361863489,-0.04353523618634891,-0.1263540434782609,0.0,0.0,1,47.5,-112.0,0.444289,0.5043297540699689,-0.06004075406996895,-0.15902439285714298,0.0,0.0,1,47.5,-108.0,0.555711,0.4956702459300312,0.06004075406996878,0.07025822222222222,0.07587888,0.05
2026,2,2,401856670,2026-09-12,20:15,Arkansas Razorbacks,Utah Utes,0,Rice-Eccles Stadium,open_air,Artificial,DraftKings,-12.5,55.5,0,0,1,2.5,254,8,1,1,0,0,16.7265,7.5486,11.6779,11.148,2.256,11.392,1,1,67.675,0.8175,0.1825,,12.78,-12.78,12.78,12.5,0.36,0.28,0.2,0.16,0,0,0,0,0,0,0.0,0.0,0.0,1,1007.9,0.0,1.0079,1.0,1.0,0.0,0.0,2,1.1617,12.1142,48.4118,55.5,0.75,0.25,1,1,24.7,0.6,,28.4,0.0,0.0,1,1.3804,53.7279,13.28,55.11,34.19,20.92,0.828506,0.171494,0.522099,0.477901,0.488842,0.511158,14.0,14.0,1,1,cfb-inseason-v3-game-lock-2026-08-30,0.192882,0.021655,-0.010561,-0.05514,0.494587,0.47569,0.417003,0.38752,6.729018,5.535763,5.130549,5.076158,2.924739,2.091405,1.712758,1.690536,0.637761,0.568978,0.71335,0.602239,0.156149,-0.015078,0.397305,0.407109,0,,NO_QUALIFYING_CANDIDATE,,,,,,,,1,HOME,SELECTED_BY_MARKETS_YAML,-12.5,-110.0,0.522099,0.5,0.02209899999999998,-0.0032655454545454377,0.0,0.0,0,,NO_QUALIFYING_CANDIDATE,,,,,,,,,1,-500.0,0.828506,0.7999999999999999,0.02850600000000003,-0.00579280000000007,0.0,0.0,1,380.0,0.171494,0.19999999999999998,-0.028505999999999976,-0.1768288,0.0,0.0,1,-12.5,-110.0,0.522099,0.5,0.02209899999999998,-0.0032655454545454377,0.0,0.0,1,12.5,-110.0,0.477901,0.5,-0.02209899999999998,-0.08764354545454539,0.0,0.0,1,55.5,-112.0,0.488842,0.5043297540699689,-0.01548775406996894,-0.07469192857142859,0.0,0.0,1,55.5,-108.0,0.511158,0.4956702459300312,0.015487754069968829,-0.015547555555555481,0.0,0.0
