season,season_type,week,game_id,game_date,game_time,away_team,home_team,neutral_site,stadium,roof,surface,bookmaker,home_spread,total,neutral_site_original,neutral_site_corrected,home_stadium_match,home_field_points,home_team_id,away_team_id,home_prior_team_weeks,away_prior_team_weeks,home_prior_fallback,away_prior_fallback,home_prior_rating,away_prior_rating,prior_home_margin,home_fpi,away_fpi,fpi_home_margin,espn_prediction_match_valid,espn_margin_consistent,espn_matchup_quality,espn_home_prob,espn_away_prob,espn_tie_prob,espn_home_ptdiff,espn_away_ptdiff,espn_home_margin,market_home_margin,margin_weight_market,margin_weight_fpi,margin_weight_espn,margin_weight_prior,home_out_count,home_doubtful_count,home_questionable_count,away_out_count,away_doubtful_count,away_questionable_count,home_injury_penalty,away_injury_penalty,injury_margin_adjustment,travel_data_available,away_miles_traveled,home_miles_traveled,travel_net_miles_1000,travel_net_time_zones,travel_net_east_to_west,travel_net_west_to_east,travel_international,travel_features_used,travel_margin_adjustment,predicted_margin_before_travel,prior_total,market_total,total_weight_market,total_weight_prior,weather_data_available,weather_exposed,weather_temperature_c,weather_wind_speed_ms,weather_wind_gust_ms,weather_humidity_pct,weather_rain_flag,weather_snow_flag,weather_features_used,weather_total_adjustment,predicted_total_before_weather,predicted_margin,predicted_total,predicted_home_score,predicted_away_score,home_win_probability,away_win_probability,home_cover_probability,away_cover_probability,over_probability,under_probability,probability_margin_sd,probability_total_sd,spread_probability_line_available,total_probability_line_available,projection_version,home_prior_off_epa_per_play,away_prior_off_epa_per_play,home_prior_def_epa_per_play,away_prior_def_epa_per_play,home_prior_off_success_rate,away_prior_off_success_rate,home_prior_def_success_rate,away_prior_def_success_rate,home_prior_yards_per_play,away_prior_yards_per_play,home_prior_yards_per_play_allowed,away_prior_yards_per_play_allowed,home_prior_points_per_drive,away_prior_points_per_drive,home_prior_points_per_drive_allowed,away_prior_points_per_drive_allowed,home_prior_red_zone_td_rate,away_prior_red_zone_td_rate,home_prior_red_zone_td_rate_allowed,away_prior_red_zone_td_rate_allowed,home_prior_early_down_epa,away_prior_early_down_epa,home_prior_third_down_conversion_rate,away_prior_third_down_conversion_rate,ml_selected,ml_selection,ml_selection_reason,ml_odds_american,ml_model_probability,ml_implied_probability,ml_edge,ml_ev,ml_full_kelly,ml_kelly,spread_selected,spread_selection,spread_selection_reason,spread_line,spread_odds_american,spread_model_probability,spread_implied_probability,spread_edge,spread_ev,spread_full_kelly,spread_kelly,total_selected,total_selection,total_selection_reason,total_line,total_odds_american,total_model_probability,total_implied_probability,total_edge,total_ev,total_full_kelly,total_kelly,ml_home_available,ml_home_odds_american,ml_home_model_probability,ml_home_implied_probability,ml_home_edge,ml_home_ev,ml_home_full_kelly,ml_home_kelly,ml_away_available,ml_away_odds_american,ml_away_model_probability,ml_away_implied_probability,ml_away_edge,ml_away_ev,ml_away_full_kelly,ml_away_kelly,spread_home_available,spread_home_line,spread_home_odds_american,spread_home_model_probability,spread_home_implied_probability,spread_home_edge,spread_home_ev,spread_home_full_kelly,spread_home_kelly,spread_away_available,spread_away_line,spread_away_odds_american,spread_away_model_probability,spread_away_implied_probability,spread_away_edge,spread_away_ev,spread_away_full_kelly,spread_away_kelly,total_over_available,total_over_line,total_over_odds_american,total_over_model_probability,total_over_implied_probability,total_over_edge,total_over_ev,total_over_full_kelly,total_over_kelly,total_under_available,total_under_line,total_under_odds_american,total_under_model_probability,total_under_implied_probability,total_under_edge,total_under_ev,total_under_full_kelly,total_under_kelly
2026,2,3,401858225,2026-09-17,19:30,Syracuse Orange,Pittsburgh Panthers,0,Acrisure Stadium,open_air,Grass,DraftKings,-10.5,51.5,0,0,1,2.5,221,183,2,2,0,0,14.3017,8.9764,7.8252,11.617,1.193,12.924,1,1,66.881,0.8245,0.1755,,13.184,-13.184,13.184,10.5,0.36,0.28,0.2,0.16,0,0,0,0,0,0,0.0,0.0,0.0,1,268.3,0.0,0.26830000000000004,0.0,1.0,0.0,0.0,2,0.3092,11.2876,43.2623,51.5,0.75,0.25,1,1,23.7,2.0,,94.4,1.0,0.0,1,0.5934,49.4406,11.6,50.03,30.82,19.22,0.760791,0.239209,0.526726,0.473274,0.461632,0.538368,16.36,15.22,1,1,cfb-inseason-v6-history-coverage-2026-09-16,0.134686,0.016464,-0.058245,-0.067963,0.461777,0.443136,0.383761,0.412385,6.299982,6.16506,5.257025,5.004924,2.514647,2.185072,1.513935,1.310231,0.597398,0.511683,0.630731,0.729864,0.132156,0.024684,0.356552,0.421367,0,,NO_QUALIFYING_CANDIDATE,,,,,,,,0,,NO_QUALIFYING_CANDIDATE,,,,,,,,,0,,NO_QUALIFYING_CANDIDATE,,,,,,,,,1,-425.0,0.760791,0.7768331562167907,-0.016042156216790726,-0.060199352941176426,0.0,0.0,1,330.0,0.239209,0.22316684378320936,0.016042156216790643,0.028598699999999977,0.00866627272727272,0.00866627272727272,1,-10.5,-105.0,0.5268035501965352,0.4891657638136511,0.03763778638288412,0.028521217050378356,0.029947277902897276,0.029947277902897276,1,10.5,-115.0,0.47319644980346476,0.5108342361863489,-0.037637786382884175,-0.11532837645439203,0.0,0.0,1,51.5,-110.0,0.46152860285775055,0.5,-0.03847139714224945,-0.11889993999883985,0.0,0.0,1,51.5,-110.0,0.5384713971422495,0.5,0.03847139714224945,0.027990849089749026,0.030789933998723925,0.030789933998723925
2026,2,3,401856811,2026-09-18,19:00,Houston Cougars,Texas Tech Red Raiders,0,Jones AT&T Stadium,open_air,Artificial,DraftKings,-7.5,52.5,0,0,1,2.5,2641,248,2,2,0,0,7.4775,21.7479,-11.7704,16.069,9.179,9.39,1,1,80.216,0.7571,0.2429,,9.692,-9.692,9.692,7.5,0.36,0.28,0.2,0.16,0,0,0,0,0,0,0.0,0.0,0.0,1,467.5,0.0,0.4675,0.0,1.0,0.0,0.0,2,0.5388,5.3843,48.9774,52.5,0.75,0.25,1,1,31.4,4.8,,34.0,0.0,0.0,1,-0.9808,51.6194,5.92,50.64,28.28,22.36,0.641343,0.358657,0.461608,0.538392,0.45133,0.54867,16.36,15.22,1,1,cfb-inseason-v6-history-coverage-2026-09-16,0.105325,0.249157,0.027243,0.042542,0.450114,0.543687,0.416905,0.414467,5.724735,7.191898,5.558431,5.37131,2.283878,3.175417,1.581624,1.476898,0.51962,0.654541,0.464064,0.729864,0.073504,0.220546,0.367795,0.457081,0,,NO_QUALIFYING_CANDIDATE,,,,,,,,0,,NO_QUALIFYING_CANDIDATE,,,,,,,,,0,,NO_QUALIFYING_CANDIDATE,,,,,,,,,1,-325.0,0.641343,0.7335423197492164,-0.09219931974921636,-0.1613206923076923,0.0,0.0,1,260.0,0.358657,0.26645768025078376,0.09219931974921625,0.2911652,0.11198661538461538,0.05,1,-7.5,-110.0,0.4615311544225581,0.5,-0.0384688455774419,-0.11889506882966178,0.0,0.0,1,7.5,-110.0,0.5384688455774419,0.5,0.0384688455774419,0.027985977920570948,0.03078457571262804,0.03078457571262804,1,52.5,-112.0,0.4513672952879931,0.5043297540699689,-0.05296245878197586,-0.1456261910620132,0.0,0.0,1,52.5,-108.0,0.548632704712007,0.4956702459300312,0.05296245878197581,0.056625949815717225,0.061156025800974595,0.05
2026,2,3,401858226,2026-09-18,19:30,Miami Hurricanes,Wake Forest Demon Deacons,0,Allegacy Federal Credit Union Stadium,open_air,Artificial,DraftKings,21,56.5,0,0,1,2.5,154,2390,2,2,0,0,6.4888,31.5148,-22.526,4.103,25.731,-19.128,1,1,82.223,0.0833,0.9167,,-20.445,20.445,-20.445,-21.0,0.36,0.28,0.2,0.16,0,0,0,0,0,0,0.0,0.0,0.0,1,702.9,0.0,0.7029,0.0,1.0,0.0,0.0,2,0.8102,-20.609,54.7802,56.5,0.75,0.25,1,1,27.4,2.7,,69.9,0.0,0.0,1,0.1998,56.0701,-19.8,56.27,18.24,38.03,0.113101,0.886899,0.529264,0.470736,0.493968,0.506032,16.36,15.22,1,1,cfb-inseason-v6-history-coverage-2026-09-16,0.209744,0.251111,0.146454,-0.055492,0.496168,0.545029,0.518051,0.385169,6.590713,8.124595,5.552391,4.70104,2.974583,3.02875,2.472689,1.050972,0.547398,0.697398,0.597398,0.297398,0.181415,0.284016,0.363675,0.457081,0,,NO_QUALIFYING_CANDIDATE,,,,,,,,0,,NO_QUALIFYING_CANDIDATE,,,,,,,,,0,,NO_QUALIFYING_CANDIDATE,,,,,,,,,1,850.0,0.113101,0.10114192495921696,0.01195907504078303,0.0744594999999999,0.008759941176470576,0.008759941176470576,1,-1450.0,0.886899,0.8988580750407832,-0.011959075040783196,-0.05193555172413801,0.0,0.0,1,21.0,-120.0,0.5292360517935292,0.5217391304347826,0.007496921358746578,-0.029733905045196463,0.0,0.0,1,-21.0,100.0,0.47076394820647083,0.4782608695652174,-0.007496921358746578,-0.058472103587058344,0.0,0.0,1,56.5,-108.0,0.4939715353285089,0.4956702459300312,-0.0016987106015222686,-0.048647413441390175,0.0,0.0,1,56.5,-112.0,0.5060284646714911,0.5043297540699689,0.0016987106015221576,-0.04216040615753475,0.0,0.0
2026,2,3,401858455,2026-09-18,19:30,Portland State Vikings,Oregon Ducks,0,Autzen Stadium,open_air,Artificial,DraftKings,-57.5,67.5,0,0,1,2.5,2483,,2,0,0,1,3.6613,0.0,,17.059,,,1,1,47.646,0.9969,0.0031,,49.105,-49.105,49.105,57.5,0.6429,0.0,0.3571,0.0,0,0,0,0,0,0,0.0,0.0,0.0,1,102.7,0.0,0.1027,0.0,1.0,0.0,0.0,2,0.1184,54.5018,46.3661,67.5,0.75,0.25,1,1,20.6,2.7,,64.6,0.0,0.0,1,0.1998,62.2165,54.62,62.42,58.52,3.9,0.999579,0.000421,0.430135,0.569865,0.369186,0.630814,16.36,15.22,1,1,cfb-inseason-v6-history-coverage-2026-09-16,0.03982,0.051438,-0.0123,0.065078,0.425858,0.450272,0.443727,0.456246,6.239905,5.873843,6.163878,5.986124,2.084702,1.9678,1.965114,2.04605,0.597398,0.580791,0.464064,0.585112,0.149341,0.070629,0.344444,0.339736,0,,NO_QUALIFYING_CANDIDATE,,,,,,,,0,,NO_QUALIFYING_CANDIDATE,,,,,,,,,0,,NO_QUALIFYING_CANDIDATE,,,,,,,,,0,,,,,,,,0,,,,,,,,1,-57.5,-108.0,0.4301316045842186,0.4956702459300312,-0.06553864134581255,-0.17159839117113446,0.0,0.0,1,57.5,-112.0,0.5698683954157814,0.5043297540699689,0.06553864134581244,0.07867946275130044,0.0881209982814565,0.05,1,67.5,-112.0,0.36927605079642656,0.5043297540699689,-0.13505370327354238,-0.3010131895639069,0.0,0.0,1,67.5,-108.0,0.6307239492035734,0.4956702459300312,0.13505370327354227,0.2147276058735489,0.23190581434343277,0.05
2026,2,3,401858451,2026-09-19,11:00,Akron Zips,Minnesota Golden Gophers,0,Huntington Bank Stadium,open_air,Artificial,DraftKings,-23.5,49.5,0,0,1,2.5,135,2006,2,2,0,0,2.1662,4.8625,-0.1963,-1.305,-15.759,16.954,1,1,30.765,0.8907,0.1093,,17.88,-17.88,17.88,23.5,0.36,0.28,0.2,0.16,0,0,0,0,0,0,0.0,0.0,0.0,1,649.6,0.0,0.6496000000000001,1.0,1.0,0.0,0.0,2,0.7487,16.7517,45.8396,49.5,0.75,0.25,1,1,17.6,5.8,,80.6,0.0,0.0,1,-1.543,48.5849,17.5,47.04,32.27,14.77,0.857625,0.142375,0.356913,0.643087,0.435848,0.564152,16.36,15.22,1,1,cfb-inseason-v6-history-coverage-2026-09-16,0.097641,0.121499,0.085867,0.128317,0.490669,0.506923,0.454784,0.44925,5.922438,6.011751,5.944038,6.236528,1.951938,2.16933,1.895417,1.955417,0.497398,0.672398,0.697398,0.484898,0.038758,0.147783,0.393589,0.3797,0,,NO_QUALIFYING_CANDIDATE,,,,,,,,0,,NO_QUALIFYING_CANDIDATE,,,,,,,,,0,,NO_QUALIFYING_CANDIDATE,,,,,,,,,1,-2100.0,0.857625,0.9197080291970803,-0.06208302919708031,-0.10153571428571427,0.0,0.0,1,1100.0,0.142375,0.08029197080291971,0.062083029197080294,0.7085,0.06440909090909092,0.05,1,-23.5,-105.0,0.35690343735419405,0.4891657638136511,-0.13226232645945707,-0.3031885270703831,0.0,0.0,1,23.5,-115.0,0.643096562645806,0.5108342361863489,0.132262326459457,0.2023109649465067,0.23265760968848273,0.05,1,49.5,-105.0,0.4357988381690953,0.4891657638136511,-0.05336692564455581,-0.1491546492889091,0.0,0.0,1,49.5,-115.0,0.5642011618309046,0.5108342361863489,0.053366925644555696,0.054810867770821614,0.06303249793644487,0.05
2026,2,3,401856812,2026-09-19,11:00,Arizona State Sun Devils,Kansas Jayhawks,0,Memorial Stadium,open_air,Artificial,DraftKings,5.5,50.5,1,1,1,2.5,2305,9,2,2,0,0,7.5647,10.2658,-0.2011,0.86,4.94,-1.58,1,1,57.85,0.4647,0.5353,,-1.206,1.206,-1.206,-5.5,0.36,0.28,0.2,0.16,0,0,0,0,0,0,0.0,0.0,0.0,1,1004.0,0.0,1.004,2.0,0.0,1.0,0.0,2,-0.4667,-2.6958,47.5983,50.5,0.75,0.25,1,1,29.9,5.4,,54.2,0.0,0.0,1,-1.3181,49.7746,-3.16,48.46,22.65,25.81,0.42336,0.57664,0.556807,0.443193,0.446596,0.553404,16.36,15.22,1,1,cfb-inseason-v6-history-coverage-2026-09-16,0.090205,0.101919,0.011353,-0.01612,0.4423,0.471872,0.408962,0.428445,6.136803,7.302137,5.487439,5.08346,2.19912,2.32875,1.995417,1.754676,0.747398,0.511683,0.447398,0.630731,0.087794,0.072706,0.356552,0.30773,0,,NO_QUALIFYING_CANDIDATE,,,,,,,,1,HOME,SELECTED_BY_MARKETS_YAML,5.5,-112.0,0.556867460702586,0.5043297540699689,0.05253770663261703,0.054070550615609114,0.060559016689482215,0.060559016689482215,0,,NO_QUALIFYING_CANDIDATE,,,,,,,,,1,170.0,0.42336,0.35527082119976705,0.06808917880023296,0.1430720000000001,0.08416000000000004,0.05,1,-205.0,0.57664,0.644729178800233,-0.06808917880023291,-0.14207219512195118,0.0,0.0,1,5.5,-112.0,0.556867460702586,0.5043297540699689,0.05253770663261703,0.054070550615609114,0.060559016689482215,0.05,1,-5.5,-108.0,0.44313253929741403,0.4956702459300312,-0.05253770663261714,-0.14655955394572107,0.0,0.0,1,50.5,-110.0,0.44668777898069356,0.5,-0.05331222101930644,-0.1472324219459486,0.0,0.0,1,50.5,-110.0,0.5533122210193064,0.5,0.05331222101930644,0.05632333103685783,0.061955664140543605,0.05
2026,2,3,401856798,2026-09-19,11:00,Bowling Green Falcons,Iowa State Cyclones,0,Jack Trice Stadium,open_air,Grass,DraftKings,-23.5,43.5,0,0,1,2.5,66,189,2,2,0,0,5.8481,-14.8877,23.2359,0.759,-19.246,22.505,1,1,30.162,0.9408,0.0592,,23.579,-23.579,23.579,23.5,0.36,0.28,0.2,0.16,0,0,0,0,0,0,0.0,0.0,0.0,1,518.2,0.0,0.5182,1.0,1.0,0.0,0.0,2,0.5973,23.1949,42.2462,43.5,0.75,0.25,1,1,26.5,3.1,,74.5,0.0,0.0,1,-0.025,43.1865,23.79,43.16,33.48,9.68,0.927067,0.072933,0.507125,0.492875,0.491128,0.508872,16.36,15.22,1,1,cfb-inseason-v6-history-coverage-2026-09-16,0.033364,-0.038406,-0.064171,0.183403,0.41563,0.428404,0.410051,0.516129,5.733687,5.551667,5.014961,6.820904,1.906131,1.430199,1.515417,2.495417,0.609898,0.422398,0.630731,0.609898,0.042498,0.016935,0.323541,0.3172,0,,NO_QUALIFYING_CANDIDATE,,,,,,,,0,,NO_QUALIFYING_CANDIDATE,,,,,,,,,0,,NO_QUALIFYING_CANDIDATE,,,,,,,,,1,-2800.0,0.927067,0.9311163895486936,-0.004049389548693605,-0.039823464285714226,0.0,0.0,1,1300.0,0.072933,0.06888361045130642,0.004049389548693577,0.021062000000000025,0.001620153846153848,0.001620153846153848,1,-23.5,-115.0,0.5070713449148924,0.5108342361863489,-0.00376289127145657,-0.05199705081128825,0.0,0.0,1,23.5,-105.0,0.49292865508510764,0.4891657638136511,0.0037628912714565144,-0.03761548292907557,0.0,0.0,1,43.5,-115.0,0.49108875856135775,0.5108342361863489,-0.01974547762499118,-0.08187753834180955,0.0,0.0,1,43.5,-105.0,0.5089112414386423,0.4891657638136511,0.01974547762499118,-0.0064113857626507675,0.0,0.0
2026,2,3,401856686,2026-09-19,11:00,Georgia Bulldogs,Arkansas Razorbacks,0,Razorback Stadium,open_air,Artificial,DraftKings,24.5,54.5,0,0,1,2.5,8,61,2,2,0,0,-3.5186,24.4072,-25.4258,-1.738,26.552,-25.79,1,1,76.544,0.0395,0.9605,,-27.21,27.21,-27.21,-24.5,0.36,0.28,0.2,0.16,0,0,0,0,0,0,0.0,0.0,0.0,1,628.4,0.0,0.6284,1.0,1.0,0.0,0.0,2,0.7243,-25.5513,48.3441,54.5,0.75,0.25,1,1,32.1,5.0,,37.7,0.0,0.0,1,-1.0932,52.961,-24.83,51.87,13.52,38.35,0.064564,0.935436,0.492025,0.507975,0.431348,0.568652,16.36,15.22,1,1,cfb-inseason-v6-history-coverage-2026-09-16,-0.024267,0.247596,0.04721,0.01656,0.447256,0.529235,0.445957,0.422167,5.292966,8.027345,5.93733,4.688868,1.815417,3.16783,2.032454,1.391968,0.575176,0.682013,0.741842,0.672398,-0.071791,0.241891,0.413791,0.406661,0,,NO_QUALIFYING_CANDIDATE,,,,,,,,0,,NO_QUALIFYING_CANDIDATE,,,,,,,,,0,,NO_QUALIFYING_CANDIDATE,,,,,,,,,1,1200.0,0.064564,0.0741839762611276,-0.009619976261127608,-0.16066800000000014,0.0,0.0,1,-2400.0,0.935436,0.9258160237388724,0.00961997626112765,-0.02558749999999988,0.0,0.0,1,24.5,-112.0,0.4919534214247291,0.5043297540699689,-0.012376332645239851,-0.06880245230319137,0.0,0.0,1,-24.5,-108.0,0.5080465785752709,0.4956702459300312,0.01237633264523974,-0.021539922743922635,0.0,0.0,1,54.5,-105.0,0.43140473169426075,0.4891657638136511,-0.057761032119390376,-0.15773361907311,0.0,0.0,1,54.5,-115.0,0.5685952683057393,0.5108342361863489,0.05776103211939032,0.06302593639768633,0.0724798268573393,0.05
2026,2,3,401860889,2026-09-19,11:00,North Texas Mean Green,Texas State Bobcats,0,Bobcat Stadium (TX),open_air,Artificial,DraftKings,-2.5,62.5,0,0,1,2.5,326,249,2,2,0,0,-5.0347,4.8541,-7.3888,-8.247,0.773,-6.52,1,1,44.324,0.2966,0.7034,,-7.361,7.361,-7.361,2.5,0.36,0.28,0.2,0.16,0,0,0,0,0,0,0.0,0.0,0.0,1,233.3,0.0,0.2333,0.0,1.0,0.0,0.0,2,0.2689,-3.58,49.1471,62.5,0.75,0.25,1,1,29.8,2.3,,61.0,0.0,0.0,1,0.4247,59.1618,-3.31,59.59,28.14,31.45,0.419806,0.580194,0.361219,0.638781,0.424096,0.575904,16.36,15.22,1,1,cfb-inseason-v6-history-coverage-2026-09-16,0.06586,0.122315,0.185279,0.033643,0.482613,0.453075,0.489749,0.452087,6.035936,6.155521,6.233548,5.801819,1.655417,2.149263,2.538895,2.20375,0.51962,0.575176,0.672398,0.575176,0.076786,0.129498,0.447229,0.385653,0,,NO_QUALIFYING_CANDIDATE,,,,,,,,0,,NO_QUALIFYING_CANDIDATE,,,,,,,,,0,,NO_QUALIFYING_CANDIDATE,,,,,,,,,1,-148.0,0.419806,0.5720596355604638,-0.15225363556046378,-0.2965412972972973,0.0,0.0,1,124.0,0.580194,0.4279403644395361,0.1522536355604639,0.2996345600000001,0.24164077419354843,0.05,1,-2.5,-118.0,0.3612444254831798,0.5173641257162701,-0.1561197002330903,-0.3326162308870068,0.0,0.0,1,2.5,-102.0,0.6387555745168202,0.4826358742837298,0.1561197002330904,0.26498652992546745,0.2702862605239768,0.05,1,62.5,-112.0,0.4241860989730045,0.5043297540699689,-0.08014365509696442,-0.1970763126582415,0.0,0.0,1,62.5,-108.0,0.5758139010269955,0.4956702459300312,0.0801436550969643,0.10897492049643576,0.1176929141361506,0.05
2026,2,3,401856792,2026-09-19,11:00,Tulane Green Wave,Kansas State Wildcats,0,Bill Snyder Family Stadium,open_air,Artificial,DraftKings,-20.5,49.5,0,0,1,2.5,2306,2655,2,2,0,0,26.5522,0.1515,28.9007,10.888,-0.759,14.147,1,1,64.104,0.8535,0.1465,,15.023,-15.023,15.023,20.5,0.36,0.28,0.2,0.16,0,0,0,0,0,0,0.0,0.0,0.0,1,737.7,0.0,0.7377,0.0,1.0,0.0,0.0,2,0.8503,18.9699,43.4077,49.5,0.75,0.25,1,1,28.8,4.6,,59.9,0.0,0.0,1,-0.8683,47.9769,19.82,47.11,33.46,13.64,0.887148,0.112852,0.483426,0.516574,0.437574,0.562426,16.36,15.22,1,1,cfb-inseason-v6-history-coverage-2026-09-16,0.146913,0.063903,-0.103669,0.093476,0.503373,0.413785,0.377511,0.444752,6.857517,6.412487,4.425856,5.916138,3.037083,1.64125,1.055417,1.815417,0.672398,0.672398,0.297398,0.51962,0.108895,0.081028,0.5047,0.331367,0,,NO_QUALIFYING_CANDIDATE,,,,,,,,0,,NO_QUALIFYING_CANDIDATE,,,,,,,,,0,,NO_QUALIFYING_CANDIDATE,,,,,,,,,1,-1800.0,0.887148,0.912442396313364,-0.025294396313363943,-0.06356599999999993,0.0,0.0,1,1000.0,0.112852,0.08755760368663595,0.02529439631336404,0.24137199999999992,0.02413719999999999,0.02413719999999999,1,-20.5,-115.0,0.4834228203731133,0.5108342361863489,-0.02741141581323564,-0.09620950973722309,0.0,0.0,1,20.5,-105.0,0.5165771796268868,0.4891657638136511,0.02741141581323564,0.008555445938207451,0.008983218235117824,0.008983218235117824,1,49.5,-108.0,0.437610514380162,0.4956702459300312,-0.058059731549869154,-0.15719456489746564,0.0,0.0,1,49.5,-112.0,0.5623894856198379,0.5043297540699689,0.05805973154986899,0.06452295492326465,0.07226570951405642,0.05
2026,2,3,401869940,2026-09-19,11:30,Coastal Carolina Chanticleers,Delaware Blue Hens,0,Delaware Stadium,open_air,Artificial,DraftKings,-4.5,56.5,0,0,1,2.5,48,324,2,2,0,0,6.4174,8.0449,0.8725,-3.822,-9.693,8.371,1,1,36.512,0.7326,0.2674,,8.59,-8.59,8.59,4.5,0.36,0.28,0.2,0.16,0,0,0,0,0,0,0.0,0.0,0.0,1,444.0,0.0,0.444,0.0,0.0,1.0,0.0,2,-1.1122,5.8215,42.7135,56.5,0.75,0.25,1,1,21.3,3.6,,60.9,0.0,0.0,1,-0.3061,53.0534,4.71,52.75,28.73,24.02,0.613272,0.386728,0.505104,0.494896,0.402621,0.597379,16.36,15.22,1,1,cfb-inseason-v6-history-coverage-2026-09-16,0.027761,0.09516,-0.058246,-0.038508,0.423163,0.454784,0.404203,0.416487,6.134354,6.077371,5.230709,5.502806,2.092191,1.995417,1.595417,1.745417,0.597398,0.609898,0.654541,0.583112,0.021513,0.157004,0.332081,0.3172,0,,NO_QUALIFYING_CANDIDATE,,,,,,,,0,,NO_QUALIFYING_CANDIDATE,,,,,,,,,0,,NO_QUALIFYING_CANDIDATE,,,,,,,,,1,-192.0,0.613272,0.6309403437815976,-0.01766834378159754,-0.06731549999999986,0.0,0.0,1,160.0,0.386728,0.3690596562184024,0.017668343781597595,0.005492800000000075,0.003433000000000047,0.003433000000000047,1,-4.5,-110.0,0.5051207566194108,0.5,0.0051207566194108045,-0.035678555544761126,0.0,0.0,1,4.5,-110.0,0.4948792433805892,0.5,-0.0051207566194108045,-0.0552305353643297,0.0,0.0,1,56.5,-115.0,0.4026915921466557,0.5108342361863489,-0.10814264403969326,-0.24714180598668734,0.0,0.0,1,56.5,-105.0,0.5973084078533444,0.4891657638136511,0.10814264403969326,0.1661735581898628,0.17448223609935595,0.05
2026,2,3,401858460,2026-09-19,11:30,Eastern Michigan Eagles,Wisconsin Badgers,0,Camp Randall Stadium,open_air,Artificial,DraftKings,-23.5,45.5,0,0,1,2.5,275,2199,2,2,0,0,2.6513,-3.5808,8.732,2.568,-17.985,23.053,1,1,32.674,0.9429,0.0571,,23.9,-23.9,23.9,23.5,0.36,0.28,0.2,0.16,0,0,0,0,0,0,0.0,0.0,0.0,1,298.2,0.0,0.29819999999999997,1.0,1.0,0.0,0.0,2,0.3437,21.092,39.6907,45.5,0.75,0.25,1,1,23.1,5.3,,88.9,1.0,0.0,1,-1.2619,44.0477,21.44,42.79,32.11,10.68,0.904944,0.095056,0.449794,0.550206,0.429231,0.570769,16.36,15.22,1,1,cfb-inseason-v6-history-coverage-2026-09-16,0.028465,-0.027651,0.02254,0.04669,0.439223,0.423163,0.441221,0.452149,6.29113,5.416962,5.672923,5.913339,1.88178,1.607917,1.682917,1.730111,0.422398,0.725969,0.484898,0.661034,0.033189,0.016987,0.367019,0.310902,0,,NO_QUALIFYING_CANDIDATE,,,,,,,,0,,NO_QUALIFYING_CANDIDATE,,,,,,,,,0,,NO_QUALIFYING_CANDIDATE,,,,,,,,,1,-2400.0,0.904944,0.9258160237388724,-0.020872023738872425,-0.057349999999999964,0.0,0.0,1,1200.0,0.095056,0.0741839762611276,0.020872023738872397,0.23572799999999994,0.019643999999999995,0.019643999999999995,1,-23.5,-118.0,0.4498988641529731,0.5173641257162701,-0.06746526156329702,-0.16883091198857514,0.0,0.0,1,23.5,-102.0,0.5501011358470269,0.4826358742837298,0.06746526156329713,0.08941597491273956,0.09120429441099434,0.05,1,45.5,-105.0,0.42933981619543354,0.4891657638136511,-0.05982594761821758,-0.1617651207612964,0.0,0.0,1,45.5,-115.0,0.5706601838045664,0.5108342361863489,0.05982594761821747,0.0668864305911458,0.07691939517981768,0.05
2026,2,3,401856695,2026-09-19,11:45,NC State Wolfpack,Vanderbilt Commodores,0,FirstBank Stadium,open_air,Artificial,DraftKings,-3,50.5,0,0,1,2.5,238,152,2,2,0,0,9.5072,13.7807,-1.7735,6.815,2.434,6.881,1,1,61.928,0.6909,0.3091,,6.857,-6.857,6.857,3.0,0.36,0.28,0.2,0.16,0,0,0,0,0,0,0.0,0.0,0.0,1,452.8,0.0,0.45280000000000004,1.0,1.0,0.0,0.0,2,0.5219,4.0943,43.765,50.5,0.75,0.25,1,1,34.8,2.0,,37.1,0.0,0.0,1,0.5934,48.8162,4.62,49.41,27.01,22.4,0.611091,0.388909,0.539348,0.460652,0.471443,0.528557,16.36,15.22,1,1,cfb-inseason-v6-history-coverage-2026-09-16,0.097696,0.12923,-0.052258,-0.037569,0.471605,0.492217,0.408927,0.419819,5.935877,6.488117,5.741222,5.223447,1.995417,2.456955,1.533878,1.625046,0.630731,0.706489,0.497398,0.729864,0.106959,0.109266,0.325213,0.410497,0,,NO_QUALIFYING_CANDIDATE,,,,,,,,0,,NO_QUALIFYING_CANDIDATE,,,,,,,,,0,,NO_QUALIFYING_CANDIDATE,,,,,,,,,1,-162.0,0.611091,0.593369754159424,0.017721245840576105,-0.011692333333333194,0.0,0.0,1,136.0,0.388909,0.4066302458405761,-0.017721245840576105,-0.0821747599999999,0.0,0.0,1,-3.0,-112.0,0.5394396007042089,0.5043297540699689,0.035109846634239994,0.021082101332966896,0.023611953492922926,0.023611953492922926,1,3.0,-108.0,0.46056039929579107,0.4956702459300312,-0.035109846634240105,-0.11299478654143935,0.0,0.0,1,50.5,-108.0,0.4714536361785987,0.4956702459300312,-0.024216609751432472,-0.09201521921158762,0.0,0.0,1,50.5,-112.0,0.5285463638214013,0.5043297540699689,0.02421660975143236,0.0004627600905095508,0.0005182913013706969,0.0005182913013706969
2026,2,3,401858456,2026-09-19,12:00,Buffalo Bulls,Penn State Nittany Lions,0,Beaver Stadium,open_air,Grass,DraftKings,-41.5,50.5,0,0,1,2.5,213,2084,2,2,0,0,14.616,-0.9278,18.0438,16.446,-14.522,33.468,1,1,52.719,0.9833,0.0167,,34.715,-34.715,34.715,41.5,0.36,0.28,0.2,0.16,0,0,0,0,0,0,0.0,0.0,0.0,1,158.4,0.0,0.1584,0.0,0.0,1.0,0.0,2,-1.4413,34.1411,41.7916,50.5,0.75,0.25,1,1,19.9,1.9,,54.5,0.0,0.0,1,0.6496,48.3229,32.7,48.97,40.84,8.14,0.977183,0.022817,0.295318,0.704682,0.460028,0.539972,16.36,15.22,1,1,cfb-inseason-v6-history-coverage-2026-09-16,0.15135,0.015725,-0.032605,0.027722,0.481187,0.399925,0.431215,0.422875,6.114693,5.329931,5.309273,5.709721,2.560634,1.67875,1.199962,1.82875,0.479216,0.697398,0.464064,0.484898,0.153283,0.002794,0.367795,0.325213,0,,NO_QUALIFYING_CANDIDATE,,,,,,,,0,,NO_QUALIFYING_CANDIDATE,,,,,,,,,0,,NO_QUALIFYING_CANDIDATE,,,,,,,,,0,,,,,,,,0,,,,,,,,1,-41.5,-102.0,0.2953239726503288,0.4826358742837298,-0.187311901633401,-0.4151427208297411,0.0,0.0,1,41.5,-118.0,0.7046760273496713,0.5173641257162701,0.18731190163340117,0.3018591013748164,0.3561937396222834,0.05,1,50.5,-105.0,0.4599635203592447,0.4891657638136511,-0.029202243454406418,-0.10197598406052227,0.0,0.0,1,50.5,-115.0,0.5400364796407553,0.5108342361863489,0.029202243454406362,0.009633418458803333,0.011078431227623834,0.011078431227623834
2026,2,3,401858454,2026-09-19,12:00,Kent State Golden Flashes,Ohio State Buckeyes,0,Ohio Stadium,open_air,Artificial,DraftKings,-52.5,58.5,0,0,1,2.5,194,2309,2,2,0,0,13.7482,-7.1353,23.3835,30.414,-21.222,54.136,1,1,50.469,0.9987,0.0013,,56.46,-56.46,56.46,52.5,0.36,0.28,0.2,0.16,0,0,0,0,0,0,0.0,0.0,0.0,1,119.1,0.0,0.1191,0.0,1.0,0.0,0.0,2,0.1373,49.0914,45.1533,58.5,0.75,0.25,1,1,22.4,1.8,,69.3,0.0,0.0,1,0.7058,55.1633,49.23,55.87,52.55,3.32,0.99869,0.00131,0.420757,0.579243,0.431383,0.568617,16.36,15.22,1,1,cfb-inseason-v6-history-coverage-2026-09-16,0.163482,0.066821,-0.023171,0.117509,0.479391,0.429192,0.429717,0.520194,6.648002,5.89568,5.265428,6.581066,2.32234,1.599583,1.495417,2.435417,0.647398,0.697398,0.64653,0.741842,0.154443,0.021177,0.371367,0.383488,0,,NO_QUALIFYING_CANDIDATE,,,,,,,,0,,NO_QUALIFYING_CANDIDATE,,,,,,,,,0,,NO_QUALIFYING_CANDIDATE,,,,,,,,,0,,,,,,,,0,,,,,,,,1,-52.5,-110.0,0.42078809587550736,0.5,-0.07921190412449264,-0.196677271510395,0.0,0.0,1,52.5,-110.0,0.5792119041244926,0.5,0.07921190412449264,0.10576818060130422,0.11634499866143463,0.05,1,58.5,-118.0,0.43140473169426075,0.5173641257162701,-0.08595939402200936,-0.20299803805636574,0.0,0.0,1,58.5,-102.0,0.5685952683057393,0.4826358742837298,0.08595939402200947,0.12604160978195422,0.1285624419775933,0.05
2026,2,3,401858228,2026-09-19,12:00,Mercer Bears,Georgia Tech Yellow Jackets,0,Bobby Dodd Stadium,open_air,Artificial,DraftKings,-38.5,58.5,0,0,1,2.5,59,,2,0,0,1,-3.3798,0.0,,1.663,,,1,1,33.942,0.9278,0.0722,,21.763,-21.763,21.763,38.5,0.6429,0.0,0.3571,0.0,0,0,0,0,0,0,0.0,0.0,0.0,1,,0.0,,,,,0.0,0,0.0,32.5225,44.0863,58.5,0.75,0.25,1,1,32.9,1.0,,44.8,0.0,0.0,1,1.1556,54.8966,32.52,56.05,44.29,11.76,0.97659,0.02341,0.357417,0.642583,0.436113,0.563887,16.36,15.22,1,1,cfb-inseason-v6-history-coverage-2026-09-16,-0.020092,0.051438,0.098349,0.065078,0.45735,0.450272,0.445368,0.456246,5.785826,5.873843,5.582025,5.986124,1.595417,1.9678,2.057917,2.04605,0.422398,0.580791,0.547398,0.585112,-0.006202,0.070629,0.402136,0.339736,0,,NO_QUALIFYING_CANDIDATE,,,,,,,,0,,NO_QUALIFYING_CANDIDATE,,,,,,,,,0,,NO_QUALIFYING_CANDIDATE,,,,,,,,,0,,,,,,,,0,,,,,,,,1,-38.5,-112.0,0.35735952341082533,0.5043297540699689,-0.1469702306591436,-0.32356947354379495,0.0,0.0,1,38.5,-108.0,0.6426404765891747,0.4956702459300312,0.1469702306591435,0.23767795491248467,0.25669219130548343,0.05,1,58.5,-115.0,0.4360575675037827,0.5108342361863489,-0.07477666868256622,-0.1847619390146671,0.0,0.0,1,58.5,-105.0,0.5639424324962172,0.4891657638136511,0.0747766686825661,0.10103046344499556,0.10608198661724534,0.05
2026,2,3,401858229,2026-09-19,12:00,North Carolina Tar Heels,Clemson Tigers,0,"Memorial Stadium (Clemson, SC)",open_air,Grass,DraftKings,-3.5,43.5,0,0,1,2.5,228,153,2,2,0,0,-10.1373,12.2532,-19.8905,5.329,6.31,1.519,1,1,64.039,0.5327,0.4673,,1.117,-1.117,1.117,3.5,0.36,0.28,0.2,0.16,0,0,0,0,0,0,0.0,0.0,0.0,1,230.2,0.0,0.2302,0.0,1.0,0.0,0.0,2,0.2653,-1.2738,38.1339,43.5,0.75,0.25,1,1,29.8,1.7,,59.4,0.0,0.0,1,0.762,42.1585,-1.01,42.92,20.96,21.96,0.475425,0.524575,0.391437,0.608563,0.484814,0.515186,16.36,15.22,1,1,cfb-inseason-v6-history-coverage-2026-09-16,-0.124324,0.110279,0.060594,-0.011197,0.398344,0.493566,0.436886,0.43919,5.07131,6.434613,5.780685,4.916566,1.495417,2.017156,1.798988,1.320417,0.464064,0.609898,0.597398,0.380731,-0.004191,0.111309,0.209828,0.346367,0,,NO_QUALIFYING_CANDIDATE,,,,,,,,0,,NO_QUALIFYING_CANDIDATE,,,,,,,,,0,,NO_QUALIFYING_CANDIDATE,,,,,,,,,1,-162.0,0.475425,0.593369754159424,-0.11794475415942396,-0.23110277777777777,0.0,0.0,1,136.0,0.524575,0.4066302458405761,0.1179447541594239,0.23799700000000024,0.17499779411764718,0.05,1,-3.5,100.0,0.391399858938484,0.4782608695652174,-0.0868610106267334,-0.21720028212303205,0.0,0.0,1,3.5,-120.0,0.608600141061516,0.5217391304347826,0.08686101062673346,0.11576692527944621,0.13892031033533542,0.05,1,43.5,-110.0,0.4848008849181113,0.5,-0.015199115081888703,-0.0744710378836056,0.0,0.0,1,43.5,-110.0,0.5151991150818886,0.5,0.015199115081888648,-0.01643805302548529,0.0,0.0
2026,2,3,401860890,2026-09-19,12:30,Duquesne Dukes,Washington State Cougars,0,Gesa Field,open_air,Artificial,DraftKings,-37.5,53.5,0,0,1,2.5,265,,2,0,0,1,-15.2668,0.0,,-7.668,,,1,1,24.787,0.9794,0.0206,,32.895,-32.895,32.895,37.5,0.6429,0.0,0.3571,0.0,0,0,0,0,0,0,0.0,0.0,0.0,1,1891.7,0.0,1.8917,3.0,1.0,0.0,0.0,2,2.1803,35.8554,42.3469,53.5,0.75,0.25,1,1,21.7,3.3,,41.4,0.0,0.0,1,-0.1375,50.7117,38.04,50.57,44.3,6.27,0.989962,0.010038,0.513061,0.486939,0.423781,0.576219,16.36,15.22,1,1,cfb-inseason-v6-history-coverage-2026-09-16,-0.107263,0.051438,0.063719,0.065078,0.384918,0.450272,0.473834,0.456246,4.892607,5.873843,6.530134,5.986124,1.195417,1.9678,2.155417,2.04605,0.464064,0.580791,0.570125,0.585112,-0.046115,0.070629,0.214845,0.339736,0,,NO_QUALIFYING_CANDIDATE,,,,,,,,0,,NO_QUALIFYING_CANDIDATE,,,,,,,,,0,,NO_QUALIFYING_CANDIDATE,,,,,,,,,0,,,,,,,,0,,,,,,,,1,-37.5,-115.0,0.513165630812472,0.5108342361863489,0.0023313946261230845,-0.040603385872334974,0.0,0.0,1,37.5,-105.0,0.486834369187528,0.4891657638136511,-0.00233139462612314,-0.04951385063387398,0.0,0.0,1,53.5,-112.0,0.42367142437917127,0.5043297540699689,-0.08065832969079767,-0.1980505181394258,0.0,0.0,1,53.5,-108.0,0.5763285756208287,0.4956702459300312,0.08065832969079756,0.10996614564011464,0.1187634372913238,0.05
2026,2,3,401858233,2026-09-19,12:30,Wagner Seahawks,California Golden Bears,0,California Memorial Stadium,open_air,Artificial,,,,0,0,1,2.5,25,,2,0,0,1,-4.7107,0.0,,-1.518,,,1,1,31.111,0.996,0.004,,46.975,-46.975,46.975,,0.0,0.0,1.0,0.0,0,0,0,0,0,0,0.0,0.0,0.0,1,,0.0,,,,,0.0,0,0.0,46.975,43.2511,,0.0,1.0,1,1,19.0,3.6,,68.1,0.0,0.0,1,-0.3061,43.2511,46.98,48.98,47.98,1.0,0.997956,0.002044,0.5,0.5,0.5,0.5,16.36,15.22,0,0,cfb-inseason-v6-history-coverage-2026-09-16,-0.033388,0.051438,0.024482,0.065078,0.408066,0.450272,0.446489,0.456246,5.360199,5.873843,6.529704,5.986124,1.529899,1.9678,1.978175,2.04605,0.714064,0.580791,0.547398,0.585112,-0.009707,0.070629,0.368337,0.339736,0,,NO_QUALIFYING_CANDIDATE,,,,,,,,0,,NO_QUALIFYING_CANDIDATE,,,,,,,,,0,,NO_QUALIFYING_CANDIDATE,,,,,,,,,0,,,,,,,,0,,,,,,,,0,,,,,,,,,0,,,,,,,,,0,,,,,,,,,0,,,,,,,,
2026,2,3,401858448,2026-09-19,13:00,Southern Illinois Salukis,Illinois Fighting Illini,0,"Memorial Stadium (Champaign, IL)",open_air,Artificial,DraftKings,-38.5,54.5,0,0,1,2.5,356,,2,0,0,1,5.2529,0.0,,4.508,,,1,1,34.935,0.9635,0.0365,,27.91,-27.91,27.91,38.5,0.6429,0.0,0.3571,0.0,0,0,0,0,0,0,0.0,0.0,0.0,1,,0.0,,,,,0.0,0,0.0,34.7179,51.7359,54.5,0.75,0.25,1,1,30.7,4.1,,60.9,0.0,0.0,1,-0.5872,53.809,34.72,53.22,43.97,9.25,0.983086,0.016914,0.408587,0.591413,0.466533,0.533467,16.36,15.22,1,1,cfb-inseason-v6-history-coverage-2026-09-16,0.176344,0.051438,0.16874,0.065078,0.504784,0.450272,0.477511,0.456246,6.307674,5.873843,6.187219,5.986124,2.638274,1.9678,2.345417,2.04605,0.714064,0.580791,0.630731,0.585112,0.239086,0.070629,0.365811,0.339736,0,,NO_QUALIFYING_CANDIDATE,,,,,,,,0,,NO_QUALIFYING_CANDIDATE,,,,,,,,,0,,NO_QUALIFYING_CANDIDATE,,,,,,,,,0,,,,,,,,0,,,,,,,,1,-38.5,-110.0,0.4086374568302913,0.5,-0.09136254316970871,-0.21987394605126204,0.0,0.0,1,38.5,-110.0,0.5913625431697087,0.5,0.09136254316970871,0.12896485514217126,0.1418613406563884,0.05,1,54.5,-108.0,0.46648851456111967,0.4956702459300312,-0.0291817313689115,-0.1015776756600657,0.0,0.0,1,54.5,-112.0,0.5335114854388803,0.5043297540699689,0.029181731368911334,0.009861026009309048,0.011044349130426135,0.011044349130426135
2026,2,3,401864508,2026-09-19,13:00,Wyoming Cowboys,Central Michigan Chippewas,0,Kelly/Shorts Stadium,open_air,Artificial,DraftKings,-1.5,38.5,0,0,1,2.5,2117,2751,2,2,0,0,-6.3461,-0.6938,-3.1523,-18.64,-17.255,1.115,1,1,8.531,0.5489,0.4511,,1.671,-1.671,1.671,1.5,0.36,0.28,0.2,0.16,0,0,0,0,0,0,0.0,0.0,0.0,1,1069.0,0.0,1.069,2.0,0.0,1.0,0.0,2,-0.3918,0.682,40.4542,38.5,0.75,0.25,1,1,13.5,3.5,,96.6,1.0,0.0,1,-0.2499,38.9885,0.29,38.74,19.51,19.22,0.507077,0.492923,0.470527,0.529473,0.506254,0.493746,16.36,15.22,1,1,cfb-inseason-v6-history-coverage-2026-09-16,-0.038957,0.019113,0.009394,0.022396,0.413875,0.459329,0.456519,0.449733,5.089492,5.725856,5.120165,5.88004,1.395417,1.649263,1.995417,1.995417,0.529864,0.630731,0.797398,0.630731,-0.089946,0.087086,0.319515,0.296367,0,,NO_QUALIFYING_CANDIDATE,,,,,,,,0,,NO_QUALIFYING_CANDIDATE,,,,,,,,,0,,NO_QUALIFYING_CANDIDATE,,,,,,,,,1,-112.0,0.507077,0.5043297540699689,0.0027472459300310614,-0.04017567857142862,0.0,0.0,1,-108.0,0.492923,0.4956702459300312,-0.0027472459300311725,-0.050666814814814776,0.0,0.0,1,-1.5,-105.0,0.47052075652532493,0.4891657638136511,-0.018645007288326187,-0.08136423726007996,0.0,0.0,1,1.5,-115.0,0.5294792434746751,0.5108342361863489,0.018645007288326187,-0.0101040230690857,0.0,0.0,1,38.5,-110.0,0.5062905505598776,0.5,0.006290550559877595,-0.03344531256750638,0.0,0.0,1,38.5,-110.0,0.4937094494401224,0.5,-0.006290550559877595,-0.05746377834158445,0.0,0.0
2026,2,3,401856801,2026-09-19,13:30,Utah State Aggies,Utah Utes,0,Rice-Eccles Stadium,open_air,Artificial,DraftKings,-27.5,56.5,0,0,1,2.5,254,328,2,2,0,0,22.952,5.3729,20.0791,15.102,-6.824,24.426,1,1,62.195,0.9499,0.0501,,25.078,-25.078,25.078,27.5,0.36,0.28,0.2,0.16,0,0,0,0,0,0,0.0,0.0,0.0,1,68.6,0.0,0.0686,0.0,1.0,0.0,0.0,2,0.0791,24.9675,44.7696,56.5,0.75,0.25,1,1,18.8,3.6,,38.6,0.0,0.0,1,-0.3061,53.5674,25.05,53.26,39.15,14.11,0.937111,0.062889,0.440397,0.559603,0.415744,0.584256,16.36,15.22,1,1,cfb-inseason-v6-history-coverage-2026-09-16,0.217445,-0.006077,-0.052916,-0.093048,0.514824,0.452001,0.400305,0.434918,7.045937,5.804644,4.98234,4.808347,3.07234,1.512083,1.475417,1.726186,0.730731,0.547398,0.630731,0.440255,0.189015,-0.017679,0.409462,0.40351,0,,NO_QUALIFYING_CANDIDATE,,,,,,,,0,,NO_QUALIFYING_CANDIDATE,,,,,,,,,0,,NO_QUALIFYING_CANDIDATE,,,,,,,,,1,-6500.0,0.937111,0.9538784067085954,-0.016767406708595334,-0.04847190769230772,0.0,0.0,1,2000.0,0.062889,0.046121593291404604,0.016767406708595396,0.32066899999999987,0.016033449999999994,0.016033449999999994,1,-27.5,-112.0,0.4404787591116143,0.5043297540699689,-0.06385099495835461,-0.16623663453873,0.0,0.0,1,27.5,-108.0,0.5595212408883856,0.4956702459300312,0.06385099495835445,0.0775964639331872,0.08380418104784217,0.05,1,56.5,-110.0,0.41571114224308037,0.5,-0.08428885775691963,-0.20636963753593746,0.0,0.0,1,56.5,-110.0,0.5842888577569196,0.5,0.08428885775691963,0.11546054662684657,0.12700660128953123,0.05
2026,2,3,401858227,2026-09-19,14:00,Maine Black Bears,Boston College Eagles,0,"Alumni Stadium (Chestnut Hill, MA)",open_air,Artificial,DraftKings,-38.5,53.5,0,0,1,2.5,103,,2,0,0,1,-2.9128,0.0,,-3.876,,,1,1,26.336,0.9689,0.0311,,29.322,-29.322,29.322,38.5,0.6429,0.0,0.3571,0.0,0,0,0,0,0,0,0.0,0.0,0.0,1,216.9,0.0,0.2169,0.0,1.0,0.0,0.0,2,0.25,35.2221,44.9744,53.5,0.75,0.25,1,1,17.5,2.5,,52.2,0.0,0.0,1,0.3123,51.3686,35.47,51.68,43.58,8.1,0.984929,0.015071,0.426584,0.573416,0.452431,0.547569,16.36,15.22,1,1,cfb-inseason-v6-history-coverage-2026-09-16,-0.025223,0.051438,0.030665,0.065078,0.440109,0.450272,0.449733,0.456246,5.742964,5.873843,5.887977,5.986124,1.754676,1.9678,2.053109,2.04605,0.547398,0.580791,0.575176,0.585112,0.027213,0.070629,0.30773,0.339736,0,,NO_QUALIFYING_CANDIDATE,,,,,,,,0,,NO_QUALIFYING_CANDIDATE,,,,,,,,,0,,NO_QUALIFYING_CANDIDATE,,,,,,,,,0,,,,,,,,0,,,,,,,,1,-38.5,-110.0,0.4265330163118596,0.5,-0.07346698368814042,-0.1857096961319044,0.0,0.0,1,38.5,-110.0,0.5734669836881404,0.5,0.07346698368814042,0.09480060522281353,0.10428066574509487,0.05,1,53.5,-112.0,0.45240812964548793,0.5043297540699689,-0.051921624424481005,-0.1436560403138979,0.0,0.0,1,53.5,-108.0,0.5475918703545121,0.4956702459300312,0.051921624424480894,0.05462137994202332,0.05899109033738518,0.05
2026,2,3,401856685,2026-09-19,14:30,Florida State Seminoles,Alabama Crimson Tide,0,Bryant-Denny Stadium,open_air,Grass,DraftKings,-19.5,48.5,0,0,1,2.5,333,52,2,1,0,0,15.2378,0.1391,17.5987,23.237,7.669,18.068,1,1,82.448,0.8891,0.1109,,17.746,-17.746,17.746,19.5,0.36,0.28,0.2,0.16,0,0,0,0,0,0,0.0,0.0,0.0,1,270.1,0.0,0.2701,1.0,1.0,0.0,0.0,2,0.3113,18.444,45.6296,48.5,0.75,0.25,1,1,36.4,2.4,,37.2,0.0,0.0,1,0.3685,47.7824,18.76,48.15,33.45,14.7,0.874188,0.125812,0.481848,0.518152,0.49085,0.50915,16.36,15.22,1,1,cfb-inseason-v6-history-coverage-2026-09-16,0.031352,0.103436,-0.165556,0.11815,0.496742,0.453219,0.392605,0.462439,5.855926,5.842884,5.009046,6.416292,2.474583,2.099949,1.335417,2.025635,0.672398,0.64653,0.630731,0.463197,-0.003481,0.109369,0.402136,0.292592,0,,NO_QUALIFYING_CANDIDATE,,,,,,,,0,,NO_QUALIFYING_CANDIDATE,,,,,,,,,0,,NO_QUALIFYING_CANDIDATE,,,,,,,,,1,-1350.0,0.874188,0.8933823529411764,-0.01919435294117644,-0.06105733333333348,0.0,0.0,1,800.0,0.125812,0.10661764705882351,0.019194352941176496,0.1323080000000001,0.01653850000000001,0.01653850000000001,1,-19.5,-112.0,0.4819610848822885,0.5043297540699689,-0.022368669187680434,-0.08771651790138252,0.0,0.0,1,19.5,-108.0,0.5180389151177115,0.4956702459300312,0.022368669187680323,-0.002295422736259267,0.0,0.0,1,48.5,-110.0,0.49082670876199214,0.5,-0.009173291238007864,-0.06296719236346948,0.0,0.0,1,48.5,-110.0,0.5091732912380078,0.5,0.009173291238007808,-0.027941898545621402,0.0,0.0
2026,2,3,401856694,2026-09-19,14:30,Kentucky Wildcats,Texas A&M Aggies,0,Kyle Field,open_air,Grass,DraftKings,-16.5,50.5,0,0,1,2.5,245,96,2,2,0,0,16.4268,1.9236,17.0032,23.062,4.201,21.361,1,1,77.43,0.9352,0.0648,,22.756,-22.756,22.756,16.5,0.36,0.28,0.2,0.16,0,0,0,0,0,0,0.0,0.0,0.0,1,846.4,0.0,0.8463999999999999,1.0,1.0,0.0,0.0,2,0.9755,19.1928,45.5662,50.5,0.75,0.25,1,1,35.1,2.4,,34.7,0.0,0.0,1,0.3685,49.2666,20.17,49.64,34.9,14.73,0.891172,0.108828,0.588709,0.411291,0.47734,0.52266,16.36,15.22,1,1,cfb-inseason-v6-history-coverage-2026-09-16,0.093756,0.026292,-0.165263,-0.000791,0.481032,0.458916,0.371075,0.469819,5.566381,6.062219,5.674281,5.479003,2.45838,2.035417,1.298988,2.13178,0.60509,0.714064,0.39653,0.672398,0.103838,0.155599,0.351367,0.266605,0,,NO_QUALIFYING_CANDIDATE,,,,,,,,0,,NO_QUALIFYING_CANDIDATE,,,,,,,,,0,,NO_QUALIFYING_CANDIDATE,,,,,,,,,1,-850.0,0.891172,0.8579439252336449,0.03322807476635503,-0.003984235294117663,0.0,0.0,1,575.0,0.108828,0.14205607476635515,-0.033228074766355156,-0.26541099999999995,0.0,0.0,1,-16.5,-118.0,0.5887488101786748,0.5173641257162701,0.07138468446240465,0.08768847982161943,0.10347240618951092,0.05,1,16.5,-102.0,0.41125118982132525,0.4826358742837298,-0.07138468446240454,-0.18556136917737548,0.0,0.0,1,50.5,-105.0,0.4774699158699113,0.4891657638136511,-0.011695847943739845,-0.06779683092064942,0.0,0.0,1,50.5,-115.0,0.5225300841300887,0.5108342361863489,0.01169584794373979,-0.023095929669834203,0.0,0.0
2026,2,3,401867804,2026-09-19,15:00,Louisiana Tech Bulldogs,Baylor Bears,0,McLane Stadium,open_air,Artificial,DraftKings,-19.5,53.5,0,0,1,2.5,239,2348,2,2,0,0,10.7065,2.6612,10.5453,8.198,-6.615,17.313,1,1,53.755,0.8899,0.1101,,17.814,-17.814,17.814,19.5,0.36,0.28,0.2,0.16,0,0,0,0,0,0,0.0,0.0,0.0,1,269.7,0.0,0.2697,0.0,1.0,0.0,0.0,2,0.3109,17.1177,43.5623,53.5,0.75,0.25,1,1,35.4,4.2,,29.2,0.0,0.0,1,-0.6435,51.0156,17.43,50.37,33.9,16.47,0.856633,0.143367,0.449621,0.550379,0.418586,0.581414,16.36,15.22,1,1,cfb-inseason-v6-history-coverage-2026-09-16,0.039598,0.002139,-0.096018,-0.010986,0.459555,0.398682,0.381357,0.413718,5.780703,6.133472,4.963618,5.81269,2.106528,2.285739,1.365787,1.817997,0.575176,0.654541,0.547398,0.505731,0.018033,0.009826,0.342795,0.291367,0,,NO_QUALIFYING_CANDIDATE,,,,,,,,0,,NO_QUALIFYING_CANDIDATE,,,,,,,,,0,,NO_QUALIFYING_CANDIDATE,,,,,,,,,1,-1350.0,0.856633,0.8933823529411764,-0.03674935294117643,-0.07991270370370383,0.0,0.0,1,800.0,0.143367,0.10661764705882351,0.03674935294117648,0.290303,0.036287875,0.036287875,1,-19.5,-108.0,0.4496569467317528,0.4956702459300312,-0.046013299198278346,-0.13399402851662412,0.0,0.0,1,19.5,-112.0,0.5503430532682472,0.5043297540699689,0.046013299198278235,0.0417207794006107,0.046727272928683984,0.046727272928683984,1,53.5,-108.0,0.41853197927796304,0.4956702459300312,-0.07713826665206813,-0.19393841027947856,0.0,0.0,1,53.5,-112.0,0.581468020722037,0.5043297540699689,0.07713826665206802,0.10063589636671277,0.11271220393071832,0.05
2026,2,3,401858471,2026-09-19,15:00,Northern Iowa Panthers,Iowa Hawkeyes,0,Kinnick Stadium,open_air,Artificial,DraftKings,-40.5,49.5,0,0,1,2.5,2294,,2,0,0,1,7.5218,0.0,,9.892,,,1,1,41.7,0.9753,0.0247,,31.332,-31.332,31.332,40.5,0.6429,0.0,0.3571,0.0,0,0,0,0,0,0,0.0,0.0,0.0,1,,0.0,,,,,0.0,0,0.0,37.2257,41.3676,49.5,0.75,0.25,1,1,29.3,3.8,,63.7,0.0,0.0,1,-0.4186,47.4669,37.23,47.05,42.14,4.91,0.988559,0.011441,0.420686,0.579314,0.436014,0.563986,16.36,15.22,1,1,cfb-inseason-v6-history-coverage-2026-09-16,0.026504,0.051438,0.002771,0.065078,0.446489,0.450272,0.400408,0.456246,5.858172,5.873843,4.873179,5.986124,1.975417,1.9678,1.205094,2.04605,0.511683,0.580791,0.507641,0.585112,0.108365,0.070629,0.326539,0.339736,0,,NO_QUALIFYING_CANDIDATE,,,,,,,,0,,NO_QUALIFYING_CANDIDATE,,,,,,,,,0,,NO_QUALIFYING_CANDIDATE,,,,,,,,,0,,,,,,,,0,,,,,,,,1,-40.5,-108.0,0.42078809587550736,0.4956702459300312,-0.07488215005452381,-0.18959329683235615,0.0,0.0,1,40.5,-112.0,0.5792119041244926,0.5043297540699689,0.0748821500545237,0.09636538994993249,0.10792923674392439,0.05,1,49.5,-115.0,0.4360575675037827,0.5108342361863489,-0.07477666868256622,-0.1847619390146671,0.0,0.0,1,49.5,-105.0,0.5639424324962172,0.4891657638136511,0.0747766686825661,0.10103046344499556,0.10608198661724534,0.05
2026,2,3,401862774,2026-09-19,15:00,Temple Owls,Toledo Rockets,0,Glass Bowl,open_air,Artificial,DraftKings,-6,50.5,0,0,1,2.5,2649,218,2,2,0,0,14.5274,-0.1431,17.1705,-1.629,-6.006,6.877,1,1,43.7,0.6953,0.3047,,7.031,-7.031,7.031,6.0,0.36,0.28,0.2,0.16,0,0,0,0,0,0,0.0,0.0,0.0,1,458.0,0.0,0.458,0.0,1.0,0.0,0.0,2,0.5279,8.239,46.0035,50.5,0.75,0.25,1,1,19.5,4.7,,88.9,1.0,0.0,1,-0.9246,49.3759,8.77,48.45,28.61,19.84,0.703978,0.296022,0.567152,0.432848,0.446462,0.553538,16.36,15.22,1,1,cfb-inseason-v6-history-coverage-2026-09-16,0.117903,0.07179,-0.067733,0.079132,0.455581,0.459654,0.415454,0.461382,6.927451,5.966846,4.914573,6.031794,2.532454,1.781131,1.715417,1.971607,0.741842,0.583112,0.497398,0.464064,0.096084,0.086645,0.330458,0.280062,1,HOME,SELECTED_BY_MARKETS_YAML,-230.0,0.703978,0.6690070210631895,0.03497097893681045,0.010055391304347794,0.02312739999999993,0.02312739999999993,0,,EXCLUDED_BY_MONEYLINE_VS_SPREAD_RULE,,,,,,,,,0,,NO_QUALIFYING_CANDIDATE,,,,,,,,,1,-230.0,0.703978,0.6690070210631895,0.03497097893681045,0.010055391304347794,0.02312739999999993,0.02312739999999993,1,190.0,0.296022,0.33099297893681046,-0.03497097893681045,-0.1415362,0.0,0.0,1,-6.0,-108.0,0.567225719639297,0.4956702459300312,0.07155547370926585,0.09243471930531288,0.09982949684973791,0.05,1,6.0,-112.0,0.432774280360703,0.5043297540699689,-0.07155547370926596,-0.18082011217438365,0.0,0.0,1,50.5,-118.0,0.4464280172465558,0.5173641257162701,-0.07093610846971432,-0.17524315457839695,0.0,0.0,1,50.5,-102.0,0.5535719827534442,0.4826358742837298,0.07093610846971443,0.09628961290387972,0.0982154051619573,0.05
2026,2,3,401856797,2026-09-19,15:30,Miami (OH) RedHawks,Cincinnati Bearcats,0,Nippert Stadium,open_air,Artificial,DraftKings,-15.5,49.5,0,0,1,2.5,2132,193,2,2,0,0,21.2324,-2.4185,26.1509,8.64,-10.666,21.806,1,1,48.753,0.9313,0.0687,,22.223,-22.223,22.223,15.5,0.36,0.28,0.2,0.16,0,0,0,0,0,0,0.0,0.0,0.0,1,29.2,0.0,0.0292,0.0,0.0,1.0,0.0,2,-1.5902,20.3144,54.2099,49.5,0.75,0.25,1,1,29.6,1.5,,54.6,0.0,0.0,1,0.8745,50.6775,18.72,51.55,35.14,16.41,0.873794,0.126206,0.578116,0.421884,0.553622,0.446378,16.36,15.22,1,1,cfb-inseason-v6-history-coverage-2026-09-16,0.226478,0.145445,-0.030219,0.191787,0.523807,0.457241,0.441797,0.488015,6.737977,6.246085,5.38004,6.383075,2.995417,2.233512,1.476186,2.722689,0.706489,0.597398,0.497398,0.672398,0.228008,0.163313,0.432236,0.361843,0,,NO_QUALIFYING_CANDIDATE,,,,,,,,0,,NO_QUALIFYING_CANDIDATE,,,,,,,,,0,,NO_QUALIFYING_CANDIDATE,,,,,,,,,1,-800.0,0.873794,0.8524590163934427,0.02133498360655728,-0.016981750000000045,0.0,0.0,1,550.0,0.126206,0.1475409836065574,-0.02133498360655739,-0.17966099999999985,0.0,0.0,1,-15.5,-110.0,0.5780163933999147,0.5,0.07801639339991473,0.10348584194529176,0.11383442613982092,0.05,1,15.5,-110.0,0.42198360660008527,0.5,-0.07801639339991473,-0.19439493285438264,0.0,0.0,1,49.5,-110.0,0.5535719827534442,0.5,0.053571982753444214,0.05681923980202985,0.06250116378223283,0.05,1,49.5,-110.0,0.4464280172465558,0.5,-0.053571982753444214,-0.14772833071112074,0.0,0.0
2026,2,3,401868317,2026-09-19,15:30,SE Louisiana Lions,UL Monroe Warhawks,0,Malone Stadium,open_air,Artificial,DraftKings,-10.5,48.5,0,0,1,2.5,2433,,2,0,0,1,-14.6375,0.0,,-22.821,,,1,1,5.526,0.5904,0.4096,,3.117,-3.117,3.117,10.5,0.6429,0.0,0.3571,0.0,0,0,0,0,0,0,0.0,0.0,0.0,1,168.3,0.0,0.1683,0.0,1.0,0.0,0.0,2,0.194,7.8632,49.0408,48.5,0.75,0.25,1,1,36.7,2.2,,28.0,0.0,0.0,1,0.4809,48.6352,8.06,49.12,28.59,20.53,0.688815,0.311185,0.440652,0.559348,0.516145,0.483855,16.36,15.22,1,1,cfb-inseason-v6-history-coverage-2026-09-16,-0.006941,0.051438,0.193019,0.065078,0.445068,0.450272,0.499925,0.456246,5.028562,5.873843,6.988552,5.986124,1.606528,1.9678,2.90846,2.04605,0.563197,0.580791,0.511683,0.585112,0.035252,0.070629,0.27851,0.339736,0,,NO_QUALIFYING_CANDIDATE,,,,,,,,0,,NO_QUALIFYING_CANDIDATE,,,,,,,,,0,,NO_QUALIFYING_CANDIDATE,,,,,,,,,0,,,,,,,,0,,,,,,,,1,-10.5,-108.0,0.440719903254847,0.4956702459300312,-0.05495034267518417,-0.15120611224992425,0.0,0.0,1,10.5,-112.0,0.559280096745153,0.5043297540699689,0.05495034267518406,0.05863732598189669,0.0656738050997243,0.05,1,48.5,-112.0,0.516246768938077,0.5043297540699689,0.011917014868108033,-0.02281861593864004,0.0,0.0,1,48.5,-108.0,0.48375323106192303,0.4956702459300312,-0.011917014868108144,-0.06832711054740742,0.0,0.0
2026,2,3,401858230,2026-09-19,15:30,SMU Mustangs,Louisville Cardinals,0,L&N Federal Credit Union Stadium,open_air,Artificial,DraftKings,-1.5,59.5,0,0,1,2.5,97,2567,2,2,0,0,16.3226,17.0531,1.7695,11.934,13.776,0.658,1,1,81.205,0.528,0.472,,0.955,-0.955,0.955,1.5,0.36,0.28,0.2,0.16,0,0,0,0,0,0,0.0,0.0,0.0,1,721.6,0.0,0.7216,1.0,0.0,1.0,0.0,2,-0.7922,1.1984,49.649,59.5,0.75,0.25,1,1,34.3,1.5,,43.2,0.0,0.0,1,0.8745,57.0372,0.41,57.91,29.16,28.75,0.509903,0.490097,0.473346,0.526654,0.458444,0.541556,16.36,15.22,1,1,cfb-inseason-v6-history-coverage-2026-09-16,0.215118,0.234866,0.019132,0.014463,0.511602,0.502101,0.423163,0.436172,6.91828,7.631146,5.406093,5.388633,2.588009,2.591571,1.805761,1.649263,0.647398,0.61558,0.597398,0.672398,0.258335,0.183982,0.3797,0.3797,0,,NO_QUALIFYING_CANDIDATE,,,,,,,,0,,NO_QUALIFYING_CANDIDATE,,,,,,,,,1,UNDER,SELECTED_BY_MARKETS_YAML,59.5,-118.0,0.541600942036024,0.5173641257162701,0.02423681631975394,0.0005847912190952709,0.0006900536385324197,0.0006900536385324197,1,-120.0,0.509903,0.5217391304347826,-0.011836130434782599,-0.06517783333333327,0.0,0.0,1,100.0,0.490097,0.4782608695652174,0.011836130434782599,-0.01980599999999999,0.0,0.0,1,-1.5,-112.0,0.47343975645215713,0.5043297540699689,-0.030889997617811804,-0.10384617528698836,0.0,0.0,1,1.5,-108.0,0.5265602435478429,0.4956702459300312,0.03088999761781175,0.014116024610660527,0.015245306579513368,0.015245306579513368,1,59.5,-102.0,0.45839905796397595,0.4826358742837298,-0.02423681631975383,-0.09219010089487112,0.0,0.0,1,59.5,-118.0,0.541600942036024,0.5173641257162701,0.02423681631975394,0.0005847912190952709,0.0006900536385324197,0.0006900536385324197
2026,2,3,401866424,2026-09-19,15:30,Stonehill Skyhawks,Massachusetts Minutemen,0,Warren McGuirk Alumni Stadium,open_air,Artificial,DraftKings,-33.5,49.5,0,0,1,2.5,113,,2,0,0,1,9.4068,0.0,,-11.171,,,1,1,19.272,0.9638,0.0362,,27.972,-27.972,27.972,33.5,0.6429,0.0,0.3571,0.0,0,0,0,0,0,0,0.0,0.0,0.0,1,,0.0,,,,,0.0,0,0.0,31.5257,44.2966,49.5,0.75,0.25,1,1,18.8,1.2,,39.0,0.0,0.0,1,1.0431,48.1992,31.53,49.24,40.38,8.86,0.97301,0.02699,0.451973,0.548027,0.493245,0.506755,16.36,15.22,1,1,cfb-inseason-v6-history-coverage-2026-09-16,0.150291,0.051438,0.01905,0.065078,0.472609,0.450272,0.45798,0.456246,6.579153,5.873843,5.697873,5.986124,2.120417,1.9678,1.569491,2.04605,0.51962,0.580791,0.547398,0.585112,0.212184,0.070629,0.346367,0.339736,0,,NO_QUALIFYING_CANDIDATE,,,,,,,,0,,NO_QUALIFYING_CANDIDATE,,,,,,,,,0,,NO_QUALIFYING_CANDIDATE,,,,,,,,,0,,,,,,,,0,,,,,,,,1,-33.5,-108.0,0.45207694817289057,0.4956702459300312,-0.0435932977571406,-0.12933328500035884,0.0,0.0,1,33.5,-112.0,0.5479230518271094,0.5043297540699689,0.04359329775714049,0.03714006238702855,0.04159686987347198,0.04159686987347198,1,49.5,-115.0,0.4931852859224618,0.5108342361863489,-0.01764895026388713,-0.07795794371018017,0.0,0.0,1,49.5,-105.0,0.5068147140775382,0.4891657638136511,0.017648950263887075,-0.0105046058486159,0.0,0.0
2026,2,3,401858457,2026-09-19,15:30,USC Trojans,Rutgers Scarlet Knights,0,SHI Stadium,open_air,Artificial,DraftKings,22.5,59.5,0,0,1,2.5,164,30,2,2,0,0,-5.5609,10.693,-13.7539,-7.261,17.307,-22.068,1,1,64.157,0.042,0.958,,-26.663,26.663,-26.663,-22.5,0.36,0.28,0.2,0.16,0,0,0,0,0,0,0.0,0.0,0.0,1,2425.6,0.0,2.4255999999999998,3.0,0.0,1.0,0.0,2,1.1718,-21.8123,48.5672,59.5,0.75,0.25,1,1,22.8,3.1,,47.5,0.0,0.0,1,-0.025,56.7668,-20.64,56.74,18.05,38.69,0.103539,0.896461,0.545248,0.454752,0.428095,0.571905,16.36,15.22,1,1,cfb-inseason-v6-history-coverage-2026-09-16,-0.03218,0.171662,0.051744,0.128699,0.439049,0.52135,0.456678,0.457774,5.87131,6.656144,6.13381,5.7246,1.773194,2.667292,2.162083,1.843902,0.51962,0.679751,0.583112,0.547398,-0.019044,0.141395,0.258323,0.421367,0,,NO_QUALIFYING_CANDIDATE,,,,,,,,0,,NO_QUALIFYING_CANDIDATE,,,,,,,,,0,,NO_QUALIFYING_CANDIDATE,,,,,,,,,1,1000.0,0.103539,0.08755760368663595,0.015981396313364052,0.13892900000000008,0.013892900000000008,0.013892900000000008,1,-1800.0,0.896461,0.912442396313364,-0.015981396313364038,-0.05373561111111114,0.0,0.0,1,22.5,-112.0,0.5452589956267224,0.5043297540699689,0.04092924155675348,0.03209738457915312,0.0359490707286515,0.0359490707286515,1,-22.5,-108.0,0.4547410043732776,0.4956702459300312,-0.04092924155675359,-0.12420251009590977,0.0,0.0,1,59.5,-112.0,0.4280502214205025,0.5043297540699689,-0.07627953264946646,-0.18976208088262042,0.0,0.0,1,59.5,-108.0,0.5719497785794976,0.4956702459300312,0.07627953264946641,0.10153290689384731,0.10965553944535508,0.05
2026,2,3,401858450,2026-09-19,15:30,UTEP Miners,Michigan Wolverines,0,Michigan Stadium,open_air,Artificial,DraftKings,-34.5,48.5,0,0,1,2.5,130,2638,2,2,0,0,5.858,1.3818,6.9762,14.448,-17.201,34.149,1,1,48.154,0.987,0.013,,36.936,-36.936,36.936,34.5,0.36,0.28,0.2,0.16,0,0,0,0,0,0,0.0,0.0,0.0,1,1443.1,0.0,1.4430999999999998,2.0,0.0,1.0,0.0,2,0.0394,30.4851,40.8475,48.5,0.75,0.25,1,1,18.0,4.3,,93.7,1.0,0.0,1,-0.6997,46.5869,30.52,45.89,38.21,7.68,0.968965,0.031035,0.404002,0.595998,0.431849,0.568151,16.36,15.22,1,1,cfb-inseason-v6-history-coverage-2026-09-16,0.033221,0.015986,-0.065966,0.002935,0.430341,0.463875,0.434542,0.435844,5.537348,6.162219,4.979123,5.587977,1.620417,2.031131,1.418494,2.033878,0.630731,0.380731,0.297398,0.511683,0.034925,0.051111,0.301802,0.258323,0,,NO_QUALIFYING_CANDIDATE,,,,,,,,0,,NO_QUALIFYING_CANDIDATE,,,,,,,,,0,,NO_QUALIFYING_CANDIDATE,,,,,,,,,0,,,,,,,,0,,,,,,,,1,-34.5,-118.0,0.40389568775833995,0.5173641257162701,-0.11346843795793016,-0.25381983109052453,0.0,0.0,1,34.5,-102.0,0.59610431224166,0.4826358742837298,0.11346843795793027,0.18052030463544444,0.18413071072815332,0.05,1,48.5,-115.0,0.43192125591272074,0.5108342361863489,-0.0789129802736282,-0.19249504329360906,0.0,0.0,1,48.5,-105.0,0.5680787440872792,0.4891657638136511,0.07891298027362809,0.10910611940849746,0.11456142537892233,0.05
2026,2,3,401866422,2026-09-19,16:00,Ball State Cardinals,Liberty Flames,0,Williams Stadium (VA),open_air,Artificial,DraftKings,-14,49.5,0,0,1,2.5,2335,2050,2,2,0,0,3.9259,-7.7665,14.1924,-9.167,-17.752,11.085,1,1,20.681,0.7918,0.2082,,11.388,-11.388,11.388,14.0,0.36,0.28,0.2,0.16,0,0,0,0,0,0,0.0,0.0,0.0,1,389.8,0.0,0.38980000000000004,0.0,0.0,1.0,0.0,2,-1.1746,12.6922,42.711,49.5,0.75,0.25,1,1,23.7,3.8,,74.0,0.0,0.0,1,-0.4186,47.8028,11.52,47.38,29.45,17.93,0.759286,0.240714,0.439696,0.560304,0.444719,0.555281,16.36,15.22,1,1,cfb-inseason-v6-history-coverage-2026-09-16,-0.006383,0.031919,-0.038438,0.132191,0.452702,0.40493,0.402511,0.471955,5.87589,6.011633,5.704644,6.575014,1.82234,1.810231,1.662083,2.133348,0.464064,0.529864,0.440255,0.797398,0.051915,0.064341,0.319515,0.275533,0,,NO_QUALIFYING_CANDIDATE,,,,,,,,0,,NO_QUALIFYING_CANDIDATE,,,,,,,,,0,,NO_QUALIFYING_CANDIDATE,,,,,,,,,1,-600.0,0.759286,0.8223350253807106,-0.06304902538071055,-0.11416633333333326,0.0,0.0,1,440.0,0.240714,0.17766497461928932,0.0630490253807107,0.2998556000000002,0.06814900000000004,0.05,1,-14.0,-110.0,0.439755459470592,0.5,-0.060244540529407975,-0.160466850101597,0.0,0.0,1,14.0,-110.0,0.560244540529408,0.5,0.060244540529407975,0.06955775919250617,0.07651353511175679,0.05,1,49.5,-108.0,0.44461033490344093,0.4956702459300312,-0.05105991102659024,-0.14371342907485446,0.0,0.0,1,49.5,-112.0,0.5553896650965591,0.5043297540699689,0.05105991102659013,0.05127329464705821,0.0574260900047052,0.05
2026,2,3,401858231,2026-09-19,16:00,Stanford Cardinal,Duke Blue Devils,0,Wallace Wade Stadium,open_air,Grass,DraftKings,-10,50.5,0,0,1,2.5,150,24,2,1,0,0,5.5677,-3.7814,11.849,6.579,-4.867,13.946,1,1,53.922,0.8582,0.1418,,15.343,-15.343,15.343,10.0,0.36,0.28,0.2,0.16,0,0,0,0,0,0,0.0,0.0,0.0,1,2374.7,0.0,2.3747,3.0,0.0,1.0,0.0,2,1.1131,12.4693,42.6315,50.5,0.75,0.25,1,1,26.5,4.0,,77.5,0.0,0.0,1,-0.531,48.5329,13.58,48.0,30.79,17.21,0.796794,0.203206,0.586666,0.413334,0.434812,0.565188,16.36,15.22,1,1,cfb-inseason-v6-history-coverage-2026-09-16,0.099899,0.046792,0.02279,0.112864,0.450167,0.435189,0.448822,0.465253,5.928342,5.824931,5.676228,6.002223,1.955417,1.780556,1.550972,2.127222,0.597398,0.544679,0.547398,0.729864,0.101744,0.055573,0.351367,0.361822,0,,NO_QUALIFYING_CANDIDATE,,,,,,,,0,,NO_QUALIFYING_CANDIDATE,,,,,,,,,0,,NO_QUALIFYING_CANDIDATE,,,,,,,,,1,-395.0,0.796794,0.7659021045164341,0.030891895483565857,-0.0014859999999999873,0.0,0.0,1,310.0,0.203206,0.23409789548356588,-0.030891895483565884,-0.1668554000000001,0.0,0.0,1,-10.0,-108.0,0.5866073617848753,0.4956702459300312,0.0909371158548441,0.12976232640050056,0.14014331251254059,0.05,1,10.0,-112.0,0.41339263821512473,0.5043297540699689,-0.09093711585484421,-0.2175067919499425,0.0,0.0,1,50.5,-115.0,0.43476419666177607,0.5108342361863489,-0.07607003952457286,-0.18717998015407084,0.0,0.0,1,50.5,-105.0,0.5652358033382239,0.4891657638136511,0.07607003952457275,0.10355561604129415,0.10873339684335886,0.05
2026,2,3,401858449,2026-09-19,16:00,Western Kentucky Hilltoppers,Indiana Hoosiers,0,"Memorial Stadium (Bloomington, IN)",open_air,Artificial,DraftKings,-44.5,60.5,0,0,1,2.5,84,98,2,2,0,0,20.5249,-12.6787,35.7036,25.3,-13.878,41.678,1,1,56.464,0.9939,0.0061,,43.364,-43.364,43.364,44.5,0.36,0.28,0.2,0.16,0,0,0,0,0,0,0.0,0.0,0.0,1,151.8,0.0,0.15180000000000002,1.0,1.0,0.0,0.0,2,0.175,42.0752,50.463,60.5,0.75,0.25,1,1,32.5,3.5,,49.1,1.0,0.0,1,-0.2499,57.9907,42.25,57.74,50.0,7.75,0.995096,0.004904,0.44531,0.55469,0.428071,0.571929,16.36,15.22,1,1,cfb-inseason-v6-history-coverage-2026-09-16,0.246301,0.018373,0.014796,0.176029,0.491662,0.437702,0.407335,0.486283,7.056216,5.152839,5.642363,7.392363,3.209702,1.562083,1.315417,2.688965,0.714064,0.714064,0.507641,0.747398,0.16018,0.007883,0.355577,0.360556,0,,NO_QUALIFYING_CANDIDATE,,,,,,,,0,,NO_QUALIFYING_CANDIDATE,,,,,,,,,0,,NO_QUALIFYING_CANDIDATE,,,,,,,,,0,,,,,,,,0,,,,,,,,1,-44.5,-112.0,0.44530571850055756,0.5043297540699689,-0.05902403556941138,-0.15709988998108754,0.0,0.0,1,44.5,-108.0,0.5546942814994424,0.4956702459300312,0.05902403556941127,0.0683000977026299,0.07376410551884029,0.05,1,60.5,-108.0,0.4280502214205025,0.4956702459300312,-0.0676200245095287,-0.17560698096792116,0.0,0.0,1,60.5,-112.0,0.5719497785794976,0.5043297540699689,0.06762002450952864,0.08261922373976327,0.09253353058853486,0.05
2026,2,3,401858459,2026-09-19,16:15,Eastern Washington Eagles,Washington Huskies,0,Husky Stadium,open_air,Artificial,DraftKings,-42.5,56.5,0,0,1,2.5,264,,2,0,0,1,6.5878,0.0,,5.877,,,1,1,35.846,0.9802,0.0198,,33.245,-33.245,33.245,42.5,0.6429,0.0,0.3571,0.0,0,0,0,0,0,0,0.0,0.0,0.0,1,,0.0,,,,,0.0,0,0.0,39.1946,41.25,56.5,0.75,0.25,1,1,19.3,2.0,,65.8,0.0,0.0,1,0.5934,52.6875,39.19,53.28,46.24,7.04,0.991707,0.008293,0.419943,0.580057,0.416246,0.583754,16.36,15.22,1,1,cfb-inseason-v6-history-coverage-2026-09-16,0.016248,0.051438,-0.078548,0.065078,0.466481,0.450272,0.420493,0.456246,5.750722,5.873843,5.5371,5.986124,1.764647,1.9678,1.395417,2.04605,0.51962,0.580791,0.547398,0.585112,0.069844,0.070629,0.349938,0.339736,0,,NO_QUALIFYING_CANDIDATE,,,,,,,,0,,NO_QUALIFYING_CANDIDATE,,,,,,,,,0,,NO_QUALIFYING_CANDIDATE,,,,,,,,,0,,,,,,,,0,,,,,,,,1,-42.5,-112.0,0.4198322124406619,0.5043297540699689,-0.08449754162930706,-0.20531759788017573,0.0,0.0,1,42.5,-108.0,0.5801677875593381,0.4956702459300312,0.0844975416293069,0.11736018344761412,0.12674899812342325,0.05,1,56.5,-112.0,0.4162237032655949,0.5043297540699689,-0.08810605080437406,-0.21214799024726688,0.0,0.0,1,56.5,-108.0,0.5837762967344051,0.4956702459300312,0.08810605080437395,0.12430990482181736,0.13425469720756272,0.05
2026,2,3,401856691,2026-09-19,16:15,Mississippi State Bulldogs,South Carolina Gamecocks,0,Williams-Brice Stadium,open_air,Grass,DraftKings,-4,58.5,0,0,1,2.5,2579,344,2,2,0,0,23.999,20.0701,6.4289,14.684,12.153,5.031,1,1,82.425,0.6446,0.3554,,5.073,-5.073,5.073,4.0,0.36,0.28,0.2,0.16,0,0,0,0,0,0,0.0,0.0,0.0,1,448.1,0.0,0.4481,1.0,0.0,1.0,0.0,2,-1.1074,4.8919,49.0365,58.5,0.75,0.25,1,1,33.5,3.9,,46.8,1.0,0.0,1,-0.4748,56.1341,3.78,55.66,29.72,25.94,0.591469,0.408531,0.494745,0.505255,0.425971,0.574029,16.36,15.22,1,1,cfb-inseason-v6-history-coverage-2026-09-16,0.23729,0.178274,-0.00875,0.007268,0.535482,0.511757,0.391147,0.441251,7.156093,7.255557,5.166765,5.1507,2.807917,3.16933,1.175417,1.375417,0.672398,0.597398,0.464064,0.39653,0.193937,0.173223,0.432236,0.409462,0,,NO_QUALIFYING_CANDIDATE,,,,,,,,0,,NO_QUALIFYING_CANDIDATE,,,,,,,,,0,,NO_QUALIFYING_CANDIDATE,,,,,,,,,1,-175.0,0.591469,0.6092362344582594,-0.01776723445825934,-0.07054871428571424,0.0,0.0,1,145.0,0.408531,0.3907637655417407,0.017767234458259284,0.0009009500000000115,0.0006213448275862147,0.0006213448275862147,1,-4.0,-108.0,0.4946354121913548,0.4956702459300312,-0.001034833738676355,-0.04736883577961293,0.0,0.0,1,4.0,-112.0,0.5053645878086452,0.5043297540699689,0.0010348337386762996,-0.04341703021935012,0.0,0.0,1,58.5,-112.0,0.4259884728585947,0.5043297540699689,-0.07834128121137424,-0.19366467637480284,0.0,0.0,1,58.5,-108.0,0.5740115271414052,0.4956702459300312,0.07834128121137407,0.10550368190196568,0.11394397645412292,0.05
2026,2,3,401856795,2026-09-19,17:30,BYU Cougars,Colorado State Rams,0,Canvas Stadium,open_air,Artificial,DraftKings,17.5,52.5,0,0,1,2.5,36,252,2,2,0,0,14.3873,20.3868,-3.4995,-5.421,15.365,-18.286,1,1,63.833,0.0909,0.9091,,-19.629,19.629,-19.629,-17.5,0.36,0.28,0.2,0.16,0,0,0,0,0,0,0.0,0.0,0.0,1,346.0,0.0,0.346,0.0,0.0,1.0,0.0,2,-1.2251,-15.9058,50.7182,52.5,0.75,0.25,1,1,21.4,2.0,,53.7,0.0,0.0,1,0.5934,52.0545,-17.13,52.65,17.76,34.89,0.147522,0.852478,0.509,0.491,0.503877,0.496123,16.36,15.22,1,1,cfb-inseason-v6-history-coverage-2026-09-16,0.222063,0.230319,0.04014,0.024866,0.49087,0.55104,0.443028,0.435138,7.051463,6.706604,6.445448,5.297581,2.717639,2.973678,1.612083,1.517156,0.570125,0.751943,0.547398,0.597398,0.235527,0.21024,0.40351,0.433272,0,,NO_QUALIFYING_CANDIDATE,,,,,,,,0,,NO_QUALIFYING_CANDIDATE,,,,,,,,,0,,NO_QUALIFYING_CANDIDATE,,,,,,,,,1,625.0,0.147522,0.1322834645669291,0.015238535433070882,0.06953449999999983,0.011125519999999974,0.011125519999999974,1,-950.0,0.852478,0.8677165354330708,-0.015238535433070854,-0.057787473684210666,0.0,0.0,1,17.5,-112.0,0.5090217641400782,0.5043297540699689,0.0046920100701092204,-0.03649451787770924,0.0,0.0,1,-17.5,-108.0,0.49097823585992184,0.4956702459300312,-0.0046920100701093315,-0.054412286492002304,0.0,0.0,1,52.5,-105.0,0.5039316933865392,0.4891657638136511,0.014765929572888081,-0.01613336053104253,0.0,0.0,1,52.5,-115.0,0.4960683066134608,0.5108342361863489,-0.014765929572888137,-0.07256794850526899,0.0,0.0
2026,2,3,401871047,2026-09-19,17:30,Marshall Thundering Herd,Missouri State Bears,0,Plaster Sports Complex,open_air,Artificial,DraftKings,4,52.5,0,0,1,2.5,2623,276,2,2,0,0,-3.3036,-7.3808,6.5772,-11.89,-13.89,4.5,1,1,21.332,0.6342,0.3658,,4.689,-4.689,4.689,-4.0,0.36,0.28,0.2,0.16,0,0,0,0,0,0,0.0,0.0,0.0,1,598.4,0.0,0.5983999999999999,1.0,1.0,0.0,0.0,2,0.6897,1.8102,44.7525,52.5,0.75,0.25,1,1,35.4,4.5,,27.1,0.0,0.0,1,-0.8121,50.5631,2.5,49.75,26.13,23.63,0.560723,0.439277,0.654428,0.345572,0.428334,0.571666,16.36,15.22,1,1,cfb-inseason-v6-history-coverage-2026-09-16,0.002843,-0.030869,0.123732,0.116271,0.433651,0.437332,0.470265,0.473939,5.896749,5.37756,5.507542,6.12131,1.955417,1.513935,2.175417,2.138274,0.674308,0.697398,0.630731,0.447398,0.028444,0.074081,0.358867,0.258323,0,,NO_QUALIFYING_CANDIDATE,,,,,,,,1,HOME,SELECTED_BY_MARKETS_YAML,4.0,-108.0,0.6544307522597076,0.4956702459300312,0.15876050632967642,0.2603851525001777,0.2812159647001919,0.2812159647001919,0,,NO_QUALIFYING_CANDIDATE,,,,,,,,,1,164.0,0.560723,0.36309581830587784,0.19762718169412213,0.4803087199999998,0.29287117073170726,0.05,1,-198.0,0.439277,0.6369041816941222,-0.19762718169412224,-0.33886592929292936,0.0,0.0,1,4.0,-108.0,0.6544307522597076,0.4956702459300312,0.15876050632967642,0.2603851525001777,0.2812159647001919,0.05,1,-4.0,-112.0,0.3455692477402924,0.5043297540699689,-0.15876050632967653,-0.34588678106301796,0.0,0.0,1,52.5,-112.0,0.42830807936440796,0.5043297540699689,-0.07602167470556098,-0.1892739926316564,0.0,0.0,1,52.5,-108.0,0.571691920635592,0.4956702459300312,0.07602167470556087,0.10103629159447358,0.10911919492203145,0.05
2026,2,3,401864574,2026-09-19,18:00,Charlotte 49ers,App State Mountaineers,0,Kidd Brewer Stadium,open_air,Artificial,DraftKings,-17.5,51.5,0,0,1,2.5,2026,2429,2,2,0,0,16.7391,-4.4265,23.6656,-3.881,-16.484,15.103,1,1,27.488,0.857,0.143,,15.264,-15.264,15.264,17.5,0.36,0.28,0.2,0.16,0,0,0,0,0,0,0.0,0.0,0.0,1,81.8,0.0,0.0818,0.0,1.0,0.0,0.0,2,0.0943,17.3681,51.4275,51.5,0.75,0.25,1,1,21.2,1.9,,89.3,0.0,0.0,1,0.6496,51.4819,17.46,52.13,34.8,17.33,0.857101,0.142899,0.499083,0.500917,0.516547,0.483453,16.36,15.22,1,1,cfb-inseason-v6-history-coverage-2026-09-16,0.219364,0.109616,-0.019257,0.22905,0.503735,0.481187,0.429801,0.529164,6.614667,6.372046,5.601081,6.35974,2.630032,2.341571,1.495417,2.476898,0.60509,0.51962,0.511683,0.697398,0.225645,0.106668,0.330458,0.348786,0,,NO_QUALIFYING_CANDIDATE,,,,,,,,0,,NO_QUALIFYING_CANDIDATE,,,,,,,,,0,,NO_QUALIFYING_CANDIDATE,,,,,,,,,1,-1050.0,0.857101,0.8761776581426649,-0.019076658142664904,-0.061270333333333246,0.0,0.0,1,675.0,0.142899,0.12382234185733514,0.019076658142664862,0.10746725000000001,0.015921074074074077,0.015921074074074077,1,-17.5,-110.0,0.49902459197328947,0.5,-0.0009754080267105336,-0.04731668805099287,0.0,0.0,1,17.5,-110.0,0.5009754080267106,0.5,0.0009754080267105891,-0.0435924028580979,0.0,0.0,1,51.5,-112.0,0.5165086651601569,0.5043297540699689,0.012178911090187983,-0.022322883803988725,0.0,0.0,1,51.5,-108.0,0.4834913348398431,0.4956702459300312,-0.012178911090188094,-0.0688315032714133,0.0,0.0
2026,2,3,401862710,2026-09-19,18:00,East Carolina Pirates,Old Dominion Monarchs,0,S.B. Ballard Stadium,open_air,Artificial,DraftKings,-3,48.5,0,0,1,2.5,295,151,2,2,0,0,0.6132,-7.2201,10.3333,-6.955,-4.235,-0.22,1,1,40.465,0.4747,0.5253,,-0.862,0.862,-0.862,3.0,0.36,0.28,0.2,0.16,0,0,0,0,0,0,0.0,0.0,0.0,1,107.0,0.0,0.107,0.0,0.0,1.0,0.0,2,-1.5006,2.4993,47.7496,48.5,0.75,0.25,1,1,24.9,6.6,,75.3,0.0,0.0,1,-1.9927,48.3124,1.0,46.32,23.66,22.66,0.52434,0.47566,0.45132,0.54868,0.443045,0.556955,16.36,15.22,1,1,cfb-inseason-v6-history-coverage-2026-09-16,-0.051766,-0.025255,0.003681,0.079063,0.42058,0.435475,0.419292,0.467511,5.822795,5.710248,5.361721,5.88131,2.45838,1.60256,2.017156,2.226186,0.654541,0.547398,0.497398,0.647398,-0.145888,0.067898,0.314224,0.218986,0,,NO_QUALIFYING_CANDIDATE,,,,,,,,0,,NO_QUALIFYING_CANDIDATE,,,,,,,,,0,,NO_QUALIFYING_CANDIDATE,,,,,,,,,1,-142.0,0.52434,0.5634920634920635,-0.03915206349206346,-0.1064064788732394,0.0,0.0,1,120.0,0.47566,0.43650793650793646,0.03915206349206357,0.04645200000000005,0.038710000000000036,0.038710000000000036,1,-3.0,102.0,0.45135075659005475,0.47391341473828025,-0.0225626581482255,-0.08827147168808941,0.0,0.0,1,3.0,-122.0,0.5486492434099453,0.5260865852617197,0.022562658148225556,-0.001638261991738943,0.0,0.0,1,48.5,-108.0,0.44305324655098105,0.4956702459300312,-0.05261699937905012,-0.1467122659018142,0.0,0.0,1,48.5,-112.0,0.5569467534490189,0.5043297540699689,0.052616999379049956,0.05422064045707142,0.06072711731192,0.05
2026,2,3,401856687,2026-09-19,18:00,Florida Gators,Auburn Tigers,0,Jordan-Hare Stadium,open_air,Grass,DraftKings,2.5,53.5,0,0,1,2.5,2,57,2,2,0,0,10.5212,21.4799,-8.4587,14.176,16.207,0.469,1,1,87.171,0.5018,0.4982,,0.063,-0.063,0.063,-2.5,0.36,0.28,0.2,0.16,0,0,0,0,0,0,0.0,0.0,0.0,1,275.9,0.0,0.2759,1.0,1.0,0.0,0.0,2,0.318,-2.1095,45.1795,53.5,0.75,0.25,1,1,23.8,5.6,,94.4,1.0,0.0,1,-1.4305,51.4199,-1.79,49.99,24.1,25.89,0.456402,0.543598,0.517272,0.482728,0.408789,0.591211,16.36,15.22,1,1,cfb-inseason-v6-history-coverage-2026-09-16,0.075133,0.219399,-0.046739,-0.006601,0.46336,0.502705,0.421059,0.417053,6.097096,7.370535,5.239052,5.131441,1.976186,3.095417,1.32875,1.456955,0.609898,0.755731,0.497398,0.511683,0.034866,0.199329,0.421367,0.365811,0,,NO_QUALIFYING_CANDIDATE,,,,,,,,0,,NO_QUALIFYING_CANDIDATE,,,,,,,,,0,,NO_QUALIFYING_CANDIDATE,,,,,,,,,1,114.0,0.456402,0.44855888528345106,0.007843114716548916,-0.023299720000000246,0.0,0.0,1,-135.0,0.543598,0.551441114716549,-0.007843114716548971,-0.05373681481481479,0.0,0.0,1,2.5,-108.0,0.5173080764541259,0.4956702459300312,0.021637830524094737,-0.0037029638661278397,0.0,0.0,1,-2.5,-112.0,0.4826919235458741,0.5043297540699689,-0.021637830524094848,-0.08633314471673836,0.0,0.0,1,53.5,-112.0,0.4088059433936754,0.5043297540699689,-0.09552381067629356,-0.2261887500048288,0.0,0.0,1,53.5,-108.0,0.5911940566063246,0.4956702459300312,0.09552381067629345,0.1385959608714401,0.14968363774115528,0.05
2026,2,3,401862771,2026-09-19,18:00,Florida International Panthers,Florida Atlantic Owls,0,FAU Stadium,open_air,Artificial,DraftKings,-7,62.5,0,0,1,2.5,2226,2229,2,2,0,0,-7.5241,4.4087,-9.4329,-10.838,-9.346,1.008,1,1,29.229,0.5106,0.4894,,0.363,-0.363,0.363,7.0,0.36,0.28,0.2,0.16,0,0,0,0,0,0,0.0,0.0,0.0,1,46.4,0.0,0.0464,0.0,0.0,1.0,0.0,2,-1.5704,1.3656,48.4082,62.5,0.75,0.25,1,1,27.1,1.1,,79.7,0.0,0.0,1,1.0993,58.977,-0.2,60.08,29.94,30.14,0.495005,0.504995,0.329826,0.670174,0.43674,0.56326,16.36,15.22,1,1,cfb-inseason-v6-history-coverage-2026-09-16,0.070717,0.0249,0.199682,-0.000873,0.452062,0.432056,0.461382,0.402308,5.615023,6.045986,7.072117,5.166432,2.032454,1.860801,2.717639,1.807917,0.654541,0.464064,0.797398,0.464064,0.036986,0.077922,0.407478,0.347837,0,,NO_QUALIFYING_CANDIDATE,,,,,,,,0,,NO_QUALIFYING_CANDIDATE,,,,,,,,,0,,NO_QUALIFYING_CANDIDATE,,,,,,,,,1,-250.0,0.495005,0.6853932584269663,-0.19038825842696633,-0.3069930000000001,0.0,0.0,1,205.0,0.504995,0.3146067415730337,0.19038825842696627,0.5402347499999999,0.26352914634146335,0.05,1,-7.0,100.0,0.32993313780824235,0.4782608695652174,-0.14832773175697506,-0.34013372438351525,0.0,0.0,1,7.0,-120.0,0.6700668621917576,0.5217391304347826,0.148327731756975,0.2284559140182224,0.27414709682186683,0.05,1,62.5,-112.0,0.436833919266293,0.5043297540699689,-0.06749583480367594,-0.17313579567451687,0.0,0.0,1,62.5,-108.0,0.563166080733707,0.4956702459300312,0.06749583480367582,0.08461615548713952,0.09138544792611067,0.05
2026,2,3,401869948,2026-09-19,18:00,Georgia Southern Eagles,Jacksonville State Gamecocks,0,AmFirst Stadium,open_air,Artificial,DraftKings,-3,53.5,0,0,1,2.5,55,290,2,2,0,0,3.5187,9.3204,-3.3017,-9.057,-7.838,1.281,1,1,33.518,0.526,0.474,,0.887,-0.887,0.887,3.0,0.36,0.28,0.2,0.16,0,0,0,0,0,0,0.0,0.0,0.0,1,250.1,0.0,0.2501,1.0,1.0,0.0,0.0,2,0.2883,1.0878,41.3546,53.5,0.75,0.25,1,1,32.1,2.0,,50.5,1.0,0.0,1,0.5934,50.4636,1.38,51.06,26.22,24.84,0.533516,0.466484,0.460465,0.539535,0.436239,0.563761,16.36,15.22,1,1,cfb-inseason-v6-history-coverage-2026-09-16,0.096162,0.026756,0.070309,-0.134838,0.488264,0.405833,0.468349,0.364915,6.108407,5.663618,5.515813,4.6736,2.050972,1.548988,2.273194,1.318946,0.489705,0.464064,0.484898,0.380731,0.07285,0.103945,0.41461,0.316528,0,,NO_QUALIFYING_CANDIDATE,,,,,,,,0,,NO_QUALIFYING_CANDIDATE,,,,,,,,,0,,NO_QUALIFYING_CANDIDATE,,,,,,,,,1,-166.0,0.533516,0.5996387718242023,-0.06612277182420234,-0.14508881927710848,0.0,0.0,1,140.0,0.466484,0.4003612281757977,0.06612277182420229,0.11956159999999993,0.08540114285714281,0.05,1,-3.0,-115.0,0.4605603992957911,0.5108342361863489,-0.05027383689055781,-0.13895229696873834,0.0,0.0,1,3.0,-105.0,0.5394396007042088,0.4891657638136511,0.0502738368905577,0.05319160137488388,0.05585118144362808,0.05,1,53.5,-108.0,0.4363163242040972,0.4956702459300312,-0.059353921725933956,-0.15968707931062748,0.0,0.0,1,53.5,-112.0,0.5636836757959027,0.5043297540699689,0.05935392172593379,0.06697267204224444,0.07500939268731378,0.05
2026,2,3,401856803,2026-09-19,18:00,Murray State Racers,Oklahoma State Cowboys,0,Boone Pickens Stadium,open_air,Artificial,DraftKings,-56.5,70.5,0,0,1,2.5,197,,2,0,0,1,-1.4105,0.0,,2.985,,,1,1,33.058,0.9944,0.0056,,44.109,-44.109,44.109,56.5,0.6429,0.0,0.3571,0.0,0,0,0,0,0,0,0.0,0.0,0.0,1,487.8,0.0,0.4878,0.0,1.0,0.0,0.0,2,0.5622,52.0746,43.7216,70.5,0.75,0.25,1,1,34.5,5.8,,35.6,0.0,0.0,1,-1.543,63.8054,52.64,62.26,57.45,4.81,0.999353,0.000647,0.406665,0.593335,0.294173,0.705827,16.36,15.22,1,1,cfb-inseason-v6-history-coverage-2026-09-16,-0.068551,0.051438,-0.001811,0.065078,0.440529,0.450272,0.407335,0.456246,6.036399,5.873843,5.813416,5.986124,1.737352,1.9678,1.85256,2.04605,0.412782,0.580791,0.630731,0.585112,0.063063,0.070629,0.292579,0.339736,0,,NO_QUALIFYING_CANDIDATE,,,,,,,,0,,NO_QUALIFYING_CANDIDATE,,,,,,,,,0,,NO_QUALIFYING_CANDIDATE,,,,,,,,,0,,,,,,,,0,,,,,,,,1,-56.5,-108.0,0.406739102137917,0.4956702459300312,-0.0889311437921142,-0.21665061810475245,0.0,0.0,1,56.5,-112.0,0.593260897862083,0.5043297540699689,0.08893114379211409,0.12295812809608564,0.13771310346761592,0.05,1,70.5,-115.0,0.2941183985593811,0.5108342361863489,-0.21671583762696783,-0.45012647225854835,0.0,0.0,1,70.5,-105.0,0.7058816014406188,0.4891657638136511,0.21671583762696772,0.37814979328882725,0.39705728295326864,0.05
2026,2,3,401864443,2026-09-19,18:00,Nevada Wolf Pack,Middle Tennessee Blue Raiders,0,"Johnny ""Red"" Floyd Stadium",open_air,Artificial,DraftKings,3.5,50.5,0,0,1,2.5,2393,2440,2,2,0,0,3.8392,5.9363,0.4028,-15.405,-5.112,-7.793,1,1,28.748,0.3099,0.6901,,-6.826,6.826,-6.826,-3.5,0.36,0.28,0.2,0.16,0,0,0,0,0,0,0.0,0.0,0.0,1,1835.7,0.0,1.8357,2.0,0.0,1.0,0.0,2,0.4919,-4.7428,44.3286,50.5,0.75,0.25,1,1,33.4,3.3,,40.4,0.0,0.0,1,-0.1375,48.9571,-4.25,48.82,22.28,26.54,0.397496,0.602504,0.481696,0.518304,0.456044,0.543956,16.36,15.22,1,1,cfb-inseason-v6-history-coverage-2026-09-16,0.151126,0.083591,0.066024,0.036202,0.484033,0.475542,0.470502,0.451649,6.397397,6.337452,5.863834,5.378207,2.13178,1.902824,1.90846,1.76625,0.440255,0.714064,0.714064,0.597398,0.177963,0.107924,0.250314,0.34528,0,,NO_QUALIFYING_CANDIDATE,,,,,,,,0,,NO_QUALIFYING_CANDIDATE,,,,,,,,,0,,NO_QUALIFYING_CANDIDATE,,,,,,,,,1,150.0,0.397496,0.38356164383561653,0.013934356164383488,-0.006259999999999932,0.0,0.0,1,-180.0,0.602504,0.6164383561643836,-0.013934356164383543,-0.06277155555555547,0.0,0.0,1,3.5,-108.0,0.4817174853436225,0.4956702459300312,-0.013952760586408652,-0.07224780600487501,0.0,0.0,1,-3.5,-112.0,0.5182825146563774,0.5043297540699689,0.013952760586408486,-0.018965240114714177,0.0,0.0,1,50.5,-108.0,0.45605357968214555,0.4956702459300312,-0.039616666247885624,-0.12167458727883074,0.0,0.0,1,50.5,-112.0,0.5439464203178545,0.5043297540699689,0.03961666624788551,0.029612867030224477,0.03316641107385142,0.03316641107385142
2026,2,3,401870764,2026-09-19,18:00,Nicholls Colonels,Sam Houston Bearkats,0,Elliott T. Bowers Stadium,open_air,Artificial,DraftKings,-17.5,49.5,0,0,1,2.5,2534,,2,0,0,1,1.7951,0.0,,-14.621,,,1,1,15.72,0.8434,0.1566,,14.353,-14.353,14.353,17.5,0.6429,0.0,0.3571,0.0,0,0,0,0,0,0,0.0,0.0,0.0,1,290.0,0.0,0.29,0.0,1.0,0.0,0.0,2,0.3342,16.3761,43.4333,49.5,0.75,0.25,1,1,33.1,3.7,,41.0,0.0,0.0,1,-0.3624,47.9833,16.71,47.62,32.17,15.46,0.846471,0.153529,0.480751,0.519249,0.450872,0.549128,16.36,15.22,1,1,cfb-inseason-v6-history-coverage-2026-09-16,0.016676,0.051438,0.026724,0.065078,0.458854,0.450272,0.412696,0.456246,5.844445,5.873843,5.649088,5.986124,1.673988,1.9678,1.865787,2.04605,0.547398,0.580791,0.547398,0.585112,0.085299,0.070629,0.332081,0.339736,0,,NO_QUALIFYING_CANDIDATE,,,,,,,,0,,NO_QUALIFYING_CANDIDATE,,,,,,,,,0,,NO_QUALIFYING_CANDIDATE,,,,,,,,,0,,,,,,,,0,,,,,,,,1,-17.5,-105.0,0.4807431563569022,0.4891657638136511,-0.008422607456748943,-0.061406218541286195,0.0,0.0,1,17.5,-115.0,0.5192568436430978,0.5108342361863489,0.008422607456748832,-0.029215466232469456,0.0,0.0,1,49.5,-112.0,0.4508470030058517,0.5043297540699689,-0.05348275106411726,-0.14661103002463793,0.0,0.0,1,49.5,-108.0,0.5491529969941483,0.4956702459300312,0.05348275106411715,0.05762799421095244,0.06223823374782862,0.05
2026,2,3,401866423,2026-09-19,18:00,Ohio Bobcats,South Alabama Jaguars,0,Hancock Whitney Stadium,open_air,Artificial,DraftKings,-7,49.5,0,0,1,2.5,6,195,2,2,0,0,-1.1515,-2.4685,3.817,-8.088,-9.672,4.084,1,1,31.945,0.625,0.375,,4.355,-4.355,4.355,7.0,0.36,0.28,0.2,0.16,0,0,0,0,0,0,0.0,0.0,0.0,1,683.9,0.0,0.6839,1.0,1.0,0.0,0.0,2,0.7883,5.1452,52.3197,49.5,0.75,0.25,1,1,30.9,2.5,,60.4,0.0,0.0,1,0.3123,50.2049,5.93,50.52,28.23,22.29,0.641579,0.358421,0.474011,0.525989,0.526642,0.473358,16.36,15.22,1,1,cfb-inseason-v6-history-coverage-2026-09-16,0.104271,0.095535,0.115712,0.160617,0.456543,0.458571,0.45104,0.487785,5.764859,5.247825,7.006604,6.303502,2.055417,2.595417,2.045417,2.402824,0.547398,0.511683,0.797398,0.528167,0.07259,0.072331,0.421367,0.358867,0,,NO_QUALIFYING_CANDIDATE,,,,,,,,0,,NO_QUALIFYING_CANDIDATE,,,,,,,,,1,OVER,SELECTED_BY_MARKETS_YAML,49.5,-105.0,0.5267159481614909,0.4891657638136511,0.0375501843478398,0.028350184505767984,0.029767693731056383,0.029767693731056383,1,-278.0,0.641579,0.705033164260632,-0.063454164260632,-0.1276371870503597,0.0,0.0,1,225.0,0.358421,0.2949668357393679,0.0634541642606321,0.16486824999999994,0.07327477777777774,0.05,1,-7.0,-110.0,0.4739263993855455,0.5,-0.026073600614454517,-0.09523141935486767,0.0,0.0,1,7.0,-110.0,0.5260736006144545,0.5,0.026073600614454517,0.004322328445776846,0.00475456129035453,0.00475456129035453,1,49.5,-105.0,0.5267159481614909,0.4891657638136511,0.0375501843478398,0.028350184505767984,0.029767693731056383,0.029767693731056383,1,49.5,-115.0,0.4732840518385091,0.5108342361863489,-0.037550184347839854,-0.11516459873670049,0.0,0.0
2026,2,3,401856689,2026-09-19,18:00,Troy Trojans,Missouri Tigers,0,Memorial Stadium,open_air,Artificial,DraftKings,-27.5,50.5,0,0,1,2.5,142,2653,2,2,0,0,14.9159,4.8621,12.5538,12.326,-8.831,23.657,1,1,56.066,0.9499,0.0501,,25.074,-25.074,25.074,27.5,0.36,0.28,0.2,0.16,0,0,0,0,0,0,0.0,0.0,0.0,1,609.9,0.0,0.6099,0.0,1.0,0.0,0.0,2,0.703,23.5474,48.46,50.5,0.75,0.25,1,1,32.1,2.4,,54.1,0.0,0.0,1,0.3685,49.99,24.25,50.36,37.3,13.05,0.930869,0.069131,0.421274,0.578726,0.496291,0.503709,16.36,15.22,1,1,cfb-inseason-v6-history-coverage-2026-09-16,0.137506,0.078302,-0.033076,0.009065,0.470662,0.424481,0.389904,0.425185,6.464461,5.929644,5.219174,5.482938,3.048988,2.069491,1.513935,1.795417,0.566629,0.609898,0.797398,0.630731,0.1004,0.145324,0.356552,0.326539,0,,NO_QUALIFYING_CANDIDATE,,,,,,,,0,,NO_QUALIFYING_CANDIDATE,,,,,,,,,0,,NO_QUALIFYING_CANDIDATE,,,,,,,,,1,-5000.0,0.930869,0.949050949050949,-0.018181949050949053,-0.05051362000000004,0.0,0.0,1,1800.0,0.069131,0.050949050949050945,0.018181949050949053,0.31348900000000013,0.017416055555555563,0.017416055555555563,1,-27.5,-102.0,0.42126621315578083,0.4826358742837298,-0.06136966112794895,-0.16572769551502226,0.0,0.0,1,27.5,-118.0,0.5787337868442192,0.5173641257162701,0.06136966112794906,0.06918614857660826,0.08163965532039776,0.05,1,50.5,-105.0,0.49633041184941845,0.4891657638136511,0.007164648035767329,-0.030973957817802045,0.0,0.0,1,50.5,-115.0,0.5036695881505815,0.5108342361863489,-0.00716464803576744,-0.05835685693586945,0.0,0.0
2026,2,3,401861963,2026-09-19,18:00,UConn Huskies,Southern Miss Golden Eagles,0,M. M. Roberts Stadium,open_air,Artificial,DraftKings,3,54.5,0,0,1,2.5,2572,41,2,2,0,0,3.3336,7.7844,-1.9508,-7.083,-10.682,6.099,1,1,31.383,0.6955,0.3045,,7.042,-7.042,7.042,-3.0,0.36,0.28,0.2,0.16,0,0,0,0,0,0,0.0,0.0,0.0,1,1171.2,0.0,1.1712,1.0,1.0,0.0,0.0,2,1.3499,1.724,45.3219,54.5,0.75,0.25,1,1,32.8,1.0,,53.3,0.0,0.0,1,1.1556,52.2055,3.07,53.36,28.22,25.14,0.574519,0.425481,0.64478,0.35522,0.470174,0.529826,16.36,15.22,1,1,cfb-inseason-v6-history-coverage-2026-09-16,0.024951,0.120336,0.047942,0.039045,0.472192,0.441221,0.443823,0.43892,5.928757,6.628568,6.045778,5.014934,2.060634,2.245417,1.680602,1.895417,0.686287,0.674308,0.511683,0.609898,0.073515,0.141847,0.351367,0.323541,0,,NO_QUALIFYING_CANDIDATE,,,,,,,,0,,NO_QUALIFYING_CANDIDATE,,,,,,,,,0,,NO_QUALIFYING_CANDIDATE,,,,,,,,,1,136.0,0.574519,0.4066302458405761,0.1678887541594239,0.3558648400000002,0.26166532352941185,0.05,1,-162.0,0.425481,0.593369754159424,-0.16788875415942395,-0.31187640740740735,0.0,0.0,1,3.0,-105.0,0.6446912500202733,0.4891657638136511,0.15552548620662215,0.25868291670624777,0.27161706254156015,0.05,1,-3.0,-115.0,0.3553087499797267,0.5108342361863489,-0.1555254862066222,-0.33572711960311963,0.0,0.0,1,54.5,-112.0,0.4701465632369773,0.5043297540699689,-0.03418319083299165,-0.11007971958715024,0.0,0.0,1,54.5,-108.0,0.5298534367630228,0.4956702459300312,0.034183190832991595,0.02045847080285873,0.022095148467087426,0.022095148467087426
2026,2,3,401862772,2026-09-19,18:00,UT Martin Skyhawks,Memphis Tigers,0,Simmons Bank Liberty Stadium,open_air,Artificial,DraftKings,-34.5,57.5,0,0,1,2.5,235,,2,0,0,1,3.5656,0.0,,-0.186,,,1,1,29.536,0.9745,0.0255,,31.069,-31.069,31.069,34.5,0.6429,0.0,0.3571,0.0,0,0,0,0,0,0,0.0,0.0,0.0,1,,0.0,,,,,0.0,0,0.0,33.2746,45.5388,57.5,0.75,0.25,1,1,35.7,2.8,,25.2,0.0,0.0,1,0.1436,54.5097,33.27,54.65,43.96,10.69,0.979019,0.020981,0.470147,0.529853,0.425816,0.574184,16.36,15.22,1,1,cfb-inseason-v6-history-coverage-2026-09-16,0.136128,0.051438,0.083804,0.065078,0.464505,0.450272,0.465606,0.456246,7.242987,5.873843,6.611786,5.986124,1.960533,1.9678,1.945417,2.04605,0.497398,0.580791,0.61558,0.585112,0.191946,0.070629,0.314224,0.339736,0,,NO_QUALIFYING_CANDIDATE,,,,,,,,0,,NO_QUALIFYING_CANDIDATE,,,,,,,,,0,,NO_QUALIFYING_CANDIDATE,,,,,,,,,1,-50000.0,0.979019,0.9761439931431837,0.002875006856816298,-0.019022962000000025,0.0,0.0,1,4000.0,0.020981,0.023856006856816343,-0.002875006856816343,-0.139779,0.0,0.0,1,-34.5,-110.0,0.4700344062355361,0.5,-0.029965593764463894,-0.10266158809579462,0.0,0.0,1,34.5,-110.0,0.5299655937644638,0.5,0.029965593764463838,0.011752497186703736,0.01292774690537411,0.01292774690537411,1,57.5,-110.0,0.4257308952743541,0.5,-0.0742691047256459,-0.18724101811259664,0.0,0.0,1,57.5,-110.0,0.5742691047256459,0.5,0.07426910472564585,0.09633192720350581,0.10596511992385638,0.05
2026,2,3,401862773,2026-09-19,18:00,Western Michigan Broncos,Rice Owls,0,Rice Stadium,open_air,Artificial,DraftKings,9.5,43.5,0,0,1,2.5,242,2711,2,2,0,0,-1.8279,1.6036,-0.9315,-14.709,0.704,-12.913,1,1,36.096,0.1758,0.8242,,-13.169,13.169,-13.169,-9.5,0.36,0.28,0.2,0.16,0,0,0,0,0,0,0.0,0.0,0.0,1,1025.4,0.0,1.0254,1.0,1.0,0.0,0.0,2,1.1819,-9.8185,42.4465,43.5,0.75,0.25,1,1,31.6,4.3,,52.9,0.0,0.0,1,-0.6997,43.2366,-8.64,42.54,16.95,25.59,0.298781,0.701219,0.521044,0.478956,0.474774,0.525226,16.36,15.22,1,1,cfb-inseason-v6-history-coverage-2026-09-16,0.052064,-0.00465,0.051357,0.02137,0.473543,0.461117,0.451088,0.470265,5.534802,5.274589,6.068871,5.55102,1.540871,2.047141,2.258575,1.535417,0.547398,0.609898,0.587007,0.597398,0.040915,0.029406,0.361022,0.375071,0,,NO_QUALIFYING_CANDIDATE,,,,,,,,0,,NO_QUALIFYING_CANDIDATE,,,,,,,,,0,,NO_QUALIFYING_CANDIDATE,,,,,,,,,1,270.0,0.298781,0.2591283863368669,0.03965261366313311,0.10548970000000002,0.03907025925925926,0.03907025925925926,1,-340.0,0.701219,0.7408716136631331,-0.03965261366313311,-0.09254011764705872,0.0,0.0,1,9.5,-112.0,0.5209616390909707,0.5043297540699689,0.01663188502100177,-0.013894040292091181,0.0,0.0,1,-9.5,-108.0,0.4790383609090293,0.4956702459300312,-0.01663188502100188,-0.07740760121223983,0.0,0.0,1,43.5,-118.0,0.47485343011900194,0.5173641257162701,-0.04251069559726817,-0.12272840876319985,0.0,0.0,1,43.5,-102.0,0.5251465698809981,0.4826358742837298,0.04251069559726828,0.039996148195702075,0.040796071159616115,0.040796071159616115
2026,2,3,401858452,2026-09-19,18:15,North Dakota Fighting Hawks,Nebraska Cornhuskers,0,"Memorial Stadium (Lincoln, NE)",open_air,Artificial,DraftKings,-24.5,51.5,0,0,1,2.5,158,,2,0,0,1,21.9062,0.0,,14.799,,,1,1,56.118,0.9648,0.0352,,28.218,-28.218,28.218,24.5,0.6429,0.0,0.3571,0.0,0,0,0,0,0,0,0.0,0.0,0.0,1,,0.0,,,,,0.0,0,0.0,25.8279,50.6879,51.5,0.75,0.25,1,1,25.1,4.6,,78.7,0.0,0.0,1,-0.8683,51.297,25.83,50.43,38.13,12.3,0.9428,0.0572,0.532345,0.467655,0.471941,0.528059,16.36,15.22,1,1,cfb-inseason-v6-history-coverage-2026-09-16,0.26339,0.051438,0.0105,0.065078,0.527511,0.450272,0.428404,0.456246,6.789167,5.873843,5.431132,5.986124,3.222689,1.9678,1.57875,2.04605,0.797398,0.580791,0.464064,0.585112,0.245659,0.070629,0.367019,0.339736,0,,NO_QUALIFYING_CANDIDATE,,,,,,,,0,,NO_QUALIFYING_CANDIDATE,,,,,,,,,0,,NO_QUALIFYING_CANDIDATE,,,,,,,,,1,-3200.0,0.9428,0.9356725146198831,0.007127485380116871,-0.02773750000000003,0.0,0.0,1,1400.0,0.0572,0.06432748538011696,-0.007127485380116955,-0.14200000000000002,0.0,0.0,1,-24.5,-105.0,0.5323966602796024,0.4891657638136511,0.043230896465951296,0.03944109864112855,0.04141315357318498,0.04141315357318498,1,24.5,-115.0,0.4676033397203976,0.5108342361863489,-0.04323089646595135,-0.12578506052273503,0.0,0.0,1,51.5,-108.0,0.47197655225568635,0.4956702459300312,-0.023693693674344818,-0.09100812158164107,0.0,0.0,1,51.5,-112.0,0.5280234477443136,0.5043297540699689,0.023693693674344707,-0.0005270453411206355,0.0,0.0
2026,2,3,401856796,2026-09-19,18:30,Colorado Buffaloes,Northwestern Wildcats,0,Ryan Field,open_air,Grass,DraftKings,-3.5,47.5,0,0,1,2.5,77,38,1,2,0,0,10.7754,7.524,5.7514,2.492,4.478,0.514,1,1,59.043,0.4979,0.5021,,-0.073,0.073,-0.073,3.5,0.36,0.28,0.2,0.16,0,0,0,0,0,0,0.0,0.0,0.0,1,925.2,0.0,0.9252,1.0,0.0,1.0,0.0,2,-0.5575,2.3095,45.922,47.5,0.75,0.25,1,1,23.1,4.3,,94.2,1.0,0.0,1,-0.6997,47.1055,1.75,46.41,24.08,22.33,0.542642,0.457358,0.457456,0.542544,0.471344,0.528656,16.36,15.22,1,1,cfb-inseason-v6-history-coverage-2026-09-16,0.165458,0.091767,0.036744,-0.001097,0.470015,0.448201,0.464397,0.415481,7.004957,5.97131,5.369987,5.422438,2.357525,2.19912,1.827222,1.60256,0.59653,0.547398,0.444149,0.484898,0.1903,0.042022,0.3396,0.338033,0,,NO_QUALIFYING_CANDIDATE,,,,,,,,0,,NO_QUALIFYING_CANDIDATE,,,,,,,,,0,,NO_QUALIFYING_CANDIDATE,,,,,,,,,1,-175.0,0.542642,0.6092362344582594,-0.0665942344582594,-0.1472768571428572,0.0,0.0,1,145.0,0.457358,0.3907637655417407,0.0665942344582593,0.1205271,0.08312213793103447,0.05,1,-3.5,-105.0,0.45740709783517997,0.4891657638136511,-0.03175866597847116,-0.1069670947027439,0.0,0.0,1,3.5,-115.0,0.54259290216482,0.5108342361863489,0.0317586659784711,0.01441281709075043,0.016574739654362996,0.016574739654362996,1,47.5,-115.0,0.4714536361785987,0.5108342361863489,-0.03938060000775023,-0.1185866801878373,0.0,0.0,1,47.5,-105.0,0.5285463638214013,0.4891657638136511,0.03938060000775018,0.03192385317511681,0.03352004583387266,0.03352004583387266
2026,2,3,401856688,2026-09-19,18:30,LSU Tigers,Ole Miss Rebels,0,Vaught-Hemingway Stadium,open_air,Grass,DraftKings,2.5,57.5,0,0,1,2.5,145,99,2,2,0,0,8.1682,23.0168,-12.3487,15.467,22.578,-4.611,1,1,94.898,0.35,0.65,,-5.278,5.278,-5.278,-2.5,0.36,0.28,0.2,0.16,0,0,0,0,0,0,0.0,0.0,0.0,1,289.4,0.0,0.2894,0.0,0.0,1.0,0.0,2,-1.2903,-5.2225,45.7991,57.5,0.75,0.25,1,1,34.0,2.3,,34.0,0.0,0.0,1,0.4247,54.5748,-6.51,55.0,24.24,30.76,0.345281,0.654719,0.403119,0.596881,0.434751,0.565249,16.36,15.22,1,1,cfb-inseason-v6-history-coverage-2026-09-16,0.111417,0.088368,0.050741,-0.231604,0.484864,0.473321,0.465792,0.34887,6.309546,6.627735,5.979123,4.655776,2.439861,2.47756,1.778025,1.26961,0.734898,0.583112,0.397398,0.464064,0.182953,0.141108,0.321367,0.428943,0,,NO_QUALIFYING_CANDIDATE,,,,,,,,0,,NO_QUALIFYING_CANDIDATE,,,,,,,,,0,,NO_QUALIFYING_CANDIDATE,,,,,,,,,1,110.0,0.345281,0.4572564612326044,-0.11197546123260438,-0.27490990000000004,0.0,0.0,1,-130.0,0.654719,0.5427435387673957,0.11197546123260438,0.15834900000000007,0.2058537000000001,0.05,1,2.5,-115.0,0.4031856206273381,0.5108342361863489,-0.10764861555901084,-0.24621818752280278,0.0,0.0,1,-2.5,-105.0,0.5968143793726619,0.4891657638136511,0.10764861555901079,0.16520902639424462,0.17346947771395685,0.05,1,57.5,-108.0,0.43476419666177607,0.4956702459300312,-0.0609060492682551,-0.16267636198472746,0.0,0.0,1,57.5,-112.0,0.5652358033382239,0.5043297540699689,0.060906049268254936,0.06991062774735235,0.07829990307703463,0.05
2026,2,3,401856690,2026-09-19,18:30,New Mexico Lobos,Oklahoma Sooners,0,"Memorial Stadium (Norman, OK)",open_air,Grass,DraftKings,-21.5,46.5,0,0,1,2.5,201,167,2,2,0,0,11.9135,18.539,-4.1256,17.835,2.661,17.674,1,1,74.773,0.897,0.103,,18.452,-18.452,18.452,21.5,0.36,0.28,0.2,0.16,0,0,0,0,0,0,0.0,0.0,0.0,1,519.0,0.0,0.519,1.0,0.0,1.0,0.0,2,-1.0257,15.719,42.7467,46.5,0.75,0.25,1,1,34.6,5.2,,33.2,0.0,0.0,1,-1.2057,45.5617,14.69,44.36,29.52,14.83,0.81544,0.18456,0.338684,0.661316,0.443988,0.556012,16.36,15.22,1,1,cfb-inseason-v6-history-coverage-2026-09-16,0.069601,0.082797,-0.091663,-0.133145,0.458916,0.481082,0.398564,0.377996,6.194451,5.903453,5.050258,4.578106,2.075417,2.823003,1.298988,1.236796,0.440255,0.706489,0.422398,0.594796,0.118517,0.114958,0.3172,0.344444,0,,NO_QUALIFYING_CANDIDATE,,,,,,,,0,,NO_QUALIFYING_CANDIDATE,,,,,,,,,0,,NO_QUALIFYING_CANDIDATE,,,,,,,,,1,-2100.0,0.81544,0.9197080291970803,-0.10426802919708023,-0.1457295238095237,0.0,0.0,1,1100.0,0.18456,0.08029197080291971,0.1042680291970803,1.21472,0.11042909090909091,0.05,1,-21.5,-112.0,0.33861018365512396,0.5043297540699689,-0.16571957041484497,-0.35905929522422964,0.0,0.0,1,21.5,-108.0,0.661389816344876,0.4956702459300312,0.16571957041484486,0.27378779444198353,0.2956908179973422,0.05,1,46.5,-112.0,0.44409120925361784,0.5043297540699689,-0.0602385448163511,-0.15939878248422346,0.0,0.0,1,46.5,-108.0,0.5559087907463822,0.4956702459300312,0.06023854481635105,0.07063915254858799,0.07629028475247503,0.05
2026,2,3,401856799,2026-09-19,19:00,Arkansas State Red Wolves,TCU Horned Frogs,0,Amon G. Carter Stadium,open_air,Grass,DraftKings,-20.5,56.5,0,0,1,2.5,2628,2032,2,2,0,0,9.9685,5.4131,7.0554,6.345,-8.854,17.699,1,1,48.398,0.8967,0.1033,,18.422,-18.422,18.422,20.5,0.36,0.28,0.2,0.16,0,0,0,0,0,0,0.0,0.0,0.0,1,439.6,0.0,0.43960000000000005,0.0,1.0,0.0,0.0,2,0.5067,17.149,45.3722,56.5,0.75,0.25,1,1,34.2,4.8,,25.7,0.0,0.0,1,-0.9808,53.718,17.66,52.74,35.2,17.54,0.85975,0.14025,0.430988,0.569012,0.402368,0.597632,16.36,15.22,1,1,cfb-inseason-v6-history-coverage-2026-09-16,0.081995,0.116278,-0.019136,0.078073,0.468518,0.516985,0.424759,0.464799,6.417353,6.830959,5.760301,6.903514,2.217639,2.355417,1.380032,1.937724,0.566629,0.630731,0.464064,0.729864,0.132981,0.095346,0.338033,0.393589,0,,NO_QUALIFYING_CANDIDATE,,,,,,,,0,,NO_QUALIFYING_CANDIDATE,,,,,,,,,0,,NO_QUALIFYING_CANDIDATE,,,,,,,,,1,-1600.0,0.85975,0.9039548022598869,-0.04420480225988688,-0.08651562499999998,0.0,0.0,1,900.0,0.14025,0.096045197740113,0.044204802259887016,0.4025000000000001,0.04472222222222223,0.04472222222222223,1,-20.5,-108.0,0.43109222198244446,0.4956702459300312,-0.06457802394758672,-0.1697483132189958,0.0,0.0,1,20.5,-112.0,0.5689077780175555,0.5043297540699689,0.0645780239475866,0.0768611512475158,0.0860844893972177,0.05,1,56.5,-115.0,0.402437332147776,0.5108342361863489,-0.10839690403857294,-0.24761716163676667,0.0,0.0,1,56.5,-105.0,0.597562667852224,0.4891657638136511,0.10839690403857288,0.16666997056862776,0.17500346909705916,0.05
2026,2,3,401862777,2026-09-19,19:00,Delaware State Hornets,South Florida Bulls,0,Raymond James Stadium,open_air,Grass,DraftKings,-36.5,61.5,0,0,1,2.5,58,,2,0,0,1,5.0809,0.0,,0.271,,,1,1,30.847,0.9889,0.0111,,38.307,-38.307,38.307,36.5,0.6429,0.0,0.3571,0.0,0,0,0,0,0,0,0.0,0.0,0.0,1,,0.0,,,,,0.0,0,0.0,37.1454,47.396,61.5,0.75,0.25,1,1,26.1,2.5,,78.9,0.0,0.0,1,0.3123,57.974,37.15,58.29,47.72,10.57,0.988411,0.011589,0.515733,0.484267,0.416384,0.583616,16.36,15.22,1,1,cfb-inseason-v6-history-coverage-2026-09-16,0.097829,0.051438,0.050642,0.065078,0.477511,0.450272,0.455452,0.456246,5.656495,5.873843,5.710281,5.986124,2.281131,1.9678,1.947798,2.04605,0.547398,0.580791,0.497398,0.585112,0.076966,0.070629,0.400533,0.339736,0,,NO_QUALIFYING_CANDIDATE,,,,,,,,0,,NO_QUALIFYING_CANDIDATE,,,,,,,,,0,,NO_QUALIFYING_CANDIDATE,,,,,,,,,0,,,,,,,,0,,,,,,,,1,-36.5,-110.0,0.5158462270892734,0.5,0.015846227089273413,-0.015202657375023465,0.0,0.0,1,36.5,-110.0,0.4841537729107266,0.5,-0.015846227089273413,-0.07570643353406736,0.0,0.0,1,61.5,-112.0,0.41648003727306093,0.5043297540699689,-0.087849716796908,-0.21166278659027754,0.0,0.0,1,61.5,-108.0,0.5835199627269391,0.4956702459300312,0.0878497167969079,0.12381622451114194,0.13372152247203328,0.05
2026,2,3,401862775,2026-09-19,19:00,East Texas A&M Lions,Tulsa Golden Hurricane,0,Chapman Stadium,open_air,Artificial,DraftKings,-42.5,56.5,0,0,1,2.5,202,,2,0,0,1,3.3826,0.0,,-3.384,,,1,1,26.755,0.9775,0.0225,,32.16,-32.16,32.16,42.5,0.6429,0.0,0.3571,0.0,0,0,0,0,0,0,0.0,0.0,0.0,1,,0.0,,,,,0.0,0,0.0,38.8071,42.4066,56.5,0.75,0.25,1,1,35.2,4.2,,31.8,0.0,0.0,1,-0.6435,52.9766,38.81,52.33,45.57,6.76,0.991156,0.008844,0.410708,0.589292,0.39213,0.60787,16.36,15.22,1,1,cfb-inseason-v6-history-coverage-2026-09-16,0.031272,0.051438,-0.041479,0.065078,0.414019,0.450272,0.440844,0.456246,5.88004,5.873843,5.46131,5.986124,1.865787,1.9678,1.495417,2.04605,0.547398,0.580791,0.368826,0.585112,0.027527,0.070629,0.245441,0.339736,0,,NO_QUALIFYING_CANDIDATE,,,,,,,,0,,NO_QUALIFYING_CANDIDATE,,,,,,,,,0,,NO_QUALIFYING_CANDIDATE,,,,,,,,,0,,,,,,,,0,,,,,,,,1,-42.5,-110.0,0.4107756688997021,0.5,-0.08922433110029793,-0.21579190482784144,0.0,0.0,1,42.5,-110.0,0.5892243311002979,0.5,0.08922433110029793,0.12488281391875067,0.13737109531062572,0.05,1,56.5,-112.0,0.39204937973134124,0.5043297540699689,-0.1122803743386277,-0.25790653122281837,0.0,0.0,1,56.5,-108.0,0.6079506202686588,0.4956702459300312,0.11228037433862759,0.17086786125815767,0.18453729015881026,0.05
2026,2,3,401856800,2026-09-19,19:00,Georgia State Panthers,UCF Knights,0,FBC Mortgage Stadium,open_air,Grass,DraftKings,-17.5,50.5,0,0,1,2.5,2116,2247,2,2,0,0,8.7655,19.221,-7.9555,4.693,-9.071,16.264,1,1,46.166,0.8785,0.1215,,16.863,-16.863,16.863,17.5,0.36,0.28,0.2,0.16,0,0,0,0,0,0,0.0,0.0,0.0,1,401.5,0.0,0.4015,0.0,0.0,1.0,0.0,2,-1.1611,12.9536,46.0307,50.5,0.75,0.25,1,1,25.6,1.7,,88.9,0.0,0.0,1,0.762,49.3827,11.79,50.14,30.97,19.18,0.764488,0.235512,0.363594,0.636406,0.490687,0.509313,16.36,15.22,1,1,cfb-inseason-v6-history-coverage-2026-09-16,0.045848,0.199267,0.025932,-0.001121,0.446809,0.5164,0.417433,0.417326,6.550258,7.026866,5.285264,5.656495,2.423988,2.795417,1.271279,1.514647,0.654541,0.589064,0.630731,0.397398,0.081321,0.23011,0.338033,0.421367,0,,NO_QUALIFYING_CANDIDATE,,,,,,,,0,,NO_QUALIFYING_CANDIDATE,,,,,,,,,0,,NO_QUALIFYING_CANDIDATE,,,,,,,,,1,-1000.0,0.764488,0.8720930232558138,-0.10760502325581389,-0.1590632,0.0,0.0,1,650.0,0.235512,0.12790697674418605,0.10760502325581395,0.76634,0.11789846153846154,0.05,1,-17.5,-115.0,0.36353639480626476,0.5108342361863489,-0.14729784138008417,-0.32034500101437463,0.0,0.0,1,17.5,-105.0,0.6364636051937352,0.4891657638136511,0.14729784138008412,0.24261941966395928,0.25475039064715727,0.05,1,50.5,-108.0,0.49056466292193446,0.4956702459300312,-0.005105583008096715,-0.05520879733553358,0.0,0.0,1,50.5,-112.0,0.5094353370780655,0.5043297540699689,0.005105583008096604,-0.03571168338794739,0.0,0.0
2026,2,3,401860887,2026-09-19,19:00,James Madison Dukes,San Diego State Aztecs,0,Snapdragon Stadium,open_air,Grass,DraftKings,-1.5,46.5,0,0,1,2.5,21,256,2,2,0,0,1.5583,22.2633,-18.205,-1.082,0.127,1.291,1,1,51.045,0.5911,0.4089,,3.142,-3.142,3.142,1.5,0.36,0.28,0.2,0.16,0,0,0,0,0,0,0.0,0.0,0.0,1,2167.9,0.0,2.1679,3.0,1.0,0.0,0.0,2,2.4987,-1.3829,49.8169,46.5,0.75,0.25,1,1,22.0,1.9,,76.7,0.0,0.0,1,0.6496,47.3292,1.12,47.98,24.55,23.43,0.527187,0.472813,0.490631,0.509369,0.538701,0.461299,16.36,15.22,1,1,cfb-inseason-v6-history-coverage-2026-09-16,0.023727,0.16877,0.02842,-0.057144,0.435138,0.488772,0.472338,0.404203,5.793344,6.93077,5.560965,4.956273,2.255417,3.224583,1.823003,1.360801,0.609898,0.630731,0.51962,0.39653,0.074889,0.218346,0.296367,0.393589,0,,NO_QUALIFYING_CANDIDATE,,,,,,,,0,,NO_QUALIFYING_CANDIDATE,,,,,,,,,1,OVER,SELECTED_BY_MARKETS_YAML,46.5,-112.0,0.5387322862662283,0.5043297540699689,0.03440253219625933,0.01974325614678918,0.02211244688440388,0.02211244688440388,1,-130.0,0.527187,0.5427435387673957,-0.015556538767395711,-0.06728453846153859,0.0,0.0,1,110.0,0.472813,0.4572564612326044,0.0155565387673956,-0.007092700000000063,0.0,0.0,1,-1.5,-115.0,0.4907344476665188,0.5108342361863489,-0.02009978851983013,-0.08253994566694323,0.0,0.0,1,1.5,-105.0,0.5092655523334813,0.4891657638136511,0.02009978851983013,-0.005719635920346133,0.0,0.0,1,46.5,-112.0,0.5387322862662283,0.5043297540699689,0.03440253219625933,0.01974325614678918,0.02211244688440388,0.02211244688440388,1,46.5,-108.0,0.46126771373377173,0.4956702459300312,-0.03440253219625944,-0.11163255132755068,0.0,0.0
2026,2,3,401862776,2026-09-19,19:00,UAB Blazers,Louisiana Ragin' Cajuns,0,Cajun Field,open_air,Artificial,DraftKings,-7.5,56.5,0,0,1,2.5,309,5,2,2,0,0,8.928,0.663,10.765,-4.437,-15.387,13.45,1,1,28.092,0.8359,0.1641,,13.874,-13.874,13.874,7.5,0.36,0.28,0.2,0.16,0,0,0,0,0,0,0.0,0.0,0.0,1,382.9,0.0,0.38289999999999996,0.0,1.0,0.0,0.0,2,0.4413,10.9632,51.9716,56.5,0.75,0.25,1,1,31.4,3.0,,47.6,0.0,0.0,1,0.0312,55.3679,11.4,55.4,33.4,22.0,0.757129,0.242871,0.594317,0.405683,0.471168,0.528832,16.36,15.22,1,1,cfb-inseason-v6-history-coverage-2026-09-16,0.177594,0.110877,0.077223,0.097372,0.481678,0.472338,0.471786,0.484654,6.467144,5.964414,5.643066,5.79512,2.451938,2.28489,1.756286,2.545417,0.725969,0.464064,0.697398,0.654541,0.20349,0.051902,0.338033,0.436073,0,,NO_QUALIFYING_CANDIDATE,,,,,,,,1,HOME,SELECTED_BY_MARKETS_YAML,-7.5,-115.0,0.5942092570268264,0.5108342361863489,0.08337502084047743,0.11091295878928398,0.1275499026076766,0.1275499026076766,1,UNDER,SELECTED_BY_MARKETS_YAML,56.5,-112.0,0.528807803462959,0.5043297540699689,0.02447804939299003,0.0009576279834579982,0.001072543341472958,0.001072543341472958,1,-325.0,0.757129,0.7335423197492164,0.023586680250783698,-0.009908230769230697,0.0,0.0,1,260.0,0.242871,0.26645768025078376,-0.023586680250783754,-0.1256643999999999,0.0,0.0,1,-7.5,-115.0,0.5942092570268264,0.5108342361863489,0.08337502084047743,0.11091295878928398,0.1275499026076766,0.05,1,7.5,-105.0,0.40579074297317363,0.4891657638136511,-0.08337502084047749,-0.207741882766661,0.0,0.0,1,56.5,-108.0,0.47119219653704103,0.4956702459300312,-0.024478049392990142,-0.09251873259532833,0.0,0.0,1,56.5,-112.0,0.528807803462959,0.5043297540699689,0.02447804939299003,0.0009576279834579982,0.001072543341472958,0.001072543341472958
2026,2,3,401856693,2026-09-19,19:00,UTSA Roadrunners,Texas Longhorns,0,DKR-Texas Memorial Stadium,open_air,Artificial,DraftKings,-30.5,58.5,0,0,1,2.5,251,2636,2,2,0,0,9.8659,8.7449,3.621,30.107,-3.707,36.314,1,1,70.254,0.988,0.012,,37.626,-37.626,37.626,30.5,0.36,0.28,0.2,0.16,0,0,0,0,0,0,0.0,0.0,0.0,1,74.7,0.0,0.0747,0.0,0.0,1.0,0.0,2,-1.5378,29.2525,45.7586,58.5,0.75,0.25,1,1,32.1,4.2,,49.1,0.0,0.0,1,-0.6435,55.3146,27.71,54.67,41.19,13.48,0.954872,0.045128,0.432406,0.567594,0.400689,0.599311,16.36,15.22,1,1,cfb-inseason-v6-history-coverage-2026-09-16,0.145159,0.156989,0.042301,0.032098,0.496218,0.504434,0.456519,0.469649,5.89648,6.598233,5.936959,6.012191,2.538895,2.143565,1.557917,1.717639,0.706489,0.547398,0.484898,0.51962,0.046499,0.235317,0.397173,0.301802,0,,NO_QUALIFYING_CANDIDATE,,,,,,,,0,,NO_QUALIFYING_CANDIDATE,,,,,,,,,0,,NO_QUALIFYING_CANDIDATE,,,,,,,,,1,-5000.0,0.954872,0.949050949050949,0.005821050949051054,-0.02603055999999993,0.0,0.0,1,1800.0,0.045128,0.050949050949050945,-0.005821050949050943,-0.14256799999999992,0.0,0.0,1,-30.5,-108.0,0.4322935665550256,0.4956702459300312,-0.06337667937500557,-0.16743461256069136,0.0,0.0,1,30.5,-112.0,0.5677064334449744,0.5043297540699689,0.06337667937500546,0.07458717759227296,0.08353763890334572,0.05,1,58.5,-105.0,0.40065867339329586,0.4891657638136511,-0.08850709042035526,-0.2177616376607081,0.0,0.0,1,58.5,-115.0,0.5993413266067041,0.5108342361863489,0.0885070904203552,0.12050769756905544,0.13858385220441377,0.05
2026,2,3,401858453,2026-09-19,19:30,Michigan State Spartans,Notre Dame Fighting Irish,0,Notre Dame Stadium,open_air,Artificial,DraftKings,-29.5,52.5,0,0,1,2.5,87,127,2,2,0,0,17.7883,6.7309,13.5574,27.895,3.432,26.963,1,1,77.54,0.9631,0.0369,,27.805,-27.805,27.805,29.5,0.36,0.28,0.2,0.16,0,0,0,0,0,0,0.0,0.0,0.0,1,114.3,0.0,0.1143,0.0,1.0,0.0,0.0,2,0.1317,25.8998,44.7014,52.5,0.75,0.25,1,1,24.0,1.5,,86.8,1.0,0.0,1,0.8745,50.5504,26.03,51.42,38.73,12.7,0.944214,0.055786,0.416051,0.583949,0.471841,0.528159,16.36,15.22,1,1,cfb-inseason-v6-history-coverage-2026-09-16,0.138524,0.086825,-0.097793,0.039234,0.489416,0.475877,0.408463,0.426436,6.257025,5.824251,5.285596,5.863783,2.495417,2.473678,1.222689,1.582373,0.589064,0.647398,0.422398,0.797398,0.153137,0.054298,0.385653,0.390117,0,,NO_QUALIFYING_CANDIDATE,,,,,,,,0,,NO_QUALIFYING_CANDIDATE,,,,,,,,,0,,NO_QUALIFYING_CANDIDATE,,,,,,,,,1,-4500.0,0.944214,0.9462616822429907,-0.0020476822429906782,-0.03480346666666674,0.0,0.0,1,1700.0,0.055786,0.05373831775700934,0.0020476822429906644,0.0041480000000000405,0.00024400000000000238,0.00024400000000000238,1,-29.5,-108.0,0.41601346076682066,0.4956702459300312,-0.07965678516321051,-0.19878889037501202,0.0,0.0,1,29.5,-112.0,0.5839865392331793,0.5043297540699689,0.0796567851632104,0.10540309211994658,0.11805146317434018,0.05,1,52.5,-105.0,0.47171508812224466,0.4891657638136511,-0.01745067569140646,-0.07903244699942708,0.0,0.0,1,52.5,-115.0,0.5282849118777553,0.5108342361863489,0.017450675691406348,-0.012336903880718453,0.0,0.0
2026,2,3,401864507,2026-09-19,19:30,North Dakota State Bison,Sacramento State Hornets,0,Hornet Stadium,open_air,Artificial,DraftKings,27.5,50.5,0,0,1,2.5,16,2449,2,2,0,0,-1.7037,11.2422,-10.4459,-25.065,0.664,-23.229,1,1,24.353,0.0587,0.9413,,-23.644,23.644,-23.644,-27.5,0.36,0.28,0.2,0.16,0,0,0,0,0,0,0.0,0.0,0.0,1,1368.7,0.0,1.3687,2.0,1.0,0.0,0.0,2,1.5775,-22.8043,43.2547,50.5,0.75,0.25,1,1,29.9,3.7,,29.0,0.0,0.0,1,-0.3624,48.6887,-21.23,48.33,13.55,34.78,0.097234,0.902766,0.649308,0.350692,0.443217,0.556783,16.36,15.22,1,1,cfb-inseason-v6-history-coverage-2026-09-16,-0.002578,0.123516,0.019833,0.000587,0.459654,0.47882,0.433726,0.453414,5.529984,6.13885,6.036282,5.486371,1.691069,2.55256,1.912083,1.366845,0.52467,0.597398,0.647398,0.583112,0.030054,0.116413,0.305513,0.378684,0,,NO_QUALIFYING_CANDIDATE,,,,,,,,0,,NO_QUALIFYING_CANDIDATE,,,,,,,,,0,,NO_QUALIFYING_CANDIDATE,,,,,,,,,1,2200.0,0.097234,0.04216553878188443,0.05506846121811557,1.236382,0.05619918181818182,0.05,1,-8000.0,0.902766,0.9578344612181154,-0.05506846121811548,-0.08594942500000008,0.0,0.0,1,27.5,-102.0,0.6492334756138173,0.4826358742837298,0.1665976013300875,0.2857368830783441,0.291451620739911,0.05,1,-27.5,-118.0,0.3507665243861827,0.5173641257162701,-0.16659760133008739,-0.3519737091848489,0.0,0.0,1,50.5,-118.0,0.44331270087754837,0.5173641257162701,-0.07405142483872174,-0.18099856956520727,0.0,0.0,1,50.5,-102.0,0.5566872991224516,0.4826358742837298,0.07405142483872185,0.1024591610072082,0.10450834422735236,0.05
2026,2,3,401856793,2026-09-19,19:30,Northern Illinois Huskies,Arizona Wildcats,0,Arizona Stadium,open_air,Artificial,DraftKings,-33.5,50.5,0,0,1,2.5,12,2459,2,2,0,0,9.0242,-5.7194,17.2436,6.018,-17.918,26.436,1,1,37.283,0.9668,0.0332,,28.739,-28.739,28.739,33.5,0.36,0.28,0.2,0.16,0,0,0,0,0,0,0.0,0.0,0.0,1,1388.0,0.0,1.388,2.0,1.0,0.0,0.0,2,1.5998,27.9689,39.7079,50.5,0.75,0.25,1,1,31.6,2.3,,26.7,0.0,0.0,1,0.4247,47.802,29.57,48.23,38.9,9.33,0.964648,0.035352,0.405048,0.594952,0.440633,0.559367,16.36,15.22,1,1,cfb-inseason-v6-history-coverage-2026-09-16,0.072494,-0.034086,0.044445,0.021408,0.513225,0.431678,0.41619,0.446935,6.366047,5.050477,5.480744,5.845411,2.07875,1.28852,1.57875,1.959702,0.654541,0.507641,0.630731,0.575176,0.064468,0.021776,0.421367,0.3047,0,,NO_QUALIFYING_CANDIDATE,,,,,,,,0,,NO_QUALIFYING_CANDIDATE,,,,,,,,,0,,NO_QUALIFYING_CANDIDATE,,,,,,,,,1,-50000.0,0.964648,0.9761439931431837,-0.011495993143183725,-0.033422704000000046,0.0,0.0,1,4000.0,0.035352,0.023856006856816343,0.011495993143183659,0.44943200000000005,0.0112358,0.0112358,1,-33.5,-115.0,0.40507983594544583,0.5108342361863489,-0.1057544002409031,-0.2426768284498187,0.0,0.0,1,33.5,-105.0,0.5949201640545542,0.4891657638136511,0.10575440024090305,0.16151079648746292,0.16958633631183606,0.05,1,50.5,-108.0,0.44071926947003387,0.4956702459300312,-0.0549509764599973,-0.15120733287252724,0.0,0.0,1,50.5,-112.0,0.5592807305299661,0.5043297540699689,0.054950976459997136,0.05863852564600719,0.06567514872352806,0.05
2026,2,3,401858232,2026-09-19,19:30,Virginia Tech Hokies,Maryland Terrapins,0,SECU Stadium,open_air,Artificial,DraftKings,3,53.5,0,0,1,2.5,120,259,2,2,0,0,23.5632,18.9242,7.139,5.519,10.263,-2.244,1,1,68.655,0.417,0.583,,-2.856,2.856,-2.856,-3.0,0.36,0.28,0.2,0.16,0,0,0,0,0,0,0.0,0.0,0.0,1,224.8,0.0,0.2248,0.0,0.0,1.0,0.0,2,-1.3648,-1.1373,49.0873,53.5,0.75,0.25,1,1,23.4,2.7,,68.8,0.0,0.0,1,0.1998,52.3968,-2.5,52.6,25.05,27.55,0.439223,0.560777,0.51214,0.48786,0.476336,0.523664,16.36,15.22,1,1,cfb-inseason-v6-history-coverage-2026-09-16,0.161836,0.135791,-0.130796,-0.042311,0.509562,0.490169,0.366125,0.371742,6.3399,6.243462,4.728736,4.375156,2.918494,2.902824,1.254676,1.460934,0.609898,0.589064,0.594796,0.464064,0.158743,0.120781,0.429988,0.378263,0,,NO_QUALIFYING_CANDIDATE,,,,,,,,0,,NO_QUALIFYING_CANDIDATE,,,,,,,,,0,,NO_QUALIFYING_CANDIDATE,,,,,,,,,1,120.0,0.439223,0.43650793650793646,0.0027150634920635186,-0.0337094,0.0,0.0,1,-142.0,0.560777,0.5634920634920635,-0.0027150634920635186,-0.044309619718309934,0.0,0.0,1,3.0,-115.0,0.5121907146483106,0.5108342361863489,0.00135647846196163,-0.0424260552227238,0.0,0.0,1,-3.0,-105.0,0.48780928535168944,0.4891657638136511,-0.0013564784619616854,-0.04761044288479682,0.0,0.0,1,53.5,-112.0,0.47642319867765526,0.5043297540699689,-0.02790655539231368,-0.09819894536015256,0.0,0.0,1,53.5,-108.0,0.5235768013223447,0.4956702459300312,0.02790655539231357,0.008370135880071405,0.009039746750477117,0.009039746750477117
2026,2,3,401856802,2026-09-19,19:30,West Virginia Mountaineers,Virginia Cavaliers,0,Scott Stadium,open_air,Grass,DraftKings,-10.5,53.5,1,1,1,2.5,258,277,2,2,0,0,19.2469,11.9279,9.819,12.551,1.116,13.935,1,1,67.995,0.841,0.159,,14.198,-14.198,14.198,10.5,0.36,0.28,0.2,0.16,0,0,0,0,0,0,0.0,0.0,0.0,1,136.1,0.0,0.1361,0.0,0.0,1.0,0.0,2,-1.467,12.0924,44.5431,53.5,0.75,0.25,1,1,22.7,2.5,,77.3,0.0,0.0,1,0.3123,51.2608,10.63,51.57,31.1,20.47,0.741984,0.258016,0.503058,0.496942,0.449626,0.550374,16.36,15.22,1,1,cfb-inseason-v6-history-coverage-2026-09-16,0.130069,0.120236,-0.13425,-0.003077,0.504855,0.459129,0.412856,0.443929,6.44006,6.500722,5.092,5.743698,2.649263,2.495417,1.162083,1.439861,0.672398,0.609898,0.422398,0.380731,0.146134,0.116267,0.285003,0.4047,0,,NO_QUALIFYING_CANDIDATE,,,,,,,,0,,NO_QUALIFYING_CANDIDATE,,,,,,,,,0,,NO_QUALIFYING_CANDIDATE,,,,,,,,,1,-395.0,0.741984,0.7659021045164341,-0.02391810451643417,-0.07017194936708862,0.0,0.0,1,310.0,0.258016,0.23409789548356588,0.02391810451643414,0.05786559999999996,0.018666322580645153,0.018666322580645153,1,-10.5,-108.0,0.5031700458845663,0.4956702459300312,0.007499799954535091,-0.030931763481576002,0.0,0.0,1,10.5,-112.0,0.49682995411543374,0.5043297540699689,-0.007499799954535202,-0.059571872567214745,0.0,0.0,1,53.5,-115.0,0.4495466436790923,0.5108342361863489,-0.06128759250725663,-0.15954323138256665,0.0,0.0,1,53.5,-105.0,0.5504533563209077,0.4891657638136511,0.06128759250725663,0.07469464805510562,0.07842938045786091,0.05
2026,2,3,401856692,2026-09-19,19:45,Kennesaw State Owls,Tennessee Volunteers,0,Neyland Stadium,open_air,Grass,DraftKings,-34.5,59.5,0,0,1,2.5,2633,338,2,2,0,0,19.4988,8.2274,13.7714,17.864,-10.69,31.054,1,1,59.22,0.9775,0.0225,,32.154,-32.154,32.154,34.5,0.36,0.28,0.2,0.16,0,0,0,0,0,0,0.0,0.0,0.0,1,138.0,0.0,0.138,0.0,0.0,1.0,0.0,2,-1.4648,29.7493,45.3351,59.5,0.75,0.25,1,1,29.7,1.6,,53.8,0.0,0.0,1,0.8182,55.9588,28.28,56.78,42.53,14.25,0.958085,0.041915,0.352002,0.647998,0.429005,0.570995,16.36,15.22,1,1,cfb-inseason-v6-history-coverage-2026-09-16,0.207583,0.086342,-0.077368,0.003149,0.495368,0.484757,0.428298,0.424092,6.84631,6.210441,5.487058,6.05678,2.668494,2.180602,1.443693,1.591571,0.741842,0.654541,0.563197,0.64653,0.183209,0.167276,0.391367,0.34528,0,,NO_QUALIFYING_CANDIDATE,,,,,,,,0,,NO_QUALIFYING_CANDIDATE,,,,,,,,,0,,NO_QUALIFYING_CANDIDATE,,,,,,,,,1,-100000.0,0.958085,0.9807503701851888,-0.022665370185188882,-0.04095691500000014,0.0,0.0,1,5000.0,0.041915,0.01924962981481125,0.02266537018518875,1.1376650000000001,0.022753300000000004,0.022753300000000004,1,-34.5,-118.0,0.35190011293841117,0.5173641257162701,-0.16546401277785894,-0.34987945236802004,0.0,0.0,1,34.5,-102.0,0.6480998870615888,0.4826358742837298,0.16546401277785905,0.28349193320040145,0.28916177186440944,0.05,1,59.5,-105.0,0.4290818364448574,0.4891657638136511,-0.0600839273687937,-0.16226879551242124,0.0,0.0,1,59.5,-115.0,0.5709181635551426,0.5108342361863489,0.060083927368793644,0.06736874055961428,0.07747405164355643,0.05
2026,2,3,401860888,2026-09-19,20:00,Fresno State Bulldogs,San José State Spartans,0,CEFCU Stadium,open_air,Artificial,DraftKings,6.5,49.5,0,0,1,2.5,23,278,2,2,0,0,2.5625,1.7521,3.3104,-11.261,-1.307,-7.454,1,1,38.451,0.2702,0.7298,,-8.47,8.47,-8.47,-6.5,0.36,0.28,0.2,0.16,0,0,0,0,0,0,0.0,0.0,0.0,1,121.5,0.0,0.1215,0.0,1.0,0.0,0.0,2,0.14,-5.5915,44.4841,49.5,0.75,0.25,1,1,19.7,2.0,,60.7,0.0,0.0,1,0.5934,48.246,-5.45,48.84,21.69,27.15,0.369486,0.630514,0.525553,0.474447,0.482689,0.517311,16.36,15.22,1,1,cfb-inseason-v6-history-coverage-2026-09-16,0.113745,0.053379,0.047111,0.037672,0.470299,0.442464,0.481065,0.477511,6.091503,6.14888,5.698798,6.086695,1.960533,2.060634,1.969776,1.745417,0.575176,0.583112,0.720475,0.511683,0.129794,0.156642,0.312392,0.27663,0,,NO_QUALIFYING_CANDIDATE,,,,,,,,0,,NO_QUALIFYING_CANDIDATE,,,,,,,,,0,,NO_QUALIFYING_CANDIDATE,,,,,,,,,1,205.0,0.369486,0.3146067415730337,0.05487925842696628,0.1269322999999999,0.06191819512195117,0.05,1,-250.0,0.630514,0.6853932584269663,-0.05487925842696628,-0.1172804,0.0,0.0,1,6.5,-105.0,0.525586918769841,0.4891657638136511,0.03642115495618986,0.026145889026832347,0.027453183478173965,0.027453183478173965,1,-6.5,-115.0,0.474413081230159,0.5108342361863489,-0.036421154956189916,-0.11305380465665932,0.0,0.0,1,49.5,-112.0,0.48270568936023234,0.5043297540699689,-0.0216240647097366,-0.08630708799670306,0.0,0.0,1,49.5,-108.0,0.5172943106397676,0.4956702459300312,0.021624064709736435,-0.0037294758048919685,0.0,0.0
2026,2,3,401860886,2026-09-19,20:00,Montana Grizzlies,Oregon State Beavers,0,Reser Stadium,open_air,Artificial,DraftKings,-17.5,52.5,0,0,1,2.5,204,,2,0,0,1,-2.2608,0.0,,-4.51,,,1,1,34.136,0.7879,0.2121,,11.185,-11.185,11.185,17.5,0.6429,0.0,0.3571,0.0,0,0,0,0,0,0,0.0,0.0,0.0,1,,0.0,,,,,0.0,0,0.0,15.2446,45.2397,52.5,0.75,0.25,1,1,15.7,2.8,,85.3,0.0,0.0,1,0.1436,50.6849,15.24,50.83,33.04,17.79,0.824286,0.175714,0.445176,0.554824,0.456276,0.543724,16.36,15.22,1,1,cfb-inseason-v6-history-coverage-2026-09-16,0.07488,0.051438,0.118909,0.065078,0.4289,0.450272,0.458545,0.456246,6.085894,5.873843,6.040276,5.986124,1.662083,1.9678,2.191845,2.04605,0.697398,0.580791,0.51962,0.585112,0.132749,0.070629,0.288033,0.339736,0,,NO_QUALIFYING_CANDIDATE,,,,,,,,0,,NO_QUALIFYING_CANDIDATE,,,,,,,,,0,,NO_QUALIFYING_CANDIDATE,,,,,,,,,0,,,,,,,,0,,,,,,,,1,-17.5,-108.0,0.44506417173869134,0.4956702459300312,-0.050606074191339834,-0.1428393729477055,0.0,0.0,1,17.5,-112.0,0.5549358282613086,0.5043297540699689,0.05060607419133967,0.05041424635176267,0.0564639559139742,0.05,1,52.5,-115.0,0.4563141142851289,0.5108342361863489,-0.05452012190122002,-0.1468910037278025,0.0,0.0,1,52.5,-105.0,0.5436858857148711,0.4891657638136511,0.054520121901219964,0.061481967348081645,0.06455606571548574,0.05
2026,2,3,401858458,2026-09-19,20:00,Purdue Boilermakers,UCLA Bruins,0,Rose Bowl,open_air,Grass,DraftKings,-14,52.5,0,0,1,2.5,26,2509,2,2,0,0,14.3026,4.8729,11.9297,7.036,-0.447,9.983,1,1,59.677,0.8002,0.1998,,11.829,-11.829,11.829,14.0,0.36,0.28,0.2,0.16,0,0,0,0,0,0,0.0,0.0,0.0,1,1761.4,0.0,1.7614,3.0,1.0,0.0,0.0,2,2.0302,12.1098,53.0821,52.5,0.75,0.25,1,1,23.1,1.3,,60.7,0.0,0.0,1,0.9869,52.6455,14.14,53.63,33.89,19.75,0.806289,0.193711,0.503413,0.496587,0.529655,0.470345,16.36,15.22,1,1,cfb-inseason-v6-history-coverage-2026-09-16,0.114983,0.197046,-0.052508,0.204363,0.501015,0.515972,0.400046,0.468739,6.539686,6.105926,5.510043,6.186223,2.298988,2.876369,1.47756,2.57875,0.661034,0.60509,0.697398,0.583112,0.186028,0.177322,0.375912,0.402136,0,,NO_QUALIFYING_CANDIDATE,,,,,,,,0,,NO_QUALIFYING_CANDIDATE,,,,,,,,,1,OVER,SELECTED_BY_MARKETS_YAML,52.5,-112.0,0.5295920474524201,0.5043297540699689,0.025262293382451118,0.0024420898206521935,0.002735140599130457,0.002735140599130457,1,-650.0,0.806289,0.8316498316498315,-0.025360831649831495,-0.0696665384615385,0.0,0.0,1,470.0,0.193711,0.16835016835016833,0.02536083164983166,0.10415269999999999,0.02216014893617021,0.02216014893617021,1,-14.0,-108.0,0.5034138898282595,0.4956702459300312,0.007743643898228347,-0.03046213810853715,0.0,0.0,1,14.0,-112.0,0.4965861101717405,0.5043297540699689,-0.007743643898228458,-0.06003343431777697,0.0,0.0,1,52.5,-112.0,0.5295920474524201,0.5043297540699689,0.025262293382451118,0.0024420898206521935,0.002735140599130457,0.002735140599130457,1,52.5,-108.0,0.47040795254757994,0.4956702459300312,-0.02526229338245123,-0.09402912842688299,0.0,0.0
2026,2,3,401860885,2026-09-19,20:00,South Dakota Coyotes,Boise State Broncos,0,Albertsons Stadium,open_air,Artificial,DraftKings,-23.5,56.5,0,0,1,2.5,68,,2,0,0,1,0.3537,0.0,,8.182,,,1,1,47.273,0.9403,0.0597,,23.503,-23.503,23.503,23.5,0.6429,0.0,0.3571,0.0,0,0,0,0,0,0,0.0,0.0,0.0,1,,0.0,,,,,0.0,0,0.0,23.5011,45.8066,56.5,0.75,0.25,1,1,19.7,1.4,,54.0,0.0,0.0,1,0.9307,53.8267,23.5,54.76,39.13,15.63,0.924569,0.075431,0.500026,0.499974,0.454421,0.545579,16.36,15.22,1,1,cfb-inseason-v6-history-coverage-2026-09-16,0.107448,0.051438,0.123083,0.065078,0.468518,0.450272,0.44925,0.456246,6.054044,5.873843,7.423484,5.986124,2.012658,1.9678,1.939861,2.04605,0.609898,0.580791,0.422398,0.585112,0.143295,0.070629,0.326539,0.339736,0,,NO_QUALIFYING_CANDIDATE,,,,,,,,0,,NO_QUALIFYING_CANDIDATE,,,,,,,,,1,UNDER,SELECTED_BY_MARKETS_YAML,56.5,-112.0,0.54550922726948,0.5043297540699689,0.041179473199511096,0.03257103733151573,0.03647956181129762,0.03647956181129762,1,-3200.0,0.924569,0.9356725146198831,-0.011103514619883126,-0.04653821875000003,0.0,0.0,1,1400.0,0.075431,0.06432748538011696,0.011103514619883043,0.13146499999999994,0.00939035714285714,0.00939035714285714,1,-23.5,-112.0,0.5,0.5043297540699689,-0.0043297540699689385,-0.0535714285714286,0.0,0.0,1,23.5,-108.0,0.5,0.4956702459300312,0.0043297540699688275,-0.03703703703703698,0.0,0.0,1,56.5,-108.0,0.45449077273051997,0.4956702459300312,-0.04117947319951121,-0.12468443770418369,0.0,0.0,1,56.5,-112.0,0.54550922726948,0.5043297540699689,0.041179473199511096,0.03257103733151573,0.03647956181129762,0.03647956181129762
