season,season_type,week,game_id,game_date,game_time,away_team,home_team,neutral_site,stadium,roof,surface,bookmaker,home_spread,total,neutral_site_original,neutral_site_corrected,home_stadium_match,home_field_points,home_team_id,away_team_id,home_prior_team_weeks,away_prior_team_weeks,home_prior_fallback,away_prior_fallback,home_prior_rating,away_prior_rating,prior_home_margin,home_fpi,away_fpi,fpi_home_margin,espn_prediction_match_valid,espn_margin_consistent,espn_matchup_quality,espn_home_prob,espn_away_prob,espn_tie_prob,espn_home_ptdiff,espn_away_ptdiff,espn_home_margin,market_home_margin,margin_weight_market,margin_weight_fpi,margin_weight_espn,margin_weight_prior,home_out_count,home_doubtful_count,home_questionable_count,away_out_count,away_doubtful_count,away_questionable_count,home_injury_penalty,away_injury_penalty,injury_margin_adjustment,travel_data_available,away_miles_traveled,home_miles_traveled,travel_net_miles_1000,travel_net_time_zones,travel_net_east_to_west,travel_net_west_to_east,travel_international,travel_features_used,travel_margin_adjustment,predicted_margin_before_travel,prior_total,market_total,total_weight_market,total_weight_prior,weather_data_available,weather_exposed,weather_temperature_c,weather_wind_speed_ms,weather_wind_gust_ms,weather_humidity_pct,weather_rain_flag,weather_snow_flag,weather_features_used,weather_total_adjustment,predicted_total_before_weather,predicted_margin,predicted_total,predicted_home_score,predicted_away_score,home_win_probability,away_win_probability,home_cover_probability,away_cover_probability,over_probability,under_probability,probability_margin_sd,probability_total_sd,spread_probability_line_available,total_probability_line_available,projection_version,home_prior_off_epa_per_play,away_prior_off_epa_per_play,home_prior_def_epa_per_play,away_prior_def_epa_per_play,home_prior_off_success_rate,away_prior_off_success_rate,home_prior_def_success_rate,away_prior_def_success_rate,home_prior_yards_per_play,away_prior_yards_per_play,home_prior_yards_per_play_allowed,away_prior_yards_per_play_allowed,home_prior_points_per_drive,away_prior_points_per_drive,home_prior_points_per_drive_allowed,away_prior_points_per_drive_allowed,home_prior_red_zone_td_rate,away_prior_red_zone_td_rate,home_prior_red_zone_td_rate_allowed,away_prior_red_zone_td_rate_allowed,home_prior_early_down_epa,away_prior_early_down_epa,home_prior_third_down_conversion_rate,away_prior_third_down_conversion_rate,ml_selected,ml_selection,ml_selection_reason,ml_odds_american,ml_model_probability,ml_implied_probability,ml_edge,ml_ev,ml_full_kelly,ml_kelly,spread_selected,spread_selection,spread_selection_reason,spread_line,spread_odds_american,spread_model_probability,spread_implied_probability,spread_edge,spread_ev,spread_full_kelly,spread_kelly,total_selected,total_selection,total_selection_reason,total_line,total_odds_american,total_model_probability,total_implied_probability,total_edge,total_ev,total_full_kelly,total_kelly,ml_home_available,ml_home_odds_american,ml_home_model_probability,ml_home_implied_probability,ml_home_edge,ml_home_ev,ml_home_full_kelly,ml_home_kelly,ml_away_available,ml_away_odds_american,ml_away_model_probability,ml_away_implied_probability,ml_away_edge,ml_away_ev,ml_away_full_kelly,ml_away_kelly,spread_home_available,spread_home_line,spread_home_odds_american,spread_home_model_probability,spread_home_implied_probability,spread_home_edge,spread_home_ev,spread_home_full_kelly,spread_home_kelly,spread_away_available,spread_away_line,spread_away_odds_american,spread_away_model_probability,spread_away_implied_probability,spread_away_edge,spread_away_ev,spread_away_full_kelly,spread_away_kelly,total_over_available,total_over_line,total_over_odds_american,total_over_model_probability,total_over_implied_probability,total_over_edge,total_over_ev,total_over_full_kelly,total_over_kelly,total_under_available,total_under_line,total_under_odds_american,total_under_model_probability,total_under_implied_probability,total_under_edge,total_under_ev,total_under_full_kelly,total_under_kelly
2026,2,3,401858225,2026-09-17,19:30,Syracuse Orange,Pittsburgh Panthers,0,Acrisure Stadium,open_air,Grass,DraftKings,-10.5,51.5,0,0,1,2.5,221,183,2,2,0,0,13.9926,9.0847,7.4079,11.617,1.193,12.924,1,1,66.881,0.8245,0.1755,,13.184,-13.184,13.184,10.5,0.36,0.28,0.2,0.16,0,0,0,0,0,0,0.0,0.0,0.0,1,268.3,0.0,0.26830000000000004,0.0,1.0,0.0,0.0,2,0.3092,11.2208,43.6923,51.5,0.75,0.25,1,1,22.9,2.0,,97.2,1.0,0.0,1,0.5934,49.5481,11.53,50.14,30.84,19.31,0.794909,0.205091,0.529325,0.470675,0.461347,0.538653,14.0,14.0,1,1,cfb-inseason-v4-injury-reporter-2026-09-15,0.122011,0.01747,-0.065979,-0.070904,0.455704,0.442763,0.380954,0.409655,6.224093,6.145318,5.225314,4.984032,2.532419,2.177474,1.542595,1.346167,0.566209,0.463431,0.650182,0.775182,0.112526,0.02063,0.368699,0.434059,0,,DEFERRED_TO_FILTER,,,,,,,,0,,DEFERRED_TO_FILTER,,,,,,,,,0,,DEFERRED_TO_FILTER,51.5,,,,,,,,1,-410.0,0.794909,0.771505376344086,0.023403623655913974,-0.011210756097561003,0.0,0.0,1,320.0,0.205091,0.22849462365591394,-0.023403623655913947,-0.1386177999999999,0.0,0.0,1,-10.5,-105.0,0.529325,0.4891657638136511,0.04015923618634892,0.033444047619047734,0.03511625000000012,0.03511625000000012,1,10.5,-115.0,0.470675,0.5108342361863489,-0.04015923618634892,-0.1200423913043479,0.0,0.0,1,51.5,-110.0,0.461347,0.5,-0.03865299999999999,-0.11924663636363636,0.0,0.0,1,51.5,-110.0,0.538653,0.5,0.03865300000000005,0.028337545454545587,0.031171300000000145,0.031171300000000145
2026,2,3,401856811,2026-09-18,19:00,Houston Cougars,Texas Tech Red Raiders,0,Jones AT&T Stadium,open_air,Artificial,DraftKings,-7.5,,0,0,1,2.5,2641,248,2,2,0,0,7.9955,23.342,-12.8464,16.069,9.179,9.39,1,1,80.216,0.7571,0.2429,,9.692,-9.692,9.692,7.5,0.36,0.28,0.2,0.16,0,0,0,0,0,0,0.0,0.0,0.0,1,467.5,0.0,0.4675,0.0,1.0,0.0,0.0,2,0.5388,5.2122,49.6033,,0.0,1.0,1,1,31.5,4.2,,35.1,0.0,0.0,1,-0.6435,49.6033,5.75,48.96,27.36,21.6,0.659385,0.340615,0.45029,0.54971,0.5,0.5,14.0,14.0,1,0,cfb-inseason-v4-injury-reporter-2026-09-15,0.099465,0.249826,0.020236,0.022544,0.446739,0.544882,0.415151,0.397201,5.694037,7.183234,5.47452,5.156121,2.329855,3.231137,1.58397,1.481698,0.499542,0.596765,0.400182,0.775182,0.06413,0.215652,0.368087,0.473055,0,,CURRENT_LINE_MISSING,,,,,,,,0,,DEFERRED_TO_FILTER,,,,,,,,,0,,CURRENT_LINE_MISSING,,,,,,,,,0,,,,,,,,0,,,,,,,,1,-7.5,-105.0,0.45029,0.4891657638136511,-0.0388757638136511,-0.12086238095238089,0.0,0.0,1,7.5,-115.0,0.54971,0.5108342361863489,0.0388757638136511,0.027718695652173886,0.031876499999999974,0.031876499999999974,0,,,,,,,,,0,,,,,,,,
2026,2,3,401858226,2026-09-18,19:30,Miami Hurricanes,Wake Forest Demon Deacons,0,Allegacy Federal Credit Union Stadium,open_air,Artificial,DraftKings,20.5,56.5,0,0,1,2.5,154,2390,2,2,0,0,6.8292,30.6183,-21.2891,4.103,25.731,-19.128,1,1,82.223,0.0833,0.9167,,-20.445,20.445,-20.445,-20.5,0.36,0.28,0.2,0.16,0,0,0,0,0,0,0.0,0.0,0.0,1,702.9,0.0,0.7029,0.0,1.0,0.0,0.0,2,0.8102,-20.2311,55.3786,56.5,0.75,0.25,1,1,24.9,2.8,,97.7,0.0,0.0,1,0.1436,56.2196,-19.42,56.36,18.47,37.89,0.082689,0.917311,0.530718,0.469282,0.496103,0.503897,14.0,14.0,1,1,cfb-inseason-v4-injury-reporter-2026-09-15,0.203362,0.243342,0.133317,-0.058797,0.492407,0.539681,0.513467,0.381163,6.568843,8.03073,5.504867,4.598397,2.992355,3.046522,2.500637,1.091546,0.531685,0.699542,0.584706,0.275182,0.171641,0.264574,0.361079,0.412594,0,,DEFERRED_TO_FILTER,,,,,,,,0,,DEFERRED_TO_FILTER,,,,,,,,,0,,DEFERRED_TO_FILTER,56.5,,,,,,,,1,850.0,0.082689,0.10114192495921696,-0.018452924959216965,-0.2144545,0.0,0.0,1,-1450.0,0.917311,0.8988580750407832,0.0184529249592168,-0.0194261724137932,0.0,0.0,1,20.5,-102.0,0.530718,0.4826358742837298,0.04808212571627024,0.051029764705882386,0.05205036000000003,0.05,1,-20.5,-118.0,0.469282,0.5173641257162701,-0.04808212571627013,-0.13302138983050854,0.0,0.0,1,56.5,-108.0,0.496103,0.4956702459300312,0.0004327540699688437,-0.04454237037037034,0.0,0.0,1,56.5,-112.0,0.503897,0.5043297540699689,-0.0004327540699688992,-0.046194964285714235,0.0,0.0
2026,2,3,401858455,2026-09-18,19:30,Portland State Vikings,Oregon Ducks,0,Autzen Stadium,open_air,Artificial,DraftKings,-57.5,67.5,0,0,1,2.5,2483,,2,0,0,1,3.6379,0.0,,17.059,,,1,1,47.646,0.9969,0.0031,,49.105,-49.105,49.105,57.5,0.6429,0.0,0.3571,0.0,0,0,0,0,0,0,0.0,0.0,0.0,1,102.7,0.0,0.1027,0.0,1.0,0.0,0.0,2,0.1184,54.5018,46.9838,67.5,0.75,0.25,1,1,23.1,1.7,,51.5,0.0,0.0,1,0.762,62.371,54.62,63.13,58.88,4.26,0.999952,4.8e-05,0.418511,0.581489,0.377547,0.622453,14.0,14.0,1,1,cfb-inseason-v4-injury-reporter-2026-09-15,0.029357,0.043562,-0.010524,0.059706,0.421112,0.445725,0.439956,0.452248,6.176997,5.833618,6.02465,5.9479,2.102474,1.990023,1.990276,2.088329,0.649542,0.546362,0.462682,0.554121,0.132934,0.060775,0.342789,0.338365,0,,CURRENT_LINE_MISSING,,,,,,,,0,,DEFERRED_TO_FILTER,,,,,,,,,0,,DEFERRED_TO_FILTER,67.5,,,,,,,,0,,,,,,,,0,,,,,,,,1,-57.5,-108.0,0.418511,0.4956702459300312,-0.07715924593003115,-0.19397881481481466,0.0,0.0,1,57.5,-112.0,0.581489,0.5043297540699689,0.0771592459300311,0.10067560714285717,0.11275668000000004,0.05,1,67.5,-112.0,0.377547,0.5043297540699689,-0.12678275406996892,-0.28535746428571424,0.0,0.0,1,67.5,-108.0,0.622453,0.4956702459300312,0.12678275406996886,0.19879837037037051,0.21470224000000013,0.05
2026,2,3,401858451,2026-09-19,11:00,Akron Zips,Minnesota Golden Gophers,0,Huntington Bank Stadium,open_air,Artificial,DraftKings,-23.5,49.5,0,0,1,2.5,135,2006,2,2,0,0,1.292,5.406,-1.6139,-1.305,-15.759,16.954,1,1,30.765,0.8907,0.1093,,17.88,-17.88,17.88,23.5,0.36,0.28,0.2,0.16,0,0,0,0,0,0,0.0,0.0,0.0,1,649.6,0.0,0.6496000000000001,1.0,1.0,0.0,0.0,2,0.7487,16.5249,46.919,49.5,0.75,0.25,1,1,19.9,5.1,,73.3,0.0,0.0,1,-1.1494,48.8547,17.27,47.71,32.49,15.22,0.891367,0.108633,0.328253,0.671747,0.448998,0.551002,14.0,14.0,1,1,cfb-inseason-v4-injury-reporter-2026-09-15,0.087311,0.113683,0.09106,0.116319,0.485644,0.503357,0.435798,0.442815,5.860057,5.961067,5.738534,6.046862,1.893958,2.168492,2.090031,2.007339,0.399542,0.641209,0.712682,0.382325,0.029301,0.139101,0.38995,0.376464,0,,DEFERRED_TO_FILTER,,,,,,,,0,,DEFERRED_TO_FILTER,,,,,,,,,0,,DEFERRED_TO_FILTER,49.5,,,,,,,,1,-2400.0,0.891367,0.9258160237388724,-0.034449023738872375,-0.07149270833333324,0.0,0.0,1,1200.0,0.108633,0.0741839762611276,0.03444902373887239,0.41222899999999996,0.03435241666666666,0.03435241666666666,1,-23.5,-110.0,0.328253,0.5,-0.17174699999999998,-0.37333518181818176,0.0,0.0,1,23.5,-110.0,0.671747,0.5,0.17174699999999998,0.2824260909090909,0.31066869999999996,0.05,1,49.5,-108.0,0.448998,0.4956702459300312,-0.046672245930031164,-0.13526311111111106,0.0,0.0,1,49.5,-112.0,0.551002,0.5043297540699689,0.04667224593003105,0.0429680714285714,0.04812423999999997,0.04812423999999997
2026,2,3,401856812,2026-09-19,11:00,Arizona State Sun Devils,Kansas Jayhawks,0,Memorial Stadium,open_air,Artificial,DraftKings,5.5,50.5,1,1,1,2.5,2305,9,2,2,0,0,8.4136,9.6276,1.286,0.86,4.94,-1.58,1,1,57.85,0.4647,0.5353,,-1.206,1.206,-1.206,-5.5,0.36,0.28,0.2,0.16,0,0,0,0,0,0,0.0,0.0,0.0,1,1004.0,0.0,1.004,2.0,0.0,1.0,0.0,2,-0.4667,-2.4578,49.2036,50.5,0.75,0.25,1,1,33.8,5.0,,44.1,0.0,0.0,1,-1.0932,50.1759,-2.92,49.08,23.08,26.0,0.417265,0.582735,0.572978,0.427022,0.459681,0.540319,14.0,14.0,1,1,cfb-inseason-v4-injury-reporter-2026-09-15,0.070704,0.082001,-0.006627,-0.021398,0.433765,0.464765,0.402248,0.425051,6.040393,7.237693,5.329758,5.047499,2.391029,2.403813,1.997174,1.765123,0.743292,0.424542,0.368932,0.675182,0.059447,0.052622,0.358357,0.311837,0,,DEFERRED_TO_FILTER,,,,,,,,0,,DEFERRED_TO_FILTER,,,,,,,,,0,,DEFERRED_TO_FILTER,50.5,,,,,,,,1,170.0,0.417265,0.35527082119976705,0.061994178800232946,0.1266155000000001,0.07447970588235299,0.05,1,-205.0,0.582735,0.644729178800233,-0.061994178800232946,-0.1330040243902439,0.0,0.0,1,5.5,-112.0,0.572978,0.5043297540699689,0.06864824593003105,0.08456549999999996,0.09471335999999997,0.05,1,-5.5,-108.0,0.427022,0.4956702459300312,-0.06864824593003116,-0.17758725925925917,0.0,0.0,1,50.5,-108.0,0.459681,0.4956702459300312,-0.035989245930031166,-0.11468844444444437,0.0,0.0,1,50.5,-112.0,0.540319,0.5043297540699689,0.035989245930031055,0.022746678571428536,0.025476279999999962,0.025476279999999962
2026,2,3,401856798,2026-09-19,11:00,Bowling Green Falcons,Iowa State Cyclones,0,Jack Trice Stadium,open_air,Grass,DraftKings,-23.5,44.5,0,0,1,2.5,66,189,2,2,0,0,5.5733,-14.516,22.5893,0.759,-19.246,22.505,1,1,30.162,0.9408,0.0592,,23.579,-23.579,23.579,23.5,0.36,0.28,0.2,0.16,0,0,0,0,0,0,0.0,0.0,0.0,1,518.2,0.0,0.5182,1.0,1.0,0.0,0.0,2,0.5973,23.0915,43.3225,44.5,0.75,0.25,1,1,27.7,3.3,,70.4,0.0,0.0,1,-0.1375,44.2056,23.69,44.07,33.88,10.19,0.954682,0.045318,0.505379,0.494621,0.487695,0.512305,14.0,14.0,1,1,cfb-inseason-v4-injury-reporter-2026-09-15,0.027253,-0.043664,-0.065678,0.167853,0.412225,0.422254,0.408448,0.509154,5.721568,5.475964,5.012547,6.774171,1.960624,1.454476,1.565572,2.553667,0.557876,0.357876,0.650182,0.587682,0.036067,0.021912,0.322093,0.316003,0,,DEFERRED_TO_FILTER,,,,,,,,0,,DEFERRED_TO_FILTER,,,,,,,,,0,,DEFERRED_TO_FILTER,44.5,,,,,,,,1,-2800.0,0.954682,0.9311163895486936,0.02356561045130645,-0.011222214285714162,0.0,0.0,1,1300.0,0.045318,0.06888361045130642,-0.023565610451306424,-0.3655480000000001,0.0,0.0,1,-23.5,-110.0,0.505379,0.5,0.005379000000000023,-0.035185545454545386,0.0,0.0,1,23.5,-110.0,0.494621,0.5,-0.005379000000000023,-0.05572354545454544,0.0,0.0,1,44.5,-102.0,0.487695,0.4826358742837298,0.0050591257162702075,-0.0341726470588235,0.0,0.0,1,44.5,-118.0,0.512305,0.5173641257162701,-0.0050591257162700964,-0.053538220338983034,0.0,0.0
2026,2,3,401856686,2026-09-19,11:00,Georgia Bulldogs,Arkansas Razorbacks,0,Razorback Stadium,open_air,Artificial,DraftKings,24.5,54.5,0,0,1,2.5,8,61,2,2,0,0,-2.5243,25.8171,-25.8415,-1.738,26.552,-25.79,1,1,76.544,0.0395,0.9605,,-27.21,27.21,-27.21,-24.5,0.36,0.28,0.2,0.16,0,0,0,0,0,0,0.0,0.0,0.0,1,628.4,0.0,0.6284,1.0,1.0,0.0,0.0,2,0.7243,-25.6178,49.2078,54.5,0.75,0.25,1,1,35.7,5.1,,27.7,0.0,0.0,1,-1.1494,53.1769,-24.89,52.03,13.57,38.46,0.037693,0.962307,0.488787,0.511213,0.429908,0.570092,14.0,14.0,1,1,cfb-inseason-v4-injury-reporter-2026-09-15,-0.031277,0.241736,0.019231,0.014886,0.4419,0.52586,0.430284,0.420136,5.25423,7.996647,5.745085,4.600489,1.794033,3.252159,2.131698,1.379982,0.5424,0.662042,0.691849,0.525182,-0.080114,0.22525,0.411898,0.453503,0,,DEFERRED_TO_FILTER,,,,,,,,0,,DEFERRED_TO_FILTER,,,,,,,,,0,,DEFERRED_TO_FILTER,54.5,,,,,,,,1,1400.0,0.037693,0.06432748538011696,-0.026634485380116958,-0.434605,0.0,0.0,1,-3200.0,0.962307,0.9356725146198831,0.026634485380116923,-0.007620906249999976,0.0,0.0,1,24.5,-102.0,0.488787,0.4826358742837298,0.006151125716270245,-0.03201005882352925,0.0,0.0,1,-24.5,-118.0,0.511213,0.5173641257162701,-0.006151125716270078,-0.05555564406779656,0.0,0.0,1,54.5,-108.0,0.429908,0.4956702459300312,-0.06576224593003116,-0.17202903703703704,0.0,0.0,1,54.5,-112.0,0.570092,0.5043297540699689,0.0657622459300311,0.07910271428571436,0.08859504000000008,0.05
2026,2,3,401860889,2026-09-19,11:00,North Texas Mean Green,Texas State Bobcats,0,Bobcat Stadium (TX),open_air,Artificial,DraftKings,-3,63.5,0,0,1,2.5,326,249,2,2,0,0,-5.5263,3.2453,-6.2716,-8.247,0.773,-6.52,1,1,44.324,0.2966,0.7034,,-7.361,7.361,-7.361,3.0,0.36,0.28,0.2,0.16,0,0,0,0,0,0,0.0,0.0,0.0,1,233.3,0.0,0.2333,0.0,1.0,0.0,0.0,2,0.2689,-3.2213,50.5084,63.5,0.75,0.25,1,1,33.3,1.7,,44.4,0.0,0.0,1,0.762,60.2521,-2.95,61.01,29.03,31.98,0.416489,0.583511,0.335357,0.664643,0.429533,0.570467,14.0,14.0,1,1,cfb-inseason-v4-injury-reporter-2026-09-15,0.057503,0.116667,0.182869,0.066532,0.478734,0.449769,0.487237,0.455793,5.997747,6.126445,6.218157,5.982996,1.636565,2.167035,2.659903,2.320567,0.482876,0.524542,0.639468,0.483515,0.065754,0.121982,0.449016,0.385555,0,,DEFERRED_TO_FILTER,,,,,,,,0,,DEFERRED_TO_FILTER,,,,,,,,,0,,DEFERRED_TO_FILTER,63.5,,,,,,,,1,-148.0,0.416489,0.5720596355604638,-0.1555706355604638,-0.30209951351351355,0.0,0.0,1,124.0,0.583511,0.4279403644395361,0.1555706355604639,0.3070646400000001,0.24763277419354843,0.05,1,-3.0,-108.0,0.335357,0.4956702459300312,-0.16031324593003116,-0.3541272592592592,0.0,0.0,1,3.0,-112.0,0.664643,0.5043297540699689,0.16031324593003105,0.25807424999999995,0.28904315999999997,0.05,1,63.5,-110.0,0.429533,0.5,-0.070467,-0.17998245454545458,0.0,0.0,1,63.5,-110.0,0.570467,0.5,0.07046699999999995,0.08907336363636353,0.09798069999999988,0.05
2026,2,3,401856792,2026-09-19,11:00,Tulane Green Wave,Kansas State Wildcats,0,Bill Snyder Family Stadium,open_air,Artificial,DraftKings,-20.5,49.5,0,0,1,2.5,2306,2655,2,2,0,0,26.5487,0.2962,28.7526,10.888,-0.759,14.147,1,1,64.104,0.8535,0.1465,,15.023,-15.023,15.023,20.5,0.36,0.28,0.2,0.16,0,0,0,0,0,0,0.0,0.0,0.0,1,737.7,0.0,0.7377,0.0,1.0,0.0,0.0,2,0.8503,18.9462,44.6829,49.5,0.75,0.25,1,1,31.7,3.6,,54.5,0.0,0.0,1,-0.3061,48.2957,19.8,47.99,33.89,14.1,0.921324,0.078676,0.47996,0.52004,0.457043,0.542957,14.0,14.0,1,1,cfb-inseason-v4-injury-reporter-2026-09-15,0.142842,0.067883,-0.108061,0.091193,0.500687,0.412214,0.373868,0.442498,6.827841,6.446978,4.405109,5.900301,3.054855,1.76676,1.076936,1.87239,0.638828,0.524542,0.275182,0.525182,0.099707,0.076926,0.51534,0.337378,0,,DEFERRED_TO_FILTER,,,,,,,,0,,DEFERRED_TO_FILTER,,,,,,,,,0,,DEFERRED_TO_FILTER,49.5,,,,,,,,1,-1800.0,0.921324,0.912442396313364,0.008881603686636041,-0.027491333333333277,0.0,0.0,1,1000.0,0.078676,0.08755760368663595,-0.008881603686635958,-0.13456400000000013,0.0,0.0,1,-20.5,-115.0,0.47996,0.5108342361863489,-0.030874236186348936,-0.10268347826086971,0.0,0.0,1,20.5,-105.0,0.52004,0.4891657638136511,0.030874236186348825,0.015316190476190372,0.01608199999999989,0.01608199999999989,1,49.5,-112.0,0.457043,0.5043297540699689,-0.04728675406996896,-0.13488289285714294,0.0,0.0,1,49.5,-108.0,0.542957,0.4956702459300312,0.04728675406996885,0.04569496296296305,0.049350560000000085,0.049350560000000085
2026,2,3,401869940,2026-09-19,11:30,Coastal Carolina Chanticleers,Delaware Blue Hens,0,Delaware Stadium,open_air,Artificial,DraftKings,-4.5,57.5,0,0,1,2.5,48,324,2,2,0,0,6.2417,8.7663,-0.0246,-3.822,-9.693,8.371,1,1,36.512,0.7326,0.2674,,8.59,-8.59,8.59,4.5,0.36,0.28,0.2,0.16,0,0,0,0,0,0,0.0,0.0,0.0,1,444.0,0.0,0.444,0.0,0.0,1.0,0.0,2,-1.1122,5.6779,42.9404,57.5,0.75,0.25,1,1,24.5,1.2,,43.9,0.0,0.0,1,1.0431,53.8601,4.57,54.9,29.73,25.17,0.627836,0.372164,0.501875,0.498125,0.426425,0.573575,14.0,14.0,1,1,cfb-inseason-v4-injury-reporter-2026-09-15,0.019228,0.090041,-0.059893,-0.064126,0.418481,0.451158,0.402209,0.411942,6.087291,6.052974,5.217692,5.415571,2.09548,2.006938,1.623364,1.742114,0.545376,0.557876,0.600182,0.550182,0.010782,0.150641,0.335555,0.309456,0,,DEFERRED_TO_FILTER,,,,,,,,0,,DEFERRED_TO_FILTER,,,,,,,,,0,,DEFERRED_TO_FILTER,57.5,,,,,,,,1,-218.0,0.627836,0.6574752261956053,-0.029639226195605328,-0.08416583486238544,0.0,0.0,1,180.0,0.372164,0.3425247738043946,0.029639226195605384,0.04205919999999985,0.023366222222222142,0.023366222222222142,1,-4.5,-115.0,0.501875,0.5108342361863489,-0.008959236186348973,-0.061711956521739275,0.0,0.0,1,4.5,-105.0,0.498125,0.4891657638136511,0.008959236186348862,-0.027470238095238186,0.0,0.0,1,57.5,-110.0,0.426425,0.5,-0.073575,-0.185915909090909,0.0,0.0,1,57.5,-110.0,0.573575,0.5,0.07357499999999995,0.09500681818181811,0.1045074999999999,0.05
2026,2,3,401858460,2026-09-19,11:30,Eastern Michigan Eagles,Wisconsin Badgers,0,Camp Randall Stadium,open_air,Artificial,DraftKings,-24.5,45.5,0,0,1,2.5,275,2199,2,2,0,0,3.0403,-5.8171,11.3574,2.568,-17.985,23.053,1,1,32.674,0.9429,0.0571,,23.9,-23.9,23.9,24.5,0.36,0.28,0.2,0.16,0,0,0,0,0,0,0.0,0.0,0.0,1,298.2,0.0,0.29819999999999997,1.0,1.0,0.0,0.0,2,0.3437,21.872,40.9959,45.5,0.75,0.25,1,1,24.6,1.2,,83.5,1.0,0.0,1,1.0431,44.374,22.22,45.42,33.82,11.6,0.943725,0.056275,0.435195,0.564805,0.497638,0.502362,14.0,14.0,1,1,cfb-inseason-v4-injury-reporter-2026-09-15,0.028961,-0.032925,0.019556,0.07052,0.435267,0.418774,0.438755,0.45957,6.293937,5.294925,5.651485,5.985561,1.899552,1.538188,1.689448,2.002531,0.357876,0.732876,0.425182,0.633515,0.03491,-0.017664,0.36714,0.335555,0,,DEFERRED_TO_FILTER,,,,,,,,0,,DEFERRED_TO_FILTER,,,,,,,,,0,,DEFERRED_TO_FILTER,45.5,,,,,,,,1,-2400.0,0.943725,0.9258160237388724,0.01790897626112764,-0.016953124999999895,0.0,0.0,1,1200.0,0.056275,0.0741839762611276,-0.017908976261127606,-0.268425,0.0,0.0,1,-24.5,-102.0,0.435195,0.4826358742837298,-0.047440874283729784,-0.1381432352941176,0.0,0.0,1,24.5,-118.0,0.564805,0.5173641257162701,0.047440874283729895,0.043453305084745764,0.051274900000000005,0.05,1,45.5,-108.0,0.497638,0.4956702459300312,0.0019677540699688523,-0.04158607407407394,0.0,0.0,1,45.5,-112.0,0.502362,0.5043297540699689,-0.0019677540699689633,-0.0491005000000001,0.0,0.0
2026,2,3,401856695,2026-09-19,11:45,NC State Wolfpack,Vanderbilt Commodores,0,FirstBank Stadium,open_air,Artificial,DraftKings,-3.5,50.5,0,0,1,2.5,238,152,2,2,0,0,8.8048,13.2552,-1.9504,6.815,2.434,6.881,1,1,61.928,0.6909,0.3091,,6.857,-6.857,6.857,3.5,0.36,0.28,0.2,0.16,0,0,0,0,0,0,0.0,0.0,0.0,1,452.8,0.0,0.45280000000000004,1.0,1.0,0.0,0.0,2,0.5219,4.246,44.9923,50.5,0.75,0.25,1,1,37.1,1.5,,31.9,0.0,0.0,1,0.8745,49.1231,4.77,50.0,27.38,22.61,0.633284,0.366716,0.536081,0.463919,0.485685,0.514315,14.0,14.0,1,1,cfb-inseason-v4-injury-reporter-2026-09-15,0.093,0.092319,-0.052888,-0.070715,0.468925,0.479038,0.413421,0.404361,5.910091,6.223701,5.760001,5.040104,2.0243,2.578665,1.544576,1.677211,0.599542,0.607876,0.587682,0.775182,0.099299,0.05564,0.324932,0.422093,0,,DEFERRED_TO_FILTER,,,,,,,,0,,DEFERRED_TO_FILTER,,,,,,,,,0,,DEFERRED_TO_FILTER,50.5,,,,,,,,1,-175.0,0.633284,0.6092362344582594,0.024047765541740596,-0.004839428571428661,0.0,0.0,1,145.0,0.366716,0.3907637655417407,-0.024047765541740707,-0.10154579999999991,0.0,0.0,1,-3.5,-108.0,0.536081,0.4956702459300312,0.04041075406996886,0.03245229629629642,0.03504848000000013,0.03504848000000013,1,3.5,-112.0,0.463919,0.5043297540699689,-0.04041075406996891,-0.12186760714285716,0.0,0.0,1,50.5,-108.0,0.485685,0.4956702459300312,-0.009985245930031195,-0.0646066666666667,0.0,0.0,1,50.5,-112.0,0.514315,0.5043297540699689,0.009985245930031028,-0.02647517857142867,0.0,0.0
2026,2,3,401858456,2026-09-19,12:00,Buffalo Bulls,Penn State Nittany Lions,0,Beaver Stadium,open_air,Grass,DraftKings,-40.5,50.5,0,0,1,2.5,213,2084,2,2,0,0,14.5145,-1.1166,18.1312,16.446,-14.522,33.468,1,1,52.719,0.9833,0.0167,,34.715,-34.715,34.715,40.5,0.36,0.28,0.2,0.16,0,0,0,0,0,0,0.0,0.0,0.0,1,158.4,0.0,0.1584,0.0,0.0,1.0,0.0,2,-1.4413,33.795,42.6469,50.5,0.75,0.25,1,1,19.4,1.7,,50.8,0.0,0.0,1,0.762,48.5367,32.35,49.3,40.83,8.47,0.989583,0.010417,0.280324,0.719676,0.465811,0.534189,14.0,14.0,1,1,cfb-inseason-v4-injury-reporter-2026-09-15,0.143897,0.009815,-0.03663,0.021704,0.477608,0.394638,0.428368,0.419372,6.069085,5.304487,5.28518,5.652298,2.56676,1.698456,1.273364,1.878275,0.449542,0.649542,0.400182,0.462682,0.147534,-0.004856,0.368087,0.31898,0,,CURRENT_LINE_MISSING,,,,,,,,0,,DEFERRED_TO_FILTER,,,,,,,,,0,,DEFERRED_TO_FILTER,50.5,,,,,,,,0,,,,,,,,0,,,,,,,,1,-40.5,-118.0,0.280324,0.5173641257162701,-0.2370401257162701,-0.4821132881355932,0.0,0.0,1,40.5,-102.0,0.719676,0.4826358742837298,0.2370401257162702,0.42524070588235297,0.43374552,0.05,1,50.5,-108.0,0.465811,0.4956702459300312,-0.029859245930031197,-0.10288251851851854,0.0,0.0,1,50.5,-112.0,0.534189,0.5043297540699689,0.029859245930031086,0.011143464285714277,0.012480679999999992,0.012480679999999992
2026,2,3,401858454,2026-09-19,12:00,Kent State Golden Flashes,Ohio State Buckeyes,0,Ohio Stadium,open_air,Artificial,DraftKings,-52.5,59.5,0,0,1,2.5,194,2309,2,2,0,0,13.7557,-6.8134,23.069,30.414,-21.222,54.136,1,1,50.469,0.9987,0.0013,,56.46,-56.46,56.46,52.5,0.36,0.28,0.2,0.16,0,0,0,0,0,0,0.0,0.0,0.0,1,119.1,0.0,0.1191,0.0,1.0,0.0,0.0,2,0.1373,49.0411,46.1798,59.5,0.75,0.25,1,1,25.3,1.7,,54.5,0.0,0.0,1,0.762,56.17,49.18,56.93,53.06,3.88,0.999778,0.000222,0.406229,0.593771,0.42723,0.57277,14.0,14.0,1,1,cfb-inseason-v4-injury-reporter-2026-09-15,0.151333,0.048289,-0.03641,0.071577,0.473341,0.421832,0.418093,0.503916,6.574415,5.774312,5.250541,6.376321,2.340112,1.570881,1.538474,2.581806,0.624542,0.524542,0.650182,0.650182,0.138209,0.009851,0.373092,0.377877,0,,CURRENT_LINE_MISSING,,,,,,,,0,,DEFERRED_TO_FILTER,,,,,,,,,0,,DEFERRED_TO_FILTER,59.5,,,,,,,,0,,,,,,,,0,,,,,,,,1,-52.5,-112.0,0.406229,0.5043297540699689,-0.09810075406996893,-0.23106653571428576,0.0,0.0,1,52.5,-108.0,0.593771,0.4956702459300312,0.09810075406996888,0.1435589629629631,0.15504368000000013,0.05,1,59.5,-110.0,0.42723,0.5,-0.07277,-0.18437909090909088,0.0,0.0,1,59.5,-110.0,0.57277,0.5,0.07277,0.09347000000000005,0.10281700000000005,0.05
2026,2,3,401858228,2026-09-19,12:00,Mercer Bears,Georgia Tech Yellow Jackets,0,Bobby Dodd Stadium,open_air,Artificial,DraftKings,-38.5,58.5,0,0,1,2.5,59,,2,0,0,1,-3.7018,0.0,,1.663,,,1,1,33.942,0.9278,0.0722,,21.763,-21.763,21.763,38.5,0.6429,0.0,0.3571,0.0,0,0,0,0,0,0,0.0,0.0,0.0,1,,0.0,,,,,0.0,0,0.0,32.5225,44.7072,58.5,0.75,0.25,1,1,34.1,1.7,,42.8,1.0,0.0,1,0.762,55.0518,32.52,55.81,44.17,11.65,0.989911,0.010089,0.334703,0.665297,0.423922,0.576078,14.0,14.0,1,1,cfb-inseason-v4-injury-reporter-2026-09-15,-0.027126,0.043562,0.100394,0.059706,0.451149,0.445725,0.44344,0.452248,5.743961,5.833618,5.599859,5.9479,1.610945,1.990023,2.085864,2.088329,0.399542,0.546362,0.541849,0.554121,-0.010864,0.060775,0.400939,0.338365,0,,CURRENT_LINE_MISSING,,,,,,,,0,,DEFERRED_TO_FILTER,,,,,,,,,0,,DEFERRED_TO_FILTER,58.5,,,,,,,,0,,,,,,,,0,,,,,,,,1,-38.5,-112.0,0.334703,0.5043297540699689,-0.16962675406996897,-0.3664550357142858,0.0,0.0,1,38.5,-108.0,0.665297,0.4956702459300312,0.16962675406996885,0.28131274074074086,0.3038177600000001,0.05,1,58.5,-115.0,0.423922,0.5108342361863489,-0.08691223618634891,-0.2074501739130435,0.0,0.0,1,58.5,-105.0,0.576078,0.4891657638136511,0.08691223618634886,0.12472371428571416,0.13095989999999988,0.05
2026,2,3,401858229,2026-09-19,12:00,North Carolina Tar Heels,Clemson Tigers,0,"Memorial Stadium (Clemson, SC)",open_air,Grass,DraftKings,-3.5,43.5,0,0,1,2.5,228,153,2,2,0,0,-8.5481,12.5659,-18.614,5.329,6.31,1.519,1,1,64.039,0.5327,0.4673,,1.117,-1.117,1.117,3.5,0.36,0.28,0.2,0.16,0,0,0,0,0,0,0.0,0.0,0.0,1,230.2,0.0,0.2302,0.0,1.0,0.0,0.0,2,0.2653,-1.0695,38.8633,43.5,0.75,0.25,1,1,30.5,1.5,,60.3,1.0,0.0,1,0.8745,42.3408,-0.8,43.22,21.21,22.01,0.477097,0.522903,0.379253,0.620747,0.491887,0.508113,14.0,14.0,1,1,cfb-inseason-v4-injury-reporter-2026-09-15,-0.136095,0.10738,0.038075,-0.014691,0.392539,0.490898,0.423165,0.437425,4.994432,6.419049,5.638304,4.891199,1.497315,2.056749,1.8708,1.33397,0.574542,0.587042,0.462682,0.325182,-0.01551,0.104371,0.208632,0.349463,0,,DEFERRED_TO_FILTER,,,,,,,,0,,DEFERRED_TO_FILTER,,,,,,,,,0,,DEFERRED_TO_FILTER,43.5,,,,,,,,1,-175.0,0.477097,0.6092362344582594,-0.13213923445825937,-0.2502761428571429,0.0,0.0,1,145.0,0.522903,0.3907637655417407,0.1321392344582593,0.2811123500000001,0.19387058620689662,0.05,1,-3.5,-105.0,0.379253,0.4891657638136511,-0.10991276381365112,-0.2595536666666666,0.0,0.0,1,3.5,-115.0,0.620747,0.5108342361863489,0.10991276381365112,0.16052699999999998,0.18460605,0.05,1,43.5,-110.0,0.491887,0.5,-0.008112999999999981,-0.06094299999999997,0.0,0.0,1,43.5,-110.0,0.508113,0.5,0.008113000000000037,-0.029966090909090803,0.0,0.0
2026,2,3,401860890,2026-09-19,12:30,Duquesne Dukes,Washington State Cougars,0,Gesa Field,open_air,Artificial,DraftKings,-37.5,53.5,0,0,1,2.5,265,,2,0,0,1,-15.4414,0.0,,-7.668,,,1,1,24.787,0.9794,0.0206,,32.895,-32.895,32.895,37.5,0.6429,0.0,0.3571,0.0,0,0,0,0,0,0,0.0,0.0,0.0,1,1891.7,0.0,1.8917,3.0,1.0,0.0,0.0,2,2.1803,35.8554,42.9143,53.5,0.75,0.25,1,1,20.3,2.4,,48.9,0.0,0.0,1,0.3685,50.8536,38.04,51.22,44.63,6.59,0.996705,0.003295,0.515262,0.484738,0.435373,0.564627,14.0,14.0,1,1,cfb-inseason-v4-injury-reporter-2026-09-15,-0.113248,0.043562,0.059842,0.059706,0.380729,0.445725,0.471286,0.452248,4.847549,5.833618,6.479039,5.9479,1.19176,1.990023,2.193236,2.088329,0.399542,0.546362,0.550182,0.554121,-0.057554,0.060775,0.211837,0.338365,0,,CURRENT_LINE_MISSING,,,,,,,,0,,DEFERRED_TO_FILTER,,,,,,,,,0,,DEFERRED_TO_FILTER,53.5,,,,,,,,0,,,,,,,,0,,,,,,,,1,-37.5,-115.0,0.515262,0.5108342361863489,0.004427763813651064,-0.03668408695652181,0.0,0.0,1,37.5,-105.0,0.484738,0.4891657638136511,-0.00442776381365112,-0.053606761904761935,0.0,0.0,1,53.5,-112.0,0.435373,0.5043297540699689,-0.06895675406996893,-0.17590110714285717,0.0,0.0,1,53.5,-108.0,0.564627,0.4956702459300312,0.06895675406996882,0.08742977777777783,0.09442416000000005,0.05
2026,2,3,401858233,2026-09-19,12:30,Wagner Seahawks,California Golden Bears,0,California Memorial Stadium,open_air,Artificial,,,,0,0,1,2.5,25,,2,0,0,1,-6.2154,0.0,,-1.518,,,1,1,31.111,0.996,0.004,,46.975,-46.975,46.975,,0.0,0.0,1.0,0.0,0,0,0,0,0,0,0.0,0.0,0.0,1,,0.0,,,,,0.0,0,0.0,46.975,43.7808,,0.0,1.0,1,1,18.2,3.0,,70.6,0.0,0.0,1,0.0312,43.7808,46.98,48.98,47.98,1.0,0.999604,0.000396,0.5,0.5,0.5,0.5,14.0,14.0,0,0,cfb-inseason-v4-injury-reporter-2026-09-15,-0.037701,0.043562,0.055682,0.059706,0.406173,0.445725,0.458997,0.452248,5.292858,5.833618,6.673462,5.9479,1.548044,1.990023,1.98765,2.088329,0.712042,0.546362,0.503754,0.554121,-0.002653,0.060775,0.352862,0.338365,0,,CURRENT_ODDS_UNAVAILABLE,,,,,,,,0,,CURRENT_ODDS_UNAVAILABLE,,,,,,,,,0,,CURRENT_ODDS_UNAVAILABLE,,,,,,,,,0,,,,,,,,0,,,,,,,,0,,,,,,,,,0,,,,,,,,,0,,,,,,,,,0,,,,,,,,
2026,2,3,401858448,2026-09-19,13:00,Southern Illinois Salukis,Illinois Fighting Illini,0,"Memorial Stadium (Champaign, IL)",open_air,Artificial,DraftKings,-41.5,54.5,0,0,1,2.5,356,,2,0,0,1,6.558,0.0,,4.508,,,1,1,34.935,0.9635,0.0365,,27.91,-27.91,27.91,41.5,0.6429,0.0,0.3571,0.0,0,0,0,0,0,0,0.0,0.0,0.0,1,,0.0,,,,,0.0,0,0.0,36.6464,53.4179,54.5,0.75,0.25,1,1,35.4,4.8,,33.5,0.0,0.0,1,-0.9808,54.2295,36.65,53.25,44.95,8.3,0.995572,0.004428,0.364414,0.635586,0.46439,0.53561,14.0,14.0,1,1,cfb-inseason-v4-injury-reporter-2026-09-15,0.189419,0.043562,0.172858,0.059706,0.503022,0.445725,0.477513,0.452248,6.39702,5.833618,6.208257,5.9479,2.844919,1.990023,2.366799,2.088329,0.691209,0.546362,0.625182,0.554121,0.248571,0.060775,0.378503,0.338365,0,,CURRENT_LINE_MISSING,,,,,,,,0,,DEFERRED_TO_FILTER,,,,,,,,,0,,DEFERRED_TO_FILTER,54.5,,,,,,,,0,,,,,,,,0,,,,,,,,1,-41.5,-112.0,0.364414,0.5043297540699689,-0.13991575406996892,-0.3102163571428571,0.0,0.0,1,41.5,-108.0,0.635586,0.4956702459300312,0.1399157540699688,0.2240915555555556,0.24201888000000002,0.05,1,54.5,-110.0,0.46439,0.5,-0.035609999999999975,-0.11343727272727261,0.0,0.0,1,54.5,-110.0,0.53561,0.5,0.03561000000000003,0.022528181818181947,0.02478100000000014,0.02478100000000014
2026,2,3,401864508,2026-09-19,13:00,Wyoming Cowboys,Central Michigan Chippewas,0,Kelly/Shorts Stadium,open_air,Artificial,DraftKings,-1.5,39.5,0,0,1,2.5,2117,2751,2,2,0,0,-6.5378,-0.5777,-3.4601,-18.64,-17.255,1.115,1,1,8.531,0.5489,0.4511,,1.671,-1.671,1.671,1.5,0.36,0.28,0.2,0.16,0,0,0,0,0,0,0.0,0.0,0.0,1,1069.0,0.0,1.069,2.0,0.0,1.0,0.0,2,-0.3918,0.6328,41.3459,39.5,0.75,0.25,1,1,14.0,4.0,,98.1,1.0,0.0,1,-0.531,39.9615,0.24,39.43,19.84,19.59,0.506867,0.493133,0.464172,0.535828,0.498018,0.501982,14.0,14.0,1,1,cfb-inseason-v4-injury-reporter-2026-09-15,-0.049285,0.011011,0.000702,0.015884,0.408276,0.456095,0.451873,0.446186,4.99488,5.694502,5.06725,5.854097,1.404855,1.667035,2.04988,2.068819,0.474542,0.587042,0.775182,0.475182,-0.094119,0.080554,0.309375,0.274337,0,,DEFERRED_TO_FILTER,,,,,,,,0,,DEFERRED_TO_FILTER,,,,,,,,,0,,DEFERRED_TO_FILTER,39.5,,,,,,,,1,-120.0,0.506867,0.5217391304347826,-0.014872130434782638,-0.07074383333333334,0.0,0.0,1,100.0,0.493133,0.4782608695652174,0.014872130434782582,-0.013733999999999968,0.0,0.0,1,-1.5,-108.0,0.464172,0.4956702459300312,-0.0314982459300312,-0.10603911111111103,0.0,0.0,1,1.5,-112.0,0.535828,0.5043297540699689,0.03149824593003103,0.014245857142857032,0.015955359999999877,0.015955359999999877,1,39.5,-110.0,0.498018,0.5,-0.0019819999999999838,-0.049238363636363525,0.0,0.0,1,39.5,-110.0,0.501982,0.5,0.0019820000000000393,-0.04167072727272714,0.0,0.0
2026,2,3,401856801,2026-09-19,13:30,Utah State Aggies,Utah Utes,0,Rice-Eccles Stadium,open_air,Artificial,DraftKings,-27.5,56.5,0,0,1,2.5,254,328,2,2,0,0,22.5204,5.3238,19.6967,15.102,-6.824,24.426,1,1,62.195,0.9499,0.0501,,25.078,-25.078,25.078,27.5,0.36,0.28,0.2,0.16,0,0,0,0,0,0,0.0,0.0,0.0,1,68.6,0.0,0.0686,0.0,1.0,0.0,0.0,2,0.0791,24.9063,45.178,56.5,0.75,0.25,1,1,19.6,2.4,,45.9,0.0,0.0,1,0.3685,53.6695,24.99,54.04,39.51,14.53,0.962843,0.037157,0.428728,0.571272,0.430203,0.569797,14.0,14.0,1,1,cfb-inseason-v4-injury-reporter-2026-09-15,0.206945,-0.020276,-0.057136,-0.10432,0.511073,0.445562,0.397396,0.429693,6.990838,5.772945,4.944212,4.72369,3.06676,1.53551,1.500637,1.754134,0.718987,0.524542,0.650182,0.421015,0.180386,-0.032444,0.406281,0.399657,0,,DEFERRED_TO_FILTER,,,,,,,,0,,DEFERRED_TO_FILTER,,,,,,,,,0,,DEFERRED_TO_FILTER,56.5,,,,,,,,1,-6500.0,0.962843,0.9538784067085954,0.008964593291404643,-0.02234403076923082,0.0,0.0,1,2000.0,0.037157,0.046121593291404604,-0.008964593291404602,-0.21970299999999998,0.0,0.0,1,-27.5,-118.0,0.428728,0.5173641257162701,-0.08863612571627011,-0.207943186440678,0.0,0.0,1,27.5,-102.0,0.571272,0.4826358742837298,0.08863612571627022,0.1313425882352942,0.13396944000000008,0.05,1,56.5,-115.0,0.430203,0.5108342361863489,-0.08063123618634893,-0.19570743478260877,0.0,0.0,1,56.5,-105.0,0.569797,0.4891657638136511,0.08063123618634888,0.11246080952380944,0.11808384999999991,0.05
2026,2,3,401858227,2026-09-19,14:00,Maine Black Bears,Boston College Eagles,0,"Alumni Stadium (Chestnut Hill, MA)",open_air,Artificial,DraftKings,-38.5,53.5,0,0,1,2.5,103,,2,0,0,1,-3.0507,0.0,,-3.876,,,1,1,26.336,0.9689,0.0311,,29.322,-29.322,29.322,38.5,0.6429,0.0,0.3571,0.0,0,0,0,0,0,0,0.0,0.0,0.0,1,216.9,0.0,0.2169,0.0,1.0,0.0,0.0,2,0.25,35.2221,45.5707,53.5,0.75,0.25,1,1,17.8,1.3,,47.4,0.0,0.0,1,0.9869,51.5177,35.47,52.5,43.99,8.52,0.994357,0.005643,0.414386,0.585614,0.471659,0.528341,14.0,14.0,1,1,cfb-inseason-v4-injury-reporter-2026-09-15,-0.031855,0.043562,0.032388,0.059706,0.43628,0.445725,0.447027,0.452248,5.723596,5.833618,5.865574,5.9479,1.765936,1.990023,2.081057,2.088329,0.524542,0.546362,0.562682,0.554121,0.018894,0.060775,0.30767,0.338365,0,,CURRENT_LINE_MISSING,,,,,,,,0,,DEFERRED_TO_FILTER,,,,,,,,,0,,DEFERRED_TO_FILTER,53.5,,,,,,,,0,,,,,,,,0,,,,,,,,1,-38.5,-110.0,0.414386,0.5,-0.08561400000000002,-0.2088994545454546,0.0,0.0,1,38.5,-110.0,0.585614,0.5,0.08561399999999997,0.11799036363636362,0.12978939999999997,0.05,1,53.5,-112.0,0.471659,0.5043297540699689,-0.032670754069968944,-0.10721689285714286,0.0,0.0,1,53.5,-108.0,0.528341,0.4956702459300312,0.03267075406996878,0.017545629629629578,0.01894927999999994,0.01894927999999994
2026,2,3,401856685,2026-09-19,14:30,Florida State Seminoles,Alabama Crimson Tide,0,Bryant-Denny Stadium,open_air,Grass,DraftKings,-19.5,48.5,0,0,1,2.5,333,52,2,1,0,0,14.5163,0.0634,16.9529,23.237,7.669,18.068,1,1,82.448,0.8891,0.1109,,17.746,-17.746,17.746,19.5,0.36,0.28,0.2,0.16,0,0,0,0,0,0,0.0,0.0,0.0,1,270.1,0.0,0.2701,1.0,1.0,0.0,0.0,2,0.3113,18.3407,46.2893,48.5,0.75,0.25,1,1,37.5,1.0,,31.7,0.0,0.0,1,1.1556,47.9473,18.65,49.1,33.88,15.23,0.908617,0.091383,0.475851,0.524149,0.517174,0.482826,14.0,14.0,1,1,cfb-inseason-v4-injury-reporter-2026-09-15,0.016941,0.095623,-0.163817,0.112784,0.493024,0.448719,0.390799,0.458643,5.808739,5.801953,5.034272,6.384168,2.497454,2.123645,1.366313,2.062899,0.649542,0.616057,0.650182,0.433576,-0.013507,0.100117,0.400473,0.290996,0,,DEFERRED_TO_FILTER,,,,,,,,0,,DEFERRED_TO_FILTER,,,,,,,,,0,,DEFERRED_TO_FILTER,48.5,,,,,,,,1,-1350.0,0.908617,0.8933823529411764,0.015234647058823603,-0.024078037037037134,0.0,0.0,1,800.0,0.091383,0.10661764705882351,-0.015234647058823506,-0.17755299999999996,0.0,0.0,1,-19.5,-112.0,0.475851,0.5043297540699689,-0.028478754069968915,-0.09928203571428568,0.0,0.0,1,19.5,-108.0,0.524149,0.4956702459300312,0.028478754069968804,0.009472148148148174,0.010229920000000026,0.010229920000000026,1,48.5,-110.0,0.517174,0.5,0.017174000000000023,-0.012667818181818113,0.0,0.0,1,48.5,-110.0,0.482826,0.5,-0.017174000000000023,-0.07824127272727271,0.0,0.0
2026,2,3,401856694,2026-09-19,14:30,Kentucky Wildcats,Texas A&M Aggies,0,Kyle Field,open_air,Grass,DraftKings,-16.5,49.5,0,0,1,2.5,245,96,2,2,0,0,17.2999,3.4229,16.3769,23.062,4.201,21.361,1,1,77.43,0.9352,0.0648,,22.756,-22.756,22.756,16.5,0.36,0.28,0.2,0.16,0,0,0,0,0,0,0.0,0.0,0.0,1,846.4,0.0,0.8463999999999999,1.0,1.0,0.0,0.0,2,0.9755,19.0926,45.7471,49.5,0.75,0.25,1,1,33.9,2.3,,37.7,0.0,0.0,1,0.4247,48.5618,20.07,48.99,34.53,14.46,0.924134,0.075866,0.600587,0.399413,0.48537,0.51463,14.0,14.0,1,1,cfb-inseason-v4-injury-reporter-2026-09-15,0.073004,0.03743,-0.18267,-0.005693,0.470441,0.461155,0.355867,0.467325,5.480945,6.129692,5.32718,5.457989,2.485716,2.085304,1.288989,2.096014,0.580792,0.724542,0.275182,0.691849,0.084617,0.144842,0.346452,0.29517,0,,DEFERRED_TO_FILTER,,,,,,,,0,,DEFERRED_TO_FILTER,,,,,,,,,0,,DEFERRED_TO_FILTER,49.5,,,,,,,,1,-800.0,0.924134,0.8524590163934427,0.07167498360655733,0.03965075000000001,0.3172060000000001,0.05,1,550.0,0.075866,0.1475409836065574,-0.0716749836065574,-0.5068710000000001,0.0,0.0,1,-16.5,-118.0,0.600587,0.5173641257162701,0.08322287428372988,0.10955903389830501,0.12927965999999994,0.05,1,16.5,-102.0,0.399413,0.4826358742837298,-0.08322287428372976,-0.20900562745098034,0.0,0.0,1,49.5,-115.0,0.48537,0.5108342361863489,-0.02546423618634891,-0.0925691304347826,0.0,0.0,1,49.5,-105.0,0.51463,0.4891657638136511,0.02546423618634891,0.004753809523809549,0.004991500000000027,0.004991500000000027
2026,2,3,401867804,2026-09-19,15:00,Louisiana Tech Bulldogs,Baylor Bears,0,McLane Stadium,open_air,Artificial,DraftKings,-19.5,53.5,0,0,1,2.5,239,2348,2,2,0,0,12.1517,3.5973,11.0545,8.198,-6.615,17.313,1,1,53.755,0.8899,0.1101,,17.814,-17.814,17.814,19.5,0.36,0.28,0.2,0.16,0,0,0,0,0,0,0.0,0.0,0.0,1,269.7,0.0,0.2697,0.0,1.0,0.0,0.0,2,0.3109,17.1992,44.7237,53.5,0.75,0.25,1,1,34.6,2.9,,34.1,0.0,0.0,1,0.0874,51.3059,17.51,51.39,34.45,16.94,0.894481,0.105519,0.443484,0.556516,0.440194,0.559806,14.0,14.0,1,1,cfb-inseason-v4-injury-reporter-2026-09-15,0.037423,-0.006368,-0.114418,-0.022021,0.458707,0.39459,0.368906,0.40187,5.799169,6.088502,4.839945,5.552119,2.106595,2.419701,1.384628,1.867114,0.549542,0.524542,0.441849,0.400182,0.011432,-0.013085,0.345869,0.296793,0,,DEFERRED_TO_FILTER,,,,,,,,0,,DEFERRED_TO_FILTER,,,,,,,,,0,,DEFERRED_TO_FILTER,53.5,,,,,,,,1,-1350.0,0.894481,0.8933823529411764,0.0010986470588235653,-0.03926114814814828,0.0,0.0,1,800.0,0.105519,0.10661764705882351,-0.0010986470588235098,-0.05032899999999996,0.0,0.0,1,-19.5,-108.0,0.443484,0.4956702459300312,-0.05218624593003118,-0.14588266666666666,0.0,0.0,1,19.5,-112.0,0.556516,0.5043297540699689,0.05218624593003107,0.05340528571428571,0.05981392,0.05,1,53.5,-108.0,0.440194,0.4956702459300312,-0.0554762459300312,-0.15221896296296294,0.0,0.0,1,53.5,-112.0,0.559806,0.5043297540699689,0.05547624593003109,0.05963278571428571,0.06678872,0.05
2026,2,3,401858471,2026-09-19,15:00,Northern Iowa Panthers,Iowa Hawkeyes,0,Kinnick Stadium,open_air,Artificial,DraftKings,-40.5,49.5,0,0,1,2.5,2294,,2,0,0,1,7.2858,0.0,,9.892,,,1,1,41.7,0.9753,0.0247,,31.332,-31.332,31.332,40.5,0.6429,0.0,0.3571,0.0,0,0,0,0,0,0,0.0,0.0,0.0,1,,0.0,,,,,0.0,0,0.0,37.2257,41.8858,49.5,0.75,0.25,1,1,28.1,4.0,,70.3,0.0,0.0,1,-0.531,47.5965,37.23,47.07,42.15,4.92,0.996081,0.003919,0.40754,0.59246,0.430973,0.569027,14.0,14.0,1,1,cfb-inseason-v4-injury-reporter-2026-09-15,0.014738,0.043562,-0.000925,0.059706,0.441215,0.445725,0.397707,0.452248,5.769002,5.833618,4.853751,5.9479,1.966111,1.990023,1.240031,2.088329,0.499542,0.546362,0.441849,0.554121,0.094676,0.060775,0.326122,0.338365,0,,CURRENT_LINE_MISSING,,,,,,,,0,,DEFERRED_TO_FILTER,,,,,,,,,0,,DEFERRED_TO_FILTER,49.5,,,,,,,,0,,,,,,,,0,,,,,,,,1,-40.5,-108.0,0.40754,0.4956702459300312,-0.08813024593003116,-0.21510814814814805,0.0,0.0,1,40.5,-112.0,0.59246,0.5043297540699689,0.08813024593003105,0.12144214285714283,0.13601519999999998,0.05,1,49.5,-115.0,0.430973,0.5108342361863489,-0.07986123618634894,-0.1942678695652174,0.0,0.0,1,49.5,-105.0,0.569027,0.4891657638136511,0.07986123618634883,0.11095747619047602,0.11650534999999983,0.05
2026,2,3,401862774,2026-09-19,15:00,Temple Owls,Toledo Rockets,0,Glass Bowl,open_air,Artificial,DraftKings,-6,50.5,0,0,1,2.5,2649,218,2,2,0,0,15.0981,-1.0801,18.6782,-1.629,-6.006,6.877,1,1,43.7,0.6953,0.3047,,7.031,-7.031,7.031,6.0,0.36,0.28,0.2,0.16,0,0,0,0,0,0,0.0,0.0,0.0,1,458.0,0.0,0.458,0.0,1.0,0.0,0.0,2,0.5279,8.4803,47.0233,50.5,0.75,0.25,1,1,22.1,2.8,,67.7,1.0,0.0,1,0.1436,49.6308,9.01,49.77,29.39,20.38,0.740031,0.259969,0.585065,0.414935,0.479333,0.520667,14.0,14.0,1,1,cfb-inseason-v4-injury-reporter-2026-09-15,0.112856,0.064717,-0.088985,0.073656,0.447657,0.455937,0.404077,0.457997,6.871618,5.928001,4.796225,6.013884,2.522804,1.763188,1.826936,2.065031,0.732876,0.549542,0.400182,0.575182,0.123701,0.076154,0.308563,0.278125,0,,DEFERRED_TO_FILTER,,,,,,,,0,,DEFERRED_TO_FILTER,,,,,,,,,0,,DEFERRED_TO_FILTER,50.5,,,,,,,,1,-218.0,0.740031,0.6574752261956053,0.08255577380439472,0.07949476146788986,0.17329857999999992,0.05,1,180.0,0.259969,0.3425247738043946,-0.0825557738043946,-0.2720868,0.0,0.0,1,-6.0,-108.0,0.585065,0.4956702459300312,0.08939475406996877,0.12679185185185182,0.13693519999999995,0.05,1,6.0,-112.0,0.414935,0.5043297540699689,-0.08939475406996894,-0.2145873214285714,0.0,0.0,1,50.5,-118.0,0.479333,0.5173641257162701,-0.0380311257162701,-0.11445259322033896,0.0,0.0,1,50.5,-102.0,0.520667,0.4826358742837298,0.03803112571627021,0.031124843137254943,0.03174734000000004,0.03174734000000004
2026,2,3,401856797,2026-09-19,15:30,Miami (OH) RedHawks,Cincinnati Bearcats,0,Nippert Stadium,open_air,Artificial,DraftKings,-14.5,49.5,0,0,1,2.5,2132,193,2,2,0,0,20.4663,1.3322,21.634,8.64,-10.666,21.806,1,1,48.753,0.9313,0.0687,,22.223,-22.223,22.223,14.5,0.36,0.28,0.2,0.16,0,0,0,0,0,0,0.0,0.0,0.0,1,29.2,0.0,0.0292,0.0,0.0,1.0,0.0,2,-1.5902,19.2317,55.1707,49.5,0.75,0.25,1,1,28.9,1.9,,53.5,0.0,0.0,1,0.6496,50.9177,17.64,51.57,34.6,16.96,0.896184,0.103816,0.588774,0.411226,0.558695,0.441305,14.0,14.0,1,1,cfb-inseason-v4-injury-reporter-2026-09-15,0.206104,0.144469,-0.035626,0.161234,0.511529,0.457382,0.438623,0.475952,6.605245,6.25234,5.330322,6.07896,3.076126,2.469919,1.504134,2.544732,0.676328,0.649542,0.483515,0.691849,0.205961,0.154063,0.433428,0.384456,0,,DEFERRED_TO_FILTER,,,,,,,,0,,DEFERRED_TO_FILTER,,,,,,,,,0,,DEFERRED_TO_FILTER,49.5,,,,,,,,1,-700.0,0.896184,0.84,0.05618400000000001,0.02421028571428563,0.16947199999999948,0.05,1,500.0,0.103816,0.15999999999999998,-0.05618399999999997,-0.377104,0.0,0.0,1,-14.5,-112.0,0.588774,0.5043297540699689,0.08444424593003108,0.11446507142857143,0.12820088000000002,0.05,1,14.5,-108.0,0.411226,0.4956702459300312,-0.08444424593003119,-0.20800918518518519,0.0,0.0,1,49.5,-108.0,0.558695,0.4956702459300312,0.06302475406996888,0.0760051851851854,0.08208560000000022,0.05,1,49.5,-112.0,0.441305,0.5043297540699689,-0.06302475406996894,-0.16467267857142853,0.0,0.0
2026,2,3,401868317,2026-09-19,15:30,SE Louisiana Lions,UL Monroe Warhawks,0,Malone Stadium,open_air,Artificial,DraftKings,-10.5,48.5,0,0,1,2.5,2433,,2,0,0,1,-13.5399,0.0,,-22.821,,,1,1,5.526,0.5904,0.4096,,3.117,-3.117,3.117,10.5,0.6429,0.0,0.3571,0.0,0,0,0,0,0,0,0.0,0.0,0.0,1,168.3,0.0,0.1683,0.0,1.0,0.0,0.0,2,0.194,7.8632,49.3956,48.5,0.75,0.25,1,1,36.4,0.6,,31.0,0.0,0.0,1,1.3804,48.7239,8.06,50.1,29.08,21.02,0.717528,0.282472,0.430742,0.569258,0.545617,0.454383,14.0,14.0,1,1,cfb-inseason-v4-injury-reporter-2026-09-15,-0.013329,0.043562,0.18146,0.059706,0.442448,0.445725,0.49576,0.452248,4.998094,5.833618,6.890625,5.9479,1.646522,1.990023,2.865672,2.088329,0.524542,0.546362,0.400182,0.554121,0.028206,0.060775,0.279545,0.338365,0,,CURRENT_LINE_MISSING,,,,,,,,0,,DEFERRED_TO_FILTER,,,,,,,,,0,,DEFERRED_TO_FILTER,48.5,,,,,,,,0,,,,,,,,0,,,,,,,,1,-10.5,-108.0,0.430742,0.4956702459300312,-0.06492824593003116,-0.1704228148148148,0.0,0.0,1,10.5,-112.0,0.569258,0.5043297540699689,0.0649282459300311,0.07752407142857143,0.08682696000000001,0.05,1,48.5,-112.0,0.545617,0.5043297540699689,0.04128724593003108,0.032775035714285694,0.036708039999999977,0.036708039999999977,1,48.5,-108.0,0.454383,0.4956702459300312,-0.04128724593003119,-0.124892,0.0,0.0
2026,2,3,401858230,2026-09-19,15:30,SMU Mustangs,Louisville Cardinals,0,L&N Federal Credit Union Stadium,open_air,Artificial,DraftKings,-1.5,59.5,0,0,1,2.5,97,2567,2,2,0,0,17.2011,16.9779,2.7232,11.934,13.776,0.658,1,1,81.205,0.528,0.472,,0.955,-0.955,0.955,1.5,0.36,0.28,0.2,0.16,0,0,0,0,0,0,0.0,0.0,0.0,1,721.6,0.0,0.7216,1.0,0.0,1.0,0.0,2,-0.7922,1.3509,49.4465,59.5,0.75,0.25,1,1,34.5,1.3,,41.7,0.0,0.0,1,0.9869,56.9866,0.56,57.97,29.27,28.71,0.515918,0.484082,0.473199,0.526801,0.456588,0.543412,14.0,14.0,1,1,cfb-inseason-v4-injury-reporter-2026-09-15,0.210235,0.235808,0.008953,0.009241,0.509038,0.497745,0.416972,0.433308,6.901232,7.628469,5.277986,5.36407,2.585991,2.560158,1.751306,1.701936,0.587042,0.551328,0.525182,0.650182,0.248898,0.188936,0.38892,0.377313,0,,DEFERRED_TO_FILTER,,,,,,,,0,,DEFERRED_TO_FILTER,,,,,,,,,0,,DEFERRED_TO_FILTER,59.5,,,,,,,,1,-120.0,0.515918,0.5217391304347826,-0.0058211304347826065,-0.0541503333333333,0.0,0.0,1,100.0,0.484082,0.4782608695652174,0.0058211304347826065,-0.031835999999999975,0.0,0.0,1,-1.5,-112.0,0.473199,0.5043297540699689,-0.031130754069968958,-0.10430189285714297,0.0,0.0,1,1.5,-108.0,0.526801,0.4956702459300312,0.03113075406996879,0.014579703703703706,0.01574608,0.01574608,1,59.5,-102.0,0.456588,0.4826358742837298,-0.02604787428372979,-0.09577670588235293,0.0,0.0,1,59.5,-118.0,0.543412,0.5173641257162701,0.0260478742837299,0.003930644067796585,0.00463815999999997,0.00463815999999997
2026,2,3,401866424,2026-09-19,15:30,Stonehill Skyhawks,Massachusetts Minutemen,0,Warren McGuirk Alumni Stadium,open_air,Artificial,DraftKings,-33.5,49.5,0,0,1,2.5,113,,2,0,0,1,9.6871,0.0,,-11.171,,,1,1,19.272,0.9638,0.0362,,27.972,-27.972,27.972,33.5,0.6429,0.0,0.3571,0.0,0,0,0,0,0,0,0.0,0.0,0.0,1,,0.0,,,,,0.0,0,0.0,31.5257,44.7357,49.5,0.75,0.25,1,1,18.4,0.9,,39.5,0.0,0.0,1,1.2118,48.3089,31.53,49.52,40.52,9.0,0.987834,0.012166,0.443927,0.556073,0.50059,0.49941,14.0,14.0,1,1,cfb-inseason-v4-injury-reporter-2026-09-15,0.14924,0.043562,0.0136,0.059706,0.467886,0.445725,0.454258,0.452248,6.606943,5.833618,5.679133,5.9479,2.111091,1.990023,1.590672,2.088329,0.499542,0.546362,0.525182,0.554121,0.213385,0.060775,0.344412,0.338365,0,,CURRENT_LINE_MISSING,,,,,,,,0,,DEFERRED_TO_FILTER,,,,,,,,,0,,DEFERRED_TO_FILTER,49.5,,,,,,,,0,,,,,,,,0,,,,,,,,1,-33.5,-108.0,0.443927,0.4956702459300312,-0.051743245930031156,-0.14502948148148148,0.0,0.0,1,33.5,-112.0,0.556073,0.5043297540699689,0.0517432459300311,0.05256675000000005,0.05887476000000006,0.05,1,49.5,-115.0,0.50059,0.5108342361863489,-0.010244236186348954,-0.06411434782608705,0.0,0.0,1,49.5,-105.0,0.49941,0.4891657638136511,0.010244236186348898,-0.02496142857142858,0.0,0.0
2026,2,3,401858457,2026-09-19,15:30,USC Trojans,Rutgers Scarlet Knights,0,SHI Stadium,open_air,Artificial,DraftKings,23.5,59.5,0,0,1,2.5,164,30,2,2,0,0,-5.4318,7.6469,-10.5787,-7.261,17.307,-22.068,1,1,64.157,0.042,0.958,,-26.663,26.663,-26.663,-23.5,0.36,0.28,0.2,0.16,0,0,0,0,0,0,0.0,0.0,0.0,1,2425.6,0.0,2.4255999999999998,3.0,0.0,1.0,0.0,2,1.1718,-21.6642,49.9649,59.5,0.75,0.25,1,1,22.1,2.2,,40.6,0.0,0.0,1,0.4809,57.1162,-20.49,57.6,18.55,39.04,0.071632,0.928368,0.585049,0.414951,0.445943,0.554057,14.0,14.0,1,1,cfb-inseason-v4-injury-reporter-2026-09-15,-0.037855,0.159389,0.044925,0.153628,0.435236,0.506304,0.453112,0.459664,5.840755,6.56775,6.101694,5.875102,1.792035,2.642355,2.199189,2.055973,0.499542,0.697619,0.566849,0.575182,-0.030833,0.105806,0.255397,0.409181,0,,DEFERRED_TO_FILTER,,,,,,,,0,,DEFERRED_TO_FILTER,,,,,,,,,0,,DEFERRED_TO_FILTER,59.5,,,,,,,,1,1100.0,0.071632,0.08029197080291971,-0.008659970802919706,-0.14041599999999999,0.0,0.0,1,-2100.0,0.928368,0.9197080291970803,0.008659970802919692,-0.027423999999999983,0.0,0.0,1,23.5,-105.0,0.585049,0.4891657638136511,0.09588323618634892,0.14223852380952384,0.14935045000000005,0.05,1,-23.5,-115.0,0.414951,0.5108342361863489,-0.09588323618634892,-0.22422204347826086,0.0,0.0,1,59.5,-115.0,0.445943,0.5108342361863489,-0.06489123618634896,-0.16628047826086967,0.0,0.0,1,59.5,-105.0,0.554057,0.4891657638136511,0.0648912361863489,0.08173033333333335,0.08581685000000003,0.05
2026,2,3,401858450,2026-09-19,15:30,UTEP Miners,Michigan Wolverines,0,Michigan Stadium,open_air,Artificial,DraftKings,-35.5,49.5,0,0,1,2.5,130,2638,2,2,0,0,6.1159,1.8545,6.7614,14.448,-17.201,34.149,1,1,48.154,0.987,0.013,,36.936,-36.936,36.936,35.5,0.36,0.28,0.2,0.16,0,0,0,0,0,0,0.0,0.0,0.0,1,1443.1,0.0,1.4430999999999998,2.0,0.0,1.0,0.0,2,0.0394,30.8107,42.6923,49.5,0.75,0.25,1,1,17.1,4.5,,89.2,1.0,0.0,1,-0.8121,47.7981,30.85,46.99,38.92,8.07,0.986223,0.013777,0.369895,0.630105,0.428743,0.571257,14.0,14.0,1,1,cfb-inseason-v4-injury-reporter-2026-09-15,0.033367,0.013408,-0.067749,0.001064,0.431032,0.46157,0.43202,0.433611,5.537775,6.155725,4.983874,5.578365,1.638188,2.221522,1.446441,2.118602,0.649542,0.337042,0.275182,0.500182,0.032217,0.039658,0.297093,0.258632,0,,CURRENT_LINE_MISSING,,,,,,,,0,,DEFERRED_TO_FILTER,,,,,,,,,0,,DEFERRED_TO_FILTER,49.5,,,,,,,,0,,,,,,,,0,,,,,,,,1,-35.5,-105.0,0.369895,0.4891657638136511,-0.11927076381365115,-0.27782404761904766,0.0,0.0,1,35.5,-115.0,0.630105,0.5108342361863489,0.11927076381365109,0.17802239130434783,0.20472575000000004,0.05,1,49.5,-115.0,0.428743,0.5108342361863489,-0.08209123618634895,-0.19843700000000009,0.0,0.0,1,49.5,-105.0,0.571257,0.4891657638136511,0.08209123618634889,0.11531128571428573,0.12107685000000001,0.05
2026,2,3,401866422,2026-09-19,16:00,Ball State Cardinals,Liberty Flames,0,Williams Stadium (VA),open_air,Artificial,DraftKings,-14.5,49.5,0,0,1,2.5,2335,2050,2,2,0,0,3.0158,-7.8541,13.3698,-9.167,-17.752,11.085,1,1,20.681,0.7918,0.2082,,11.388,-11.388,11.388,14.5,0.36,0.28,0.2,0.16,0,0,0,0,0,0,0.0,0.0,0.0,1,389.8,0.0,0.38980000000000004,0.0,0.0,1.0,0.0,2,-1.1746,12.7406,43.9846,49.5,0.75,0.25,1,1,26.6,1.4,,49.3,0.0,0.0,1,0.9307,48.1211,11.57,49.05,30.31,18.74,0.795637,0.204363,0.417,0.583,0.487231,0.512769,14.0,14.0,1,1,cfb-inseason-v4-injury-reporter-2026-09-15,-0.012607,0.019878,-0.026549,0.121716,0.449311,0.399234,0.401008,0.466686,5.848829,5.95013,5.717122,6.514614,1.835063,1.855221,1.72791,2.231297,0.399542,0.474542,0.400182,0.775182,0.047287,0.050663,0.302272,0.273741,0,,DEFERRED_TO_FILTER,,,,,,,,0,,DEFERRED_TO_FILTER,,,,,,,,,0,,DEFERRED_TO_FILTER,49.5,,,,,,,,1,-600.0,0.795637,0.8223350253807106,-0.026698025380710533,-0.07175683333333324,0.0,0.0,1,440.0,0.204363,0.17766497461928932,0.02669802538071067,0.10356019999999999,0.023536409090909087,0.023536409090909087,1,-14.5,-105.0,0.417,0.4891657638136511,-0.07216576381365114,-0.18585714285714283,0.0,0.0,1,14.5,-115.0,0.583,0.5108342361863489,0.07216576381365103,0.08995652173913027,0.10344999999999982,0.05,1,49.5,-112.0,0.487231,0.5043297540699689,-0.017098754069968913,-0.07774132142857149,0.0,0.0,1,49.5,-108.0,0.512769,0.4956702459300312,0.017098754069968858,-0.012444888888888783,0.0,0.0
2026,2,3,401858231,2026-09-19,16:00,Stanford Cardinal,Duke Blue Devils,0,Wallace Wade Stadium,open_air,Grass,DraftKings,-9.5,50.5,0,0,1,2.5,150,24,2,1,0,0,7.4032,-3.6822,13.5854,6.579,-4.867,13.946,1,1,53.922,0.8582,0.1418,,15.343,-15.343,15.343,9.5,0.36,0.28,0.2,0.16,0,0,0,0,0,0,0.0,0.0,0.0,1,2374.7,0.0,2.3747,3.0,0.0,1.0,0.0,2,1.1131,12.5671,43.6207,50.5,0.75,0.25,1,1,28.5,2.6,,55.1,0.0,0.0,1,0.256,48.7802,13.68,49.04,31.36,17.68,0.835756,0.164244,0.617374,0.382626,0.458364,0.541636,14.0,14.0,1,1,cfb-inseason-v4-injury-reporter-2026-09-15,0.110494,0.038979,0.00679,0.107498,0.45299,0.430689,0.439397,0.461457,5.972269,5.784001,5.620556,5.970099,2.021305,1.804251,1.596167,2.164486,0.607876,0.514205,0.441849,0.700243,0.113039,0.046321,0.335101,0.360227,0,,DEFERRED_TO_FILTER,,,,,,,,0,,DEFERRED_TO_FILTER,,,,,,,,,0,,DEFERRED_TO_FILTER,50.5,,,,,,,,1,-375.0,0.835756,0.7571884984025559,0.07856750159744419,0.058624266666666675,0.2198410000000001,0.05,1,295.0,0.164244,0.24281150159744405,-0.07856750159744405,-0.3512361999999999,0.0,0.0,1,-9.5,-112.0,0.617374,0.5043297540699689,0.11304424593003104,0.1686007857142856,0.1888328799999999,0.05,1,9.5,-108.0,0.382626,0.4956702459300312,-0.11304424593003115,-0.2630906666666666,0.0,0.0,1,50.5,-115.0,0.458364,0.5108342361863489,-0.05247023618634894,-0.14305860869565223,0.0,0.0,1,50.5,-105.0,0.541636,0.4891657638136511,0.052470236186348884,0.05747980952380949,0.060353799999999964,0.05
2026,2,3,401858449,2026-09-19,16:00,Western Kentucky Hilltoppers,Indiana Hoosiers,0,"Memorial Stadium (Bloomington, IN)",open_air,Artificial,DraftKings,-44.5,60.5,0,0,1,2.5,84,98,2,2,0,0,21.3244,-12.6473,36.4717,25.3,-13.878,41.678,1,1,56.464,0.9939,0.0061,,43.364,-43.364,43.364,44.5,0.36,0.28,0.2,0.16,0,0,0,0,0,0,0.0,0.0,0.0,1,151.8,0.0,0.15180000000000002,1.0,1.0,0.0,0.0,2,0.175,42.1981,50.7578,60.5,0.75,0.25,1,1,34.0,3.5,,41.7,0.0,0.0,1,-0.2499,58.0644,42.37,57.81,50.09,7.72,0.998764,0.001236,0.439624,0.560376,0.423941,0.576059,14.0,14.0,1,1,cfb-inseason-v4-injury-reporter-2026-09-15,0.239484,0.01156,-0.006163,0.172636,0.487904,0.433188,0.396703,0.483593,7.011808,5.120358,5.554632,7.3684,3.220007,1.576537,1.331057,2.699835,0.691209,0.691209,0.441849,0.725182,0.152133,-0.002863,0.353503,0.358405,0,,CURRENT_LINE_MISSING,,,,,,,,0,,DEFERRED_TO_FILTER,,,,,,,,,0,,DEFERRED_TO_FILTER,60.5,,,,,,,,0,,,,,,,,0,,,,,,,,1,-44.5,-112.0,0.439624,0.5043297540699689,-0.06470575406996892,-0.1678545714285714,0.0,0.0,1,44.5,-108.0,0.560376,0.4956702459300312,0.06470575406996881,0.07924266666666668,0.08558208,0.05,1,60.5,-115.0,0.423941,0.5052301255230126,-0.0812891255230126,-0.20741465217391308,0.0,0.0,1,60.5,-110.0,0.576059,0.4947698744769875,0.08128912552301248,0.09974899999999998,0.10972389999999996,0.05
2026,2,3,401858459,2026-09-19,16:15,Eastern Washington Eagles,Washington Huskies,0,Husky Stadium,open_air,Artificial,DraftKings,-42.5,56.5,0,0,1,2.5,264,,2,0,0,1,6.8541,0.0,,5.877,,,1,1,35.846,0.9802,0.0198,,33.245,-33.245,33.245,42.5,0.6429,0.0,0.3571,0.0,0,0,0,0,0,0,0.0,0.0,0.0,1,,0.0,,,,,0.0,0,0.0,39.1946,41.8684,56.5,0.75,0.25,1,1,19.8,0.8,,60.7,0.0,0.0,1,1.268,52.8421,39.19,54.11,46.65,7.46,0.997442,0.002558,0.406679,0.593321,0.432227,0.567773,14.0,14.0,1,1,cfb-inseason-v4-injury-reporter-2026-09-15,0.014384,0.043562,-0.083012,0.059706,0.464001,0.445725,0.417398,0.452248,5.756218,5.833618,5.508332,5.9479,1.782419,1.990023,1.420686,2.088329,0.482876,0.546362,0.525182,0.554121,0.069891,0.060775,0.347253,0.338365,0,,CURRENT_LINE_MISSING,,,,,,,,0,,DEFERRED_TO_FILTER,,,,,,,,,0,,DEFERRED_TO_FILTER,56.5,,,,,,,,0,,,,,,,,0,,,,,,,,1,-42.5,-112.0,0.406679,0.5043297540699689,-0.09765075406996893,-0.23021475000000002,0.0,0.0,1,42.5,-108.0,0.593321,0.4956702459300312,0.09765075406996881,0.14269229629629632,0.15410768,0.05,1,56.5,-112.0,0.432227,0.5043297540699689,-0.07210275406996897,-0.18185603571428582,0.0,0.0,1,56.5,-108.0,0.567773,0.4956702459300312,0.0721027540699688,0.09348874074074076,0.10096784,0.05
2026,2,3,401856691,2026-09-19,16:15,Mississippi State Bulldogs,South Carolina Gamecocks,0,Williams-Brice Stadium,open_air,Grass,DraftKings,-4,58.5,0,0,1,2.5,2579,344,2,2,0,0,24.0667,19.9826,6.5842,14.684,12.153,5.031,1,1,82.425,0.6446,0.3554,,5.073,-5.073,5.073,4.0,0.36,0.28,0.2,0.16,0,0,0,0,0,0,0.0,0.0,0.0,1,448.1,0.0,0.4481,1.0,0.0,1.0,0.0,2,-1.1074,4.9167,49.5171,58.5,0.75,0.25,1,1,30.1,1.7,,65.5,1.0,0.0,1,0.762,56.2543,3.81,57.02,30.41,26.6,0.607225,0.392775,0.494567,0.505433,0.4578,0.5422,14.0,14.0,1,1,cfb-inseason-v4-injury-reporter-2026-09-15,0.228158,0.164582,-0.013075,0.003279,0.530369,0.508072,0.389819,0.439008,7.113042,7.178357,5.161767,5.131683,2.88207,3.155496,1.184079,1.390031,0.624542,0.587042,0.400182,0.275182,0.176148,0.157157,0.44398,0.411079,0,,DEFERRED_TO_FILTER,,,,,,,,0,,DEFERRED_TO_FILTER,,,,,,,,,0,,DEFERRED_TO_FILTER,58.5,,,,,,,,1,-170.0,0.607225,0.6037569709421778,0.003468029057822175,-0.03558382352941164,0.0,0.0,1,142.0,0.392775,0.3962430290578222,-0.0034680290578222306,-0.04948450000000004,0.0,0.0,1,-4.0,-105.0,0.494567,0.4891657638136511,0.005401236186348857,-0.0344168095238096,0.0,0.0,1,4.0,-115.0,0.505433,0.5108342361863489,-0.005401236186348912,-0.05506004347826088,0.0,0.0,1,58.5,-112.0,0.4578,0.5043297540699689,-0.046529754069968954,-0.13345000000000007,0.0,0.0,1,58.5,-108.0,0.5422,0.4956702459300312,0.04652975406996884,0.044237037037037075,0.047776000000000034,0.047776000000000034
2026,2,3,401856795,2026-09-19,17:30,BYU Cougars,Colorado State Rams,0,Canvas Stadium,open_air,Artificial,DraftKings,17.5,52.5,0,0,1,2.5,36,252,2,2,0,0,14.5387,20.1046,-3.0659,-5.421,15.365,-18.286,1,1,63.833,0.0909,0.9091,,-19.629,19.629,-19.629,-17.5,0.36,0.28,0.2,0.16,0,0,0,0,0,0,0.0,0.0,0.0,1,346.0,0.0,0.346,0.0,0.0,1.0,0.0,2,-1.2251,-15.8364,50.9382,52.5,0.75,0.25,1,1,15.9,1.4,,92.9,0.0,0.0,1,0.9307,52.1095,-17.06,53.04,17.99,35.05,0.111483,0.888517,0.512492,0.487508,0.51539,0.48461,14.0,14.0,1,1,cfb-inseason-v4-injury-reporter-2026-09-15,0.215186,0.222027,0.029377,0.015951,0.487545,0.542227,0.441795,0.430453,6.997107,6.648162,6.362761,5.248197,2.714893,2.962052,1.626306,1.555561,0.557876,0.724542,0.525182,0.566849,0.22484,0.200619,0.402313,0.431534,0,,DEFERRED_TO_FILTER,,,,,,,,0,,DEFERRED_TO_FILTER,,,,,,,,,0,,DEFERRED_TO_FILTER,52.5,,,,,,,,1,650.0,0.111483,0.12790697674418605,-0.016423976744186053,-0.1638775,0.0,0.0,1,-1000.0,0.888517,0.8720930232558138,0.016423976744186164,-0.022631299999999924,0.0,0.0,1,17.5,-105.0,0.512492,0.4891657638136511,0.023326236186348825,0.00057961904761894,0.0006085999999998871,0.0006085999999998871,1,-17.5,-115.0,0.487508,0.5108342361863489,-0.023326236186348936,-0.08857200000000004,0.0,0.0,1,52.5,-110.0,0.51539,0.5,0.015390000000000015,-0.01607363636363629,0.0,0.0,1,52.5,-110.0,0.48461,0.5,-0.015390000000000015,-0.07483545454545454,0.0,0.0
2026,2,3,401871047,2026-09-19,17:30,Marshall Thundering Herd,Missouri State Bears,0,Plaster Sports Complex,open_air,Artificial,DraftKings,4.5,52.5,0,0,1,2.5,2623,276,2,2,0,0,-6.5687,-7.9721,3.9034,-11.89,-13.89,4.5,1,1,21.332,0.6342,0.3658,,4.689,-4.689,4.689,-4.5,0.36,0.28,0.2,0.16,0,0,0,0,0,0,0.0,0.0,0.0,1,598.4,0.0,0.5983999999999999,1.0,1.0,0.0,0.0,2,0.6897,1.2023,44.8275,52.5,0.75,0.25,1,1,34.2,1.9,,29.4,0.0,0.0,1,0.6496,50.5819,1.89,51.23,26.56,24.67,0.553752,0.446248,0.676012,0.323988,0.463901,0.536099,14.0,14.0,1,1,cfb-inseason-v4-injury-reporter-2026-09-15,-0.060678,-0.039176,0.109579,0.110465,0.399264,0.433108,0.455484,0.470783,5.394715,5.32998,5.399268,6.090395,1.936265,1.513188,2.180416,2.166222,0.691209,0.524542,0.681432,0.400182,-0.054354,0.06649,0.35024,0.259185,0,,DEFERRED_TO_FILTER,,,,,,,,0,,DEFERRED_TO_FILTER,,,,,,,,,0,,DEFERRED_TO_FILTER,52.5,,,,,,,,1,164.0,0.553752,0.36309581830587784,0.19065618169412218,0.46190527999999986,0.2816495609756097,0.05,1,-198.0,0.446248,0.6369041816941222,-0.19065618169412224,-0.3283742222222222,0.0,0.0,1,4.5,-112.0,0.676012,0.5043297540699689,0.171682245930031,0.2795941428571427,0.31314543999999983,0.05,1,-4.5,-108.0,0.323988,0.4956702459300312,-0.17168224593003117,-0.37602311111111114,0.0,0.0,1,52.5,-112.0,0.463901,0.5043297540699689,-0.04042875406996893,-0.12190167857142858,0.0,0.0,1,52.5,-108.0,0.536099,0.4956702459300312,0.04042875406996882,0.032486962962962995,0.03508592000000003,0.03508592000000003
2026,2,3,401864574,2026-09-19,18:00,Charlotte 49ers,App State Mountaineers,0,Kidd Brewer Stadium,open_air,Artificial,DraftKings,-17.5,51.5,0,0,1,2.5,2026,2429,2,2,0,0,17.494,-5.9476,25.9416,-3.881,-16.484,15.103,1,1,27.488,0.857,0.143,,15.264,-15.264,15.264,17.5,0.36,0.28,0.2,0.16,0,0,0,0,0,0,0.0,0.0,0.0,1,81.8,0.0,0.0818,0.0,1.0,0.0,0.0,2,0.0943,17.7323,51.7602,51.5,0.75,0.25,1,1,17.8,1.7,,94.0,0.0,0.0,1,0.762,51.565,17.83,52.33,35.08,17.25,0.898549,0.101451,0.509305,0.490695,0.523554,0.476446,14.0,14.0,1,1,cfb-inseason-v4-injury-reporter-2026-09-15,0.212335,0.087925,-0.029464,0.223092,0.49986,0.477087,0.423993,0.526662,6.577985,6.299356,5.53773,6.344864,2.763188,2.191313,1.466546,2.580717,0.566209,0.441209,0.400182,0.675182,0.20952,0.093525,0.305884,0.341388,0,,DEFERRED_TO_FILTER,,,,,,,,0,,DEFERRED_TO_FILTER,,,,,,,,,0,,DEFERRED_TO_FILTER,51.5,,,,,,,,1,-1000.0,0.898549,0.8720930232558138,0.026455976744186205,-0.011596099999999873,0.0,0.0,1,650.0,0.101451,0.12790697674418605,-0.026455976744186052,-0.2391175000000001,0.0,0.0,1,-17.5,-110.0,0.509305,0.5,0.009305000000000008,-0.02769045454545449,0.0,0.0,1,17.5,-110.0,0.490695,0.5,-0.009305000000000008,-0.06321863636363634,0.0,0.0,1,51.5,-108.0,0.523554,0.4956702459300312,0.02788375406996879,0.008326222222222235,0.008992320000000012,0.008992320000000012,1,51.5,-112.0,0.476446,0.5043297540699689,-0.027883754069968958,-0.09815578571428585,0.0,0.0
2026,2,3,401862710,2026-09-19,18:00,East Carolina Pirates,Old Dominion Monarchs,0,S.B. Ballard Stadium,open_air,Artificial,DraftKings,-3,48.5,0,0,1,2.5,295,151,2,2,0,0,1.0828,-8.3655,11.9483,-6.955,-4.235,-0.22,1,1,40.465,0.4747,0.5253,,-0.862,0.862,-0.862,3.0,0.36,0.28,0.2,0.16,0,0,0,0,0,0,0.0,0.0,0.0,1,107.0,0.0,0.107,0.0,0.0,1.0,0.0,2,-1.5006,2.7577,48.3778,48.5,0.75,0.25,1,1,23.4,2.9,,72.2,0.0,0.0,1,0.0874,48.4695,1.26,48.56,24.91,23.65,0.535776,0.464224,0.450464,0.549536,0.50162,0.49838,14.0,14.0,1,1,cfb-inseason-v4-injury-reporter-2026-09-15,-0.058775,-0.054597,-0.012044,0.073616,0.416345,0.424085,0.411389,0.462853,5.780487,5.586107,5.325221,5.850721,2.499452,1.596522,2.02147,2.296092,0.599542,0.524542,0.465658,0.608515,-0.159536,0.041897,0.316003,0.211837,0,,DEFERRED_TO_FILTER,,,,,,,,0,,DEFERRED_TO_FILTER,,,,,,,,,0,,DEFERRED_TO_FILTER,48.5,,,,,,,,1,-148.0,0.535776,0.5720596355604638,-0.03628363556046377,-0.10221318918918915,0.0,0.0,1,124.0,0.464224,0.4279403644395361,0.036283635560463934,0.03986176000000008,0.03214658064516135,0.03214658064516135,1,-3.0,100.0,0.450464,0.4782608695652174,-0.02779686956521743,-0.09907200000000005,0.0,0.0,1,3.0,-120.0,0.549536,0.5217391304347826,0.02779686956521743,0.007482666666666804,0.008979200000000163,0.008979200000000163,1,48.5,-112.0,0.50162,0.5043297540699689,-0.0027097540699689837,-0.05050500000000013,0.0,0.0,1,48.5,-108.0,0.49838,0.4956702459300312,0.002709754069968817,-0.040157037037036936,0.0,0.0
2026,2,3,401856687,2026-09-19,18:00,Florida Gators,Auburn Tigers,0,Jordan-Hare Stadium,open_air,Grass,DraftKings,2.5,53.5,0,0,1,2.5,2,57,2,2,0,0,11.2629,21.8782,-8.1153,14.176,16.207,0.469,1,1,87.171,0.5018,0.4982,,0.063,-0.063,0.063,-2.5,0.36,0.28,0.2,0.16,0,0,0,0,0,0,0.0,0.0,0.0,1,275.9,0.0,0.2759,1.0,1.0,0.0,0.0,2,0.318,-2.0545,45.7051,53.5,0.75,0.25,1,1,25.0,0.5,,96.6,1.0,0.0,1,1.4367,51.5513,-1.74,52.99,25.63,27.36,0.450643,0.549357,0.521745,0.478255,0.485411,0.514589,14.0,14.0,1,1,cfb-inseason-v4-injury-reporter-2026-09-15,0.06434,0.211916,-0.067147,-0.028067,0.458422,0.499292,0.414424,0.404823,6.035017,7.330357,5.215835,5.096424,2.025093,3.078124,1.331057,1.514436,0.591209,0.712042,0.400182,0.462682,0.022044,0.194492,0.42017,0.364614,0,,DEFERRED_TO_FILTER,,,,,,,,0,,DEFERRED_TO_FILTER,,,,,,,,,0,,DEFERRED_TO_FILTER,53.5,,,,,,,,1,110.0,0.450643,0.4572564612326044,-0.006613461232604367,-0.05364969999999991,0.0,0.0,1,-130.0,0.549357,0.5427435387673957,0.006613461232604312,-0.02806069230769237,0.0,0.0,1,2.5,-110.0,0.521745,0.5,0.021745000000000014,-0.0039413636363635485,0.0,0.0,1,-2.5,-110.0,0.478255,0.5,-0.021745000000000014,-0.08696772727272728,0.0,0.0,1,53.5,-112.0,0.485411,0.5043297540699689,-0.018918754069968957,-0.08118632142857146,0.0,0.0,1,53.5,-108.0,0.514589,0.4956702459300312,0.01891875406996879,-0.008939703703703727,0.0,0.0
2026,2,3,401862771,2026-09-19,18:00,Florida International Panthers,Florida Atlantic Owls,0,FAU Stadium,open_air,Artificial,DraftKings,-7,62.5,0,0,1,2.5,2226,2229,2,2,0,0,-6.9752,4.2295,-8.7047,-10.838,-9.346,1.008,1,1,29.229,0.5106,0.4894,,0.363,-0.363,0.363,7.0,0.36,0.28,0.2,0.16,0,0,0,0,0,0,0.0,0.0,0.0,1,46.4,0.0,0.0464,0.0,0.0,1.0,0.0,2,-1.5704,1.4821,48.6632,62.5,0.75,0.25,1,1,26.0,1.1,,90.1,1.0,0.0,1,1.0993,59.0408,-0.09,60.14,30.03,30.11,0.497483,0.502517,0.30632,0.69368,0.433071,0.566929,14.0,14.0,1,1,cfb-inseason-v4-injury-reporter-2026-09-15,0.064513,0.017871,0.190397,-0.006759,0.447945,0.428566,0.454829,0.403608,5.620843,6.005971,7.001224,5.112391,2.034022,1.852474,2.721167,1.855507,0.628709,0.462042,0.775182,0.462682,0.03047,0.071463,0.408806,0.346641,0,,DEFERRED_TO_FILTER,,,,,,,,0,,DEFERRED_TO_FILTER,,,,,,,,,0,,DEFERRED_TO_FILTER,62.5,,,,,,,,1,-278.0,0.497483,0.705033164260632,-0.207550164260632,-0.3235662805755396,0.0,0.0,1,225.0,0.502517,0.2949668357393679,0.2075501642606321,0.63318025,0.28141344444444444,0.05,1,-7.0,-105.0,0.30632,0.4891657638136511,-0.18284576381365114,-0.4019466666666668,0.0,0.0,1,7.0,-115.0,0.69368,0.5108342361863489,0.18284576381365103,0.2968799999999998,0.3414119999999998,0.05,1,62.5,-110.0,0.433071,0.5,-0.06692900000000002,-0.17322809090909091,0.0,0.0,1,62.5,-110.0,0.566929,0.5,0.06692900000000002,0.08231900000000003,0.09055090000000003,0.05
2026,2,3,401869948,2026-09-19,18:00,Georgia Southern Eagles,Jacksonville State Gamecocks,0,AmFirst Stadium,open_air,Artificial,DraftKings,-3,52.5,0,0,1,2.5,55,290,2,2,0,0,2.7922,9.3461,-4.0539,-9.057,-7.838,1.281,1,1,33.518,0.526,0.474,,0.887,-0.887,0.887,3.0,0.36,0.28,0.2,0.16,0,0,0,0,0,0,0.0,0.0,0.0,1,250.1,0.0,0.2501,1.0,1.0,0.0,0.0,2,0.2883,0.9675,43.0362,52.5,0.75,0.25,1,1,29.1,1.1,,61.9,1.0,0.0,1,1.0993,50.134,1.26,51.23,26.24,24.99,0.535735,0.464265,0.450423,0.549577,0.463956,0.536044,14.0,14.0,1,1,cfb-inseason-v4-injury-reporter-2026-09-15,0.093863,0.014444,0.08386,-0.142626,0.484187,0.39946,0.46675,0.357315,6.075481,5.584552,5.356281,4.585341,2.047563,1.591394,2.516675,1.32892,0.517598,0.374542,0.458515,0.325182,0.068516,0.091252,0.41714,0.318279,0,,DEFERRED_TO_FILTER,,,,,,,,0,,DEFERRED_TO_FILTER,,,,,,,,,0,,DEFERRED_TO_FILTER,52.5,,,,,,,,1,-180.0,0.535735,0.6164383561643836,-0.08070335616438362,-0.16663444444444447,0.0,0.0,1,150.0,0.464265,0.38356164383561653,0.08070335616438346,0.16066249999999993,0.10710833333333329,0.05,1,-3.0,-122.0,0.450423,0.5260865852617197,-0.07566358526171968,-0.18037781967213112,0.0,0.0,1,3.0,102.0,0.549577,0.47391341473828025,0.07566358526171973,0.11014553999999999,0.10798582352941175,0.05,1,52.5,-115.0,0.463956,0.5108342361863489,-0.046878236186348954,-0.13260400000000006,0.0,0.0,1,52.5,-105.0,0.536044,0.4891657638136511,0.04687823618634884,0.04656209523809518,0.04889019999999994,0.04889019999999994
2026,2,3,401856803,2026-09-19,18:00,Murray State Racers,Oklahoma State Cowboys,0,Boone Pickens Stadium,open_air,Artificial,DraftKings,-56.5,70.5,0,0,1,2.5,197,,2,0,0,1,-1.513,0.0,,2.985,,,1,1,33.058,0.9944,0.0056,,44.109,-44.109,44.109,56.5,0.6429,0.0,0.3571,0.0,0,0,0,0,0,0,0.0,0.0,0.0,1,487.8,0.0,0.4878,0.0,1.0,0.0,0.0,2,0.5622,52.0746,44.1602,70.5,0.75,0.25,1,1,34.3,4.0,,34.2,0.0,0.0,1,-0.531,63.915,52.64,63.38,58.01,5.37,0.999915,8.5e-05,0.391298,0.608702,0.305627,0.694373,14.0,14.0,1,1,cfb-inseason-v4-injury-reporter-2026-09-15,-0.07416,0.043562,-0.004507,0.059706,0.437326,0.445725,0.404775,0.452248,6.022428,5.833618,5.796201,5.9479,1.721172,1.990023,1.880507,2.088329,0.387042,0.546362,0.650182,0.554121,0.056901,0.060775,0.292413,0.338365,0,,CURRENT_LINE_MISSING,,,,,,,,0,,DEFERRED_TO_FILTER,,,,,,,,,0,,DEFERRED_TO_FILTER,70.5,,,,,,,,0,,,,,,,,0,,,,,,,,1,-56.5,-108.0,0.391298,0.4956702459300312,-0.1043722459300312,-0.24638903703703707,0.0,0.0,1,56.5,-112.0,0.608702,0.5043297540699689,0.10437224593003103,0.15218592857142843,0.17044823999999986,0.05,1,70.5,-115.0,0.305627,0.5108342361863489,-0.20520723618634895,-0.4286103913043479,0.0,0.0,1,70.5,-105.0,0.694373,0.4891657638136511,0.2052072361863489,0.35568061904761905,0.37346465,0.05
2026,2,3,401864443,2026-09-19,18:00,Nevada Wolf Pack,Middle Tennessee Blue Raiders,0,"Johnny ""Red"" Floyd Stadium",open_air,Artificial,DraftKings,3.5,50.5,0,0,1,2.5,2393,2440,2,2,0,0,5.9315,5.9105,2.521,-15.405,-5.112,-7.793,1,1,28.748,0.3099,0.6901,,-6.826,6.826,-6.826,-3.5,0.36,0.28,0.2,0.16,0,0,0,0,0,0,0.0,0.0,0.0,1,1835.7,0.0,1.8357,2.0,0.0,1.0,0.0,2,0.4919,-4.4039,45.693,50.5,0.75,0.25,1,1,33.8,1.3,,36.3,0.0,0.0,1,0.9869,49.2982,-3.91,50.29,23.19,27.1,0.389958,0.610042,0.488262,0.511738,0.493878,0.506122,14.0,14.0,1,1,cfb-inseason-v4-injury-reporter-2026-09-15,0.167379,0.091367,0.064829,0.032544,0.4854,0.474262,0.468594,0.447993,6.483244,6.418983,5.842537,5.387316,2.321224,1.897804,1.912253,1.815322,0.441209,0.524542,0.650182,0.566849,0.19166,0.109077,0.247551,0.352862,0,,DEFERRED_TO_FILTER,,,,,,,,0,,DEFERRED_TO_FILTER,,,,,,,,,0,,DEFERRED_TO_FILTER,50.5,,,,,,,,1,150.0,0.389958,0.38356164383561653,0.006396356164383499,-0.025104999999999933,0.0,0.0,1,-180.0,0.610042,0.6164383561643836,-0.00639635616438361,-0.0510457777777778,0.0,0.0,1,3.5,-108.0,0.488262,0.4956702459300312,-0.007408245930031199,-0.05964355555555556,0.0,0.0,1,-3.5,-112.0,0.511738,0.5043297540699689,0.007408245930031088,-0.03135307142857141,0.0,0.0,1,50.5,-112.0,0.493878,0.5043297540699689,-0.010451754069968955,-0.06515949999999998,0.0,0.0,1,50.5,-108.0,0.506122,0.4956702459300312,0.010451754069968788,-0.025246518518518557,0.0,0.0
2026,2,3,401870764,2026-09-19,18:00,Nicholls Colonels,Sam Houston Bearkats,0,Elliott T. Bowers Stadium,open_air,Artificial,DraftKings,-17.5,49.5,0,0,1,2.5,2534,,2,0,0,1,1.8372,0.0,,-14.621,,,1,1,15.72,0.8434,0.1566,,14.353,-14.353,14.353,17.5,0.6429,0.0,0.3571,0.0,0,0,0,0,0,0,0.0,0.0,0.0,1,290.0,0.0,0.29,0.0,1.0,0.0,0.0,2,0.3342,16.3761,44.0606,49.5,0.75,0.25,1,1,31.1,2.8,,46.3,0.0,0.0,1,0.1436,48.1401,16.71,48.28,32.5,15.79,0.883682,0.116318,0.477509,0.522491,0.465385,0.534615,14.0,14.0,1,1,cfb-inseason-v4-injury-reporter-2026-09-15,0.01068,0.043562,0.023877,0.059706,0.455274,0.445725,0.410104,0.452248,5.81751,5.833618,5.626338,5.9479,1.690112,1.990023,1.894243,2.088329,0.524542,0.546362,0.525182,0.554121,0.08264,0.060775,0.330884,0.338365,0,,CURRENT_LINE_MISSING,,,,,,,,0,,DEFERRED_TO_FILTER,,,,,,,,,0,,DEFERRED_TO_FILTER,49.5,,,,,,,,0,,,,,,,,0,,,,,,,,1,-17.5,-105.0,0.477509,0.4891657638136511,-0.011656763813651105,-0.06772052380952387,0.0,0.0,1,17.5,-115.0,0.522491,0.5108342361863489,0.011656763813651105,-0.023168999999999995,0.0,0.0,1,49.5,-112.0,0.465385,0.5043297540699689,-0.038944754069968945,-0.11909267857142869,0.0,0.0,1,49.5,-108.0,0.534615,0.4956702459300312,0.03894475406996878,0.02962888888888887,0.03199919999999998,0.03199919999999998
2026,2,3,401866423,2026-09-19,18:00,Ohio Bobcats,South Alabama Jaguars,0,Hancock Whitney Stadium,open_air,Artificial,DraftKings,-7,49.5,0,0,1,2.5,6,195,2,2,0,0,0.0675,-3.2019,5.7693,-8.088,-9.672,4.084,1,1,31.945,0.625,0.375,,4.355,-4.355,4.355,7.0,0.36,0.28,0.2,0.16,0,0,0,0,0,0,0.0,0.0,0.0,1,683.9,0.0,0.6839,1.0,1.0,0.0,0.0,2,0.7883,5.4576,53.4408,49.5,0.75,0.25,1,1,28.8,1.0,,78.4,0.0,0.0,1,1.1556,50.4852,6.25,51.64,28.94,22.7,0.67225,0.32775,0.478521,0.521479,0.560766,0.439234,14.0,14.0,1,1,cfb-inseason-v4-injury-reporter-2026-09-15,0.104225,0.088887,0.09306,0.155983,0.454518,0.454962,0.448904,0.484893,5.777383,5.22207,6.896401,6.276609,2.0765,2.585304,2.073364,2.558876,0.548352,0.499542,0.775182,0.580738,0.074296,0.06539,0.42017,0.356445,0,,DEFERRED_TO_FILTER,,,,,,,,0,,DEFERRED_TO_FILTER,,,,,,,,,0,,DEFERRED_TO_FILTER,49.5,,,,,,,,1,-265.0,0.67225,0.6957699520733487,-0.02351995207334867,-0.07407075471698116,0.0,0.0,1,215.0,0.32775,0.30423004792665137,0.023519952073348616,0.032412499999999955,0.015075581395348817,0.015075581395348817,1,-7.0,-108.0,0.478521,0.4956702459300312,-0.0171492459300312,-0.07840399999999997,0.0,0.0,1,7.0,-112.0,0.521479,0.5043297540699689,0.017149245930031087,-0.012914749999999975,0.0,0.0,1,49.5,-110.0,0.560766,0.5,0.06076599999999999,0.07055327272727274,0.07760860000000001,0.05,1,49.5,-110.0,0.439234,0.5,-0.06076599999999999,-0.16146236363636357,0.0,0.0
2026,2,3,401856689,2026-09-19,18:00,Troy Trojans,Missouri Tigers,0,Memorial Stadium,open_air,Artificial,DraftKings,-26.5,50.5,0,0,1,2.5,142,2653,2,2,0,0,14.6651,4.9421,12.223,12.326,-8.831,23.657,1,1,56.066,0.9499,0.0501,,25.074,-25.074,25.074,26.5,0.36,0.28,0.2,0.16,0,0,0,0,0,0,0.0,0.0,0.0,1,609.9,0.0,0.6099,0.0,1.0,0.0,0.0,2,0.703,23.1344,49.2813,50.5,0.75,0.25,1,1,30.8,1.1,,57.9,0.0,0.0,1,1.0993,50.1953,23.84,51.29,37.57,13.73,0.955685,0.044315,0.424582,0.575418,0.522633,0.477367,14.0,14.0,1,1,cfb-inseason-v4-injury-reporter-2026-09-15,0.130473,0.072164,-0.02474,0.004062,0.466248,0.421036,0.390885,0.418792,6.428687,5.89532,5.207021,5.432629,3.091394,2.095606,1.560296,1.823364,0.568292,0.587042,0.775182,0.650182,0.092723,0.139424,0.358405,0.323741,0,,DEFERRED_TO_FILTER,,,,,,,,0,,DEFERRED_TO_FILTER,,,,,,,,,0,,DEFERRED_TO_FILTER,50.5,,,,,,,,1,-6500.0,0.955685,0.9538784067085954,0.0018065932914046456,-0.029612153846153892,0.0,0.0,1,2000.0,0.044315,0.046121593291404604,-0.001806593291404604,-0.06938500000000003,0.0,0.0,1,-26.5,-102.0,0.424582,0.4826358742837298,-0.05805387428372977,-0.15916113725490189,0.0,0.0,1,26.5,-118.0,0.575418,0.5173641257162701,0.05805387428372988,0.06306037288135591,0.07441123999999998,0.05,1,50.5,-108.0,0.522633,0.4956702459300312,0.02696275406996884,0.006552444444444527,0.007076640000000089,0.007076640000000089,1,50.5,-112.0,0.477367,0.5043297540699689,-0.026962754069968953,-0.09641246428571432,0.0,0.0
2026,2,3,401861963,2026-09-19,18:00,UConn Huskies,Southern Miss Golden Eagles,0,M. M. Roberts Stadium,open_air,Artificial,DraftKings,3,54.5,0,0,1,2.5,2572,41,2,2,0,0,2.2878,6.5317,-1.7439,-7.083,-10.682,6.099,1,1,31.383,0.6955,0.3045,,7.042,-7.042,7.042,-3.0,0.36,0.28,0.2,0.16,0,0,0,0,0,0,0.0,0.0,0.0,1,1171.2,0.0,1.1712,1.0,1.0,0.0,0.0,2,1.3499,1.7571,45.8914,54.5,0.75,0.25,1,1,30.1,0.6,,63.3,1.0,0.0,1,1.3804,52.3479,3.11,53.73,28.42,25.31,0.587815,0.412185,0.66866,0.33134,0.478021,0.521979,14.0,14.0,1,1,cfb-inseason-v4-injury-reporter-2026-09-15,-0.005018,0.088843,0.018004,0.031516,0.457688,0.428196,0.430178,0.433539,5.787887,6.398412,5.885657,4.963604,2.034022,2.215753,1.781698,1.949646,0.493292,0.691209,0.425182,0.566849,0.030698,0.115167,0.349657,0.321685,0,,DEFERRED_TO_FILTER,,,,,,,,0,,DEFERRED_TO_FILTER,,,,,,,,,0,,DEFERRED_TO_FILTER,54.5,,,,,,,,1,130.0,0.587815,0.41700735895339325,0.17080764104660673,0.35197449999999986,0.27074961538461534,0.05,1,-155.0,0.412185,0.5829926410466066,-0.17080764104660662,-0.32188919354838713,0.0,0.0,1,3.0,-105.0,0.66866,0.4891657638136511,0.1794942361863489,0.30547904761904765,0.32075300000000007,0.05,1,-3.0,-115.0,0.33134,0.5108342361863489,-0.1794942361863489,-0.38053826086956527,0.0,0.0,1,54.5,-112.0,0.478021,0.5043297540699689,-0.026308754069968965,-0.09517453571428575,0.0,0.0,1,54.5,-108.0,0.521979,0.4956702459300312,0.0263087540699688,0.0052928888888889025,0.005716320000000014,0.005716320000000014
2026,2,3,401862772,2026-09-19,18:00,UT Martin Skyhawks,Memphis Tigers,0,Simmons Bank Liberty Stadium,open_air,Artificial,DraftKings,-34.5,57.5,0,0,1,2.5,235,,2,0,0,1,1.6033,0.0,,-0.186,,,1,1,29.536,0.9745,0.0255,,31.069,-31.069,31.069,34.5,0.6429,0.0,0.3571,0.0,0,0,0,0,0,0,0.0,0.0,0.0,1,,0.0,,,,,0.0,0,0.0,33.2746,45.8387,57.5,0.75,0.25,1,1,35.8,1.7,,27.8,0.0,0.0,1,0.762,54.5847,33.27,55.35,44.31,11.04,0.991267,0.008733,0.465127,0.534873,0.438881,0.561119,14.0,14.0,1,1,cfb-inseason-v4-injury-reporter-2026-09-15,0.118415,0.043562,0.098434,0.059706,0.453872,0.445725,0.470093,0.452248,7.414468,5.833618,6.651162,5.9479,1.857419,1.990023,2.036185,2.088329,0.441209,0.546362,0.605539,0.554121,0.193604,0.060775,0.28892,0.338365,0,,DEFERRED_TO_FILTER,,,,,,,,0,,DEFERRED_TO_FILTER,,,,,,,,,0,,DEFERRED_TO_FILTER,57.5,,,,,,,,1,-50000.0,0.991267,0.9761439931431837,0.015123006856816334,-0.006750465999999989,0.0,0.0,1,4000.0,0.008733,0.023856006856816343,-0.015123006856816343,-0.641947,0.0,0.0,1,-34.5,-110.0,0.465127,0.5,-0.03487299999999999,-0.11203027272727262,0.0,0.0,1,34.5,-110.0,0.534873,0.5,0.03487300000000004,0.021121181818181956,0.023233300000000148,0.023233300000000148,1,57.5,-110.0,0.438881,0.5,-0.06111899999999998,-0.1621362727272726,0.0,0.0,1,57.5,-110.0,0.561119,0.5,0.061119000000000034,0.07122718181818188,0.07834990000000007,0.05
2026,2,3,401862773,2026-09-19,18:00,Western Michigan Broncos,Rice Owls,0,Rice Stadium,open_air,Artificial,DraftKings,9.5,43.5,0,0,1,2.5,242,2711,2,2,0,0,-4.2203,0.8942,-2.6145,-14.709,0.704,-12.913,1,1,36.096,0.1758,0.8242,,-13.169,13.169,-13.169,-9.5,0.36,0.28,0.2,0.16,0,0,0,0,0,0,0.0,0.0,0.0,1,1025.4,0.0,1.0254,1.0,1.0,0.0,0.0,2,1.1819,-10.0878,42.3393,43.5,0.75,0.25,1,1,31.1,3.7,,55.4,0.0,0.0,1,-0.3624,43.2098,-8.91,42.85,16.97,25.88,0.262344,0.737656,0.516924,0.483076,0.481412,0.518588,14.0,14.0,1,1,cfb-inseason-v4-injury-reporter-2026-09-15,0.005687,0.00117,0.039215,0.036367,0.445603,0.461014,0.444558,0.469108,5.312759,5.350109,6.009817,5.607981,1.558643,2.009583,2.231698,1.563428,0.424542,0.524542,0.560896,0.650182,-0.013255,0.023956,0.34419,0.378503,0,,DEFERRED_TO_FILTER,,,,,,,,0,,DEFERRED_TO_FILTER,,,,,,,,,0,,DEFERRED_TO_FILTER,43.5,,,,,,,,1,295.0,0.262344,0.24281150159744405,0.01953249840255597,0.036258800000000146,0.012291118644067846,0.012291118644067846,1,-375.0,0.737656,0.7571884984025559,-0.019532498402555887,-0.06563573333333342,0.0,0.0,1,9.5,-105.0,0.516924,0.4891657638136511,0.027758236186348928,0.009232571428571479,0.009694200000000054,0.009694200000000054,1,-9.5,-115.0,0.483076,0.5108342361863489,-0.027758236186348928,-0.09685791304347824,0.0,0.0,1,43.5,-115.0,0.481412,0.5108342361863489,-0.029422236186348927,-0.0999688695652175,0.0,0.0,1,43.5,-105.0,0.518588,0.4891657638136511,0.029422236186348927,0.0124813333333334,0.01310540000000007,0.01310540000000007
2026,2,3,401858452,2026-09-19,18:15,North Dakota Fighting Hawks,Nebraska Cornhuskers,0,"Memorial Stadium (Lincoln, NE)",open_air,Artificial,DraftKings,-24.5,51.5,0,0,1,2.5,158,,2,0,0,1,22.554,0.0,,14.799,,,1,1,56.118,0.9648,0.0352,,28.218,-28.218,28.218,24.5,0.6429,0.0,0.3571,0.0,0,0,0,0,0,0,0.0,0.0,0.0,1,,0.0,,,,,0.0,0,0.0,25.8279,51.3217,51.5,0.75,0.25,1,1,23.4,4.5,,76.3,1.0,0.0,1,-0.8121,51.4554,25.83,50.64,38.24,12.41,0.96747,0.03253,0.537782,0.462218,0.475603,0.524397,14.0,14.0,1,1,cfb-inseason-v4-injury-reporter-2026-09-15,0.261098,0.043562,0.000306,0.059706,0.526347,0.445725,0.422782,0.452248,6.775686,5.833618,5.378723,5.9479,3.240461,1.990023,1.606698,2.088329,0.774542,0.546362,0.400182,0.554121,0.23931,0.060775,0.378503,0.338365,0,,DEFERRED_TO_FILTER,,,,,,,,0,,DEFERRED_TO_FILTER,,,,,,,,,0,,DEFERRED_TO_FILTER,51.5,,,,,,,,1,-3200.0,0.96747,0.9356725146198831,0.03179748538011695,-0.002296562499999946,0.0,0.0,1,1400.0,0.03253,0.06432748538011696,-0.03179748538011695,-0.51205,0.0,0.0,1,-24.5,-105.0,0.537782,0.4891657638136511,0.04861623618634886,0.04995533333333324,0.052453099999999905,0.05,1,24.5,-115.0,0.462218,0.5108342361863489,-0.048616236186348916,-0.1358533043478261,0.0,0.0,1,51.5,-108.0,0.475603,0.4956702459300312,-0.020067245930031175,-0.0840238518518518,0.0,0.0,1,51.5,-112.0,0.524397,0.5043297540699689,0.020067245930031063,-0.007391392857142909,0.0,0.0
2026,2,3,401856796,2026-09-19,18:30,Colorado Buffaloes,Northwestern Wildcats,0,Ryan Field,open_air,Grass,DraftKings,-3.5,48.5,0,0,1,2.5,77,38,1,2,0,0,10.6781,7.3651,5.8129,2.492,4.478,0.514,1,1,59.043,0.4979,0.5021,,-0.073,0.073,-0.073,3.5,0.36,0.28,0.2,0.16,0,0,0,0,0,0,0.0,0.0,0.0,1,925.2,0.0,0.9252,1.0,0.0,1.0,0.0,2,-0.5575,2.3194,46.1076,48.5,0.75,0.25,1,1,23.7,3.4,,93.7,1.0,0.0,1,-0.1937,47.9019,1.76,47.71,24.74,22.97,0.550073,0.449927,0.450597,0.549403,0.477449,0.522551,14.0,14.0,1,1,cfb-inseason-v4-injury-reporter-2026-09-15,0.157644,0.087883,0.031378,-0.00989,0.465514,0.445205,0.460601,0.415938,6.964026,5.963452,5.337863,5.4448,2.381221,2.150688,1.864486,1.622323,0.566057,0.541209,0.414528,0.462682,0.181049,0.033936,0.338004,0.330803,0,,DEFERRED_TO_FILTER,,,,,,,,0,,DEFERRED_TO_FILTER,,,,,,,,,0,,DEFERRED_TO_FILTER,48.5,,,,,,,,1,-175.0,0.550073,0.6092362344582594,-0.05916323445825933,-0.13559957142857137,0.0,0.0,1,145.0,0.449927,0.3907637655417407,0.05916323445825933,0.10232115000000008,0.07056631034482763,0.05,1,-3.5,-115.0,0.450597,0.5108342361863489,-0.06023723618634891,-0.15757952173913042,0.0,0.0,1,3.5,-105.0,0.549403,0.4891657638136511,0.06023723618634885,0.07264395238095234,0.07627614999999996,0.05,1,48.5,-110.0,0.477449,0.5,-0.022550999999999988,-0.08850645454545447,0.0,0.0,1,48.5,-110.0,0.522551,0.5,0.022550999999999988,-0.002402636363636357,0.0,0.0
2026,2,3,401856688,2026-09-19,18:30,LSU Tigers,Ole Miss Rebels,0,Vaught-Hemingway Stadium,open_air,Grass,DraftKings,3,58.5,0,0,1,2.5,145,99,2,2,0,0,8.9558,22.4102,-10.9545,15.467,22.578,-4.611,1,1,94.898,0.35,0.65,,-5.278,5.278,-5.278,-3.0,0.36,0.28,0.2,0.16,0,0,0,0,0,0,0.0,0.0,0.0,1,289.4,0.0,0.2894,0.0,0.0,1.0,0.0,2,-1.2903,-5.1794,46.6185,58.5,0.75,0.25,1,1,32.4,0.5,,40.8,0.0,0.0,1,1.4367,55.5296,-6.47,56.97,25.25,31.72,0.321996,0.678004,0.40213,0.59787,0.456382,0.543618,14.0,14.0,1,1,cfb-inseason-v4-injury-reporter-2026-09-15,0.114395,0.079363,0.041758,-0.231059,0.488283,0.469161,0.463286,0.348244,6.31506,6.612358,5.952478,4.640494,2.54113,2.493958,1.767595,1.304877,0.724542,0.587042,0.400182,0.525182,0.178465,0.131281,0.310795,0.429361,0,,DEFERRED_TO_FILTER,,,,,,,,0,,DEFERRED_TO_FILTER,,,,,,,,,0,,DEFERRED_TO_FILTER,58.5,,,,,,,,1,136.0,0.321996,0.4066302458405761,-0.0846342458405761,-0.24008943999999993,0.0,0.0,1,-162.0,0.678004,0.593369754159424,0.0846342458405761,0.0965249876543211,0.15637048000000017,0.05,1,3.0,-110.0,0.40213,0.5,-0.09787000000000001,-0.23229727272727274,0.0,0.0,1,-3.0,-110.0,0.59787,0.5,0.09787000000000001,0.1413881818181819,0.15552700000000008,0.05,1,58.5,-115.0,0.456382,0.5108342361863489,-0.054452236186348923,-0.1467640869565217,0.0,0.0,1,58.5,-105.0,0.543618,0.4891657638136511,0.054452236186348923,0.061349428571428666,0.0644169000000001,0.05
2026,2,3,401856690,2026-09-19,18:30,New Mexico Lobos,Oklahoma Sooners,0,"Memorial Stadium (Norman, OK)",open_air,Grass,DraftKings,-22.5,46.5,0,0,1,2.5,201,167,2,2,0,0,11.8328,17.7151,-3.3823,17.835,2.661,17.674,1,1,74.773,0.897,0.103,,18.452,-18.452,18.452,22.5,0.36,0.28,0.2,0.16,0,0,0,0,0,0,0.0,0.0,0.0,1,519.0,0.0,0.519,1.0,0.0,1.0,0.0,2,-1.0257,16.1979,43.6641,46.5,0.75,0.25,1,1,34.7,4.2,,29.1,0.0,0.0,1,-0.6435,45.791,15.17,45.15,30.16,14.99,0.860758,0.139242,0.300344,0.699656,0.461521,0.538479,14.0,14.0,1,1,cfb-inseason-v4-injury-reporter-2026-09-15,0.065307,0.077068,-0.096888,-0.133693,0.455888,0.47781,0.395846,0.376179,6.170451,5.868914,5.022802,4.550532,2.122163,2.803593,1.377531,1.29047,0.374542,0.703114,0.400182,,0.111578,0.107476,0.318771,0.343247,0,,DEFERRED_TO_FILTER,,,,,,,,0,,DEFERRED_TO_FILTER,,,,,,,,,0,,DEFERRED_TO_FILTER,46.5,,,,,,,,1,-2100.0,0.860758,0.9197080291970803,-0.058950029197080256,-0.09825352380952374,0.0,0.0,1,1100.0,0.139242,0.08029197080291971,0.0589500291970803,0.6709040000000001,0.060991272727272734,0.05,1,-22.5,-108.0,0.300344,0.4956702459300312,-0.19532624593003117,-0.4215597037037037,0.0,0.0,1,22.5,-112.0,0.699656,0.5043297540699689,0.195326245930031,0.324348857142857,0.3632707199999999,0.05,1,46.5,-115.0,0.461521,0.5108342361863489,-0.04931323618634892,-0.1371563913043478,0.0,0.0,1,46.5,-105.0,0.538479,0.4891657638136511,0.04931323618634892,0.05131614285714292,0.05388195000000007,0.05
2026,2,3,401856799,2026-09-19,19:00,Arkansas State Red Wolves,TCU Horned Frogs,0,Amon G. Carter Stadium,open_air,Grass,DraftKings,-19.5,56.5,0,0,1,2.5,2628,2032,2,2,0,0,9.0755,5.8461,5.7293,6.345,-8.854,17.699,1,1,48.398,0.8967,0.1033,,18.422,-18.422,18.422,19.5,0.36,0.28,0.2,0.16,0,0,0,0,0,0,0.0,0.0,0.0,1,439.6,0.0,0.43960000000000005,0.0,1.0,0.0,0.0,2,0.5067,16.5768,45.1102,56.5,0.75,0.25,1,1,35.3,4.2,,25.8,0.0,0.0,1,-0.6435,53.6525,17.08,53.01,35.05,17.96,0.888815,0.111185,0.43148,0.56852,0.401545,0.598455,14.0,14.0,1,1,cfb-inseason-v4-injury-reporter-2026-09-15,0.078499,0.111989,-0.023863,0.066826,0.46642,0.514006,0.420671,0.459975,6.41902,6.794984,5.732258,6.855051,2.115461,2.391394,1.419198,1.919198,0.512042,0.607876,0.462682,0.775182,0.11574,0.089278,0.308825,0.39517,0,,DEFERRED_TO_FILTER,,,,,,,,0,,DEFERRED_TO_FILTER,,,,,,,,,0,,DEFERRED_TO_FILTER,56.5,,,,,,,,1,-1350.0,0.888815,0.8933823529411764,-0.004567352941176384,-0.04534685185185193,0.0,0.0,1,800.0,0.111185,0.10661764705882351,0.004567352941176495,0.0006650000000000267,8.312500000000334e-05,8.312500000000334e-05,1,-19.5,-115.0,0.43148,0.5108342361863489,-0.07935423618634896,-0.1933200000000001,0.0,0.0,1,19.5,-105.0,0.56852,0.4891657638136511,0.0793542361863489,0.10996761904761909,0.11546600000000005,0.05,1,56.5,-110.0,0.401545,0.5,-0.09845500000000001,-0.23341409090909088,0.0,0.0,1,56.5,-110.0,0.598455,0.5,0.09845499999999996,0.142505,0.15675549999999996,0.05
2026,2,3,401862777,2026-09-19,19:00,Delaware State Hornets,South Florida Bulls,0,Raymond James Stadium,open_air,Grass,DraftKings,-36.5,61.5,0,0,1,2.5,58,,2,0,0,1,4.8164,0.0,,0.271,,,1,1,30.847,0.9889,0.0111,,38.307,-38.307,38.307,36.5,0.6429,0.0,0.3571,0.0,0,0,0,0,0,0,0.0,0.0,0.0,1,,0.0,,,,,0.0,0,0.0,37.1454,48.3755,61.5,0.75,0.25,1,1,25.1,1.6,,89.3,0.0,0.0,1,0.8182,58.2189,37.15,59.04,48.09,10.95,0.996014,0.003986,0.518384,0.481616,0.430179,0.569821,14.0,14.0,1,1,cfb-inseason-v4-injury-reporter-2026-09-15,0.094198,0.043562,0.054869,0.059706,0.474736,0.445725,0.455812,0.452248,5.640955,5.833618,5.689895,5.9479,2.283643,1.990023,2.051142,2.088329,0.587042,0.546362,0.483515,0.554121,0.071203,0.060775,0.402687,0.338365,0,,CURRENT_LINE_MISSING,,,,,,,,0,,DEFERRED_TO_FILTER,,,,,,,,,0,,DEFERRED_TO_FILTER,61.5,,,,,,,,0,,,,,,,,0,,,,,,,,1,-36.5,-110.0,0.518384,0.5,0.018383999999999956,-0.010357818181818246,0.0,0.0,1,36.5,-110.0,0.481616,0.5,-0.01838400000000001,-0.08055127272727264,0.0,0.0,1,61.5,-112.0,0.430179,0.5043297540699689,-0.07415075406996896,-0.18573260714285722,0.0,0.0,1,61.5,-108.0,0.569821,0.4956702459300312,0.07415075406996885,0.0974330370370371,0.10522768000000005,0.05
2026,2,3,401862775,2026-09-19,19:00,East Texas A&M Lions,Tulsa Golden Hurricane,0,Chapman Stadium,open_air,Artificial,DraftKings,-42.5,56.5,0,0,1,2.5,202,,2,0,0,1,3.2696,0.0,,-3.384,,,1,1,26.755,0.9775,0.0225,,32.16,-32.16,32.16,42.5,0.6429,0.0,0.3571,0.0,0,0,0,0,0,0,0.0,0.0,0.0,1,,0.0,,,,,0.0,0,0.0,38.8071,43.0749,56.5,0.75,0.25,1,1,36.2,4.0,,26.2,0.0,0.0,1,-0.531,53.1437,38.81,52.61,45.71,6.9,0.997214,0.002786,0.395976,0.604024,0.390635,0.609365,14.0,14.0,1,1,cfb-inseason-v4-injury-reporter-2026-09-15,0.029808,0.043562,-0.038469,0.059706,0.411636,0.445725,0.439689,0.452248,5.882577,5.833618,5.497453,5.9479,1.884068,1.990023,1.528859,2.088329,0.524542,0.546362,0.325182,0.554121,0.024136,0.060775,0.239772,0.338365,0,,CURRENT_LINE_MISSING,,,,,,,,0,,DEFERRED_TO_FILTER,,,,,,,,,0,,DEFERRED_TO_FILTER,56.5,,,,,,,,0,,,,,,,,0,,,,,,,,1,-42.5,-110.0,0.395976,0.5,-0.104024,-0.24404581818181814,0.0,0.0,1,42.5,-110.0,0.604024,0.5,0.104024,0.1531367272727273,0.16845040000000003,0.05,1,56.5,-112.0,0.390635,0.5043297540699689,-0.11369475406996893,-0.26058374999999995,0.0,0.0,1,56.5,-108.0,0.609365,0.4956702459300312,0.11369475406996887,0.173591851851852,0.18747920000000012,0.05
2026,2,3,401856800,2026-09-19,19:00,Georgia State Panthers,UCF Knights,0,FBC Mortgage Stadium,open_air,Grass,DraftKings,-18.5,50.5,0,0,1,2.5,2116,2247,2,2,0,0,7.8526,19.2795,-8.9268,4.693,-9.071,16.264,1,1,46.166,0.8785,0.1215,,16.863,-16.863,16.863,18.5,0.36,0.28,0.2,0.16,0,0,0,0,0,0,0.0,0.0,0.0,1,401.5,0.0,0.4015,0.0,0.0,1.0,0.0,2,-1.1611,13.1582,46.5026,50.5,0.75,0.25,1,1,24.1,1.9,,91.6,0.0,0.0,1,0.6496,49.5007,12.0,50.15,31.07,19.08,0.80426,0.19574,0.321147,0.678853,0.490034,0.509966,14.0,14.0,1,1,cfb-inseason-v4-injury-reporter-2026-09-15,0.029404,0.192102,0.024047,-0.008101,0.440339,0.512509,0.415358,0.413194,6.443853,6.997925,5.258512,5.621668,2.44176,2.793637,1.309422,1.542595,0.599542,0.587042,0.650182,0.358515,0.040167,0.222087,0.352862,0.42017,0,,DEFERRED_TO_FILTER,,,,,,,,0,,DEFERRED_TO_FILTER,,,,,,,,,0,,DEFERRED_TO_FILTER,50.5,,,,,,,,1,-1200.0,0.80426,0.8869565217391304,-0.08269652173913045,-0.12871833333333343,0.0,0.0,1,750.0,0.19574,0.11304347826086955,0.08269652173913045,0.6637900000000001,0.08850533333333335,0.05,1,-18.5,-112.0,0.321147,0.5043297540699689,-0.18318275406996892,-0.39211460714285706,0.0,0.0,1,18.5,-108.0,0.678853,0.4956702459300312,0.18318275406996887,0.3074205925925928,0.3320142400000002,0.05,1,50.5,-112.0,0.490034,0.5043297540699689,-0.014295754069968913,-0.07243564285714277,0.0,0.0,1,50.5,-108.0,0.509966,0.4956702459300312,0.014295754069968858,-0.017843259259259114,0.0,0.0
2026,2,3,401860887,2026-09-19,19:00,James Madison Dukes,San Diego State Aztecs,0,Snapdragon Stadium,open_air,Grass,DraftKings,-2.5,46.5,0,0,1,2.5,21,256,2,2,0,0,1.3029,20.943,-17.14,-1.082,0.127,1.291,1,1,51.045,0.5911,0.4089,,3.142,-3.142,3.142,2.5,0.36,0.28,0.2,0.16,0,0,0,0,0,0,0.0,0.0,0.0,1,2167.9,0.0,2.1679,3.0,1.0,0.0,0.0,2,2.4987,-0.8525,50.1752,46.5,0.75,0.25,1,1,24.7,2.5,,63.3,0.0,0.0,1,0.3123,47.4188,1.65,47.73,24.69,23.04,0.546801,0.453199,0.475684,0.524316,0.535035,0.464965,14.0,14.0,1,1,cfb-inseason-v4-injury-reporter-2026-09-15,0.013233,0.151955,0.025689,-0.060437,0.429925,0.477263,0.470337,0.401733,5.748792,6.796274,5.564525,4.935514,2.240753,3.140811,1.874326,1.470239,0.6674,0.587042,0.512682,0.275182,0.064103,0.191244,0.29517,0.39517,0,,DEFERRED_TO_FILTER,,,,,,,,0,,DEFERRED_TO_FILTER,,,,,,,,,0,,DEFERRED_TO_FILTER,46.5,,,,,,,,1,-135.0,0.546801,0.551441114716549,-0.004640114716549015,-0.0481612222222223,0.0,0.0,1,114.0,0.453199,0.44855888528345106,0.00464011471654896,-0.03015414000000005,0.0,0.0,1,-2.5,-112.0,0.475684,0.5043297540699689,-0.028645754069968943,-0.09959814285714291,0.0,0.0,1,2.5,-108.0,0.524316,0.4956702459300312,0.028645754069968832,0.009793777777777846,0.010577280000000073,0.010577280000000073,1,46.5,-105.0,0.535035,0.4891657638136511,0.045869236186348916,0.04459214285714286,0.04682175,0.04682175,1,46.5,-115.0,0.464965,0.5108342361863489,-0.045869236186348916,-0.13071760869565213,0.0,0.0
2026,2,3,401862776,2026-09-19,19:00,UAB Blazers,Louisiana Ragin' Cajuns,0,Cajun Field,open_air,Artificial,DraftKings,-7.5,56.5,0,0,1,2.5,309,5,2,2,0,0,10.2849,-1.3886,14.1736,-4.437,-15.387,13.45,1,1,28.092,0.8359,0.1641,,13.874,-13.874,13.874,7.5,0.36,0.28,0.2,0.16,0,0,0,0,0,0,0.0,0.0,0.0,1,382.9,0.0,0.38289999999999996,0.0,1.0,0.0,0.0,2,0.4413,11.5086,53.3707,56.5,0.75,0.25,1,1,31.7,2.6,,50.2,0.0,0.0,1,0.256,55.7177,11.95,55.97,33.96,22.01,0.803327,0.196673,0.6247,0.3753,0.485007,0.514993,14.0,14.0,1,1,cfb-inseason-v4-injury-reporter-2026-09-15,0.180174,0.103275,0.066926,0.123017,0.477812,0.469591,0.468737,0.486569,6.434673,5.932097,5.547569,5.961106,2.474727,2.302077,1.752531,2.752531,0.712042,0.374542,0.525182,0.650182,0.20547,0.044829,0.33892,0.438591,0,,DEFERRED_TO_FILTER,,,,,,,,0,,DEFERRED_TO_FILTER,,,,,,,,,0,,DEFERRED_TO_FILTER,56.5,,,,,,,,1,-310.0,0.803327,0.725752508361204,0.07757449163879604,0.06246474193548385,0.19364069999999997,0.05,1,250.0,0.196673,0.27424749163879597,-0.07757449163879598,-0.31164450000000005,0.0,0.0,1,-7.5,-110.0,0.6247,0.5,0.12470000000000003,0.19260909090909106,0.21187000000000014,0.05,1,7.5,-110.0,0.3753,0.5,-0.12469999999999998,-0.2835181818181818,0.0,0.0,1,56.5,-112.0,0.485007,0.5043297540699689,-0.019322754069968917,-0.08195103571428575,0.0,0.0,1,56.5,-108.0,0.514993,0.4956702459300312,0.01932275406996886,-0.008161629629629519,0.0,0.0
2026,2,3,401856693,2026-09-19,19:00,UTSA Roadrunners,Texas Longhorns,0,DKR-Texas Memorial Stadium,open_air,Artificial,DraftKings,-30.5,58.5,0,0,1,2.5,251,2636,2,2,0,0,10.406,9.3237,3.5823,30.107,-3.707,36.314,1,1,70.254,0.988,0.012,,37.626,-37.626,37.626,30.5,0.36,0.28,0.2,0.16,0,0,0,0,0,0,0.0,0.0,0.0,1,74.7,0.0,0.0747,0.0,0.0,1.0,0.0,2,-1.5378,29.2463,46.6195,58.5,0.75,0.25,1,1,34.5,3.4,,27.9,0.0,0.0,1,-0.1937,55.5299,27.71,55.34,41.52,13.81,0.976102,0.023898,0.420977,0.579023,0.410606,0.589394,14.0,14.0,1,1,cfb-inseason-v4-injury-reporter-2026-09-15,0.144695,0.157736,0.03939,0.029408,0.493292,0.505318,0.452691,0.467185,5.900353,6.675712,5.914609,5.990665,2.649727,2.153298,1.567071,1.73765,0.676328,0.507876,0.458515,0.483515,0.042861,0.234115,0.396212,0.307075,0,,DEFERRED_TO_FILTER,,,,,,,,0,,DEFERRED_TO_FILTER,,,,,,,,,0,,DEFERRED_TO_FILTER,58.5,,,,,,,,1,-8000.0,0.976102,0.9578344612181154,0.018267538781884585,-0.011696725000000017,0.0,0.0,1,2200.0,0.023898,0.04216553878188443,-0.01826753878188443,-0.450346,0.0,0.0,1,-30.5,-108.0,0.420977,0.4956702459300312,-0.07469324593003118,-0.1892294814814815,0.0,0.0,1,30.5,-112.0,0.579023,0.5043297540699689,0.07469324593003102,0.09600782142857134,0.1075287599999999,0.05,1,58.5,-105.0,0.410606,0.4891657638136511,-0.0785597638136511,-0.1983406666666666,0.0,0.0,1,58.5,-115.0,0.589394,0.5108342361863489,0.07855976381365104,0.10191052173913029,0.11719709999999985,0.05
2026,2,3,401858453,2026-09-19,19:30,Michigan State Spartans,Notre Dame Fighting Irish,0,Notre Dame Stadium,open_air,Artificial,DraftKings,-29.5,51.5,0,0,1,2.5,87,127,2,2,0,0,18.3379,6.7904,14.0475,27.895,3.432,26.963,1,1,77.54,0.9631,0.0369,,27.805,-27.805,27.805,29.5,0.36,0.28,0.2,0.16,0,0,0,0,0,0,0.0,0.0,0.0,1,114.3,0.0,0.1143,0.0,1.0,0.0,0.0,2,0.1317,25.9782,45.5728,51.5,0.75,0.25,1,1,22.3,2.4,,98.7,1.0,0.0,1,0.3685,50.0182,26.11,50.39,38.25,12.14,0.968909,0.031091,0.404334,0.595666,0.468308,0.531692,14.0,14.0,1,1,cfb-inseason-v4-injury-reporter-2026-09-15,0.131111,0.086091,-0.106314,0.043922,0.485296,0.473792,0.400051,0.424476,6.2135,5.826562,5.189756,5.940064,2.599727,2.492355,1.250637,1.58298,0.5674,0.607876,0.358515,0.775182,0.146198,0.0494,0.371559,0.39636,0,,DEFERRED_TO_FILTER,,,,,,,,0,,DEFERRED_TO_FILTER,,,,,,,,,0,,DEFERRED_TO_FILTER,51.5,,,,,,,,1,-4500.0,0.968909,0.9462616822429907,0.022647317757009344,-0.009559688888888945,0.0,0.0,1,1700.0,0.031091,0.05373831775700934,-0.022647317757009337,-0.44036200000000003,0.0,0.0,1,-29.5,-105.0,0.404334,0.4891657638136511,-0.0848317638136511,-0.21058600000000005,0.0,0.0,1,29.5,-115.0,0.595666,0.5108342361863489,0.0848317638136511,0.11363643478260865,0.13068189999999996,0.05,1,51.5,-118.0,0.468308,0.5173641257162701,-0.049056125716270105,-0.13482081355932213,0.0,0.0,1,51.5,-102.0,0.531692,0.4826358742837298,0.04905612571627027,0.05295866666666682,0.05401784000000015,0.05
2026,2,3,401864507,2026-09-19,19:30,North Dakota State Bison,Sacramento State Hornets,0,Hornet Stadium,open_air,Artificial,DraftKings,27.5,51.5,0,0,1,2.5,16,2449,2,2,0,0,-6.4671,10.5885,-14.5556,-25.065,0.664,-23.229,1,1,24.353,0.0587,0.9413,,-23.644,23.644,-23.644,-27.5,0.36,0.28,0.2,0.16,0,0,0,0,0,0,0.0,0.0,0.0,1,1368.7,0.0,1.3687,2.0,1.0,0.0,0.0,2,1.5775,-23.4618,45.9202,51.5,0.75,0.25,1,1,33.8,0.7,,18.9,0.0,0.0,1,1.3242,50.1051,-21.88,51.43,14.77,36.66,0.059007,0.940993,0.655835,0.344165,0.497985,0.502015,14.0,14.0,1,1,cfb-inseason-v4-injury-reporter-2026-09-15,-0.029652,0.116753,0.048054,0.025996,0.455933,0.470214,0.44156,0.458528,5.366302,6.338007,6.2888,5.564035,1.524218,2.716087,2.277531,1.468294,0.399542,0.599542,0.629349,0.546015,0.002102,0.116975,0.299291,0.365572,0,,DEFERRED_TO_FILTER,,,,,,,,0,,DEFERRED_TO_FILTER,,,,,,,,,0,,DEFERRED_TO_FILTER,51.5,,,,,,,,1,2200.0,0.059007,0.04216553878188443,0.01684146121811557,0.35716100000000006,0.01623459090909091,0.01623459090909091,1,-8000.0,0.940993,0.9578344612181154,-0.016841461218115472,-0.047244587500000074,0.0,0.0,1,27.5,-108.0,0.655835,0.4956702459300312,0.16016475406996877,0.26308962962962956,0.2841367999999999,0.05,1,-27.5,-112.0,0.344165,0.5043297540699689,-0.16016475406996894,-0.3485448214285714,0.0,0.0,1,51.5,-102.0,0.497985,0.4826358742837298,0.015349125716270229,-0.013794411764705805,0.0,0.0,1,51.5,-118.0,0.502015,0.5173641257162701,-0.015349125716270118,-0.07254855932203391,0.0,0.0
2026,2,3,401856793,2026-09-19,19:30,Northern Illinois Huskies,Arizona Wildcats,0,Arizona Stadium,open_air,Artificial,DraftKings,-34.5,49.5,0,0,1,2.5,12,2459,2,2,0,0,9.4206,-5.6366,17.5572,6.018,-17.918,26.436,1,1,37.283,0.9668,0.0332,,28.739,-28.739,28.739,34.5,0.36,0.28,0.2,0.16,0,0,0,0,0,0,0.0,0.0,0.0,1,1388.0,0.0,1.388,2.0,1.0,0.0,0.0,2,1.5998,28.379,40.5957,49.5,0.75,0.25,1,1,33.2,1.0,,25.4,0.0,0.0,1,1.1556,47.2739,29.98,48.43,39.2,9.23,0.983877,0.016123,0.37337,0.62663,0.469524,0.530476,14.0,14.0,1,1,cfb-inseason-v4-injury-reporter-2026-09-15,0.069401,-0.039755,0.037398,0.011563,0.507075,0.424052,0.411986,0.442508,6.297552,4.95871,5.439382,5.768939,2.072629,1.340112,1.659728,1.98765,0.628709,0.441209,0.475182,0.562682,0.067423,0.012811,0.42017,0.303503,0,,DEFERRED_TO_FILTER,,,,,,,,0,,DEFERRED_TO_FILTER,,,,,,,,,0,,DEFERRED_TO_FILTER,49.5,,,,,,,,1,-100000.0,0.983877,0.9807503701851888,0.003126629814811155,-0.015139123000000107,0.0,0.0,1,5000.0,0.016123,0.01924962981481125,-0.003126629814811252,-0.17772700000000008,0.0,0.0,1,-34.5,-108.0,0.37337,0.4956702459300312,-0.12230024593003119,-0.280917037037037,0.0,0.0,1,34.5,-112.0,0.62663,0.5043297540699689,0.12230024593003108,0.18612107142857137,0.20845559999999996,0.05,1,49.5,-112.0,0.469524,0.5043297540699689,-0.03480575406996894,-0.11125814285714286,0.0,0.0,1,49.5,-108.0,0.530476,0.4956702459300312,0.034805754069968775,0.021657481481481444,0.023390079999999955,0.023390079999999955
2026,2,3,401858232,2026-09-19,19:30,Virginia Tech Hokies,Maryland Terrapins,0,SECU Stadium,open_air,Artificial,DraftKings,3,53.5,0,0,1,2.5,120,259,2,2,0,0,23.4401,19.2584,6.6817,5.519,10.263,-2.244,1,1,68.655,0.417,0.583,,-2.856,2.856,-2.856,-3.0,0.36,0.28,0.2,0.16,0,0,0,0,0,0,0.0,0.0,0.0,1,224.8,0.0,0.2248,0.0,0.0,1.0,0.0,2,-1.3648,-1.2104,49.3957,53.5,0.75,0.25,1,1,22.5,2.8,,55.8,0.0,0.0,1,0.1436,52.4739,-2.58,52.62,25.02,27.6,0.427028,0.572972,0.512102,0.487898,0.47487,0.52513,14.0,14.0,1,1,cfb-inseason-v4-injury-reporter-2026-09-15,0.155975,0.137525,-0.136858,-0.049025,0.506187,0.491416,0.363106,0.369933,6.309202,6.292922,4.690447,4.408071,2.911998,2.884022,1.292595,1.501936,0.591209,0.581685,,0.400182,0.151805,0.113843,0.429694,0.371063,0,,DEFERRED_TO_FILTER,,,,,,,,0,,DEFERRED_TO_FILTER,,,,,,,,,0,,DEFERRED_TO_FILTER,53.5,,,,,,,,1,124.0,0.427028,0.4279403644395361,-0.000912364439536073,-0.04345727999999993,0.0,0.0,1,-148.0,0.572972,0.5720596355604638,0.0009123644395362396,-0.03988475675675668,0.0,0.0,1,3.0,-112.0,0.512102,0.5043297540699689,0.007772245930031008,-0.030664071428571582,0.0,0.0,1,-3.0,-108.0,0.487898,0.4956702459300312,-0.007772245930031174,-0.060344592592592616,0.0,0.0,1,53.5,-115.0,0.47487,0.5108342361863489,-0.03596423618634892,-0.11219956521739133,0.0,0.0,1,53.5,-105.0,0.52513,0.4891657638136511,0.035964236186348864,0.02525380952380951,0.026516499999999988,0.026516499999999988
2026,2,3,401856802,2026-09-19,19:30,West Virginia Mountaineers,Virginia Cavaliers,0,Scott Stadium,open_air,Grass,DraftKings,-10.5,53.5,1,1,1,2.5,258,277,2,2,0,0,19.8315,12.1886,10.1429,12.551,1.116,13.935,1,1,67.995,0.841,0.159,,14.198,-14.198,14.198,10.5,0.36,0.28,0.2,0.16,0,0,0,0,0,0,0.0,0.0,0.0,1,136.1,0.0,0.1361,0.0,0.0,1.0,0.0,2,-1.467,12.1443,44.9311,53.5,0.75,0.25,1,1,24.4,2.4,,56.3,0.0,0.0,1,0.3685,51.3578,10.68,51.73,31.2,20.52,0.777167,0.222833,0.50505,0.49495,0.449591,0.550409,14.0,14.0,1,1,cfb-inseason-v4-injury-reporter-2026-09-15,0.125371,0.117234,-0.136652,-0.001812,0.502812,0.458371,0.410109,0.441182,6.43571,6.520738,5.016901,5.743088,2.667035,2.53551,1.1882,1.423364,0.691209,0.591209,0.358515,0.358515,0.139402,0.110473,0.299634,0.406281,0,,DEFERRED_TO_FILTER,,,,,,,,0,,DEFERRED_TO_FILTER,,,,,,,,,0,,DEFERRED_TO_FILTER,53.5,,,,,,,,1,-395.0,0.777167,0.7659021045164341,0.011264895483565907,-0.02608186075949359,0.0,0.0,1,310.0,0.222833,0.23409789548356588,-0.011264895483565879,-0.08638469999999998,0.0,0.0,1,-10.5,-110.0,0.50505,0.5,0.005049999999999999,-0.035813636363636325,0.0,0.0,1,10.5,-110.0,0.49495,0.5,-0.005049999999999999,-0.0550954545454545,0.0,0.0,1,53.5,-110.0,0.449591,0.5,-0.05040899999999998,-0.14168990909090895,0.0,0.0,1,53.5,-110.0,0.550409,0.5,0.05040900000000004,0.050780818181818344,0.05585890000000017,0.05
2026,2,3,401856692,2026-09-19,19:45,Kennesaw State Owls,Tennessee Volunteers,0,Neyland Stadium,open_air,Grass,DraftKings,-35.5,59.5,0,0,1,2.5,2633,338,2,2,0,0,19.5998,8.5296,13.5702,17.864,-10.69,31.054,1,1,59.22,0.9775,0.0225,,32.154,-32.154,32.154,35.5,0.36,0.28,0.2,0.16,0,0,0,0,0,0,0.0,0.0,0.0,1,138.0,0.0,0.138,0.0,0.0,1.0,0.0,2,-1.4648,30.0772,46.1113,59.5,0.75,0.25,1,1,29.7,1.0,,55.6,0.0,0.0,1,1.1556,56.1528,28.61,57.31,42.96,14.35,0.97951,0.02049,0.311368,0.688632,0.437802,0.562198,14.0,14.0,1,1,cfb-inseason-v4-injury-reporter-2026-09-15,0.201888,0.078798,-0.089989,-0.020887,0.490209,0.475987,0.419332,0.411161,6.7892,6.13617,5.414144,5.878144,2.679855,2.179397,1.490912,1.669198,0.691209,0.607876,0.525182,0.650182,0.173305,0.164419,0.386079,0.332868,0,,DEFERRED_TO_FILTER,,,,,,,,0,,DEFERRED_TO_FILTER,,,,,,,,,0,,DEFERRED_TO_FILTER,59.5,,,,,,,,1,-100000.0,0.97951,0.9807503701851888,-0.0012403701851888549,-0.019510490000000116,0.0,0.0,1,5000.0,0.02049,0.01924962981481125,0.0012403701851887508,0.044989999999999974,0.0008997999999999995,0.0008997999999999995,1,-35.5,-112.0,0.311368,0.5043297540699689,-0.19296175406996896,-0.4106248571428572,0.0,0.0,1,35.5,-108.0,0.688632,0.4956702459300312,0.19296175406996885,0.32625422222222233,0.3523545600000001,0.05,1,59.5,-110.0,0.437802,0.5,-0.062197999999999976,-0.16419618181818174,0.0,0.0,1,59.5,-110.0,0.562198,0.5,0.062197999999999976,0.07328709090909091,0.0806158,0.05
2026,2,3,401860888,2026-09-19,20:00,Fresno State Bulldogs,San José State Spartans,0,CEFCU Stadium,open_air,Artificial,DraftKings,6.5,50.5,0,0,1,2.5,23,278,2,2,0,0,3.8622,-0.2741,6.6363,-11.261,-1.307,-7.454,1,1,38.451,0.2702,0.7298,,-8.47,8.47,-8.47,-6.5,0.36,0.28,0.2,0.16,0,0,0,0,0,0,0.0,0.0,0.0,1,121.5,0.0,0.1215,0.0,1.0,0.0,0.0,2,0.14,-5.0593,45.3211,50.5,0.75,0.25,1,1,24.9,3.5,,44.7,0.0,0.0,1,-0.2499,49.2053,-4.92,48.96,22.02,26.94,0.362653,0.637347,0.544949,0.455051,0.456073,0.543927,14.0,14.0,1,1,cfb-inseason-v4-injury-reporter-2026-09-15,0.111385,0.023637,0.03185,0.033648,0.470931,0.430665,0.47343,0.474664,6.068817,5.875497,5.63626,6.062602,2.065608,2.034022,1.946441,1.835864,0.566209,0.441209,0.684904,0.400182,0.12948,0.111448,0.29517,0.275726,0,,DEFERRED_TO_FILTER,,,,,,,,0,,DEFERRED_TO_FILTER,,,,,,,,,0,,DEFERRED_TO_FILTER,50.5,,,,,,,,1,205.0,0.362653,0.3146067415730337,0.048046258426966304,0.10609164999999998,0.0517520243902439,0.05,1,-250.0,0.637347,0.6853932584269663,-0.048046258426966304,-0.10771420000000004,0.0,0.0,1,6.5,-102.0,0.544949,0.4826358742837298,0.062313125716270235,0.0792127254901962,0.08079698000000012,0.05,1,-6.5,-118.0,0.455051,0.5173641257162701,-0.062313125716270124,-0.15931255932203392,0.0,0.0,1,50.5,-108.0,0.456073,0.4956702459300312,-0.039597245930031166,-0.12163718518518518,0.0,0.0,1,50.5,-112.0,0.543927,0.5043297540699689,0.03959724593003111,0.02957610714285719,0.033125240000000056,0.033125240000000056
2026,2,3,401860886,2026-09-19,20:00,Montana Grizzlies,Oregon State Beavers,0,Reser Stadium,open_air,Artificial,DraftKings,-17.5,52.5,0,0,1,2.5,204,,2,0,0,1,-2.4146,0.0,,-4.51,,,1,1,34.136,0.7879,0.2121,,11.185,-11.185,11.185,17.5,0.6429,0.0,0.3571,0.0,0,0,0,0,0,0,0.0,0.0,0.0,1,,0.0,,,,,0.0,0,0.0,15.2446,45.9014,52.5,0.75,0.25,1,1,24.3,2.7,,44.3,0.0,0.0,1,0.1998,50.8504,15.24,51.05,33.15,17.9,0.861902,0.138098,0.436009,0.563991,0.45876,0.54124,14.0,14.0,1,1,cfb-inseason-v4-injury-reporter-2026-09-15,0.068866,0.043562,0.115061,0.059706,0.425178,0.445725,0.455781,0.452248,6.057967,5.833618,6.021656,5.9479,1.679855,1.990023,2.224646,2.088329,0.649542,0.546362,0.500182,0.554121,0.12581,0.060775,0.286837,0.338365,0,,CURRENT_LINE_MISSING,,,,,,,,0,,DEFERRED_TO_FILTER,,,,,,,,,0,,DEFERRED_TO_FILTER,52.5,,,,,,,,0,,,,,,,,0,,,,,,,,1,-17.5,-108.0,0.436009,0.4956702459300312,-0.05966124593003119,-0.16027896296296296,0.0,0.0,1,17.5,-112.0,0.563991,0.5043297540699689,0.05966124593003108,0.06755439285714282,0.07566091999999996,0.05,1,52.5,-115.0,0.45876,0.5108342361863489,-0.05207423618634893,-0.14231826086956523,0.0,0.0,1,52.5,-105.0,0.54124,0.4891657638136511,0.05207423618634893,0.056706666666666794,0.059542000000000136,0.05
2026,2,3,401858458,2026-09-19,20:00,Purdue Boilermakers,UCLA Bruins,0,Rose Bowl,open_air,Grass,DraftKings,-14,53.5,0,0,1,2.5,26,2509,2,2,0,0,14.7979,5.4101,11.8878,7.036,-0.447,9.983,1,1,59.677,0.8002,0.1998,,11.829,-11.829,11.829,14.0,0.36,0.28,0.2,0.16,0,0,0,0,0,0,0.0,0.0,0.0,1,1761.4,0.0,1.7614,3.0,1.0,0.0,0.0,2,2.0302,12.1031,53.3743,53.5,0.75,0.25,1,1,27.1,2.3,,51.4,0.0,0.0,1,0.4247,53.4686,14.13,53.89,34.01,19.88,0.843637,0.156363,0.503797,0.496203,0.511206,0.488794,14.0,14.0,1,1,cfb-inseason-v4-injury-reporter-2026-09-15,0.118219,0.189857,-0.059938,0.190821,0.500097,0.51171,0.396695,0.453245,6.594459,6.094699,5.485423,6.20473,2.30165,2.876825,1.497323,2.606698,0.640614,0.584066,0.712682,0.550182,0.187147,0.170081,0.374337,0.400473,0,,DEFERRED_TO_FILTER,,,,,,,,0,,DEFERRED_TO_FILTER,,,,,,,,,0,,DEFERRED_TO_FILTER,53.5,,,,,,,,1,-625.0,0.843637,0.827123695976155,0.016513304023844988,-0.021381080000000108,0.0,0.0,1,455.0,0.156363,0.17287630402384502,-0.016513304023845016,-0.13218534999999998,0.0,0.0,1,-14.0,-115.0,0.503797,0.5108342361863489,-0.007037236186348883,-0.058118652173913044,0.0,0.0,1,14.0,-105.0,0.496203,0.4891657638136511,0.007037236186348883,-0.03122271428571438,0.0,0.0,1,53.5,-110.0,0.511206,0.5,0.01120600000000005,-0.024061272727272598,0.0,0.0,1,53.5,-110.0,0.488794,0.5,-0.011205999999999994,-0.06684781818181817,0.0,0.0
2026,2,3,401860885,2026-09-19,20:00,South Dakota Coyotes,Boise State Broncos,0,Albertsons Stadium,open_air,Artificial,DraftKings,-23.5,54.5,0,0,1,2.5,68,,2,0,0,1,0.1783,0.0,,8.182,,,1,1,47.273,0.9403,0.0597,,23.503,-23.503,23.503,23.5,0.6429,0.0,0.3571,0.0,0,0,0,0,0,0,0.0,0.0,0.0,1,,0.0,,,,,0.0,0,0.0,23.5011,46.4514,54.5,0.75,0.25,1,1,21.8,2.8,,47.6,0.0,0.0,1,0.1436,52.4878,23.5,52.63,38.07,14.57,0.95339,0.04661,0.500031,0.499969,0.446912,0.553088,14.0,14.0,1,1,cfb-inseason-v4-injury-reporter-2026-09-15,0.097559,0.043562,0.116568,0.059706,0.463117,0.445725,0.445513,0.452248,5.965456,5.833618,7.445538,5.9479,2.046842,1.990023,1.953309,2.088329,0.587042,0.546362,0.400182,0.554121,0.133657,0.060775,0.326122,0.338365,0,,CURRENT_LINE_MISSING,,,,,,,,0,,DEFERRED_TO_FILTER,,,,,,,,,0,,DEFERRED_TO_FILTER,54.5,,,,,,,,0,,,,,,,,0,,,,,,,,1,-23.5,-110.0,0.500031,0.5,3.100000000000325e-05,-0.045395363636363595,0.0,0.0,1,23.5,-110.0,0.499969,0.5,-3.100000000000325e-05,-0.045513727272727234,0.0,0.0,1,54.5,-108.0,0.446912,0.4956702459300312,-0.0487582459300312,-0.13928059259259257,0.0,0.0,1,54.5,-112.0,0.553088,0.5043297540699689,0.048758245930031086,0.04691657142857142,0.05254655999999999,0.05
