season,season_type,week,game_id,game_date,game_time,away_team,home_team,neutral_site,stadium,roof,surface,bookmaker,home_spread,total,neutral_site_original,neutral_site_corrected,home_stadium_match,home_field_points,home_team_id,away_team_id,home_prior_team_weeks,away_prior_team_weeks,home_prior_fallback,away_prior_fallback,home_prior_rating,away_prior_rating,prior_home_margin,home_fpi,away_fpi,fpi_home_margin,espn_prediction_match_valid,espn_margin_consistent,espn_matchup_quality,espn_home_prob,espn_away_prob,espn_tie_prob,espn_home_ptdiff,espn_away_ptdiff,espn_home_margin,market_home_margin,margin_weight_market,margin_weight_fpi,margin_weight_espn,margin_weight_prior,home_out_count,home_doubtful_count,home_questionable_count,away_out_count,away_doubtful_count,away_questionable_count,home_injury_penalty,away_injury_penalty,injury_margin_adjustment,travel_data_available,away_miles_traveled,home_miles_traveled,travel_net_miles_1000,travel_net_time_zones,travel_net_east_to_west,travel_net_west_to_east,travel_international,travel_features_used,travel_margin_adjustment,predicted_margin_before_travel,prior_total,market_total,total_weight_market,total_weight_prior,weather_data_available,weather_exposed,weather_temperature_c,weather_wind_speed_ms,weather_wind_gust_ms,weather_humidity_pct,weather_rain_flag,weather_snow_flag,weather_features_used,weather_total_adjustment,predicted_total_before_weather,predicted_margin,predicted_total,predicted_home_score,predicted_away_score,home_win_probability,away_win_probability,home_cover_probability,away_cover_probability,over_probability,under_probability,probability_margin_sd,probability_total_sd,spread_probability_line_available,total_probability_line_available,projection_version,home_prior_off_epa_per_play,away_prior_off_epa_per_play,home_prior_def_epa_per_play,away_prior_def_epa_per_play,home_prior_off_success_rate,away_prior_off_success_rate,home_prior_def_success_rate,away_prior_def_success_rate,home_prior_yards_per_play,away_prior_yards_per_play,home_prior_yards_per_play_allowed,away_prior_yards_per_play_allowed,home_prior_points_per_drive,away_prior_points_per_drive,home_prior_points_per_drive_allowed,away_prior_points_per_drive_allowed,home_prior_red_zone_td_rate,away_prior_red_zone_td_rate,home_prior_red_zone_td_rate_allowed,away_prior_red_zone_td_rate_allowed,home_prior_early_down_epa,away_prior_early_down_epa,home_prior_third_down_conversion_rate,away_prior_third_down_conversion_rate,ml_selected,ml_selection,ml_selection_reason,ml_odds_american,ml_model_probability,ml_implied_probability,ml_edge,ml_ev,ml_full_kelly,ml_kelly,spread_selected,spread_selection,spread_selection_reason,spread_line,spread_odds_american,spread_model_probability,spread_implied_probability,spread_edge,spread_ev,spread_full_kelly,spread_kelly,total_selected,total_selection,total_selection_reason,total_line,total_odds_american,total_model_probability,total_implied_probability,total_edge,total_ev,total_full_kelly,total_kelly,ml_home_available,ml_home_odds_american,ml_home_model_probability,ml_home_implied_probability,ml_home_edge,ml_home_ev,ml_home_full_kelly,ml_home_kelly,ml_away_available,ml_away_odds_american,ml_away_model_probability,ml_away_implied_probability,ml_away_edge,ml_away_ev,ml_away_full_kelly,ml_away_kelly,spread_home_available,spread_home_line,spread_home_odds_american,spread_home_model_probability,spread_home_implied_probability,spread_home_edge,spread_home_ev,spread_home_full_kelly,spread_home_kelly,spread_away_available,spread_away_line,spread_away_odds_american,spread_away_model_probability,spread_away_implied_probability,spread_away_edge,spread_away_ev,spread_away_full_kelly,spread_away_kelly,total_over_available,total_over_line,total_over_odds_american,total_over_model_probability,total_over_implied_probability,total_over_edge,total_over_ev,total_over_full_kelly,total_over_kelly,total_under_available,total_under_line,total_under_odds_american,total_under_model_probability,total_under_implied_probability,total_under_edge,total_under_ev,total_under_full_kelly,total_under_kelly
2026,2,2,401858213,2026-09-10,20:00,Florida A&M Rattlers,Miami Hurricanes,0,Hard Rock Stadium,open_air,Artificial,Draft Kings,-59.5,65.5,0,0,1,2.5,2390,,1,0,0,1,15.8032,0.0,,25.446,,,1,1,49.975,0.9996,0.0004,,66.548,-66.548,66.548,59.5,0.6429,0.0,0.3571,0.0,0,0,0,0,0,0,0.0,0.0,0.0,1,,0.0,,,,,0.0,0,0.0,62.0171,45.5558,65.5,0.75,0.25,1,1,27.4,2.8,,84.6,0.0,0.0,1,0.1436,60.5139,62.02,64.02,63.02,1.0,0.999995,5e-06,0.571344,0.428656,0.457824,0.542176,14.0,14.0,1,1,cfb-inseason-v3-game-lock-2026-08-30,0.162625,0.062534,-0.013534,0.069599,0.485508,0.45134,0.411623,0.453373,6.442392,5.809743,5.33282,5.835168,2.35331,2.029965,1.470334,2.069137,0.711835,0.567753,0.380017,0.570025,0.128473,0.069746,0.44276,0.345958,0,,CURRENT_LINE_MISSING,,,,,,,,0,,DEFERRED_TO_FILTER,,,,,,,,,0,,DEFERRED_TO_FILTER,65.5,,,,,,,,0,,,,,,,,0,,,,,,,,1,-59.5,-105.0,0.571344,0.4891657638136511,0.08217823618634884,0.11548114285714273,0.12125519999999987,0.05,1,59.5,-115.0,0.428656,0.5108342361863489,-0.08217823618634895,-0.19859965217391318,0.0,0.0,1,65.5,-118.0,0.457824,0.5173641257162701,-0.0595401257162701,-0.15418955932203388,0.0,0.0,1,65.5,-102.0,0.542176,0.4826358742837298,0.05954012571627021,0.07372109803921567,0.07519551999999997,0.05
2026,2,2,401856678,2026-09-11,19:00,Missouri Tigers,Kansas Jayhawks,0,Memorial Stadium,open_air,Artificial,Draft Kings,5.5,51.5,0,0,1,2.5,2305,142,1,1,0,0,20.624,9.7696,13.3544,4.008,10.188,-3.68,1,1,66.879,0.3676,0.6323,,-4.625,4.625,-4.625,-5.5,0.36,0.28,0.2,0.16,0,0,0,0,0,0,0.0,0.0,0.0,1,156.5,0.0,0.1565,0.0,1.0,0.0,0.0,2,0.1804,-1.7987,52.8621,51.5,0.75,0.25,1,1,25.8,2.5,,69.4,0.0,0.0,1,0.3123,51.8405,-1.62,52.15,25.27,26.89,0.453987,0.546013,0.609211,0.390789,0.518595,0.481405,14.0,14.0,1,1,cfb-inseason-v3-game-lock-2026-08-30,0.201574,0.140823,-0.039714,0.076578,0.48949,0.48756,0.402877,0.432967,6.561758,6.322051,4.864955,5.458739,2.898765,2.968695,1.522282,1.803667,0.670169,0.645169,0.380017,0.71335,0.181828,0.092252,0.410126,0.363972,0,,DEFERRED_TO_FILTER,,,,,,,,0,,DEFERRED_TO_FILTER,,,,,,,,,0,,DEFERRED_TO_FILTER,51.5,,,,,,,,1,180.0,0.453987,0.3425247738043946,0.11146222619560536,0.27116359999999984,0.15064644444444436,0.05,1,-218.0,0.546013,0.6574752261956053,-0.11146222619560531,-0.2035223211009175,0.0,0.0,1,5.5,-115.0,0.609211,0.5108342361863489,0.09837676381365101,0.1389596956521737,0.15980364999999977,0.05,1,-5.5,-105.0,0.390789,0.4891657638136511,-0.09837676381365112,-0.237031,0.0,0.0,1,51.5,-105.0,0.518595,0.4891657638136511,0.029429236186348906,0.012495000000000034,0.013119750000000036,0.013119750000000036,1,51.5,-115.0,0.481405,0.5108342361863489,-0.029429236186348906,-0.09998195652173908,0.0,0.0
2026,2,2,401858220,2026-09-11,19:00,Norfolk State Spartans,Virginia Cavaliers,0,Scott Stadium,open_air,Grass,Draft Kings,-45.5,55.5,0,0,1,2.5,258,,1,0,0,1,10.6193,0.0,,10.993,,,1,1,41.653,0.9976,0.0024,,51.321,-51.321,51.321,45.5,0.6429,0.0,0.3571,0.0,0,0,0,0,0,0,0.0,0.0,0.0,1,148.2,0.0,0.1482,0.0,1.0,0.0,0.0,2,0.1708,47.5789,45.1173,55.5,0.75,0.25,1,1,24.1,2.2,,94.7,1.0,0.0,1,0.4809,52.9043,47.75,53.39,50.57,2.82,0.999676,0.000324,0.563834,0.436166,0.439967,0.560033,14.0,14.0,1,1,cfb-inseason-v3-game-lock-2026-08-30,0.096495,0.062534,-0.05334,0.069599,0.472462,0.45134,0.426432,0.453373,5.922181,5.809743,4.988151,5.835168,2.225105,2.029965,1.522282,2.069137,0.711835,0.567753,0.491128,0.570025,0.131528,0.069746,0.278258,0.345958,0,,CURRENT_LINE_MISSING,,,,,,,,0,,DEFERRED_TO_FILTER,,,,,,,,,0,,DEFERRED_TO_FILTER,55.5,,,,,,,,0,,,,,,,,0,,,,,,,,1,-45.5,-112.0,0.563834,0.5043297540699689,0.05950424593003101,0.06725721428571418,0.0753280799999999,0.05,1,45.5,-108.0,0.436166,0.4956702459300312,-0.059504245930031174,-0.1599765925925925,0.0,0.0,1,55.5,-112.0,0.439967,0.5043297540699689,-0.06436275406996894,-0.16720532142857147,0.0,0.0,1,55.5,-108.0,0.560033,0.4956702459300312,0.06436275406996883,0.07858207407407414,0.08486864000000006,0.05
2026,2,2,401858222,2026-09-11,19:00,Richmond Spiders,NC State Wolfpack,0,Carter-Finley Stadium,open_air,Grass,Draft Kings,-33.5,51.5,0,0,1,2.5,152,,1,0,0,1,-12.1146,0.0,,-1.157,,,1,1,28.721,0.96,0.0398,,27.101,-27.101,27.101,33.5,0.6429,0.0,0.3571,0.0,0,0,0,0,0,0,0.0,0.0,0.0,1,,0.0,,,,,0.0,0,0.0,31.2146,45.1173,51.5,0.75,0.25,1,1,27.0,5.2,,69.8,0.0,0.0,1,-1.2057,49.9043,31.21,48.7,39.96,8.74,0.987114,0.012886,0.435165,0.564835,0.420703,0.579297,14.0,14.0,1,1,cfb-inseason-v3-game-lock-2026-08-30,-0.05805,0.062534,0.101205,0.069599,0.425076,0.45134,0.473817,0.453373,4.971201,5.809743,5.939131,5.835168,1.496167,2.029965,2.251219,2.069137,0.489613,0.567753,0.71335,0.570025,-0.078987,0.069746,0.333203,0.345958,0,,DEFERRED_TO_FILTER,,,,,,,,0,,DEFERRED_TO_FILTER,,,,,,,,,0,,DEFERRED_TO_FILTER,51.5,,,,,,,,1,-6500.0,0.987114,0.9538784067085954,0.033235593291404686,0.002300369230769225,0.14952400000000016,0.05,1,2000.0,0.012886,0.046121593291404604,-0.0332355932914046,-0.7293940000000001,0.0,0.0,1,-33.5,-108.0,0.435165,0.4956702459300312,-0.06050524593003115,-0.16190444444444435,0.0,0.0,1,33.5,-112.0,0.564835,0.5043297540699689,0.06050524593003104,0.06915196428571424,0.07745019999999996,0.05,1,51.5,-105.0,0.420703,0.4891657638136511,-0.06846276381365113,-0.17862747619047614,0.0,0.0,1,51.5,-115.0,0.579297,0.5108342361863489,0.06846276381365102,0.08303352173913026,0.09548854999999981,0.05
2026,2,2,401858215,2026-09-11,19:00,Villanova Wildcats,Louisville Cardinals,0,L&N Federal Credit Union Stadium,open_air,Artificial,Draft Kings,-37.5,56.5,0,0,1,2.5,97,,1,0,0,1,1.8239,0.0,,10.805,,,1,1,42.51,0.9832,0.0168,,34.682,-34.682,34.682,37.5,0.6429,0.0,0.3571,0.0,0,0,0,0,0,0,0.0,0.0,0.0,1,,0.0,,,,,0.0,0,0.0,36.4936,47.8864,56.5,0.75,0.25,1,1,25.9,1.7,,80.8,1.0,0.0,1,0.762,54.3466,36.49,55.11,45.8,9.31,0.995429,0.004571,0.471346,0.528654,0.460417,0.539583,14.0,14.0,1,1,cfb-inseason-v3-game-lock-2026-08-30,0.122448,0.062534,0.066219,0.069599,0.455122,0.45134,0.447548,0.453373,5.912963,5.809743,5.975582,5.835168,2.045618,2.029965,2.183346,2.069137,0.545169,0.567753,0.71335,0.570025,0.1652,0.069746,0.355638,0.345958,0,,CURRENT_LINE_MISSING,,,,,,,,0,,DEFERRED_TO_FILTER,,,,,,,,,0,,DEFERRED_TO_FILTER,56.5,,,,,,,,0,,,,,,,,0,,,,,,,,1,-37.5,-112.0,0.471346,0.5043297540699689,-0.03298375406996895,-0.10780935714285717,0.0,0.0,1,37.5,-108.0,0.528654,0.4956702459300312,0.032983754069968785,0.01814844444444441,0.019600319999999963,0.019600319999999963,1,56.5,-108.0,0.460417,0.4956702459300312,-0.03525324593003115,-0.1132709629629628,0.0,0.0,1,56.5,-112.0,0.539583,0.5043297540699689,0.035253245930031096,0.02135353571428572,0.02391596000000001,0.02391596000000001
2026,2,2,401858214,2026-09-11,19:30,Rutgers Scarlet Knights,Boston College Eagles,0,"Alumni Stadium (Chestnut Hill, MA)",open_air,Artificial,Draft Kings,-3,53.5,0,0,1,2.5,103,164,1,1,0,0,-5.5333,-8.164,5.1306,-4.574,-6.908,4.834,1,1,39.774,0.622,0.378,,4.245,-4.245,4.245,3.0,0.36,0.28,0.2,0.16,0,0,0,0,0,0,0.0,0.0,0.0,1,210.9,0.0,0.2109,0.0,0.0,1.0,0.0,2,-1.3808,4.1034,46.9809,53.5,0.75,0.25,1,1,21.4,2.6,,42.9,0.0,0.0,1,0.256,51.8702,2.72,52.13,27.42,24.7,0.577097,0.422903,0.492096,0.507904,0.460917,0.539083,14.0,14.0,1,1,cfb-inseason-v3-game-lock-2026-08-30,0.010011,0.00275,0.09867,0.114647,0.445821,0.435302,0.451674,0.468915,5.641278,5.808646,5.849882,6.153553,1.737925,1.85331,2.251219,2.328142,0.489613,0.545169,0.630017,0.546683,0.052666,-0.058558,0.313972,0.260941,0,,DEFERRED_TO_FILTER,,,,,,,,0,,DEFERRED_TO_FILTER,,,,,,,,,0,,DEFERRED_TO_FILTER,53.5,,,,,,,,1,-162.0,0.577097,0.593369754159424,-0.016272754159423974,-0.0666702839506173,0.0,0.0,1,136.0,0.422903,0.4066302458405761,0.016272754159423863,-0.0019489199999999096,0.0,0.0,1,-3.0,-112.0,0.492096,0.5043297540699689,-0.01223375406996896,-0.0685325714285715,0.0,0.0,1,3.0,-108.0,0.507904,0.4956702459300312,0.01223375406996885,-0.0218145185185184,0.0,0.0,1,53.5,-110.0,0.460917,0.5,-0.03908299999999998,-0.1200675454545454,0.0,0.0,1,53.5,-110.0,0.539083,0.5,0.03908299999999998,0.02915845454545457,0.03207430000000003,0.03207430000000003
2026,2,2,401856683,2026-09-12,11:00,Arizona State Sun Devils,Texas A&M Aggies,0,Kyle Field,open_air,Grass,Draft Kings,-14.5,50.5,0,0,1,2.5,245,9,1,1,0,0,19.3399,16.8516,4.9882,21.266,7.514,16.252,1,1,80.542,0.8859,0.1141,,17.47,-17.47,17.47,14.5,0.36,0.28,0.2,0.16,0,0,0,0,0,0,0.0,0.0,0.0,1,933.0,0.0,0.933,2.0,0.0,1.0,0.0,2,-0.5485,14.0627,47.7181,50.5,0.75,0.25,1,1,32.5,4.3,,56.5,0.0,0.0,1,-0.6997,49.8045,13.51,49.1,31.31,17.8,0.832802,0.167198,0.47193,0.52807,0.46031,0.53969,14.0,14.0,1,1,cfb-inseason-v3-game-lock-2026-08-30,0.1282,0.218471,-0.132161,0.004593,0.491369,0.498076,0.353531,0.4315,5.766019,7.070345,4.531137,5.196234,2.507156,2.85331,1.379425,1.558912,0.586835,0.578502,,0.71335,0.122076,0.173733,0.410126,0.363972,0,,DEFERRED_TO_FILTER,,,,,,,,0,,DEFERRED_TO_FILTER,,,,,,,,,0,,DEFERRED_TO_FILTER,50.5,,,,,,,,1,-700.0,0.832802,0.84,-0.007197999999999927,-0.04822628571428572,0.0,0.0,1,500.0,0.167198,0.15999999999999998,0.007198000000000038,0.0031879999999999686,0.0006375999999999937,0.0006375999999999937,1,-14.5,-108.0,0.47193,0.4956702459300312,-0.023740245930031156,-0.09109777777777772,0.0,0.0,1,14.5,-112.0,0.52807,0.5043297540699689,0.0237402459300311,-0.0004389285714285207,0.0,0.0,1,50.5,-112.0,0.46031,0.5043297540699689,-0.04401975406996894,-0.12869892857142862,0.0,0.0,1,50.5,-108.0,0.53969,0.4956702459300312,0.04401975406996883,0.03940296296296303,0.042555200000000064,0.042555200000000064
2026,2,2,401856782,2026-09-12,11:00,Oregon Ducks,Oklahoma State Cowboys,0,Boone Pickens Stadium,open_air,Artificial,Draft Kings,23.5,55.5,0,0,1,2.5,197,2483,1,1,0,0,-6.2227,6.6659,-10.3886,-1.592,22.686,-21.778,1,1,75.639,0.0704,0.9296,,-21.994,21.994,-21.994,-23.5,0.36,0.28,0.2,0.16,0,0,0,0,0,0,0.0,0.0,0.0,1,1471.9,0.0,1.4719,2.0,0.0,1.0,0.0,2,0.0726,-20.6188,44.5009,55.5,0.75,0.25,1,1,24.4,7.7,,96.1,1.0,0.0,1,-2.6111,52.7502,-20.55,50.14,14.8,35.34,0.071108,0.928892,0.58355,0.41645,0.350888,0.649112,14.0,14.0,1,1,cfb-inseason-v3-game-lock-2026-08-30,-0.033535,0.119155,0.076266,0.053575,0.436552,0.454332,0.433201,0.44071,5.299518,6.55041,6.050826,5.310625,1.591405,2.234262,1.950853,1.962758,0.445169,0.545169,0.546683,0.546683,-0.003032,0.184364,0.334805,0.34175,0,,DEFERRED_TO_FILTER,,,,,,,,0,,DEFERRED_TO_FILTER,,,,,,,,,0,,DEFERRED_TO_FILTER,55.5,,,,,,,,1,1100.0,0.071108,0.08029197080291971,-0.009183970802919703,-0.14670399999999995,0.0,0.0,1,-2100.0,0.928892,0.9197080291970803,0.009183970802919772,-0.026875047619047514,0.0,0.0,1,23.5,-112.0,0.58355,0.5043297540699689,0.07922024593003107,0.10457678571428575,0.11712600000000005,0.05,1,-23.5,-108.0,0.41645,0.4956702459300312,-0.07922024593003119,-0.19794814814814815,0.0,0.0,1,55.5,-105.0,0.350888,0.4891657638136511,-0.13827776381365114,-0.3149329523809524,0.0,0.0,1,55.5,-115.0,0.649112,0.5108342361863489,0.1382777638136511,0.2135572173913043,0.24559079999999997,0.05
2026,2,2,401856781,2026-09-12,11:00,Washington State Cougars,Kansas State Wildcats,0,Bill Snyder Family Stadium,open_air,Artificial,Draft Kings,-17.5,49.5,0,0,1,2.5,2306,265,1,1,0,0,22.3,-8.8184,33.6184,8.776,-4.351,15.627,1,1,57.398,0.8832,0.1168,,17.247,-17.247,17.247,17.5,0.36,0.28,0.2,0.16,0,0,0,0,0,0,0.0,0.0,0.0,1,1158.0,0.0,1.158,2.0,0.0,1.0,0.0,2,-0.2892,19.5039,46.9669,49.5,0.75,0.25,1,1,25.9,1.7,,78.6,0.0,0.0,1,0.762,48.8667,19.21,49.63,34.42,15.21,0.915043,0.084957,0.54874,0.45126,0.503669,0.496331,14.0,14.0,1,1,cfb-inseason-v3-game-lock-2026-08-30,0.178205,-0.04794,-0.03876,0.0698,0.507466,0.419941,0.411444,0.468915,6.497575,5.402924,4.821146,6.040649,3.131088,1.591405,1.450853,1.994809,0.664216,0.545169,0.380017,0.546683,0.149696,0.021071,0.503366,0.230638,0,,DEFERRED_TO_FILTER,,,,,,,,0,,DEFERRED_TO_FILTER,,,,,,,,,0,,DEFERRED_TO_FILTER,49.5,,,,,,,,1,-950.0,0.915043,0.8677165354330708,0.04732646456692924,0.011363315789473638,0.10795149999999969,0.05,1,625.0,0.084957,0.1322834645669291,-0.0473264645669291,-0.38406175,0.0,0.0,1,-17.5,-108.0,0.54874,0.4956702459300312,0.05306975406996883,0.05683259259259266,0.061379200000000064,0.05,1,17.5,-112.0,0.45126,0.5043297540699689,-0.053069754069968944,-0.14582928571428577,0.0,0.0,1,49.5,-105.0,0.503669,0.4891657638136511,0.014503236186348911,-0.016646238095238075,0.0,0.0,1,49.5,-115.0,0.496331,0.5108342361863489,-0.014503236186348911,-0.07207682608695648,0.0,0.0
2026,2,2,401864571,2026-09-12,12:00,App State Mountaineers,East Carolina Pirates,0,Dowdy-Ficklen Stadium,open_air,Grass,Draft Kings,-6.5,56.5,0,0,1,2.5,151,2026,1,1,0,0,-12.3635,22.525,-32.3885,-3.182,-5.247,4.565,1,1,43.167,0.6248,0.3751,,4.347,-4.347,4.347,6.5,0.36,0.28,0.2,0.16,0,0,0,0,0,0,0.0,0.0,0.0,1,245.5,0.0,0.2455,0.0,0.0,1.0,0.0,2,-1.3409,-0.6946,49.054,56.5,0.75,0.25,1,1,29.4,2.1,,71.3,0.0,0.0,1,0.5371,54.6385,-2.04,55.18,26.57,28.61,0.4422,0.5578,0.271037,0.728963,0.462317,0.537683,14.0,14.0,1,1,cfb-inseason-v3-game-lock-2026-08-30,-0.068155,0.278351,0.095655,-0.032381,0.414714,0.532375,0.483683,0.415243,5.409747,6.868532,5.906989,5.353389,1.631088,3.019977,2.409728,1.470334,0.545169,0.600724,0.657794,0.380017,0.008665,0.284844,0.230638,0.278258,0,,DEFERRED_TO_FILTER,,,,,,,,0,,DEFERRED_TO_FILTER,,,,,,,,,0,,DEFERRED_TO_FILTER,56.5,,,,,,,,1,-265.0,0.4422,0.6957699520733487,-0.2535699520733487,-0.3909320754716982,0.0,0.0,1,215.0,0.5578,0.30423004792665137,0.2535699520733486,0.7570699999999998,0.3521255813953488,0.05,1,-6.5,-112.0,0.271037,0.5043297540699689,-0.23329275406996897,-0.48696567857142864,0.0,0.0,1,6.5,-108.0,0.728963,0.4956702459300312,0.23329275406996886,0.4039287407407409,0.43624304000000014,0.05,1,56.5,-112.0,0.462317,0.5043297540699689,-0.04201275406996896,-0.12489996428571437,0.0,0.0,1,56.5,-108.0,0.537683,0.4956702459300312,0.04201275406996885,0.03553762962962975,0.038380640000000125,0.038380640000000125
2026,2,2,401858218,2026-09-12,12:00,East Tennessee State Buccaneers,North Carolina Tar Heels,0,Kenan Stadium,open_air,Artificial,Draft Kings,-35.5,54.5,0,0,1,2.5,153,,1,0,0,1,2.6986,0.0,,6.259,,,1,1,36.179,0.9854,0.0146,,35.913,-35.913,35.913,35.5,0.6429,0.0,0.3571,0.0,0,0,0,0,0,0,0.0,0.0,0.0,1,,0.0,,,,,0.0,0,0.0,35.6475,43.1019,54.5,0.75,0.25,1,1,29.6,2.3,,66.4,0.0,0.0,1,0.4247,51.6505,35.65,52.08,43.86,8.21,0.994556,0.005444,0.504203,0.495797,0.431246,0.568754,14.0,14.0,1,1,cfb-inseason-v3-game-lock-2026-08-30,0.025179,0.062534,0.009309,0.069599,0.461607,0.45134,0.424314,0.453373,5.825543,5.809743,5.209361,5.835168,1.714421,2.029965,1.682455,2.069137,0.461835,0.567753,0.446683,0.570025,0.039103,0.069746,0.321548,0.345958,0,,CURRENT_LINE_MISSING,,,,,,,,0,,DEFERRED_TO_FILTER,,,,,,,,,0,,DEFERRED_TO_FILTER,54.5,,,,,,,,0,,,,,,,,0,,,,,,,,1,-35.5,-110.0,0.504203,0.5,0.004202999999999957,-0.037430636363636416,0.0,0.0,1,35.5,-110.0,0.495797,0.5,-0.004203000000000012,-0.05347845454545447,0.0,0.0,1,54.5,-112.0,0.431246,0.5043297540699689,-0.07308375406996892,-0.18371292857142857,0.0,0.0,1,54.5,-108.0,0.568754,0.4956702459300312,0.07308375406996881,0.09537807407407406,0.10300831999999997,0.05
2026,2,2,401868187,2026-09-12,12:00,Gardner-Webb Runnin' Bulldogs,Liberty Flames,0,Williams Stadium (VA),open_air,Artificial,Draft Kings,-27.5,55.5,0,0,1,2.5,2335,,1,0,0,1,-0.4067,0.0,,-7.622,,,1,1,22.954,0.9254,0.0746,,21.464,-21.464,21.464,27.5,0.6429,0.0,0.3571,0.0,0,0,0,0,0,0,0.0,0.0,0.0,1,,0.0,,,,,0.0,0,0.0,25.3443,45.8346,55.5,0.75,0.25,1,1,25.7,1.9,,79.1,0.0,0.0,1,0.6496,53.0836,25.34,53.73,39.54,14.19,0.964876,0.035124,0.438813,0.561187,0.449788,0.550212,14.0,14.0,1,1,cfb-inseason-v3-game-lock-2026-08-30,0.048672,0.062534,0.068966,0.069599,0.452408,0.45134,0.424697,0.453373,5.494374,5.809743,5.869704,5.835168,1.886643,2.029965,1.985485,2.069137,0.378502,0.567753,0.546683,0.570025,0.086743,0.069746,0.376472,0.345958,0,,DEFERRED_TO_FILTER,,,,,,,,0,,DEFERRED_TO_FILTER,,,,,,,,,0,,DEFERRED_TO_FILTER,55.5,,,,,,,,1,-5000.0,0.964876,0.949050949050949,0.015825050949050956,-0.015826480000000028,0.0,0.0,1,1800.0,0.035124,0.050949050949050945,-0.015825050949050942,-0.33264399999999994,0.0,0.0,1,-27.5,-108.0,0.438813,0.4956702459300312,-0.056857245930031164,-0.1548786666666666,0.0,0.0,1,27.5,-112.0,0.561187,0.5043297540699689,0.05685724593003105,0.06224682142857141,0.06971643999999998,0.05,1,55.5,-105.0,0.449788,0.4891657638136511,-0.0393777638136511,-0.12184247619047611,0.0,0.0,1,55.5,-115.0,0.550212,0.5108342361863489,0.0393777638136511,0.028657217391304335,0.03295579999999999,0.03295579999999999
2026,2,2,401858439,2026-09-12,12:00,Howard Bison,Indiana Hoosiers,0,"Memorial Stadium (Bloomington, IN)",open_air,Artificial,Draft Kings,-56.5,64.5,0,0,1,2.5,84,,1,0,0,1,10.1119,0.0,,24.288,,,1,1,49.944,0.9992,0.0006,,62.178,-62.178,62.178,56.5,0.6429,0.0,0.3571,0.0,0,0,0,0,0,0,0.0,0.0,0.0,1,,0.0,,,,,0.0,0,0.0,58.5279,50.7026,64.5,0.75,0.25,1,1,24.7,2.5,,80.9,0.0,0.0,1,0.3123,61.0507,58.53,61.36,59.95,1.42,0.999985,1.5e-05,0.557584,0.442416,0.411349,0.588651,14.0,14.0,1,1,cfb-inseason-v3-game-lock-2026-08-30,0.18013,0.062534,0.089036,0.069599,0.474806,0.45134,0.446527,0.453373,6.518089,5.809743,5.870211,5.835168,2.929068,2.029965,1.789681,2.069137,0.65628,0.567753,0.491128,0.570025,0.121429,0.069746,0.34175,0.345958,0,,CURRENT_LINE_MISSING,,,,,,,,0,,DEFERRED_TO_FILTER,,,,,,,,,0,,DEFERRED_TO_FILTER,64.5,,,,,,,,0,,,,,,,,0,,,,,,,,1,-56.5,-110.0,0.557584,0.5,0.05758399999999997,0.06447854545454546,0.0709264,0.05,1,56.5,-110.0,0.442416,0.5,-0.057584000000000024,-0.15538763636363645,0.0,0.0,1,64.5,-110.0,0.411349,0.5,-0.08865099999999998,-0.2146973636363636,0.0,0.0,1,64.5,-110.0,0.588651,0.5,0.08865100000000004,0.12378827272727289,0.13616710000000015,0.05
2026,2,2,401856679,2026-09-12,12:00,Oklahoma Sooners,Michigan Wolverines,0,Michigan Stadium,open_air,Artificial,Draft Kings,5.5,43.5,0,0,1,2.5,130,201,1,1,0,0,8.6515,14.1421,-2.9906,11.793,19.222,-4.929,1,1,87.93,0.3553,0.6447,,-5.08,5.08,-5.08,-5.5,0.36,0.28,0.2,0.16,0,0,0,0,0,0,0.0,0.0,0.0,1,883.0,0.0,0.883,1.0,0.0,1.0,0.0,2,-0.6062,-4.8546,42.2998,43.5,0.75,0.25,1,1,22.9,3.4,,79.7,1.0,0.0,1,-0.1937,43.2,-5.46,43.01,18.77,24.23,0.348248,0.651752,0.501117,0.498883,0.485933,0.514067,14.0,14.0,1,1,cfb-inseason-v3-game-lock-2026-08-30,0.089996,0.110943,-0.064201,-0.081415,0.46756,0.464735,0.433562,0.421296,5.824551,6.206495,4.632536,5.146064,1.714421,2.575532,1.687117,1.379425,0.711835,0.511835,0.380017,0.380017,0.078835,0.104431,0.297305,0.351851,0,,DEFERRED_TO_FILTER,,,,,,,,0,,DEFERRED_TO_FILTER,,,,,,,,,0,,DEFERRED_TO_FILTER,43.5,,,,,,,,1,170.0,0.348248,0.35527082119976705,-0.007022821199767049,-0.05973039999999996,0.0,0.0,1,-205.0,0.651752,0.644729178800233,0.007022821199767049,-0.03032019512195122,0.0,0.0,1,5.5,-115.0,0.501117,0.5108342361863489,-0.009717236186348899,-0.06312908695652175,0.0,0.0,1,-5.5,-105.0,0.498883,0.4891657638136511,0.009717236186348899,-0.025990333333333393,0.0,0.0,1,43.5,-110.0,0.485933,0.5,-0.014066999999999996,-0.07230972727272728,0.0,0.0,1,43.5,-110.0,0.514067,0.5,0.014067000000000052,-0.018599363636363497,0.0,0.0
2026,2,2,401858221,2026-09-12,12:00,Old Dominion Monarchs,Virginia Tech Hokies,0,Lane Stadium,open_air,Grass,Draft Kings,-18.5,48.5,0,0,1,2.5,259,295,1,1,0,0,19.9856,7.443,15.0427,9.357,-6.075,17.932,1,1,55.936,0.8967,0.1033,,18.417,-18.417,18.417,18.5,0.36,0.28,0.2,0.16,0,0,0,0,0,0,0.0,0.0,0.0,1,227.9,0.0,0.22790000000000002,0.0,1.0,0.0,0.0,2,0.2627,17.7712,50.0945,48.5,0.75,0.25,1,1,26.3,3.7,,65.1,0.0,0.0,1,-0.3624,48.8986,18.03,48.54,33.29,15.25,0.90115,0.09885,0.486719,0.513281,0.501033,0.498967,14.0,14.0,1,1,cfb-inseason-v3-game-lock-2026-08-30,0.174125,0.011921,0.027185,-0.023037,0.513856,0.448329,0.387097,0.407804,6.711125,6.027008,4.205263,5.429001,2.819977,2.763566,1.446091,1.682455,0.645169,0.645169,0.380017,0.491128,0.201945,-0.023485,0.355638,0.34175,0,,DEFERRED_TO_FILTER,,,,,,,,0,,DEFERRED_TO_FILTER,,,,,,,,,0,,DEFERRED_TO_FILTER,48.5,,,,,,,,1,-1100.0,0.90115,0.88,0.021150000000000002,-0.01692727272727279,0.0,0.0,1,700.0,0.09885,0.12,-0.021150000000000002,-0.20920000000000005,0.0,0.0,1,-18.5,-115.0,0.486719,0.5108342361863489,-0.02411523618634892,-0.0900470869565218,0.0,0.0,1,18.5,-105.0,0.513281,0.4891657638136511,0.024115236186348865,0.0021200476190475492,0.002226049999999927,0.002226049999999927,1,48.5,-105.0,0.501033,0.4891657638136511,0.011867236186348828,-0.021792714285714387,0.0,0.0,1,48.5,-115.0,0.498967,0.5108342361863489,-0.01186723618634894,-0.06714865217391319,0.0,0.0
2026,2,2,401858442,2026-09-12,12:00,Penn State Nittany Lions,Temple Owls,0,Lincoln Financial Field,open_air,Artificial,Draft Kings,23.5,50.5,0,0,1,2.5,218,213,1,1,0,0,2.0078,13.3161,-8.8083,-7.255,17.166,-21.921,1,1,64.219,0.0585,0.9415,,-23.685,23.685,-23.685,-23.5,0.36,0.28,0.2,0.16,0,0,0,0,0,0,0.0,0.0,0.0,1,154.9,0.0,0.1549,0.0,0.0,1.0,0.0,2,-1.4454,-20.7442,43.6566,50.5,0.75,0.25,1,1,28.1,4.4,,46.2,0.0,0.0,1,-0.7559,48.7892,-22.19,48.03,12.92,35.11,0.056487,0.943513,0.537287,0.462713,0.43007,0.56993,14.0,14.0,1,1,cfb-inseason-v3-game-lock-2026-08-30,0.091085,0.139292,0.0479,-0.041782,0.461813,0.472189,0.446693,0.425705,6.01684,6.127791,6.062334,5.16789,2.019977,2.424739,1.768313,1.379425,0.578502,0.545169,0.71335,0.380017,0.115751,0.095315,0.291245,0.355638,0,,DEFERRED_TO_FILTER,,,,,,,,0,,DEFERRED_TO_FILTER,,,,,,,,,0,,DEFERRED_TO_FILTER,50.5,,,,,,,,1,1200.0,0.056487,0.0741839762611276,-0.017696976261127602,-0.26566900000000004,0.0,0.0,1,-2400.0,0.943513,0.9258160237388724,0.01769697626112765,-0.017173958333333218,0.0,0.0,1,23.5,-102.0,0.537287,0.4826358742837298,0.05465112571627018,0.0640389607843137,0.06531973999999997,0.05,1,-23.5,-118.0,0.462713,0.5173641257162701,-0.05465112571627012,-0.14515733898305094,0.0,0.0,1,50.5,-115.0,0.43007,0.5108342361863489,-0.08076423618634893,-0.19595608695652184,0.0,0.0,1,50.5,-105.0,0.56993,0.4891657638136511,0.08076423618634893,0.1127204761904762,0.11835650000000002,0.05
2026,2,2,401862702,2026-09-12,12:00,South Florida Bulls,Army Black Knights,0,Michie Stadium,open_air,Artificial,Draft Kings,-3.5,46.5,0,0,1,2.5,349,58,1,1,0,0,19.0972,0.0022,21.595,-1.819,-2.307,2.988,1,1,47.774,0.6045,0.3955,,3.618,-3.618,3.618,3.5,0.36,0.28,0.2,0.16,0,0,0,0,0,0,0.0,0.0,0.0,1,1044.7,0.0,1.0447,0.0,0.0,1.0,0.0,2,-0.4198,6.2754,46.1627,46.5,0.75,0.25,1,1,22.7,2.7,,54.3,0.0,0.0,1,0.1998,46.4157,5.86,46.62,26.24,20.38,0.662122,0.337878,0.566811,0.433189,0.503291,0.496709,14.0,14.0,1,1,cfb-inseason-v3-game-lock-2026-08-30,0.205845,0.007838,0.003773,0.01194,0.527946,0.446348,0.446903,0.435582,7.008427,5.127707,4.940426,5.694556,2.866131,1.986643,1.462758,1.712758,0.568978,0.461835,0.380017,0.546683,0.158176,0.00712,0.378787,0.358844,0,,DEFERRED_TO_FILTER,,,,,,,,0,,DEFERRED_TO_FILTER,,,,,,,,,0,,DEFERRED_TO_FILTER,46.5,,,,,,,,1,-162.0,0.662122,0.593369754159424,0.06875224584057604,0.07083928395061734,0.11475964000000008,0.05,1,136.0,0.337878,0.4066302458405761,-0.0687522458405761,-0.20260791999999989,0.0,0.0,1,-3.5,100.0,0.566811,0.4782608695652174,0.08855013043478255,0.1336219999999999,0.1336219999999999,0.05,1,3.5,-120.0,0.433189,0.5217391304347826,-0.0885501304347826,-0.20582016666666658,0.0,0.0,1,46.5,-110.0,0.503291,0.5,0.003291000000000044,-0.039171727272727164,0.0,0.0,1,46.5,-110.0,0.496709,0.5,-0.0032909999999999884,-0.0517373636363635,0.0,0.0
2026,2,2,401858224,2026-09-12,12:00,Wake Forest Demon Deacons,Purdue Boilermakers,0,Ross-Ade Stadium,open_air,Grass,Draft Kings,3,49.5,0,0,1,2.5,2509,154,1,1,0,0,5.7726,6.2551,2.0175,-1.611,3.846,-2.957,1,1,54.284,0.3987,0.6012,,-3.497,3.497,-3.497,-3.0,0.36,0.28,0.2,0.16,0,0,0,0,0,0,0.0,0.0,0.0,1,467.8,0.0,0.4678,0.0,1.0,0.0,0.0,2,0.5392,-2.2846,49.0685,49.5,0.75,0.25,1,1,25.9,2.3,,70.3,0.0,0.0,1,0.4247,49.3921,-1.75,49.82,24.04,25.78,0.450392,0.549608,0.535704,0.464296,0.509028,0.490972,14.0,14.0,1,1,cfb-inseason-v3-game-lock-2026-08-30,0.134603,0.13759,0.123132,0.061479,0.481073,0.462509,0.410944,0.484067,6.229018,6.686293,6.208952,5.450718,2.35331,2.408866,1.907202,1.864273,0.600724,0.521359,0.546683,0.602239,0.131669,0.1108,0.382154,0.363972,0,,DEFERRED_TO_FILTER,,,,,,,,0,,DEFERRED_TO_FILTER,,,,,,,,,0,,DEFERRED_TO_FILTER,49.5,,,,,,,,1,130.0,0.450392,0.41700735895339325,0.03338464104660677,0.03590159999999998,0.02761661538461537,0.02761661538461537,1,-155.0,0.549608,0.5829926410466066,-0.033384641046606656,-0.09580619354838721,0.0,0.0,1,3.0,-108.0,0.535704,0.4956702459300312,0.040033754069968785,0.03172622222222221,0.03426431999999999,0.03426431999999999,1,-3.0,-112.0,0.464296,0.5043297540699689,-0.04003375406996895,-0.12115399999999998,0.0,0.0,1,49.5,-115.0,0.509028,0.5108342361863489,-0.0018062361863488974,-0.04833895652173914,0.0,0.0,1,49.5,-105.0,0.490972,0.4891657638136511,0.0018062361863488974,-0.04143561904761911,0.0,0.0
2026,2,2,401866416,2026-09-12,12:00,Wofford Terriers,Kent State Golden Flashes,0,Dix Stadium,open_air,Artificial,Draft Kings,-11.5,47.5,0,0,1,2.5,2309,,1,0,0,1,-20.7593,0.0,,-23.565,,,1,1,4.722,0.6686,0.3314,,5.982,-5.982,5.982,11.5,0.6429,0.0,0.3571,0.0,0,0,0,0,0,0,0.0,0.0,0.0,1,,0.0,,,,,0.0,0,0.0,9.5293,49.0406,47.5,0.75,0.25,1,1,24.4,3.1,,77.5,1.0,0.0,1,-0.025,47.8852,9.53,47.86,28.69,19.17,0.751958,0.248042,0.444028,0.555972,0.51026,0.48974,14.0,14.0,1,1,cfb-inseason-v3-game-lock-2026-08-30,0.013794,0.062534,0.257378,0.069599,0.418949,0.45134,0.54638,0.453373,5.449551,5.809743,6.95584,5.835168,1.35331,2.029965,3.076394,2.069137,0.378502,0.567753,0.71335,0.570025,0.015936,0.069746,0.349686,0.345958,0,,DEFERRED_TO_FILTER,,,,,,,,0,,DEFERRED_TO_FILTER,,,,,,,,,0,,DEFERRED_TO_FILTER,47.5,,,,,,,,1,-520.0,0.751958,0.8042929292929294,-0.05233492929292938,-0.10343469230769231,0.0,0.0,1,390.0,0.248042,0.1957070707070707,0.05233492929292932,0.2154058000000001,0.055232256410256426,0.05,1,-11.5,-112.0,0.444028,0.5043297540699689,-0.06030175406996896,-0.15951842857142862,0.0,0.0,1,11.5,-108.0,0.555972,0.4956702459300312,0.06030175406996885,0.07076088888888898,0.07642176000000009,0.05,1,47.5,-108.0,0.51026,0.4956702459300312,0.014589754069968874,-0.01727703703703687,0.0,0.0,1,47.5,-112.0,0.48974,0.5043297540699689,-0.01458975406996893,-0.07299214285714284,0.0,0.0
2026,2,2,401858446,2026-09-12,12:30,Utah State Aggies,Washington Huskies,0,Husky Stadium,open_air,Artificial,Draft Kings,-27.5,55.5,0,0,1,2.5,264,328,1,1,0,0,7.5465,7.1685,2.878,9.512,-10.455,22.467,1,1,50.1,0.9405,0.0594,,23.526,-23.526,23.526,27.5,0.36,0.28,0.2,0.16,0,0,0,0,0,0,0.0,0.0,0.0,1,655.9,0.0,0.6558999999999999,1.0,1.0,0.0,0.0,2,0.756,21.3564,41.9049,55.5,0.75,0.25,1,1,18.7,3.4,,64.5,0.0,0.0,1,-0.1937,52.1012,22.11,51.91,37.01,14.9,0.942885,0.057115,0.350183,0.649817,0.398742,0.601258,14.0,14.0,1,1,cfb-inseason-v3-game-lock-2026-08-30,0.06509,0.038155,-0.043229,-0.090918,0.46756,0.458196,0.421296,0.422467,6.023699,5.764547,5.419874,4.655139,1.968695,1.758072,1.61752,1.943527,0.545169,0.545169,0.546683,0.46335,0.125647,0.02597,0.34175,0.408416,0,,DEFERRED_TO_FILTER,,,,,,,,0,,DEFERRED_TO_FILTER,,,,,,,,,0,,DEFERRED_TO_FILTER,55.5,,,,,,,,1,-4000.0,0.942885,0.9431345353675452,-0.0002495353675452394,-0.03354287500000011,0.0,0.0,1,1600.0,0.057115,0.056865464632454926,0.0002495353675450729,-0.029044999999999987,0.0,0.0,1,-27.5,-108.0,0.350183,0.4956702459300312,-0.14548724593003115,-0.3255734814814814,0.0,0.0,1,27.5,-112.0,0.649817,0.5043297540699689,0.14548724593003104,0.23001074999999993,0.25761203999999993,0.05,1,55.5,-112.0,0.398742,0.5043297540699689,-0.10558775406996895,-0.24523835714285724,0.0,0.0,1,55.5,-108.0,0.601258,0.4956702459300312,0.10558775406996879,0.15797837037037032,0.17061663999999993,0.05
2026,2,2,401856673,2026-09-12,12:45,Western Kentucky Hilltoppers,Georgia Bulldogs,0,Sanford Stadium,open_air,Grass,Draft Kings,-40.5,55.5,0,0,1,2.5,61,98,1,1,0,0,25.0133,-9.3994,36.9127,24.906,-11.638,39.044,1,1,59.431,0.9917,0.0083,,40.728,-40.728,40.728,40.5,0.36,0.28,0.2,0.16,0,0,0,0,0,0,0.0,0.0,0.0,1,272.2,0.0,0.2722,1.0,0.0,1.0,0.0,2,-1.3102,39.564,49.7822,55.5,0.75,0.25,1,1,24.8,2.5,,93.6,1.0,0.0,1,0.3123,54.0706,38.25,54.38,46.32,8.06,0.996856,0.003144,0.436266,0.563734,0.468199,0.531801,14.0,14.0,1,1,cfb-inseason-v3-game-lock-2026-08-30,0.257774,0.044098,0.050796,0.167904,0.536525,0.453503,0.436751,0.48082,7.672012,5.347057,4.662042,6.842493,3.10331,1.712284,1.462758,2.379425,0.628502,0.600724,0.380017,0.71335,0.264523,0.049813,0.497305,0.348286,0,,CURRENT_LINE_MISSING,,,,,,,,0,,DEFERRED_TO_FILTER,,,,,,,,,0,,DEFERRED_TO_FILTER,55.5,,,,,,,,0,,,,,,,,0,,,,,,,,1,-40.5,-108.0,0.436266,0.4956702459300312,-0.059404245930031185,-0.15978399999999993,0.0,0.0,1,40.5,-112.0,0.563734,0.5043297540699689,0.05940424593003102,0.0670679285714284,0.07511607999999982,0.05,1,55.5,-110.0,0.468199,0.5,-0.031801000000000024,-0.10616554545454543,0.0,0.0,1,55.5,-110.0,0.531801,0.5,0.03180099999999997,0.015256454545454545,0.016782099999999998,0.016782099999999998
2026,2,2,401866415,2026-09-12,13:00,Colgate Raiders,Central Michigan Chippewas,0,Kelly/Shorts Stadium,open_air,Artificial,Draft Kings,-24.5,48.5,0,0,1,2.5,2117,,1,0,0,1,-10.7769,0.0,,-17.09,,,1,1,12.901,0.8322,0.1678,,13.651,-13.651,13.651,24.5,0.6429,0.0,0.3571,0.0,0,0,0,0,0,0,0.0,0.0,0.0,1,,0.0,,,,,0.0,0,0.0,20.6254,46.8975,48.5,0.75,0.25,1,1,26.4,4.9,,57.8,0.0,0.0,1,-1.037,48.0994,20.63,47.06,33.84,13.22,0.929657,0.070343,0.390982,0.609018,0.459105,0.540895,14.0,14.0,1,1,cfb-inseason-v3-game-lock-2026-08-30,-0.030947,0.062534,0.087496,0.069599,0.412004,0.45134,0.476162,0.453373,4.907884,5.809743,5.663059,5.835168,1.586643,2.029965,2.470334,2.069137,,0.567753,0.71335,0.570025,-0.022243,0.069746,0.291245,0.345958,0,,DEFERRED_TO_FILTER,,,,,,,,0,,DEFERRED_TO_FILTER,,,,,,,,,0,,DEFERRED_TO_FILTER,48.5,,,,,,,,1,-2400.0,0.929657,0.9258160237388724,0.00384097626112756,-0.03160729166666664,0.0,0.0,1,1200.0,0.070343,0.0741839762611276,-0.0038409762611276016,-0.08554099999999987,0.0,0.0,1,-24.5,-105.0,0.390982,0.4891657638136511,-0.09818376381365113,-0.23665419047619057,0.0,0.0,1,24.5,-115.0,0.609018,0.5108342361863489,0.09818376381365101,0.13859886956521716,0.15938869999999977,0.05,1,48.5,-115.0,0.459105,0.5108342361863489,-0.05172923618634895,-0.14167326086956533,0.0,0.0,1,48.5,-105.0,0.540895,0.4891657638136511,0.05172923618634889,0.05603309523809519,0.05883474999999995,0.05
2026,2,2,401866417,2026-09-12,13:00,Holy Cross Crusaders,Miami (OH) RedHawks,0,Yager Stadium,open_air,Artificial,Draft Kings,-30.5,49.5,0,0,1,2.5,193,,1,0,0,1,-13.497,0.0,,-12.2,,,1,1,18.991,0.9325,0.0675,,22.376,-22.376,22.376,30.5,0.6429,0.0,0.3571,0.0,0,0,0,0,0,0,0.0,0.0,0.0,1,,0.0,,,,,0.0,0,0.0,27.5986,51.5202,49.5,0.75,0.25,1,1,25.3,3.7,,82.8,0.0,0.0,1,-0.3624,50.0051,27.6,49.64,38.62,11.02,0.975657,0.024343,0.417909,0.582091,0.504066,0.495934,14.0,14.0,1,1,cfb-inseason-v3-game-lock-2026-08-30,0.049343,0.062534,0.204175,0.069599,0.404341,0.45134,0.49336,0.453373,5.534081,5.809743,6.694556,5.835168,1.712284,2.029965,3.148655,2.069137,0.711835,0.567753,0.602239,0.570025,0.081714,0.069746,0.325877,0.345958,0,,DEFERRED_TO_FILTER,,,,,,,,0,,DEFERRED_TO_FILTER,,,,,,,,,0,,DEFERRED_TO_FILTER,49.5,,,,,,,,1,-9000.0,0.975657,0.9625668449197861,0.013090155080213939,-0.013502366666666708,0.0,0.0,1,2500.0,0.024343,0.0374331550802139,-0.0130901550802139,-0.367082,0.0,0.0,1,-30.5,-110.0,0.417909,0.5,-0.08209100000000003,-0.2021737272727273,0.0,0.0,1,30.5,-110.0,0.582091,0.5,0.08209100000000003,0.11126463636363648,0.12239110000000011,0.05,1,49.5,-112.0,0.504066,0.5043297540699689,-0.0002637540699689245,-0.045875071428571446,0.0,0.0,1,49.5,-108.0,0.495934,0.4956702459300312,0.00026375406996881345,-0.044867851851851825,0.0,0.0
2026,2,2,401856791,2026-09-12,13:00,UT Martin Skyhawks,West Virginia Mountaineers,0,Milan Puskar Stadium,open_air,Artificial,Draft Kings,-41.5,55.5,0,0,1,2.5,277,,1,0,0,1,0.3398,0.0,,-0.834,,,1,1,29.428,0.9711,0.0288,,29.957,-29.957,29.957,41.5,0.6429,0.0,0.3571,0.0,0,0,0,0,0,0,0.0,0.0,0.0,1,,0.0,,,,,0.0,0,0.0,37.3775,46.9018,55.5,0.75,0.25,1,1,29.1,3.1,,60.2,0.0,0.0,1,-0.025,53.3505,37.38,53.33,45.35,7.97,0.996205,0.003795,0.384202,0.615798,0.438281,0.561719,14.0,14.0,1,1,cfb-inseason-v3-game-lock-2026-08-30,0.077555,0.062534,0.106346,0.069599,0.433313,0.45134,0.448082,0.453373,5.800102,5.809743,6.103654,5.835168,2.144977,2.029965,1.912758,2.069137,0.578502,0.567753,0.491128,0.570025,0.071661,0.069746,0.378787,0.345958,0,,CURRENT_LINE_MISSING,,,,,,,,0,,DEFERRED_TO_FILTER,,,,,,,,,0,,DEFERRED_TO_FILTER,55.5,,,,,,,,0,,,,,,,,0,,,,,,,,1,-41.5,-110.0,0.384202,0.5,-0.11579800000000001,-0.2665234545454546,0.0,0.0,1,41.5,-110.0,0.615798,0.5,0.11579799999999996,0.17561436363636362,0.19317579999999998,0.05,1,55.5,-110.0,0.438281,0.5,-0.061719000000000024,-0.16328172727272733,0.0,0.0,1,55.5,-110.0,0.561719,0.5,0.06171899999999997,0.07237263636363633,0.07960989999999996,0.05
2026,2,2,401856810,2026-09-12,13:30,Arizona Wildcats,BYU Cougars,0,LaVell Edwards Stadium,open_air,Grass,Draft Kings,-7.5,48.5,0,0,1,2.5,252,12,1,1,0,0,20.8325,14.5693,8.7632,14.123,6.87,9.753,1,1,75.731,0.7675,0.2325,,10.179,-10.179,10.179,7.5,0.36,0.28,0.2,0.16,0,0,0,0,0,0,0.0,0.0,0.0,1,556.1,0.0,0.5561,1.0,1.0,0.0,0.0,2,0.641,8.8688,47.7673,48.5,0.75,0.25,1,1,26.7,3.4,,42.4,0.0,0.0,1,-0.1937,48.3168,9.51,48.12,28.82,19.31,0.751515,0.248485,0.557072,0.442928,0.489261,0.510739,14.0,14.0,1,1,cfb-inseason-v3-game-lock-2026-08-30,0.190865,0.044319,-0.024684,-0.053044,0.552175,0.516855,0.415344,0.379172,6.544957,6.48349,5.092493,4.941394,3.10331,2.250746,1.573869,1.379425,0.711835,0.628502,0.546683,0.380017,0.173073,-0.017722,0.397305,0.425083,0,,DEFERRED_TO_FILTER,,,,,,,,0,,DEFERRED_TO_FILTER,,,,,,,,,0,,DEFERRED_TO_FILTER,48.5,,,,,,,,1,-290.0,0.751515,0.7135512302607419,0.03796376973925819,0.010658103448275946,0.03090850000000024,0.03090850000000024,1,235.0,0.248485,0.28644876973925815,-0.037963769739258135,-0.16757524999999984,0.0,0.0,1,-7.5,-105.0,0.557072,0.4891657638136511,0.06790623618634889,0.08761676190476186,0.09199759999999996,0.05,1,7.5,-115.0,0.442928,0.5108342361863489,-0.06790623618634894,-0.17191721739130444,0.0,0.0,1,48.5,-105.0,0.489261,0.4891657638136511,9.523618634887931e-05,-0.04477614285714293,0.0,0.0,1,48.5,-115.0,0.510739,0.5108342361863489,-9.523618634887931e-05,-0.0451401304347826,0.0,0.0
2026,2,2,401856785,2026-09-12,13:30,Weber State Wildcats,Colorado Buffaloes,0,Folsom Field,open_air,Grass,Draft Kings,-33.5,54.5,0,0,1,2.5,38,,1,0,0,1,-0.0627,0.0,,4.86,,,1,1,34.896,0.9794,0.0206,,32.926,-32.926,32.926,33.5,0.6429,0.0,0.3571,0.0,0,0,0,0,0,0,0.0,0.0,0.0,1,,0.0,,,,,0.0,0,0.0,33.295,43.4358,54.5,0.75,0.25,1,1,24.6,2.9,,36.7,0.0,0.0,1,0.0874,51.734,33.3,51.82,42.56,9.26,0.991302,0.008698,0.494159,0.505841,0.424133,0.575867,14.0,14.0,1,1,cfb-inseason-v3-game-lock-2026-08-30,0.020204,0.062534,0.006544,0.069599,0.436028,0.45134,0.440613,0.453373,5.152441,5.809743,5.707722,5.835168,1.714421,2.029965,1.740536,2.069137,0.511835,0.567753,0.380017,0.570025,0.005302,0.069746,0.367893,0.345958,0,,DEFERRED_TO_FILTER,,,,,,,,0,,DEFERRED_TO_FILTER,,,,,,,,,0,,DEFERRED_TO_FILTER,54.5,,,,,,,,1,-20000.0,0.991302,0.9728415079043373,0.018460492095662695,-0.0037414900000000894,0.0,0.0,1,3500.0,0.008698,0.027158492095662744,-0.018460492095662744,-0.686872,0.0,0.0,1,-33.5,-108.0,0.494159,0.4956702459300312,-0.0015112459300311576,-0.04828637037037026,0.0,0.0,1,33.5,-112.0,0.505841,0.5043297540699689,0.0015112459300310466,-0.04251525000000006,0.0,0.0,1,54.5,-115.0,0.424133,0.5108342361863489,-0.08670123618634895,-0.20705569565217402,0.0,0.0,1,54.5,-105.0,0.575867,0.4891657638136511,0.0867012361863489,0.1243117619047619,0.13052735,0.05
2026,2,2,401865252,2026-09-12,14:00,Mercyhurst Lakers,New Mexico Lobos,0,University Stadium (NM),open_air,Artificial,Draft Kings,-41.5,52.5,0,0,1,2.5,167,,1,0,0,1,9.6576,0.0,,0.852,,,1,1,32.173,0.9932,0.0067,,42.462,-42.462,42.462,41.5,0.6429,0.0,0.3571,0.0,0,0,0,0,0,0,0.0,0.0,0.0,1,1508.1,0.0,1.5081,2.0,1.0,0.0,0.0,2,1.7382,41.8436,46.8975,52.5,0.75,0.25,1,1,31.9,3.2,,22.2,0.0,0.0,1,-0.0813,51.0994,43.58,51.02,47.3,3.72,0.999074,0.000926,0.559104,0.440896,0.457851,0.542149,14.0,14.0,1,1,cfb-inseason-v3-game-lock-2026-08-30,0.082785,0.062534,-0.026237,0.069599,0.474806,0.45134,0.41336,0.453373,5.646109,5.809743,4.924834,5.835168,2.444219,2.029965,1.612758,2.069137,0.711835,0.567753,,0.570025,0.056117,0.069746,0.358844,0.345958,0,,CURRENT_LINE_MISSING,,,,,,,,0,,DEFERRED_TO_FILTER,,,,,,,,,0,,DEFERRED_TO_FILTER,52.5,,,,,,,,0,,,,,,,,0,,,,,,,,1,-41.5,-112.0,0.559104,0.5043297540699689,0.05477424593003111,0.05830400000000008,0.06530048000000009,0.05,1,41.5,-108.0,0.440896,0.4956702459300312,-0.05477424593003116,-0.15086696296296292,0.0,0.0,1,52.5,-110.0,0.457851,0.5,-0.04214899999999999,-0.1259208181818181,0.0,0.0,1,52.5,-110.0,0.542149,0.5,0.04214899999999999,0.03501172727272728,0.0385129,0.0385129
2026,2,2,401864506,2026-09-12,14:00,Northern Colorado Bears,Wyoming Cowboys,0,War Memorial Stadium,open_air,Artificial,Draft Kings,-22.5,47.5,0,0,1,2.5,2751,,1,0,0,1,-9.1955,0.0,,-17.554,,,1,1,11.673,0.8641,0.1359,,15.765,-15.765,15.765,22.5,0.6429,0.0,0.3571,0.0,0,0,0,0,0,0,0.0,0.0,0.0,1,,0.0,,,,,0.0,0,0.0,20.0946,47.2982,47.5,0.75,0.25,1,1,25.0,6.8,,17.6,0.0,0.0,1,-2.1052,47.4496,20.09,45.34,32.72,12.62,0.924404,0.075596,0.431793,0.568207,0.438816,0.561184,14.0,14.0,1,1,cfb-inseason-v3-game-lock-2026-08-30,-0.008437,0.062534,0.14386,0.069599,0.458126,0.45134,0.479332,0.453373,5.697061,5.809743,5.905737,5.835168,1.686643,2.029965,2.440031,2.069137,0.545169,0.567753,0.646683,0.570025,0.102538,0.069746,0.230638,0.345958,0,,DEFERRED_TO_FILTER,,,,,,,,0,,DEFERRED_TO_FILTER,,,,,,,,,0,,DEFERRED_TO_FILTER,47.5,,,,,,,,1,-3200.0,0.924404,0.9356725146198831,-0.011268514619883097,-0.046708374999999996,0.0,0.0,1,1400.0,0.075596,0.06432748538011696,0.011268514619883041,0.13393999999999995,0.009567142857142854,0.009567142857142854,1,-22.5,-112.0,0.431793,0.5043297540699689,-0.07253675406996896,-0.1826775357142858,0.0,0.0,1,22.5,-108.0,0.568207,0.4956702459300312,0.07253675406996885,0.09432459259259274,0.10187056000000014,0.05,1,47.5,-115.0,0.438816,0.5108342361863489,-0.07201823618634895,-0.17960486956521748,0.0,0.0,1,47.5,-105.0,0.561184,0.4891657638136511,0.0720182361863489,0.09564495238095239,0.10042720000000001,0.05
2026,2,2,401866413,2026-09-12,14:00,Stony Brook Seawolves,Ball State Cardinals,0,Scheumann Stadium,open_air,Artificial,Draft Kings,-15.5,56.5,0,0,1,2.5,2050,,1,0,0,1,-17.1684,0.0,,-18.999,,,1,1,10.695,0.8487,0.1512,,14.698,-14.698,14.698,15.5,0.6429,0.0,0.3571,0.0,0,0,0,0,0,0,0.0,0.0,0.0,1,,0.0,,,,,0.0,0,0.0,15.2136,46.9181,56.5,0.75,0.25,1,1,26.2,3.4,,70.9,1.0,0.0,1,-0.1937,54.1045,15.21,53.91,34.56,19.35,0.861412,0.138588,0.491839,0.508161,0.426638,0.573362,14.0,14.0,1,1,cfb-inseason-v3-game-lock-2026-08-30,-0.0466,0.062534,0.192868,0.069599,0.385639,0.45134,0.494737,0.453373,5.455083,5.809743,6.735182,5.835168,1.424739,2.029965,2.635835,2.069137,,0.567753,0.71335,0.570025,0.010072,0.069746,0.302067,0.345958,0,,DEFERRED_TO_FILTER,,,,,,,,0,,DEFERRED_TO_FILTER,,,,,,,,,0,,DEFERRED_TO_FILTER,56.5,,,,,,,,1,-850.0,0.861412,0.8579439252336449,0.0034680747663550227,-0.037245411764705916,0.0,0.0,1,575.0,0.138588,0.14205607476635515,-0.0034680747663551614,-0.06453100000000012,0.0,0.0,1,-15.5,-105.0,0.491839,0.4891657638136511,0.002673236186348904,-0.03974290476190473,0.0,0.0,1,15.5,-115.0,0.508161,0.5108342361863489,-0.0026732361863489595,-0.04995986956521753,0.0,0.0,1,56.5,-115.0,0.426638,0.5108342361863489,-0.08419623618634892,-0.2023724347826087,0.0,0.0,1,56.5,-105.0,0.573362,0.4891657638136511,0.08419623618634892,0.1194210476190477,0.1253921000000001,0.05
2026,2,2,401858217,2026-09-12,14:30,Duke Blue Devils,Illinois Fighting Illini,0,"Memorial Stadium (Champaign, IL)",open_air,Artificial,Draft Kings,-5.5,51.5,0,0,1,2.5,356,150,1,1,0,0,11.0065,4.3504,9.1561,5.695,4.687,3.508,1,1,62.939,0.6142,0.3857,,3.967,-3.967,3.967,5.5,0.36,0.28,0.2,0.16,0,0,0,0,0,0,0.0,0.0,0.0,1,579.3,0.0,0.5792999999999999,1.0,1.0,0.0,0.0,2,0.6677,5.2206,49.1252,51.5,0.75,0.25,1,1,29.0,3.6,,55.4,0.0,0.0,1,-0.3061,50.9063,5.89,50.6,28.24,22.36,0.662974,0.337026,0.511064,0.488936,0.474376,0.525624,14.0,14.0,1,1,cfb-inseason-v3-game-lock-2026-08-30,0.204994,0.028762,0.114177,-0.036248,0.491369,0.427019,0.460368,0.407187,6.516019,5.575864,5.898659,5.488877,3.10331,1.758072,2.231276,1.450853,0.711835,0.489613,0.51335,0.380017,0.240573,-0.00711,0.397305,0.376472,0,,DEFERRED_TO_FILTER,,,,,,,,0,,DEFERRED_TO_FILTER,,,,,,,,,0,,DEFERRED_TO_FILTER,51.5,,,,,,,,1,-218.0,0.662974,0.6574752261956053,0.005498773804394674,-0.03290948623853224,0.0,0.0,1,180.0,0.337026,0.3425247738043946,-0.005498773804394619,-0.05632720000000002,0.0,0.0,1,-5.5,-108.0,0.511064,0.4956702459300312,0.01539375406996879,-0.015728592592592627,0.0,0.0,1,5.5,-112.0,0.488936,0.5043297540699689,-0.015393754069968957,-0.07451400000000002,0.0,0.0,1,51.5,-110.0,0.474376,0.5,-0.02562399999999998,-0.09437309090909085,0.0,0.0,1,51.5,-110.0,0.525624,0.5,0.02562399999999998,0.0034640000000000226,0.0038104000000000245,0.0038104000000000245
2026,2,2,401856677,2026-09-12,14:30,Mississippi State Bulldogs,Minnesota Golden Gophers,0,Huntington Bank Stadium,open_air,Artificial,Draft Kings,1.5,54.5,0,0,1,2.5,135,344,1,1,0,0,9.0398,16.3549,-4.8151,2.333,8.741,-3.908,1,1,63.335,0.3971,0.6029,,-3.559,3.559,-3.559,-1.5,0.36,0.28,0.2,0.16,0,0,0,0,0,0,0.0,0.0,0.0,1,830.2,0.0,0.8302,0.0,1.0,0.0,0.0,2,0.9569,-3.1165,48.7256,54.5,0.75,0.25,1,1,22.9,4.8,,38.2,0.0,0.0,1,-0.9808,53.0564,-2.16,52.08,24.96,27.12,0.438704,0.561296,0.481212,0.518788,0.431259,0.568741,14.0,14.0,1,1,cfb-inseason-v3-game-lock-2026-08-30,0.140137,0.211266,0.115501,0.030357,0.496131,0.493201,0.397487,0.434601,6.220781,7.150939,5.239318,5.257759,2.327669,2.943054,1.53498,1.668313,0.545169,0.545169,0.71335,,0.065662,0.212651,0.421115,0.351851,0,,DEFERRED_TO_FILTER,,,,,,,,0,,DEFERRED_TO_FILTER,,,,,,,,,0,,DEFERRED_TO_FILTER,54.5,,,,,,,,1,-112.0,0.438704,0.5043297540699689,-0.06562575406996896,-0.16959600000000008,0.0,0.0,1,-108.0,0.561296,0.4956702459300312,0.06562575406996884,0.0810145185185186,0.08749568000000008,0.05,1,1.5,-118.0,0.481212,0.5173641257162701,-0.036152125716270134,-0.11098122033898311,0.0,0.0,1,-1.5,-102.0,0.518788,0.4826358742837298,0.036152125716270245,0.027403686274509842,0.027951760000000037,0.027951760000000037,1,54.5,-118.0,0.431259,0.5173641257162701,-0.0861051257162701,-0.2032672711864406,0.0,0.0,1,54.5,-102.0,0.568741,0.4826358742837298,0.08610512571627027,0.12633021568627467,0.12885682000000015,0.05
2026,2,2,401862708,2026-09-12,14:30,UL Monroe Warhawks,UAB Blazers,0,Protective Stadium,open_air,Artificial,Draft Kings,-10,54.5,0,0,1,2.5,5,2433,1,1,0,0,-8.1697,-15.7072,10.0375,-14.486,-24.245,12.259,1,1,11.957,0.8192,0.1808,,12.88,-12.88,12.88,10.0,0.36,0.28,0.2,0.16,0,0,0,0,0,0,0.0,0.0,0.0,1,312.5,0.0,0.3125,0.0,0.0,1.0,0.0,2,-1.2637,11.2145,57.1892,54.5,0.75,0.25,1,1,29.0,2.0,,66.8,1.0,0.0,1,0.5934,55.1723,9.95,55.77,32.86,22.91,0.761387,0.238613,0.498598,0.501402,0.536017,0.463983,14.0,14.0,1,1,cfb-inseason-v3-game-lock-2026-08-30,0.109467,0.025647,0.209705,0.215977,0.459013,0.433246,0.492725,0.494556,5.881709,5.240809,6.532969,7.16789,2.205162,1.642199,3.129425,2.969168,0.511835,,0.71335,0.546683,0.056981,0.050474,0.388533,0.293138,0,,DEFERRED_TO_FILTER,,,,,,,,0,,DEFERRED_TO_FILTER,,,,,,,,,0,,DEFERRED_TO_FILTER,54.5,,,,,,,,1,-360.0,0.761387,0.7508125677139762,0.010574432286023838,-0.027116611111111133,0.0,0.0,1,285.0,0.238613,0.2491874322860238,-0.01057443228602381,-0.08133995000000005,0.0,0.0,1,-10.0,-102.0,0.498598,0.4826358742837298,0.015962125716270203,-0.012580431372548995,0.0,0.0,1,10.0,-118.0,0.501402,0.5173641257162701,-0.015962125716270092,-0.07368105084745763,0.0,0.0,1,54.5,-110.0,0.536017,0.5,0.036016999999999966,0.023305181818181808,0.025635699999999987,0.025635699999999987,1,54.5,-110.0,0.463983,0.5,-0.03601700000000002,-0.11421427272727269,0.0,0.0
2026,2,2,401860884,2026-09-12,14:30,UTSA Roadrunners,Texas State Bobcats,0,Bobcat Stadium (TX),open_air,Artificial,Draft Kings,-1.5,66.5,0,0,1,2.5,326,2636,1,1,0,0,-10.5284,12.111,-20.1394,-7.938,-3.76,-1.678,1,1,39.901,0.4323,0.5676,,-2.322,2.322,-2.322,1.5,0.36,0.28,0.2,0.16,0,0,0,0,0,0,0.0,0.0,0.0,1,46.6,0.0,0.0466,0.0,0.0,1.0,0.0,2,-1.5702,-3.6165,48.7735,66.5,0.75,0.25,1,1,36.7,3.9,,37.5,0.0,0.0,1,-0.4748,62.0684,-5.19,61.59,28.2,33.39,0.355512,0.644488,0.316459,0.683541,0.362997,0.637003,14.0,14.0,1,1,cfb-inseason-v3-game-lock-2026-08-30,0.036453,0.166256,0.20203,0.001256,0.465144,0.511419,0.487963,0.450397,5.829683,6.949185,6.347255,5.828383,1.565431,2.258072,2.946091,1.712758,0.489613,0.489613,0.665731,0.491128,0.029673,0.244535,0.435767,0.34175,0,,DEFERRED_TO_FILTER,,,,,,,,0,,DEFERRED_TO_FILTER,,,,,,,,,0,,DEFERRED_TO_FILTER,66.5,,,,,,,,1,-122.0,0.355512,0.5260865852617197,-0.1705745852617197,-0.35308472131147534,0.0,0.0,1,102.0,0.644488,0.47391341473828025,0.1705745852617197,0.30186575999999987,0.29594682352941165,0.05,1,-1.5,-112.0,0.316459,0.5043297540699689,-0.18787075406996895,-0.40098832142857144,0.0,0.0,1,1.5,-108.0,0.683541,0.4956702459300312,0.18787075406996878,0.31644933333333336,0.34176528,0.05,1,66.5,-112.0,0.362997,0.5043297540699689,-0.14133275406996892,-0.3128985357142857,0.0,0.0,1,66.5,-108.0,0.637003,0.4956702459300312,0.1413327540699688,0.22682059259259268,0.24496624000000006,0.05
2026,2,2,401862705,2026-09-12,14:45,UNLV Rebels,North Texas Mean Green,0,DATCU Stadium,open_air,Artificial,Draft Kings,3,57.5,0,0,1,2.5,249,2439,1,1,0,0,-9.0038,3.9046,-10.4084,-6.663,2.341,-6.504,1,1,47.725,0.3208,0.6792,,-6.393,6.393,-6.393,-3.0,0.36,0.28,0.2,0.16,0,0,0,0,0,0,0.0,0.0,0.0,1,1042.1,0.0,1.0420999999999998,2.0,0.0,1.0,0.0,2,-0.4228,-5.8451,48.1232,57.5,0.75,0.25,1,1,37.8,3.7,,32.7,0.0,0.0,1,-0.3624,55.1558,-6.27,54.79,24.26,30.53,0.327183,0.672817,0.407718,0.592282,0.423352,0.576648,14.0,14.0,1,1,cfb-inseason-v3-game-lock-2026-08-30,0.084326,0.056217,0.18484,0.008936,0.445172,0.438574,0.476162,0.422347,5.853261,5.885239,6.535039,5.605798,1.763566,1.891772,2.955182,1.758735,0.489613,0.600724,0.657794,0.435572,0.096226,0.098472,0.363972,0.330638,0,,DEFERRED_TO_FILTER,,,,,,,,0,,DEFERRED_TO_FILTER,,,,,,,,,0,,DEFERRED_TO_FILTER,57.5,,,,,,,,1,136.0,0.327183,0.4066302458405761,-0.07944724584057611,-0.22784811999999988,0.0,0.0,1,-162.0,0.672817,0.593369754159424,0.07944724584057605,0.0881361358024692,0.1427805400000001,0.05,1,3.0,-105.0,0.407718,0.4891657638136511,-0.0814477638136511,-0.2039791428571428,0.0,0.0,1,-3.0,-115.0,0.592282,0.5108342361863489,0.08144776381365104,0.10730982608695638,0.12340629999999986,0.05,1,57.5,-112.0,0.423352,0.5043297540699689,-0.08097775406996893,-0.19865514285714292,0.0,0.0,1,57.5,-108.0,0.576648,0.4956702459300312,0.08097775406996888,0.11058133333333353,0.1194278400000002,0.05
2026,2,2,401868326,2026-09-12,15:00,Alabama State Hornets,Troy Trojans,0,Veterans Memorial Stadium (AL),open_air,Artificial,Draft Kings,,51.5,0,0,1,2.5,2653,,1,0,0,1,-0.0336,0.0,,-9.053,,,1,1,21.383,0.9297,0.0703,,22.009,-22.009,22.009,,0.0,0.0,1.0,0.0,0,0,0,0,0,0,0.0,0.0,0.0,1,,0.0,,,,,0.0,0,0.0,22.009,45.2521,51.5,0.75,0.25,1,1,30.5,2.3,,63.7,0.0,0.0,1,0.4247,49.938,22.01,50.36,36.19,14.18,0.942033,0.057967,0.5,0.5,0.467628,0.532372,14.0,14.0,0,1,cfb-inseason-v3-game-lock-2026-08-30,0.061201,0.062534,0.039155,0.069599,0.429098,0.45134,0.459391,0.453373,5.683418,5.809743,5.752017,5.835168,1.924739,2.029965,1.846091,2.069137,0.545169,0.567753,0.71335,0.570025,0.08374,0.069746,0.363972,0.345958,0,,DEFERRED_TO_FILTER,,,,,,,,0,,CURRENT_LINE_MISSING,,,,,,,,,0,,DEFERRED_TO_FILTER,51.5,,,,,,,,1,-1650.0,0.942033,0.908256880733945,0.03377611926605506,-0.0008740909090909493,0.0,0.0,1,950.0,0.057967,0.09174311926605504,-0.03377611926605504,-0.39134650000000004,0.0,0.0,0,,,,,,,,,0,,,,,,,,,1,51.5,-112.0,0.467628,0.5043297540699689,-0.03670175406996895,-0.11484700000000009,0.0,0.0,1,51.5,-108.0,0.532372,0.4956702459300312,0.036701754069968784,0.02530903703703702,0.027333759999999978,0.027333759999999978
2026,2,2,401858223,2026-09-12,15:00,UC Davis Aggies,SMU Mustangs,0,Gerald J. Ford Stadium,open_air,Artificial,Draft Kings,-25.5,58.5,0,0,1,2.5,2567,,1,0,0,1,6.3531,0.0,,12.09,,,1,1,49.219,0.9707,0.0293,,29.825,-29.825,29.825,25.5,0.6429,0.0,0.3571,0.0,0,0,0,0,0,0,0.0,0.0,0.0,1,,0.0,,,,,0.0,0,0.0,27.0446,47.8209,58.5,0.75,0.25,1,1,38.1,3.0,,31.7,0.0,0.0,1,0.0312,55.8302,27.04,55.86,41.45,14.41,0.973305,0.026695,0.543927,0.456073,0.425254,0.574746,14.0,14.0,1,1,cfb-inseason-v3-game-lock-2026-08-30,0.136414,0.062534,0.049437,0.069599,0.489948,0.45134,0.441552,0.453373,6.808485,5.809743,5.507027,5.835168,2.171492,2.029965,2.046091,2.069137,0.461835,0.567753,0.71335,0.570025,0.06523,0.069746,0.373496,0.345958,0,,DEFERRED_TO_FILTER,,,,,,,,0,,DEFERRED_TO_FILTER,,,,,,,,,0,,DEFERRED_TO_FILTER,58.5,,,,,,,,1,-2800.0,0.973305,0.9311163895486936,0.042188610451306396,0.008065892857142924,0.22584500000000127,0.05,1,1300.0,0.026695,0.06888361045130642,-0.042188610451306424,-0.62627,0.0,0.0,1,-25.5,-105.0,0.543927,0.4891657638136511,0.05476123618634893,0.06195271428571436,0.06505035000000008,0.05,1,25.5,-115.0,0.456073,0.5108342361863489,-0.05476123618634893,-0.14734178260869574,0.0,0.0,1,58.5,-110.0,0.425254,0.5,-0.07474599999999998,-0.18815145454545446,0.0,0.0,1,58.5,-110.0,0.574746,0.5,0.07474599999999998,0.09724236363636363,0.10696659999999998,0.05
2026,2,2,401856684,2026-09-12,15:15,Delaware Blue Hens,Vanderbilt Commodores,0,FirstBank Stadium,open_air,Artificial,Draft Kings,-21,54.5,0,0,1,2.5,238,48,1,1,0,0,5.867,13.7003,-5.3333,7.751,-4.594,14.845,1,1,55.691,0.8577,0.1423,,15.311,-15.311,15.311,21.0,0.36,0.28,0.2,0.16,0,0,0,0,0,0,0.0,0.0,0.0,1,649.5,0.0,0.6495,1.0,1.0,0.0,0.0,2,0.7486,13.9255,43.8052,54.5,0.75,0.25,1,1,29.6,2.6,,64.5,0.0,0.0,1,0.256,51.8263,14.67,52.08,33.38,18.7,0.852715,0.147285,0.325688,0.674312,0.431448,0.568552,14.0,14.0,1,1,cfb-inseason-v3-game-lock-2026-08-30,0.120168,0.099604,0.005712,-0.081425,0.483689,0.460517,0.454422,0.395386,5.991441,6.34734,5.919097,5.076386,2.057014,2.374143,1.652152,1.53498,0.545169,0.65628,0.71335,0.546683,0.135677,0.077416,0.34175,0.384485,0,,DEFERRED_TO_FILTER,,,,,,,,0,,DEFERRED_TO_FILTER,,,,,,,,,0,,DEFERRED_TO_FILTER,54.5,,,,,,,,1,-1350.0,0.852715,0.8933823529411764,-0.040667352941176405,-0.08412092592592603,0.0,0.0,1,800.0,0.147285,0.10661764705882351,0.04066735294117649,0.325565,0.040695625,0.040695625,1,-21.0,-108.0,0.325688,0.4956702459300312,-0.1699822459300312,-0.37274903703703705,0.0,0.0,1,21.0,-112.0,0.674312,0.5043297540699689,0.16998224593003108,0.27637628571428574,0.30954144000000006,0.05,1,54.5,-115.0,0.431448,0.5108342361863489,-0.07938623618634894,-0.19337982608695653,0.0,0.0,1,54.5,-105.0,0.568552,0.4891657638136511,0.07938623618634882,0.11003009523809515,0.11553159999999991,0.05
2026,2,2,401856674,2026-09-12,15:30,Alabama Crimson Tide,Kentucky Wildcats,0,Kroger Field,open_air,Artificial,Draft Kings,10,48.5,0,0,1,2.5,96,333,1,1,0,0,12.4928,10.8881,4.1046,6.518,22.474,-13.456,1,1,83.785,0.1543,0.8457,,-14.503,14.503,-14.503,-10.0,0.36,0.28,0.2,0.16,0,0,0,0,0,0,0.0,0.0,0.0,1,373.9,0.0,0.37389999999999995,1.0,0.0,1.0,0.0,2,-1.193,-9.6115,48.9039,48.5,0.75,0.25,1,1,24.2,3.6,,89.1,1.0,0.0,1,-0.3061,48.601,-10.8,48.29,18.75,29.55,0.220131,0.779869,0.477088,0.522912,0.494154,0.505846,14.0,14.0,1,1,cfb-inseason-v3-game-lock-2026-08-30,0.202622,0.090945,0.063029,-0.063445,0.509226,0.482328,0.448713,0.41607,6.879114,5.890039,5.430516,5.426697,2.60331,2.383613,1.860906,1.657202,0.645169,0.65628,0.71335,0.546683,0.200201,0.037242,0.373496,0.386194,0,,DEFERRED_TO_FILTER,,,,,,,,0,,DEFERRED_TO_FILTER,,,,,,,,,0,,DEFERRED_TO_FILTER,48.5,,,,,,,,1,300.0,0.220131,0.24,-0.019868999999999998,-0.11947600000000003,0.0,0.0,1,-380.0,0.779869,0.76,0.019869000000000026,-0.014902315789473708,0.0,0.0,1,10.0,-112.0,0.477088,0.5043297540699689,-0.027241754069968926,-0.09694057142857149,0.0,0.0,1,-10.0,-108.0,0.522912,0.4956702459300312,0.02724175406996887,0.007089777777777917,0.007656960000000149,0.007656960000000149,1,48.5,-105.0,0.494154,0.4891657638136511,0.00498823618634886,-0.0352231428571429,0.0,0.0,1,48.5,-115.0,0.505846,0.5108342361863489,-0.0049882361863489155,-0.0542879130434783,0.0,0.0
2026,2,2,401858216,2026-09-12,15:30,California Golden Bears,Syracuse Orange,0,JMA Wireless Dome,dome,Artificial,Draft Kings,-3.5,56.5,0,0,1,2.5,183,25,1,1,0,0,14.1006,-11.4502,28.0508,3.513,-3.038,9.051,1,1,52.426,0.7962,0.2038,,11.617,-11.617,11.617,3.5,0.36,0.28,0.2,0.16,0,0,0,0,0,0,0.0,0.0,0.0,1,2419.8,0.0,2.4198000000000004,3.0,0.0,1.0,0.0,2,1.1651,10.6058,46.907,56.5,0.75,0.25,1,0,25.8,5.4,,58.7,0.0,0.0,0,0.0,54.1017,11.77,54.1,32.94,21.17,0.799765,0.200235,0.722666,0.277334,0.431992,0.568008,14.0,14.0,1,1,cfb-inseason-v3-game-lock-2026-08-30,0.110195,-0.005129,-0.047137,0.163407,0.478671,0.417172,0.422467,0.500966,6.126495,5.56696,5.163336,6.83883,2.619977,1.707477,1.450853,2.379425,0.563687,0.628502,,0.618112,0.100017,-0.029577,0.452861,0.397305,0,,DEFERRED_TO_FILTER,,,,,,,,0,,DEFERRED_TO_FILTER,,,,,,,,,0,,DEFERRED_TO_FILTER,56.5,,,,,,,,1,-185.0,0.799765,0.6224665518611737,0.17729844813882623,0.23207040540540536,0.42933024999999986,0.05,1,154.0,0.200235,0.37753344813882633,-0.17729844813882634,-0.49140310000000004,0.0,0.0,1,-3.5,-110.0,0.722666,0.5,0.22266600000000003,0.379635090909091,0.41759860000000004,0.05,1,3.5,-110.0,0.277334,0.5,-0.22266599999999998,-0.4705441818181818,0.0,0.0,1,56.5,-112.0,0.431992,0.5043297540699689,-0.07233775406996895,-0.18230085714285726,0.0,0.0,1,56.5,-108.0,0.568008,0.4956702459300312,0.07233775406996878,0.09394133333333332,0.10145663999999997,0.05
2026,2,2,401866419,2026-09-12,15:30,Central Connecticut Blue Devils,Toledo Rockets,0,Glass Bowl,open_air,Artificial,Draft Kings,-35.5,55.5,0,0,1,2.5,2649,,1,0,0,1,1.9996,0.0,,-4.042,,,1,1,26.563,0.9842,0.0156,,35.269,-35.269,35.269,35.5,0.6429,0.0,0.3571,0.0,0,0,0,0,0,0,0.0,0.0,0.0,1,,0.0,,,,,0.0,0,0.0,35.4175,47.9818,55.5,0.75,0.25,1,1,25.1,4.0,,74.5,1.0,0.0,1,-0.531,53.6204,35.42,53.09,44.25,8.84,0.994294,0.005706,0.497649,0.502351,0.431646,0.568354,14.0,14.0,1,1,cfb-inseason-v3-game-lock-2026-08-30,0.102476,0.062534,0.03988,0.069599,0.439104,0.45134,0.45672,0.453373,6.434137,5.809743,5.507998,5.835168,1.866131,2.029965,2.379425,2.069137,0.711835,0.567753,0.546683,0.570025,0.189202,0.069746,0.272305,0.345958,0,,DEFERRED_TO_FILTER,,,,,,,,0,,DEFERRED_TO_FILTER,,,,,,,,,0,,DEFERRED_TO_FILTER,55.5,,,,,,,,1,-20000.0,0.994294,0.9728415079043373,0.02145249209566269,-0.0007345300000000951,0.0,0.0,1,3500.0,0.005706,0.027158492095662744,-0.021452492095662745,-0.794584,0.0,0.0,1,-35.5,-108.0,0.497649,0.4956702459300312,0.0019787540699688355,-0.04156488888888882,0.0,0.0,1,35.5,-112.0,0.502351,0.5043297540699689,-0.0019787540699689465,-0.04912132142857145,0.0,0.0,1,55.5,-110.0,0.431646,0.5,-0.06835400000000003,-0.17594854545454547,0.0,0.0,1,55.5,-110.0,0.568354,0.5,0.06835400000000003,0.0850394545454547,0.09354340000000015,0.05
2026,2,2,401858440,2026-09-12,15:30,Eastern Michigan Eagles,Michigan State Spartans,0,Spartan Stadium,open_air,Grass,Draft Kings,-17.5,49.5,0,0,1,2.5,127,2199,1,1,0,0,-2.0585,-0.3857,0.8271,1.274,-15.602,19.376,1,1,33.583,0.9102,0.0898,,19.737,-19.737,19.737,17.5,0.36,0.28,0.2,0.16,0,0,0,0,0,0,0.0,0.0,0.0,1,53.7,0.0,0.053700000000000005,0.0,1.0,0.0,0.0,2,0.0619,15.805,44.7252,49.5,0.75,0.25,1,1,26.7,3.4,,60.3,0.0,0.0,1,-0.1937,48.3063,15.87,48.11,31.99,16.12,0.871467,0.128533,0.453569,0.546431,0.460529,0.539471,14.0,14.0,1,1,cfb-inseason-v3-game-lock-2026-08-30,0.03517,0.00246,0.107186,0.016671,0.455365,0.432206,0.44046,0.437052,5.491048,5.582758,6.451087,5.71119,2.35331,1.819977,1.892245,1.712758,0.545169,0.65628,0.71335,0.580017,0.038266,0.055847,0.34175,0.297305,0,,DEFERRED_TO_FILTER,,,,,,,,0,,DEFERRED_TO_FILTER,,,,,,,,,0,,DEFERRED_TO_FILTER,49.5,,,,,,,,1,-900.0,0.871467,0.863013698630137,0.008453301369862998,-0.031703333333333306,0.0,0.0,1,600.0,0.128533,0.13698630136986303,-0.008453301369863025,-0.10026899999999994,0.0,0.0,1,-17.5,-105.0,0.453569,0.4891657638136511,-0.03559676381365112,-0.11446052380952382,0.0,0.0,1,17.5,-115.0,0.546431,0.5108342361863489,0.03559676381365107,0.021588391304347754,0.024826649999999922,0.024826649999999922,1,49.5,-115.0,0.460529,0.5108342361863489,-0.05030523618634891,-0.13901100000000005,0.0,0.0,1,49.5,-105.0,0.539471,0.4891657638136511,0.05030523618634891,0.05325290476190481,0.05591555000000005,0.05
2026,2,2,401858444,2026-09-12,15:30,Maryland Terrapins,UConn Huskies,0,Pratt & Whitney Stadium,open_air,Grass,Draft Kings,11.5,52.5,0,0,1,2.5,41,120,1,1,0,0,16.5873,21.7641,-2.6767,-7.488,2.925,-7.913,1,1,47.326,0.2636,0.7363,,-8.752,8.752,-8.752,-11.5,0.36,0.28,0.2,0.16,0,0,0,0,0,0,0.0,0.0,0.0,1,297.5,0.0,0.2975,0.0,0.0,1.0,0.0,2,-1.281,-8.5343,48.1021,52.5,0.75,0.25,1,1,24.2,2.9,,53.4,0.0,0.0,1,0.0874,51.4005,-9.82,51.49,20.84,30.65,0.241622,0.758378,0.547891,0.452109,0.471185,0.528815,14.0,14.0,1,1,cfb-inseason-v3-game-lock-2026-08-30,0.19049,0.163755,7.2e-05,-0.108182,0.476819,0.501748,0.405535,0.390684,7.002791,6.633845,4.847858,4.733649,2.597755,2.829501,1.558912,1.379425,0.65628,0.578502,0.546683,,0.171692,0.177516,0.34175,0.421115,0,,DEFERRED_TO_FILTER,,,,,,,,0,,DEFERRED_TO_FILTER,,,,,,,,,0,,DEFERRED_TO_FILTER,52.5,,,,,,,,1,350.0,0.241622,0.2132564841498559,0.028365515850144102,0.08729900000000002,0.024942571428571432,0.024942571428571432,1,-455.0,0.758378,0.7867435158501441,-0.02836551585014413,-0.07494551648351641,0.0,0.0,1,11.5,-112.0,0.547891,0.5043297540699689,0.04356124593003108,0.037079392857142845,0.04152891999999999,0.04152891999999999,1,-11.5,-108.0,0.452109,0.4956702459300312,-0.04356124593003119,-0.12927155555555553,0.0,0.0,1,52.5,-108.0,0.471185,0.4956702459300312,-0.024485245930031152,-0.09253259259259256,0.0,0.0,1,52.5,-112.0,0.528815,0.5043297540699689,0.024485245930031097,0.0009712500000000346,0.001087800000000039,0.001087800000000039
2026,2,2,401859184,2026-09-12,15:30,Rice Owls,Notre Dame Fighting Irish,0,Notre Dame Stadium,open_air,Artificial,Draft Kings,-44.5,54.5,0,0,1,2.5,87,242,1,1,0,0,4.4499,12.331,-5.3811,26.974,-12.15,41.624,1,1,57.838,0.9944,0.0055,,44.095,-44.095,44.095,44.5,0.36,0.28,0.2,0.16,0,0,0,0,0,0,0.0,0.0,0.0,1,973.5,0.0,0.9735,1.0,0.0,1.0,0.0,2,-0.5019,35.6327,41.528,54.5,0.75,0.25,1,1,28.4,3.6,,53.0,0.0,0.0,1,-0.3061,51.257,35.13,50.95,43.04,7.91,0.993952,0.006048,0.251677,0.748323,0.399937,0.600063,14.0,14.0,1,1,cfb-inseason-v3-game-lock-2026-08-30,0.080116,0.129202,-0.01787,-0.04015,0.459363,0.509226,0.449141,0.405697,5.78573,5.927328,5.771468,5.522296,1.968695,2.080583,1.682455,1.490536,0.578502,0.578502,0.491128,,0.087531,0.119346,0.304713,0.407109,0,,CURRENT_LINE_MISSING,,,,,,,,0,,DEFERRED_TO_FILTER,,,,,,,,,0,,DEFERRED_TO_FILTER,54.5,,,,,,,,0,,,,,,,,0,,,,,,,,1,-44.5,-115.0,0.251677,0.5108342361863489,-0.25915723618634895,-0.5294734347826088,0.0,0.0,1,44.5,-105.0,0.748323,0.4891657638136511,0.25915723618634884,0.4610115714285713,0.4840621499999999,0.05,1,54.5,-120.0,0.399937,0.5217391304347826,-0.12180213043478261,-0.26678216666666665,0.0,0.0,1,54.5,100.0,0.600063,0.4782608695652174,0.12180213043478261,0.20012600000000003,0.20012600000000003,0.05
2026,2,2,401866412,2026-09-12,15:30,Robert Morris Colonials,Akron Zips,0,InfoCision Stadium,open_air,Artificial,Draft Kings,-27.5,42.5,0,0,1,2.5,2006,,1,0,0,1,-4.6843,0.0,,-16.842,,,1,1,12.597,0.9404,0.0596,,23.514,-23.514,23.514,27.5,0.6429,0.0,0.3571,0.0,0,0,0,0,0,0,0.0,0.0,0.0,1,,0.0,,,,,0.0,0,0.0,26.0764,48.1404,42.5,0.75,0.25,1,1,23.5,4.3,,89.4,1.0,0.0,1,-0.6997,43.9101,26.08,43.21,34.64,8.57,0.968741,0.031259,0.459504,0.540496,0.520235,0.479765,14.0,14.0,1,1,cfb-inseason-v3-game-lock-2026-08-30,0.056769,0.062534,0.1423,0.069599,0.482711,0.45134,0.463865,0.453373,5.433768,5.809743,6.703243,5.835168,1.838159,2.029965,2.43498,2.069137,0.600724,0.567753,0.522874,0.570025,0.092121,0.069746,0.384485,0.345958,0,,DEFERRED_TO_FILTER,,,,,,,,0,,DEFERRED_TO_FILTER,,,,,,,,,0,,DEFERRED_TO_FILTER,42.5,,,,,,,,1,-6500.0,0.968741,0.9538784067085954,0.014862593291404602,-0.0163552923076924,0.0,0.0,1,2000.0,0.031259,0.046121593291404604,-0.014862593291404602,-0.3435609999999999,0.0,0.0,1,-27.5,-110.0,0.459504,0.5,-0.040495999999999976,-0.12276509090909082,0.0,0.0,1,27.5,-110.0,0.540496,0.5,0.040495999999999976,0.031855999999999995,0.03504159999999999,0.03504159999999999,1,42.5,-112.0,0.520235,0.5043297540699689,0.015905245930031064,-0.015269464285714296,0.0,0.0,1,42.5,-108.0,0.479765,0.4956702459300312,-0.015905245930031175,-0.0760081481481481,0.0,0.0
2026,2,2,401866420,2026-09-12,15:30,Sacred Heart Pioneers,Massachusetts Minutemen,0,Warren McGuirk Alumni Stadium,open_air,Artificial,Draft Kings,-23.5,53.5,0,0,1,2.5,113,,1,0,0,1,6.9605,0.0,,-11.005,,,1,1,19.464,0.948,0.052,,24.737,-24.737,24.737,23.5,0.6429,0.0,0.3571,0.0,0,0,0,0,0,0,0.0,0.0,0.0,1,,0.0,,,,,0.0,0,0.0,23.9418,47.6132,53.5,0.75,0.25,1,1,23.0,3.2,,50.2,0.0,0.0,1,-0.0813,52.0283,23.94,51.95,37.94,14.0,0.956379,0.043621,0.512587,0.487413,0.455837,0.544163,14.0,14.0,1,1,cfb-inseason-v3-game-lock-2026-08-30,0.109937,0.062534,0.00746,0.069599,0.46756,0.45134,0.436657,0.453373,6.136603,5.809743,5.825596,5.835168,2.302028,2.029965,1.879425,2.069137,0.545169,0.567753,0.546683,0.570025,0.145274,0.069746,0.351851,0.345958,0,,DEFERRED_TO_FILTER,,,,,,,,0,,DEFERRED_TO_FILTER,,,,,,,,,0,,DEFERRED_TO_FILTER,53.5,,,,,,,,1,-2400.0,0.956379,0.9258160237388724,0.030562976261127583,-0.0037718749999999523,0.0,0.0,1,1200.0,0.043621,0.0741839762611276,-0.030562976261127604,-0.43292699999999995,0.0,0.0,1,-23.5,-110.0,0.512587,0.5,0.012587000000000015,-0.021424818181818128,0.0,0.0,1,23.5,-110.0,0.487413,0.5,-0.012587000000000015,-0.0694842727272727,0.0,0.0,1,53.5,-112.0,0.455837,0.5043297540699689,-0.048492754069968946,-0.13716567857142858,0.0,0.0,1,53.5,-108.0,0.544163,0.4956702459300312,0.04849275406996878,0.04801762962962963,0.051859039999999995,0.05
2026,2,2,401856790,2026-09-12,15:30,UCF Knights,Pittsburgh Panthers,0,Acrisure Stadium,open_air,Grass,Draft Kings,-7,56.5,0,0,1,2.5,221,2116,1,1,0,0,15.0268,14.4013,3.1255,11.649,4.837,9.312,1,1,70.618,0.7568,0.2432,,9.676,-9.676,9.676,7.0,0.36,0.28,0.2,0.16,0,0,0,0,0,0,0.0,0.0,0.0,1,820.7,0.0,0.8207000000000001,0.0,0.0,1.0,0.0,2,-0.678,7.5626,53.4181,56.5,0.75,0.25,1,1,29.9,3.4,,58.9,0.0,0.0,1,-0.1937,55.7295,6.88,55.54,31.21,24.33,0.688556,0.311444,0.496713,0.503287,0.472546,0.527454,14.0,14.0,1,1,cfb-inseason-v3-game-lock-2026-08-30,0.199464,0.178968,0.054054,0.071109,0.492004,0.484226,0.405697,0.438861,6.677606,7.167606,5.551031,5.398309,3.122541,2.924739,1.738399,1.504425,0.600724,0.645169,0.71335,0.71335,0.158971,0.186845,0.397305,0.397305,0,,DEFERRED_TO_FILTER,,,,,,,,0,,DEFERRED_TO_FILTER,,,,,,,,,0,,DEFERRED_TO_FILTER,56.5,,,,,,,,1,-285.0,0.688556,0.7095435684647302,-0.020987568464730266,-0.06984540350877202,0.0,0.0,1,230.0,0.311444,0.2904564315352697,0.020987568464730322,0.027765200000000045,0.012071826086956542,0.012071826086956542,1,-7.0,-118.0,0.496713,0.5173641257162701,-0.02065112571627009,-0.08234377966101697,0.0,0.0,1,7.0,-102.0,0.503287,0.4826358742837298,0.020651125716270258,-0.0032943725490194864,0.0,0.0,1,56.5,-110.0,0.472546,0.5,-0.02745399999999998,-0.09786672727272722,0.0,0.0,1,56.5,-110.0,0.527454,0.5,0.02745399999999998,0.006957636363636388,0.007653400000000026,0.007653400000000026
2026,2,2,401867929,2026-09-12,15:30,Wagner Seahawks,James Madison Dukes,0,Bridgeforth Stadium,open_air,Artificial,Draft Kings,-45.5,54.5,0,0,1,2.5,256,,1,0,0,1,1.4498,0.0,,-2.543,,,1,1,27.61,0.9922,0.0077,,41.368,-41.368,41.368,45.5,0.6429,0.0,0.3571,0.0,0,0,0,0,0,0,0.0,0.0,0.0,1,,0.0,,,,,0.0,0,0.0,44.0243,45.8346,54.5,0.75,0.25,1,1,28.7,4.0,,61.5,1.0,0.0,1,-0.531,52.3336,44.02,51.8,47.91,3.89,0.999168,0.000832,0.458026,0.541974,0.423609,0.576391,14.0,14.0,1,1,cfb-inseason-v3-game-lock-2026-08-30,0.064256,0.062534,0.053382,0.069599,0.423342,0.45134,0.453764,0.453373,5.852754,5.809743,5.511324,5.835168,1.959371,2.029965,1.912758,2.069137,0.545169,0.567753,0.380017,0.570025,0.063887,0.069746,0.363972,0.345958,0,,CURRENT_LINE_MISSING,,,,,,,,0,,DEFERRED_TO_FILTER,,,,,,,,,0,,DEFERRED_TO_FILTER,54.5,,,,,,,,0,,,,,,,,0,,,,,,,,1,-45.5,-108.0,0.458026,0.4956702459300312,-0.037644245930031184,-0.11787585185185179,0.0,0.0,1,45.5,-112.0,0.541974,0.5043297540699689,0.03764424593003102,0.02587935714285705,0.0289848799999999,0.0289848799999999,1,54.5,-115.0,0.423609,0.5108342361863489,-0.08722523618634892,-0.208035347826087,0.0,0.0,1,54.5,-105.0,0.576391,0.4891657638136511,0.08722523618634886,0.1253348095238095,0.13160154999999996,0.05
2026,2,2,401860881,2026-09-12,16:00,Memphis Tigers,Boise State Broncos,0,Albertsons Stadium,open_air,Artificial,Draft Kings,-8.5,56.5,0,0,1,2.5,68,235,1,1,0,0,-5.6666,4.8336,-8.0002,7.779,2.06,8.219,1,1,63.144,0.7568,0.2432,,9.676,-9.676,9.676,8.5,0.36,0.28,0.2,0.16,0,0,0,0,0,0,0.0,0.0,0.0,1,1510.1,0.0,1.5101,1.0,1.0,0.0,0.0,2,1.7405,6.0165,47.4489,56.5,0.75,0.25,1,1,30.2,2.2,,16.8,0.0,0.0,1,0.4809,54.2372,7.76,54.72,31.24,23.48,0.710235,0.289765,0.478838,0.521162,0.449361,0.550639,14.0,14.0,1,1,cfb-inseason-v3-game-lock-2026-08-30,0.048865,0.124065,0.123865,0.052295,0.439355,0.466182,0.455688,0.449307,5.293675,6.51779,6.567361,6.216092,1.936643,2.119977,2.260377,1.93498,0.545169,0.600724,0.546683,0.570493,0.095109,0.139903,0.319527,0.347305,0,,DEFERRED_TO_FILTER,,,,,,,,0,,DEFERRED_TO_FILTER,,,,,,,,,0,,DEFERRED_TO_FILTER,56.5,,,,,,,,1,-325.0,0.710235,0.7335423197492164,-0.023307319749216404,-0.07123115384615389,0.0,0.0,1,260.0,0.289765,0.26645768025078376,0.023307319749216238,0.043154000000000026,0.016597692307692317,0.016597692307692317,1,-8.5,-105.0,0.478838,0.4891657638136511,-0.010327763813651136,-0.06512580952380959,0.0,0.0,1,8.5,-115.0,0.521162,0.5108342361863489,0.01032776381365108,-0.025653652173913077,0.0,0.0,1,56.5,-108.0,0.449361,0.4956702459300312,-0.04630924593003116,-0.1345639999999999,0.0,0.0,1,56.5,-112.0,0.550639,0.5043297540699689,0.04630924593003105,0.042280964285714207,0.04735467999999991,0.04735467999999991
2026,2,2,401858443,2026-09-12,16:15,San Diego State Aztecs,UCLA Bruins,0,Rose Bowl,open_air,Grass,Draft Kings,-12.5,54.5,0,0,1,2.5,26,21,1,1,0,0,12.9137,7.0154,8.3983,5.068,1.185,6.383,1,1,58.591,0.6717,0.3282,,6.106,-6.106,6.106,12.5,0.36,0.28,0.2,0.16,0,0,0,0,0,0,0.0,0.0,0.0,1,112.6,0.0,0.11259999999999999,0.0,1.0,0.0,0.0,2,0.1298,8.8522,49.4228,54.5,0.75,0.25,1,1,31.4,3.3,,46.1,0.0,0.0,1,-0.1375,53.2307,8.98,53.09,31.04,22.06,0.739423,0.260577,0.400795,0.599205,0.45998,0.54002,14.0,14.0,1,1,cfb-inseason-v3-game-lock-2026-08-30,0.158697,0.09488,-0.000419,0.037587,0.499611,0.462183,0.418528,0.460582,6.82188,5.926925,5.58391,5.456779,2.35331,2.712284,1.733591,1.796091,0.616597,0.568978,0.630017,0.446683,0.187918,0.114135,0.369527,0.34175,0,,DEFERRED_TO_FILTER,,,,,,,,0,,DEFERRED_TO_FILTER,,,,,,,,,0,,DEFERRED_TO_FILTER,54.5,,,,,,,,1,-470.0,0.739423,0.7913616398243044,-0.051938639824304356,-0.10325295744680837,0.0,0.0,1,360.0,0.260577,0.20863836017569548,0.05193863982430452,0.1986542,0.05518172222222223,0.05,1,-12.5,-108.0,0.400795,0.4956702459300312,-0.09487524593003116,-0.22809851851851842,0.0,0.0,1,12.5,-112.0,0.599205,0.5043297540699689,0.09487524593003105,0.13420946428571423,0.15031459999999994,0.05,1,54.5,-120.0,0.45998,0.5217391304347826,-0.061759130434782594,-0.1567033333333332,0.0,0.0,1,54.5,100.0,0.54002,0.4782608695652174,0.06175913043478254,0.08003999999999989,0.08003999999999989,0.05
2026,2,2,401856783,2026-09-12,16:30,Texas Tech Red Raiders,Oregon State Beavers,0,Reser Stadium,open_air,Artificial,Draft Kings,26.5,53.5,0,0,1,2.5,204,2641,1,1,0,0,-3.2243,8.4805,-9.2049,-7.212,18.362,-23.074,1,1,65.541,0.0597,0.9402,,-23.481,23.481,-23.481,-26.5,0.36,0.28,0.2,0.16,0,0,0,0,0,0,0.0,0.0,0.0,1,1369.3,0.0,1.3693,2.0,1.0,0.0,0.0,2,1.5782,-22.1697,46.3398,53.5,0.75,0.25,1,1,14.1,2.2,,95.0,1.0,0.0,1,0.4809,51.71,-20.59,52.19,15.8,36.39,0.07067,0.92933,0.663501,0.336499,0.46275,0.53725,14.0,14.0,1,1,cfb-inseason-v3-game-lock-2026-08-30,0.078619,0.099517,0.122574,0.016042,0.451578,0.451578,0.464286,0.438861,5.818367,6.023847,6.468816,5.048582,1.797755,2.35331,2.225578,1.682455,0.711835,0.511835,0.51335,0.380017,0.127829,0.114567,0.297305,0.369527,0,,DEFERRED_TO_FILTER,,,,,,,,0,,DEFERRED_TO_FILTER,,,,,,,,,0,,DEFERRED_TO_FILTER,53.5,,,,,,,,1,1400.0,0.07067,0.06432748538011696,0.006342514619883041,0.06004999999999994,0.00428928571428571,0.00428928571428571,1,-3200.0,0.92933,0.9356725146198831,-0.006342514619883111,-0.04162843750000001,0.0,0.0,1,26.5,-115.0,0.663501,0.5108342361863489,0.15266676381365107,0.24045839130434776,0.27652714999999994,0.05,1,-26.5,-105.0,0.336499,0.4891657638136511,-0.15266676381365113,-0.3430257619047619,0.0,0.0,1,53.5,-115.0,0.46275,0.5108342361863489,-0.04808423618634894,-0.134858695652174,0.0,0.0,1,53.5,-105.0,0.53725,0.4891657638136511,0.04808423618634888,0.04891666666666661,0.05136249999999994,0.05
2026,2,2,401860882,2026-09-12,17:00,Southern Utah Thunderbirds,Colorado State Rams,0,Canvas Stadium,open_air,Artificial,Draft Kings,-20.5,56.5,0,0,1,2.5,36,,1,0,0,1,8.5759,0.0,,-7.873,,,1,1,25.365,0.823,0.177,,13.1,-13.1,13.1,20.5,0.6429,0.0,0.3571,0.0,0,0,0,0,0,0,0.0,0.0,0.0,1,,0.0,,,,,0.0,0,0.0,17.8571,47.2982,56.5,0.75,0.25,1,1,25.1,4.7,,34.9,0.0,0.0,1,-0.9246,54.1996,17.86,53.27,35.57,17.71,0.898936,0.101064,0.425134,0.574866,0.408907,0.591093,14.0,14.0,1,1,cfb-inseason-v3-game-lock-2026-08-30,0.13915,0.062534,-0.003727,0.069599,0.477976,0.45134,0.459481,0.453373,5.888787,5.809743,5.714011,5.835168,2.413916,2.029965,1.712758,2.069137,0.645169,0.567753,0.546683,0.570025,0.112147,0.069746,0.349686,0.345958,0,,DEFERRED_TO_FILTER,,,,,,,,0,,DEFERRED_TO_FILTER,,,,,,,,,0,,DEFERRED_TO_FILTER,56.5,,,,,,,,1,-2100.0,0.898936,0.9197080291970803,-0.02077202919708032,-0.05825752380952381,0.0,0.0,1,1100.0,0.101064,0.08029197080291971,0.020772029197080294,0.21276800000000007,0.01934254545454546,0.01934254545454546,1,-20.5,-108.0,0.425134,0.4956702459300312,-0.07053624593003116,-0.18122340740740733,0.0,0.0,1,20.5,-112.0,0.574866,0.5043297540699689,0.07053624593003105,0.08813921428571425,0.09871591999999997,0.05,1,56.5,-115.0,0.408907,0.5108342361863489,-0.10192723618634891,-0.23552169565217396,0.0,0.0,1,56.5,-105.0,0.591093,0.4891657638136511,0.10192723618634886,0.15403871428571425,0.16174064999999999,0.05
2026,2,2,401856672,2026-09-12,17:30,Campbell Fighting Camels,Florida Gators,0,Ben Hill Griffin Stadium,open_air,Grass,Draft Kings,-49.5,65.5,0,0,1,2.5,57,,1,0,0,1,12.0298,0.0,,15.597,,,1,1,46.86,0.9946,0.0054,,44.51,-44.51,44.51,49.5,0.6429,0.0,0.3571,0.0,0,0,0,0,0,0,0.0,0.0,0.0,1,,0.0,,,,,0.0,0,0.0,47.7179,51.6729,65.5,0.75,0.25,1,1,26.2,1.3,,94.7,0.0,0.0,1,0.9869,62.0432,47.72,63.03,55.37,7.66,0.999673,0.000327,0.449353,0.550647,0.429982,0.570018,14.0,14.0,1,1,cfb-inseason-v3-game-lock-2026-08-30,0.194496,0.062534,0.075973,0.069599,0.484973,0.45134,0.457804,0.453373,6.962714,5.809743,5.364186,5.835168,2.924739,2.029965,1.962758,2.069137,0.711835,0.567753,0.630017,0.570025,0.124393,0.069746,0.378787,0.345958,0,,CURRENT_LINE_MISSING,,,,,,,,0,,DEFERRED_TO_FILTER,,,,,,,,,0,,DEFERRED_TO_FILTER,65.5,,,,,,,,0,,,,,,,,0,,,,,,,,1,-49.5,-112.0,0.449353,0.5043297540699689,-0.054976754069968936,-0.1494389642857143,0.0,0.0,1,49.5,-108.0,0.550647,0.4956702459300312,0.054976754069968825,0.06050533333333341,0.06534576000000007,0.05,1,65.5,-110.0,0.429982,0.5,-0.07001800000000002,-0.17912527272727274,0.0,0.0,1,65.5,-110.0,0.570018,0.5,0.07001800000000002,0.08821618181818192,0.0970378000000001,0.05
2026,2,2,401864578,2026-09-12,17:59,New Mexico State Aggies,Hawai'i Rainbow Warriors,0,Clarence T.C. Ching Athletics Complex,open_air,Grass,Draft Kings,-7,50.5,0,0,1,2.5,62,166,1,1,0,0,-6.2001,5.769,-9.4691,-6.908,-13.022,8.614,1,1,27.926,0.8049,0.195,,12.08,-12.08,12.08,7.0,0.36,0.28,0.2,0.16,0,0,0,0,0,0,0.0,0.0,0.0,1,3210.2,0.0,3.2102,4.0,1.0,0.0,0.0,2,3.7,5.8329,46.8841,50.5,0.75,0.25,1,1,25.4,8.0,,69.6,0.0,0.0,1,-2.7798,49.596,9.53,46.82,28.17,18.64,0.752039,0.247961,0.571785,0.428215,0.396226,0.603774,14.0,14.0,1,1,cfb-inseason-v3-game-lock-2026-08-30,0.00708,0.146042,0.090943,0.09317,0.421507,0.453124,0.456095,0.444699,5.27667,6.311482,6.03883,5.787548,1.746167,2.469252,2.046091,1.892245,0.545169,0.578502,0.602239,0.630017,-0.037853,0.102711,0.362217,0.386194,0,,DEFERRED_TO_FILTER,,,,,,,,0,,DEFERRED_TO_FILTER,,,,,,,,,0,,DEFERRED_TO_FILTER,50.5,,,,,,,,1,-310.0,0.752039,0.725752508361204,0.02628649163879604,-0.005367774193548419,0.0,0.0,1,250.0,0.247961,0.27424749163879597,-0.026286491638795983,-0.1321365,0.0,0.0,1,-7.0,-112.0,0.571785,0.5043297540699689,0.06745524593003105,0.08230732142857133,0.0921841999999999,0.05,1,7.0,-108.0,0.428215,0.4956702459300312,-0.06745524593003116,-0.17528962962962957,0.0,0.0,1,50.5,-108.0,0.396226,0.4956702459300312,-0.09944424593003115,-0.23689807407407404,0.0,0.0,1,50.5,-112.0,0.603774,0.5043297540699689,0.0994442459300311,0.14285792857142865,0.1600008800000001,0.05
2026,2,2,401858441,2026-09-12,18:00,Bowling Green Falcons,Nebraska Cornhuskers,0,"Memorial Stadium (Lincoln, NE)",open_air,Artificial,Draft Kings,-30.5,50.5,0,0,1,2.5,158,189,1,1,0,0,9.6223,-2.6655,14.7878,11.321,-14.561,28.382,1,1,46.785,0.9711,0.0288,,29.966,-29.966,29.966,30.5,0.36,0.28,0.2,0.16,0,0,0,0,0,0,0.0,0.0,0.0,1,681.6,0.0,0.6816,1.0,1.0,0.0,0.0,2,0.7856,27.2862,48.7781,50.5,0.75,0.25,1,1,22.7,4.2,,53.5,0.0,0.0,1,-0.6435,50.0695,28.07,49.43,38.75,10.68,0.977525,0.022475,0.431152,0.568848,0.469427,0.530573,14.0,14.0,1,1,cfb-inseason-v3-game-lock-2026-08-30,0.157752,-0.006298,0.054592,0.035688,0.476569,0.444483,0.445838,0.454295,6.229018,5.750085,5.628573,6.235141,2.838159,1.747249,1.962758,1.93498,0.711835,0.489613,0.546683,0.46335,0.139863,-0.000386,0.34175,0.369527,0,,DEFERRED_TO_FILTER,,,,,,,,0,,DEFERRED_TO_FILTER,,,,,,,,,0,,DEFERRED_TO_FILTER,50.5,,,,,,,,1,-5000.0,0.977525,0.949050949050949,0.028474050949050977,-0.002924500000000007,0.0,0.0,1,1800.0,0.022475,0.050949050949050945,-0.028474050949050946,-0.572975,0.0,0.0,1,-30.5,-110.0,0.431152,0.5,-0.06884800000000002,-0.17689163636363636,0.0,0.0,1,30.5,-110.0,0.568848,0.5,0.06884800000000002,0.08598254545454553,0.09458080000000008,0.05,1,50.5,-112.0,0.469427,0.5043297540699689,-0.034902754069968955,-0.11144175,0.0,0.0,1,50.5,-108.0,0.530573,0.4956702459300312,0.03490275406996879,0.021844296296296306,0.023591840000000006,0.023591840000000006
2026,2,2,401866414,2026-09-12,18:00,Buffalo Bulls,Florida International Panthers,0,FIU Stadium,open_air,Artificial,Draft Kings,-10,47.5,0,0,1,2.5,2229,2084,1,1,0,0,-0.2129,2.5339,-0.2468,-12.119,-12.573,2.954,1,1,22.88,0.5548,0.4451,,1.877,-1.877,1.877,10.0,0.36,0.28,0.2,0.16,0,0,0,0,0,0,0.0,0.0,0.0,1,1195.1,0.0,1.1950999999999998,0.0,1.0,0.0,0.0,2,1.3775,4.763,41.5369,47.5,0.75,0.25,1,1,28.0,2.5,,80.1,0.0,0.0,1,0.3123,46.0092,6.14,46.32,26.23,20.09,0.669527,0.330473,0.391397,0.608603,0.466457,0.533543,14.0,14.0,1,1,cfb-inseason-v3-game-lock-2026-08-30,0.00723,0.032384,0.012548,0.014604,0.434226,0.435092,0.447703,0.422619,5.677606,5.392642,5.144657,5.214186,1.686643,1.79081,2.012758,1.733591,0.545169,0.711835,0.46335,0.546683,0.076765,0.026321,0.328678,0.373496,0,,DEFERRED_TO_FILTER,,,,,,,,0,,DEFERRED_TO_FILTER,,,,,,,,,0,,DEFERRED_TO_FILTER,47.5,,,,,,,,1,-440.0,0.669527,0.7819063004846527,-0.11237930048465272,-0.17830777272727275,0.0,0.0,1,340.0,0.330473,0.21809369951534735,0.11237930048465267,0.4540812000000003,0.13355329411764713,0.05,1,-10.0,-115.0,0.391397,0.5108342361863489,-0.11943723618634894,-0.2682577826086957,0.0,0.0,1,10.0,-105.0,0.608603,0.4891657638136511,0.11943723618634888,0.1882249047619048,0.19763615000000004,0.05,1,47.5,-112.0,0.466457,0.5043297540699689,-0.03787275406996893,-0.11706353571428574,0.0,0.0,1,47.5,-108.0,0.533543,0.4956702459300312,0.03787275406996882,0.027564296296296364,0.02976944000000007,0.02976944000000007
2026,2,2,401864504,2026-09-12,18:00,Cal Poly Mustangs,San José State Spartans,0,CEFCU Stadium,open_air,Artificial,Draft Kings,-20.5,56.5,0,0,1,2.5,23,,1,0,0,1,-0.4519,0.0,,-10.146,,,1,1,20.438,0.9135,0.0864,,20.088,-20.088,20.088,20.5,0.6429,0.0,0.3571,0.0,0,0,0,0,0,0,0.0,0.0,0.0,1,,0.0,,,,,0.0,0,0.0,20.3529,46.6881,56.5,0.75,0.25,1,1,20.8,5.4,,52.5,0.0,0.0,1,-1.3181,54.047,20.35,52.73,36.54,16.19,0.926996,0.073004,0.495807,0.504193,0.393826,0.606174,14.0,14.0,1,1,cfb-inseason-v3-game-lock-2026-08-30,0.090232,0.062534,0.071103,0.069599,0.454739,0.45134,0.477074,0.453373,5.937264,5.809743,5.754914,5.835168,1.923203,2.029965,2.097373,2.069137,0.545169,0.567753,0.676313,0.570025,0.090225,0.069746,0.34175,0.345958,0,,DEFERRED_TO_FILTER,,,,,,,,0,,DEFERRED_TO_FILTER,,,,,,,,,0,,DEFERRED_TO_FILTER,56.5,,,,,,,,1,-2100.0,0.926996,0.9197080291970803,0.007287970802919763,-0.02886133333333324,0.0,0.0,1,1100.0,0.073004,0.08029197080291971,-0.007287970802919708,-0.12395200000000006,0.0,0.0,1,-20.5,-110.0,0.495807,0.5,-0.004193000000000002,-0.05345936363636361,0.0,0.0,1,20.5,-110.0,0.504193,0.5,0.004193000000000002,-0.03744972727272722,0.0,0.0,1,56.5,-112.0,0.393826,0.5043297540699689,-0.11050375406996893,-0.25454364285714287,0.0,0.0,1,56.5,-108.0,0.606174,0.4956702459300312,0.11050375406996882,0.16744622222222227,0.18084192000000004,0.05
2026,2,2,401864503,2026-09-12,18:00,Illinois State Redbirds,Northern Illinois Huskies,0,Huskie Stadium,open_air,Artificial,Draft Kings,4.5,48.5,0,0,1,2.5,2459,,1,0,0,1,-9.1348,0.0,,-17.716,,,1,1,21.923,0.4103,0.5897,,-3.092,3.092,-3.092,-4.5,0.6429,0.0,0.3571,0.0,0,0,0,0,0,0,0.0,0.0,0.0,1,,0.0,,,,,0.0,0,0.0,-3.9971,43.8009,48.5,0.75,0.25,1,1,25.3,3.5,,74.7,0.0,0.0,1,-0.2499,47.3252,-4.0,47.08,21.54,25.54,0.387627,0.612373,0.514326,0.485674,0.459472,0.540528,14.0,14.0,1,1,cfb-inseason-v3-game-lock-2026-08-30,8.4e-05,0.062534,0.068234,0.069599,0.405831,0.45134,0.456095,0.453373,4.811433,5.809743,6.056779,5.835168,1.35331,2.029965,2.165139,2.069137,,0.567753,0.51335,0.570025,0.021374,0.069746,0.297305,0.345958,0,,DEFERRED_TO_FILTER,,,,,,,,0,,DEFERRED_TO_FILTER,,,,,,,,,0,,DEFERRED_TO_FILTER,48.5,,,,,,,,1,145.0,0.387627,0.3907637655417407,-0.0031367655417406937,-0.05031384999999999,0.0,0.0,1,-175.0,0.612373,0.6092362344582594,0.0031367655417405826,-0.037699571428571554,0.0,0.0,1,4.5,-115.0,0.514326,0.5108342361863489,0.0034917638136510165,-0.03843400000000019,0.0,0.0,1,-4.5,-105.0,0.485674,0.4891657638136511,-0.0034917638136511275,-0.0517793333333334,0.0,0.0,1,48.5,-108.0,0.459472,0.4956702459300312,-0.03619824593003118,-0.11509096296296295,0.0,0.0,1,48.5,-112.0,0.540528,0.5043297540699689,0.03619824593003107,0.02314228571428567,0.025919359999999954,0.025919359999999954
2026,2,2,401866418,2026-09-12,18:00,Jacksonville State Gamecocks,Ohio Bobcats,0,Peden Stadium,open_air,Artificial,Draft Kings,-2.5,50.5,0,0,1,2.5,195,55,1,1,0,0,-8.8904,4.2315,-10.6219,-9.95,-10.02,2.57,1,1,29.325,0.5716,0.4284,,2.459,-2.459,2.459,2.5,0.36,0.28,0.2,0.16,0,0,0,0,0,0,0.0,0.0,0.0,1,430.9,0.0,0.43089999999999995,1.0,0.0,1.0,0.0,2,-1.1273,0.4119,50.7643,50.5,0.75,0.25,1,1,24.2,3.3,,91.1,1.0,0.0,1,-0.1375,50.5661,-0.72,50.43,24.86,25.57,0.479624,0.520376,0.409175,0.590825,0.497965,0.502035,14.0,14.0,1,1,cfb-inseason-v3-game-lock-2026-08-30,0.049882,0.077372,0.162462,0.045441,0.444483,0.476332,0.477924,0.460851,5.611623,5.969653,6.245968,5.798714,1.936643,2.169977,2.864273,1.857685,0.545169,0.628502,0.71335,0.491128,0.068513,0.063552,0.34175,0.382154,0,,DEFERRED_TO_FILTER,,,,,,,,0,,DEFERRED_TO_FILTER,,,,,,,,,0,,DEFERRED_TO_FILTER,50.5,,,,,,,,1,-135.0,0.479624,0.551441114716549,-0.071817114716549,-0.16509896296296295,0.0,0.0,1,114.0,0.520376,0.44855888528345106,0.07181711471654889,0.1136046399999997,0.09965319298245591,0.05,1,-2.5,-112.0,0.409175,0.5043297540699689,-0.09515475406996893,-0.2254901785714285,0.0,0.0,1,2.5,-108.0,0.590825,0.4956702459300312,0.09515475406996887,0.13788518518518533,0.14891600000000013,0.05,1,50.5,-115.0,0.497965,0.5108342361863489,-0.012869236186348942,-0.0690219565217392,0.0,0.0,1,50.5,-105.0,0.502035,0.4891657638136511,0.012869236186348887,-0.019836428571428588,0.0,0.0
2026,2,2,401871046,2026-09-12,18:00,Lindenwood Lions,Missouri State Bears,0,Plaster Sports Complex,open_air,Artificial,Draft Kings,-19.5,52.5,0,0,1,2.5,2623,,1,0,0,1,-20.2366,0.0,,-15.903,,,1,1,13.961,0.89,0.11,,17.818,-17.818,17.818,19.5,0.6429,0.0,0.3571,0.0,0,0,0,0,0,0,0.0,0.0,0.0,1,,0.0,,,,,0.0,0,0.0,18.8993,45.9177,52.5,0.75,0.25,1,1,32.2,2.2,,44.1,0.0,0.0,1,0.4809,50.8544,18.9,51.34,35.12,16.22,0.911484,0.088516,0.482887,0.517113,0.46685,0.53315,14.0,14.0,1,1,cfb-inseason-v3-game-lock-2026-08-30,-0.136871,0.062534,0.13291,0.069599,0.352175,0.45134,0.492725,0.453373,4.514187,5.809743,5.782969,5.835168,1.35331,2.029965,2.533271,2.069137,,0.567753,0.58835,0.570025,-0.147427,0.069746,0.291245,0.345958,0,,DEFERRED_TO_FILTER,,,,,,,,0,,DEFERRED_TO_FILTER,,,,,,,,,0,,DEFERRED_TO_FILTER,52.5,,,,,,,,1,-1650.0,0.911484,0.908256880733945,0.003227119266055012,-0.03327454545454554,0.0,0.0,1,950.0,0.088516,0.09174311926605504,-0.0032271192660550396,-0.07058200000000003,0.0,0.0,1,-19.5,-110.0,0.482887,0.5,-0.01711299999999999,-0.07812481818181805,0.0,0.0,1,19.5,-110.0,0.517113,0.5,0.017113000000000045,-0.012784272727272616,0.0,0.0,1,52.5,-115.0,0.46685,0.5108342361863489,-0.043984236186348946,-0.12719347826086963,0.0,0.0,1,52.5,-105.0,0.53315,0.4891657638136511,0.04398423618634889,0.04091190476190476,0.0429575,0.0429575
2026,2,2,401864575,2026-09-12,18:00,South Alabama Jaguars,Tulane Green Wave,0,Yulman Stadium,open_air,Artificial,Draft Kings,-9.5,49.5,0,0,1,2.5,2655,6,1,1,0,0,-5.3636,0.3238,-3.1874,-0.488,-9.557,11.569,1,1,40.161,0.7957,0.2043,,11.59,-11.59,11.59,9.5,0.36,0.28,0.2,0.16,0,0,0,0,0,0,0.0,0.0,0.0,1,134.1,0.0,0.1341,0.0,1.0,0.0,0.0,2,0.1546,8.4673,40.8181,49.5,0.75,0.25,1,1,26.7,2.3,,87.2,0.0,0.0,1,0.4247,47.3295,8.62,47.75,28.19,19.57,0.731003,0.268997,0.474994,0.525006,0.450382,0.549618,14.0,14.0,1,1,cfb-inseason-v3-game-lock-2026-08-30,-0.040958,0.048585,0.033473,-0.005126,0.405831,0.44375,0.428375,0.455402,5.471927,5.420781,5.592815,6.079301,1.424739,2.043786,1.784186,1.846091,0.378502,0.521359,0.491128,0.71335,0.006037,0.014007,0.302067,0.376472,0,,DEFERRED_TO_FILTER,,,,,,,,0,,DEFERRED_TO_FILTER,,,,,,,,,0,,DEFERRED_TO_FILTER,49.5,,,,,,,,1,-395.0,0.731003,0.7659021045164341,-0.03489910451643419,-0.08393294936708864,0.0,0.0,1,310.0,0.268997,0.23409789548356588,0.034899104516434104,0.1028876999999998,0.03318958064516123,0.03318958064516123,1,-9.5,-115.0,0.474994,0.5108342361863489,-0.035840236186348906,-0.11196773913043478,0.0,0.0,1,9.5,-105.0,0.525006,0.4891657638136511,0.03584023618634885,0.025011714285714248,0.02626229999999996,0.02626229999999996,1,49.5,-112.0,0.450382,0.5043297540699689,-0.053947754069968934,-0.14749121428571427,0.0,0.0,1,49.5,-108.0,0.549618,0.4956702459300312,0.05394775406996888,0.05852355555555566,0.06320544000000011,0.05
2026,2,2,401856787,2026-09-12,18:00,Southern Jaguars,Houston Cougars,0,TDECU Stadium,open_air,Artificial,Draft Kings,-51.5,60.5,0,0,1,2.5,248,,1,0,0,1,4.015,0.0,,6.484,,,1,1,36.517,0.9969,0.0031,,49.143,-49.143,49.143,51.5,0.6429,0.0,0.3571,0.0,0,0,0,0,0,0,0.0,0.0,0.0,1,,0.0,,,,,0.0,0,0.0,50.6582,46.704,60.5,0.75,0.25,1,1,31.2,3.2,,64.5,0.0,0.0,1,-0.0813,57.051,50.66,56.97,53.81,3.16,0.999852,0.000148,0.476027,0.523973,0.400458,0.599542,14.0,14.0,1,1,cfb-inseason-v3-game-lock-2026-08-30,0.117863,0.062534,0.083329,0.069599,0.46293,0.45134,0.452933,0.453373,6.451865,5.809743,5.835317,5.835168,2.199464,2.029965,1.823869,2.069137,0.511835,0.567753,0.71335,0.570025,0.090793,0.069746,0.384485,0.345958,0,,CURRENT_LINE_MISSING,,,,,,,,0,,DEFERRED_TO_FILTER,,,,,,,,,0,,DEFERRED_TO_FILTER,60.5,,,,,,,,0,,,,,,,,0,,,,,,,,1,-51.5,-112.0,0.476027,0.5043297540699689,-0.02830275406996896,-0.09894889285714292,0.0,0.0,1,51.5,-108.0,0.523973,0.4956702459300312,0.02830275406996885,0.0091331851851853,0.009863840000000122,0.009863840000000122,1,60.5,-112.0,0.400458,0.5043297540699689,-0.10387175406996896,-0.24199021428571432,0.0,0.0,1,60.5,-108.0,0.599542,0.4956702459300312,0.10387175406996885,0.15467348148148163,0.16704736000000014,0.05
2026,2,2,401862707,2026-09-12,18:00,Tulsa Golden Hurricane,Sam Houston Bearkats,0,Elliott T. Bowers Stadium,open_air,Artificial,Draft Kings,13.5,51.5,0,0,1,2.5,2534,202,1,1,0,0,0.1564,4.8314,-2.175,-16.562,-3.402,-10.66,1,1,28.767,0.205,0.795,,-11.554,11.554,-11.554,-13.5,0.36,0.28,0.2,0.16,0,0,0,0,0,0,0.0,0.0,0.0,1,376.2,0.0,0.3762,0.0,0.0,1.0,0.0,2,-1.1903,-10.5036,42.0503,51.5,0.75,0.25,1,1,33.7,3.3,,44.7,0.0,0.0,1,-0.1375,49.1376,-11.69,49.0,18.65,30.35,0.20178,0.79822,0.551324,0.448676,0.429139,0.570861,14.0,14.0,1,1,cfb-inseason-v3-game-lock-2026-08-30,0.034445,0.071556,0.065912,-0.028825,0.458036,0.431845,0.430454,0.437907,5.735066,6.033876,5.700368,5.316468,1.819977,1.924739,1.950853,1.61752,0.711835,0.545169,0.546683,0.446683,0.037831,0.095209,0.325877,0.260941,0,,DEFERRED_TO_FILTER,,,,,,,,0,,DEFERRED_TO_FILTER,,,,,,,,,0,,DEFERRED_TO_FILTER,51.5,,,,,,,,1,400.0,0.20178,0.19184290030211482,0.009937099697885171,0.008899999999999908,0.002224999999999977,0.002224999999999977,1,-535.0,0.79822,0.8081570996978852,-0.009937099697885143,-0.05257999999999993,0.0,0.0,1,13.5,-110.0,0.551324,0.5,0.051324000000000036,0.05252763636363644,0.05778040000000008,0.05,1,-13.5,-110.0,0.448676,0.5,-0.05132399999999998,-0.14343672727272716,0.0,0.0,1,51.5,-105.0,0.429139,0.4891657638136511,-0.06002676381365113,-0.1621571904761906,0.0,0.0,1,51.5,-115.0,0.570861,0.5108342361863489,0.06002676381365102,0.06726186956521724,0.07735114999999983,0.05
2026,2,2,401868241,2026-09-12,18:00,West Georgia Wolves,Arkansas State Red Wolves,0,Centennial Bank Stadium,open_air,Artificial,,,,0,0,1,2.5,2032,,1,0,0,1,-5.5683,0.0,,-10.746,,,1,1,20.066,0.9144,0.0855,,20.185,-20.185,20.185,,0.0,0.0,1.0,0.0,0,0,0,0,0,0,0.0,0.0,0.0,1,351.8,0.0,0.3518,1.0,1.0,0.0,0.0,2,0.4055,20.185,48.5715,,0.0,1.0,1,1,32.0,1.5,,45.9,0.0,0.0,1,0.8745,48.5715,20.59,49.45,35.02,14.43,0.92932,0.07068,0.5,0.5,0.5,0.5,14.0,14.0,0,0,cfb-inseason-v3-game-lock-2026-08-30,0.040285,0.062534,0.168044,0.069599,0.479054,0.45134,0.485044,0.453373,6.643277,5.809743,6.814843,5.835168,1.968695,2.029965,2.379425,2.069137,0.600724,0.567753,0.71335,0.570025,0.029069,0.069746,0.363972,0.345958,0,,CURRENT_ODDS_UNAVAILABLE,,,,,,,,0,,CURRENT_ODDS_UNAVAILABLE,,,,,,,,,0,,CURRENT_ODDS_UNAVAILABLE,,,,,,,,,0,,,,,,,,0,,,,,,,,0,,,,,,,,,0,,,,,,,,,0,,,,,,,,,0,,,,,,,,
2026,2,2,401858447,2026-09-12,18:15,Western Illinois Leathernecks,Wisconsin Badgers,0,Camp Randall Stadium,open_air,Artificial,Draft Kings,-38.5,48.5,0,0,1,2.5,275,,1,0,0,1,-5.4676,0.0,,3.765,,,1,1,33.487,0.9919,0.008,,40.945,-40.945,40.945,38.5,0.6429,0.0,0.3571,0.0,0,0,0,0,0,0,0.0,0.0,0.0,1,,0.0,,,,,0.0,0,0.0,39.3732,44.5639,48.5,0.75,0.25,1,1,23.9,3.0,,66.9,0.0,0.0,1,0.0312,47.516,39.37,47.55,43.46,4.09,0.997541,0.002459,0.524867,0.475133,0.472869,0.527131,14.0,14.0,1,1,cfb-inseason-v3-game-lock-2026-08-30,-0.02258,0.062534,0.084826,0.069599,0.447786,0.45134,0.460718,0.453373,5.754518,5.809743,5.80268,5.835168,1.65634,2.029965,1.994809,2.069137,0.489613,0.567753,0.580017,0.570025,-0.034746,0.069746,0.34175,0.345958,0,,CURRENT_LINE_MISSING,,,,,,,,0,,DEFERRED_TO_FILTER,,,,,,,,,0,,DEFERRED_TO_FILTER,48.5,,,,,,,,0,,,,,,,,0,,,,,,,,1,-38.5,-105.0,0.524867,0.4891657638136511,0.03570123618634885,0.024740333333333253,0.025977349999999916,0.025977349999999916,1,38.5,-115.0,0.475133,0.5108342361863489,-0.035701236186348906,-0.11170786956521739,0.0,0.0,1,48.5,-112.0,0.472869,0.5043297540699689,-0.031460754069968955,-0.10492653571428578,0.0,0.0,1,48.5,-108.0,0.527131,0.4956702459300312,0.031460754069968844,0.015215259259259373,0.01643248000000012,0.01643248000000012
2026,2,2,401856788,2026-09-12,18:30,Iowa State Cyclones,Iowa Hawkeyes,0,Kinnick Stadium,open_air,Artificial,Draft Kings,-14,41.5,0,0,1,2.5,2294,66,1,1,0,0,8.7852,6.7879,4.4973,11.049,-0.796,14.345,1,1,64.083,0.8457,0.1543,,14.498,-14.498,14.498,14.0,0.36,0.28,0.2,0.16,0,0,0,0,0,0,0.0,0.0,0.0,1,110.1,0.0,0.11009999999999999,0.0,0.0,1.0,0.0,2,-1.497,12.6758,42.9159,41.5,0.75,0.25,1,1,25.2,4.5,,61.9,0.0,0.0,1,-0.8121,41.854,11.18,41.04,26.11,14.93,0.787705,0.212295,0.420147,0.579853,0.486947,0.513053,14.0,14.0,1,1,cfb-inseason-v3-game-lock-2026-08-30,0.063524,0.040103,0.004794,-0.041434,0.454739,0.425893,0.407187,0.411701,6.039828,5.977328,4.828383,5.039366,2.139024,2.327669,1.379425,1.61752,0.511835,0.645169,,0.71335,0.113846,0.061952,0.349686,0.330638,0,,DEFERRED_TO_FILTER,,,,,,,,0,,DEFERRED_TO_FILTER,,,,,,,,,0,,DEFERRED_TO_FILTER,41.5,,,,,,,,1,-575.0,0.787705,0.8172588832487311,-0.029553883248731094,-0.07530282608695663,0.0,0.0,1,425.0,0.212295,0.18274111675126903,0.029553883248730983,0.11454875000000009,0.02695264705882355,0.02695264705882355,1,-14.0,-108.0,0.420147,0.4956702459300312,-0.07552324593003118,-0.1908279999999999,0.0,0.0,1,14.0,-112.0,0.579853,0.5043297540699689,0.07552324593003101,0.09757889285714272,0.10928835999999985,0.05,1,41.5,-102.0,0.486947,0.4826358742837298,0.0043111257162702366,-0.03565398039215678,0.0,0.0,1,41.5,-118.0,0.513053,0.5173641257162701,-0.0043111257162701255,-0.05215632203389836,0.0,0.0
2026,2,2,401867796,2026-09-12,18:30,Louisiana Tech Bulldogs,LSU Tigers,0,Tiger Stadium (LA),open_air,Grass,Draft Kings,-35.5,55.5,0,0,1,2.5,99,2348,1,1,0,0,13.8559,21.4796,-5.1237,24.266,-5.962,32.728,1,1,67.416,0.9817,0.0183,,33.95,-33.95,33.95,35.5,0.36,0.28,0.2,0.16,0,0,0,0,0,0,0.0,0.0,0.0,1,170.2,0.0,0.1702,0.0,0.0,1.0,0.0,2,-1.4277,27.914,49.1109,55.5,0.75,0.25,1,1,28.7,2.2,,78.5,0.0,0.0,1,0.4809,53.9027,26.49,54.38,40.43,13.95,0.970746,0.029254,0.259841,0.740159,0.468222,0.531778,14.0,14.0,1,1,cfb-inseason-v3-game-lock-2026-08-30,0.119923,0.216913,-0.080412,-0.012992,0.474652,0.46756,0.406415,0.385582,6.117843,7.027924,5.10539,4.712334,2.327669,3.091405,1.61752,1.504425,0.628502,0.711835,0.71335,0.380017,0.139972,0.192759,0.438972,0.351851,0,,DEFERRED_TO_FILTER,,,,,,,,0,,DEFERRED_TO_FILTER,,,,,,,,,0,,DEFERRED_TO_FILTER,55.5,,,,,,,,1,-50000.0,0.970746,0.9761439931431837,-0.005397993143183677,-0.027312508,0.0,0.0,1,4000.0,0.029254,0.023856006856816343,0.005397993143183656,0.19941399999999987,0.004985349999999997,0.004985349999999997,1,-35.5,100.0,0.259841,0.4782608695652174,-0.21841986956521742,-0.480318,0.0,0.0,1,35.5,-120.0,0.740159,0.5217391304347826,0.21841986956521742,0.3569581666666668,0.42834980000000006,0.05,1,55.5,-112.0,0.468222,0.5043297540699689,-0.03610775406996891,-0.11372264285714284,0.0,0.0,1,55.5,-108.0,0.531778,0.4956702459300312,0.0361077540699688,0.02416503703703704,0.02609824,0.02609824
2026,2,2,401866421,2026-09-12,18:30,Monmouth Hawks,Western Michigan Broncos,0,Waldo Stadium,open_air,Artificial,Draft Kings,-25.5,52.5,0,0,1,2.5,2711,,1,0,0,1,-9.7232,0.0,,-0.896,,,1,1,29.501,0.9607,0.0393,,27.24,-27.24,27.24,25.5,0.6429,0.0,0.3571,0.0,0,0,0,0,0,0,0.0,0.0,0.0,1,,0.0,,,,,0.0,0,0.0,26.1214,43.1287,52.5,0.75,0.25,1,1,25.4,4.1,,63.4,0.0,0.0,1,-0.5872,50.1572,26.12,49.57,37.85,11.72,0.968966,0.031034,0.517702,0.482298,0.417111,0.582889,14.0,14.0,1,1,cfb-inseason-v3-game-lock-2026-08-30,-0.068911,0.062534,0.094706,0.069599,0.432206,0.45134,0.468915,0.453373,4.615586,5.809743,5.841501,5.835168,1.661002,2.029965,1.740536,2.069137,0.378502,0.567753,0.71335,0.570025,-0.051642,0.069746,0.360268,0.345958,0,,DEFERRED_TO_FILTER,,,,,,,,0,,DEFERRED_TO_FILTER,,,,,,,,,0,,DEFERRED_TO_FILTER,52.5,,,,,,,,1,-3600.0,0.968966,0.9396411092985318,0.029324890701468154,-0.00411827777777788,0.0,0.0,1,1500.0,0.031034,0.06035889070146819,-0.02932489070146819,-0.503456,0.0,0.0,1,-25.5,-108.0,0.517702,0.4956702459300312,0.022031754069968823,-0.0029442962962962227,0.0,0.0,1,25.5,-112.0,0.482298,0.5043297540699689,-0.022031754069968934,-0.08707878571428573,0.0,0.0,1,52.5,-112.0,0.417111,0.5043297540699689,-0.08721875406996893,-0.2104684642857143,0.0,0.0,1,52.5,-108.0,0.582889,0.4956702459300312,0.08721875406996882,0.12260103703703706,0.13240912000000002,0.05
2026,2,2,401856682,2026-09-12,18:30,Ohio State Buckeyes,Texas Longhorns,0,DKR-Texas Memorial Stadium,open_air,Artificial,Draft Kings,-1.5,49.5,0,0,1,2.5,251,194,1,1,0,0,12.5285,17.7321,-2.7036,30.228,30.042,2.686,1,1,99.977,0.5962,0.4038,,3.323,-3.323,3.323,1.5,0.36,0.28,0.2,0.16,0,0,0,0,0,0,0.0,0.0,0.0,1,1066.1,0.0,1.0660999999999998,1.0,1.0,0.0,0.0,2,1.2288,1.5241,49.2896,49.5,0.75,0.25,1,1,37.2,4.9,,32.9,0.0,0.0,1,-1.037,49.4474,2.75,48.41,25.58,22.83,0.577943,0.422057,0.535654,0.464346,0.468982,0.531018,14.0,14.0,1,1,cfb-inseason-v3-game-lock-2026-08-30,0.19732,0.188158,0.041163,-0.04189,0.486607,0.493381,0.4665,0.386994,6.330305,6.718232,5.846634,5.472033,2.919977,2.60972,1.591546,1.450853,0.664216,0.711835,0.491128,,0.102139,0.176014,0.386194,0.382154,0,,DEFERRED_TO_FILTER,,,,,,,,0,,DEFERRED_TO_FILTER,,,,,,,,,0,,DEFERRED_TO_FILTER,49.5,,,,,,,,1,-118.0,0.577943,0.5173641257162701,0.06057887428372988,0.06772520338983046,0.07991573999999994,0.05,1,-102.0,0.422057,0.4826358742837298,-0.06057887428372977,-0.16416162745098034,0.0,0.0,1,-1.5,-110.0,0.535654,0.5,0.035653999999999963,0.02261218181818181,0.024873399999999986,0.024873399999999986,1,1.5,-110.0,0.464346,0.5,-0.03565400000000002,-0.1135212727272728,0.0,0.0,1,49.5,-112.0,0.468982,0.5043297540699689,-0.03534775406996893,-0.11228407142857144,0.0,0.0,1,49.5,-108.0,0.531018,0.4956702459300312,0.03534775406996882,0.02270133333333335,0.024517440000000015,0.024517440000000015
2026,2,2,401856676,2026-09-12,18:45,Charlotte 49ers,Ole Miss Rebels,0,Vaught-Hemingway Stadium,open_air,Grass,Draft Kings,-45.5,60.5,0,0,1,2.5,145,2429,1,1,0,0,-0.4411,2.1187,-0.0599,15.545,-17.167,35.212,1,1,48.977,0.9868,0.0132,,36.785,-36.785,36.785,45.5,0.36,0.28,0.2,0.16,0,0,0,0,0,0,0.0,0.0,0.0,1,502.8,0.0,0.5028,1.0,1.0,0.0,0.0,2,0.5795,33.5868,52.1851,60.5,0.75,0.25,1,1,29.6,2.2,,59.3,0.0,0.0,1,0.4809,58.4213,34.17,58.9,46.53,12.37,0.992666,0.007334,0.209099,0.790901,0.454568,0.545432,14.0,14.0,1,1,cfb-inseason-v3-game-lock-2026-08-30,0.061509,0.186451,0.127158,0.208703,0.446192,0.474226,0.456477,0.498016,5.958632,6.384273,5.929913,6.006514,2.157232,2.624143,2.071732,2.222562,0.711835,0.600724,0.546683,0.646683,0.112658,0.133489,0.334805,0.387501,0,,CURRENT_LINE_MISSING,,,,,,,,0,,DEFERRED_TO_FILTER,,,,,,,,,0,,DEFERRED_TO_FILTER,60.5,,,,,,,,0,,,,,,,,0,,,,,,,,1,-45.5,-112.0,0.209099,0.5043297540699689,-0.2952307540699689,-0.6042054642857142,0.0,0.0,1,45.5,-108.0,0.790901,0.4956702459300312,0.2952307540699688,0.5232167407407408,0.5650740799999999,0.05,1,60.5,-112.0,0.454568,0.5043297540699689,-0.04976175406996891,-0.13956771428571418,0.0,0.0,1,60.5,-108.0,0.545432,0.4956702459300312,0.049761754069968855,0.050461629629629745,0.05449856000000012,0.05
2026,2,2,401856671,2026-09-12,18:45,Southern Miss Golden Eagles,Auburn Tigers,0,Jordan-Hare Stadium,open_air,Grass,Draft Kings,-32.5,56.5,0,0,1,2.5,2,2572,1,1,0,0,0.4693,15.2338,-12.2646,10.826,-2.981,16.307,1,1,61.51,0.8767,0.1233,,16.721,-16.721,16.721,32.5,0.36,0.28,0.2,0.16,0,0,0,0,0,0,0.0,0.0,0.0,1,241.8,0.0,0.24180000000000001,0.0,0.0,1.0,0.0,2,-1.3452,17.6478,44.3225,56.5,0.75,0.25,1,1,25.1,1.4,,92.4,0.0,0.0,1,0.9307,53.4556,16.3,54.39,35.34,19.04,0.877884,0.122116,0.123645,0.876355,0.439997,0.560003,14.0,14.0,1,1,cfb-inseason-v3-game-lock-2026-08-30,0.010101,0.105899,0.025322,-0.049417,0.438671,0.495337,0.438303,0.401664,5.566495,6.154908,5.400316,5.375492,1.758072,2.714421,1.789681,1.446091,0.600724,0.670169,0.546683,0.380017,-0.01331,0.140866,0.397305,0.34175,0,,DEFERRED_TO_FILTER,,,,,,,,0,,DEFERRED_TO_FILTER,,,,,,,,,0,,DEFERRED_TO_FILTER,56.5,,,,,,,,1,-8000.0,0.877884,0.9578344612181154,-0.07995046121811544,-0.11114245000000005,0.0,0.0,1,2200.0,0.122116,0.04216553878188443,0.07995046121811558,1.808668,0.08221218181818181,0.05,1,-32.5,-110.0,0.123645,0.5,-0.376355,-0.7639504545454545,0.0,0.0,1,32.5,-110.0,0.876355,0.5,0.376355,0.6730413636363637,0.7403455,0.05,1,56.5,-112.0,0.439997,0.5043297540699689,-0.06433275406996891,-0.16714853571428573,0.0,0.0,1,56.5,-108.0,0.560003,0.4956702459300312,0.06433275406996886,0.07852429629629643,0.08480624000000013,0.05
2026,2,2,401869955,2026-09-12,19:00,Georgia State Panthers,Kennesaw State Owls,0,Fifth Third Stadium,open_air,,Draft Kings,-7.5,54.5,0,0,1,2.5,338,2247,1,1,0,0,15.3496,18.315,-0.4654,-5.474,-12.609,9.635,1,1,30.723,0.7556,0.2444,,9.62,-9.62,9.62,7.5,0.36,0.28,0.2,0.16,0,0,0,0,0,0,0.0,0.0,0.0,1,22.7,0.0,0.022699999999999998,0.0,1.0,0.0,0.0,2,0.0262,7.2473,48.034,54.5,0.75,0.25,1,1,24.4,1.1,,89.7,0.0,0.0,1,1.0993,52.8835,7.27,53.98,30.63,23.35,0.698306,0.301694,0.493546,0.506454,0.485267,0.514733,14.0,14.0,1,1,cfb-inseason-v3-game-lock-2026-08-30,0.083798,0.192534,-0.089187,-0.029804,0.487885,0.508623,0.374144,0.404813,6.157715,6.525336,5.040439,5.479855,2.472358,2.866131,1.379425,1.635835,0.711835,0.545169,,0.380017,0.118439,0.186033,0.373496,0.397305,0,,DEFERRED_TO_FILTER,,,,,,,,0,,DEFERRED_TO_FILTER,,,,,,,,,0,,DEFERRED_TO_FILTER,54.5,,,,,,,,1,-305.0,0.698306,0.7220792588780237,-0.02377325887802373,-0.07274121311475418,0.0,0.0,1,245.0,0.301694,0.27792074112197634,0.023773258878023673,0.04084430000000017,0.016671142857142923,0.016671142857142923,1,-7.5,-105.0,0.493546,0.4891657638136511,0.004380236186348863,-0.036410190476190485,0.0,0.0,1,7.5,-115.0,0.506454,0.5108342361863489,-0.004380236186348974,-0.05315121739130452,0.0,0.0,1,54.5,-112.0,0.485267,0.5043297540699689,-0.019062754069968935,-0.08145889285714286,0.0,0.0,1,54.5,-108.0,0.514733,0.4956702459300312,0.019062754069968824,-0.00866237037037032,0.0,0.0
2026,2,2,401856789,2026-09-12,19:00,Grambling Tigers,TCU Horned Frogs,0,Amon G. Carter Stadium,open_air,Grass,Draft Kings,-43.5,54.5,0,0,1,2.5,2628,,1,0,0,1,-3.02,0.0,,4.848,,,1,1,34.781,0.9935,0.0065,,42.837,-42.837,42.837,43.5,0.6429,0.0,0.3571,0.0,0,0,0,0,0,0,0.0,0.0,0.0,1,,0.0,,,,,0.0,0,0.0,43.2632,43.1019,54.5,0.75,0.25,1,1,36.3,4.8,,32.0,0.0,0.0,1,-0.9808,51.6505,43.26,50.67,46.97,3.7,0.999,0.001,0.493253,0.506747,0.392198,0.607802,14.0,14.0,1,1,cfb-inseason-v3-game-lock-2026-08-30,0.004599,0.062534,0.02989,0.069599,0.422959,0.45134,0.462963,0.453373,5.192411,5.809743,5.842493,5.835168,1.65634,2.029965,1.740536,2.069137,0.445169,0.567753,0.46335,0.570025,0.027704,0.069746,0.367893,0.345958,0,,CURRENT_LINE_MISSING,,,,,,,,0,,DEFERRED_TO_FILTER,,,,,,,,,0,,DEFERRED_TO_FILTER,54.5,,,,,,,,0,,,,,,,,0,,,,,,,,1,-43.5,-110.0,0.493253,0.5,-0.006747000000000003,-0.058335181818181814,0.0,0.0,1,43.5,-110.0,0.506747,0.5,0.0067469999999999475,-0.032573909090909126,0.0,0.0,1,54.5,-105.0,0.392198,0.4891657638136511,-0.09696776381365113,-0.23428009523809523,0.0,0.0,1,54.5,-115.0,0.607802,0.5108342361863489,0.09696776381365102,0.13632547826086938,0.1567742999999998,0.05
2026,2,2,401871045,2026-09-12,19:00,Middle Tennessee Blue Raiders,Marshall Thundering Herd,0,Joan C. Edwards Stadium,open_air,Artificial,Draft Kings,-13.5,56.5,0,0,1,2.5,276,2393,1,1,0,0,-13.9315,9.1467,-20.5782,-13.485,-15.364,4.379,1,1,17.262,0.6205,0.3795,,4.19,-4.19,4.19,13.5,0.36,0.28,0.2,0.16,0,0,0,0,0,0,0.0,0.0,0.0,1,280.8,0.0,0.2808,1.0,0.0,1.0,0.0,2,-1.3003,3.6316,47.9957,56.5,0.75,0.25,1,1,24.4,2.6,,92.7,1.0,0.0,1,0.256,54.3739,2.33,54.63,28.48,26.15,0.566128,0.433872,0.212505,0.787495,0.44687,0.55313,14.0,14.0,1,1,cfb-inseason-v3-game-lock-2026-08-30,-0.046492,0.217623,0.144002,0.094444,0.42435,0.492382,0.473545,0.472317,5.150939,6.660396,6.144741,5.842493,1.35331,2.644977,2.450853,1.897943,0.378502,0.600724,0.546683,0.546683,0.062677,0.227758,0.258416,0.278258,0,,DEFERRED_TO_FILTER,,,,,,,,0,,DEFERRED_TO_FILTER,,,,,,,,,0,,DEFERRED_TO_FILTER,56.5,,,,,,,,1,-550.0,0.566128,0.8118668596237336,-0.24573885962373365,-0.3309396363636364,0.0,0.0,1,410.0,0.433872,0.1881331403762663,0.24573885962373368,1.2127471999999997,0.29579199999999994,0.05,1,-13.5,-112.0,0.212505,0.5043297540699689,-0.29182475406996894,-0.5977583928571429,0.0,0.0,1,13.5,-108.0,0.787495,0.4956702459300312,0.2918247540699688,0.516657037037037,0.5579895999999999,0.05,1,56.5,-112.0,0.44687,0.5043297540699689,-0.05745975406996895,-0.15413892857142864,0.0,0.0,1,56.5,-108.0,0.55313,0.4956702459300312,0.05745975406996884,0.06528740740740746,0.07051040000000004,0.05
2026,2,2,401856681,2026-09-12,19:00,Tennessee Volunteers,Georgia Tech Yellow Jackets,0,Bobby Dodd Stadium,open_air,Artificial,Draft Kings,11.5,55.5,0,0,1,2.5,59,2633,1,1,0,0,-0.0315,16.9653,-14.4968,3.561,15.313,-9.252,1,1,72.845,0.2366,0.7634,,-9.984,9.984,-9.984,-11.5,0.36,0.28,0.2,0.16,0,0,0,0,0,0,0.0,0.0,0.0,1,153.1,0.0,0.15309999999999999,0.0,1.0,0.0,0.0,2,0.1765,-11.0468,43.3657,55.5,0.75,0.25,1,1,24.9,1.8,,86.0,0.0,0.0,1,0.7058,52.4664,-10.87,53.17,21.15,32.02,0.21874,0.78126,0.517935,0.482065,0.433972,0.566028,14.0,14.0,1,1,cfb-inseason-v3-game-lock-2026-08-30,0.001834,0.157976,0.024914,-0.079721,0.439258,0.499091,0.437384,0.397487,5.690772,6.747036,5.169391,5.259159,1.714421,2.519977,1.740536,1.566925,0.378502,0.711835,0.51335,,0.026589,0.164643,0.358844,0.351851,0,,DEFERRED_TO_FILTER,,,,,,,,0,,DEFERRED_TO_FILTER,,,,,,,,,0,,DEFERRED_TO_FILTER,55.5,,,,,,,,1,360.0,0.21874,0.20863836017569548,0.010101639824304509,0.006203999999999876,0.0017233333333332992,0.0017233333333332992,1,-470.0,0.78126,0.7913616398243044,-0.010101639824304454,-0.052514468085106375,0.0,0.0,1,11.5,-108.0,0.517935,0.4956702459300312,0.022264754069968862,-0.0024955555555554176,0.0,0.0,1,-11.5,-112.0,0.482065,0.5043297540699689,-0.022264754069968917,-0.08751982142857145,0.0,0.0,1,55.5,-115.0,0.433972,0.5108342361863489,-0.07686223618634891,-0.1886610434782609,0.0,0.0,1,55.5,-105.0,0.566028,0.4891657638136511,0.07686223618634885,0.10510228571428559,0.11035739999999988,0.05
2026,2,2,401864505,2026-09-12,19:00,Texas Southern Tigers,UTEP Miners,0,Sun Bowl,open_air,Artificial,Draft Kings,-25.5,52.5,0,0,1,2.5,2638,,1,0,0,1,-15.1757,0.0,,-19.082,,,1,1,10.634,0.918,0.082,,20.586,-20.586,20.586,25.5,0.6429,0.0,0.3571,0.0,0,0,0,0,0,0,0.0,0.0,0.0,1,,0.0,,,,,0.0,0,0.0,23.745,46.3108,52.5,0.75,0.25,1,1,34.9,2.8,,16.8,0.0,0.0,1,0.1436,50.9527,23.74,51.1,37.42,13.68,0.955064,0.044936,0.45012,0.54988,0.460068,0.539932,14.0,14.0,1,1,cfb-inseason-v3-game-lock-2026-08-30,-0.086125,0.062534,0.115653,0.069599,0.419941,0.45134,0.46609,0.453373,5.129114,5.809743,6.223445,5.835168,1.35331,2.029965,2.601647,2.069137,0.378502,0.567753,0.51335,0.570025,-0.032094,0.069746,0.281921,0.345958,0,,DEFERRED_TO_FILTER,,,,,,,,0,,DEFERRED_TO_FILTER,,,,,,,,,0,,DEFERRED_TO_FILTER,52.5,,,,,,,,1,-6500.0,0.955064,0.9538784067085954,0.001185593291404663,-0.03024270769230772,0.0,0.0,1,2000.0,0.044936,0.046121593291404604,-0.0011855932914046075,-0.05634400000000006,0.0,0.0,1,-25.5,-108.0,0.45012,0.4956702459300312,-0.04555024593003115,-0.13310222222222207,0.0,0.0,1,25.5,-112.0,0.54988,0.5043297540699689,0.0455502459300311,0.04084428571428572,0.04574560000000001,0.04574560000000001,1,52.5,-115.0,0.460068,0.5108342361863489,-0.050766236186348956,-0.13987286956521755,0.0,0.0,1,52.5,-105.0,0.539932,0.4891657638136511,0.050766236186348845,0.0541529523809523,0.05686059999999992,0.05
2026,2,2,401856680,2026-09-12,19:00,Towson Tigers,South Carolina Gamecocks,0,Williams-Brice Stadium,open_air,Grass,Draft Kings,-43.5,54.5,0,0,1,2.5,2579,,1,0,0,1,23.2468,0.0,,15.945,,,1,1,47.131,0.9957,0.0043,,46.497,-46.497,46.497,43.5,0.6429,0.0,0.3571,0.0,0,0,0,0,0,0,0.0,0.0,0.0,1,446.6,0.0,0.4466,0.0,1.0,0.0,0.0,2,0.5147,44.5704,49.0406,54.5,0.75,0.25,1,1,27.3,3.7,,80.1,1.0,0.0,1,-0.3624,53.1352,45.09,52.77,48.93,3.84,0.99936,0.00064,0.545073,0.454927,0.450906,0.549094,14.0,14.0,1,1,cfb-inseason-v3-game-lock-2026-08-30,0.252668,0.062534,0.018504,0.069599,0.545025,0.45134,0.420304,0.453373,6.938889,5.809743,5.466501,5.835168,3.05028,2.029965,1.379425,2.069137,0.711835,0.567753,0.380017,0.570025,0.20967,0.069746,0.452861,0.345958,0,,CURRENT_LINE_MISSING,,,,,,,,0,,DEFERRED_TO_FILTER,,,,,,,,,0,,DEFERRED_TO_FILTER,54.5,,,,,,,,0,,,,,,,,0,,,,,,,,1,-43.5,-112.0,0.545073,0.5043297540699689,0.04074324593003109,0.03174532142857145,0.035554760000000026,0.035554760000000026,1,43.5,-108.0,0.454927,0.4956702459300312,-0.04074324593003115,-0.12384429629629612,0.0,0.0,1,54.5,-115.0,0.450906,0.5108342361863489,-0.05992823618634896,-0.15700182608695656,0.0,0.0,1,54.5,-105.0,0.549094,0.4891657638136511,0.05992823618634885,0.07204066666666653,0.07564269999999987,0.05
2026,2,2,401856786,2026-09-12,19:00,Western Carolina Catamounts,Cincinnati Bearcats,0,Nippert Stadium,open_air,Artificial,Draft Kings,-36.5,60.5,0,0,1,2.5,2132,,1,0,0,1,5.853,0.0,,6.284,,,1,1,36.671,0.9739,0.026,,30.892,-30.892,30.892,36.5,0.6429,0.0,0.3571,0.0,0,0,0,0,0,0,0.0,0.0,0.0,1,,0.0,,,,,0.0,0,0.0,34.4971,46.5074,60.5,0.75,0.25,1,1,24.4,2.3,,90.2,1.0,0.0,1,0.4247,57.0019,34.5,57.43,45.96,11.46,0.993132,0.006868,0.443121,0.556879,0.413118,0.586882,14.0,14.0,1,1,cfb-inseason-v3-game-lock-2026-08-30,0.09396,0.062534,0.014721,0.069599,0.450318,0.45134,0.447176,0.453373,5.832932,5.809743,5.658228,5.835168,2.225105,2.029965,1.76404,2.069137,0.628502,0.567753,0.491128,0.570025,0.10425,0.069746,0.369527,0.345958,0,,CURRENT_LINE_MISSING,,,,,,,,0,,DEFERRED_TO_FILTER,,,,,,,,,0,,DEFERRED_TO_FILTER,60.5,,,,,,,,0,,,,,,,,0,,,,,,,,1,-36.5,-108.0,0.443121,0.4956702459300312,-0.052549245930031185,-0.14658177777777776,0.0,0.0,1,36.5,-112.0,0.556879,0.5043297540699689,0.052549245930031074,0.054092392857142846,0.060583479999999995,0.05,1,60.5,-110.0,0.413118,0.5,-0.08688200000000001,-0.2113201818181818,0.0,0.0,1,60.5,-110.0,0.586882,0.5,0.08688200000000001,0.12041109090909097,0.13245220000000005,0.05
2026,2,2,401856784,2026-09-12,19:08,Prairie View A&M Panthers,Baylor Bears,0,McLane Stadium,open_air,Artificial,Draft Kings,-39.5,56.5,0,0,1,2.5,239,,1,0,0,1,-0.692,0.0,,7.139,,,1,1,37.084,0.984,0.016,,35.11,-35.11,35.11,39.5,0.6429,0.0,0.3571,0.0,0,0,0,0,0,0,0.0,0.0,0.0,1,,0.0,,,,,0.0,0,0.0,37.9321,43.9694,56.5,0.75,0.25,1,1,36.3,4.2,,33.8,0.0,0.0,1,-0.6435,53.3674,37.93,52.72,45.33,7.4,0.99663,0.00337,0.455416,0.544584,0.393687,0.606313,14.0,14.0,1,1,cfb-inseason-v3-game-lock-2026-08-30,0.020612,0.062534,0.014811,0.069599,0.436947,0.45134,0.440026,0.453373,5.383366,5.809743,5.583445,5.835168,1.763566,2.029965,1.784186,2.069137,0.545169,0.567753,0.602239,0.570025,0.016831,0.069746,0.336699,0.345958,0,,CURRENT_LINE_MISSING,,,,,,,,0,,DEFERRED_TO_FILTER,,,,,,,,,0,,DEFERRED_TO_FILTER,56.5,,,,,,,,0,,,,,,,,0,,,,,,,,1,-39.5,-115.0,0.455416,0.5108342361863489,-0.055418236186348946,-0.1485700869565218,0.0,0.0,1,39.5,-105.0,0.544584,0.4891657638136511,0.055418236186348835,0.0632354285714285,0.06639719999999992,0.05,1,56.5,-112.0,0.393687,0.5043297540699689,-0.11064275406996893,-0.25480675,0.0,0.0,1,56.5,-108.0,0.606313,0.4956702459300312,0.11064275406996882,0.16771392592592593,0.18113104,0.05
2026,2,2,401868008,2026-09-12,19:30,Fordham Rams,Coastal Carolina Chanticleers,0,Brooks Stadium (SC),open_air,Artificial,Draft Kings,-34.5,52.5,0,0,1,2.5,324,,1,0,0,1,0.5217,0.0,,-11.059,,,1,1,20.01,0.9658,0.0342,,28.476,-28.476,28.476,34.5,0.6429,0.0,0.3571,0.0,0,0,0,0,0,0,0.0,0.0,0.0,1,563.7,0.0,0.5637000000000001,0.0,1.0,0.0,0.0,2,0.6497,32.3486,46.9018,52.5,0.75,0.25,1,1,26.2,4.4,,89.0,0.0,0.0,1,-0.7559,51.1005,33.0,50.34,41.67,8.67,0.990789,0.009211,0.457289,0.542711,0.43882,0.56118,14.0,14.0,1,1,cfb-inseason-v3-game-lock-2026-08-30,0.101636,0.062534,0.082265,0.069599,0.446726,0.45134,0.434669,0.453373,6.086703,5.809743,5.817052,5.835168,1.886643,2.029965,2.171091,2.069137,0.489613,0.567753,0.580017,0.570025,0.165477,0.069746,0.297305,0.345958,0,,DEFERRED_TO_FILTER,,,,,,,,0,,DEFERRED_TO_FILTER,,,,,,,,,0,,DEFERRED_TO_FILTER,52.5,,,,,,,,1,-9000.0,0.990789,0.9625668449197861,0.028222155080213973,0.0017977666666666586,0.16179899999999986,0.05,1,2500.0,0.009211,0.0374331550802139,-0.0282221550802139,-0.760514,0.0,0.0,1,-34.5,-108.0,0.457289,0.4956702459300312,-0.03838124593003117,-0.11929525925925916,0.0,0.0,1,34.5,-112.0,0.542711,0.5043297540699689,0.038381245930031116,0.02727439285714295,0.030547320000000103,0.030547320000000103,1,52.5,-112.0,0.43882,0.5043297540699689,-0.06550975406996895,-0.16937642857142865,0.0,0.0,1,52.5,-108.0,0.56118,0.4956702459300312,0.06550975406996884,0.08079111111111115,0.08725440000000002,0.05
2026,2,2,401858219,2026-09-12,19:30,Georgia Southern Eagles,Clemson Tigers,0,"Memorial Stadium (Clemson, SC)",open_air,Grass,Draft Kings,-19.5,55.5,0,0,1,2.5,228,290,1,1,0,0,-13.4887,13.7629,-24.7516,6.417,-7.96,16.877,1,1,49.779,0.8831,0.1169,,17.234,-17.234,17.234,19.5,0.36,0.28,0.2,0.16,0,0,0,0,0,0,0.0,0.0,0.0,1,168.0,0.0,0.168,0.0,1.0,0.0,0.0,2,0.1936,11.2321,41.9365,55.5,0.75,0.25,1,1,23.5,1.3,,97.3,1.0,0.0,1,0.9869,52.1091,11.43,53.1,32.26,20.84,0.792785,0.207215,0.28206,0.71794,0.431832,0.568168,14.0,14.0,1,1,cfb-inseason-v3-game-lock-2026-08-30,-0.085122,0.090862,0.124633,-0.091567,0.40506,0.44375,0.476007,0.358746,5.088439,6.05498,6.134793,4.551129,1.591405,1.968695,2.353784,1.379425,0.711835,0.511835,0.630017,0.380017,0.002944,0.115151,0.256279,0.349686,0,,DEFERRED_TO_FILTER,,,,,,,,0,,DEFERRED_TO_FILTER,,,,,,,,,0,,DEFERRED_TO_FILTER,55.5,,,,,,,,1,-1350.0,0.792785,0.8933823529411764,-0.10059735294117644,-0.1484901851851853,0.0,0.0,1,800.0,0.207215,0.10661764705882351,0.1005973529411765,0.8649350000000001,0.10811687500000002,0.05,1,-19.5,-115.0,0.28206,0.5108342361863489,-0.22877423618634896,-0.4726704347826088,0.0,0.0,1,19.5,-105.0,0.71794,0.4891657638136511,0.2287742361863489,0.4016923809523809,0.42177699999999996,0.05,1,55.5,100.0,0.431832,0.4782608695652174,-0.04642886956521741,-0.136336,0.0,0.0,1,55.5,-120.0,0.568168,0.5217391304347826,0.04642886956521741,0.04164133333333342,0.04996960000000009,0.04996960000000009
2026,2,2,401864500,2026-09-12,19:30,Montana State Bobcats,Nevada Wolf Pack,0,Mackay Stadium,open_air,Artificial,Draft Kings,3.5,49.5,0,0,1,2.5,2440,,1,0,0,1,10.9088,0.0,,-3.067,,,1,1,47.761,0.5857,0.4143,,2.951,-2.951,2.951,-3.5,0.6429,0.0,0.3571,0.0,0,0,0,0,0,0,0.0,0.0,0.0,1,,0.0,,,,,0.0,0,0.0,-1.1961,47.0972,49.5,0.75,0.25,1,1,22.2,4.5,,20.7,0.0,0.0,1,-0.8121,48.8993,-1.2,48.09,23.45,24.64,0.465958,0.534042,0.565357,0.434643,0.459808,0.540192,14.0,14.0,1,1,cfb-inseason-v3-game-lock-2026-08-30,0.163194,0.062534,0.048808,0.069599,0.479464,0.45134,0.454859,0.453373,6.825543,5.809743,5.364007,5.835168,2.35331,2.029965,1.738399,2.069137,0.711835,0.567753,0.602239,0.570025,0.150307,0.069746,0.397305,0.345958,0,,DEFERRED_TO_FILTER,,,,,,,,0,,DEFERRED_TO_FILTER,,,,,,,,,0,,DEFERRED_TO_FILTER,49.5,,,,,,,,1,140.0,0.465958,0.4003612281757977,0.06559677182420226,0.11829919999999994,0.08449942857142853,0.05,1,-166.0,0.534042,0.5996387718242023,-0.06559677182420232,-0.14424595180722893,0.0,0.0,1,3.5,-112.0,0.565357,0.5043297540699689,0.06102724593003106,0.07014003571428562,0.0785568399999999,0.05,1,-3.5,-108.0,0.434643,0.4956702459300312,-0.06102724593003117,-0.1629097777777777,0.0,0.0,1,49.5,-110.0,0.459808,0.5,-0.040192000000000005,-0.12218472727272722,0.0,0.0,1,49.5,-110.0,0.540192,0.5,0.040192000000000005,0.031275636363636394,0.03440320000000003,0.03440320000000003
2026,2,2,401862703,2026-09-12,19:30,Navy Midshipmen,Florida Atlantic Owls,0,FAU Stadium,open_air,Artificial,Draft Kings,4.5,58.5,0,0,1,2.5,2226,2426,1,1,0,0,-10.8308,12.0897,-20.4205,-15.293,-0.61,-12.183,1,1,33.845,0.1866,0.8134,,-12.551,12.551,-12.551,-4.5,0.36,0.28,0.2,0.16,0,0,0,0,0,0,0.0,0.0,0.0,1,895.7,0.0,0.8957,0.0,1.0,0.0,0.0,2,1.0324,-10.8087,55.9552,58.5,0.75,0.25,1,1,27.3,3.2,,83.2,0.0,0.0,1,-0.0813,57.8638,-9.78,57.78,24.0,33.78,0.242492,0.757508,0.353131,0.646869,0.479564,0.520436,14.0,14.0,1,1,cfb-inseason-v3-game-lock-2026-08-30,0.071263,0.182495,0.199206,0.116757,0.456449,0.520302,0.486328,0.421907,5.347236,6.09679,6.979664,5.992676,1.936643,2.908866,2.950853,1.93498,0.628502,0.711835,0.71335,0.380017,0.010934,0.155,0.382154,0.425083,0,,DEFERRED_TO_FILTER,,,,,,,,0,,DEFERRED_TO_FILTER,,,,,,,,,0,,DEFERRED_TO_FILTER,58.5,,,,,,,,1,170.0,0.242492,0.35527082119976705,-0.11277882119976704,-0.3452715999999999,0.0,0.0,1,-205.0,0.757508,0.644729178800233,0.11277882119976701,0.12702409756097555,0.2603993999999999,0.05,1,4.5,-105.0,0.353131,0.4891657638136511,-0.13603476381365115,-0.31055376190476197,0.0,0.0,1,-4.5,-115.0,0.646869,0.5108342361863489,0.1360347638136511,0.2093637826086956,0.24076834999999996,0.05,1,58.5,-112.0,0.479564,0.5043297540699689,-0.024765754069968948,-0.09225385714285717,0.0,0.0,1,58.5,-108.0,0.520436,0.4956702459300312,0.024765754069968837,0.0023211851851852594,0.0025068800000000798,0.0025068800000000798
2026,2,2,401860883,2026-09-12,19:30,Sacramento State Hornets,Fresno State Bulldogs,0,Valley Children's Stadium,open_air,Artificial,Draft Kings,-18.5,45.5,0,0,1,2.5,278,16,1,1,0,0,-15.606,3.9498,-17.0558,-6.997,-18.689,14.192,1,1,22.485,0.8466,0.1534,,14.559,-14.559,14.559,18.5,0.36,0.28,0.2,0.16,0,0,0,0,0,0,0.0,0.0,0.0,1,150.9,0.0,0.1509,0.0,0.0,1.0,0.0,2,-1.45,10.8166,42.4041,45.5,0.75,0.25,1,1,33.0,7.2,,15.5,0.0,0.0,1,-2.33,44.726,9.37,42.4,25.88,16.51,0.748267,0.251733,0.257077,0.742923,0.412267,0.587733,14.0,14.0,1,1,cfb-inseason-v3-game-lock-2026-08-30,-0.048595,0.047539,0.134202,-0.013776,0.406954,0.456109,0.481736,0.422132,4.918616,5.753569,6.690112,5.477831,1.35331,1.951349,2.379425,1.690536,0.378502,0.545169,0.546683,0.630017,-0.004206,0.065997,0.297305,0.325877,0,,DEFERRED_TO_FILTER,,,,,,,,0,,DEFERRED_TO_FILTER,,,,,,,,,0,,DEFERRED_TO_FILTER,45.5,,,,,,,,1,-950.0,0.748267,0.8677165354330708,-0.1194495354330708,-0.17296805263157902,0.0,0.0,1,625.0,0.251733,0.1322834645669291,0.11944953543307088,0.8250642499999998,0.13201027999999998,0.05,1,-18.5,-105.0,0.257077,0.4891657638136511,-0.23208876381365112,-0.4980877619047619,0.0,0.0,1,18.5,-115.0,0.742923,0.5108342361863489,0.23208876381365107,0.3889429999999999,0.44728445,0.05,1,45.5,-102.0,0.412267,0.4826358742837298,-0.07036887428372979,-0.18354966666666672,0.0,0.0,1,45.5,-118.0,0.587733,0.5173641257162701,0.07036887428372984,0.08581181355932194,0.1012579399999999,0.05
2026,2,2,401858445,2026-09-12,20:00,Louisiana Ragin' Cajuns,USC Trojans,0,Los Angeles Memorial Coliseum,open_air,Grass,Draft Kings,-31.5,59.5,0,0,1,2.5,30,309,1,1,0,0,11.3154,9.8574,3.9579,17.544,-6.676,26.72,1,1,63.258,0.9692,0.0308,,29.407,-29.407,29.407,31.5,0.36,0.28,0.2,0.16,0,0,0,0,0,0,0.0,0.0,0.0,1,1553.8,0.0,1.5537999999999998,2.0,1.0,0.0,0.0,2,1.7909,25.3363,45.9482,59.5,0.75,0.25,1,1,23.9,3.3,,72.0,0.0,0.0,1,-0.1375,56.1121,27.13,55.97,41.55,14.42,0.973667,0.026333,0.377389,0.622611,0.400592,0.599408,14.0,14.0,1,1,cfb-inseason-v3-game-lock-2026-08-30,0.144641,0.103221,0.070089,0.02362,0.512798,0.472462,0.448915,0.46336,6.408876,6.211397,5.473445,5.056779,2.55331,2.302028,1.756236,1.379425,0.609271,0.628502,0.446683,0.380017,0.151903,0.124545,0.421115,0.355638,0,,DEFERRED_TO_FILTER,,,,,,,,0,,DEFERRED_TO_FILTER,,,,,,,,,0,,DEFERRED_TO_FILTER,59.5,,,,,,,,1,-9000.0,0.973667,0.9625668449197861,0.011100155080213892,-0.015514477777777867,0.0,0.0,1,2500.0,0.026333,0.0374331550802139,-0.011100155080213902,-0.315342,0.0,0.0,1,-31.5,-105.0,0.377389,0.4891657638136511,-0.11177676381365115,-0.2631929047619048,0.0,0.0,1,31.5,-115.0,0.622611,0.5108342361863489,0.11177676381365109,0.1640118695652174,0.18861365000000005,0.05,1,59.5,-105.0,0.400592,0.4891657638136511,-0.08857376381365112,-0.2178918095238095,0.0,0.0,1,59.5,-115.0,0.599408,0.5108342361863489,0.08857376381365112,0.120632347826087,0.13872720000000008,0.05
2026,2,2,401864502,2026-09-12,20:00,North Dakota State Bison,Air Force Falcons,0,Falcon Stadium,open_air,Artificial,Draft Kings,1.5,47.5,0,0,1,2.5,2005,2449,1,1,0,0,14.5879,10.0927,6.9952,-5.831,0.182,-3.513,1,1,46.417,0.3942,0.6058,,-3.662,3.662,-3.662,-1.5,0.36,0.28,0.2,0.16,0,0,0,0,0,0,0.0,0.0,0.0,1,680.3,0.0,0.6802999999999999,1.0,1.0,0.0,0.0,2,0.7841,-1.1368,44.027,47.5,0.75,0.25,1,1,16.4,5.8,,78.5,0.0,0.0,1,-1.543,46.6318,-0.35,45.09,22.37,22.72,0.48995,0.51005,0.532657,0.467343,0.431628,0.568372,14.0,14.0,1,1,cfb-inseason-v3-game-lock-2026-08-30,0.122279,0.104677,-0.05653,-0.049679,0.493201,0.473825,0.410776,0.432248,5.796239,5.747848,4.92112,5.303445,2.612569,2.179397,1.379425,1.485485,0.645169,0.545169,,0.491128,0.090442,0.089742,0.386194,0.380064,0,,DEFERRED_TO_FILTER,,,,,,,,0,,DEFERRED_TO_FILTER,,,,,,,,,0,,DEFERRED_TO_FILTER,47.5,,,,,,,,1,105.0,0.48995,0.4675324675324676,0.02241753246753242,0.004397499999999943,0.004188095238095184,0.004188095238095184,1,-125.0,0.51005,0.5324675324675325,-0.02241753246753253,-0.08190999999999998,0.0,0.0,1,1.5,-105.0,0.532657,0.4891657638136511,0.043491236186348925,0.039949380952380986,0.041946850000000035,0.041946850000000035,1,-1.5,-115.0,0.467343,0.5108342361863489,-0.043491236186348925,-0.12627178260869565,0.0,0.0,1,47.5,-108.0,0.431628,0.4956702459300312,-0.06404224593003116,-0.1687164444444444,0.0,0.0,1,47.5,-112.0,0.568372,0.5043297540699689,0.06404224593003105,0.07584699999999989,0.08494863999999988,0.05
2026,2,2,401856670,2026-09-12,20:15,Arkansas Razorbacks,Utah Utes,0,Rice-Eccles Stadium,open_air,Artificial,Draft Kings,-12.5,55.5,0,0,1,2.5,254,8,1,1,0,0,16.6749,7.5253,11.6495,11.148,2.255,11.393,1,1,67.674,0.8175,0.1825,,12.78,-12.78,12.78,12.5,0.36,0.28,0.2,0.16,0,0,0,0,0,0,0.0,0.0,0.0,1,1007.9,0.0,1.0079,1.0,1.0,0.0,0.0,2,1.1617,12.11,48.4118,55.5,0.75,0.25,1,1,24.6,1.8,,31.1,0.0,0.0,1,0.7058,53.7279,13.27,54.43,33.85,20.58,0.828429,0.171571,0.521978,0.478022,0.469645,0.530355,14.0,14.0,1,1,cfb-inseason-v3-game-lock-2026-08-30,0.192882,0.021655,-0.010561,-0.05514,0.494587,0.47569,0.417003,0.38752,6.729018,5.535763,5.130549,5.076158,2.924739,2.091405,1.712758,1.690536,0.637761,0.568978,0.71335,0.602239,0.156149,-0.015078,0.397305,0.407109,0,,DEFERRED_TO_FILTER,,,,,,,,0,,DEFERRED_TO_FILTER,,,,,,,,,0,,DEFERRED_TO_FILTER,55.5,,,,,,,,1,-520.0,0.828429,0.8042929292929294,0.024136070707070578,-0.012257730769230812,0.0,0.0,1,390.0,0.171571,0.1957070707070707,-0.02413607070707069,-0.1593020999999999,0.0,0.0,1,-12.5,-112.0,0.521978,0.5043297540699689,0.017648245930031115,-0.011970214285714209,0.0,0.0,1,12.5,-108.0,0.478022,0.4956702459300312,-0.01764824593003117,-0.07936503703703701,0.0,0.0,1,55.5,-102.0,0.469645,0.4826358742837298,-0.012990874283729803,-0.06991872549019607,0.0,0.0,1,55.5,-118.0,0.530355,0.5173641257162701,0.012990874283729914,-0.020191610169491503,0.0,0.0
