game_id,requested_provider,odds_status,provider,provider_id,available_providers,home_moneyline_american,away_moneyline_american,home_spread,away_spread,home_spread_american,away_spread_american,total,over_american,under_american,odds_line_date,predictor_status,espn_home_ptdiff,espn_away_ptdiff,espn_home_game_projection,espn_away_game_projection
401520145,draftkings,OK,DraftKings,40,,102.0,-122.0,1.5,-1.5,-108.0,-112.0,54.5,-110.0,-110.0,,OK,2.296,-2.296,0.55717,0.44283
401520146,draftkings,OK,DraftKings,40,,-470.0,360.0,-12.0,12.0,-110.0,-110.0,57.5,-112.0,-108.0,,OK,9.407,-9.407,0.71947,0.28053
401520147,draftkings,OK,DraftKings,40,,-900.0,600.0,-17.0,17.0,-110.0,-110.0,54.5,-110.0,-110.0,,OK,14.403,-14.403,0.8107900000000001,0.18921
401520148,draftkings,OK,DraftKings,40,,-298.0,240.0,-7.5,7.5,-110.0,-110.0,43.0,-110.0,-110.0,,OK,7.15,-7.15,0.6713799999999999,0.32862
401520149,draftkings,OK,DraftKings,40,,,,-39.5,39.5,-110.0,-110.0,52.0,-110.0,-110.0,,OK,41.679,-41.679,0.98919,0.01081
401520150,draftkings,OK,DraftKings,40,,,,-38.0,38.0,-110.0,-110.0,61.5,-110.0,-110.0,,OK,48.725,-48.725,0.9956,0.44
401520151,draftkings,OK,DraftKings,40,,,,-35.0,35.0,-110.0,-110.0,52.0,-110.0,-110.0,,OK,25.659,-25.659,0.9356700000000001,0.06433
401520152,draftkings,OK,DraftKings,40,,-1200.0,800.0,-19.5,19.5,-110.0,-110.0,46.5,-110.0,-110.0,,OK,18.255,-18.255,0.8646299999999999,0.13537
401520153,draftkings,OK,DraftKings,40,,-750.0,525.0,-15.0,15.0,-110.0,-110.0,46.5,-110.0,-110.0,,OK,8.273,-8.273,0.70571,0.29429
401520154,draftkings,OK,DraftKings,40,,,,,,,,56.5,-110.0,-110.0,,OK,50.381,-50.381,0.9964,0.36
401520155,draftkings,OK,DraftKings,40,,-290.0,235.0,-7.5,7.5,-110.0,-110.0,45.5,-110.0,-110.0,,OK,11.145,-11.145,0.75551,0.24449
401520156,draftkings,OK,DraftKings,40,,2500.0,-9000.0,30.5,-30.5,-110.0,-110.0,59.5,-110.0,-110.0,,OK,-32.641,32.641,0.030059999999999996,0.96994
401520157,draftkings,OK,DraftKings,40,,-2100.0,1100.0,-24.0,24.0,-110.0,-110.0,43.5,-110.0,-110.0,,OK,22.503,-22.503,0.91096,0.08904
401520158,draftkings,OK,DraftKings,40,,-1450.0,850.0,-20.0,20.0,-110.0,-110.0,54.5,-110.0,-110.0,,OK,21.068,-21.068,0.90539,0.09461
401520159,draftkings,OK,DraftKings,40,,-4000.0,1600.0,-25.5,25.5,-110.0,-110.0,49.0,-110.0,-110.0,,OK,22.899,-22.899,0.91524,0.08476
401520160,draftkings,OK,DraftKings,40,,-305.0,245.0,-7.5,7.5,-110.0,-110.0,48.5,-110.0,-110.0,,OK,8.584,-8.584,0.70337,0.29663
401520161,draftkings,OK,DraftKings,40,,,,-38.5,38.5,-110.0,-110.0,56.0,-110.0,-110.0,,OK,25.459,-25.459,0.93924,0.06076000000000001
401520162,draftkings,OK,DraftKings,40,,,,-36.0,36.0,-110.0,-110.0,53.0,-110.0,-110.0,,OK,27.613,-27.613,0.94814,0.051859999999999996
401520163,draftkings,OK,DraftKings,40,,-575.0,425.0,-14.0,14.0,-110.0,-110.0,45.0,-110.0,-110.0,,OK,19.431,-19.431,0.88117,0.11883
401520164,draftkings,OK,DraftKings,40,,-9000.0,2500.0,-31.0,31.0,-112.0,-108.0,59.5,-110.0,-110.0,,OK,30.544,-30.544,0.9641300000000002,0.03587
401520165,draftkings,OK,DraftKings,40,,-6500.0,2000.0,-27.0,27.0,-110.0,-110.0,44.5,-110.0,-110.0,,OK,28.033,-28.033,0.954,0.046
401520166,draftkings,OK,DraftKings,40,,-1650.0,950.0,-21.0,21.0,-110.0,-110.0,55.0,-110.0,-110.0,,OK,15.213,-15.213,0.83551,0.16448999999999997
401520167,draftkings,OK,DraftKings,40,,120.0,-142.0,2.5,-2.5,-105.0,-115.0,63.5,-110.0,-110.0,,OK,-3.041,3.041,0.42469,0.57531
401520168,draftkings,OK,DraftKings,40,,,,-35.0,35.0,-110.0,-110.0,58.5,-110.0,-110.0,,OK,43.102,-43.102,0.9917200000000002,0.828
401520170,draftkings,OK,DraftKings,40,,-180.0,150.0,-3.5,3.5,-120.0,100.0,46.5,-112.0,-108.0,,OK,10.625,-10.625,0.74354,0.25646
401520171,draftkings,PROVIDER_NOT_AVAILABLE,,,Caesars Sportsbook (Colorado)|Caesars Sportsbook (Tennessee)|ESPN BET|FanDuel|Titanbets|Unibet|accuscore|consensus|teamrankings,,,,,,,,,,,OK,-0.55,0.55,0.48619,0.51381
401520172,draftkings,OK,DraftKings,40,,-1450.0,850.0,-21.0,21.0,-110.0,-110.0,66.0,-110.0,-110.0,,OK,19.392,-19.392,0.88128,0.11871999999999999
401520173,draftkings,OK,DraftKings,40,,,,-38.0,38.0,-110.0,-110.0,49.5,-110.0,-110.0,,OK,33.08,-33.08,0.9709,0.0291
401520174,draftkings,OK,DraftKings,40,,500.0,-700.0,14.5,-14.5,-110.0,-110.0,48.0,-110.0,-110.0,,OK,-16.809,16.809,0.15259,0.84741
401520175,draftkings,OK,DraftKings,40,,270.0,-340.0,8.5,-8.5,-110.0,-110.0,46.5,-110.0,-110.0,,OK,-5.046,5.046,0.37624,0.62376
401520176,draftkings,OK,DraftKings,40,,-225.0,185.0,-5.5,5.5,-110.0,-110.0,44.5,-110.0,-110.0,,OK,10.161,-10.161,0.73576,0.26424
401520177,draftkings,OK,DraftKings,40,,-285.0,230.0,-7.5,7.5,-110.0,-110.0,57.5,-110.0,-110.0,,OK,24.818,-24.818,0.9373,0.0627
401520178,draftkings,OK,DraftKings,40,,,,-35.0,35.0,-110.0,-110.0,53.5,-110.0,-110.0,,OK,38.29,-38.29,0.98582,0.01418
401520179,draftkings,OK,DraftKings,40,,-4500.0,1700.0,-27.5,27.5,-110.0,-110.0,55.5,-110.0,-110.0,,OK,19.064,-19.064,0.87343,0.12657
401520180,draftkings,OK,DraftKings,40,,-8000.0,2200.0,-28.5,28.5,-110.0,-110.0,52.5,-110.0,-110.0,,OK,22.511,-22.511,0.90975,0.09025
401520181,draftkings,OK,DraftKings,40,,-535.0,400.0,-13.0,13.0,-110.0,-110.0,71.0,-110.0,-110.0,,OK,7.393,-7.393,0.67585,0.32415
401520182,draftkings,OK,DraftKings,40,,110.0,-130.0,2.0,-2.0,-110.0,-110.0,56.5,-110.0,-110.0,,OK,-6.196,6.196,0.35018,0.64982
401520183,draftkings,OK,DraftKings,40,,-298.0,240.0,-7.5,7.5,-105.0,-115.0,53.5,-108.0,-112.0,,OK,13.773,-13.773,0.80866,0.19134
401520184,draftkings,OK,DraftKings,40,,,,-38.0,38.0,-112.0,-108.0,57.5,-108.0,-112.0,,OK,27.066,-27.066,0.94731,0.05269
401520185,draftkings,OK,DraftKings,40,,,,-39.5,39.5,-110.0,-110.0,44.0,-110.0,-110.0,,OK,40.144,-40.144,0.98887,0.01113
401520186,draftkings,OK,DraftKings,40,,164.0,-198.0,4.5,-4.5,-110.0,-110.0,55.5,-108.0,-112.0,,OK,2.116,-2.116,0.55375,0.44625
401520187,draftkings,OK,DraftKings,40,,-550.0,410.0,-13.5,13.5,-112.0,-108.0,61.0,-112.0,-108.0,,OK,7.364,-7.364,0.6816,0.3184
401520188,draftkings,OK,DraftKings,40,,-155.0,130.0,-3.0,3.0,-108.0,-112.0,56.5,-110.0,-110.0,,OK,-3.482,3.482,0.41182,0.58818
401520189,draftkings,OK,DraftKings,40,,360.0,-470.0,11.5,-11.5,-108.0,-112.0,52.0,-110.0,-112.0,,OK,0.63,-0.63,0.51595,0.48405000000000004
401520190,draftkings,OK,DraftKings,40,,,,-48.0,48.0,-110.0,-110.0,55.0,-110.0,-110.0,,OK,39.748,-39.748,0.98818,0.011820000000000002
401520191,draftkings,OK,DraftKings,40,,,,-42.0,42.0,-110.0,-110.0,52.5,-110.0,-110.0,,OK,39.443,-39.443,0.98696,0.013040000000000001
401520192,draftkings,OK,DraftKings,40,,-142.0,120.0,-2.5,2.5,-118.0,-102.0,54.0,-108.0,-112.0,,OK,4.892,-4.892,0.62373,0.37627000000000005
401520193,draftkings,OK,DraftKings,40,,,,-31.0,31.0,-110.0,-110.0,44.0,-110.0,-110.0,,OK,32.523,-32.523,0.97342,0.02658
401520194,draftkings,OK,DraftKings,40,,145.0,-175.0,3.5,-3.5,-110.0,-110.0,35.0,-110.0,-110.0,,OK,2.841,-2.841,0.57285,0.42715
401520195,draftkings,OK,DraftKings,40,,-166.0,140.0,-3.5,3.5,-110.0,-110.0,57.0,-110.0,-110.0,,OK,-3.351,3.351,0.41486000000000006,0.58514
401520196,draftkings,OK,DraftKings,40,,,,-35.5,35.5,-110.0,-110.0,62.5,-110.0,-110.0,,OK,40.963,-40.963,0.9898599999999999,0.01014
401520197,draftkings,OK,DraftKings,40,,,,-23.5,23.5,-110.0,-110.0,59.0,-110.0,-110.0,,OK,23.405,-23.405,0.92888,0.07112
401520198,draftkings,OK,DraftKings,40,,-360.0,285.0,-9.5,9.5,-115.0,-105.0,54.5,-110.0,-110.0,,OK,8.669,-8.669,0.71166,0.28834
401520199,draftkings,OK,DraftKings,40,,,,-56.5,56.5,-110.0,-110.0,61.5,-110.0,-110.0,,OK,46.703,-46.703,0.99471,0.529
401520200,draftkings,OK,DraftKings,40,,-2800.0,1300.0,-24.5,24.5,-112.0,-108.0,50.5,-110.0,-110.0,,OK,21.252,-21.252,0.9038299999999999,0.09617
401520201,draftkings,OK,DraftKings,40,,114.0,-135.0,2.5,-2.5,-108.0,-112.0,49.5,-110.0,-110.0,,OK,2.331,-2.331,0.55982,0.44018
401520202,draftkings,OK,DraftKings,40,,,,-38.0,38.0,-112.0,-108.0,58.0,-108.0,-112.0,,OK,38.103,-38.103,0.98455,0.015449999999999998
401520203,draftkings,OK,DraftKings,40,,,,-29.5,29.5,-110.0,-110.0,43.5,-110.0,-110.0,,OK,36.85,-36.85,0.9837,0.0163
401520204,draftkings,OK,DraftKings,40,,-1200.0,750.0,-20.0,20.0,-108.0,-112.0,48.0,-108.0,-112.0,,OK,25.938,-25.938,0.94196,0.05804
401520205,draftkings,OK,DraftKings,40,,-340.0,270.0,-8.5,8.5,-110.0,-110.0,60.5,-108.0,-112.0,,OK,10.506,-10.506,0.74722,0.25278
401520206,draftkings,OK,DraftKings,40,,-1600.0,900.0,-21.0,21.0,-110.0,-110.0,47.5,-110.0,-110.0,,OK,20.386,-20.386,0.89656,0.10344000000000002
401520207,draftkings,OK,DraftKings,40,,-125.0,105.0,-1.5,1.5,-112.0,-108.0,40.0,-112.0,-108.0,,OK,13.327,-13.327,0.80361,0.19638999999999998
401520208,draftkings,OK,DraftKings,40,,,,-45.0,45.0,-110.0,-110.0,56.5,-110.0,-110.0,,OK,48.258,-48.258,0.99568,0.432
401520209,draftkings,OK,DraftKings,40,,,,-43.5,43.5,-110.0,-110.0,56.0,-110.0,-110.0,,OK,40.56,-40.56,0.9895,0.0105
401520210,draftkings,PROVIDER_NOT_AVAILABLE,,,Caesars Sportsbook (Colorado)|Caesars Sportsbook (Tennessee)|ESPN BET|PointsBet|Titanbets|Unibet|accuscore|teamrankings,,,,,,,,,,,OK,12.774,-12.774,0.7914,0.2086
401520211,draftkings,OK,DraftKings,40,,410.0,-550.0,13.5,-13.5,-108.0,-112.0,36.0,-108.0,-112.0,,OK,-8.4,8.4,0.29536,0.7046399999999999
401520212,draftkings,OK,DraftKings,40,,-1050.0,675.0,-17.5,17.5,-110.0,-110.0,52.5,-110.0,-110.0,,OK,23.976,-23.976,0.9320099999999999,0.06799
401520213,draftkings,OK,DraftKings,40,,,,-48.5,48.5,-110.0,-110.0,65.5,-110.0,-110.0,,OK,43.213,-43.213,0.99209,0.791
401520214,draftkings,OK,DraftKings,40,,400.0,-535.0,13.0,-13.0,-110.0,-110.0,61.0,-110.0,-110.0,,OK,-11.89,11.89,0.22428,0.7757200000000001
401520215,draftkings,OK,DraftKings,40,,-115.0,-105.0,-1.0,1.0,-112.0,-108.0,49.0,-108.0,-112.0,,OK,2.474,-2.474,0.5627,0.4373
401520216,draftkings,OK,DraftKings,40,,-395.0,310.0,-9.5,9.5,-108.0,-112.0,56.5,-112.0,-108.0,,OK,10.877,-10.877,0.75788,0.24212
401520217,draftkings,OK,DraftKings,40,,180.0,-218.0,5.5,-5.5,-110.0,-110.0,58.0,-108.0,-112.0,,OK,-5.391,5.391,0.36479,0.63521
401520218,draftkings,OK,DraftKings,40,,,,-42.5,42.5,-110.0,-110.0,64.5,-110.0,-110.0,,OK,28.756,-28.756,0.95937,0.04063
401520219,draftkings,OK,DraftKings,40,,-900.0,600.0,-18.5,18.5,-110.0,-110.0,57.5,-110.0,-110.0,,OK,20.376,-20.376,0.9007,0.0993
401520220,draftkings,OK,DraftKings,40,,-310.0,250.0,-8.0,8.0,-110.0,-110.0,48.0,-110.0,-110.0,,OK,12.376,-12.376,0.78814,0.21186
401520221,draftkings,OK,DraftKings,40,,,,-38.0,38.0,-110.0,-110.0,62.0,-110.0,-110.0,,OK,38.349,-38.349,0.98667,0.01333
401520222,draftkings,OK,DraftKings,40,,114.0,-135.0,2.5,-2.5,-110.0,-110.0,54.0,-110.0,-110.0,,OK,-4.185,4.185,0.39194,0.60806
401520223,draftkings,OK,DraftKings,40,,-800.0,550.0,-17.0,17.0,-110.0,-110.0,48.0,-110.0,-110.0,,OK,9.276,-9.276,0.72742,0.27258
401520224,draftkings,OK,DraftKings,40,,164.0,-198.0,4.5,-4.5,-110.0,-110.0,56.5,-110.0,-110.0,,OK,-1.335,1.335,0.46505,0.53495
401520225,draftkings,OK,DraftKings,40,,-4500.0,1700.0,-26.5,26.5,-110.0,-110.0,54.5,-110.0,-110.0,,OK,22.323,-22.323,0.9177,0.0823
401520226,draftkings,OK,DraftKings,40,,425.0,-575.0,14.0,-14.0,-110.0,-110.0,47.5,-110.0,-110.0,,OK,-17.217,17.217,0.13643,0.86357
401520227,draftkings,OK,DraftKings,40,,-6500.0,2000.0,-28.5,28.5,-110.0,-110.0,43.0,-110.0,-110.0,,OK,25.388,-25.388,0.9399599999999999,0.06004
401520228,draftkings,OK,DraftKings,40,,-3600.0,1500.0,-26.0,26.0,-110.0,-110.0,48.5,-110.0,-110.0,,OK,27.202,-27.202,0.95092,0.04907999999999999
401520229,draftkings,OK,DraftKings,40,,-198.0,164.0,-4.5,4.5,-110.0,-110.0,66.5,-110.0,-110.0,,OK,7.165,-7.165,0.68073,0.31927
401520230,draftkings,OK,DraftKings,40,,285.0,-360.0,10.0,-10.0,-110.0,-110.0,50.5,-110.0,-110.0,,OK,-10.106,10.106,0.25579,0.74421
401520231,draftkings,OK,DraftKings,40,,-700.0,500.0,-15.5,15.5,-110.0,-110.0,48.0,-110.0,-110.0,,OK,16.997,-16.997,0.86002,0.13998
401520232,draftkings,OK,DraftKings,40,,,,-40.5,40.5,-108.0,-112.0,53.5,-108.0,-112.0,,OK,36.157,-36.157,0.98201,0.01799
401520233,draftkings,OK,DraftKings,40,,525.0,-750.0,15.0,-15.0,-110.0,-110.0,56.5,-110.0,-110.0,,OK,-6.331,6.331,0.3396100000000001,0.66039
401520234,draftkings,OK,DraftKings,40,,,,-34.5,34.5,-110.0,-110.0,50.5,-110.0,-110.0,,OK,25.658,-25.658,0.94502,0.05498
401520235,draftkings,OK,DraftKings,40,,295.0,-375.0,9.5,-9.5,-110.0,-110.0,54.0,-110.0,-110.0,,OK,-6.893,6.893,0.32698,0.67302
401520236,draftkings,OK,DraftKings,40,,142.0,-170.0,3.5,-3.5,-110.0,-110.0,48.0,-110.0,-110.0,,OK,-7.462,7.462,0.31276,0.6872399999999999
401520237,draftkings,OK,DraftKings,40,,-455.0,350.0,-12.0,12.0,-110.0,-110.0,42.5,-110.0,-110.0,,OK,10.775,-10.775,0.75739,0.24261
401520238,draftkings,OK,DraftKings,40,,-142.0,120.0,-2.5,2.5,-112.0,-108.0,52.0,-110.0,-110.0,,OK,1.536,-1.536,0.54052,0.45948
401520239,draftkings,OK,DraftKings,40,,-270.0,215.0,-7.0,7.0,-108.0,-112.0,52.0,-110.0,-110.0,,OK,9.31,-9.31,0.7286100000000001,0.27139
401520240,draftkings,OK,DraftKings,40,,-5000.0,1800.0,-30.0,30.0,-110.0,-110.0,65.5,-108.0,-112.0,,OK,31.972,-31.972,0.97112,0.02888
401520242,draftkings,OK,DraftKings,40,,-105.0,-115.0,1.0,-1.0,-110.0,-110.0,57.0,-110.0,-110.0,,OK,-10.386,10.386,0.24993,0.75007
401520243,draftkings,PROVIDER_NOT_AVAILABLE,,,Caesars Sportsbook (Colorado)|Caesars Sportsbook (Tennessee)|ESPN BET|PointsBet|Titanbets|Unibet|accuscore|teamrankings,,,,,,,,,,,OK,7.334,-7.334,0.68427,0.31573
401520244,draftkings,OK,DraftKings,40,,3000.0,-10000.0,35.0,-35.0,-110.0,-110.0,61.0,-110.0,-110.0,,OK,-38.467,38.467,0.014000000000000002,0.986
401520245,draftkings,OK,DraftKings,40,,,,-36.0,36.0,-110.0,-110.0,53.5,-110.0,-110.0,,OK,33.034,-33.034,0.97435,0.02565
401520246,draftkings,OK,DraftKings,40,,-305.0,245.0,-7.0,7.0,-110.0,-110.0,44.0,-110.0,-110.0,,OK,7.836,-7.836,0.69683,0.30317
401520247,draftkings,OK,DraftKings,40,,164.0,-198.0,4.5,-4.5,-110.0,-110.0,57.0,-110.0,-110.0,,OK,-1.651,1.651,0.45684,0.54316
401520249,draftkings,OK,DraftKings,40,,-1200.0,750.0,-20.5,20.5,-110.0,-110.0,65.5,-110.0,-110.0,,OK,15.166,-15.166,0.83323,0.16677
401520250,draftkings,OK,DraftKings,40,,-258.0,210.0,-7.0,7.0,-105.0,-115.0,56.0,-110.0,-110.0,,OK,6.234,-6.234,0.66062,0.33938
401520251,draftkings,OK,DraftKings,40,,-5000.0,1800.0,-28.0,28.0,-110.0,-110.0,48.5,-110.0,-110.0,,OK,26.973,-26.973,0.95087,0.04913
401520252,draftkings,OK,DraftKings,40,,,,-40.5,40.5,-110.0,-110.0,56.0,-108.0,-112.0,,OK,38.042,-38.042,0.9858499999999999,0.014150000000000001
401520253,draftkings,OK,DraftKings,40,,-192.0,160.0,-4.0,4.0,-108.0,-112.0,55.5,-108.0,-112.0,,OK,5.236,-5.236,0.63765,0.36235
401520254,draftkings,OK,DraftKings,40,,-470.0,360.0,-11.5,11.5,-110.0,-110.0,37.0,-112.0,-108.0,,OK,11.526,-11.526,0.7733,0.2267
401520255,draftkings,OK,DraftKings,40,,-700.0,500.0,-15.5,15.5,-110.0,-110.0,45.5,-110.0,-110.0,,OK,15.997,-15.997,0.8493,0.1507
401520256,draftkings,OK,DraftKings,40,,-800.0,550.0,-16.5,16.5,-112.0,-108.0,46.0,-108.0,-112.0,,OK,21.879,-21.879,0.9162300000000001,0.08376999999999998
401520257,draftkings,OK,DraftKings,40,,-250.0,205.0,-6.5,6.5,-110.0,-110.0,51.0,-110.0,-110.0,,OK,8.758,-8.758,0.7183800000000001,0.28162
401520258,draftkings,OK,DraftKings,40,,-1000.0,650.0,-17.5,17.5,-110.0,-110.0,55.5,-110.0,-110.0,,OK,18.621,-18.621,0.88292,0.11708
401520259,draftkings,OK,DraftKings,40,,-230.0,190.0,-6.5,6.5,-110.0,-110.0,52.0,-110.0,-110.0,,OK,2.705,-2.705,0.57177,0.42823
401520260,draftkings,PROVIDER_NOT_AVAILABLE,,,Caesars Sportsbook (Colorado)|Caesars Sportsbook (Tennessee)|ESPN BET|PointsBet|Titanbets|Unibet|accuscore|teamrankings,,,,,,,,,,,OK,16.024,-16.024,0.85024,0.14976
401520261,draftkings,OK,DraftKings,40,,230.0,-285.0,7.0,-7.0,-110.0,-110.0,52.0,-110.0,-110.0,,OK,-1.456,1.456,0.46123999999999993,0.53876
401520262,draftkings,OK,DraftKings,40,,-192.0,160.0,-4.0,4.0,-110.0,-110.0,50.0,-110.0,-110.0,,OK,7.253,-7.253,0.6833500000000001,0.31665
401520263,draftkings,OK,DraftKings,40,,-1450.0,850.0,-20.5,20.5,-112.0,-108.0,45.0,-108.0,-112.0,,OK,15.297,-15.297,0.83985,0.16014999999999996
401520264,draftkings,OK,DraftKings,40,,360.0,-470.0,11.5,-11.5,-110.0,-110.0,39.5,-110.0,-110.0,,OK,-2.566,2.566,0.4317599999999999,0.56824
401520265,draftkings,OK,DraftKings,40,,-700.0,500.0,-14.0,14.0,-110.0,-110.0,38.5,-110.0,-110.0,,OK,17.343,-17.343,0.868,0.132
401520266,draftkings,OK,DraftKings,40,,205.0,-250.0,6.0,-6.0,-110.0,-110.0,54.0,-110.0,-110.0,,OK,-5.162,5.162,0.36604,0.63396
401520267,draftkings,OK,DraftKings,40,,-225.0,185.0,-6.0,6.0,-110.0,-110.0,47.0,-110.0,-110.0,,OK,3.703,-3.703,0.59717,0.40283
401520268,draftkings,OK,DraftKings,40,,-500.0,380.0,-13.0,13.0,-110.0,-110.0,50.5,-110.0,-110.0,,OK,22.922,-22.922,0.92496,0.07504
401520269,draftkings,OK,DraftKings,40,,-1800.0,1000.0,-24.0,24.0,-110.0,-110.0,59.5,-110.0,-110.0,,OK,17.246,-17.246,0.8660799999999998,0.13392
401520270,draftkings,OK,DraftKings,40,,-360.0,285.0,-9.5,9.5,-110.0,-110.0,51.0,-110.0,-110.0,,OK,6.603,-6.603,0.6692199999999999,0.33078
401520271,draftkings,OK,DraftKings,40,,-192.0,160.0,-4.0,4.0,-110.0,-110.0,58.0,-110.0,-110.0,,OK,2.507,-2.507,0.56642,0.43358
401520272,draftkings,OK,DraftKings,40,,1000.0,-1800.0,22.5,-22.5,-110.0,-110.0,45.5,-110.0,-110.0,,OK,-22.89,22.89,0.07611,0.92389
401520273,draftkings,OK,DraftKings,40,,-110.0,-105.0,-1.0,1.0,-108.0,-112.0,49.5,-110.0,-110.0,,OK,-2.047,2.047,0.44528,0.55472
401520274,draftkings,OK,DraftKings,40,,400.0,-535.0,13.5,-13.5,-110.0,-110.0,50.0,-110.0,-110.0,,OK,-12.061,12.061,0.21338,0.7866199999999999
401520275,draftkings,OK,DraftKings,40,,300.0,-380.0,10.0,-10.0,-110.0,-110.0,54.5,-110.0,-110.0,,OK,-11.481,11.481,0.22469,0.77531
401520276,draftkings,OK,DraftKings,40,,225.0,-278.0,7.0,-7.0,-105.0,-115.0,36.5,-110.0,-110.0,,OK,-5.496,5.496,0.35751,0.64249
401520277,draftkings,OK,DraftKings,40,,-270.0,220.0,-6.5,6.5,-115.0,-105.0,61.5,-110.0,-110.0,,OK,7.416,-7.416,0.69062,0.30938
401520278,draftkings,OK,DraftKings,40,,105.0,-125.0,2.0,-2.0,-110.0,-110.0,49.5,-112.0,-108.0,,OK,-0.044,0.044,0.4988,0.5012
401520279,draftkings,OK,DraftKings,40,,195.0,-238.0,6.5,-6.5,-110.0,-110.0,53.5,-110.0,-110.0,,OK,-8.915,8.915,0.27582,0.72418
401520280,draftkings,OK,DraftKings,40,,440.0,-600.0,14.0,-14.0,-105.0,-115.0,45.0,-110.0,-110.0,,OK,-13.861,13.861,0.18121,0.81879
401520281,draftkings,OK,DraftKings,40,,-375.0,295.0,-10.0,10.0,-110.0,-110.0,36.5,-110.0,-110.0,,OK,8.487,-8.487,0.71514,0.28486
401520282,draftkings,OK,DraftKings,40,,-122.0,102.0,-1.5,1.5,-110.0,-110.0,44.0,-110.0,-110.0,,OK,0.846,-0.846,0.52268,0.47731999999999997
401520283,draftkings,OK,DraftKings,40,,-675.0,490.0,-14.5,14.5,-110.0,-110.0,50.0,-110.0,-110.0,,OK,14.56,-14.56,0.8306,0.16939999999999997
401520284,draftkings,OK,DraftKings,40,,-325.0,260.0,-9.0,9.0,-110.0,-110.0,48.5,-110.0,-110.0,,OK,11.422,-11.422,0.77562,0.22438
401520285,draftkings,OK,DraftKings,40,,600.0,-900.0,16.5,-16.5,-110.0,-110.0,46.0,-110.0,-110.0,,OK,-17.844,17.844,0.1242,0.8758
401520286,draftkings,OK,DraftKings,40,,625.0,-950.0,17.5,-17.5,-110.0,-110.0,39.5,-110.0,-110.0,,OK,-17.41,17.41,0.12945,0.87055
401520287,draftkings,OK,DraftKings,40,,1600.0,-4000.0,27.0,-27.0,-110.0,-110.0,48.0,-110.0,-110.0,,OK,-24.098,24.098,0.06495,0.93505
401520288,draftkings,OK,DraftKings,40,,120.0,-142.0,2.5,-2.5,-110.0,-110.0,67.0,-110.0,-110.0,,OK,2.464,-2.464,0.56596,0.43404
401520289,draftkings,OK,DraftKings,40,,-115.0,-105.0,-1.0,1.0,-110.0,-110.0,53.0,-110.0,-110.0,,OK,-1.165,1.165,0.46874000000000005,0.53126
401520290,draftkings,PROVIDER_NOT_AVAILABLE,,,Caesars Sportsbook (Colorado)|Caesars Sportsbook (Tennessee)|ESPN BET|ESPN Bet - Live Odds|PointsBet|Titanbets|Unibet|accuscore,,,,,,,,,,,OK,42.727,-42.727,0.99239,0.761
401520291,draftkings,OK,DraftKings,40,,-455.0,350.0,-12.0,12.0,-110.0,-110.0,60.0,-110.0,-110.0,,OK,7.929,-7.929,0.70194,0.29806
401520292,draftkings,OK,DraftKings,40,,160.0,-192.0,4.0,-4.0,-110.0,-110.0,50.5,-110.0,-110.0,,OK,-6.243,6.243,0.33753999999999995,0.66246
401520293,draftkings,OK,DraftKings,40,,400.0,-535.0,14.0,-14.0,-110.0,-110.0,53.5,-110.0,-110.0,,OK,-12.542,12.542,0.20245999999999997,0.79754
401520294,draftkings,OK,DraftKings,40,,-142.0,120.0,-2.5,2.5,-115.0,-105.0,52.0,-110.0,-110.0,,OK,-2.131,2.131,0.44221,0.55779
401520295,draftkings,OK,DraftKings,40,,195.0,-238.0,6.0,-6.0,-108.0,-112.0,58.5,-110.0,-110.0,,OK,-6.263,6.263,0.33524,0.66476
401520296,draftkings,OK,DraftKings,40,,-1450.0,850.0,-21.5,21.5,-110.0,-110.0,46.5,-110.0,-110.0,,OK,21.213,-21.213,0.91112,0.08888
401520297,draftkings,OK,DraftKings,40,,-245.0,200.0,-6.5,6.5,-110.0,-110.0,49.5,-110.0,-110.0,,OK,10.135,-10.135,0.75181,0.24819
401520298,draftkings,OK,DraftKings,40,,-130.0,110.0,-2.5,2.5,-110.0,-110.0,47.0,-110.0,-110.0,,OK,6.199,-6.199,0.66235,0.33765
401520299,draftkings,OK,DraftKings,40,,-1000.0,650.0,-18.0,18.0,-110.0,-110.0,51.0,-115.0,-105.0,,OK,18.229,-18.229,0.88228,0.11772
401520300,draftkings,OK,DraftKings,40,,-600.0,440.0,-14.5,14.5,-108.0,-112.0,46.5,-110.0,-110.0,,OK,16.562,-16.562,0.86131,0.13869
401520301,draftkings,OK,DraftKings,40,,-155.0,130.0,-3.0,3.0,-112.0,-108.0,42.0,-110.0,-110.0,,OK,4.297,-4.297,0.61458,0.38542000000000004
401520302,draftkings,OK,DraftKings,40,,-130.0,110.0,-2.5,2.5,-110.0,-110.0,38.5,-110.0,-110.0,,OK,7.04,-7.04,0.68301,0.31699
401520303,draftkings,OK,DraftKings,40,,800.0,-1350.0,19.0,-19.0,-110.0,-110.0,46.5,-110.0,-110.0,,OK,-17.075,17.075,0.1319,0.8681
401520304,draftkings,OK,DraftKings,40,,-1800.0,1000.0,-21.5,21.5,-110.0,-110.0,55.0,-110.0,-110.0,,OK,20.608,-20.608,0.90699,0.09301
401520305,draftkings,OK,DraftKings,40,,200.0,-245.0,6.0,-6.0,-110.0,-110.0,63.5,-110.0,-110.0,,OK,-8.331,8.331,0.28722,0.71278
401520306,draftkings,OK,DraftKings,40,,,,-23.0,23.0,-110.0,-110.0,51.5,-110.0,-110.0,,OK,34.302,-34.302,0.98002,0.01998
401520307,draftkings,OK,DraftKings,40,,-950.0,625.0,-17.0,17.0,-110.0,-110.0,56.0,-110.0,-110.0,,OK,20.478,-20.478,0.90547,0.09452999999999999
401520308,draftkings,OK,DraftKings,40,,-470.0,360.0,-13.0,13.0,-108.0,-112.0,61.5,-108.0,-112.0,,OK,13.845,-13.845,0.8207900000000001,0.17920999999999998
401520309,draftkings,OK,DraftKings,40,,-355.0,280.0,-9.5,9.5,-110.0,-110.0,47.5,-110.0,-110.0,,OK,15.202,-15.202,0.84182,0.15818
401520310,draftkings,OK,DraftKings,40,,110.0,-130.0,2.5,-2.5,-110.0,-110.0,45.5,-110.0,-110.0,,OK,-6.028,6.028,0.34139,0.65861
401520311,draftkings,PROVIDER_NOT_AVAILABLE,,,Caesars Sportsbook|Caesars Sportsbook (Colorado)|Caesars Sportsbook (Tennessee)|ESPN BET|ESPN Bet - Live Odds|PointsBet|Titanbets|Unibet|accuscore,,,,,,,,,,,OK,11.416,-11.416,0.77608,0.22392
401520312,draftkings,OK,DraftKings,40,,225.0,-278.0,7.0,-7.0,-110.0,-110.0,60.0,-112.0,-108.0,,OK,-3.924,3.924,0.39474,0.60526
401520313,draftkings,OK,DraftKings,40,,-148.0,124.0,-3.0,3.0,-110.0,-110.0,53.5,-110.0,-110.0,,OK,0.661,-0.661,0.51812,0.48188
401520314,draftkings,OK,DraftKings,40,,-180.0,150.0,-3.5,3.5,-110.0,-110.0,43.0,-110.0,-110.0,,OK,0.94,-0.94,0.52584,0.47416
401520315,draftkings,OK,DraftKings,40,,-192.0,160.0,-4.0,4.0,-110.0,-110.0,42.5,-110.0,-110.0,,OK,4.759,-4.759,0.62687,0.37313
401520316,draftkings,OK,DraftKings,40,,-1350.0,800.0,-19.0,19.0,-110.0,-110.0,45.5,-110.0,-110.0,,OK,20.373,-20.373,0.90641,0.09359
401520317,draftkings,OK,DraftKings,40,,205.0,-250.0,6.5,-6.5,-110.0,-110.0,41.5,-110.0,-110.0,,OK,-2.506,2.506,0.43197,0.56803
401520318,draftkings,OK,DraftKings,40,,-125.0,105.0,-2.0,2.0,-110.0,-110.0,50.5,-110.0,-110.0,,OK,2.259,-2.259,0.56158,0.43842
401520319,draftkings,OK,DraftKings,40,,-380.0,300.0,-11.0,11.0,-110.0,-110.0,60.5,-110.0,-110.0,,OK,10.478,-10.478,0.7589099999999999,0.24108999999999997
401520320,draftkings,OK,DraftKings,40,,-535.0,400.0,-13.5,13.5,-110.0,-110.0,52.0,-110.0,-110.0,,OK,16.059,-16.059,0.85564,0.14436
401520321,draftkings,OK,DraftKings,40,,,,-33.0,33.0,-110.0,-110.0,45.0,-110.0,-110.0,,OK,29.518,-29.518,0.96494,0.03506
401520322,draftkings,OK,DraftKings,40,,,,-42.0,42.0,-110.0,-110.0,55.0,-110.0,-110.0,,OK,47.079,-47.079,0.99539,0.461
401520323,draftkings,OK,DraftKings,40,,650.0,-1000.0,17.0,-17.0,-110.0,-110.0,53.5,-110.0,-110.0,,OK,-24.723,24.723,0.05949999999999999,0.9405
401520324,draftkings,PROVIDER_NOT_AVAILABLE,,,Caesars Sportsbook (Colorado)|Caesars Sportsbook (Tennessee)|ESPN BET|ESPN Bet - Live Odds|PointsBet|Titanbets|Unibet|accuscore,,,,,,,,,,,OK,4.846,-4.846,0.62932,0.37067999999999995
401520325,draftkings,OK,DraftKings,40,,-110.0,-110.0,-1.0,1.0,-105.0,-115.0,50.0,-110.0,-110.0,,OK,2.679,-2.679,0.57253,0.42747
401520326,draftkings,OK,DraftKings,40,,-155.0,130.0,-3.0,3.0,-110.0,-110.0,54.5,-110.0,-110.0,,OK,2.49,-2.49,0.56762,0.43238
401520327,draftkings,OK,DraftKings,40,,,,32.5,-32.5,-108.0,-112.0,55.0,-108.0,-112.0,,OK,-32.779,32.779,0.023929999999999996,0.97607
401520328,draftkings,OK,DraftKings,40,,-340.0,270.0,-9.0,9.0,-110.0,-110.0,33.5,-112.0,-108.0,,OK,6.235,-6.235,0.66415,0.33585
401520329,draftkings,OK,DraftKings,40,,260.0,-325.0,7.5,-7.5,-110.0,-110.0,60.5,-110.0,-110.0,,OK,-2.931,2.931,0.4203,0.5797
401520330,draftkings,OK,DraftKings,40,,-750.0,525.0,-16.0,16.0,-110.0,-110.0,56.0,-110.0,-110.0,,OK,17.103,-17.103,0.8703,0.1297
401520331,draftkings,OK,DraftKings,40,,-230.0,190.0,-6.0,6.0,-110.0,-110.0,42.0,-110.0,-110.0,,OK,8.975,-8.975,0.72863,0.27137
401520332,draftkings,OK,DraftKings,40,,114.0,-135.0,2.5,-2.5,-110.0,-110.0,48.5,-108.0,-112.0,,OK,-1.664,1.664,0.45423,0.54577
401520333,draftkings,OK,DraftKings,40,,-375.0,295.0,-8.5,8.5,-110.0,-110.0,47.0,-112.0,-108.0,,OK,10.807,-10.807,0.76737,0.23263
401520334,draftkings,OK,DraftKings,40,,-278.0,225.0,-7.0,7.0,-110.0,-110.0,46.0,-110.0,-110.0,,OK,6.493,-6.493,0.6712599999999999,0.32874
401520335,draftkings,OK,DraftKings,40,,220.0,-270.0,6.5,-6.5,-110.0,-110.0,55.0,-112.0,-108.0,,OK,-11.078,11.078,0.22816,0.77184
401520336,draftkings,OK,DraftKings,40,,130.0,-155.0,3.0,-3.0,-108.0,-112.0,40.5,-112.0,-108.0,,OK,-6.307,6.307,0.33318,0.66682
401520337,draftkings,PROVIDER_NOT_AVAILABLE,,,Caesars Sportsbook (Colorado)|Caesars Sportsbook (Tennessee)|ESPN BET|ESPN Bet - Live Odds|PointsBet|Titanbets|Unibet|accuscore,,,,,,,,,,,OK,-6.518,6.518,0.32783,0.6721699999999999
401520338,draftkings,OK,DraftKings,40,,-166.0,140.0,-3.5,3.5,-110.0,-110.0,31.0,-108.0,-112.0,,OK,9.1,-9.1,0.7319499999999999,0.26805
401520339,draftkings,OK,DraftKings,40,,-10000.0,3000.0,-32.5,32.5,-108.0,-112.0,60.5,-108.0,-112.0,,OK,30.307,-30.307,0.96827,0.03173
401520340,draftkings,OK,DraftKings,40,,1700.0,-4500.0,25.5,-25.5,-110.0,-110.0,46.5,-110.0,-110.0,,OK,-23.294,23.294,0.06836,0.93164
401520341,draftkings,OK,DraftKings,40,,-278.0,225.0,-7.0,7.0,-110.0,-110.0,57.5,-108.0,-112.0,,OK,5.58,-5.58,0.64876,0.35124
401520342,draftkings,OK,DraftKings,40,,-425.0,330.0,-10.5,10.5,-108.0,-112.0,39.5,-110.0,-110.0,,OK,7.562,-7.562,0.69659,0.30341
401520343,draftkings,OK,DraftKings,40,,-192.0,160.0,-4.0,4.0,-112.0,-108.0,46.5,-110.0,-110.0,,OK,5.084,-5.084,0.63625,0.36375
401520344,draftkings,OK,DraftKings,40,,-112.0,-108.0,-1.0,1.0,-108.0,-112.0,57.0,-108.0,-112.0,,OK,1.923,-1.923,0.55265,0.44734999999999997
401520345,draftkings,OK,DraftKings,40,,-155.0,130.0,-3.0,3.0,-108.0,-112.0,55.0,-112.0,-108.0,,OK,2.077,-2.077,0.55733,0.44267
401520346,draftkings,OK,DraftKings,40,,164.0,-198.0,4.5,-4.5,-110.0,-110.0,62.0,-108.0,-112.0,,OK,-2.397,2.397,0.43445,0.56555
401520347,draftkings,OK,DraftKings,40,,260.0,-340.0,9.0,-9.0,-110.0,-110.0,48.0,-108.0,-112.0,,OK,-10.01,10.01,0.24746,0.7525400000000001
401520348,draftkings,OK,DraftKings,40,,-185.0,154.0,-4.0,4.0,-110.0,-110.0,38.5,-110.0,-110.0,,OK,4.035,-4.035,0.60968,0.39031999999999994
401520349,draftkings,OK,DraftKings,40,,-380.0,300.0,-10.0,10.0,-112.0,-108.0,49.0,-110.0,-110.0,,OK,10.778,-10.778,0.76779,0.23221
401520350,draftkings,OK,DraftKings,40,,-230.0,190.0,-6.5,6.5,-112.0,-108.0,40.0,-112.0,-108.0,,OK,4.766,-4.766,0.62814,0.37186
401520351,draftkings,OK,DraftKings,40,,-625.0,455.0,-14.5,14.5,-110.0,-110.0,49.0,-110.0,-110.0,,OK,13.589,-13.589,0.819,0.18099999999999997
401520352,draftkings,OK,DraftKings,40,,425.0,-575.0,14.5,-14.5,-112.0,-108.0,50.0,-110.0,-110.0,,OK,-15.965,15.965,0.14454,0.8554600000000001
401520353,draftkings,OK,DraftKings,40,,154.0,-185.0,4.0,-4.0,-110.0,-110.0,50.0,-112.0,-108.0,,OK,-7.968,7.968,0.29315,0.70685
401520354,draftkings,OK,DraftKings,40,,-230.0,190.0,-6.5,6.5,-110.0,-110.0,41.0,-110.0,-110.0,,OK,6.13,-6.13,0.6631,0.3369
401520355,draftkings,OK,DraftKings,40,,-105.0,-115.0,1.0,-1.0,-110.0,-110.0,39.0,-110.0,-110.0,,OK,0.673,-0.673,0.51855,0.48144999999999993
401520356,draftkings,OK,DraftKings,40,,455.0,-625.0,15.0,-15.0,-110.0,-110.0,48.5,-110.0,-110.0,,OK,-13.166,13.166,0.18822,0.81178
401520357,draftkings,OK,DraftKings,40,,-2800.0,1300.0,-24.0,24.0,-112.0,-108.0,63.0,-110.0,-110.0,,OK,27.806,-27.806,0.95854,0.04146
401520358,draftkings,OK,DraftKings,40,,-8000.0,2200.0,-31.0,31.0,-108.0,-112.0,45.5,-108.0,-112.0,,OK,35.149,-35.149,0.9819200000000001,0.01808
401520359,draftkings,OK,DraftKings,40,,-850.0,575.0,-17.0,17.0,-112.0,-108.0,51.0,-110.0,-110.0,,OK,15.373,-15.373,0.8469,0.1531
401520360,draftkings,OK,DraftKings,40,,470.0,-650.0,14.5,-14.5,-110.0,-110.0,48.0,-112.0,-108.0,,OK,-17.617,17.617,0.12289,0.87711
401520361,draftkings,OK,DraftKings,40,,-1100.0,700.0,-18.5,18.5,-110.0,-110.0,33.0,-110.0,-110.0,,OK,17.786,-17.786,0.8803800000000002,0.11962
401520362,draftkings,OK,DraftKings,40,,-166.0,140.0,-3.0,3.0,-115.0,-105.0,61.0,-108.0,-112.0,,OK,4.535,-4.535,0.62298,0.3770200000000001
401520363,draftkings,OK,DraftKings,40,,-148.0,124.0,-3.0,3.0,-108.0,-112.0,49.0,-112.0,-108.0,,OK,0.697,-0.697,0.51929,0.48071
401520364,draftkings,OK,DraftKings,40,,-675.0,490.0,-14.5,14.5,-108.0,-112.0,54.5,-110.0,-110.0,,OK,14.414,-14.414,0.83351,0.16649
401520365,draftkings,OK,DraftKings,40,,235.0,-290.0,8.0,-8.0,-112.0,-108.0,44.5,-108.0,-112.0,,OK,-11.292,11.292,0.22182,0.77818
401520366,draftkings,OK,DraftKings,40,,-600.0,440.0,-14.0,14.0,-110.0,-110.0,59.0,-112.0,-108.0,,OK,16.905,-16.905,0.86917,0.13083
401520367,draftkings,OK,DraftKings,40,,245.0,-305.0,7.5,-7.5,-110.0,-110.0,49.0,-112.0,-108.0,,OK,-14.198,14.198,0.17003000000000001,0.82997
401520368,draftkings,OK,DraftKings,40,,-6500.0,2000.0,-31.0,31.0,-108.0,-112.0,54.0,-112.0,-108.0,,OK,32.834,-32.834,0.9766400000000001,0.02336
401520369,draftkings,OK,DraftKings,40,,130.0,-155.0,3.0,-3.0,-105.0,-115.0,35.0,-110.0,-110.0,,OK,-0.92,0.92,0.47458,0.52542
401520370,draftkings,OK,DraftKings,40,,-142.0,120.0,-2.5,2.5,-112.0,-108.0,44.0,-110.0,-110.0,,OK,3.423,-3.423,0.59362,0.4063800000000001
401520371,draftkings,OK,DraftKings,40,,185.0,-225.0,5.5,-5.5,-110.0,-110.0,44.5,-110.0,-110.0,,OK,1.406,-1.406,0.5389,0.4611
401520372,draftkings,OK,DraftKings,40,,-155.0,130.0,-3.0,3.0,-112.0,-108.0,55.5,-110.0,-110.0,,OK,4.502,-4.502,0.62243,0.37757000000000007
401520373,draftkings,OK,DraftKings,40,,170.0,-205.0,5.5,-5.5,-112.0,-108.0,32.0,-110.0,-110.0,,OK,-11.387,11.387,0.21936,0.7806399999999999
401520374,draftkings,OK,DraftKings,40,,-148.0,124.0,-3.0,3.0,-105.0,-115.0,52.0,-108.0,-112.0,,OK,5.134,-5.134,0.63864,0.36136
401520375,draftkings,PROVIDER_NOT_AVAILABLE,,,Caesars Sportsbook (Colorado)|Caesars Sportsbook (Tennessee)|ESPN BET|PointsBet|Titanbets|Unibet|accuscore,,,,,,,,,,,OK,-20.775,20.775,0.08815,0.91185
401520376,draftkings,OK,DraftKings,40,,-650.0,470.0,-14.0,14.0,-110.0,-110.0,55.0,-110.0,-110.0,,OK,12.482,-12.482,0.80093,0.19907
401520377,draftkings,OK,DraftKings,40,,,,-35.0,35.0,-108.0,-112.0,55.0,-110.0,-110.0,,OK,33.043,-33.043,0.9771,0.0229
401520378,draftkings,OK,DraftKings,40,,320.0,-410.0,10.0,-10.0,-112.0,-108.0,54.0,-108.0,-112.0,,OK,-9.062,9.062,0.267,0.733
401520379,draftkings,OK,DraftKings,40,,390.0,-520.0,12.5,-12.5,-110.0,-110.0,49.0,-112.0,-108.0,,OK,-14.763,14.763,0.16106,0.83894
401520380,draftkings,OK,DraftKings,40,,-130.0,110.0,-2.5,2.5,-110.0,-110.0,47.0,-110.0,-110.0,,OK,1.381,-1.381,0.53823,0.46177
401520381,draftkings,OK,DraftKings,40,,,,-11.0,11.0,-110.0,-110.0,55.5,-110.0,-110.0,,OK,11.56,-11.56,0.787,0.213
401520382,draftkings,OK,DraftKings,40,,-520.0,390.0,-11.5,11.5,-110.0,-110.0,59.0,-110.0,-110.0,,OK,7.43,-7.43,0.69599,0.30401
401520383,draftkings,OK,DraftKings,40,,-198.0,164.0,-4.5,4.5,-110.0,-110.0,44.0,-112.0,-108.0,,OK,5.19,-5.19,0.64058,0.35942
401520384,draftkings,PROVIDER_NOT_AVAILABLE,,,Caesars Sportsbook (Colorado)|Caesars Sportsbook (Tennessee)|ESPN BET|ESPN Bet - Live Odds|PointsBet|Titanbets|Unibet|accuscore,,,,,,,,,,,OK,4.391,-4.391,0.6198,0.3802
401520385,draftkings,OK,DraftKings,40,,-2400.0,1200.0,-25.5,25.5,-108.0,-112.0,48.0,-110.0,-110.0,,OK,22.831,-22.831,0.9293,0.0707
401520386,draftkings,OK,DraftKings,40,,330.0,-425.0,11.0,-11.0,-110.0,-110.0,47.0,-108.0,-112.0,,OK,-15.942,15.942,0.14304,0.8569600000000002
401520387,draftkings,OK,DraftKings,40,,-290.0,235.0,-7.5,7.5,-108.0,-112.0,49.0,-110.0,-110.0,,OK,6.985,-6.985,0.68525,0.31475
401520388,draftkings,OK,DraftKings,40,,-625.0,455.0,-14.0,14.0,-108.0,-112.0,60.5,-110.0,-110.0,,OK,14.988,-14.988,0.84269,0.15731
401520389,draftkings,OK,DraftKings,40,,-850.0,575.0,-16.5,16.5,-112.0,-108.0,67.5,-112.0,-108.0,,OK,17.357,-17.357,0.87532,0.12468
401520390,draftkings,OK,DraftKings,40,,-425.0,330.0,-10.5,10.5,-108.0,-112.0,51.5,-112.0,-108.0,,OK,10.622,-10.622,0.7662,0.23380000000000004
401520391,draftkings,OK,DraftKings,40,,110.0,-130.0,2.5,-2.5,-108.0,-112.0,60.0,-110.0,-110.0,,OK,-3.941,3.941,0.39210999999999996,0.60789
401520392,draftkings,OK,DraftKings,40,,102.0,-122.0,1.5,-1.5,-108.0,-112.0,42.5,-112.0,-108.0,,OK,-2.678,2.678,0.42617,0.57383
401520393,draftkings,OK,DraftKings,40,,-10000.0,3000.0,-33.0,33.0,-110.0,-110.0,48.5,-110.0,-110.0,,OK,33.675,-33.675,0.97899,0.02101
401520394,draftkings,OK,DraftKings,40,,160.0,-192.0,4.0,-4.0,-108.0,-112.0,44.5,-108.0,-112.0,,OK,0.071,-0.071,0.502,0.498
401520395,draftkings,OK,DraftKings,40,,102.0,-122.0,1.5,-1.5,-110.0,-110.0,48.5,-110.0,-110.0,,OK,-0.51,0.51,0.48577999999999993,0.51422
401520396,draftkings,OK,DraftKings,40,,-520.0,390.0,-13.5,13.5,-110.0,-110.0,54.0,-110.0,-110.0,,OK,15.03,-15.03,0.84393,0.15607
401520397,draftkings,OK,DraftKings,40,,-700.0,500.0,-16.5,16.5,-112.0,-108.0,40.0,-110.0,-110.0,,OK,16.398,-16.398,0.8630200000000001,0.13698
401520398,draftkings,OK,DraftKings,40,,-440.0,340.0,-12.5,12.5,-110.0,-110.0,44.0,-110.0,-110.0,,OK,13.036,-13.036,0.81135,0.18865
401520399,draftkings,OK,DraftKings,40,,-198.0,164.0,-4.5,4.5,-108.0,-112.0,54.0,-108.0,-112.0,,OK,9.301,-9.301,0.73891,0.26109
401520400,draftkings,OK,DraftKings,40,,,,-17.0,17.0,-110.0,-110.0,57.0,-110.0,-110.0,,OK,14.741,-14.741,0.84107,0.15893
401520401,draftkings,OK,DraftKings,40,,,,-45.0,45.0,-110.0,-110.0,56.0,-108.0,-112.0,,OK,46.765,-46.765,0.99553,0.447
401520402,draftkings,OK,DraftKings,40,,-3200.0,1400.0,-27.5,27.5,-110.0,-110.0,49.5,-110.0,-110.0,,OK,31.323,-31.323,0.97268,0.02732
401520403,draftkings,OK,DraftKings,40,,-105.0,-115.0,1.0,-1.0,-108.0,-112.0,40.0,-108.0,-112.0,,OK,-7.718,7.718,0.29649,0.70351
401520404,draftkings,OK,DraftKings,40,,-1800.0,1000.0,-25.0,25.0,-110.0,-110.0,48.0,-108.0,-112.0,,OK,23.963,-23.963,0.9382,0.061799999999999994
401520405,draftkings,OK,DraftKings,40,,-185.0,154.0,-4.0,4.0,-110.0,-110.0,47.0,-108.0,-112.0,,OK,2.297,-2.297,0.56384,0.43616
401520406,draftkings,OK,DraftKings,40,,-142.0,120.0,-3.0,3.0,-108.0,-112.0,33.5,-108.0,-112.0,,OK,9.833,-9.833,0.75067,0.24933
401520407,draftkings,OK,DraftKings,40,,-355.0,280.0,-10.0,10.0,-108.0,-112.0,54.5,-112.0,-108.0,,OK,12.292,-12.292,0.79913,0.20087
401520408,draftkings,OK,DraftKings,40,,-2800.0,1300.0,-25.5,25.5,-110.0,-110.0,64.0,-108.0,-110.0,,OK,23.349,-23.349,0.93369,0.06631
401520409,draftkings,OK,DraftKings,40,,-10000.0,3000.0,-31.5,31.5,-112.0,-108.0,75.0,-110.0,-110.0,,OK,31.827,-31.827,0.97417,0.02583
401520410,draftkings,OK,DraftKings,40,,600.0,-900.0,18.0,-18.0,-112.0,-108.0,51.0,-110.0,-110.0,,OK,-20.301,20.301,0.09142,0.90858
401520411,draftkings,OK,DraftKings,40,,-340.0,270.0,-8.5,8.5,-110.0,-110.0,48.0,-110.0,-110.0,,OK,7.996,-7.996,0.70997,0.29003
401520412,draftkings,OK,DraftKings,40,,-850.0,575.0,-17.5,17.5,-110.0,-110.0,48.0,-112.0,-108.0,,OK,17.334,-17.334,0.87582,0.12418
401520413,draftkings,OK,DraftKings,40,,-485.0,370.0,-12.5,12.5,-110.0,-110.0,56.0,-110.0,-110.0,,OK,11.105,-11.105,0.77672,0.22328
401520414,draftkings,OK,DraftKings,40,,-135.0,114.0,-2.5,2.5,-108.0,-112.0,47.5,-110.0,-110.0,,OK,1.067,-1.067,0.52967,0.47033
401520415,draftkings,OK,DraftKings,40,,-4500.0,1700.0,-28.0,28.0,-108.0,-112.0,51.5,-110.0,-110.0,,OK,30.801,-30.801,0.9711,0.028899999999999995
401520416,draftkings,OK,DraftKings,40,,,,-36.5,36.5,-110.0,-110.0,61.0,-110.0,-110.0,,OK,38.947,-38.947,0.98862,0.01138
401520417,draftkings,PROVIDER_NOT_AVAILABLE,,,Caesars Sportsbook (Colorado)|Caesars Sportsbook (Tennessee)|ESPN BET|ESPN Bet - Live Odds|PointsBet|Titanbets|Unibet|accuscore,,,,,,,,,,,OK,24.457,-24.457,0.94134,0.05866
401520418,draftkings,OK,DraftKings,40,,-130.0,110.0,-2.0,2.0,-110.0,-110.0,52.0,-110.0,-110.0,,OK,2.927,-2.927,0.58096,0.41904
401520419,draftkings,OK,DraftKings,40,,280.0,-355.0,9.5,-9.5,-110.0,-110.0,60.0,-110.0,-110.0,,OK,-7.321,7.321,0.30614,0.6938600000000001
401520420,draftkings,OK,DraftKings,40,,,,-40.0,40.0,-112.0,-108.0,54.5,-110.0,-110.0,,OK,46.287,-46.287,0.99527,0.473
401520421,draftkings,OK,DraftKings,40,,-9000.0,2500.0,-25.0,25.0,-108.0,-112.0,41.0,-110.0,-110.0,,OK,22.155,-22.155,0.92606,0.07394
401520422,draftkings,OK,DraftKings,40,,-278.0,225.0,-7.0,7.0,-110.0,-110.0,36.5,-115.0,-105.0,,OK,7.715,-7.715,0.70304,0.29696
401520423,draftkings,OK,DraftKings,40,,-360.0,285.0,-10.0,10.0,-108.0,-112.0,52.5,-110.0,-110.0,,OK,13.317,-13.317,0.81692,0.18308
401520424,draftkings,OK,DraftKings,40,,280.0,-355.0,9.5,-9.5,-108.0,-112.0,54.5,-112.0,-108.0,,OK,-13.624,13.624,0.17744,0.82256
401520425,draftkings,OK,DraftKings,40,,-148.0,124.0,-2.5,2.5,-115.0,-105.0,26.0,-110.0,-110.0,,OK,-3.868,3.868,0.39341000000000004,0.60659
401520426,draftkings,OK,DraftKings,40,,280.0,-355.0,9.5,-9.5,-110.0,-110.0,53.5,-110.0,-110.0,,OK,-8.115,8.115,0.28694,0.71306
401520427,draftkings,OK,DraftKings,40,,425.0,-575.0,13.5,-13.5,-110.0,-110.0,47.0,-110.0,-110.0,,OK,-15.951,15.951,0.14195,0.85805
401520428,draftkings,OK,DraftKings,40,,350.0,-455.0,11.0,-11.0,-108.0,-112.0,54.0,-110.0,-110.0,,OK,-14.029,14.029,0.17039,0.82961
401520429,draftkings,OK,DraftKings,40,,170.0,-205.0,5.5,-5.5,-110.0,-110.0,49.0,-108.0,-112.0,,OK,-13.124,13.124,0.18578,0.8142200000000002
401520430,draftkings,OK,DraftKings,40,,1300.0,-2800.0,25.0,-25.0,-110.0,-110.0,59.5,-110.0,-110.0,,OK,-22.209,22.209,0.07446,0.92554
401520431,draftkings,OK,DraftKings,40,,-192.0,160.0,-5.0,5.0,-112.0,-108.0,47.0,-108.0,-112.0,,OK,3.275,-3.275,0.59071,0.40929000000000004
401520432,draftkings,OK,DraftKings,40,,-278.0,225.0,-7.0,7.0,-115.0,-105.0,47.5,-112.0,-108.0,,OK,9.157,-9.157,0.73666,0.26334
401520433,draftkings,OK,DraftKings,40,,-440.0,340.0,-11.5,11.5,-110.0,-110.0,67.5,-110.0,-110.0,,OK,7.163,-7.163,0.6905899999999999,0.30941
401520434,draftkings,OK,DraftKings,40,,-155.0,130.0,-3.0,3.0,-110.0,-110.0,46.0,-110.0,-110.0,,OK,1.971,-1.971,0.55495,0.44505
401520435,draftkings,OK,DraftKings,40,,1200.0,-2400.0,22.5,-22.5,-112.0,-108.0,43.5,-110.0,-110.0,,OK,-25.921,25.921,0.04963,0.95037
401520436,draftkings,OK,DraftKings,40,,130.0,-155.0,3.0,-3.0,-110.0,-110.0,46.0,-112.0,-108.0,,OK,-2.992,2.992,0.41686,0.58314
401520437,draftkings,OK,DraftKings,40,,114.0,-135.0,2.5,-2.5,-108.0,-112.0,48.0,-110.0,-110.0,,OK,0.875,-0.875,0.52434,0.47566
401520438,draftkings,OK,DraftKings,40,,-225.0,185.0,-6.5,6.5,-108.0,-105.0,55.0,-112.0,-108.0,,OK,4.018,-4.018,0.61049,0.38951
401520439,draftkings,PROVIDER_NOT_AVAILABLE,,,Caesars Sportsbook (Colorado)|Caesars Sportsbook (Tennessee)|PointsBet|Titanbets|Unibet|accuscore,,,,,,,,,,,OK,-1.661,1.661,0.45371,0.54629
401520440,draftkings,OK,DraftKings,40,,145.0,-175.0,3.5,-3.5,-112.0,-108.0,50.5,-110.0,-110.0,,OK,-2.094,2.094,0.44170000000000004,0.5583
401520441,draftkings,OK,DraftKings,40,,235.0,-290.0,7.5,-7.5,-108.0,-112.0,48.0,-112.0,-108.0,,OK,-5.601,5.601,0.34807000000000005,0.65193
401520442,draftkings,OK,DraftKings,40,,-3200.0,1400.0,-27.0,27.0,-108.0,-112.0,57.5,-110.0,-110.0,,OK,26.933,-26.933,0.95545,0.04455
401520443,draftkings,OK,DraftKings,40,,-130.0,110.0,-2.0,2.0,-112.0,-108.0,51.0,-112.0,-108.0,,OK,2.546,-2.546,0.57087,0.42913
401520444,draftkings,OK,DraftKings,40,,700.0,-1100.0,17.5,-17.5,-110.0,-110.0,54.5,-110.0,-110.0,,OK,-16.037,16.037,0.14045,0.85955
401520445,draftkings,OK,DraftKings,40,,120.0,-142.0,3.0,-3.0,-115.0,-105.0,28.0,-112.0,-108.0,,OK,-4.062,4.062,0.38306000000000007,0.61694
401521330,draftkings,OK,DraftKings,40,,130.0,-155.0,3.0,-3.0,-108.0,-112.0,55.5,-110.0,-110.0,,OK,-6.203,6.203,0.33881,0.6611899999999999
401523986,draftkings,OK,DraftKings,40,,-6500.0,2000.0,-31.5,31.5,-110.0,-110.0,66.5,-110.0,-110.0,,OK,30.265,-30.265,0.95941,0.04059
401523987,draftkings,OK,DraftKings,40,,-10000.0,3000.0,-34.5,34.5,-110.0,-110.0,62.0,-110.0,-110.0,,OK,28.366,-28.366,0.95471,0.04529
401523988,draftkings,OK,DraftKings,40,,105.0,-125.0,2.5,-2.5,-110.0,-110.0,55.0,-110.0,-110.0,,OK,-1.796,1.796,0.45411999999999997,0.54588
401523989,draftkings,OK,DraftKings,40,,-6500.0,2000.0,-28.5,28.5,-110.0,-110.0,60.0,-110.0,-110.0,,OK,29.661,-29.661,0.9609000000000001,0.0391
401523990,draftkings,OK,DraftKings,40,,295.0,-375.0,8.5,-8.5,-110.0,-110.0,54.0,-110.0,-110.0,,OK,-8.123,8.123,0.30736,0.6926400000000001
401523991,draftkings,OK,DraftKings,40,,170.0,-205.0,4.5,-4.5,-110.0,-110.0,53.5,-110.0,-110.0,,OK,-11.132,11.132,0.2465,0.7535
401523992,draftkings,OK,DraftKings,40,,,,-48.0,48.0,-110.0,-110.0,66.5,-110.0,-110.0,,OK,41.779,-41.779,0.99004,0.996
401523994,draftkings,OK,DraftKings,40,,-1350.0,800.0,-21.0,21.0,-110.0,-110.0,63.5,-110.0,-110.0,,OK,23.423,-23.423,0.91694,0.08306
401523995,draftkings,OK,DraftKings,40,,-750.0,525.0,-15.5,15.5,-110.0,-110.0,66.5,-110.0,-110.0,,OK,17.67,-17.67,0.85775,0.14225
401523996,draftkings,OK,DraftKings,40,,,,-38.0,38.0,-110.0,-110.0,63.5,-110.0,-110.0,,OK,32.213,-32.213,0.96846,0.03154
401523997,draftkings,OK,DraftKings,40,,-650.0,470.0,-14.5,14.5,-110.0,-110.0,58.5,-110.0,-110.0,,OK,10.857,-10.857,0.74739,0.25261
401523998,draftkings,OK,DraftKings,40,,110.0,-130.0,2.5,-2.5,-112.0,-108.0,53.5,-108.0,-112.0,,OK,-8.627,8.627,0.29053,0.70947
401523999,draftkings,OK,DraftKings,40,,230.0,-285.0,7.0,-7.0,-110.0,-110.0,45.5,-110.0,-110.0,,OK,-10.015,10.015,0.26096,0.7390399999999999
401524000,draftkings,OK,DraftKings,40,,,,-24.0,24.0,-110.0,-110.0,57.0,-110.0,-110.0,,OK,32.635,-32.635,0.97394,0.02606
401524001,draftkings,OK,DraftKings,40,,380.0,-500.0,13.0,-13.0,-110.0,-110.0,49.5,-112.0,-108.0,,OK,-14.381,14.381,0.17969,0.8203099999999999
401524002,draftkings,OK,DraftKings,40,,164.0,-198.0,4.5,-4.5,-110.0,-110.0,68.0,-110.0,-110.0,,OK,-7.095,7.095,0.32487,0.67513
401524003,draftkings,OK,DraftKings,40,,-5000.0,1800.0,-28.0,28.0,-108.0,-112.0,69.5,-112.0,-108.0,,OK,26.147,-26.147,0.9428800000000002,0.05712
401524004,draftkings,OK,DraftKings,40,,,,-33.5,33.5,-110.0,-110.0,66.5,-110.0,-110.0,,OK,27.261,-27.261,0.94759,0.05241
401524005,draftkings,OK,DraftKings,40,,140.0,-166.0,3.5,-3.5,-112.0,-108.0,48.0,-112.0,-108.0,,OK,-3.768,3.768,0.40259,0.59741
401524006,draftkings,OK,DraftKings,40,,-650.0,470.0,-15.5,15.5,-112.0,-108.0,53.0,-110.0,-110.0,,OK,27.633,-27.633,0.9556600000000001,0.044340000000000004
401524007,draftkings,OK,DraftKings,40,,-2400.0,1200.0,-24.0,24.0,-110.0,-110.0,63.5,-110.0,-110.0,,OK,18.865,-18.865,0.8802499999999999,0.11975
401524008,draftkings,OK,DraftKings,40,,,,-38.0,38.0,-110.0,-110.0,68.0,-110.0,-110.0,,OK,35.95,-35.95,0.98159,0.01841
401524009,draftkings,OK,DraftKings,40,,-3200.0,1400.0,-24.5,24.5,-110.0,-110.0,48.5,-110.0,-110.0,,OK,29.464,-29.464,0.9625900000000001,0.03741
401524011,draftkings,OK,DraftKings,40,,,,-35.0,35.0,-110.0,-110.0,60.5,-110.0,-110.0,,OK,46.807,-46.807,0.99504,0.496
401524012,draftkings,OK,DraftKings,40,,,,-26.5,26.5,-110.0,-110.0,45.0,-112.0,-108.0,,OK,31.31,-31.31,0.97048,0.02952
401524013,draftkings,OK,DraftKings,40,,,,-47.5,47.5,-110.0,-110.0,55.0,-110.0,-110.0,,OK,44.093,-44.093,0.99316,0.6839999999999999
401524014,draftkings,OK,DraftKings,40,,3000.0,-10000.0,34.5,-34.5,-108.0,-112.0,62.0,-110.0,-110.0,,OK,-35.018,35.018,0.02008,0.97992
401524015,draftkings,OK,DraftKings,40,,-950.0,625.0,-21.0,21.0,-110.0,-110.0,70.5,-110.0,-110.0,,OK,24.996,-24.996,0.93899,0.06101
401524016,draftkings,OK,DraftKings,40,,350.0,-455.0,12.5,-12.5,-110.0,-110.0,60.0,-110.0,-110.0,,OK,-9.257,9.257,0.27125,0.72875
401524017,draftkings,OK,DraftKings,40,,-175.0,145.0,-3.5,3.5,-110.0,-110.0,50.5,-110.0,-110.0,,OK,6.313,-6.313,0.66289,0.33710999999999997
401524018,draftkings,OK,DraftKings,40,,-1050.0,675.0,-20.5,20.5,-110.0,-110.0,56.0,-110.0,-110.0,,OK,15.925,-15.925,0.84846,0.15154
401524019,draftkings,OK,DraftKings,40,,130.0,-155.0,3.0,-3.0,-110.0,-110.0,57.5,-110.0,-110.0,,OK,-5.372,5.372,0.36003,0.63997
401524020,draftkings,OK,DraftKings,40,,-180.0,150.0,-4.0,4.0,-110.0,-110.0,43.0,-110.0,-110.0,,OK,3.209,-3.209,0.58584,0.41416
401524021,draftkings,OK,DraftKings,40,,750.0,-1200.0,20.0,-20.0,-110.0,-110.0,65.0,-110.0,-110.0,,OK,-16.961,16.961,0.13569,0.86431
401524022,draftkings,OK,DraftKings,40,,-485.0,370.0,-13.0,13.0,-110.0,-110.0,47.0,-110.0,-110.0,,OK,18.496,-18.496,0.88377,0.11623
401524023,draftkings,OK,DraftKings,40,,900.0,-1600.0,22.0,-22.0,-110.0,-110.0,74.5,-110.0,-110.0,,OK,-19.808,19.808,0.10249000000000001,0.89751
401524024,draftkings,OK,DraftKings,40,,1700.0,-4500.0,27.5,-27.5,-112.0,-108.0,60.0,-110.0,-110.0,,OK,-30.195,30.195,0.03359,0.9664100000000001
401524025,draftkings,OK,DraftKings,40,,-1800.0,1000.0,-21.0,21.0,-110.0,-110.0,69.0,-110.0,-110.0,,OK,20.828,-20.828,0.90911,0.09089
401524026,draftkings,OK,DraftKings,40,,136.0,-162.0,3.0,-3.0,-108.0,-112.0,58.5,-110.0,-110.0,,OK,-5.597,5.597,0.35258,0.64742
401524027,draftkings,OK,DraftKings,40,,260.0,-325.0,7.5,-7.5,-110.0,-110.0,51.5,-110.0,-110.0,,OK,-6.547,6.547,0.32847000000000004,0.67153
401524028,draftkings,OK,DraftKings,40,,-170.0,142.0,-3.5,3.5,-105.0,-115.0,60.5,-110.0,-110.0,,OK,6.332,-6.332,0.66478,0.33521999999999996
401524029,draftkings,OK,DraftKings,40,,-520.0,390.0,-13.5,13.5,-110.0,-110.0,58.5,-110.0,-110.0,,OK,12.614,-12.614,0.7996099999999999,0.20039
401524030,draftkings,OK,DraftKings,40,,-290.0,235.0,-7.5,7.5,-105.0,-115.0,57.0,-110.0,-110.0,,OK,4.269,-4.269,0.61465,0.38535
401524031,draftkings,OK,DraftKings,40,,-162.0,136.0,-3.0,3.0,-110.0,-110.0,60.5,-110.0,-110.0,,OK,4.368,-4.368,0.61752,0.38248
401524032,draftkings,OK,DraftKings,40,,-192.0,160.0,-3.5,3.5,-110.0,-110.0,54.0,-110.0,-110.0,,OK,7.52,-7.52,0.69524,0.30476
401524033,draftkings,OK,DraftKings,40,,-375.0,295.0,-9.5,9.5,-110.0,-110.0,43.0,-110.0,-110.0,,OK,10.006,-10.006,0.75,0.25
401524034,draftkings,OK,DraftKings,40,,-162.0,136.0,-3.0,3.0,-118.0,-102.0,67.0,-110.0,-110.0,,OK,-1.913,1.913,0.44832,0.55168
401524035,draftkings,OK,DraftKings,40,,-1100.0,700.0,-19.5,19.5,-110.0,-110.0,60.5,-110.0,-110.0,,OK,25.872,-25.872,0.94785,0.05215
401524036,draftkings,OK,DraftKings,40,,600.0,-900.0,17.0,-17.0,-108.0,-112.0,52.0,-108.0,-112.0,,OK,-15.251,15.251,0.15596,0.84404
401524037,draftkings,OK,DraftKings,40,,-285.0,230.0,-7.0,7.0,-115.0,-105.0,52.0,-108.0,-112.0,,OK,7.441,-7.441,0.69414,0.30586
401524038,draftkings,OK,DraftKings,40,,-4000.0,1600.0,-28.0,28.0,-110.0,-110.0,61.0,-108.0,-112.0,,OK,31.558,-31.558,0.97222,0.02778
401524039,draftkings,OK,DraftKings,40,,130.0,-155.0,3.0,-3.0,-110.0,-110.0,57.5,-108.0,-112.0,,OK,-4.308,4.308,0.38333,0.61667
401524040,draftkings,OK,DraftKings,40,,170.0,-205.0,5.0,-5.0,-110.0,-110.0,48.5,-108.0,-112.0,,OK,-6.209,6.209,0.33526000000000006,0.66474
401524041,draftkings,OK,DraftKings,40,,320.0,-410.0,10.0,-10.0,-110.0,-110.0,67.5,-112.0,-108.0,,OK,-9.159,9.159,0.26582,0.73418
401524042,draftkings,OK,DraftKings,40,,1700.0,-4500.0,27.5,-27.5,-108.0,-112.0,61.5,-112.0,-108.0,,OK,-27.866,27.866,0.04149,0.95851
401524043,draftkings,OK,DraftKings,40,,-600.0,440.0,-14.5,14.5,-110.0,-110.0,60.0,-110.0,-110.0,,OK,14.979,-14.979,0.84102,0.15898
401524044,draftkings,OK,DraftKings,40,,205.0,-250.0,6.5,-6.5,-108.0,-112.0,47.0,-112.0,-108.0,,OK,-7.144,7.144,0.31231,0.68769
401524045,draftkings,OK,DraftKings,40,,120.0,-142.0,3.0,-3.0,-118.0,-102.0,49.0,-110.0,-110.0,,OK,-0.915,0.915,0.47468,0.52532
401524046,draftkings,OK,DraftKings,40,,400.0,-535.0,13.0,-13.0,-110.0,-110.0,60.5,-108.0,-112.0,,OK,-12.543,12.543,0.19814,0.80186
401524047,draftkings,OK,DraftKings,40,,-4000.0,1600.0,-26.5,26.5,-110.0,-110.0,61.0,-110.0,-110.0,,OK,23.034,-23.034,0.93058,0.06942
401524048,draftkings,OK,DraftKings,40,,114.0,-135.0,2.5,-2.5,-108.0,-112.0,76.0,-108.0,-112.0,,OK,1.472,-1.472,0.5406,0.4594
401524049,draftkings,OK,DraftKings,40,,-380.0,300.0,-10.0,10.0,-112.0,-108.0,38.5,-110.0,-110.0,,OK,17.905,-17.905,0.88121,0.11879
401524050,draftkings,OK,DraftKings,40,,-600.0,440.0,-14.0,14.0,-110.0,-110.0,58.0,-110.0,-110.0,,OK,13.846,-13.846,0.82406,0.17594
401524051,draftkings,OK,DraftKings,40,,-135.0,114.0,-2.5,2.5,-112.0,-108.0,59.5,-108.0,-112.0,,OK,4.961,-4.961,0.63454,0.36546
401524052,draftkings,OK,DraftKings,40,,260.0,-325.0,8.0,-8.0,-110.0,-110.0,55.5,-110.0,-110.0,,OK,-7.754,7.754,0.29678,0.7032200000000001
401524053,draftkings,OK,DraftKings,40,,-1100.0,700.0,-16.5,16.5,-112.0,-108.0,77.5,-110.0,-110.0,,OK,14.375,-14.375,0.83357,0.16643
401524054,draftkings,OK,DraftKings,40,,-1450.0,850.0,-21.5,21.5,-108.0,-112.0,52.0,-110.0,-110.0,,OK,24.921,-24.921,0.9438600000000001,0.056139999999999995
401524055,draftkings,OK,DraftKings,40,,-625.0,455.0,-14.0,14.0,-112.0,-108.0,45.0,-108.0,-112.0,,OK,20.176,-20.176,0.9067799999999999,0.09322
401524056,draftkings,OK,DraftKings,40,,-375.0,295.0,-9.5,9.5,-110.0,-110.0,48.5,-108.0,-112.0,,OK,7.215,-7.215,0.6908,0.3092
401524057,draftkings,OK,DraftKings,40,,-205.0,170.0,-4.5,4.5,-110.0,-110.0,59.5,-110.0,-110.0,,OK,3.371,-3.371,0.59303,0.40697000000000005
401524058,draftkings,OK,DraftKings,40,,-142.0,120.0,-2.5,2.5,-118.0,-102.0,46.5,-112.0,-108.0,,OK,-2.506,2.506,0.4305,0.5695
401524059,draftkings,OK,DraftKings,40,,1200.0,-2400.0,24.5,-24.5,-110.0,-110.0,53.5,-110.0,-110.0,,OK,-28.818,28.818,0.0362,0.9638
401524060,draftkings,OK,DraftKings,40,,-118.0,-102.0,-1.0,1.0,-110.0,-110.0,62.0,-112.0,-108.0,,OK,-0.88,0.88,0.47544,0.52456
401524061,draftkings,OK,DraftKings,40,,225.0,-278.0,7.0,-7.0,-112.0,-108.0,53.5,-110.0,-110.0,,OK,-10.438,10.438,0.23698,0.76302
401524062,draftkings,OK,DraftKings,40,,-218.0,180.0,-5.0,5.0,-112.0,-108.0,62.5,-112.0,-108.0,,OK,9.891,-9.891,0.75173,0.24827
401524063,draftkings,OK,DraftKings,40,,-600.0,440.0,-14.0,14.0,-110.0,-110.0,61.0,-108.0,-112.0,,OK,12.806,-12.806,0.80865,0.19135
401524064,draftkings,OK,DraftKings,40,,370.0,-485.0,13.0,-13.0,-110.0,-110.0,50.0,-110.0,-110.0,,OK,-14.83,14.83,0.15809,0.84191
401524065,draftkings,OK,DraftKings,40,,1700.0,-4500.0,26.5,-26.5,-110.0,-110.0,50.0,-110.0,-110.0,,OK,-27.416,27.416,0.042050000000000004,0.95795
401524066,draftkings,OK,DraftKings,40,,-345.0,275.0,-9.5,9.5,-115.0,-105.0,51.0,-108.0,-112.0,,OK,8.916,-8.916,0.73147,0.26853
401524067,draftkings,OK,DraftKings,40,,-1650.0,950.0,-21.5,21.5,-108.0,-112.0,43.0,-112.0,-108.0,,OK,16.965,-16.965,0.87168,0.12832
401524068,draftkings,OK,DraftKings,40,,-675.0,490.0,-15.0,15.0,-108.0,-112.0,65.0,-112.0,-108.0,,OK,18.47,-18.47,0.88995,0.11005
401525434,draftkings,OK,DraftKings,40,,-1450.0,850.0,-20.5,20.5,-110.0,-110.0,49.5,-108.0,-112.0,,OK,28.459,-28.459,0.95087,0.04913
401525435,draftkings,OK,DraftKings,40,,,,-49.0,49.0,-110.0,-110.0,55.0,-110.0,-110.0,,OK,55.251,-55.251,0.9980100000000001,0.199
401525436,draftkings,OK,DraftKings,40,,225.0,-278.0,7.0,-7.0,-110.0,-110.0,49.5,-108.0,-112.0,,OK,-12.319,12.319,0.21502,0.78498
401525437,draftkings,OK,DraftKings,40,,-6500.0,2000.0,-35.0,35.0,-110.0,-110.0,51.0,-110.0,-110.0,,OK,38.289,-38.289,0.9860900000000001,0.01391
401525438,draftkings,OK,DraftKings,40,,170.0,-205.0,5.5,-5.5,-110.0,-110.0,52.5,-110.0,-110.0,,OK,-7.537,7.537,0.30647,0.69353
401525439,draftkings,OK,DraftKings,40,,205.0,-250.0,6.5,-6.5,-110.0,-110.0,53.5,-110.0,-110.0,,OK,-7.972,7.972,0.29491,0.70509
401525440,draftkings,OK,DraftKings,40,,-1450.0,850.0,-21.0,21.0,-110.0,-110.0,45.0,-110.0,-110.0,,OK,20.194,-20.194,0.90594,0.09406
401525441,draftkings,OK,DraftKings,40,,142.0,-170.0,3.5,-3.5,-110.0,-110.0,43.0,-110.0,-110.0,,OK,-5.803,5.803,0.34433,0.65567
401525442,draftkings,OK,DraftKings,40,,-1800.0,1000.0,-23.5,23.5,-110.0,-110.0,48.0,-112.0,-108.0,,OK,25.524,-25.524,0.94781,0.05219
401525450,draftkings,OK,DraftKings,40,,-278.0,225.0,-7.0,7.0,-105.0,-115.0,45.5,-110.0,-110.0,,OK,5.096,-5.096,0.62411,0.37589
401525451,draftkings,PROVIDER_NOT_AVAILABLE,,,ESPN BET,,,,,,,,,,,OK,14.246,-14.246,0.83265,0.16735
401525461,draftkings,OK,DraftKings,40,,-10000.0,3000.0,-32.5,32.5,-110.0,-110.0,53.5,-110.0,-110.0,,OK,28.972,-28.972,0.95858,0.04141999999999999
401525463,draftkings,OK,DraftKings,40,,-850.0,575.0,-16.5,16.5,-110.0,-110.0,45.0,-110.0,-110.0,,OK,20.834,-20.834,0.89503,0.10497
401525464,draftkings,OK,DraftKings,40,,-305.0,245.0,-8.0,8.0,-108.0,-112.0,50.0,-110.0,-110.0,,OK,8.684,-8.684,0.7060499999999998,0.29395
401525465,draftkings,OK,DraftKings,40,,,,-37.5,37.5,-110.0,-110.0,48.5,-110.0,-110.0,,OK,29.107,-29.107,0.9593,0.0407
401525466,draftkings,OK,DraftKings,40,,,,-40.0,40.0,-110.0,-110.0,50.0,-110.0,-110.0,,OK,36.205,-36.205,0.9815200000000001,0.01848
401525467,draftkings,OK,DraftKings,40,,-750.0,525.0,-16.0,16.0,-110.0,-110.0,48.0,-108.0,-112.0,,OK,17.296,-17.296,0.8526,0.1474
401525468,draftkings,OK,DraftKings,40,,370.0,-485.0,12.0,-12.0,-110.0,-110.0,54.5,-110.0,-110.0,,OK,-18.429,18.429,0.13199,0.8680099999999998
401525469,draftkings,OK,DraftKings,40,,,,-44.0,44.0,-110.0,-110.0,56.5,-110.0,-110.0,,OK,37.216,-37.216,0.98425,0.01575
401525490,draftkings,OK,DraftKings,40,,,,-10.0,10.0,-115.0,-105.0,52.5,-110.0,-110.0,,OK,21.136,-21.136,0.9085499999999999,0.09144999999999999
401525491,draftkings,OK,DraftKings,40,,,,-50.5,50.5,-110.0,-110.0,54.5,-110.0,-110.0,,OK,49.181,-49.181,0.9960900000000001,0.391
401525492,draftkings,OK,DraftKings,40,,,,-42.5,42.5,-110.0,-110.0,49.0,-110.0,-110.0,,OK,43.888,-43.888,0.99269,0.731
401525493,draftkings,OK,DraftKings,40,,-8000.0,2200.0,-31.0,31.0,-110.0,-110.0,54.0,-112.0,-108.0,,OK,30.791,-30.791,0.9649,0.0351
401525494,draftkings,OK,DraftKings,40,,,,-44.0,44.0,-110.0,-110.0,53.5,-110.0,-110.0,,OK,36.426,-36.426,0.98281,0.01719
401525495,draftkings,OK,DraftKings,40,,-1000.0,650.0,-19.0,19.0,-108.0,-112.0,58.0,-110.0,-110.0,,OK,22.479,-22.479,0.91606,0.08394
401525496,draftkings,OK,DraftKings,40,,-265.0,215.0,-6.5,6.5,-112.0,-108.0,45.0,-108.0,-112.0,,OK,3.929,-3.929,0.59922,0.40078
401525497,draftkings,OK,DraftKings,40,,-3600.0,1500.0,-25.0,25.0,-108.0,-112.0,56.0,-110.0,-110.0,,OK,24.929,-24.929,0.93384,0.06616
401525498,draftkings,OK,DraftKings,40,,185.0,-225.0,6.0,-6.0,-108.0,-112.0,40.0,-108.0,-112.0,,OK,0.163,-0.163,0.5043,0.49570000000000003
401525499,draftkings,OK,DraftKings,40,,,,-54.0,54.0,-110.0,-110.0,63.5,-110.0,-110.0,,OK,52.223,-52.223,0.9973399999999999,0.266
401525500,draftkings,OK,DraftKings,40,,1300.0,-2800.0,26.0,-26.0,-110.0,-110.0,48.5,-110.0,-110.0,,OK,-30.87,30.87,0.03274,0.96726
401525501,draftkings,OK,DraftKings,40,,-2800.0,1300.0,-25.0,25.0,-110.0,-110.0,51.5,-110.0,-110.0,,OK,24.933,-24.933,0.9370499999999999,0.06295
401525502,draftkings,OK,DraftKings,40,,,,-43.5,43.5,-112.0,-108.0,51.5,-108.0,-112.0,,OK,44.785,-44.785,0.99371,0.629
401525503,draftkings,OK,DraftKings,40,,-142.0,120.0,-2.5,2.5,-112.0,-108.0,47.5,-110.0,-110.0,,OK,-5.524,5.524,0.35808,0.64192
401525504,draftkings,OK,DraftKings,40,,425.0,-575.0,14.0,-14.0,-112.0,-108.0,61.0,-110.0,-110.0,,OK,-13.987,13.987,0.1838,0.8162
401525505,draftkings,OK,DraftKings,40,,260.0,-325.0,8.0,-8.0,-110.0,-110.0,47.0,-110.0,-110.0,,OK,-11.453,11.453,0.22591,0.77409
401525506,draftkings,OK,DraftKings,40,,-550.0,410.0,-14.0,14.0,-110.0,-110.0,53.5,-110.0,-110.0,,OK,18.69,-18.69,0.88377,0.11623
401525507,draftkings,OK,DraftKings,40,,102.0,-122.0,1.5,-1.5,-110.0,-110.0,56.0,-110.0,-110.0,,OK,-2.788,2.788,0.42595,0.57405
401525508,draftkings,OK,DraftKings,40,,-180.0,150.0,-3.5,3.5,-108.0,-112.0,58.5,-110.0,-110.0,,OK,2.936,-2.936,0.57747,0.42253
401525509,draftkings,OK,DraftKings,40,,1200.0,-2400.0,23.0,-23.0,-110.0,-110.0,46.0,-110.0,-110.0,,OK,-26.757,26.757,0.05022,0.94978
401525510,draftkings,OK,DraftKings,40,,215.0,-265.0,7.0,-7.0,-110.0,-110.0,49.5,-110.0,-110.0,,OK,-5.249,5.249,0.36314,0.63686
401525511,draftkings,OK,DraftKings,40,,-218.0,180.0,-6.0,6.0,-110.0,-110.0,43.0,-110.0,-110.0,,OK,7.153,-7.153,0.68117,0.31883
401525512,draftkings,OK,DraftKings,40,,140.0,-166.0,3.0,-3.0,-102.0,-118.0,56.5,-110.0,-110.0,,OK,-6.856,6.856,0.32278,0.67722
401525513,draftkings,OK,DraftKings,40,,-205.0,170.0,-5.0,5.0,-110.0,-110.0,50.0,-110.0,-110.0,,OK,4.492,-4.492,0.61879,0.38121000000000005
401525514,draftkings,OK,DraftKings,40,,240.0,-298.0,7.0,-7.0,-105.0,-115.0,52.0,-110.0,-110.0,,OK,1.875,-1.875,0.55051,0.44949
401525515,draftkings,OK,DraftKings,40,,-1450.0,850.0,-21.0,21.0,-108.0,-112.0,48.5,-110.0,-110.0,,OK,19.412,-19.412,0.89357,0.10642999999999998
401525516,draftkings,OK,DraftKings,40,,130.0,-155.0,3.0,-3.0,-118.0,-102.0,40.5,-110.0,-110.0,,OK,-5.687,5.687,0.35120000000000007,0.6488
401525517,draftkings,OK,DraftKings,40,,-1600.0,900.0,-21.0,21.0,-110.0,-110.0,53.0,-110.0,-110.0,,OK,19.166,-19.166,0.89244,0.10756
401525518,draftkings,OK,DraftKings,40,,-2400.0,1200.0,-24.0,24.0,-110.0,-110.0,52.5,-110.0,-110.0,,OK,26.061,-26.061,0.94737,0.052629999999999996
401525519,draftkings,OK,DraftKings,40,,-1200.0,750.0,-19.0,19.0,-110.0,-110.0,57.0,-110.0,-110.0,,OK,21.81,-21.81,0.9172,0.0828
401525520,draftkings,OK,DraftKings,40,,-395.0,310.0,-9.5,9.5,-110.0,-110.0,59.0,-110.0,-110.0,,OK,4.143,-4.143,0.61051,0.38949
401525521,draftkings,OK,DraftKings,40,,-258.0,210.0,-6.5,6.5,-112.0,-108.0,44.0,-110.0,-110.0,,OK,5.385,-5.385,0.6420600000000001,0.35794
401525522,draftkings,OK,DraftKings,40,,-425.0,300.0,-9.0,9.0,-110.0,-110.0,42.0,-110.0,-110.0,,OK,15.919,-15.919,0.85537,0.14463
401525523,draftkings,OK,DraftKings,40,,-180.0,150.0,-4.0,4.0,-110.0,-110.0,43.0,-110.0,-110.0,,OK,11.384,-11.384,0.77741,0.22259
401525524,draftkings,OK,DraftKings,40,,-1100.0,700.0,-18.5,18.5,-110.0,-110.0,53.5,-110.0,-110.0,,OK,13.698,-13.698,0.81894,0.18106000000000003
401525525,draftkings,OK,DraftKings,40,,235.0,-290.0,7.0,-7.0,-105.0,-115.0,45.0,-110.0,-110.0,,OK,-8.168,8.168,0.29039,0.70961
401525526,draftkings,OK,DraftKings,40,,-155.0,130.0,-3.0,3.0,-105.0,-115.0,57.0,-110.0,-110.0,,OK,4.194,-4.194,0.61204,0.38795999999999997
401525527,draftkings,OK,DraftKings,40,,-122.0,102.0,-1.5,1.5,-110.0,-110.0,48.5,-110.0,-110.0,,OK,0.164,-0.164,0.50435,0.49565
401525528,draftkings,OK,DraftKings,40,,-225.0,185.0,-5.5,5.5,-112.0,-108.0,57.0,-110.0,-110.0,,OK,9.677,-9.677,0.74354,0.25646
401525529,draftkings,OK,DraftKings,40,,195.0,-238.0,6.0,-6.0,-110.0,-110.0,44.5,-110.0,-110.0,,OK,-1.197,1.197,0.4672799999999999,0.53272
401525530,draftkings,OK,DraftKings,40,,-600.0,440.0,-14.0,14.0,-115.0,-105.0,48.5,-110.0,-110.0,,OK,12.541,-12.541,0.7995699999999999,0.20043
401525531,draftkings,OK,DraftKings,40,,-2800.0,1300.0,-24.0,24.0,-110.0,-110.0,58.0,-112.0,-108.0,,OK,24.803,-24.803,0.94132,0.05868
401525532,draftkings,OK,DraftKings,40,,120.0,-142.0,2.5,-2.5,-105.0,-115.0,45.0,-110.0,-110.0,,OK,-2.166,2.166,0.44083,0.55917
401525533,draftkings,OK,DraftKings,40,,-135.0,114.0,-2.5,2.5,-110.0,-110.0,47.0,-110.0,-110.0,,OK,-4.178,4.178,0.38689,0.61311
401525534,draftkings,OK,DraftKings,40,,285.0,-360.0,9.5,-9.5,-110.0,-110.0,44.5,-110.0,-110.0,,OK,-10.228,10.228,0.24361,0.75639
401525535,draftkings,OK,DraftKings,40,,-198.0,164.0,-5.0,5.0,-110.0,-110.0,47.0,-110.0,-110.0,,OK,1.257,-1.257,0.53447,0.46553
401525536,draftkings,OK,DraftKings,40,,850.0,-1450.0,20.5,-20.5,-110.0,-110.0,53.0,-108.0,-112.0,,OK,-21.721,21.721,0.08064,0.91936
401525537,draftkings,OK,DraftKings,40,,390.0,-520.0,12.0,-12.0,-110.0,-110.0,66.0,-110.0,-110.0,,OK,-12.225,12.225,0.20511,0.7948900000000001
401525538,draftkings,OK,DraftKings,40,,-1450.0,850.0,-19.5,19.5,-108.0,-112.0,48.0,-110.0,-110.0,,OK,21.202,-21.202,0.91467,0.08532999999999999
401525539,draftkings,OK,DraftKings,40,,-265.0,215.0,-6.5,6.5,-115.0,-105.0,41.0,-110.0,-110.0,,OK,13.72,-13.72,0.82196,0.17804000000000003
401525540,draftkings,OK,DraftKings,40,,100.0,-120.0,1.5,-1.5,-110.0,-110.0,47.5,-110.0,-110.0,,OK,9.892,-9.892,0.75018,0.24982
401525541,draftkings,OK,DraftKings,40,,800.0,-1350.0,21.0,-21.0,-112.0,-108.0,49.5,-110.0,-110.0,,OK,-20.989,20.989,0.08637,0.9136299999999999
401525542,draftkings,OK,DraftKings,40,,-115.0,-105.0,-1.0,1.0,-110.0,-110.0,56.5,-110.0,-110.0,,OK,-1.604,1.604,0.45574999999999993,0.54425
401525543,draftkings,OK,DraftKings,40,,-340.0,270.0,-8.5,8.5,-110.0,-110.0,47.0,-110.0,-110.0,,OK,11.31,-11.31,0.7785,0.22149999999999997
401525544,draftkings,OK,DraftKings,40,,210.0,-258.0,6.5,-6.5,-110.0,-110.0,44.0,-108.0,-112.0,,OK,-6.14,6.14,0.33592,0.66408
401525545,draftkings,OK,DraftKings,40,,,,-38.5,38.5,-110.0,-110.0,68.0,-110.0,-110.0,,OK,41.381,-41.381,0.9915,0.8500000000000001
401525546,draftkings,OK,DraftKings,40,,-1100.0,700.0,-20.0,20.0,-110.0,-110.0,49.5,-112.0,-108.0,,OK,21.757,-21.757,0.92096,0.07904
401525547,draftkings,OK,DraftKings,40,,120.0,-142.0,2.5,-2.5,-110.0,-110.0,48.5,-108.0,-112.0,,OK,-0.291,0.291,0.49195999999999995,0.50804
401525548,draftkings,OK,DraftKings,40,,-650.0,470.0,-14.5,14.5,-110.0,-110.0,54.5,-112.0,-108.0,,OK,12.594,-12.594,0.8034300000000001,0.19657
401525549,draftkings,OK,DraftKings,40,,-455.0,350.0,-10.5,10.5,-110.0,-110.0,53.0,-110.0,-110.0,,OK,4.896,-4.896,0.63292,0.36707999999999996
401525550,draftkings,OK,DraftKings,40,,-625.0,455.0,-14.0,14.0,-112.0,-108.0,50.0,-112.0,-108.0,,OK,15.498,-15.498,0.85048,0.14952
401525552,draftkings,OK,DraftKings,40,,136.0,-162.0,3.0,-3.0,-108.0,-112.0,38.0,-108.0,-112.0,,OK,2.175,-2.175,0.56028,0.43972
401525553,draftkings,OK,DraftKings,40,,-122.0,102.0,-1.5,1.5,-110.0,-110.0,45.5,-110.0,-110.0,,OK,6.383,-6.383,0.67116,0.32884
401525554,draftkings,OK,DraftKings,40,,-310.0,245.0,-7.5,7.5,-110.0,-110.0,59.5,-110.0,-110.0,,OK,3.885,-3.885,0.60676,0.39324
401525555,draftkings,OK,DraftKings,40,,124.0,-148.0,3.0,-3.0,-118.0,-102.0,45.5,-112.0,-108.0,,OK,-11.653,11.653,0.21306,0.78694
401525556,draftkings,OK,DraftKings,40,,,,-48.5,48.5,-110.0,-110.0,61.5,-110.0,-110.0,,OK,57.01,-57.01,0.99865,0.135
401525557,draftkings,OK,DraftKings,40,,-225.0,185.0,-6.0,6.0,-112.0,-108.0,51.5,-108.0,-112.0,,OK,1.638,-1.638,0.54551,0.45449
401525558,draftkings,OK,DraftKings,40,,-112.0,-108.0,-1.0,1.0,-108.0,-112.0,46.0,-112.0,-108.0,,OK,0.946,-0.946,0.52632,0.47368000000000005
401525559,draftkings,OK,DraftKings,40,,-135.0,114.0,-2.5,2.5,-112.0,-108.0,41.0,-112.0,-108.0,,OK,-0.704,0.704,0.48039000000000004,0.51961
401525560,draftkings,OK,DraftKings,40,,280.0,-355.0,10.0,-10.0,-110.0,-110.0,50.0,-110.0,-110.0,,OK,-11.721,11.721,0.21102999999999997,0.78897
401525561,draftkings,OK,DraftKings,40,,-192.0,160.0,-4.5,4.5,-110.0,-110.0,41.0,-110.0,-110.0,,OK,11.879,-11.879,0.79205,0.20794999999999997
401525562,draftkings,OK,DraftKings,40,,114.0,-135.0,2.5,-2.5,-108.0,-112.0,56.0,-110.0,-110.0,,OK,-4.527,4.527,0.37577,0.62423
401525563,draftkings,OK,DraftKings,40,,-118.0,-102.0,-1.5,1.5,-108.0,-112.0,43.0,-110.0,-110.0,,OK,7.267,-7.267,0.69319,0.30681
401525564,draftkings,OK,DraftKings,40,,-105.0,-115.0,1.0,-1.0,-112.0,-108.0,53.5,-112.0,-108.0,,OK,-3.599,3.599,0.40066,0.59934
401525815,draftkings,OK,DraftKings,40,,-10000.0,3000.0,-32.5,32.5,-110.0,-110.0,60.0,-110.0,-110.0,,OK,32.315,-32.315,0.97078,0.029220000000000003
401525816,draftkings,OK,DraftKings,40,,,,-35.5,35.5,-110.0,-110.0,53.0,-110.0,-110.0,,OK,21.315,-21.315,0.8980799999999999,0.10192
401525817,draftkings,OK,DraftKings,40,,-4500.0,1700.0,-27.0,27.0,-110.0,-110.0,59.0,-110.0,-110.0,,OK,25.086,-25.086,0.93026,0.06974
401525818,draftkings,OK,DraftKings,40,,-2100.0,1100.0,-21.5,21.5,-110.0,-110.0,57.5,-110.0,-110.0,,OK,32.364,-32.364,0.9709,0.0291
401525819,draftkings,OK,DraftKings,40,,110.0,-130.0,2.0,-2.0,-110.0,-110.0,59.5,-110.0,-110.0,,OK,1.474,-1.474,0.53664,0.46336
401525820,draftkings,OK,DraftKings,40,,-298.0,240.0,-7.0,7.0,-110.0,-110.0,40.5,-110.0,-110.0,,OK,22.24,-22.24,0.9157,0.0843
401525821,draftkings,OK,DraftKings,40,,-8000.0,2200.0,-28.5,28.5,-110.0,-110.0,56.0,-110.0,-110.0,,OK,35.343,-35.343,0.97957,0.02043
401525822,draftkings,OK,DraftKings,40,,,,-36.0,36.0,-110.0,-110.0,57.5,-110.0,-110.0,,OK,27.95,-27.95,0.94878,0.05122
401525823,draftkings,OK,DraftKings,40,,-3600.0,1500.0,-25.5,25.5,-110.0,-110.0,58.5,-110.0,-110.0,,OK,29.14,-29.14,0.9595199999999999,0.04048
401525824,draftkings,OK,DraftKings,40,,,,-35.5,35.5,-110.0,-110.0,59.0,-110.0,-110.0,,OK,32.797,-32.797,0.96993,0.03007
401525825,draftkings,OK,DraftKings,40,,410.0,-550.0,13.5,-13.5,-110.0,-110.0,50.5,-110.0,-110.0,,OK,-14.793,14.793,0.18142,0.8185800000000001
401525827,draftkings,OK,DraftKings,40,,130.0,-155.0,3.0,-3.0,-110.0,-110.0,58.0,-112.0,-108.0,,OK,-12.048,12.048,0.22210999999999997,0.77789
401525828,draftkings,OK,DraftKings,40,,,,-30.5,30.5,-110.0,-110.0,46.5,-110.0,-110.0,,OK,26.645,-26.645,0.94899,0.05101
401525829,draftkings,OK,DraftKings,40,,-650.0,470.0,-14.5,14.5,-105.0,-115.0,49.5,-110.0,-110.0,,OK,19.917,-19.917,0.89142,0.10857999999999998
401525830,draftkings,OK,DraftKings,40,,-750.0,525.0,-16.5,16.5,-110.0,-110.0,68.5,-112.0,-108.0,,OK,20.568,-20.568,0.89728,0.10272
401525831,draftkings,OK,DraftKings,40,,215.0,-265.0,7.0,-7.0,-108.0,-112.0,51.0,-110.0,-110.0,,OK,-7.618,7.618,0.31204,0.68796
401525832,draftkings,OK,DraftKings,40,,,,-41.5,41.5,-110.0,-110.0,59.5,-110.0,-110.0,,OK,33.2,-33.2,0.97524,0.02476
401525833,draftkings,OK,DraftKings,40,,,,-38.5,38.5,-110.0,-110.0,55.5,-110.0,-110.0,,OK,32.184,-32.184,0.97238,0.02762
401525834,draftkings,OK,DraftKings,40,,,,-46.0,46.0,-110.0,-110.0,54.0,-110.0,-110.0,,OK,46.072,-46.072,0.9946,0.54
401525835,draftkings,OK,DraftKings,40,,-625.0,455.0,-14.0,14.0,-115.0,-105.0,44.5,-110.0,-110.0,,OK,21.473,-21.473,0.90983,0.09017
401525836,draftkings,OK,DraftKings,40,,230.0,-285.0,7.0,-7.0,-110.0,-110.0,64.0,-110.0,-110.0,,OK,-5.538,5.538,0.35832,0.64168
401525837,draftkings,OK,DraftKings,40,,1800.0,-5000.0,28.0,-28.0,-110.0,-110.0,58.5,-110.0,-110.0,,OK,-19.91,19.91,0.10603,0.89397
401525838,draftkings,OK,DraftKings,40,,102.0,-122.0,2.0,-2.0,-110.0,-110.0,42.0,-110.0,-110.0,,OK,-10.642,10.642,0.2432,0.7568
401525839,draftkings,OK,DraftKings,40,,-265.0,215.0,-7.0,7.0,-108.0,-112.0,49.0,-110.0,-110.0,,OK,16.054,-16.054,0.84776,0.15224
401525840,draftkings,OK,DraftKings,40,,-6500.0,2000.0,-30.5,30.5,-110.0,-110.0,48.5,-110.0,-110.0,,OK,32.51,-32.51,0.97275,0.02725
401525841,draftkings,OK,DraftKings,40,,,,-36.0,36.0,-110.0,-110.0,75.5,-110.0,-110.0,,OK,39.517,-39.517,0.98791,0.01209
401525842,draftkings,OK,DraftKings,40,,1500.0,-3600.0,28.5,-28.5,-110.0,-110.0,58.5,-108.0,-112.0,,OK,-30.021,30.021,0.03647,0.96353
401525843,draftkings,OK,DraftKings,40,,,,-27.0,27.0,-110.0,-110.0,55.0,-110.0,-110.0,,OK,28.245,-28.245,0.95844,0.04156
401525844,draftkings,OK,DraftKings,40,,575.0,-850.0,17.5,-17.5,-110.0,-110.0,48.5,-110.0,-110.0,,OK,-20.401,20.401,0.09763,0.9023699999999999
401525845,draftkings,OK,DraftKings,40,,390.0,-520.0,13.5,-13.5,-110.0,-110.0,57.5,-110.0,-110.0,,OK,-17.189,17.189,0.13476,0.86524
401525846,draftkings,OK,DraftKings,40,,-170.0,142.0,-3.5,3.5,-110.0,-110.0,36.0,-112.0,-108.0,,OK,5.436,-5.436,0.64149,0.35851
401525847,draftkings,OK,DraftKings,40,,-355.0,280.0,-9.0,9.0,-110.0,-110.0,55.5,-112.0,-108.0,,OK,2.3,-2.3,0.56102,0.43898
401525848,draftkings,OK,DraftKings,40,,-238.0,195.0,-6.0,6.0,-110.0,-110.0,52.5,-110.0,-110.0,,OK,3.103,-3.103,0.58198,0.41802
401525849,draftkings,OK,DraftKings,40,,-270.0,220.0,-6.5,6.5,-115.0,-105.0,62.0,-110.0,-110.0,,OK,2.418,-2.418,0.56407,0.43593
401525850,draftkings,OK,DraftKings,40,,185.0,-225.0,6.0,-6.0,-108.0,-112.0,54.5,-108.0,-112.0,,OK,-3.793,3.793,0.40003,0.59997
401525851,draftkings,OK,DraftKings,40,,-115.0,-105.0,-1.0,1.0,-112.0,-108.0,47.0,-112.0,-108.0,,OK,-2.787,2.787,0.42548,0.57452
401525852,draftkings,OK,DraftKings,40,,-1200.0,750.0,-20.0,20.0,-110.0,-110.0,48.0,-110.0,-110.0,,OK,25.515,-25.515,0.94404,0.05596
401525853,draftkings,OK,DraftKings,40,,-520.0,390.0,-13.5,13.5,-110.0,-110.0,51.5,-110.0,-110.0,,OK,11.428,-11.428,0.77569,0.22431
401525854,draftkings,OK,DraftKings,40,,-750.0,525.0,-16.0,16.0,-110.0,-110.0,60.5,-110.0,-110.0,,OK,23.989,-23.989,0.93371,0.06629
401525855,draftkings,OK,DraftKings,40,,-325.0,260.0,-8.5,8.5,-110.0,-110.0,52.5,-110.0,-110.0,,OK,11.082,-11.082,0.7691,0.2309
401525856,draftkings,OK,DraftKings,40,,-310.0,250.0,-8.5,8.5,-110.0,-110.0,56.0,-110.0,-110.0,,OK,17.358,-17.358,0.8697,0.1303
401525857,draftkings,OK,DraftKings,40,,360.0,-470.0,11.5,-11.5,-110.0,-110.0,54.0,-110.0,-110.0,,OK,-12.019,12.019,0.21255,0.7874500000000001
401525858,draftkings,OK,DraftKings,40,,110.0,-130.0,2.0,-2.0,-110.0,-110.0,59.5,-110.0,-110.0,,OK,-6.161,6.161,0.33823000000000003,0.66177
401525859,draftkings,OK,DraftKings,40,,200.0,-245.0,6.5,-6.5,-110.0,-110.0,52.5,-110.0,-110.0,,OK,-5.47,5.47,0.35524,0.64476
401525860,draftkings,OK,DraftKings,40,,110.0,-130.0,2.0,-2.0,-110.0,-110.0,64.0,-110.0,-110.0,,OK,-3.83,3.83,0.39738,0.60262
401525861,draftkings,OK,DraftKings,40,,154.0,-185.0,4.0,-4.0,-110.0,-110.0,61.5,-110.0,-110.0,,OK,-1.73,1.73,0.45314,0.54686
401525862,draftkings,OK,DraftKings,40,,124.0,-148.0,3.0,-3.0,-110.0,-110.0,49.5,-108.0,-112.0,,OK,-2.322,2.322,0.43713,0.56287
401525863,draftkings,OK,DraftKings,40,,-180.0,150.0,-4.0,4.0,-110.0,-110.0,42.5,-110.0,-110.0,,OK,5.204,-5.204,0.63848,0.36152
401525864,draftkings,OK,DraftKings,40,,124.0,-148.0,3.0,-3.0,-115.0,-105.0,53.5,-110.0,-110.0,,OK,-0.527,0.527,0.48561,0.51439
401525865,draftkings,OK,DraftKings,40,,-205.0,170.0,-5.0,5.0,-110.0,-110.0,52.5,-108.0,-112.0,,OK,8.471,-8.471,0.71642,0.28358
401525866,draftkings,OK,DraftKings,40,,-118.0,-102.0,-1.0,1.0,-112.0,-108.0,57.5,-110.0,-110.0,,OK,0.163,-0.163,0.5043,0.49570000000000003
401525867,draftkings,OK,DraftKings,40,,120.0,-142.0,2.5,-2.5,-105.0,-115.0,49.5,-110.0,-110.0,,OK,-6.524,6.524,0.32799,0.6720099999999999
401525868,draftkings,OK,DraftKings,40,,-135.0,114.0,-2.5,2.5,-110.0,-110.0,50.5,-110.0,-110.0,,OK,8.962,-8.962,0.72828,0.27172
401525869,draftkings,OK,DraftKings,40,,1300.0,-2800.0,24.0,-24.0,-112.0,-108.0,60.5,-110.0,-110.0,,OK,-24.065,24.065,0.06358,0.9364199999999999
401525870,draftkings,OK,DraftKings,40,,-230.0,190.0,-5.5,5.5,-108.0,-112.0,59.5,-110.0,-110.0,,OK,5.48,-5.48,0.64638,0.35362000000000005
401525871,draftkings,OK,DraftKings,40,,-900.0,600.0,-17.0,17.0,-110.0,-110.0,67.5,-110.0,-110.0,,OK,25.028,-25.028,0.9429,0.0571
401525872,draftkings,OK,DraftKings,40,,-148.0,124.0,-3.0,3.0,-110.0,-110.0,49.0,-110.0,-110.0,,OK,4.246,-4.246,0.61434,0.38566
401525873,draftkings,OK,DraftKings,40,,130.0,-155.0,3.0,-3.0,-108.0,-112.0,47.0,-108.0,-112.0,,OK,-7.535,7.535,0.30304,0.69696
401525874,draftkings,OK,DraftKings,40,,250.0,-310.0,7.5,-7.5,-110.0,-110.0,66.5,-110.0,-110.0,,OK,-17.25,17.25,0.12777,0.87223
401525875,draftkings,OK,DraftKings,40,,-1050.0,675.0,-17.5,17.5,-112.0,-108.0,61.5,-108.0,-112.0,,OK,19.661,-19.661,0.90018,0.09982
401525876,draftkings,OK,DraftKings,40,,-298.0,240.0,-7.5,7.5,-108.0,-112.0,53.0,-108.0,-112.0,,OK,6.082,-6.082,0.6617400000000001,0.33826
401525877,draftkings,OK,DraftKings,40,,-1200.0,750.0,-20.5,20.5,-110.0,-110.0,48.5,-110.0,-110.0,,OK,26.044,-26.044,0.94946,0.05054
401525878,draftkings,OK,DraftKings,40,,-258.0,210.0,-6.5,6.5,-112.0,-108.0,59.0,-110.0,-110.0,,OK,7.95,-7.95,0.70651,0.29349
401525879,draftkings,OK,DraftKings,40,,-135.0,114.0,-2.5,2.5,-112.0,-108.0,59.5,-110.0,-110.0,,OK,-0.136,0.136,0.49618,0.50382
401525880,draftkings,OK,DraftKings,40,,-122.0,102.0,-1.5,1.5,-112.0,-108.0,58.0,-112.0,-108.0,,OK,-1.559,1.559,0.45693,0.54307
401525881,draftkings,OK,DraftKings,40,,154.0,-185.0,3.5,-3.5,-112.0,-108.0,60.5,-108.0,-112.0,,OK,-3.313,3.313,0.40936,0.59064
401525882,draftkings,OK,DraftKings,40,,-135.0,114.0,-2.5,2.5,-110.0,-110.0,54.0,-108.0,-112.0,,OK,1.605,-1.605,0.54424,0.45576
401525883,draftkings,OK,DraftKings,40,,195.0,-238.0,6.0,-6.0,-110.0,-110.0,62.0,-110.0,-110.0,,OK,-12.913,12.913,0.19137,0.80863
401525884,draftkings,OK,DraftKings,40,,-180.0,150.0,-3.5,3.5,-110.0,-110.0,50.0,-112.0,-108.0,,OK,6.174,-6.174,0.66473,0.33527
401525885,draftkings,OK,DraftKings,40,,-500.0,380.0,-12.5,12.5,-110.0,-110.0,48.5,-110.0,-110.0,,OK,8.169,-8.169,0.7126,0.2874
401525886,draftkings,OK,DraftKings,40,,235.0,-290.0,7.0,-7.0,-110.0,-110.0,41.0,-110.0,-110.0,,OK,-4.434,4.434,0.37906,0.62094
401525887,draftkings,OK,DraftKings,40,,-170.0,142.0,-3.5,3.5,-102.0,-118.0,53.5,-110.0,-110.0,,OK,2.389,-2.389,0.56599,0.43401
401525888,draftkings,OK,DraftKings,40,,-185.0,154.0,-3.5,3.5,-110.0,-110.0,63.0,-108.0,-112.0,,OK,1.784,-1.784,0.54937,0.45063
401525889,draftkings,OK,DraftKings,40,,-1450.0,850.0,-21.0,21.0,-108.0,-112.0,55.5,-110.0,-110.0,,OK,26.85,-26.85,0.95452,0.04548
401525890,draftkings,OK,DraftKings,40,,-485.0,370.0,-12.5,12.5,-108.0,-112.0,59.5,-112.0,-108.0,,OK,18.439,-18.439,0.88849,0.11151
401525891,draftkings,OK,DraftKings,40,,410.0,-550.0,13.0,-13.0,-108.0,-112.0,56.0,-112.0,-108.0,,OK,-10.96,10.96,0.22724,0.77276
401525892,draftkings,OK,DraftKings,40,,100.0,-120.0,1.5,-1.5,-112.0,-108.0,64.0,-108.0,-112.0,,OK,0.531,-0.531,0.51482,0.48518
401525893,draftkings,OK,DraftKings,40,,1200.0,-2400.0,25.0,-25.0,-112.0,-108.0,58.5,-112.0,-108.0,,OK,-24.434,24.434,0.05882,0.9411799999999999
401525894,draftkings,OK,DraftKings,40,,205.0,-250.0,6.5,-6.5,-108.0,-112.0,57.5,-110.0,-110.0,,OK,-5.706,5.706,0.34573,0.65427
401525895,draftkings,OK,DraftKings,40,,230.0,-285.0,7.0,-7.0,-110.0,-110.0,44.5,-110.0,-110.0,,OK,-11.53,11.53,0.21542999999999998,0.78457
401525896,draftkings,OK,DraftKings,40,,215.0,-265.0,7.0,-7.0,-110.0,-110.0,60.5,-110.0,-110.0,,OK,-11.932,11.932,0.20778,0.79222
401525897,draftkings,OK,DraftKings,40,,-535.0,400.0,-13.0,13.0,-110.0,-110.0,61.5,-108.0,-112.0,,OK,15.555,-15.555,0.85212,0.14788
401525898,draftkings,OK,DraftKings,40,,-125.0,105.0,-1.5,1.5,-112.0,-108.0,59.0,-112.0,-108.0,,OK,1.738,-1.738,0.54825,0.45175
401525899,draftkings,OK,DraftKings,40,,-218.0,180.0,-5.0,5.0,-110.0,-110.0,52.5,-108.0,-112.0,,OK,5.894,-5.894,0.65892,0.34108
401525900,draftkings,OK,DraftKings,40,,-455.0,350.0,-11.0,11.0,-110.0,-110.0,66.5,-110.0,-110.0,,OK,14.928,-14.928,0.84334,0.15666
401525901,draftkings,OK,DraftKings,40,,-700.0,500.0,-15.5,15.5,-110.0,-110.0,53.5,-110.0,-110.0,,OK,16.399,-16.399,0.86437,0.13563
401525902,draftkings,OK,DraftKings,40,,380.0,-500.0,13.0,-13.0,-110.0,-110.0,54.5,-108.0,-112.0,,OK,-8.367,8.367,0.28097,0.71903
401525903,draftkings,OK,DraftKings,40,,250.0,-310.0,7.5,-7.5,-112.0,-108.0,59.0,-108.0,-112.0,,OK,-4.735,4.735,0.37059,0.62941
401525904,draftkings,OK,DraftKings,40,,-310.0,250.0,-8.5,8.5,-110.0,-110.0,46.0,-112.0,-108.0,,OK,15.169,-15.169,0.84697,0.15303
401525905,draftkings,OK,DraftKings,40,,-750.0,525.0,-16.5,16.5,-108.0,-112.0,55.5,-110.0,-110.0,,OK,13.477,-13.477,0.82029,0.17971
401525906,draftkings,OK,DraftKings,40,,-650.0,470.0,-16.0,16.0,-110.0,-110.0,61.5,-110.0,-110.0,,OK,14.946,-14.946,0.8436099999999999,0.15639
401526833,draftkings,OK,DraftKings,40,,210.0,-258.0,7.0,-7.0,-110.0,-110.0,44.0,-110.0,-110.0,,OK,-3.567,3.567,0.40767,0.59233
401526834,draftkings,OK,DraftKings,40,,-305.0,245.0,-7.5,7.5,-110.0,-110.0,50.5,-110.0,-110.0,,OK,4.872,-4.872,0.62665,0.37335
401526835,draftkings,OK,DraftKings,40,,-148.0,124.0,-3.0,3.0,-110.0,-110.0,48.5,-110.0,-110.0,,OK,4.726,-4.726,0.62384,0.37616
401526836,draftkings,OK,DraftKings,40,,-148.0,124.0,-2.5,2.5,-110.0,-110.0,56.0,-110.0,-110.0,,OK,3.029,-3.029,0.58109,0.41891
401526837,draftkings,OK,DraftKings,40,,750.0,-1200.0,19.0,-19.0,-110.0,-110.0,56.0,-110.0,-110.0,,OK,-15.741,15.741,0.14969,0.85031
401531337,draftkings,OK,DraftKings,40,,,,-41.0,41.0,-110.0,-110.0,52.5,-110.0,-110.0,,OK,36.27,-36.27,0.98104,0.01896
401531338,draftkings,OK,DraftKings,40,,-192.0,160.0,-4.0,4.0,-108.0,-112.0,54.5,-110.0,-110.0,,OK,4.172,-4.172,0.60937,0.39063
401531339,draftkings,OK,DraftKings,40,,-180.0,150.0,-3.5,3.5,-110.0,-110.0,56.5,-110.0,-110.0,,OK,5.832,-5.832,0.6521000000000001,0.3479
401531340,draftkings,OK,DraftKings,40,,-155.0,130.0,-3.0,3.0,-110.0,-110.0,54.5,-110.0,-110.0,,OK,3.283,-3.283,0.58798,0.41202
401531341,draftkings,OK,DraftKings,40,,-175.0,145.0,-3.5,3.5,-108.0,-112.0,56.5,-110.0,-110.0,,OK,2.893,-2.893,0.57856,0.42144
401531342,draftkings,OK,DraftKings,40,,-1450.0,850.0,-21.0,21.0,-110.0,-110.0,55.0,-110.0,-110.0,,OK,25.3,-25.3,0.94491,0.05509
401531343,draftkings,OK,DraftKings,40,,-192.0,160.0,-4.0,4.0,-112.0,-108.0,47.5,-110.0,-110.0,,OK,0.941,-0.941,0.52592,0.47408
401531344,draftkings,OK,DraftKings,40,,-2400.0,1100.0,-25.0,25.0,-108.0,-112.0,53.0,-108.0,-112.0,,OK,22.584,-22.584,0.9274900000000001,0.07251
401531345,draftkings,OK,DraftKings,40,,110.0,-130.0,2.0,-2.0,-108.0,-112.0,69.0,-110.0,-110.0,,OK,-1.095,1.095,0.46948,0.53052
401531346,draftkings,OK,DraftKings,40,,-142.0,120.0,-3.0,3.0,-105.0,-115.0,43.5,-115.0,-105.0,,OK,10.931,-10.931,0.77347,0.22653
401531347,draftkings,OK,DraftKings,40,,-230.0,190.0,-6.0,6.0,-110.0,-110.0,51.0,-110.0,-110.0,,OK,9.851,-9.851,0.72905,0.27095
401531348,draftkings,OK,DraftKings,40,,250.0,-310.0,8.0,-8.0,-110.0,-110.0,47.5,-110.0,-110.0,,OK,-12.774,12.774,0.20488999999999996,0.79511
401531349,draftkings,OK,DraftKings,40,,,,-38.0,38.0,-110.0,-110.0,55.5,-110.0,-110.0,,OK,30.622,-30.622,0.96866,0.03134
401531370,draftkings,OK,DraftKings,40,,-1800.0,1000.0,-22.0,22.0,-110.0,-110.0,59.5,-110.0,-110.0,,OK,14.494,-14.494,0.82892,0.17108
401531371,draftkings,OK,DraftKings,40,,170.0,-205.0,5.0,-5.0,-110.0,-110.0,54.5,-110.0,-110.0,,OK,-1.162,1.162,0.4684,0.5316
401531372,draftkings,OK,DraftKings,40,,-1350.0,800.0,-20.0,20.0,-112.0,-108.0,63.5,-110.0,-110.0,,OK,21.198,-21.198,0.91391,0.08609
401531373,draftkings,OK,DraftKings,40,,300.0,-380.0,10.0,-10.0,-112.0,-108.0,55.0,-108.0,-112.0,,OK,-6.264,6.264,0.33364,0.66636
401531374,draftkings,OK,DraftKings,40,,575.0,-850.0,17.0,-17.0,-108.0,-112.0,44.5,-108.0,-112.0,,OK,-9.837,9.837,0.25068,0.74932
401531375,draftkings,OK,DraftKings,40,,275.0,-345.0,9.5,-9.5,-112.0,-108.0,47.0,-110.0,-110.0,,OK,-5.956,5.956,0.33966,0.66034
401531376,draftkings,OK,DraftKings,40,,-170.0,142.0,-3.0,3.0,-120.0,100.0,53.5,-110.0,-110.0,,OK,3.398,-3.398,0.59404,0.40596
401531377,draftkings,OK,DraftKings,40,,-3600.0,1500.0,-25.0,25.0,-110.0,-110.0,46.5,-110.0,-110.0,,OK,17.018,-17.018,0.85697,0.14303
401531378,draftkings,OK,DraftKings,40,,-265.0,215.0,-7.0,7.0,-105.0,-115.0,63.0,-110.0,-110.0,,OK,-0.388,0.388,0.48993,0.51007
401531379,draftkings,OK,DraftKings,40,,-130.0,110.0,-2.0,2.0,-110.0,-110.0,59.5,-110.0,-110.0,,OK,4.215,-4.215,0.60864,0.39135999999999993
401531380,draftkings,OK,DraftKings,40,,130.0,-155.0,3.0,-3.0,-110.0,-110.0,68.0,-110.0,-110.0,,OK,0.882,-0.882,0.52385,0.47615
401531381,draftkings,OK,DraftKings,40,,-355.0,280.0,-9.0,9.0,-110.0,-110.0,67.0,-110.0,-110.0,,OK,5.487,-5.487,0.64556,0.35444
401531382,draftkings,OK,DraftKings,40,,270.0,-340.0,7.5,-7.5,-110.0,-110.0,61.5,-110.0,-110.0,,OK,-6.477,6.477,0.32923,0.67077
401531383,draftkings,OK,DraftKings,40,,-112.0,-108.0,-1.0,1.0,-108.0,-112.0,59.0,-108.0,-112.0,,OK,-1.035,1.035,0.47134,0.52866
401531384,draftkings,OK,DraftKings,40,,130.0,-155.0,3.0,-3.0,-108.0,-112.0,52.5,-110.0,-110.0,,OK,-2.514,2.514,0.43093,0.56907
401531385,draftkings,OK,DraftKings,40,,-310.0,250.0,-8.0,8.0,-112.0,-108.0,61.0,-110.0,-110.0,,OK,10.989,-10.989,0.77444,0.22556
401531386,draftkings,OK,DraftKings,40,,-135.0,114.0,-2.0,2.0,-112.0,-108.0,73.5,-108.0,-112.0,,OK,3.419,-3.419,0.59441,0.40558999999999995
401531387,draftkings,OK,DraftKings,40,,-340.0,270.0,-9.5,9.5,-110.0,-110.0,55.0,-110.0,-110.0,,OK,10.286,-10.286,0.73822,0.26178
401531388,draftkings,OK,DraftKings,40,,,,-31.5,31.5,-110.0,-110.0,54.5,-110.0,-110.0,,OK,28.357,-28.357,0.95895,0.04105
401531389,draftkings,OK,DraftKings,40,,455.0,-625.0,14.0,-14.0,-110.0,-110.0,56.0,-110.0,-110.0,,OK,-9.778,9.778,0.25649,0.74351
401531390,draftkings,OK,DraftKings,40,,-325.0,260.0,-7.5,7.5,-110.0,-110.0,65.5,-110.0,-110.0,,OK,4.404,-4.404,0.61792,0.38208
401531391,draftkings,OK,DraftKings,40,,1100.0,-2100.0,24.0,-24.0,-108.0,-112.0,53.5,-112.0,-108.0,,OK,-25.552,25.552,0.05367,0.94633
401531392,draftkings,OK,DraftKings,40,,215.0,-265.0,6.5,-6.5,-105.0,-115.0,46.5,-112.0,-108.0,,OK,-8.336,8.336,0.28422,0.7157800000000001
401531393,draftkings,OK,DraftKings,40,,-305.0,245.0,-7.0,7.0,-115.0,-105.0,70.0,-110.0,-110.0,,OK,12.665,-12.665,0.8046900000000001,0.19531
401531394,draftkings,OK,DraftKings,40,,440.0,-600.0,14.0,-14.0,-112.0,-108.0,65.0,-110.0,-110.0,,OK,-19.08,19.08,0.10341000000000002,0.8965900000000001
401531395,draftkings,OK,DraftKings,40,,-550.0,410.0,-14.0,14.0,-112.0,-108.0,66.0,-108.0,-112.0,,OK,9.137,-9.137,0.71973,0.28027
401531396,draftkings,OK,DraftKings,40,,-278.0,225.0,-7.0,7.0,-110.0,-110.0,41.5,-110.0,-110.0,,OK,12.929,-12.929,0.79841,0.20159
401531397,draftkings,OK,DraftKings,40,,124.0,-148.0,2.5,-2.5,-102.0,-118.0,58.5,-108.0,-112.0,,OK,1.958,-1.958,0.55336,0.44664000000000004
401531398,draftkings,OK,DraftKings,40,,-1000.0,650.0,-18.0,18.0,-108.0,-112.0,47.5,-110.0,-110.0,,OK,12.443,-12.443,0.79931,0.20068999999999998
401531399,draftkings,OK,DraftKings,40,,250.0,-310.0,8.0,-8.0,-112.0,-108.0,69.5,-110.0,-110.0,,OK,-9.273,9.273,0.26322,0.73678
401531400,draftkings,OK,DraftKings,40,,-550.0,410.0,-13.5,13.5,-112.0,-108.0,55.0,-110.0,-110.0,,OK,7.207,-7.207,0.69085,0.30915
401531401,draftkings,OK,DraftKings,40,,-650.0,470.0,-14.5,14.5,-108.0,-112.0,66.0,-112.0,-108.0,,OK,16.195,-16.195,0.86071,0.13929
401531402,draftkings,OK,DraftKings,40,,-2400.0,1200.0,-23.5,23.5,-110.0,-110.0,45.0,-110.0,-110.0,,OK,23.626,-23.626,0.9262999999999999,0.0737
401531403,draftkings,OK,DraftKings,40,,170.0,-205.0,5.0,-5.0,-110.0,-110.0,52.0,-110.0,-110.0,,OK,-2.52,2.52,0.43437,0.56563
401531404,draftkings,OK,DraftKings,40,,-1650.0,950.0,-22.5,22.5,-110.0,-110.0,53.0,-110.0,-110.0,,OK,21.989,-21.989,0.91818,0.08182
401531405,draftkings,OK,DraftKings,40,,140.0,-166.0,3.5,-3.5,-115.0,-105.0,45.0,-110.0,-110.0,,OK,7.762,-7.762,0.6995599999999998,0.30044
401531406,draftkings,OK,DraftKings,40,,-230.0,190.0,-6.0,6.0,-112.0,-108.0,39.5,-112.0,-108.0,,OK,7.269,-7.269,0.68931,0.31069
401531407,draftkings,OK,DraftKings,40,,136.0,-162.0,3.5,-3.5,-120.0,100.0,45.5,-108.0,-112.0,,OK,-2.294,2.294,0.43738,0.56262
401531408,draftkings,OK,DraftKings,40,,275.0,-345.0,9.5,-9.5,-110.0,-110.0,51.5,-112.0,-108.0,,OK,-12.696,12.696,0.19463,0.80537
401531409,draftkings,OK,DraftKings,40,,-102.0,-118.0,1.0,-1.0,-110.0,-110.0,46.0,-110.0,-110.0,,OK,-5.074,5.074,0.36201,0.63799
401531410,draftkings,OK,DraftKings,40,,-278.0,225.0,-7.0,7.0,-112.0,-108.0,57.0,-110.0,-110.0,,OK,3.996,-3.996,0.60992,0.39008
401531411,draftkings,OK,DraftKings,40,,120.0,-142.0,3.0,-3.0,-118.0,-102.0,43.0,-112.0,-108.0,,OK,2.041,-2.041,0.55219,0.44781
401531412,draftkings,OK,DraftKings,40,,-305.0,245.0,-7.5,7.5,-110.0,-110.0,48.5,-110.0,-110.0,,OK,5.085,-5.085,0.63097,0.3690300000000001
401531413,draftkings,OK,DraftKings,40,,,,-13.0,13.0,-110.0,-110.0,51.5,-110.0,-110.0,,OK,27.972,-27.972,0.95823,0.04177
401531414,draftkings,OK,DraftKings,40,,-175.0,145.0,-3.5,3.5,-110.0,-110.0,46.0,-108.0,-112.0,,OK,2.225,-2.225,0.55962,0.44038
401531415,draftkings,OK,DraftKings,40,,320.0,-410.0,11.5,-11.5,-108.0,-112.0,49.0,-110.0,-110.0,,OK,-11.199,11.199,0.22698000000000002,0.77302
401531416,draftkings,OK,DraftKings,40,,-290.0,235.0,-7.5,7.5,-108.0,-112.0,44.5,-110.0,-110.0,,OK,5.578,-5.578,0.6503999999999999,0.3496
401531417,draftkings,OK,DraftKings,40,,-135.0,114.0,-2.5,2.5,-110.0,-110.0,30.5,-108.0,-112.0,,OK,-4.158,4.158,0.38629,0.61371
401531418,draftkings,PROVIDER_NOT_AVAILABLE,,,Caesars Sportsbook (Colorado)|Caesars Sportsbook (Tennessee)|ESPN BET|Titanbets|Unibet|accuscore,,,,,,,,,,,OK,22.125,-22.125,0.9128799999999999,0.08712
401531419,draftkings,OK,DraftKings,40,,-180.0,150.0,-3.5,3.5,-108.0,-112.0,62.0,-110.0,-110.0,,OK,7.562,-7.562,0.68717,0.31283
401531420,draftkings,OK,DraftKings,40,,-155.0,130.0,-3.0,3.0,-110.0,-110.0,61.0,-110.0,-110.0,,OK,2.142,-2.142,0.55797,0.44203
401531421,draftkings,OK,DraftKings,40,,-155.0,130.0,-3.0,3.0,-110.0,-110.0,47.0,-110.0,-110.0,,OK,6.821,-6.821,0.68245,0.31755
401531422,draftkings,OK,DraftKings,40,,-1350.0,800.0,-19.5,19.5,-110.0,-110.0,64.0,-110.0,-110.0,,OK,23.239,-23.239,0.9258,0.0742
401531423,draftkings,OK,DraftKings,40,,136.0,-162.0,3.0,-3.0,-110.0,-110.0,57.0,-110.0,-110.0,,OK,-2.924,2.924,0.42292,0.57708
401531424,draftkings,OK,DraftKings,40,,-175.0,145.0,-3.5,3.5,-112.0,-108.0,54.5,-110.0,-110.0,,OK,1.61,-1.61,0.5431,0.4569
401531425,draftkings,OK,DraftKings,40,,-500.0,380.0,-12.5,12.5,-110.0,-110.0,68.0,-112.0,-108.0,,OK,15.206,-15.206,0.84518,0.15482
401531426,draftkings,OK,DraftKings,40,,,,-48.5,48.5,-110.0,-110.0,60.0,-110.0,-110.0,,OK,38.015,-38.015,0.98474,0.015260000000000001
401531427,draftkings,OK,DraftKings,40,,950.0,-1650.0,21.0,-21.0,-108.0,-112.0,57.0,-108.0,-112.0,,OK,-15.145,15.145,0.17088,0.82912
401531428,draftkings,OK,DraftKings,40,,-455.0,350.0,-12.0,12.0,-110.0,-110.0,47.5,-105.0,-115.0,,OK,20.713,-20.713,0.90229,0.09771
401531429,draftkings,OK,DraftKings,40,,-155.0,130.0,-3.0,3.0,-110.0,-110.0,58.5,-110.0,-110.0,,OK,5.773,-5.773,0.65117,0.34883
401531430,draftkings,OK,DraftKings,40,,205.0,-250.0,6.5,-6.5,-108.0,-112.0,69.0,-112.0,-108.0,,OK,-12.313,12.313,0.20351,0.79649
401531431,draftkings,OK,DraftKings,40,,295.0,-375.0,9.5,-9.5,-108.0,-112.0,64.0,-110.0,-110.0,,OK,-9.765,9.765,0.25083,0.74917
401531432,draftkings,OK,DraftKings,40,,,,-42.0,42.0,-110.0,-110.0,50.0,-110.0,-110.0,,OK,32.517,-32.517,0.97303,0.02697
401531433,draftkings,OK,DraftKings,40,,-238.0,195.0,-6.5,6.5,-105.0,-115.0,60.0,-110.0,-110.0,,OK,4.912,-4.912,0.62925,0.37075
401531434,draftkings,OK,DraftKings,40,,340.0,-440.0,11.5,-11.5,-110.0,-110.0,34.0,-110.0,-110.0,,OK,-12.914,12.914,0.19390000000000002,0.8061
401531435,draftkings,OK,DraftKings,40,,-1350.0,800.0,-20.5,20.5,-112.0,-108.0,45.5,-112.0,-108.0,,OK,28.041,-28.041,0.96049,0.03951
401531436,draftkings,OK,DraftKings,40,,,,-16.0,16.0,-110.0,-110.0,69.0,-110.0,-110.0,,OK,15.295,-15.295,0.84396,0.15604
401531437,draftkings,OK,DraftKings,40,,-1600.0,900.0,-21.0,21.0,-112.0,-108.0,67.0,-110.0,-110.0,,OK,27.136,-27.136,0.9558599999999999,0.04414
401531438,draftkings,OK,DraftKings,40,,,,-42.0,42.0,-110.0,-110.0,63.0,-110.0,-110.0,,OK,43.255,-43.255,0.99249,0.751
401531440,draftkings,OK,DraftKings,40,,380.0,-500.0,13.0,-13.0,-112.0,-108.0,58.5,-112.0,-108.0,,OK,-16.428,16.428,0.13719,0.86281
401531441,draftkings,OK,DraftKings,40,,,,-35.0,35.0,-110.0,-110.0,59.5,-110.0,-110.0,,OK,45.131,-45.131,0.9940000000000001,0.6
401531834,draftkings,OK,DraftKings,40,,-1000.0,650.0,-17.5,17.5,-110.0,-110.0,61.5,-110.0,-110.0,,OK,24.983,-24.983,0.93704,0.06296
401531835,draftkings,OK,DraftKings,40,,-2400.0,1200.0,-23.0,23.0,-110.0,-110.0,51.5,-110.0,-110.0,,OK,36.781,-36.781,0.98259,0.01741
401531836,draftkings,OK,DraftKings,40,,-10000.0,3000.0,-34.0,34.0,-110.0,-110.0,53.5,-110.0,-110.0,,OK,21.342,-21.342,0.9062699999999999,0.09373
401531837,draftkings,OK,DraftKings,40,,,,-47.0,47.0,-110.0,-110.0,53.0,-110.0,-110.0,,OK,34.82,-34.82,0.97791,0.022089999999999995
401531838,draftkings,OK,DraftKings,40,,-2400.0,1200.0,-22.5,22.5,-110.0,-110.0,47.5,-110.0,-110.0,,OK,23.011,-23.011,0.92235,0.07765
401531839,draftkings,OK,DraftKings,40,,,,-35.0,35.0,-110.0,-110.0,55.0,-110.0,-110.0,,OK,31.067,-31.067,0.9664500000000001,0.03355
401531840,draftkings,OK,DraftKings,40,,-3200.0,1400.0,-24.0,24.0,-110.0,-110.0,47.5,-110.0,-110.0,,OK,22.432,-22.432,0.916,0.084
401531841,draftkings,OK,DraftKings,40,,-4500.0,1700.0,-26.0,26.0,-110.0,-110.0,48.5,-110.0,-110.0,,OK,33.466,-33.466,0.97437,0.02563
401531842,draftkings,OK,DraftKings,40,,215.0,-265.0,6.0,-6.0,-105.0,-115.0,51.5,-112.0,-108.0,,OK,-5.122,5.122,0.3710899999999999,0.62891
401531843,draftkings,OK,DraftKings,40,,,,-25.5,25.5,-110.0,-110.0,48.0,-110.0,-110.0,,OK,25.486,-25.486,0.94184,0.05816000000000001
401531844,draftkings,OK,DraftKings,40,,,,-23.0,23.0,-110.0,-110.0,59.5,-110.0,-110.0,,OK,18.16,-18.16,0.8767,0.1233
401531845,draftkings,OK,DraftKings,40,,,,-35.0,35.0,-110.0,-110.0,55.5,-110.0,-110.0,,OK,29.609,-29.609,0.96408,0.03592
401531846,draftkings,OK,DraftKings,40,,,,-24.0,24.0,-110.0,-110.0,48.0,-110.0,-110.0,,OK,13.487,-13.487,0.81233,0.18767
401531847,draftkings,OK,DraftKings,40,,,,-18.5,18.5,-110.0,-110.0,61.5,-110.0,-110.0,,OK,32.783,-32.783,0.97502,0.02498
401531848,draftkings,OK,DraftKings,40,,-142.0,120.0,-2.5,2.5,-110.0,-110.0,46.5,-110.0,-110.0,,OK,2.022,-2.022,0.55269,0.44731000000000004
401531849,draftkings,OK,DraftKings,40,,-205.0,170.0,-4.5,4.5,-108.0,-112.0,62.0,-112.0,-108.0,,OK,7.514,-7.514,0.69108,0.30892
401531870,draftkings,OK,DraftKings,40,,-155.0,130.0,-3.0,3.0,-110.0,-110.0,45.0,-110.0,-110.0,,OK,3.721,-3.721,0.59827,0.4017299999999999
401531871,draftkings,OK,DraftKings,40,,190.0,-230.0,5.5,-5.5,-110.0,-110.0,60.0,-110.0,-110.0,,OK,-1.443,1.443,0.46146,0.53854
401531872,draftkings,OK,DraftKings,40,,180.0,-218.0,5.0,-5.0,-110.0,-110.0,52.5,-110.0,-110.0,,OK,3.557,-3.557,0.59362,0.4063800000000001
401531873,draftkings,PROVIDER_NOT_AVAILABLE,,,ESPN BET,,,,,,,,,,,OK,50.868,-50.868,0.99696,0.304
401531874,draftkings,OK,DraftKings,40,,195.0,-238.0,6.5,-6.5,-110.0,-110.0,46.5,-112.0,-108.0,,OK,-2.455,2.455,0.43502,0.56498
401531875,draftkings,OK,DraftKings,40,,-375.0,295.0,-10.0,10.0,-110.0,-110.0,57.5,-110.0,-110.0,,OK,14.17,-14.17,0.82134,0.17865999999999999
401531876,draftkings,OK,DraftKings,40,,-750.0,525.0,-16.0,16.0,-110.0,-110.0,46.5,-110.0,-110.0,,OK,12.815,-12.815,0.79905,0.20095
401531877,draftkings,OK,DraftKings,40,,-950.0,625.0,-17.0,17.0,-112.0,-108.0,59.5,-110.0,-110.0,,OK,18.032,-18.032,0.87527,0.12473
401531878,draftkings,OK,DraftKings,40,,-230.0,190.0,-6.0,6.0,-110.0,-110.0,68.5,-110.0,-110.0,,OK,1.898,-1.898,0.55088,0.44911999999999996
401531879,draftkings,OK,DraftKings,40,,-115.0,-105.0,-1.0,1.0,-110.0,-110.0,50.5,-112.0,-108.0,,OK,6.33,-6.33,0.66476,0.33524
401531880,draftkings,OK,DraftKings,40,,-115.0,-105.0,-1.0,1.0,-110.0,-110.0,48.5,-110.0,-110.0,,OK,3.132,-3.132,0.58359,0.41641
401531881,draftkings,OK,DraftKings,40,,-650.0,470.0,-14.5,14.5,-110.0,-110.0,47.5,-110.0,-110.0,,OK,19.408,-19.408,0.89263,0.10737000000000001
401531882,draftkings,OK,DraftKings,40,,440.0,-600.0,13.5,-13.5,-110.0,-110.0,51.0,-110.0,-110.0,,OK,-12.821,12.821,0.2,0.8
401531883,draftkings,OK,DraftKings,40,,195.0,-238.0,6.5,-6.5,-110.0,-110.0,60.0,-110.0,-110.0,,OK,-5.434,5.434,0.35755,0.6424499999999999
401531884,draftkings,OK,DraftKings,40,,-122.0,102.0,-1.5,1.5,-110.0,-110.0,66.5,-110.0,-110.0,,OK,2.531,-2.531,0.5682,0.4318
401531885,draftkings,OK,DraftKings,40,,285.0,-410.0,10.5,-10.5,-110.0,-110.0,51.5,-110.0,-110.0,,OK,-9.423,9.423,0.26401,0.73599
401531886,draftkings,OK,DraftKings,40,,-155.0,130.0,-3.0,3.0,-110.0,-110.0,56.5,-110.0,-110.0,,OK,2.409,-2.409,0.56512,0.43488
401531887,draftkings,OK,DraftKings,40,,-700.0,500.0,-15.5,15.5,-110.0,-110.0,52.0,-110.0,-110.0,,OK,13.757,-13.757,0.8189699999999999,0.18102999999999997
401531888,draftkings,OK,DraftKings,40,,-192.0,160.0,-4.5,4.5,-110.0,-110.0,59.0,-110.0,-110.0,,OK,1.637,-1.637,0.54418,0.45582
401531889,draftkings,OK,DraftKings,40,,-125.0,105.0,-2.0,2.0,-110.0,-110.0,53.5,-110.0,-110.0,,OK,-0.39,0.39,0.48932,0.51068
401531890,draftkings,OK,DraftKings,40,,-218.0,180.0,-5.5,5.5,-110.0,-110.0,60.0,-110.0,-110.0,,OK,0.917,-0.917,0.52477,0.47523
401531891,draftkings,OK,DraftKings,40,,-1100.0,700.0,-19.5,19.5,-110.0,-110.0,64.0,-110.0,-110.0,,OK,17.781,-17.781,0.87724,0.12276
401531892,draftkings,OK,DraftKings,40,,-1100.0,700.0,-18.5,18.5,-110.0,-110.0,51.0,-110.0,-110.0,,OK,17.251,-17.251,0.87141,0.12859
401531893,draftkings,OK,DraftKings,40,,150.0,-180.0,3.5,-3.5,-108.0,-112.0,49.0,-112.0,-108.0,,OK,-1.81,1.81,0.45073,0.54927
401531894,draftkings,OK,DraftKings,40,,-800.0,550.0,-16.0,16.0,-112.0,-108.0,60.0,-108.0,-112.0,,OK,17.89,-17.89,0.87929,0.12071
401531895,draftkings,OK,DraftKings,40,,195.0,-238.0,6.0,-6.0,-110.0,-110.0,56.0,-112.0,-108.0,,OK,-7.35,7.35,0.30821,0.69179
401531896,draftkings,OK,DraftKings,40,,300.0,-380.0,9.5,-9.5,-110.0,-110.0,59.0,-110.0,-110.0,,OK,-11.52,11.52,0.21977,0.78023
401531897,draftkings,OK,DraftKings,40,,-148.0,124.0,-3.0,3.0,-108.0,-112.0,62.0,-112.0,-108.0,,OK,1.487,-1.487,0.54065,0.4593499999999999
401531898,draftkings,OK,DraftKings,40,,-800.0,550.0,-16.0,16.0,-110.0,-110.0,56.0,-110.0,-110.0,,OK,14.801,-14.801,0.83835,0.16165
401531899,draftkings,OK,DraftKings,40,,145.0,-175.0,3.5,-3.5,-110.0,-110.0,47.0,-108.0,-112.0,,OK,3.518,-3.518,0.5956,0.4044
401531900,draftkings,OK,DraftKings,40,,-1450.0,850.0,-19.5,19.5,-110.0,-110.0,48.0,-110.0,-110.0,,OK,17.624,-17.624,0.87704,0.12296
401531901,draftkings,OK,DraftKings,40,,-112.0,-108.0,-1.0,1.0,-108.0,-112.0,55.0,-110.0,-110.0,,OK,0.676,-0.676,0.51857,0.48143
401531902,draftkings,OK,DraftKings,40,,-440.0,340.0,-11.0,11.0,-112.0,-108.0,55.5,-105.0,-115.0,,OK,11.785,-11.785,0.78675,0.21325
401531903,draftkings,OK,DraftKings,40,,215.0,-265.0,7.0,-7.0,-115.0,-105.0,53.5,-112.0,-108.0,,OK,-6.205,6.205,0.33527,0.66473
401531904,draftkings,OK,DraftKings,40,,-250.0,205.0,-7.0,7.0,-102.0,-118.0,43.5,-108.0,-112.0,,OK,3.996,-3.996,0.60887,0.39113
401531905,draftkings,OK,DraftKings,40,,-162.0,136.0,-3.0,3.0,-112.0,-108.0,58.0,-110.0,-110.0,,OK,0.766,-0.766,0.52124,0.4787600000000001
401531906,draftkings,OK,DraftKings,40,,195.0,-238.0,6.0,-6.0,-112.0,-108.0,52.0,-108.0,-112.0,,OK,-2.308,2.308,0.4363,0.5637
401531907,draftkings,OK,DraftKings,40,,-118.0,-102.0,-1.0,1.0,-110.0,-110.0,51.5,-110.0,-110.0,,OK,-9.624,9.624,0.25553,0.7444700000000001
401531908,draftkings,OK,DraftKings,40,,225.0,-278.0,7.0,-7.0,-108.0,-112.0,61.0,-108.0,-112.0,,OK,-9.433,9.433,0.25971,0.74029
401531909,draftkings,OK,DraftKings,40,,-142.0,120.0,-2.5,2.5,-110.0,-110.0,55.0,-110.0,-110.0,,OK,3.826,-3.826,0.60433,0.39567
401531910,draftkings,OK,DraftKings,40,,-135.0,114.0,-2.0,2.0,-110.0,-110.0,69.0,-108.0,-112.0,,OK,-2.381,2.381,0.43456000000000006,0.56544
401531911,draftkings,OK,DraftKings,40,,-305.0,245.0,-7.5,7.5,-112.0,-108.0,52.5,-108.0,-112.0,,OK,13.127,-13.127,0.81289,0.18711
401531912,draftkings,OK,DraftKings,40,,120.0,-142.0,2.5,-2.5,-105.0,-115.0,55.0,-112.0,-108.0,,OK,9.865,-9.865,0.75028,0.24972000000000003
401531913,draftkings,OK,DraftKings,40,,-148.0,124.0,-2.5,2.5,-118.0,-102.0,63.0,-110.0,-110.0,,OK,0.36,-0.36,0.51005,0.48995
401531914,draftkings,OK,DraftKings,40,,-110.0,-110.0,1.0,-1.0,-110.0,-110.0,56.5,-112.0,-108.0,,OK,0.603,-0.603,0.51663,0.48337
401531915,draftkings,OK,DraftKings,40,,850.0,-1450.0,21.0,-21.0,-108.0,-112.0,46.0,-110.0,-110.0,,OK,-22.428,22.428,0.07362,0.9263800000000001
401531916,draftkings,OK,DraftKings,40,,-750.0,525.0,-15.0,15.0,-110.0,-110.0,55.5,-110.0,-110.0,,OK,16.014,-16.014,0.8577400000000001,0.14226
401531917,draftkings,OK,DraftKings,40,,-225.0,185.0,-5.5,5.5,-108.0,-112.0,62.5,-110.0,-110.0,,OK,8.078,-8.078,0.7117,0.2883
401531918,draftkings,OK,DraftKings,40,,-395.0,310.0,-10.0,10.0,-105.0,-115.0,56.5,-108.0,-112.0,,OK,9.056,-9.056,0.73378,0.26622
401531919,draftkings,OK,DraftKings,40,,130.0,-155.0,3.0,-3.0,-105.0,-115.0,59.5,-110.0,-110.0,,OK,-3.703,3.703,0.39815,0.60185
401531920,draftkings,OK,DraftKings,40,,-375.0,295.0,-10.5,10.5,-108.0,-112.0,45.5,-110.0,-110.0,,OK,8.097,-8.097,0.71211,0.28789
401531921,draftkings,OK,DraftKings,40,,-850.0,575.0,-17.5,17.5,-108.0,-112.0,47.5,-108.0,-112.0,,OK,14.161,-14.161,0.8307800000000001,0.16922
401531922,draftkings,OK,DraftKings,40,,-375.0,295.0,-10.0,10.0,-110.0,-110.0,63.0,-110.0,-110.0,,OK,8.196,-8.196,0.71488,0.28512
401531923,draftkings,OK,DraftKings,40,,160.0,-192.0,4.0,-4.0,-110.0,-110.0,51.5,-110.0,-110.0,,OK,-2.248,2.248,0.4375,0.5625
401531924,draftkings,OK,DraftKings,40,,-105.0,-115.0,1.0,-1.0,-110.0,-110.0,52.0,-108.0,-112.0,,OK,4.097,-4.097,0.61277,0.38722999999999996
401531925,draftkings,OK,DraftKings,40,,-130.0,110.0,-2.0,2.0,-110.0,-110.0,50.5,-108.0,-112.0,,OK,1.544,-1.544,0.54316,0.45684
401531926,draftkings,OK,DraftKings,40,,-455.0,350.0,-12.5,12.5,-110.0,-110.0,53.0,-110.0,-110.0,,OK,14.948,-14.948,0.84376,0.15624
401531927,draftkings,OK,DraftKings,40,,600.0,-900.0,17.5,-17.5,-110.0,-110.0,48.5,-108.0,-112.0,,OK,-16.984,16.984,0.12798,0.87202
401531928,draftkings,OK,DraftKings,40,,200.0,-245.0,6.0,-6.0,-112.0,-108.0,57.0,-112.0,-108.0,,OK,-8.107,8.107,0.28719,0.71281
401531929,draftkings,OK,DraftKings,40,,-115.0,-105.0,-1.0,1.0,-110.0,-110.0,63.0,-110.0,-110.0,,OK,0.506,-0.506,0.51404,0.48596000000000006
401532392,draftkings,OK,DraftKings,40,,-125.0,105.0,-2.0,2.0,-112.0,-108.0,48.5,-110.0,-110.0,,OK,4.016,-4.016,0.59909,0.40091
401532393,draftkings,OK,DraftKings,40,,-600.0,440.0,-14.0,14.0,-110.0,-110.0,58.0,-110.0,-110.0,,OK,21.909,-21.909,0.91089,0.08911
401532394,draftkings,OK,DraftKings,40,,-1450.0,850.0,-20.0,20.0,-110.0,-110.0,55.0,-110.0,-110.0,,OK,39.48,-39.48,0.98725,0.01275
401532395,draftkings,OK,DraftKings,40,,,,-36.5,36.5,-110.0,-110.0,58.0,-110.0,-110.0,,OK,38.877,-38.877,0.98678,0.01322
401532396,draftkings,OK,DraftKings,40,,-290.0,235.0,-7.0,7.0,-115.0,-105.0,48.0,-110.0,-110.0,,OK,13.496,-13.496,0.81019,0.18981
401532397,draftkings,OK,DraftKings,40,,-310.0,250.0,-8.0,8.0,-110.0,-110.0,59.0,-110.0,-110.0,,OK,12.132,-12.132,0.7862700000000001,0.21373
401532398,draftkings,OK,DraftKings,40,,,,-40.0,40.0,-110.0,-110.0,63.0,-110.0,-110.0,,OK,48.967,-48.967,0.99599,0.40099999999999997
401532399,draftkings,OK,DraftKings,40,,,,-25.5,25.5,-110.0,-110.0,46.0,-110.0,-110.0,,OK,25.569,-25.569,0.94273,0.05727
401532400,draftkings,OK,DraftKings,40,,-900.0,600.0,-17.0,17.0,-110.0,-110.0,49.0,-110.0,-110.0,,OK,15.627,-15.627,0.84409,0.15591
401532402,draftkings,OK,DraftKings,40,,,,-26.5,26.5,-110.0,-110.0,44.5,-112.0,-108.0,,OK,22.084,-22.084,0.91943,0.08057
401532403,draftkings,OK,DraftKings,40,,-340.0,270.0,-8.5,8.5,-110.0,-110.0,56.5,-110.0,-110.0,,OK,8.761,-8.761,0.71796,0.28204
401532404,draftkings,OK,DraftKings,40,,,,-21.5,21.5,-110.0,-110.0,46.5,-110.0,-110.0,,OK,17.436,-17.436,0.87019,0.12981
401532405,draftkings,OK,DraftKings,40,,380.0,-500.0,12.5,-12.5,-110.0,-110.0,46.5,-110.0,-110.0,,OK,-2.415,2.415,0.43558,0.56442
401532406,draftkings,OK,DraftKings,40,,-1450.0,850.0,-21.5,21.5,-110.0,-110.0,51.5,-110.0,-110.0,,OK,18.473,-18.473,0.88106,0.11894
401532407,draftkings,OK,DraftKings,40,,-4000.0,1600.0,-27.5,27.5,-110.0,-110.0,47.5,-110.0,-110.0,,OK,19.675,-19.675,0.8945799999999999,0.10542
401532408,draftkings,OK,DraftKings,40,,,,-41.0,41.0,-110.0,-110.0,49.5,-110.0,-110.0,,OK,47.955,-47.955,0.99578,0.422
401532409,draftkings,OK,DraftKings,40,,-122.0,102.0,-1.5,1.5,-110.0,-110.0,50.0,-110.0,-110.0,,OK,-0.282,0.282,0.49248999999999993,0.50751
401532410,draftkings,OK,DraftKings,40,,-345.0,275.0,-9.5,9.5,-110.0,-110.0,44.5,-110.0,-110.0,,OK,9.948,-9.948,0.74645,0.25355
401532411,draftkings,OK,DraftKings,40,,-625.0,455.0,-14.0,14.0,-110.0,-110.0,48.5,-110.0,-110.0,,OK,15.336,-15.336,0.84213,0.15787
401532412,draftkings,OK,DraftKings,40,,-155.0,130.0,-3.0,3.0,-110.0,-110.0,53.0,-110.0,-110.0,,OK,0.042,-0.042,0.50113,0.49887
401532413,draftkings,OK,DraftKings,40,,410.0,-550.0,14.0,-14.0,-110.0,-110.0,50.0,-110.0,-110.0,,OK,-11.449,11.449,0.22399000000000002,0.77601
401532414,draftkings,OK,DraftKings,40,,-130.0,110.0,-2.0,2.0,-110.0,-110.0,43.5,-110.0,-110.0,,OK,1.669,-1.669,0.54548,0.45452
401532415,draftkings,OK,DraftKings,40,,130.0,-148.0,3.0,-3.0,-112.0,-108.0,52.0,-110.0,-110.0,,OK,-1.927,1.927,0.44781,0.55219
401532416,draftkings,OK,DraftKings,40,,-355.0,280.0,-8.0,8.0,-110.0,-110.0,43.0,-110.0,-110.0,,OK,9.991,-9.991,0.74929,0.25071
401532417,draftkings,OK,DraftKings,40,,-2800.0,1300.0,-25.0,25.0,-110.0,-110.0,45.0,-110.0,-110.0,,OK,18.182,-18.182,0.88126,0.11874000000000001
401532418,draftkings,OK,DraftKings,40,,160.0,-192.0,4.5,-4.5,-110.0,-110.0,42.5,-110.0,-110.0,,OK,-4.3,4.3,0.38513,0.61487
401532419,draftkings,OK,DraftKings,40,,675.0,-1050.0,17.5,-17.5,-110.0,-110.0,48.5,-110.0,-110.0,,OK,-14.54,14.54,0.16669,0.83331
401532420,draftkings,OK,DraftKings,40,,-440.0,340.0,-10.5,10.5,-110.0,-110.0,44.0,-110.0,-110.0,,OK,10.497,-10.497,0.7608,0.23919999999999997
401532421,draftkings,OK,DraftKings,40,,-155.0,130.0,-3.0,3.0,-110.0,-110.0,45.0,-110.0,-110.0,,OK,0.985,-0.985,0.52694,0.47306
401532422,draftkings,OK,DraftKings,40,,-270.0,220.0,-7.0,7.0,-115.0,-105.0,40.5,-110.0,-110.0,,OK,7.363,-7.363,0.6917,0.3083
401532423,draftkings,OK,DraftKings,40,,250.0,-310.0,8.0,-8.0,-110.0,-110.0,45.5,-110.0,-110.0,,OK,-10.254,10.254,0.24439,0.7556100000000001
401532424,draftkings,OK,DraftKings,40,,180.0,-218.0,5.5,-5.5,-110.0,-110.0,45.5,-110.0,-110.0,,OK,-0.935,0.935,0.47447,0.52553
401532425,draftkings,OK,DraftKings,40,,170.0,-218.0,5.0,-5.0,-108.0,-112.0,42.0,-110.0,-110.0,,OK,-2.282,2.282,0.43736,0.56264
401532426,draftkings,OK,DraftKings,40,,-485.0,370.0,-11.5,11.5,-110.0,-110.0,43.5,-110.0,-110.0,,OK,10.825,-10.825,0.7685600000000001,0.23144
401532427,draftkings,OK,DraftKings,40,,114.0,-135.0,2.5,-2.5,-110.0,-110.0,47.0,-105.0,-115.0,,OK,1.423,-1.423,0.53914,0.46086
401532428,draftkings,OK,DraftKings,40,,-750.0,525.0,-16.5,16.5,-108.0,-112.0,52.0,-110.0,-110.0,,OK,12.848,-12.848,0.8060300000000001,0.19397000000000003
401532429,draftkings,OK,DraftKings,40,,-278.0,225.0,-7.5,7.5,-105.0,-115.0,37.0,-108.0,-112.0,,OK,13.256,-13.256,0.81333,0.18667
401532430,draftkings,OK,DraftKings,40,,200.0,-245.0,6.5,-6.5,-108.0,-112.0,44.0,-110.0,-110.0,,OK,-5.218,5.218,0.36006,0.63994
401532431,draftkings,OK,DraftKings,40,,124.0,-148.0,3.0,-3.0,-110.0,-110.0,49.5,-110.0,-110.0,,OK,1.274,-1.274,0.53507,0.46493
401532432,draftkings,OK,DraftKings,40,,-298.0,240.0,-7.5,7.5,-110.0,-110.0,38.5,-110.0,-110.0,,OK,-0.901,0.901,0.47502,0.52498
401532433,draftkings,OK,DraftKings,40,,205.0,-250.0,6.0,-6.0,-108.0,-112.0,48.0,-110.0,-110.0,,OK,-4.553,4.553,0.37645,0.62355
401532434,draftkings,OK,DraftKings,40,,-700.0,500.0,-15.0,15.0,-108.0,-112.0,47.0,-108.0,-112.0,,OK,15.683,-15.683,0.8523099999999999,0.14769
401532435,draftkings,OK,DraftKings,40,,-205.0,170.0,-5.0,5.0,-112.0,-108.0,39.5,-112.0,-108.0,,OK,9.205,-9.205,0.73586,0.26414
401532436,draftkings,OK,DraftKings,40,,-170.0,142.0,-4.0,4.0,-112.0,-108.0,39.5,-108.0,-112.0,,OK,2.542,-2.542,0.56975,0.4302500000000001
401532437,draftkings,OK,DraftKings,40,,-325.0,260.0,-9.5,9.5,-110.0,-110.0,43.0,-112.0,-108.0,,OK,9.903,-9.903,0.75142,0.24858
401532438,draftkings,OK,DraftKings,40,,-166.0,140.0,-3.0,3.0,-118.0,-102.0,58.0,-112.0,-108.0,,OK,2.877,-2.877,0.57936,0.42064
401532439,draftkings,OK,DraftKings,40,,270.0,-340.0,8.5,-8.5,-110.0,-110.0,45.0,-110.0,-110.0,,OK,-5.098,5.098,0.36187,0.63813
401532440,draftkings,OK,DraftKings,40,,-1200.0,750.0,-20.5,20.5,-108.0,-112.0,45.0,-110.0,-110.0,,OK,17.847,-17.847,0.88156,0.11844000000000002
401532441,draftkings,OK,DraftKings,40,,-950.0,625.0,-17.0,17.0,-110.0,-110.0,37.5,-108.0,-112.0,,OK,24.081,-24.081,0.93848,0.06152
401532442,draftkings,OK,DraftKings,40,,330.0,-425.0,11.0,-11.0,-110.0,-110.0,41.5,-110.0,-110.0,,OK,-11.692,11.692,0.21288,0.78712
401532443,draftkings,OK,DraftKings,40,,270.0,-340.0,9.5,-9.5,-110.0,-110.0,50.0,-108.0,-112.0,,OK,-6.739,6.739,0.31991,0.68009
401532444,draftkings,OK,DraftKings,40,,-205.0,170.0,-4.5,4.5,-110.0,-110.0,56.5,-112.0,-108.0,,OK,5.189,-5.189,0.64089,0.35911000000000004
401532445,draftkings,OK,DraftKings,40,,-162.0,136.0,-3.0,3.0,-118.0,-102.0,39.5,-110.0,-110.0,,OK,7.638,-7.638,0.7015299999999999,0.29847
401532446,draftkings,OK,DraftKings,40,,-455.0,350.0,-11.5,11.5,-108.0,-112.0,49.5,-110.0,-110.0,,OK,10.155,-10.155,0.7573399999999999,0.24266
401532447,draftkings,OK,DraftKings,40,,-298.0,240.0,-7.5,7.5,-110.0,-110.0,37.0,-108.0,-112.0,,OK,14.416,-14.416,0.83513,0.16487
401532448,draftkings,OK,DraftKings,40,,-470.0,360.0,-11.0,11.0,-110.0,-110.0,42.5,-115.0,-105.0,,OK,12.671,-12.671,0.8057500000000001,0.19425
401532449,draftkings,OK,DraftKings,40,,-230.0,190.0,-6.0,6.0,-110.0,-110.0,37.5,-108.0,-112.0,,OK,5.311,-5.311,0.64455,0.35545000000000004
401532450,draftkings,OK,DraftKings,40,,120.0,-142.0,2.5,-2.5,-108.0,-112.0,51.5,-112.0,-108.0,,OK,-3.602,3.602,0.4006,0.5994
401532451,draftkings,OK,DraftKings,40,,280.0,-355.0,10.0,-10.0,-112.0,-108.0,54.5,-110.0,-110.0,,OK,-12.354,12.354,0.19936999999999996,0.8006299999999998
401532452,draftkings,OK,DraftKings,40,,525.0,-750.0,16.0,-16.0,-110.0,-110.0,42.5,-110.0,-110.0,,OK,-13.359,13.359,0.18170000000000003,0.8183
401532453,draftkings,OK,DraftKings,40,,1000.0,-1800.0,20.5,-20.5,-108.0,-112.0,45.0,-112.0,-108.0,,OK,-15.706,15.706,0.14528,0.85472
401532454,draftkings,OK,DraftKings,40,,145.0,-175.0,3.5,-3.5,-112.0,-108.0,34.5,-108.0,-112.0,,OK,-9.207,9.207,0.26232,0.73768
401532570,draftkings,OK,DraftKings,40,,,,-47.0,47.0,-110.0,-110.0,51.5,-110.0,-110.0,,OK,38.431,-38.431,0.98577,0.01423
401532571,draftkings,OK,DraftKings,40,,,,-34.5,34.5,-110.0,-110.0,50.5,-110.0,-110.0,,OK,27.697,-27.697,0.95392,0.04608
401532572,draftkings,OK,DraftKings,40,,,,-16.5,16.5,-110.0,-110.0,66.0,-110.0,-110.0,,OK,33.077,-33.077,0.97285,0.027149999999999997
401532573,draftkings,OK,DraftKings,40,,425.0,-575.0,14.0,-14.0,-110.0,-110.0,56.5,-110.0,-110.0,,OK,-14.067,14.067,0.18824,0.81176
401532574,draftkings,OK,DraftKings,40,,,,-31.0,31.0,-110.0,-110.0,63.5,-110.0,-110.0,,OK,19.602,-19.602,0.8931999999999999,0.10679999999999999
401532575,draftkings,OK,DraftKings,40,,-485.0,370.0,-10.5,10.5,-110.0,-110.0,58.5,-108.0,-112.0,,OK,15.142,-15.142,0.83921,0.16079000000000002
401532577,draftkings,OK,DraftKings,40,,-1100.0,700.0,-16.5,16.5,-110.0,-110.0,51.5,-110.0,-110.0,,OK,22.726,-22.726,0.92243,0.07757
401532578,draftkings,OK,DraftKings,40,,,,-22.5,22.5,-110.0,-110.0,60.0,-110.0,-110.0,,OK,18.867,-18.867,0.8869,0.1131
401532579,draftkings,OK,DraftKings,40,,,,-24.0,24.0,-110.0,-110.0,62.0,-110.0,-110.0,,OK,19.304,-19.304,0.88991,0.11008999999999998
401532580,draftkings,OK,DraftKings,40,,,,-28.0,28.0,-110.0,-110.0,51.5,-110.0,-110.0,,OK,28.121,-28.121,0.9569199999999999,0.04308
401532581,draftkings,OK,DraftKings,40,,-340.0,270.0,-9.5,9.5,-110.0,-110.0,45.5,-110.0,-110.0,,OK,2.0,-2.0,0.55249,0.4475100000000001
401532582,draftkings,OK,DraftKings,40,,-1000.0,650.0,-15.5,15.5,-110.0,-110.0,58.5,-108.0,-112.0,,OK,20.883,-20.883,0.9084699999999999,0.09153
401532583,draftkings,OK,DraftKings,40,,170.0,-205.0,5.0,-5.0,-110.0,-110.0,47.0,-110.0,-110.0,,OK,-7.018,7.018,0.31954,0.68046
401532584,draftkings,OK,DraftKings,40,,245.0,-305.0,7.0,-7.0,-115.0,-105.0,46.5,-112.0,-108.0,,OK,1.873,-1.873,0.55018,0.44982
401532585,draftkings,PROVIDER_NOT_AVAILABLE,,,ESPN BET|ESPN Bet - Live Odds,,,,,,,,,,,OK,34.793,-34.793,0.98024,0.01976
401532586,draftkings,OK,DraftKings,40,,-425.0,330.0,-10.5,10.5,-110.0,-110.0,60.0,-108.0,-112.0,,OK,10.348,-10.348,0.75493,0.24507
401532587,draftkings,OK,DraftKings,40,,-3200.0,1400.0,-25.5,25.5,-110.0,-110.0,50.5,-110.0,-110.0,,OK,25.051,-25.051,0.94108,0.05892
401532588,draftkings,OK,DraftKings,40,,-675.0,490.0,-14.5,14.5,-110.0,-110.0,40.5,-110.0,-110.0,,OK,14.932,-14.932,0.83615,0.16384999999999997
401532589,draftkings,OK,DraftKings,40,,-410.0,320.0,-10.5,10.5,-110.0,-110.0,43.5,-110.0,-110.0,,OK,12.594,-12.594,0.79885,0.20115
401532590,draftkings,OK,DraftKings,40,,124.0,-148.0,3.0,-3.0,-112.0,-108.0,62.5,-110.0,-110.0,,OK,8.516,-8.516,0.71601,0.28399
401532591,draftkings,OK,DraftKings,40,,160.0,-192.0,5.5,-5.5,-110.0,-110.0,43.0,-110.0,-110.0,,OK,-3.855,3.855,0.39643,0.60357
401532592,draftkings,OK,DraftKings,40,,-298.0,240.0,-8.5,8.5,-110.0,-110.0,57.5,-110.0,-110.0,,OK,8.014,-8.014,0.70572,0.29428
401532593,draftkings,OK,DraftKings,40,,250.0,-310.0,7.5,-7.5,-110.0,-110.0,60.0,-110.0,-110.0,,OK,-12.267,12.267,0.20638,0.79362
401532594,draftkings,OK,DraftKings,40,,185.0,-225.0,5.5,-5.5,-110.0,-110.0,56.0,-110.0,-110.0,,OK,-4.605,4.605,0.37661,0.62339
401532595,draftkings,OK,DraftKings,40,,190.0,-230.0,6.0,-6.0,-112.0,-108.0,52.5,-110.0,-110.0,,OK,1.826,-1.826,0.54986,0.45014
401532596,draftkings,OK,DraftKings,40,,190.0,-230.0,6.5,-6.5,-108.0,-112.0,54.5,-110.0,-110.0,,OK,-3.227,3.227,0.41286,0.58714
401532597,draftkings,OK,DraftKings,40,,225.0,-278.0,7.0,-7.0,-105.0,-115.0,52.0,-110.0,-110.0,,OK,-10.475,10.475,0.24156,0.7584399999999999
401532598,draftkings,OK,DraftKings,40,,-395.0,310.0,-11.0,11.0,-110.0,-110.0,41.5,-110.0,-110.0,,OK,9.117,-9.117,0.73149,0.26851
401532599,draftkings,OK,DraftKings,40,,-290.0,235.0,-6.5,6.5,-115.0,-105.0,60.5,-110.0,-110.0,,OK,12.303,-12.303,0.79484,0.20516
401532600,draftkings,OK,DraftKings,40,,100.0,-120.0,1.5,-1.5,-110.0,-110.0,59.5,-112.0,-108.0,,OK,3.878,-3.878,0.60493,0.39507
401532601,draftkings,OK,DraftKings,40,,-410.0,320.0,-11.0,11.0,-108.0,-112.0,48.5,-110.0,-110.0,,OK,11.144,-11.144,0.7738299999999999,0.22617
401532602,draftkings,OK,DraftKings,40,,-185.0,154.0,-4.0,4.0,-108.0,-110.0,65.0,-112.0,-108.0,,OK,1.389,-1.389,0.53817,0.46183
401532603,draftkings,OK,DraftKings,40,,455.0,-625.0,14.5,-14.5,-112.0,-108.0,47.0,-110.0,-110.0,,OK,-14.662,14.662,0.16367,0.8363299999999999
401532604,draftkings,OK,DraftKings,40,,-105.0,-115.0,1.0,-1.0,-112.0,-108.0,50.0,-108.0,-112.0,,OK,-0.355,0.355,0.49015000000000003,0.50985
401532605,draftkings,OK,DraftKings,40,,285.0,-360.0,10.0,-10.0,-110.0,-110.0,56.5,-110.0,-110.0,,OK,-8.837,8.837,0.2724,0.7276
401532606,draftkings,OK,DraftKings,40,,-425.0,330.0,-11.0,11.0,-110.0,-110.0,56.0,-108.0,-112.0,,OK,10.884,-10.884,0.76946,0.23054
401532607,draftkings,OK,DraftKings,40,,-185.0,154.0,-4.5,4.5,-108.0,-112.0,48.5,-110.0,-110.0,,OK,4.388,-4.388,0.61883,0.38117000000000006
401532608,draftkings,OK,DraftKings,40,,-142.0,120.0,-2.5,2.5,-118.0,-102.0,54.0,-108.0,-112.0,,OK,3.157,-3.157,0.58654,0.41345999999999994
401532609,draftkings,OK,DraftKings,40,,-225.0,185.0,-6.0,6.0,-110.0,-110.0,44.0,-112.0,-108.0,,OK,10.662,-10.662,0.7659999999999999,0.234
401532610,draftkings,OK,DraftKings,40,,-185.0,154.0,-3.5,3.5,-105.0,-115.0,50.0,-110.0,-110.0,,OK,6.633,-6.633,0.67634,0.32366
401532611,draftkings,OK,DraftKings,40,,490.0,-675.0,15.0,-15.0,-110.0,-110.0,57.5,-112.0,-108.0,,OK,-8.377,8.377,0.28286,0.71714
401532612,draftkings,OK,DraftKings,40,,114.0,-135.0,2.5,-2.5,-112.0,-108.0,56.5,-110.0,-110.0,,OK,-4.142,4.142,0.38720999999999994,0.61279
401532613,draftkings,OK,DraftKings,40,,750.0,-1200.0,20.5,-20.5,-110.0,-110.0,46.5,-108.0,-112.0,,OK,-12.286,12.286,0.20159,0.79841
401532614,draftkings,OK,DraftKings,40,,-130.0,110.0,-2.0,2.0,-110.0,-110.0,53.0,-110.0,-110.0,,OK,-0.185,0.185,0.49481,0.50519
401532615,draftkings,OK,DraftKings,40,,-650.0,470.0,-14.5,14.5,-108.0,-112.0,54.0,-110.0,-110.0,,OK,14.308,-14.308,0.8325,0.1675
401532616,draftkings,OK,DraftKings,40,,-4000.0,1500.0,-27.5,27.5,-110.0,-120.0,59.5,-115.0,-115.0,,OK,20.884,-20.884,0.91341,0.08659
401532617,draftkings,OK,DraftKings,40,,-175.0,145.0,-3.5,3.5,-112.0,-108.0,47.0,-108.0,-112.0,,OK,3.16,-3.16,0.58698,0.41302
401532618,draftkings,OK,DraftKings,40,,-148.0,124.0,-3.0,3.0,-110.0,-110.0,49.0,-110.0,-110.0,,OK,5.743,-5.743,0.65464,0.34536
401532619,draftkings,OK,DraftKings,40,,170.0,-205.0,5.0,-5.0,-110.0,-110.0,63.5,-108.0,-112.0,,OK,-4.933,4.933,0.3657,0.6343
401532620,draftkings,OK,DraftKings,40,,-550.0,410.0,-13.5,13.5,-110.0,-110.0,45.0,-112.0,-108.0,,OK,15.042,-15.042,0.8448300000000001,0.15517
401532621,draftkings,OK,DraftKings,40,,-485.0,370.0,-12.5,12.5,-110.0,-110.0,45.0,-110.0,-110.0,,OK,7.887,-7.887,0.70722,0.29278
401532622,draftkings,OK,DraftKings,40,,-1800.0,1000.0,-22.0,22.0,-112.0,-108.0,58.0,-112.0,-108.0,,OK,20.232,-20.232,0.90778,0.09222
401532623,draftkings,OK,DraftKings,40,,-675.0,490.0,-16.0,16.0,-108.0,-112.0,48.0,-110.0,-110.0,,OK,15.706,-15.706,0.8541,0.1459
401532624,draftkings,OK,DraftKings,40,,-155.0,130.0,-3.0,3.0,-110.0,-110.0,46.5,-110.0,-110.0,,OK,2.77,-2.77,0.57671,0.42329
401532625,draftkings,OK,DraftKings,40,,-238.0,195.0,-6.5,6.5,-108.0,-112.0,45.0,-110.0,-110.0,,OK,6.96,-6.96,0.6858299999999999,0.31417
401532626,draftkings,OK,DraftKings,40,,180.0,-218.0,5.5,-5.5,-108.0,-112.0,53.5,-110.0,-110.0,,OK,2.474,-2.474,0.56887,0.43113
401532627,draftkings,OK,DraftKings,40,,170.0,-205.0,4.5,-4.5,-110.0,-110.0,47.0,-112.0,-108.0,,OK,-8.242,8.242,0.2837,0.7163
401532628,draftkings,OK,DraftKings,40,,-112.0,-108.0,-1.0,1.0,-108.0,-112.0,58.0,-110.0,-110.0,,OK,2.966,-2.966,0.58233,0.41767
401532630,draftkings,OK,DraftKings,40,,320.0,-410.0,11.5,-11.5,-110.0,-110.0,42.0,-108.0,-112.0,,OK,-11.829,11.829,0.20892,0.79108
401539475,draftkings,OK,DraftKings,40,,300.0,-380.0,9.5,-9.5,-108.0,-112.0,65.5,-110.0,-110.0,,OK,-9.72,9.72,0.24226,0.75774
401539476,draftkings,OK,DraftKings,40,,-375.0,295.0,-10.0,10.0,-110.0,-110.0,58.0,-110.0,-110.0,,OK,13.647,-13.647,0.83217,0.16783
401539477,draftkings,OK,DraftKings,40,,-135.0,114.0,-2.5,2.5,-115.0,-105.0,47.5,-112.0,-108.0,,OK,-8.255,8.255,0.27519,0.72481
401539478,draftkings,OK,DraftKings,40,,-105.0,-115.0,1.0,-1.0,-110.0,-110.0,45.5,-112.0,-108.0,,OK,9.124,-9.124,0.74469,0.25531
401539479,draftkings,OK,DraftKings,40,,-625.0,455.0,-14.0,14.0,-112.0,-108.0,57.5,-108.0,-112.0,,OK,17.035,-17.035,0.88064,0.11936
401539480,draftkings,OK,DraftKings,40,,1200.0,-2400.0,21.5,-21.5,-110.0,-110.0,36.0,-112.0,-108.0,,OK,-21.71,21.71,0.07262,0.92738
401539481,draftkings,OK,DraftKings,40,,-258.0,210.0,-6.5,6.5,-115.0,-105.0,43.0,-110.0,-110.0,,OK,3.533,-3.533,0.60217,0.39783
401539482,draftkings,OK,DraftKings,40,,110.0,-130.0,2.0,-2.0,-110.0,-110.0,63.0,-108.0,-112.0,,OK,-2.042,2.042,0.4404,0.5596
401539483,draftkings,OK,DraftKings,40,,180.0,-218.0,5.5,-5.5,-112.0,-108.0,53.5,-108.0,-112.0,,OK,-0.76,0.76,0.47772,0.52228
401539484,draftkings,OK,DraftKings,40,,-225.0,185.0,-5.5,5.5,-110.0,-110.0,53.5,-110.0,-110.0,,OK,6.608,-6.608,0.68467,0.31533
