season,week,team,off_epa_per_play,def_epa_per_play,off_success_rate,def_success_rate,yards_per_play,yards_per_play_allowed,points_per_drive,points_per_drive_allowed,red_zone_td_rate,red_zone_td_rate_allowed,early_down_epa,third_down_conversion_rate
2022,1,Air Force Falcons,0.32360751689344214,0.008021771641714233,0.5,0.4095238095238095,7.804347826086956,6.0476190476190474,3.4285714285714284,1.4545454545454546,0.6,0.5714285714285714,0.27620926972861604,0.5
2022,1,Akron Zips,-0.28355470275686634,-0.16541687227212465,0.2903225806451613,0.4,5.419354838709677,5.569230769230769,1.5384615384615385,2.2857142857142856,0.6666666666666666,0.4,-0.3122075526638234,0.25
2022,1,Alabama A&M Bulldogs,-0.4006606308926999,0.2190214241704633,0.3380281690140845,0.5161290322580645,4.873239436619718,7.951612903225806,0.0,4.090909090909091,,0.8,-0.45180236250162126,0.2
2022,1,Alabama Crimson Tide,0.37469673937275294,-0.17189493707635187,0.5158730158730159,0.3560606060606061,8.595238095238095,4.090909090909091,3.576923076923077,0.7692307692307693,0.9166666666666666,0.2,0.2971057630372497,0.3
2022,1,Albany Great Danes,-0.13204492075989643,0.5176188183181426,0.31666666666666665,0.6617647058823529,3.95,8.117647058823529,0.7692307692307693,5.166666666666667,0.5,1.0,-0.17377074712584184,0.29411764705882354
2022,1,American,-0.1119029591521941,-0.022851719348518935,0.48760330578512395,0.37037037037037035,6.446280991735537,5.796296296296297,0.7619047619047619,1.9130434782608696,0.0,0.4,-0.06259263448025051,0.36363636363636365
2022,1,Appalachian State Mountaineers,0.45003885482804157,0.48106891462500667,0.5393258426966292,0.5352112676056338,7.303370786516854,8.32394366197183,3.5,4.4,1.0,1.0,0.42193387091159823,0.5
2022,1,Arizona Wildcats,0.030682293519581835,-0.1879841468550942,0.4520547945205479,0.43636363636363634,5.657534246575342,3.8363636363636364,3.75,1.0833333333333333,0.8,0.25,0.06489849195145724,0.38461538461538464
2022,1,Arkansas Razorbacks,0.24685140966979507,0.17512056440478418,0.477124183006536,0.4695121951219512,7.503267973856209,7.0182926829268295,2.6875,1.96875,0.6923076923076923,0.5833333333333334,0.1859017946436757,0.45161290322580644
2022,1,Arkansas State Red Wolves,0.2286757357418537,-0.27083500802516935,0.5625,0.28,7.0875,2.26,6.076923076923077,0.25,0.7777777777777778,0.0,0.13329987372121505,0.5
2022,1,Army Black Knights,0.2623125324223904,0.37452473761378857,0.40425531914893614,0.5942028985507246,7.574468085106383,6.405797101449275,3.111111111111111,3.4444444444444446,1.0,0.6666666666666666,0.17249671509489417,0.25
2022,1,Auburn Tigers,0.15439113974571228,0.017593854304515953,0.5409836065573771,0.3333333333333333,8.131147540983607,4.090909090909091,3.5,1.4545454545454546,1.0,0.6666666666666666,0.20214785255637824,0.5
2022,1,Austin Peay Governors,-0.12944041418306756,0.0966222867500619,0.3939393939393939,0.390625,4.803030303030303,6.03125,1.9285714285714286,2.066666666666667,0.5,0.5,-0.2532818479382474,0.3333333333333333
2022,1,BYU Cougars,0.19406134388909851,0.001067765677968661,0.49586776859504134,0.4652777777777778,7.041322314049586,5.597222222222222,2.761904761904762,1.7272727272727273,0.42857142857142855,0.7142857142857143,0.05947416802139386,0.44
2022,1,Ball State Cardinals,-0.1475936017132231,0.2740718605386656,0.38571428571428573,0.5465116279069767,4.9714285714285715,6.651162790697675,0.7692307692307693,3.7142857142857144,0.5,0.8571428571428571,-0.05438664062293591,0.2857142857142857
2022,1,Baylor Bears,0.2426354342705419,0.005980020206897778,0.49572649572649574,0.38345864661654133,6.683760683760684,4.639097744360902,3.347826086956522,1.375,0.875,0.625,0.3979803083506836,0.23809523809523808
2022,1,Bethune-Cookman Wildcats,-0.15430573008277199,0.7465114896114056,0.3090909090909091,0.8307692307692308,6.0,8.96923076923077,0.5,5.7272727272727275,0.2,0.9,-0.15929469248143638,0.23076923076923078
2022,1,Boise State Broncos,0.06867525638902888,-0.0061463031589108355,0.4485294117647059,0.38235294117647056,5.661764705882353,7.411764705882353,1.8571428571428572,2.4444444444444446,0.4,0.5714285714285714,0.13265549078165928,0.3076923076923077
2022,1,Boston College Eagles,-0.07750952243804932,0.01692602684100469,0.35294117647058826,0.43333333333333335,4.470588235294118,5.166666666666667,1.6153846153846154,1.3571428571428572,1.0,0.3333333333333333,-0.10743374090928298,0.3125
2022,1,Bowling Green Falcons,-0.19766552446880073,0.22711850814521312,0.3644859813084112,0.525,4.4672897196261685,6.55,1.125,2.875,0.25,0.625,-0.046842473217203646,0.2
2022,1,Bryant Bulldogs,-0.21371485386043787,-0.07986984280869365,0.2875,0.3375,5.7125,5.2625,2.5,1.1538461538461537,0.5,0.8,-0.303903054995615,0.5
2022,1,Buffalo Bulls,-0.08488776623610629,0.08815565425902605,0.3443708609271523,0.453125,4.470198675496689,7.171875,1.375,1.8,0.2857142857142857,0.6666666666666666,-0.14219575015860692,0.4857142857142857
2022,1,Cal Poly Mustangs,-0.10334308055730966,0.3003792186578115,0.3384615384615385,0.6133333333333333,4.8,7.346666666666667,0.7,3.1818181818181817,0.25,1.0,0.03694610362467558,0.2857142857142857
2022,1,California Golden Bears,0.15665269556684772,-0.06838230730651261,0.463768115942029,0.42857142857142855,6.130434782608695,5.6103896103896105,2.076923076923077,1.0833333333333333,0.6,0.5,0.08114965965173074,0.38461538461538464
2022,1,Central Connecticut Blue Devils,-0.31812907829880716,0.2967056624094645,0.42,0.5866666666666667,4.8,5.973333333333334,0.2727272727272727,3.111111111111111,0.0,0.6666666666666666,-0.16261345973691424,0.25
2022,1,Central Michigan Chippewas,0.2450296836481853,0.24182964462629505,0.4772727272727273,0.49295774647887325,6.204545454545454,7.52112676056338,2.588235294117647,3.2941176470588234,1.0,0.8571428571428571,0.444242392545161,0.26666666666666666
2022,1,Charlotte 49ers,-0.06581817160953175,0.04919363623080046,0.33884297520661155,0.3695652173913043,5.7190082644628095,7.702898550724638,1.391304347826087,5.083333333333333,0.6,0.45454545454545453,-0.12755228595241255,0.28
2022,1,Cincinnati Bearcats,-0.1460329070100634,0.06714073282021743,0.3858267716535433,0.43356643356643354,5.047244094488189,6.391608391608392,1.24,1.92,0.6,0.6666666666666666,-0.16217380966010847,0.3103448275862069
2022,1,Clemson Tigers,0.003984001928201601,-0.09896714076625579,0.49162011173184356,0.3712121212121212,5.089385474860335,4.5606060606060606,1.4285714285714286,1.4642857142857142,0.5454545454545454,0.8,0.03483732747180121,0.37142857142857144
2022,1,Coastal Carolina Chanticleers,0.20976301711617093,0.2766030358516762,0.5681818181818182,0.47863247863247865,6.015151515151516,7.119658119658119,2.857142857142857,3.6818181818181817,0.7,0.875,0.18134581761540108,0.45454545454545453
2022,1,Colgate Raiders,-0.2171528192899995,0.20360887075884868,0.3050847457627119,0.559322033898305,3.694915254237288,8.423728813559322,0.23076923076923078,2.9285714285714284,0.0,1.0,-0.12217073593028756,0.25
2022,1,Colorado Buffaloes,-0.02373148107102939,0.4304932566250072,0.4142857142857143,0.5098039215686274,4.9714285714285715,8.137254901960784,1.3,3.4444444444444446,0.0,0.6666666666666666,0.06292228307574987,0.4
2022,1,Colorado State Rams,-0.3135069596060252,0.3348034856950535,0.3559322033898305,0.5588235294117647,5.033898305084746,6.470588235294118,0.5833333333333334,4.4,,0.5714285714285714,-0.007852529937570745,0.18181818181818182
2022,1,Delaware Blue Hens,-0.38229665358861287,-0.18568575777113439,0.26666666666666666,0.3333333333333333,4.033333333333333,5.0,1.0,0.5,0.5,0.5,-0.17593657440609403,0.16666666666666666
2022,1,Duke Blue Devils,0.22545635722975693,-0.2103905334661249,0.5343511450381679,0.4140625,6.572519083969466,4.0703125,2.608695652173913,0.5909090909090909,0.5,0.6666666666666666,0.28106942494338916,0.30434782608695654
2022,1,Duquesne Dukes,-0.13404796930386664,0.33533906466082525,0.3404255319148936,0.618421052631579,3.8085106382978724,9.052631578947368,0.6363636363636364,4.7,,0.7142857142857143,0.036420956958790086,0.1
2022,1,East All-Stars,-0.574161688486735,-0.28097763421043515,0.25,0.38095238095238093,4.916666666666667,4.4603174603174605,0.25,0.9230769230769231,0.0,0.0,-0.545475119894201,0.23076923076923078
2022,1,East Carolina Pirates,0.15935571030106233,-0.029745533123729736,0.47101449275362317,0.4566929133858268,6.536231884057971,5.7637795275590555,2.8076923076923075,1.72,0.8888888888888888,0.5714285714285714,0.03756989659298034,0.32142857142857145
2022,1,Eastern Illinois Panthers,0.3229531762691645,0.26164842689675943,0.5384615384615384,0.39285714285714285,7.061538461538461,6.839285714285714,2.7,3.090909090909091,0.5,0.75,0.1379011253324839,0.6666666666666666
2022,1,Eastern Kentucky Colonels,0.1564379264600575,0.20602405213174366,0.4625,0.5555555555555556,6.3375,6.365079365079365,2.125,2.8,0.6,1.0,-0.07241942782382496,0.6666666666666666
2022,1,Eastern Michigan Eagles,0.17567502323425177,0.08332657937379863,0.5227272727272727,0.4768211920529801,6.204545454545454,7.443708609271523,2.892857142857143,2.103448275862069,0.8888888888888888,0.6666666666666666,0.05481861120178586,0.44
2022,1,Elon Phoenix,0.05024325994538589,0.11385753185584627,0.39436619718309857,0.3793103448275862,6.633802816901408,7.068965517241379,1.5,4.2,0.6666666666666666,1.0,0.2651124423635857,0.23076923076923078
2022,1,Florida A&M Rattlers,0.10828977766813654,0.5172940993156189,0.4696969696969697,0.5769230769230769,5.515151515151516,7.666666666666667,1.4166666666666667,4.666666666666667,0.6666666666666666,0.8,-0.04022554162086225,0.38461538461538464
2022,1,Florida Atlantic Owls,0.152950053572232,0.09059052484306862,0.3971631205673759,0.4146341463414634,6.879432624113475,6.536585365853658,4.444444444444445,2.78125,0.6363636363636364,0.5454545454545454,0.1735429606056428,0.5357142857142857
2022,1,Florida Gators,0.07583446170275028,0.2216025866844036,0.452991452991453,0.5703703703703704,6.102564102564102,6.022222222222222,1.6,2.9473684210526314,0.6,0.5833333333333334,0.013740505209599418,0.46153846153846156
2022,1,Florida International Panthers,-0.07986984280869365,-0.21371485386043787,0.3375,0.2875,5.2625,5.7125,1.1538461538461537,2.5,0.8,0.5,-0.25229790061712265,0.375
2022,1,Florida State Seminoles,0.2526200638241964,0.15659638804060463,0.5251141552511416,0.4846938775510204,7.6118721461187215,5.244897959183674,3.4193548387096775,2.0,0.5625,0.6666666666666666,0.337078002506289,0.46153846153846156
2022,1,Fresno State Bulldogs,0.2789007857651778,-0.14987094461917877,0.5774647887323944,0.384,7.563380281690141,3.952,2.8181818181818183,0.6190476190476191,0.8,0.4,0.2990057746232566,0.4090909090909091
2022,1,Georgia Bulldogs,0.5393147981632008,-0.03446942821547792,0.6190476190476191,0.4594594594594595,9.063492063492063,5.5027027027027025,4.457142857142857,1.5,0.8421052631578947,0.5,0.46404592375247145,0.5161290322580645
2022,1,Georgia Southern Eagles,0.1254000034130795,-0.10127614719280298,0.45774647887323944,0.36231884057971014,6.71830985915493,4.753623188405797,2.7037037037037037,0.92,0.7,0.25,0.0035461865433859168,0.4375
2022,1,Georgia State Panthers,-0.26135865379782286,-0.11714061371543828,0.2647058823529412,0.3235294117647059,4.529411764705882,4.720588235294118,0.6666666666666666,1.3529411764705883,0.4,0.6666666666666666,-0.19163003812233606,0.29411764705882354
2022,1,Georgia Tech Yellow Jackets,-0.2175327716677478,0.12384097736615401,0.36363636363636365,0.5128205128205128,3.590909090909091,5.4743589743589745,0.7142857142857143,2.4285714285714284,1.0,0.7142857142857143,-0.19761466456854598,0.0625
2022,1,Grambling Tigers,-0.27083500802516935,0.2286757357418537,0.28,0.5625,2.26,7.0875,0.25,6.076923076923077,0.0,0.7777777777777778,-0.23154863466819128,0.15384615384615385
2022,1,Hawai'i Rainbow Warriors,-0.23958104689541104,0.30595073801279066,0.4088050314465409,0.512,5.352201257861635,8.32,0.625,3.230769230769231,0.3333333333333333,0.9166666666666666,-0.04730036730567614,0.25806451612903225
2022,1,Houston Cougars,0.11101526832755874,0.06887404995935935,0.4264705882352941,0.45925925925925926,5.448529411764706,5.644444444444445,3.4166666666666665,2.0,0.6,0.4,-0.023796795876984744,0.40625
2022,1,Idaho Vandals,-0.32365725288400427,-0.11837139679118991,0.265625,0.515625,4.28125,6.875,0.7142857142857143,1.7142857142857142,0.0,0.6,-0.3350732320298751,0.1875
2022,1,Illinois Fighting Illini,-0.038085746225611915,-0.11254082772196555,0.47413793103448276,0.39285714285714285,5.5905172413793105,5.1938775510204085,1.7435897435897436,1.1666666666666667,0.5384615384615384,0.2857142857142857,-0.017436600573684857,0.4090909090909091
2022,1,Illinois State Redbirds,-0.38453824549913407,0.2955873687312288,0.34,0.4528301886792453,6.86,8.30188679245283,0.0,3.4444444444444446,0.0,0.75,-0.24809491978241846,0.2727272727272727
2022,1,Indiana Hoosiers,-0.12266975201857395,-0.05811949643526185,0.3333333333333333,0.4606741573033708,5.115384615384615,5.314606741573034,1.7692307692307692,1.4285714285714286,0.5,0.4,-0.2855882849228584,0.47368421052631576
2022,1,Iowa Hawkeyes,-0.45621069847980394,-0.49948508082137955,0.2803738317757009,0.2903225806451613,3.6542056074766354,3.056451612903226,0.5,0.10714285714285714,0.5,,-0.1364462592385032,0.14285714285714285
2022,1,Iowa State Cyclones,0.2868574017828161,-0.01610553463300069,0.5303030303030303,0.45,7.121212121212121,5.333333333333333,1.6470588235294117,0.9090909090909091,0.7142857142857143,0.3333333333333333,0.06075684810584446,0.5833333333333334
2022,1,James Madison Dukes,0.08764926273198355,-0.29007969540162165,0.4642857142857143,0.2786885245901639,6.059523809523809,2.19672131147541,3.142857142857143,0.4375,0.6666666666666666,,0.12336177780078007,0.3125
2022,1,Kansas Jayhawks,0.2945125581120416,0.12460410864961227,0.5467625899280576,0.4563758389261745,8.29496402877698,6.328859060402684,2.933333333333333,1.9696969696969697,0.7333333333333333,0.5384615384615384,0.18488613200617265,0.52
2022,1,Kansas State Wildcats,0.02452885548570263,0.014258273807931538,0.44029850746268656,0.4132231404958678,5.955223880597015,6.12396694214876,1.88,1.4615384615384615,0.42857142857142855,0.8,0.023164388172480524,0.3870967741935484
2022,1,Kent State Golden Flashes,0.025360123199575087,0.31032764205807134,0.39705882352941174,0.5526315789473685,5.176470588235294,6.881578947368421,1.6666666666666667,3.75,0.25,0.6666666666666666,-0.2473662532105738,0.5882352941176471
2022,1,Kentucky Wildcats,-0.2212772692643827,-0.2723881992112313,0.3951612903225806,0.3482142857142857,4.887096774193548,4.446428571428571,3.2916666666666665,1.3478260869565217,0.5,0.5,-0.06930355537444988,0.16666666666666666
2022,1,LSU Tigers,0.36939952931186154,-0.08320904588139297,0.5447761194029851,0.40939597315436244,7.149253731343284,5.395973154362416,3.590909090909091,1.3478260869565217,0.7272727272727273,0.4,0.29677755472676776,0.5217391304347826
2022,1,Liberty Flames,-0.03972361969851678,-0.04243765454138479,0.4435483870967742,0.5096774193548387,5.629032258064516,4.916129032258064,1.3666666666666667,1.3846153846153846,0.3333333333333333,0.3333333333333333,-0.07314449827094655,0.32142857142857145
2022,1,Long Island University Sharks,-0.5151802190279556,0.05175340093978464,0.23728813559322035,0.410958904109589,3.0847457627118646,6.178082191780822,0.0,2.642857142857143,,0.25,-0.41320446062655675,0.1875
2022,1,Louisiana Ragin' Cajuns,-0.016364998051098416,0.024496187537908554,0.44360902255639095,0.464,5.18796992481203,5.304,1.434782608695652,1.25,0.3333333333333333,0.5,-0.04949654520738243,0.3076923076923077
2022,1,Louisiana Tech Bulldogs,-0.12400848024031695,0.16324629802256824,0.3382352941176471,0.525,6.279411764705882,6.925,1.5,3.0,0.0,0.625,0.025075835340163288,0.35294117647058826
2022,1,Louisville Cardinals,-0.03473033025742523,-0.021370292467586066,0.42857142857142855,0.4576271186440678,6.619047619047619,4.822033898305085,1.1428571428571428,1.7272727272727273,0.3333333333333333,0.8,-0.0577929432370833,0.44
2022,1,Maine Black Bears,-0.581978052854538,0.16177414771583346,0.2553191489361702,0.5694444444444444,3.148936170212766,6.291666666666667,0.0,4.0,,0.8571428571428571,-0.6619975538023056,0.15384615384615385
2022,1,Marshall Thundering Herd,-0.0814438657118724,-0.2856275342843112,0.4461538461538462,0.3235294117647059,4.969230769230769,5.867647058823529,1.0769230769230769,1.0,1.0,0.3333333333333333,0.028242919283608597,0.4375
2022,1,Maryland Terrapins,-0.05157093087331854,-0.2852145255799743,0.41007194244604317,0.2536231884057971,5.676258992805756,4.108695652173913,1.3793103448275863,0.8148148148148148,0.6666666666666666,0.2,-0.0723215287717262,0.35294117647058826
2022,1,Memphis Tigers,0.09078331256475974,-0.08747657814579045,0.44881889763779526,0.43884892086330934,5.700787401574803,5.928057553956834,2.125,2.08,0.8333333333333334,0.75,0.18054916739463805,0.3076923076923077
2022,1,Mercer Bears,0.017593854304515953,0.15439113974571228,0.3333333333333333,0.5409836065573771,4.090909090909091,8.131147540983607,1.4545454545454546,3.5,0.6666666666666666,1.0,-0.16758753607670465,0.3333333333333333
2022,1,Miami (OH) RedHawks,-0.04728860704926774,0.14700518462283552,0.4453125,0.4628099173553719,4.5234375,6.652892561983471,1.7619047619047619,5.421052631578948,0.5,0.6666666666666666,-0.057560726271375366,0.2222222222222222
2022,1,Miami Hurricanes,0.7465114896114056,-0.15430573008277199,0.8307692307692308,0.3090909090909091,8.96923076923077,6.0,5.7272727272727275,0.5,0.9,0.2,0.5702322846964786,0.8571428571428571
2022,1,Michigan State Spartans,0.1647139165018286,-0.12065125297601909,0.4642857142857143,0.3561643835616438,7.982142857142857,4.657534246575342,2.6923076923076925,1.0,0.6666666666666666,0.25,0.23095851143201193,0.2
2022,1,Michigan Wolverines,0.15967995407698038,-0.11257023946382105,0.4965034965034965,0.421875,7.251748251748252,6.203125,2.9285714285714284,1.6071428571428572,0.5714285714285714,0.8,0.33015647993005554,0.2608695652173913
2022,1,Middle Tennessee Blue Raiders,-0.3020103816777023,-0.1044091112157212,0.27611940298507465,0.37341772151898733,2.3805970149253732,5.525316455696203,0.7575757575757576,2.161290322580645,0.4,0.5555555555555556,-0.2587020516547622,0.18181818181818182
2022,1,Minnesota Golden Gophers,0.1507785439491272,-0.08889624756625575,0.525,0.452991452991453,5.516666666666667,5.2905982905982905,2.736842105263158,1.0526315789473684,0.7777777777777778,0.6666666666666666,0.08458820047477882,0.5
2022,1,Mississippi State Bulldogs,0.0584772004670388,-0.11485970072578966,0.5,0.41228070175438597,6.304054054054054,5.491228070175438,2.391304347826087,1.3043478260869565,0.5,1.0,-0.08748680191735426,0.3333333333333333
2022,1,Missouri Tigers,0.05976138842402037,0.0037767692752506423,0.4782608695652174,0.39855072463768115,5.739130434782608,6.028985507246377,2.2962962962962963,1.7586206896551724,0.6363636363636364,0.5,0.05025674871379329,0.45161290322580644
2022,1,Morgan State Bears,-0.34997459008532056,0.1656545344988505,0.3050847457627119,0.4666666666666667,4.237288135593221,6.426666666666667,0.0,3.25,,0.8571428571428571,-0.1660279740889867,0.15384615384615385
2022,1,Murray State Racers,-0.21615905780345201,0.44406675913977245,0.171875,0.5396825396825397,3.984375,9.507936507936508,0.6666666666666666,3.7058823529411766,0.0,0.75,-0.2586542725563049,0.2222222222222222
2022,1,NC State Wolfpack,-0.196102718435801,-0.0761119923873307,0.3,0.3904109589041096,5.2153846153846155,5.260273972602739,0.9629629629629629,1.2857142857142858,0.2,0.6,-0.12642894530047974,0.2903225806451613
2022,1,National,-0.022851719348518935,-0.1119029591521941,0.37037037037037035,0.48760330578512395,5.796296296296297,6.446280991735537,1.9130434782608696,0.7619047619047619,0.4,0.0,0.10744155279125076,0.2608695652173913
2022,1,Navy Midshipmen,-0.18568575777113439,-0.38229665358861287,0.3333333333333333,0.26666666666666666,5.0,4.033333333333333,0.5,1.0,0.5,0.5,0.04409916440776566,0.3333333333333333
2022,1,Nebraska Cornhuskers,0.13788864924047226,0.08572470493517913,0.5037593984962406,0.42857142857142855,7.330827067669173,5.5,2.269230769230769,1.8461538461538463,0.8571428571428571,0.625,0.08769289854000199,0.48148148148148145
2022,1,Nevada Wolf Pack,0.023419316135235686,-0.15024432337890237,0.3880597014925373,0.3728813559322034,4.3283582089552235,5.389830508474576,2.090909090909091,0.9090909090909091,0.3333333333333333,0.3333333333333333,-0.06959683179855347,0.5294117647058824
2022,1,New Mexico Lobos,0.16177414771583346,-0.581978052854538,0.5694444444444444,0.2553191489361702,6.291666666666667,3.148936170212766,4.0,0.0,0.8571428571428571,,0.09100369679725777,0.6666666666666666
2022,1,New Mexico State Aggies,-0.060441724769771096,0.13476315841240727,0.39375,0.4891304347826087,5.075,5.614130434782608,1.1724137931034482,2.689655172413793,0.5,0.5833333333333334,-0.08649570966760317,0.4473684210526316
2022,1,Nicholls Colonels,-0.07565902634100481,0.15968331171048655,0.34545454545454546,0.47297297297297297,3.690909090909091,7.054054054054054,0.4666666666666667,3.2,1.0,1.0,0.0062655828893184665,0.15384615384615385
2022,1,North Carolina Tar Heels,0.39512109319004446,0.26698829999305135,0.5137614678899083,0.5207373271889401,6.981651376146789,6.764976958525345,4.027027027027027,2.611111111111111,0.7692307692307693,0.8333333333333334,0.25774735389720826,0.35714285714285715
2022,1,North Dakota Fighting Hawks,-0.03730161700929914,0.23463746532797813,0.44285714285714284,0.5833333333333334,4.542857142857143,7.533333333333333,1.4166666666666667,2.5833333333333335,0.6666666666666666,0.8,-0.09035625772656135,0.4
2022,1,North Texas Mean Green,-0.02838838113562126,0.13168735530759607,0.4008810572687225,0.45714285714285713,5.938325991189427,6.680952380952381,1.8717948717948718,2.3421052631578947,0.5384615384615384,0.46153846153846156,-0.044230855347817406,0.3673469387755102
2022,1,Northern Illinois Huskies,0.26164842689675943,0.3229531762691645,0.39285714285714285,0.5384615384615384,6.839285714285714,7.061538461538461,3.090909090909091,2.7,0.75,0.5,0.11750729713175032,0.45454545454545453
2022,1,Northern Iowa Panthers,0.13664321175643376,0.5529199907412896,0.5357142857142857,0.5692307692307692,7.232142857142857,10.723076923076922,1.5454545454545454,4.9,0.5,0.5,0.25196801374355954,0.25
2022,1,Northwestern Wildcats,0.18824663988891102,0.05836907437402908,0.4166666666666667,0.4383561643835616,6.2976190476190474,7.164383561643835,2.2142857142857144,2.0,0.6,1.0,0.12642931509198566,0.35294117647058826
2022,1,Notre Dame Fighting Irish,0.06796188114417924,0.12892337785150013,0.42063492063492064,0.46715328467153283,7.817460317460317,5.700729927007299,2.1153846153846154,1.5833333333333333,0.5714285714285714,1.0,-0.013406883885142624,0.375
2022,1,Ohio Bobcats,0.2098507113020185,0.15571099654176182,0.4788732394366197,0.46616541353383456,6.02112676056338,5.954887218045113,3.088235294117647,1.7586206896551724,0.5833333333333334,0.6666666666666666,0.12781491797221334,0.35714285714285715
2022,1,Ohio State Buckeyes,0.2544910072377234,0.21367318288616413,0.5,0.4339622641509434,6.674242424242424,7.811320754716981,2.2916666666666665,2.1666666666666665,0.7142857142857143,0.625,0.25082072727034027,0.32
2022,1,Oklahoma Sooners,0.2688065127309026,0.09194068494555238,0.5448275862068965,0.4675324675324675,6.820689655172414,6.058441558441558,3.347826086956522,2.0869565217391304,0.8,0.6666666666666666,0.2169710246460705,0.38461538461538464
2022,1,Oklahoma State Cowboys,0.0616078277816996,0.09245799278250393,0.4140625,0.4472049689440994,6.6484375,5.813664596273292,2.3548387096774195,2.125,0.7777777777777778,0.8,0.15689005337509454,0.24
2022,1,Old Dominion Monarchs,-0.3764352737104191,-0.09059739554921786,0.3088235294117647,0.37333333333333335,3.7205882352941178,5.706666666666667,0.8666666666666667,1.0625,0.3333333333333333,0.6666666666666666,-0.22999142344091453,0.13333333333333333
2022,1,Ole Miss Rebels,0.01386329057110343,-0.037557869617428095,0.5095541401273885,0.42857142857142855,6.2993630573248405,5.178571428571429,1.7407407407407407,1.7037037037037037,0.8888888888888888,0.5,-0.07123859080134845,0.37037037037037035
2022,1,Oregon Ducks,0.061500582213585196,0.37269003743735646,0.5076923076923077,0.5538461538461539,6.338461538461538,7.0,1.631578947368421,4.0,0.5,0.8181818181818182,-0.03908405179271893,0.4444444444444444
2022,1,Oregon State Beavers,0.06825728347945598,-0.166612302426432,0.4596774193548387,0.36065573770491804,6.854838709677419,4.352459016393443,2.56,0.8,0.5555555555555556,0.16666666666666666,0.05569886508368954,0.36
2022,1,Penn State Nittany Lions,0.10050410133600235,0.047263769750914925,0.408,0.4268292682926829,7.424,5.115853658536586,2.6923076923076925,1.4615384615384615,1.0,0.8571428571428571,-0.037018636163945,0.2962962962962963
2022,1,Pittsburgh Panthers,0.07228813702730756,0.010908295936656721,0.4276315789473684,0.48484848484848486,5.907894736842105,7.0227272727272725,1.8518518518518519,1.9259259259259258,0.6666666666666666,0.7,0.03861878168279842,0.3333333333333333
2022,1,Portland State Vikings,-0.028584724751071655,-0.12876488899780533,0.4782608695652174,0.3898305084745763,4.884057971014493,4.88135593220339,1.5454545454545454,1.9090909090909092,0.4,0.5,-0.15276664716226082,0.25
2022,1,Purdue Boilermakers,-0.0988072726711537,0.18289684131741524,0.3836477987421384,0.4788732394366197,5.270440251572327,7.556338028169014,1.1071428571428572,3.25,0.8,0.9,-0.007712019414737307,0.2647058823529412
2022,1,Rice Owls,-0.1397667012940672,0.4083744269191173,0.3383458646616541,0.5614035087719298,6.421052631578948,9.421052631578947,1.52,3.4583333333333335,0.5,0.7,0.028268120184387128,0.3548387096774194
2022,1,Richmond Spiders,-0.05694556063500004,0.1848676535818312,0.43478260869565216,0.5,4.811594202898551,6.958333333333333,1.5454545454545454,2.8333333333333335,1.0,1.0,0.027437284307659796,0.2857142857142857
2022,1,Rutgers Scarlet Knights,0.01692602684100469,-0.07750952243804932,0.43333333333333335,0.35294117647058826,5.166666666666667,4.470588235294118,1.3571428571428572,1.6153846153846154,0.3333333333333333,1.0,0.23802240541640748,0.3076923076923077
2022,1,SE Louisiana Lions,-0.12946813193670773,-0.012786275542834225,0.4745762711864407,0.4411764705882353,4.389830508474576,5.5,0.5384615384615384,1.3076923076923077,0.5,0.3333333333333333,-0.13070231539810576,0.4
2022,1,SMU Mustangs,0.13103169026343445,-0.15695081137948566,0.5197368421052632,0.4074074074074074,6.782894736842105,5.192592592592592,2.4166666666666665,1.0384615384615385,0.75,0.16666666666666666,0.02846913077568604,0.5161290322580645
2022,1,Sam Houston Bearkats,-0.4086826351555911,0.15647600636337744,0.3090909090909091,0.48484848484848486,4.109090909090909,8.227272727272727,0.0,2.3846153846153846,0.0,1.0,-0.39649220023836407,0.08333333333333333
2022,1,San Diego State Aztecs,-0.26510314510543215,-0.14064878286564186,0.34108527131782945,0.363013698630137,4.457364341085271,4.095890410958904,1.2413793103448276,2.1724137931034484,0.2857142857142857,0.6,-0.4015746770892292,0.18518518518518517
2022,1,San José State Spartans,-0.05792191601716555,0.059690157788387245,0.4461538461538462,0.4855072463768116,6.961538461538462,5.471014492753623,2.0,2.3333333333333335,0.625,0.5555555555555556,0.1027867353084136,0.2222222222222222
2022,1,South Alabama Jaguars,0.0913510825726893,0.17402878094602514,0.45454545454545453,0.43703703703703706,6.525974025974026,6.533333333333333,2.4074074074074074,1.8214285714285714,0.875,0.25,0.21064202228853526,0.3103448275862069
2022,1,South Carolina Gamecocks,-0.06169685496271943,-0.052124103862945345,0.38848920863309355,0.3698630136986301,4.9496402877697845,6.917808219178082,1.5666666666666667,1.5945945945945945,0.75,0.5,-0.061685525925359995,0.2857142857142857
2022,1,South Dakota Coyotes,-0.2852534248747609,0.05348971730372945,0.3787878787878788,0.47540983606557374,3.8636363636363638,6.459016393442623,0.0,2.25,0.0,0.6666666666666666,-0.07810430925177492,0.3125
2022,1,South Dakota State Jackrabbits,-0.43441665429960596,-0.4986044067447468,0.23636363636363636,0.2711864406779661,2.327272727272727,3.135593220338983,0.21428571428571427,0.4666666666666667,,0.0,-0.361131701618433,0.1875
2022,1,South Florida Bulls,-0.04127736363494605,0.33144795281045575,0.3684210526315789,0.5294117647058824,5.719298245614035,8.426470588235293,1.75,3.727272727272727,0.6666666666666666,0.4,-0.17436234802007675,0.25
2022,1,Southeast Missouri State Redhawks,-0.01610553463300069,0.2868574017828161,0.45,0.5303030303030303,5.333333333333333,7.121212121212121,0.9090909090909091,1.6470588235294117,0.3333333333333333,0.7142857142857143,0.07440613314162853,0.3333333333333333
2022,1,Southern Miss Golden Eagles,0.00015831721110606757,-0.044893156424645454,0.4645669291338583,0.38064516129032255,7.535433070866142,5.412903225806452,1.967741935483871,1.393939393939394,0.375,0.3,0.08742408526753917,0.2
2022,1,St. Francis (PA) Red Flash,-0.16541687227212465,-0.28355470275686634,0.4,0.2903225806451613,5.569230769230769,5.419354838709677,2.2857142857142856,1.5384615384615385,0.4,0.6666666666666666,-0.15826417412608862,0.25
2022,1,Stanford Cardinal,0.20360887075884868,-0.2171528192899995,0.559322033898305,0.3050847457627119,8.423728813559322,3.694915254237288,2.9285714285714284,0.23076923076923078,1.0,0.0,0.3365016980096698,0.3333333333333333
2022,1,Syracuse Orange,0.1755283095439275,-0.08175485169228452,0.5466666666666666,0.41346153846153844,6.693333333333333,5.471153846153846,2.4285714285714284,1.05,0.7142857142857143,0.5,0.1782677965859572,0.48148148148148145
2022,1,TCU Horned Frogs,0.04144458921506391,0.182652654377527,0.45614035087719296,0.49767441860465117,6.391812865497076,7.144186046511628,2.054054054054054,2.9,0.7777777777777778,0.5625,0.04951105012681133,0.3157894736842105
2022,1,Team Gaither,-0.3265152860743304,-0.22888236762361325,0.3333333333333333,0.2978723404255319,3.125,5.446808510638298,0.3,0.8333333333333334,0.0,0.0,-0.15751952294792448,0.09090909090909091
2022,1,Team Robinson,-0.22888236762361325,-0.3265152860743304,0.2978723404255319,0.3333333333333333,5.446808510638298,3.125,0.8333333333333334,0.3,0.0,0.0,-0.23475029766559602,0.09090909090909091
2022,1,Temple Owls,-0.3344922661781311,0.2850814638659358,0.3684210526315789,0.578125,3.4210526315789473,7.828125,0.0,2.5,,0.3333333333333333,-0.3504941521621332,0.35714285714285715
2022,1,Tennessee Tech Golden Eagles,-0.16560394194588732,0.370196063907779,0.373134328358209,0.6326530612244898,3.4477611940298507,10.53061224489796,0.7142857142857143,4.454545454545454,0.25,0.8571428571428571,-0.13656693112616444,0.26666666666666666
2022,1,Tennessee Volunteers,0.1635768444424397,-0.11273691233530728,0.47368421052631576,0.43859649122807015,6.1644736842105265,4.8654970760233915,2.9642857142857144,0.5925925925925926,0.8181818181818182,0.3333333333333333,0.18485361355982843,0.2692307692307692
2022,1,Texas A&M Aggies,0.15647600636337744,-0.4086826351555911,0.48484848484848486,0.3090909090909091,8.227272727272727,4.109090909090909,2.3846153846153846,0.0,1.0,0.0,0.016663952006234065,0.25
2022,1,Texas Longhorns,0.17562045685214098,0.014500175845133115,0.5081967213114754,0.4383561643835616,6.540983606557377,5.568493150684931,2.619047619047619,1.48,0.6666666666666666,0.5,0.18932242644950747,0.39285714285714285
2022,1,Texas Tech Red Raiders,0.1976819278796514,-0.11944706053347201,0.47333333333333333,0.34459459459459457,7.406666666666666,5.466216216216216,3.09375,0.9666666666666667,0.5833333333333334,0.5714285714285714,0.08058473156846088,0.3448275862068966
2022,1,Toledo Rockets,0.06076990684885888,-0.32169462303922636,0.47770700636942676,0.3333333333333333,5.140127388535032,4.404040404040404,2.0833333333333335,0.7307692307692307,0.375,0.5,0.06447451814147066,0.40625
2022,1,Troy Trojans,-0.24452193499836203,-0.12178847377430903,0.3904109589041096,0.4863013698630137,3.6095890410958904,5.890410958904109,1.0769230769230769,1.52,0.6,0.7142857142857143,-0.08973670938861704,0.28125
2022,1,Tulane Green Wave,0.7502979899884439,0.42452842449503286,0.5098039215686274,0.4880952380952381,10.901960784313726,7.2023809523809526,4.181818181818182,4.090909090909091,1.0,1.0,0.7055658022986679,0.375
2022,1,Tulsa Golden Hurricane,0.13678149466054984,0.06250567598776384,0.4578313253012048,0.5606060606060606,6.650602409638554,6.075757575757576,2.466666666666667,1.7333333333333334,0.5,0.0,0.050324678886681795,0.42105263157894735
2022,1,UAB Blazers,0.16220392961986363,-0.17325372535873343,0.484375,0.4148148148148148,7.3671875,4.688888888888889,3.45,0.5416666666666666,0.875,0.6666666666666666,0.11568718973328085,0.5238095238095238
2022,1,UC Davis Aggies,-0.06838230730651261,0.15665269556684772,0.42857142857142855,0.463768115942029,5.6103896103896105,6.130434782608695,1.0833333333333333,2.076923076923077,0.5,0.6,-0.21756003079590974,0.3333333333333333
2022,1,UCF Knights,-0.11075956495085233,0.16850103148773535,0.4507042253521127,0.4925373134328358,4.591549295774648,5.373134328358209,1.3,2.727272727272727,0.6666666666666666,0.75,0.04255335025911061,0.2857142857142857
2022,1,UCLA Bruins,0.19150518048678014,-0.13952595666544326,0.5562913907284768,0.37748344370860926,7.052980132450331,4.509933774834437,2.4444444444444446,1.2857142857142858,0.6,0.42857142857142855,0.07333274248267423,0.4642857142857143
2022,1,UConn Huskies,-0.04517943436550982,-0.05234834240103255,0.4413145539906103,0.45918367346938777,5.685446009389671,5.607142857142857,1.6756756756756757,1.2307692307692308,0.6363636363636364,0.6666666666666666,-0.14638802209278431,0.4222222222222222
2022,1,UL Monroe Warhawks,-0.1951567648895203,0.19935646627032966,0.3968253968253968,0.5087719298245614,5.841269841269841,6.807017543859649,0.6666666666666666,3.4545454545454546,0.0,0.8333333333333334,-0.19900576421555052,0.4
2022,1,USC Trojans,0.4919313554927497,0.20496523344015652,0.5633802816901409,0.4247787610619469,7.943661971830986,8.982300884955752,4.5,2.727272727272727,0.8333333333333334,0.875,0.2481864086525925,0.5454545454545454
2022,1,UTEP Miners,-0.08239579976453812,0.2552660715121489,0.4430379746835443,0.5153846153846153,4.6835443037974684,6.953846153846154,1.1818181818181819,3.4545454545454546,0.25,0.8,-0.04617613009535349,0.36363636363636365
2022,1,UTSA Roadrunners,-0.09228366644649239,-0.17271825030997948,0.44755244755244755,0.37037037037037035,6.090909090909091,3.748148148148148,1.52,2.8518518518518516,0.4,0.6666666666666666,-0.04133538427678021,0.30434782608695654
2022,1,Utah State Aggies,-0.14218992519785056,0.11404449358788503,0.3939393939393939,0.4930875576036866,4.888888888888889,6.410138248847926,1.025,2.717948717948718,0.75,0.8571428571428571,-0.06800551850952812,0.3181818181818182
2022,1,Utah Utes,0.10333835981883012,0.3137487066550213,0.5064935064935064,0.5087719298245614,5.577922077922078,8.289473684210526,1.9047619047619047,2.909090909090909,0.6666666666666666,1.0,-0.05411395079949323,0.46875
2022,1,VMI Keydets,-0.21907249662806005,0.16935168730246053,0.35294117647058826,0.5,3.264705882352941,6.716216216216216,0.7142857142857143,2.8461538461538463,,0.4,-0.22138450108468533,0.16666666666666666
2022,1,Vanderbilt Commodores,0.27214784713255036,-0.12108232120409707,0.4603174603174603,0.3973509933774834,8.198412698412698,5.933774834437086,4.0,1.0303030303030303,1.0,0.4,0.2637561071664095,0.3333333333333333
2022,1,Virginia Cavaliers,0.1848676535818312,-0.05694556063500004,0.5,0.43478260869565216,6.958333333333333,4.811594202898551,2.8333333333333335,1.5454545454545454,1.0,1.0,0.1854627757775979,0.5454545454545454
2022,1,Virginia Tech Hokies,-0.09059739554921786,-0.3764352737104191,0.37333333333333335,0.3088235294117647,5.706666666666667,3.7205882352941178,1.0625,0.8666666666666667,0.6666666666666666,0.3333333333333333,0.0052750909929735615,0.23529411764705882
2022,1,Wake Forest Demon Deacons,0.14920691442158487,-0.12305402735735746,0.4791666666666667,0.3959731543624161,6.263888888888889,3.9731543624161074,2.4615384615384617,1.0384615384615385,0.5,0.6666666666666666,0.20271600755778227,0.3333333333333333
2022,1,Washington Huskies,0.2389736016216518,0.08862304914378583,0.5094339622641509,0.45112781954887216,6.088050314465409,5.7293233082706765,3.272727272727273,1.6818181818181819,0.6666666666666666,0.2857142857142857,0.16457037223597704,0.5428571428571428
2022,1,Washington State Cougars,-0.1580027196436159,-0.027775526757686193,0.47580645161290325,0.40458015267175573,5.016129032258065,6.083969465648855,1.2,1.48,0.6666666666666666,0.5,-0.16481360713852214,0.3333333333333333
2022,1,West All-Stars,-0.28097763421043515,-0.574161688486735,0.38095238095238093,0.25,4.4603174603174605,4.916666666666667,0.9230769230769231,0.25,0.0,0.0,-0.21762992836991135,0.23076923076923078
2022,1,West Virginia Mountaineers,-0.0710507445037365,0.13777460695290175,0.4305555555555556,0.4098360655737705,6.569444444444445,6.573770491803279,2.2142857142857144,1.8461538461538463,0.8,1.0,-0.22278151241215793,0.5
2022,1,Western Kentucky Hilltoppers,0.22087516710949848,-0.10015222304397159,0.4626865671641791,0.4177777777777778,7.373134328358209,5.448888888888889,2.682926829268293,1.3170731707317074,0.47058823529411764,0.6,0.25485282699775064,0.3333333333333333
2022,1,Western Michigan Broncos,-0.12065125297601909,0.1647139165018286,0.3561643835616438,0.4642857142857143,4.657534246575342,7.982142857142857,1.0,2.6923076923076925,0.25,0.6666666666666666,-0.11221501188209423,0.3333333333333333
2022,1,William & Mary Tribe,0.10455025432269964,-0.033354909761863595,0.3880597014925373,0.36764705882352944,8.64179104477612,5.235294117647059,2.1666666666666665,1.5,0.375,0.5,-0.014753563616138238,0.25
2022,1,Wisconsin Badgers,0.0713432953944282,-0.2664580849286552,0.42857142857142855,0.32710280373831774,6.587301587301587,6.168224299065421,2.2916666666666665,0.7391304347826086,0.6666666666666666,0.25,0.06296246370883903,0.30434782608695654
2022,1,Wyoming Cowboys,-0.07706270863612492,0.1477960819259603,0.4722222222222222,0.4723404255319149,5.116666666666666,6.089361702127659,1.4047619047619047,2.5,0.3,0.6,0.04792571243117837,0.2558139534883721
2022,2,Akron Zips,-0.3331042387164556,0.0587680183620338,0.35384615384615387,0.4939759036144578,4.1692307692307695,5.9879518072289155,0.0,2.95,,0.875,-0.2569655362589687,0.21428571428571427
2022,2,Alabama A&M Bulldogs,-0.13311706446721905,-0.037398867033146044,0.32786885245901637,0.46296296296296297,4.213114754098361,6.555555555555555,1.2142857142857142,1.6153846153846154,0.5,0.25,-0.2680504871127398,0.35714285714285715
2022,2,Alabama Crimson Tide,0.036293946324832856,0.02646276132384343,0.4603174603174603,0.47761194029850745,5.777777777777778,5.746268656716418,1.8181818181818181,1.5833333333333333,0.5,0.2,0.11588784158229828,0.3125
2022,2,Alabama State Hornets,-0.12936692548469758,0.1607467615429093,0.39436619718309857,0.6323529411764706,4.394366197183099,7.397058823529412,0.5384615384615384,4.333333333333333,0.0,0.7142857142857143,-0.12738712310791014,0.3684210526315789
2022,2,Alcorn State Braves,-0.6215488289264922,0.37420887993527696,0.1702127659574468,0.5714285714285714,2.3191489361702127,7.545454545454546,0.0,3.75,,0.6666666666666666,-0.5286288271027226,0.1875
2022,2,Appalachian State Mountaineers,-0.05472215901060802,-0.3041027121637997,0.36585365853658536,0.34210526315789475,3.768292682926829,4.894736842105263,1.7,1.5555555555555556,0.5,,-0.18135634482952587,0.4
2022,2,Arizona State Sun Devils,-0.06815499799736476,0.04776678340775626,0.3389830508474576,0.44047619047619047,6.016949152542373,5.595238095238095,1.1333333333333333,2.4285714285714284,0.5,0.75,0.17470051510178525,0.15384615384615385
2022,2,Arizona Wildcats,-0.3355114078276778,-0.023546047406653836,0.3424657534246575,0.5753424657534246,4.013698630136986,5.835616438356165,1.2142857142857142,2.7857142857142856,0.5,0.8333333333333334,-0.2823110108396837,0.3076923076923077
2022,2,Arkansas Razorbacks,0.27007420133141913,0.21416183561086655,0.5647058823529412,0.5,5.258823529411765,6.573529411764706,3.230769230769231,2.3076923076923075,0.8333333333333334,0.6,0.28957638866973645,0.4375
2022,2,Arkansas State Red Wolves,-0.19328722553817848,0.45657331468882384,0.35526315789473684,0.5370370370370371,3.6315789473684212,10.11111111111111,0.8571428571428571,3.1666666666666665,0.0,0.5,-0.19383498639972122,0.25
2022,2,Army Black Knights,0.11999442285070053,-0.05513190141036397,0.41025641025641024,0.40476190476190477,5.923076923076923,5.916666666666667,4.166666666666667,3.8461538461538463,0.6,0.8333333333333334,0.19715597399256446,0.2631578947368421
2022,2,Auburn Tigers,0.12973585453900424,-0.05200545051518608,0.5818181818181818,0.4117647058823529,6.818181818181818,4.485294117647059,2.1818181818181817,1.6,1.0,0.2,0.04949232258579948,0.4444444444444444
2022,2,BYU Cougars,0.12162205331946073,0.06415036053229602,0.4931506849315068,0.47435897435897434,5.013698630136986,3.9743589743589745,1.0833333333333333,1.5384615384615385,0.4,0.6,0.16061080067322173,0.21428571428571427
2022,2,Ball State Cardinals,0.025643258009638105,0.06289180622381323,0.4,0.4470588235294118,6.942857142857143,4.91764705882353,2.142857142857143,3.923076923076923,0.6666666666666666,0.8,0.10637632509072621,0.2857142857142857
2022,2,Baylor Bears,0.06415036053229602,0.12162205331946073,0.47435897435897434,0.4931506849315068,3.9743589743589745,5.013698630136986,1.5384615384615385,1.0833333333333333,0.6,0.4,0.006355334458679989,0.4444444444444444
2022,2,Boise State Broncos,-0.1261903288818541,-0.45510317520661786,0.38095238095238093,0.16363636363636364,5.0476190476190474,2.5090909090909093,1.7142857142857142,0.7777777777777778,0.75,,-0.07630441607312953,0.13333333333333333
2022,2,Boston College Eagles,-0.4613851791336423,-0.25611321523524166,0.14285714285714285,0.24561403508771928,2.0238095238095237,3.491228070175439,2.0714285714285716,3.4,0.5,0.6666666666666666,-0.6583018148767537,0.16666666666666666
2022,2,Bowling Green Falcons,0.2451527274173239,0.22071979430657399,0.4057971014492754,0.46835443037974683,6.246376811594203,4.810126582278481,3.2142857142857144,2.769230769230769,0.6,0.8333333333333334,-0.1701945197582245,0.375
2022,2,Buffalo Bulls,-0.06143650047059329,0.16533415880985558,0.33962264150943394,0.296875,7.245283018867925,7.125,7.909090909090909,7.416666666666667,1.0,0.75,0.03172973228825463,0.5714285714285714
2022,2,California Golden Bears,0.012086116144774665,-0.08965355367399752,0.4225352112676056,0.390625,5.732394366197183,5.078125,1.8181818181818181,1.1666666666666667,0.4,0.5,-0.10684634407085401,0.3333333333333333
2022,2,Central Arkansas Bears,-0.40906193915387273,0.13354193024775562,0.29577464788732394,0.5147058823529411,4.140845070422535,7.882352941176471,0.21428571428571427,3.7142857142857144,0.0,0.875,-0.10555081449924632,0.23529411764705882
2022,2,Central Michigan Chippewas,0.026093555614352226,0.16133660961722218,0.4027777777777778,0.4069767441860465,5.416666666666667,5.848837209302325,1.2857142857142858,2.142857142857143,0.5,0.5,0.07474030048217413,0.3333333333333333
2022,2,Charleston Southern Buccaneers,-0.4450080240926435,0.20583471219714095,0.25806451612903225,0.5365853658536586,2.774193548387097,6.963414634146342,0.1875,3.6666666666666665,,1.0,-0.23547424699949182,0.06666666666666667
2022,2,Cincinnati Bearcats,0.8291249202222241,-0.0995175165726858,0.6530612244897959,0.3235294117647059,10.673469387755102,3.911764705882353,5.6,0.23076923076923078,0.75,0.0,0.30025365260931164,0.42857142857142855
2022,2,Clemson Tigers,0.22156242344339014,-0.03277178612109777,0.4915254237288136,0.4189189189189189,6.203389830508475,5.1891891891891895,3.5,1.0,1.0,0.0,0.08711006678640842,0.5
2022,2,Coastal Carolina Chanticleers,-0.13178016967845685,0.17072200912695665,0.42424242424242425,0.49230769230769234,6.03030303030303,8.307692307692308,2.2142857142857144,1.9285714285714286,1.0,0.6,-0.19501489569556038,0.38461538461538464
2022,2,Colorado State Rams,-0.016729193041101098,-0.22977137081325055,0.3125,0.3625,4.453125,4.75,0.8,1.8,0.3333333333333333,0.5,-0.04490603887020273,0.14285714285714285
2022,2,Duke Blue Devils,0.27809840396046637,0.07940619797618301,0.44,0.4074074074074074,6.08,5.802469135802469,0.9090909090909091,1.1818181818181819,0.5,0.2,0.10472733918577433,0.25
2022,2,East Carolina Pirates,0.15229489151388406,0.078036350912826,0.45,0.3023255813953488,6.3,5.953488372093023,2.7857142857142856,1.5,0.6666666666666666,1.0,-0.03858129034439723,0.4117647058823529
2022,2,Eastern Kentucky Colonels,0.22071979430657399,0.2451527274173239,0.46835443037974683,0.4057971014492754,4.810126582278481,6.246376811594203,2.769230769230769,3.2142857142857144,0.8333333333333334,0.6,-0.004715364674727122,0.5625
2022,2,Eastern Michigan Eagles,-0.3919496569902666,0.3311868286691606,0.3709677419354839,0.53125,4.387096774193548,6.296875,1.0,3.2666666666666666,1.0,0.7142857142857143,-0.21060514640300831,0.25
2022,2,Eastern Washington Eagles,-0.14813259705901147,0.4341064158607932,0.34,0.6235294117647059,3.72,7.235294117647059,1.2727272727272727,6.3,1.0,1.0,-0.4498816855453156,0.3333333333333333
2022,2,Florida Atlantic Owls,0.07941330849439249,-0.4594591042974539,0.4827586206896552,0.22807017543859648,7.045977011494253,5.017543859649122,10.818181818181818,0.8181818181818182,0.6666666666666666,0.5,0.02758419602664549,0.5294117647058824
2022,2,Florida Gators,-0.4105125626978966,-0.1616418126129335,0.26153846153846155,0.3387096774193548,5.569230769230769,5.016129032258065,0.42857142857142855,1.0833333333333333,1.0,0.25,-0.2393289979790216,0.25
2022,2,Florida International Panthers,-0.3080934482185464,0.05351996841564984,0.40789473684210525,0.43661971830985913,5.157894736842105,6.28169014084507,0.4,2.4285714285714284,0.25,0.5,-0.24064399408442633,0.29411764705882354
2022,2,Fresno State Bulldogs,0.16280455509821573,0.21496064180419558,0.4533333333333333,0.47619047619047616,6.56,6.285714285714286,2.272727272727273,2.9166666666666665,0.3333333333333333,1.0,0.21736072223694597,0.35714285714285715
2022,2,Furman Paladins,-0.03277178612109777,0.22156242344339014,0.4189189189189189,0.4915254237288136,5.1891891891891895,6.203389830508475,1.0,3.5,0.0,1.0,-0.09192253235313627,0.5555555555555556
2022,2,Gardner-Webb Runnin' Bulldogs,0.17072200912695665,-0.13178016967845685,0.49230769230769234,0.42424242424242425,8.307692307692308,6.03030303030303,1.9285714285714286,2.2142857142857144,0.6,1.0,0.18762523947017534,0.3333333333333333
2022,2,Georgia Bulldogs,0.17769051353136697,-0.48373865422814394,0.5866666666666667,0.2558139534883721,6.386666666666667,2.9767441860465116,2.75,0.0,0.375,,0.26940943012314456,0.38461538461538464
2022,2,Georgia Southern Eagles,0.43530444643076727,0.47046665755319006,0.5647058823529412,0.6172839506172839,7.623529411764705,7.197530864197531,3.4545454545454546,3.8181818181818183,0.6666666666666666,1.0,0.2709853090870548,0.5
2022,2,Georgia State Panthers,0.1004280749326333,-0.0067772977627240695,0.44871794871794873,0.4,5.564102564102564,7.523076923076923,1.8666666666666667,1.2352941176470589,1.0,0.6666666666666666,0.15911360655821138,0.1875
2022,2,Georgia Tech Yellow Jackets,0.19428875198904075,-0.16393982062611398,0.4528301886792453,0.5063291139240507,6.754716981132075,5.0,2.9166666666666665,1.3076923076923077,0.75,0.0,0.21177922118277775,0.36363636363636365
2022,2,Hawai'i Rainbow Warriors,-0.21462807912325513,0.48249558941884474,0.3188405797101449,0.6,3.6666666666666665,10.690909090909091,0.7142857142857143,4.0,0.0,1.0,-0.14292286655732564,0.3684210526315789
2022,2,Holy Cross Crusaders,0.16533415880985558,-0.06143650047059329,0.296875,0.33962264150943394,7.125,7.245283018867925,7.416666666666667,7.909090909090909,0.75,1.0,-0.0783463167026639,0.375
2022,2,Houston Cougars,-0.14239088754568782,-0.038337164138462027,0.4,0.4117647058823529,5.214285714285714,5.352941176470588,1.4375,2.0,0.3333333333333333,0.5,0.015356856613205029,0.23529411764705882
2022,2,Howard Bison,-0.10776309669017792,0.27786849868985325,0.42105263157894735,0.5769230769230769,5.276315789473684,7.6923076923076925,1.6666666666666667,3.2666666666666666,0.6,1.0,-0.13366570246630702,0.375
2022,2,Idaho State Bengals,-0.2853971463693699,0.025409771103254507,0.29577464788732394,0.36619718309859156,4.295774647887324,6.901408450704225,0.4666666666666667,1.9375,0.0,0.3333333333333333,-0.19803601562976836,0.3157894736842105
2022,2,Idaho Vandals,0.05164050423737728,0.1360257808978741,0.3181818181818182,0.49230769230769234,5.424242424242424,7.338461538461538,1.8333333333333333,2.75,0.6666666666666666,0.4,-0.14847092969076975,0.4
2022,2,Illinois Fighting Illini,-0.16121474313823617,-0.39905466068358647,0.35294117647058826,0.23809523809523808,5.867647058823529,4.825396825396825,2.375,0.2,0.25,0.0,-0.1585830738240818,0.35714285714285715
2022,2,Incarnate Word Cardinals,0.36831913581665826,0.04770575971393795,0.45588235294117646,0.38461538461538464,9.485294117647058,6.384615384615385,2.2777777777777777,2.125,0.6,0.6666666666666666,0.11905515138749723,0.42857142857142855
2022,2,Indiana Hoosiers,0.1360257808978741,0.05164050423737728,0.49230769230769234,0.3181818181818182,7.338461538461538,5.424242424242424,2.75,1.8333333333333333,0.4,0.6666666666666666,0.08263086557388305,0.46153846153846156
2022,2,Indiana State Sycamores,-0.5763090807816078,0.26961132923239156,0.29310344827586204,0.5921052631578947,3.5172413793103448,6.881578947368421,0.0,3.769230769230769,0.0,1.0,-0.39097293676474154,0.1111111111111111
2022,2,Iowa Hawkeyes,-0.4478211601809511,-0.26956352283291163,0.32075471698113206,0.39285714285714285,3.018867924528302,3.9761904761904763,0.5384615384615384,0.8333333333333334,0.5,0.25,-0.1968277266657934,0.2727272727272727
2022,2,Iowa State Cyclones,-0.26956352283291163,-0.4478211601809511,0.39285714285714285,0.32075471698113206,3.9761904761904763,3.018867924528302,0.8333333333333334,0.5384615384615384,0.25,0.5,-0.26488856697875646,0.42857142857142855
2022,2,James Madison Dukes,0.3260586286244327,-0.2681295884692151,0.547945205479452,0.21739130434782608,6.821917808219178,4.413043478260869,5.25,0.5833333333333334,1.0,0.0,0.261392485792354,0.36363636363636365
2022,2,Kansas Jayhawks,0.32595328975524474,-0.18462215071614785,0.4626865671641791,0.379746835443038,6.567164179104478,6.89873417721519,13.0,2.3636363636363638,0.8333333333333334,0.5,0.012041967660188675,0.5333333333333333
2022,2,Kansas State Wildcats,0.06907057667535449,-0.3932715887993069,0.38095238095238093,0.3728813559322034,5.333333333333333,3.1186440677966103,2.6153846153846154,0.6428571428571429,0.4,1.0,0.04050786482791106,0.3076923076923077
2022,2,Kennesaw State Owls,-0.0995175165726858,0.8291249202222241,0.3235294117647059,0.6530612244897959,3.911764705882353,10.673469387755102,0.23076923076923078,5.6,0.0,0.75,-0.29482478767633435,0.35294117647058826
2022,2,Kent State Golden Flashes,-0.2627886550067222,0.17165700368808978,0.3698630136986301,0.3939393939393939,4.178082191780822,7.045454545454546,0.23076923076923078,4.642857142857143,0.0,0.6666666666666666,-0.22496396090303147,0.375
2022,2,Kentucky Wildcats,-0.1616418126129335,-0.4105125626978966,0.3387096774193548,0.26153846153846155,5.016129032258065,5.569230769230769,1.0833333333333333,0.42857142857142855,0.25,1.0,-0.11079838561515014,0.3076923076923077
2022,2,LSU Tigers,0.06299873193105061,-0.3476933871032828,0.5277777777777778,0.3559322033898305,8.98611111111111,5.135593220338983,4.3076923076923075,0.7142857142857143,0.875,0.3333333333333333,0.160543470059411,0.4166666666666667
2022,2,Lafayette Leopards,-0.431019819474646,-0.22188481321701636,0.19642857142857142,0.4307692307692308,1.9464285714285714,5.476923076923077,1.4666666666666666,2.0,0.6666666666666666,1.0,-0.5559024202662546,0.1875
2022,2,Lamar Cardinals,-0.2965435923694016,-0.056000975085728204,0.2857142857142857,0.4925373134328358,4.116883116883117,6.91044776119403,1.1428571428571428,2.5,0.3333333333333333,0.8333333333333334,-0.259147864899465,0.125
2022,2,Liberty Flames,-0.0590263774145895,-0.3170325118919899,0.417910447761194,0.29310344827586204,6.029850746268656,5.775862068965517,1.5,1.0769230769230769,0.75,0.3333333333333333,-0.03179877444549843,0.15384615384615385
2022,2,Louisiana Ragin' Cajuns,0.3311868286691606,-0.3919496569902666,0.53125,0.3709677419354839,6.296875,4.387096774193548,3.2666666666666666,1.0,0.7142857142857143,1.0,0.19453820001845265,0.46153846153846156
2022,2,Louisiana Tech Bulldogs,0.18919349417966955,-0.20037813958796588,0.45588235294117646,0.45454545454545453,7.455882352941177,5.151515151515151,2.533333333333333,1.1333333333333333,0.75,0.3333333333333333,0.148059834133495,0.4166666666666667
2022,2,Louisville Cardinals,-0.0002768434998061922,-0.16302277147769928,0.4166666666666667,0.3888888888888889,6.152777777777778,4.638888888888889,1.4285714285714286,1.0769230769230769,0.25,0.5,0.11936228600415316,0.2857142857142857
2022,2,Marshall Thundering Herd,0.012870279380253383,-0.2141938837369283,0.5142857142857142,0.49333333333333335,5.442857142857143,5.333333333333333,1.5833333333333333,1.1538461538461537,0.5,1.0,0.166152723133564,0.23076923076923078
2022,2,Massachusetts Minutemen,-0.17528373848747564,0.15810794322217098,0.35135135135135137,0.4426229508196721,3.3783783783783785,6.377049180327869,0.8333333333333334,3.9285714285714284,0.5,0.8333333333333334,-0.24085472166538238,0.3
2022,2,McNeese Cowboys,-0.46324253416791256,-0.06139453432776711,0.3469387755102041,0.3484848484848485,7.551020408163265,6.712121212121212,0.5384615384615384,6.5,0.0,0.8333333333333334,-0.009068809640713228,0.1
2022,2,Memphis Tigers,0.36954369298789813,-0.19096499854239865,0.4782608695652174,0.30434782608695654,8.507246376811594,4.666666666666667,1.9166666666666667,1.3,0.4,1.0,0.08636846057340211,0.5
2022,2,Miami Hurricanes,0.15205788170849835,-0.2504846805334091,0.5061728395061729,0.32,5.6419753086419755,4.62,2.5,0.6363636363636364,0.5,0.0,0.21192250791050138,0.5294117647058824
2022,2,Michigan State Spartans,0.0587680183620338,-0.3331042387164556,0.4939759036144578,0.35384615384615387,5.9879518072289155,4.1692307692307695,2.95,0.0,0.875,,0.06280807997373973,0.5
2022,2,Michigan Wolverines,0.48249558941884474,-0.21462807912325513,0.6,0.3188405797101449,10.690909090909091,3.6666666666666665,4.0,0.7142857142857143,1.0,0.0,0.5235392034662013,0.16666666666666666
2022,2,Middle Tennessee Blue Raiders,-0.22977137081325055,-0.016729193041101098,0.3625,0.3125,4.75,4.453125,1.8,0.8,0.5,0.3333333333333333,-0.2983900457620621,0.4117647058823529
2022,2,Minnesota Golden Gophers,0.3788883980061557,-0.20535676988462606,0.5945945945945946,0.2916666666666667,9.04054054054054,4.5,4.428571428571429,0.7692307692307693,0.7142857142857143,,0.2899473304786379,0.4
2022,2,Mississippi State Bulldogs,-0.023546047406653836,-0.3355114078276778,0.5753424657534246,0.3424657534246575,5.835616438356165,4.013698630136986,2.7857142857142856,1.2142857142857142,0.8333333333333334,0.5,-0.009209562341372173,0.4166666666666667
2022,2,Missouri Tigers,-0.3932715887993069,0.06907057667535449,0.3728813559322034,0.38095238095238093,3.1186440677966103,5.333333333333333,0.6428571428571429,2.6153846153846154,1.0,0.4,-0.5344861804745918,0.3333333333333333
2022,2,NC State Wolfpack,0.20583471219714095,-0.4450080240926435,0.5365853658536586,0.25806451612903225,6.963414634146342,2.774193548387097,3.6666666666666665,0.1875,1.0,,0.20610550023389584,0.35714285714285715
2022,2,Navy Midshipmen,-0.19096499854239865,0.36954369298789813,0.30434782608695654,0.4782608695652174,4.666666666666667,8.507246376811594,1.3,1.9166666666666667,1.0,0.4,-0.3804255559089336,0.35294117647058826
2022,2,Nebraska Cornhuskers,0.47046665755319006,0.43530444643076727,0.6172839506172839,0.5647058823529412,7.197530864197531,7.623529411764705,3.8181818181818183,3.4545454545454546,1.0,0.6666666666666666,0.36418941748492856,0.6923076923076923
2022,2,Nevada Wolf Pack,0.04770575971393795,0.36831913581665826,0.38461538461538464,0.45588235294117646,6.384615384615385,9.485294117647058,2.125,2.2777777777777777,0.6666666666666666,0.6,0.06900374011860953,0.3125
2022,2,New Mexico Lobos,-0.45510317520661786,-0.1261903288818541,0.16363636363636364,0.38095238095238093,2.5090909090909093,5.0476190476190474,0.7777777777777778,1.7142857142857142,,0.75,-0.2941185601055622,0.07142857142857142
2022,2,New Mexico State Aggies,-0.05598373866792935,0.05964771014722911,0.3283582089552239,0.43636363636363634,4.552238805970149,4.763636363636364,1.3571428571428572,2.5,0.5,0.3333333333333333,-0.18112830437865912,0.35714285714285715
2022,2,Nicholls Colonels,-0.2741950953763629,0.21431934971075792,0.3492063492063492,0.5384615384615384,4.253968253968254,6.430769230769231,0.0,1.75,,0.8,-0.1044596562331373,0.375
2022,2,Norfolk State Spartans,-0.2681295884692151,0.3260586286244327,0.21739130434782608,0.547945205479452,4.413043478260869,6.821917808219178,0.5833333333333334,5.25,0.0,1.0,-0.3112605603204833,0.2
2022,2,North Carolina Tar Heels,-0.0067772977627240695,0.1004280749326333,0.4,0.44871794871794873,7.523076923076923,5.564102564102564,1.2352941176470589,1.8666666666666667,0.6666666666666666,1.0,-0.16689219892024995,0.38461538461538464
2022,2,Northern Colorado Bears,-0.4158942167575543,-0.11750596600609857,0.24615384615384617,0.4594594594594595,2.5846153846153848,3.4054054054054053,0.7142857142857143,2.2,0.5,0.5,-0.42134767382041266,0.2
2022,2,Northern Illinois Huskies,0.26686845403729065,0.32605259368817013,0.48484848484848486,0.5151515151515151,5.954545454545454,6.7727272727272725,2.6923076923076925,3.1666666666666665,1.0,0.8,0.16550740774940043,0.42857142857142855
2022,2,Northwestern Wildcats,0.07940619797618301,0.27809840396046637,0.4074074074074074,0.44,5.802469135802469,6.08,1.1818181818181819,0.9090909090909091,0.2,0.5,0.004533158171744574,0.26666666666666666
2022,2,Notre Dame Fighting Irish,-0.2141938837369283,0.012870279380253383,0.49333333333333335,0.5142857142857142,5.333333333333333,5.442857142857143,1.1538461538461537,1.5833333333333333,1.0,0.5,-0.053406385512187564,0.3076923076923077
2022,2,Ohio Bobcats,-0.11203507367860187,0.23734406232833863,0.3939393939393939,0.44,4.151515151515151,7.626666666666667,0.7142857142857143,3.3846153846153846,0.5,0.6666666666666666,-0.06211722094793709,0.26666666666666666
2022,2,Ohio State Buckeyes,0.45657331468882384,-0.19328722553817848,0.5370370370370371,0.35526315789473684,10.11111111111111,3.6315789473684212,3.1666666666666665,0.8571428571428571,0.5,0.0,0.41715917545695635,0.2727272727272727
2022,2,Oklahoma Sooners,0.17165700368808978,-0.2627886550067222,0.3939393939393939,0.3698630136986301,7.045454545454546,4.178082191780822,4.642857142857143,0.23076923076923078,0.6666666666666666,0.0,0.34331512966981304,0.25
2022,2,Oklahoma State Cowboys,0.04776678340775626,-0.06815499799736476,0.44047619047619047,0.3389830508474576,5.595238095238095,6.016949152542373,2.4285714285714284,1.1333333333333333,0.75,0.5,0.09892491931500642,0.4
2022,2,Old Dominion Monarchs,0.078036350912826,0.15229489151388406,0.3023255813953488,0.45,5.953488372093023,6.3,1.5,2.7857142857142856,1.0,0.6666666666666666,0.19415514980043683,0.125
2022,2,Ole Miss Rebels,0.13354193024775562,-0.40906193915387273,0.5147058823529411,0.29577464788732394,7.882352941176471,4.140845070422535,3.7142857142857144,0.21428571428571427,0.875,0.0,0.29987592237037525,0.375
2022,2,Oregon Ducks,0.4341064158607932,-0.14813259705901147,0.6235294117647059,0.34,7.235294117647059,3.72,6.3,1.2727272727272727,1.0,1.0,0.2124360510281154,0.5384615384615384
2022,2,Oregon State Beavers,0.21496064180419558,0.16280455509821573,0.47619047619047616,0.4533333333333333,6.285714285714286,6.56,2.9166666666666665,2.272727272727273,1.0,0.3333333333333333,0.34722719132900237,0.2
2022,2,Penn State Nittany Lions,0.23734406232833863,-0.11203507367860187,0.44,0.3939393939393939,7.626666666666667,4.151515151515151,3.3846153846153846,0.7142857142857143,0.6666666666666666,0.5,0.2689310362783529,0.16666666666666666
2022,2,Pittsburgh Panthers,0.009036069054429123,0.08749658720833915,0.36585365853658536,0.4805194805194805,5.073170731707317,5.2727272727272725,1.8,1.9285714285714286,0.2,0.75,0.07283538049560483,0.2777777777777778
2022,2,Portland State Vikings,-0.3197323406229214,0.4897625679022645,0.32653061224489793,0.6301369863013698,3.4081632653061225,8.534246575342467,0.5454545454545454,4.7272727272727275,0.0,0.8571428571428571,-0.2865962547915322,0.15384615384615385
2022,2,Purdue Boilermakers,0.26961132923239156,-0.5763090807816078,0.5921052631578947,0.29310344827586204,6.881578947368421,3.5172413793103448,3.769230769230769,0.0,1.0,0.0,0.25309793445570716,0.6428571428571429
2022,2,Rice Owls,-0.06139453432776711,-0.46324253416791256,0.3484848484848485,0.3469387755102041,6.712121212121212,7.551020408163265,6.5,0.5384615384615384,0.8333333333333334,0.0,-0.0029896137615044913,0.4666666666666667
2022,2,Rutgers Scarlet Knights,0.3884742703627456,-0.4480161791498011,0.6753246753246753,0.2545454545454545,7.571428571428571,2.6,3.4615384615384617,0.5,0.8,1.0,0.3277771514840424,0.5833333333333334
2022,2,SE Louisiana Lions,-0.4594591042974539,0.07941330849439249,0.22807017543859648,0.4827586206896552,5.017543859649122,7.045977011494253,0.8181818181818182,10.818181818181818,0.5,0.6666666666666666,-0.4698534226694772,0.08333333333333333
2022,2,SMU Mustangs,-0.056000975085728204,-0.2965435923694016,0.4925373134328358,0.2857142857142857,6.91044776119403,4.116883116883117,2.5,1.1428571428571428,0.8333333333333334,0.3333333333333333,-0.10356843092224814,0.5
2022,2,Samford Bulldogs,-0.48373865422814394,0.17769051353136697,0.2558139534883721,0.5866666666666667,2.9767441860465116,6.386666666666667,0.0,2.75,,0.375,-0.36465474089671823,0.07692307692307693
2022,2,San Diego State Aztecs,0.025409771103254507,-0.2853971463693699,0.36619718309859156,0.29577464788732394,6.901408450704225,4.295774647887324,1.9375,0.4666666666666667,0.3333333333333333,0.0,-0.017373294721950185,0.2857142857142857
2022,2,San José State Spartans,-0.05200545051518608,0.12973585453900424,0.4117647058823529,0.5818181818181818,4.485294117647059,6.818181818181818,1.6,2.1818181818181817,0.2,1.0,0.0012052265080538663,0.3076923076923077
2022,2,South Alabama Jaguars,0.16133660961722218,0.026093555614352226,0.4069767441860465,0.4027777777777778,5.848837209302325,5.416666666666667,2.142857142857143,1.2857142857142858,0.5,0.5,0.12730522898595725,0.3888888888888889
2022,2,South Carolina Gamecocks,0.21416183561086655,0.27007420133141913,0.5,0.5647058823529412,6.573529411764706,5.258823529411765,2.3076923076923075,3.230769230769231,0.6,0.8333333333333334,0.10936669632792473,0.2
2022,2,South Florida Bulls,0.27786849868985325,-0.10776309669017792,0.5769230769230769,0.42105263157894735,7.6923076923076925,5.276315789473684,3.2666666666666666,1.6666666666666667,1.0,0.6,0.2902715330900148,0.125
2022,2,Southern Jaguars,-0.3476933871032828,0.06299873193105061,0.3559322033898305,0.5277777777777778,5.135593220338983,8.98611111111111,0.7142857142857143,4.3076923076923075,0.3333333333333333,0.875,-0.118829309164236,0.18181818181818182
2022,2,Southern Miss Golden Eagles,-0.2504846805334091,0.15205788170849835,0.32,0.5061728395061729,4.62,5.6419753086419755,0.6363636363636364,2.5,0.0,0.5,-0.40290053067980586,0.38461538461538464
2022,2,Southern Utah Thunderbirds,-0.5157555856487968,0.17482223971323532,0.15151515151515152,0.5454545454545454,1.4545454545454546,9.477272727272727,0.0,3.1818181818181817,,0.0,-0.4103112261403691,0.1
2022,2,Stanford Cardinal,0.057714882167056204,0.37107748493191695,0.5,0.5483870967741935,6.125,8.258064516129032,2.5454545454545454,3.4166666666666665,0.6666666666666666,0.5,0.014762383855638965,0.3076923076923077
2022,2,Stephen F. Austin Lumberjacks,-0.20037813958796588,0.18919349417966955,0.45454545454545453,0.45588235294117646,5.151515151515151,7.455882352941177,1.1333333333333333,2.533333333333333,0.3333333333333333,0.75,-0.07234392017126083,0.2857142857142857
2022,2,Syracuse Orange,0.26685924261388644,0.04842673015335332,0.5070422535211268,0.41304347826086957,6.507042253521127,4.369565217391305,2.25,1.2727272727272727,0.5714285714285714,,0.23525266373743775,0.6666666666666666
2022,2,TCU Horned Frogs,0.20577134233965,-0.05748943956913771,0.43661971830985913,0.37037037037037035,8.549295774647888,5.462962962962963,2.75,1.4285714285714286,0.6666666666666666,1.0,0.1040896688555849,0.36363636363636365
2022,2,Tarleton Texans,-0.05748943956913771,0.20577134233965,0.37037037037037035,0.43661971830985913,5.462962962962963,8.549295774647888,1.4285714285714286,2.75,1.0,0.6666666666666666,-0.03226260979508245,0.36363636363636365
2022,2,Temple Owls,-0.22188481321701636,-0.431019819474646,0.4307692307692308,0.19642857142857142,5.476923076923077,1.9464285714285714,2.0,1.4666666666666666,1.0,0.6666666666666666,-0.0870719803314583,0.4166666666666667
2022,2,Tennessee Volunteers,0.08749658720833915,0.009036069054429123,0.4805194805194805,0.36585365853658536,5.2727272727272725,5.073170731707317,1.9285714285714286,1.8,0.75,0.2,0.18345426603899165,0.375
2022,2,Texas A&M Aggies,-0.3041027121637997,-0.05472215901060802,0.34210526315789475,0.36585365853658536,4.894736842105263,3.768292682926829,1.5555555555555556,1.7,,0.5,-0.25844171792268755,0.25
2022,2,Texas Longhorns,0.02646276132384343,0.036293946324832856,0.47761194029850745,0.4603174603174603,5.746268656716418,5.777777777777778,1.5833333333333333,1.8181818181818181,0.2,0.5,0.187054950540716,0.25
2022,2,Texas State Bobcats,0.05351996841564984,-0.3080934482185464,0.43661971830985913,0.40789473684210525,6.28169014084507,5.157894736842105,2.4285714285714284,0.4,0.5,0.25,0.049749187447808006,0.4375
2022,2,Texas Tech Red Raiders,-0.038337164138462027,-0.14239088754568782,0.4117647058823529,0.4,5.352941176470588,5.214285714285714,2.0,1.4375,0.5,0.3333333333333333,0.033773605487769164,0.3157894736842105
2022,2,Toledo Rockets,0.15810794322217098,-0.17528373848747564,0.4426229508196721,0.35135135135135137,6.377049180327869,3.3783783783783785,3.9285714285714284,0.8333333333333334,0.8333333333333334,0.5,0.005628285308678945,0.09090909090909091
2022,2,Troy Trojans,-0.037398867033146044,-0.13311706446721905,0.46296296296296297,0.32786885245901637,6.555555555555555,4.213114754098361,1.6153846153846154,1.2142857142857142,0.25,0.5,-0.07754048923166787,0.4
2022,2,Tulane Green Wave,0.37420887993527696,-0.6215488289264922,0.5714285714285714,0.1702127659574468,7.545454545454546,2.3191489361702127,3.75,0.0,0.6666666666666666,,0.2794241524133526,0.35714285714285715
2022,2,Tulsa Golden Hurricane,0.32605259368817013,0.26686845403729065,0.5151515151515151,0.48484848484848486,6.7727272727272725,5.954545454545454,3.1666666666666665,2.6923076923076925,0.8,1.0,0.08314598804595423,0.4166666666666667
2022,2,UAB Blazers,-0.3170325118919899,-0.0590263774145895,0.29310344827586204,0.417910447761194,5.775862068965517,6.029850746268656,1.0769230769230769,1.5,0.3333333333333333,0.75,-0.39623248854348825,0.3333333333333333
2022,2,UCF Knights,-0.16302277147769928,-0.0002768434998061922,0.3888888888888889,0.4166666666666667,4.638888888888889,6.152777777777778,1.0769230769230769,1.4285714285714286,0.5,0.25,0.01219914577625416,0.25
2022,2,UCLA Bruins,0.1607467615429093,-0.12936692548469758,0.6323529411764706,0.39436619718309857,7.397058823529412,4.394366197183099,4.333333333333333,0.5384615384615384,0.7142857142857143,0.0,0.22990409824354896,0.3
2022,2,UConn Huskies,0.04842673015335332,0.26685924261388644,0.41304347826086957,0.5070422535211268,4.369565217391305,6.507042253521127,1.2727272727272727,2.25,,0.5714285714285714,-0.11923944453398387,0.25
2022,2,UL Monroe Warhawks,0.21431934971075792,-0.2741950953763629,0.5384615384615384,0.3492063492063492,6.430769230769231,4.253968253968254,1.75,0.0,0.8,,0.14346544535792605,0.5333333333333333
2022,2,UNLV Rebels,-0.08965355367399752,0.012086116144774665,0.390625,0.4225352112676056,5.078125,5.732394366197183,1.1666666666666667,1.8181818181818181,0.5,0.4,0.2017028924698631,0.08333333333333333
2022,2,USC Trojans,0.37107748493191695,0.057714882167056204,0.5483870967741935,0.5,8.258064516129032,6.125,3.4166666666666665,2.5454545454545454,0.5,0.6666666666666666,0.4697469564292718,0.375
2022,2,UTEP Miners,0.05964771014722911,-0.05598373866792935,0.43636363636363634,0.3283582089552239,4.763636363636364,4.552238805970149,2.5,1.3571428571428572,0.3333333333333333,0.5,0.07183841761292481,0.3076923076923077
2022,2,UTSA Roadrunners,-0.05513190141036397,0.11999442285070053,0.40476190476190477,0.41025641025641024,5.916666666666667,5.923076923076923,3.8461538461538463,4.166666666666667,0.8333333333333334,0.6,-0.30897027322879206,0.5294117647058824
2022,2,Utah State Aggies,-0.3630002781346038,-0.02772543579339981,0.33783783783783783,0.36486486486486486,3.824324324324324,5.3108108108108105,0.4666666666666667,1.9285714285714286,0.0,0.6,-0.1045342591675845,0.13333333333333333
2022,2,Utah Utes,0.17482223971323532,-0.5157555856487968,0.5454545454545454,0.15151515151515152,9.477272727272727,1.4545454545454546,3.1818181818181817,0.0,0.0,,0.20965570211410522,0.4
2022,2,Vanderbilt Commodores,-0.1520491073192176,0.14504454397793973,0.3728813559322034,0.48484848484848486,6.220338983050848,6.848484848484849,1.1333333333333333,2.7142857142857144,0.75,0.6,0.03478520148330265,0.07692307692307693
2022,2,Virginia Cavaliers,-0.39905466068358647,-0.16121474313823617,0.23809523809523808,0.35294117647058826,4.825396825396825,5.867647058823529,0.2,2.375,0.0,0.25,-0.1799705707749655,0.0625
2022,2,Virginia Tech Hokies,-0.25611321523524166,-0.4613851791336423,0.24561403508771928,0.14285714285714285,3.491228070175439,2.0238095238095237,3.4,2.0714285714285716,0.6666666666666666,0.5,-0.277971685625786,0.25
2022,2,Wagner Seahawks,-0.4480161791498011,0.3884742703627456,0.2545454545454545,0.6753246753246753,2.6,7.571428571428571,0.5,3.4615384615384617,1.0,0.8,-0.40287018606537267,0.2857142857142857
2022,2,Wake Forest Demon Deacons,0.14504454397793973,-0.1520491073192176,0.48484848484848486,0.3728813559322034,6.848484848484849,6.220338983050848,2.7142857142857144,1.1333333333333333,0.6,0.75,0.22978253547961897,0.25
2022,2,Washington Huskies,0.4897625679022645,-0.3197323406229214,0.6301369863013698,0.32653061224489793,8.534246575342467,3.4081632653061225,4.7272727272727275,0.5454545454545454,0.8571428571428571,0.0,0.4325875981200126,0.5
2022,2,Weber State Wildcats,-0.02772543579339981,-0.3630002781346038,0.36486486486486486,0.33783783783783783,5.3108108108108105,3.824324324324324,1.9285714285714286,0.4666666666666667,0.6,0.0,-0.10623480793502596,0.45
2022,2,West Virginia Mountaineers,-0.18462215071614785,0.32595328975524474,0.379746835443038,0.4626865671641791,6.89873417721519,6.567164179104478,2.3636363636363638,13.0,0.5,0.8333333333333334,-0.19017515942210056,0.5
2022,2,Western Carolina Catamounts,-0.16393982062611398,0.19428875198904075,0.5063291139240507,0.4528301886792453,5.0,6.754716981132075,1.3076923076923077,2.9166666666666665,0.0,0.75,0.006469007522340805,0.4
2022,2,Western Illinois Leathernecks,-0.20535676988462606,0.3788883980061557,0.2916666666666667,0.5945945945945946,4.5,9.04054054054054,0.7692307692307693,4.428571428571429,,0.7142857142857143,-0.002299648949078151,0.09090909090909091
2022,2,Western Michigan Broncos,0.06289180622381323,0.025643258009638105,0.4470588235294118,0.4,4.91764705882353,6.942857142857143,3.923076923076923,2.142857142857143,0.8,0.6666666666666666,0.009265876104754786,0.29411764705882354
2022,2,Wyoming Cowboys,-0.11750596600609857,-0.4158942167575543,0.4594594594594595,0.24615384615384617,3.4054054054054053,2.5846153846153848,2.2,0.7142857142857143,0.5,0.5,0.0190900519209088,0.4444444444444444
2022,3,Air Force Falcons,0.09769315534719715,0.07937106237573138,0.42592592592592593,0.5084745762711864,5.074074074074074,5.864406779661017,1.5555555555555556,1.8888888888888888,1.0,0.6666666666666666,0.02035685705068784,0.35714285714285715
2022,3,Akron Zips,-0.22410122315952744,0.5781325680868966,0.4492753623188406,0.6142857142857143,4.782608695652174,9.685714285714285,0.35294117647058826,4.846153846153846,0.0,1.0,-0.017029651839818274,0.07692307692307693
2022,3,Alabama Crimson Tide,0.2969365872834858,-0.3011283405006878,0.6140350877192983,0.3333333333333333,8.526315789473685,3.3333333333333335,3.5,0.4666666666666667,0.8,1.0,0.41064611259771855,0.14285714285714285
2022,3,Appalachian State Mountaineers,0.31620088980552996,0.19550624623727264,0.4787234042553192,0.4044943820224719,7.01063829787234,5.50561797752809,2.7777777777777777,3.888888888888889,0.6,0.8,0.05786408328298313,0.4782608695652174
2022,3,Arizona Wildcats,0.22512789116455958,0.17484469814547177,0.5384615384615384,0.5862068965517241,6.6461538461538465,6.879310344827586,3.1,3.111111111111111,0.75,0.6666666666666666,0.2180840919415156,0.5
2022,3,Arkansas Razorbacks,0.13352862203663046,0.04775395331444678,0.48484848484848486,0.38961038961038963,9.227272727272727,5.545454545454546,1.9375,1.2857142857142858,0.3333333333333333,0.2,0.28340880629026666,0.45454545454545453
2022,3,Arkansas State Red Wolves,0.14329288483542554,0.3306259984100187,0.47058823529411764,0.5540540540540541,5.779411764705882,7.4324324324324325,2.2857142857142856,4.0,0.6666666666666666,1.0,0.06850404263688968,0.35714285714285715
2022,3,Arkansas-Pine Bluff Golden Lions,-0.2269353831393851,0.25859494919960313,0.3472222222222222,0.4461538461538462,3.3333333333333335,8.6,0.4375,3.5,0.5,1.0,-0.11664223584991235,0.21052631578947367
2022,3,Army Black Knights,0.5199192610653964,-0.08005557183110923,0.5454545454545454,0.43859649122807015,8.545454545454545,4.333333333333333,4.666666666666667,0.9090909090909091,1.0,1.0,0.47304737709817435,0.3
2022,3,Auburn Tigers,-0.22717375602377088,0.27137612417095996,0.3815789473684211,0.5081967213114754,5.618421052631579,7.885245901639344,1.0,3.1666666666666665,0.0,0.8,-0.09756652644851752,0.3125
2022,3,BYU Cougars,0.09477896552819472,0.23613222349773755,0.46153846153846156,0.5454545454545454,5.630769230769231,7.045454545454546,1.8181818181818181,4.1,0.6666666666666666,0.7142857142857143,0.1703295040389766,0.5333333333333333
2022,3,Ball State Cardinals,0.00723162361166694,-0.6860616811766074,0.42045454545454547,0.21153846153846154,5.386363636363637,3.230769230769231,2.2142857142857144,0.0,0.6666666666666666,0.0,0.05871697822037865,0.5294117647058824
2022,3,Baylor Bears,0.20620124181732535,-0.23931859178202494,0.484375,0.37142857142857144,7.90625,4.142857142857143,3.5,0.5384615384615384,1.0,0.5,0.017919260020158728,0.2727272727272727
2022,3,Boise State Broncos,-0.00012403684602656836,-0.1831808802874192,0.49295774647887325,0.30434782608695654,5.140845070422535,3.652173913043478,2.5,0.5833333333333334,0.6,,-0.10799680926181653,0.4375
2022,3,Boston College Eagles,0.038123308795772186,-0.09568431850982038,0.4520547945205479,0.4246575342465753,5.8493150684931505,5.0,2.923076923076923,1.0625,0.6,0.6666666666666666,0.11861947229353048,0.42857142857142855
2022,3,Bucknell Bison,-0.37637001904658973,0.29627351327375934,0.375,0.5064935064935064,4.15625,7.12987012987013,0.0,3.4166666666666665,0.0,1.0,-0.20415244023410642,0.2
2022,3,Buffalo Bulls,-0.2439377607534761,0.2542083501815796,0.391304347826087,0.56,4.391304347826087,10.34,1.8571428571428572,2.2142857142857144,0.4,0.6666666666666666,-0.36799730138102577,0.4
2022,3,California Golden Bears,-0.11023321036082595,-0.10516275487728972,0.31343283582089554,0.44776119402985076,4.388059701492537,4.611940298507463,1.4166666666666667,2.0,0.6666666666666666,1.0,-0.10343146384978781,0.2
2022,3,Campbell Fighting Camels,-0.028803863873084385,0.3473478203470057,0.4305555555555556,0.5,5.583333333333333,8.575757575757576,0.9090909090909091,4.083333333333333,0.0,1.0,0.1718179184310841,0.3125
2022,3,Central Michigan Chippewas,0.29627351327375934,-0.37637001904658973,0.5064935064935064,0.375,7.12987012987013,4.15625,3.4166666666666665,0.0,1.0,0.0,0.1910404755223182,0.46153846153846156
2022,3,Charlotte 49ers,0.1085372708133749,0.24250384964300006,0.527027027027027,0.4943820224719101,7.324324324324325,7.786516853932584,2.9166666666666665,2.4285714285714284,0.8,1.0,0.38722978583697615,0.25
2022,3,Clemson Tigers,0.2783475260476808,-0.1405552664073184,0.5405405405405406,0.28125,7.04054054054054,5.546875,3.4285714285714284,1.3333333333333333,0.6666666666666666,0.4,0.2835953739182702,0.4
2022,3,Coastal Carolina Chanticleers,0.2542083501815796,-0.2439377607534761,0.56,0.391304347826087,10.34,4.391304347826087,2.2142857142857144,1.8571428571428572,0.6666666666666666,0.4,-0.14819291092100598,0.3333333333333333
2022,3,Colorado Buffaloes,0.07829886577168449,0.3670980298989697,0.39344262295081966,0.5789473684210527,3.9672131147540983,7.25,0.6363636363636364,4.2,1.0,0.8333333333333334,0.12704209879387257,0.07692307692307693
2022,3,Colorado State Rams,-0.15507615831765262,0.07183079950271114,0.3484848484848485,0.43548387096774194,3.712121212121212,7.467741935483871,0.5384615384615384,2.8181818181818183,0.5,0.8333333333333334,-0.0010976425061623256,0.15384615384615385
2022,3,Duquesne Dukes,-0.18599553167084118,-0.0804165102865385,0.43209876543209874,0.4782608695652174,5.283950617283951,4.304347826086956,1.2727272727272727,1.7,0.0,0.5,-0.09417143322172619,0.4117647058823529
2022,3,East Carolina Pirates,0.3473478203470057,-0.028803863873084385,0.5,0.4305555555555556,8.575757575757576,5.583333333333333,4.083333333333333,0.9090909090909091,1.0,0.0,0.11699293173995673,0.3333333333333333
2022,3,Florida Atlantic Owls,-0.09949294875065486,-0.05902554679508369,0.3,0.3917525773195876,5.183333333333334,7.690721649484536,0.08333333333333333,2.1538461538461537,0.5,0.625,-0.08598527153755756,0.38461538461538464
2022,3,Florida Gators,0.09164071907388403,0.09874054728305504,0.48936170212765956,0.4931506849315068,7.297872340425532,6.561643835616438,2.1818181818181817,2.8,0.5,0.6,0.19782187417149544,0.42857142857142855
2022,3,Florida State Seminoles,0.25508725501242135,0.09365748365720113,0.42857142857142855,0.5128205128205128,7.587301587301587,6.615384615384615,2.3333333333333335,2.2142857142857144,0.5714285714285714,0.6666666666666666,0.3201223204330522,0.35714285714285715
2022,3,Fresno State Bulldogs,0.1667880218836569,0.34072106420284226,0.4838709677419355,0.5714285714285714,6.790322580645161,6.988095238095238,1.5454545454545454,3.8,0.0,0.8333333333333334,0.3945406404685001,0.3
2022,3,Georgia Bulldogs,0.3973866928191412,-0.2919898947727853,0.6825396825396826,0.34782608695652173,8.746031746031745,5.7101449275362315,4.363636363636363,0.6363636363636364,0.8,0.5,0.43655021764613966,0.4444444444444444
2022,3,Georgia Southern Eagles,-0.013028795083800514,0.17247296692961353,0.43956043956043955,0.4576271186440678,5.21978021978022,7.016949152542373,2.3333333333333335,2.6923076923076925,0.6666666666666666,0.6,-0.18904387838009631,0.5217391304347826
2022,3,Georgia State Panthers,0.24250384964300006,0.1085372708133749,0.4943820224719101,0.527027027027027,7.786516853932584,7.324324324324325,2.4285714285714284,2.9166666666666665,1.0,0.8,0.08219704280296962,0.6666666666666666
2022,3,Georgia Tech Yellow Jackets,-0.3602277112796026,0.25414380710572004,0.29411764705882354,0.5125,3.1470588235294117,6.6125,0.0,3.5,0.0,1.0,-0.30998067816962366,0.3888888888888889
2022,3,Hawai'i Rainbow Warriors,-0.0804165102865385,-0.18599553167084118,0.4782608695652174,0.43209876543209874,4.304347826086956,5.283950617283951,1.7,1.2727272727272727,0.5,0.0,-0.11963917783328465,0.4
2022,3,Houston Cougars,0.16428049291883196,0.30108692085565025,0.4857142857142857,0.4925373134328358,5.685714285714286,6.567164179104478,2.727272727272727,4.363636363636363,0.6666666666666666,0.7142857142857143,0.2512455365874551,0.42857142857142855
2022,3,Indiana Hoosiers,0.13138796779371442,0.09037093512522869,0.4642857142857143,0.46153846153846156,5.9523809523809526,7.884615384615385,1.6666666666666667,2.142857142857143,0.42857142857142855,0.2,0.02218930950531593,0.3125
2022,3,Iowa Hawkeyes,-0.060288694500923154,-0.32829689574630366,0.31666666666666665,0.30434782608695654,5.733333333333333,2.347826086956522,2.25,0.0,0.0,,-0.09922184500583382,0.35294117647058826
2022,3,Iowa State Cyclones,0.10029811551282694,-0.1619358019552369,0.46153846153846156,0.43478260869565216,5.725274725274725,3.3043478260869565,1.375,0.15789473684210525,0.5555555555555556,0.0,0.029442943737540448,0.2777777777777778
2022,3,Jacksonville State Gamecocks,-0.04524516792439703,0.3648514629978883,0.417910447761194,0.5394736842105263,4.731343283582089,8.407894736842104,1.3076923076923077,4.142857142857143,1.0,0.8333333333333334,0.018275409936904907,0.2857142857142857
2022,3,Kansas Jayhawks,0.30108692085565025,0.16428049291883196,0.4925373134328358,0.4857142857142857,6.567164179104478,5.685714285714286,4.363636363636363,2.727272727272727,0.7142857142857143,0.6666666666666666,0.1766865776394898,0.38461538461538464
2022,3,Kansas State Wildcats,-0.1476316060105415,-0.19324005814269185,0.4383561643835616,0.328125,5.041095890410959,5.046875,0.7692307692307693,1.3076923076923077,0.0,0.6666666666666666,0.06238817606332167,0.13333333333333333
2022,3,Kent State Golden Flashes,0.35973949243242925,-0.08692856272682548,0.6,0.28125,8.461538461538462,5.03125,2.727272727272727,2.4545454545454546,1.0,0.0,0.2869382486518087,0.5714285714285714
2022,3,Kentucky Wildcats,-0.012209247383806441,-0.5264635587280447,0.5138888888888888,0.25,6.847222222222222,4.931818181818182,2.2142857142857144,0.0,0.6666666666666666,0.0,0.05898807942867279,0.4166666666666667
2022,3,LSU Tigers,0.04449310683106121,-0.32653217017650604,0.4342105263157895,0.3484848484848485,5.684210526315789,4.651515151515151,1.6,1.2307692307692308,0.75,1.0,0.022950753826519538,0.3125
2022,3,Liberty Flames,-0.1230377217373216,-0.06833404661661172,0.42168674698795183,0.3373493975903614,5.746987951807229,5.27710843373494,1.8666666666666667,2.466666666666667,0.5,0.5714285714285714,-0.03936616748066272,0.2222222222222222
2022,3,Long Island University Sharks,-0.08692856272682548,0.35973949243242925,0.28125,0.6,5.03125,8.461538461538462,2.4545454545454546,2.727272727272727,0.0,1.0,-0.16818315438602283,0.375
2022,3,Louisiana Ragin' Cajuns,-0.40586200216785073,-0.5674062308143167,0.2916666666666667,0.32941176470588235,4.520833333333333,4.576470588235294,0.7272727272727273,2.1538461538461537,0.5,0.6666666666666666,-0.41952624081662204,0.3076923076923077
2022,3,Louisiana Tech Bulldogs,-0.1405552664073184,0.2783475260476808,0.28125,0.5405405405405406,5.546875,7.04054054054054,1.3333333333333333,3.4285714285714284,0.4,0.6666666666666666,-0.0730258625311156,0.3333333333333333
2022,3,Louisville Cardinals,0.09365748365720113,0.25508725501242135,0.5128205128205128,0.42857142857142855,6.615384615384615,7.587301587301587,2.2142857142857144,2.3333333333333335,0.6666666666666666,0.5714285714285714,0.20447099881787453,0.2857142857142857
2022,3,Maine Black Bears,-0.09568431850982038,0.038123308795772186,0.4246575342465753,0.4520547945205479,5.0,5.8493150684931505,1.0625,2.923076923076923,0.6666666666666666,0.6,-0.1335022043098103,0.375
2022,3,Maryland Terrapins,0.2296236649155617,-0.1740411400956952,0.55,0.3695652173913043,7.183333333333334,4.9021739130434785,2.6153846153846154,1.4285714285714286,0.6,0.16666666666666666,0.28611128420933435,0.3076923076923077
2022,3,Massachusetts Minutemen,-0.0668460298930445,-0.30109944556440627,0.43548387096774194,0.34285714285714286,4.645161290322581,6.371428571428571,0.5454545454545454,0.2727272727272727,0.5,0.0,-0.0976571226897447,0.2857142857142857
2022,3,Memphis Tigers,0.3306259984100187,0.14329288483542554,0.5540540540540541,0.47058823529411764,7.4324324324324325,5.779411764705882,4.0,2.2857142857142856,1.0,0.6666666666666666,0.34516255823629244,0.23076923076923078
2022,3,Miami Hurricanes,0.0551840757781809,-0.03681893474780596,0.4025974025974026,0.38461538461538464,5.285714285714286,5.346153846153846,1.0,1.5454545454545454,0.0,0.5,0.05532321550192371,0.35714285714285715
2022,3,Michigan State Spartans,0.17618000039032528,0.17478051742440776,0.42857142857142855,0.42105263157894735,5.257142857142857,6.7631578947368425,1.1666666666666667,2.5,1.0,0.5714285714285714,-0.00419510838886102,0.375
2022,3,Michigan Wolverines,0.37184878307230335,-0.4607355369711822,0.5882352941176471,0.22641509433962265,6.867647058823529,2.0754716981132075,4.0,0.0,0.875,,0.31435826908458364,0.46153846153846156
2022,3,Middle Tennessee Blue Raiders,0.25802094722861674,-0.3376328833401203,0.5522388059701493,0.32142857142857145,6.597014925373134,3.732142857142857,3.8181818181818183,0.5,0.8333333333333334,0.0,0.10362950298521253,0.45454545454545453
2022,3,Minnesota Golden Gophers,0.3670980298989697,0.07829886577168449,0.5789473684210527,0.39344262295081966,7.25,3.9672131147540983,4.2,0.6363636363636364,0.8333333333333334,1.0,0.24708993464219767,0.7142857142857143
2022,3,Mississippi State Bulldogs,-0.32653217017650604,0.04449310683106121,0.3484848484848485,0.4342105263157895,4.651515151515151,5.684210526315789,1.2307692307692308,1.6,1.0,0.75,-0.08257432152395663,0.2
2022,3,Missouri State Bears,0.04775395331444678,0.13352862203663046,0.38961038961038963,0.48484848484848486,5.545454545454546,9.227272727272727,1.2857142857142858,1.9375,0.2,0.3333333333333333,-0.1028632562735985,0.2777777777777778
2022,3,Montana State Bobcats,0.06115694515407086,0.49378834909467556,0.44,0.5671641791044776,5.32,7.432835820895522,2.5454545454545454,5.636363636363637,1.0,0.875,-0.07258465739065095,0.3
2022,3,Murray State Racers,-0.6860616811766074,0.00723162361166694,0.21153846153846154,0.42045454545454547,3.230769230769231,5.386363636363637,0.0,2.2142857142857144,0.0,0.6666666666666666,-0.5257151801553037,0.23076923076923078
2022,3,NC State Wolfpack,-0.14379157920678456,-0.19351768323353358,0.36666666666666664,0.4,4.566666666666666,6.328571428571428,1.5384615384615385,1.0769230769230769,0.5,1.0,-0.20681643208792044,0.375
2022,3,Nebraska Cornhuskers,-0.11850526445620768,0.26788069833727446,0.43243243243243246,0.4588235294117647,5.445945945945946,7.023529411764706,1.0,3.5,0.5,0.75,-0.0086515269109181,0.375
2022,3,Nevada Wolf Pack,-0.32829689574630366,-0.060288694500923154,0.30434782608695654,0.31666666666666665,2.347826086956522,5.733333333333333,0.0,2.25,,0.0,-0.39618699640986765,0.3
2022,3,New Mexico Lobos,-0.21522237620656454,-0.6161404866160769,0.36507936507936506,0.3484848484848485,4.746031746031746,5.242424242424242,1.25,0.1875,0.3333333333333333,1.0,-0.17498780628468127,0.2
2022,3,New Mexico State Aggies,-0.270648128312567,0.3502236371559481,0.37681159420289856,0.5645161290322581,3.63768115942029,9.46774193548387,0.4375,4.4,0.5,0.75,-0.21326106280650733,0.25
2022,3,North Dakota State Bison,0.17484469814547177,0.22512789116455958,0.5862068965517241,0.5384615384615384,6.879310344827586,6.6461538461538465,3.111111111111111,3.1,0.6666666666666666,0.75,0.42992817784877535,0.3333333333333333
2022,3,North Texas Mean Green,0.1250343627255896,0.4593452288707097,0.4927536231884058,0.56,7.115942028985507,7.8133333333333335,2.4166666666666665,4.636363636363637,0.2,1.0,0.1582969047550885,0.2727272727272727
2022,3,Northern Illinois Huskies,0.17054166867021928,0.32616794865522813,0.47368421052631576,0.582089552238806,6.9298245614035086,6.388059701492537,2.8,3.4545454545454546,1.0,0.75,0.09322319640999749,0.25
2022,3,Northwestern State Demons,-0.3130140911732147,0.2697595699991978,0.26865671641791045,0.4225352112676056,3.7313432835820897,8.352112676056338,0.625,3.5625,1.0,0.5,-0.206711212688304,0.21052631578947367
2022,3,Northwestern Wildcats,-0.08736876326222573,0.011978789977729321,0.44086021505376344,0.4,4.301075268817204,4.5625,3.4615384615384617,2.923076923076923,0.75,0.75,-0.12001147068722147,0.35294117647058826
2022,3,Notre Dame Fighting Irish,-0.10516275487728972,-0.11023321036082595,0.44776119402985076,0.31343283582089554,4.611940298507463,4.388059701492537,2.0,1.4166666666666667,1.0,0.6666666666666666,0.03129465933199282,0.23076923076923078
2022,3,Ohio Bobcats,-0.1619358019552369,0.10029811551282694,0.43478260869565216,0.46153846153846156,3.3043478260869565,5.725274725274725,0.15789473684210525,1.375,0.0,0.5555555555555556,0.09804637615497296,0.125
2022,3,Ohio State Buckeyes,0.6471644424093075,0.1577694807201624,0.6538461538461539,0.39285714285714285,10.064102564102564,5.839285714285714,5.923076923076923,1.6153846153846154,1.0,,0.43146162759512663,0.38461538461538464
2022,3,Oklahoma Sooners,0.26788069833727446,-0.11850526445620768,0.4588235294117647,0.43243243243243246,7.023529411764706,5.445945945945946,3.5,1.0,0.75,0.5,0.139443769373677,0.5294117647058824
2022,3,Oklahoma State Cowboys,0.25859494919960313,-0.2269353831393851,0.4461538461538462,0.3472222222222222,8.6,3.3333333333333335,3.5,0.4375,1.0,0.5,0.12298300243773551,0.2727272727272727
2022,3,Old Dominion Monarchs,-0.07308236947830986,-0.0023035075067094077,0.39705882352941174,0.48148148148148145,5.117647058823529,6.444444444444445,1.2727272727272727,1.2307692307692308,1.0,0.14285714285714285,-0.03255611365916682,0.2
2022,3,Ole Miss Rebels,0.25414380710572004,-0.3602277112796026,0.5125,0.29411764705882354,6.6125,3.1470588235294117,3.5,0.0,1.0,0.0,0.14067675293453277,0.4
2022,3,Oregon Ducks,0.23613222349773755,0.09477896552819472,0.5454545454545454,0.46153846153846156,7.045454545454546,5.630769230769231,4.1,1.8181818181818181,0.7142857142857143,0.6666666666666666,0.232769462407804,0.16666666666666666
2022,3,Oregon State Beavers,0.49378834909467556,0.06115694515407086,0.5671641791044776,0.44,7.432835820895522,5.32,5.636363636363637,2.5454545454545454,0.875,1.0,0.28319922728197916,0.8
2022,3,Penn State Nittany Lions,0.27137612417095996,-0.22717375602377088,0.5081967213114754,0.3815789473684211,7.885245901639344,5.618421052631579,3.1666666666666665,1.0,0.8,0.0,0.41965438549717266,0.36363636363636365
2022,3,Pittsburgh Panthers,0.2120839972048998,-0.3838146701455116,0.546875,0.25,6.859375,4.666666666666667,2.7,1.1818181818181819,0.6,0.0,0.2209209225795887,0.4
2022,3,Rice Owls,-0.5674062308143167,-0.40586200216785073,0.32941176470588235,0.2916666666666667,4.576470588235294,4.520833333333333,2.1538461538461537,0.7272727272727273,0.6666666666666666,0.5,-0.6577639549094088,0.5333333333333333
2022,3,Rutgers Scarlet Knights,-0.1013335801404098,-0.17372563342253367,0.3793103448275862,0.37333333333333335,4.241379310344827,5.84,0.5454545454545454,0.5384615384615384,0.0,1.0,-0.21194287728179584,0.3076923076923077
2022,3,SMU Mustangs,-0.1740411400956952,0.2296236649155617,0.3695652173913043,0.55,4.9021739130434785,7.183333333333334,1.4285714285714286,2.6153846153846154,0.16666666666666666,0.6,-0.23974726996991946,0.47368421052631576
2022,3,San Diego State Aztecs,-0.25900243561376224,0.19386355929514942,0.2727272727272727,0.5147058823529411,3.6545454545454548,6.073529411764706,0.5384615384615384,2.9166666666666665,1.0,1.0,-0.21612207905242317,0.2
2022,3,South Alabama Jaguars,0.03376316397950269,-0.014888743015184794,0.5072463768115942,0.4657534246575342,5.7101449275362315,5.821917808219178,2.4,2.5,0.8,0.5,-0.10694786662405187,0.6923076923076923
2022,3,South Carolina Gamecocks,-0.2919898947727853,0.3973866928191412,0.34782608695652173,0.6825396825396826,5.7101449275362315,8.746031746031745,0.6363636363636364,4.363636363636363,0.5,0.8,-0.29367082595240834,0.21428571428571427
2022,3,South Florida Bulls,0.09874054728305504,0.09164071907388403,0.4931506849315068,0.48936170212765956,6.561643835616438,7.297872340425532,2.8,2.1818181818181817,0.6,0.5,-0.1173111272177526,0.5333333333333333
2022,3,Southern Illinois Salukis,0.011978789977729321,-0.08736876326222573,0.4,0.44086021505376344,4.5625,4.301075268817204,2.923076923076923,3.4615384615384617,0.75,0.75,-0.11812495200310723,0.3888888888888889
2022,3,Southern Miss Golden Eagles,0.2697595699991978,-0.3130140911732147,0.4225352112676056,0.26865671641791045,8.352112676056338,3.7313432835820897,3.5625,0.625,0.5,1.0,0.2615142599591669,0.3333333333333333
2022,3,Stony Brook Seawolves,-0.30109944556440627,-0.0668460298930445,0.34285714285714286,0.43548387096774194,6.371428571428571,4.645161290322581,0.2727272727272727,0.5454545454545454,0.0,0.5,-0.04139947833923193,0.13333333333333333
2022,3,Temple Owls,-0.17372563342253367,-0.1013335801404098,0.37333333333333335,0.3793103448275862,5.84,4.241379310344827,0.5384615384615384,0.5454545454545454,1.0,0.0,-0.10605648831993926,0.23529411764705882
2022,3,Tennessee State Tigers,-0.3376328833401203,0.25802094722861674,0.32142857142857145,0.5522388059701493,3.732142857142857,6.597014925373134,0.5,3.8181818181818183,0.0,0.8333333333333334,-0.3148870894854719,0.36363636363636365
2022,3,Tennessee Volunteers,0.5781325680868966,-0.22410122315952744,0.6142857142857143,0.4492753623188406,9.685714285714285,4.782608695652174,4.846153846153846,0.35294117647058826,1.0,0.0,0.48996161964704404,0.3076923076923077
2022,3,Texas A&M Aggies,-0.03681893474780596,0.0551840757781809,0.38461538461538464,0.4025974025974026,5.346153846153846,5.285714285714286,1.5454545454545454,1.0,0.5,0.0,0.06428182050585747,0.3333333333333333
2022,3,Texas State Bobcats,-0.23931859178202494,0.20620124181732535,0.37142857142857144,0.484375,4.142857142857143,7.90625,0.5384615384615384,3.5,0.5,1.0,-0.1559608057141304,0.2857142857142857
2022,3,Texas Tech Red Raiders,-0.19351768323353358,-0.14379157920678456,0.4,0.36666666666666664,6.328571428571428,4.566666666666666,1.0769230769230769,1.5384615384615385,1.0,0.5,0.02394380434504095,0.16666666666666666
2022,3,Toledo Rockets,0.1577694807201624,0.6471644424093075,0.39285714285714285,0.6538461538461539,5.839285714285714,10.064102564102564,1.6153846153846154,5.923076923076923,,1.0,0.020702390772540394,0.15384615384615385
2022,3,Towson Tigers,-0.27438714799650926,0.44909231171888464,0.2982456140350877,0.5529411764705883,3.0701754385964914,7.764705882352941,0.5833333333333334,4.5,0.0,0.8888888888888888,-0.4107500781884065,0.1875
2022,3,Troy Trojans,0.19550624623727264,0.31620088980552996,0.4044943820224719,0.4787234042553192,5.50561797752809,7.01063829787234,3.888888888888889,2.7777777777777777,0.8,0.6,0.007983779182305207,0.42857142857142855
2022,3,Tulane Green Wave,-0.19324005814269185,-0.1476316060105415,0.328125,0.4383561643835616,5.046875,5.041095890410959,1.3076923076923077,0.7692307692307693,0.6666666666666666,0.0,-0.03373913729892058,0.08333333333333333
2022,3,Tulsa Golden Hurricane,0.3648514629978883,-0.04524516792439703,0.5394736842105263,0.417910447761194,8.407894736842104,4.731343283582089,4.142857142857143,1.3076923076923077,0.8333333333333334,1.0,0.29811141320637297,0.46153846153846156
2022,3,UAB Blazers,0.17247296692961353,-0.013028795083800514,0.4576271186440678,0.43956043956043955,7.016949152542373,5.21978021978022,2.6923076923076925,2.3333333333333335,0.6,0.6666666666666666,0.21655600502135905,0.4
2022,3,UCF Knights,-0.05902554679508369,-0.09949294875065486,0.3917525773195876,0.3,7.690721649484536,5.183333333333334,2.1538461538461537,0.08333333333333333,0.625,0.5,-0.28781632707748367,0.6842105263157895
2022,3,UCLA Bruins,-0.014888743015184794,0.03376316397950269,0.4657534246575342,0.5072463768115942,5.821917808219178,5.7101449275362315,2.5,2.4,0.5,0.8,-0.22518286474964075,0.5333333333333333
2022,3,UConn Huskies,-0.4607355369711822,0.37184878307230335,0.22641509433962265,0.5882352941176471,2.0754716981132075,6.867647058823529,0.0,4.0,,0.875,-0.3489865427081649,0.14285714285714285
2022,3,UL Monroe Warhawks,-0.3011283405006878,0.2969365872834858,0.3333333333333333,0.6140350877192983,3.3333333333333335,8.526315789473685,0.4666666666666667,3.5,1.0,0.8,-0.3000877102755982,0.29411764705882354
2022,3,UNLV Rebels,0.4593452288707097,0.1250343627255896,0.56,0.4927536231884058,7.8133333333333335,7.115942028985507,4.636363636363637,2.4166666666666665,1.0,0.2,0.2576421830674698,0.4666666666666667
2022,3,USC Trojans,0.34072106420284226,0.1667880218836569,0.5714285714285714,0.4838709677419355,6.988095238095238,6.790322580645161,3.8,1.5454545454545454,0.8333333333333334,0.0,0.17919119858919685,0.5714285714285714
2022,3,UT Martin Skyhawks,-0.1831808802874192,-0.00012403684602656836,0.30434782608695654,0.49295774647887325,3.652173913043478,5.140845070422535,0.5833333333333334,2.5,,0.6,-0.21343394237406113,0.09090909090909091
2022,3,UTEP Miners,-0.6161404866160769,-0.21522237620656454,0.3484848484848485,0.36507936507936506,5.242424242424242,4.746031746031746,0.1875,1.25,1.0,0.3333333333333333,-0.6164606845378876,0.18181818181818182
2022,3,Utah Utes,0.19386355929514942,-0.25900243561376224,0.5147058823529411,0.2727272727272727,6.073529411764706,3.6545454545454548,2.9166666666666665,0.5384615384615384,1.0,1.0,0.09935002602063693,0.4666666666666667
2022,3,Vanderbilt Commodores,0.32616794865522813,0.17054166867021928,0.582089552238806,0.47368421052631576,6.388059701492537,6.9298245614035086,3.4545454545454546,2.8,0.75,1.0,0.22628475287381342,0.5
2022,3,Villanova Wildcats,-0.08005557183110923,0.5199192610653964,0.43859649122807015,0.5454545454545454,4.333333333333333,8.545454545454545,0.9090909090909091,4.666666666666667,1.0,1.0,-0.08066298613945642,0.1111111111111111
2022,3,Virginia Cavaliers,-0.0023035075067094077,-0.07308236947830986,0.48148148148148145,0.39705882352941174,6.444444444444445,5.117647058823529,1.2307692307692308,1.2727272727272727,0.14285714285714285,1.0,-0.06087410811596783,0.375
2022,3,Virginia Tech Hokies,0.10846250237506112,-0.07306142383151584,0.4691358024691358,0.3111111111111111,5.7407407407407405,5.288888888888889,5.3,0.6363636363636364,1.0,1.0,0.13019228997555646,0.5
2022,3,Wake Forest Demon Deacons,-0.06833404661661172,-0.1230377217373216,0.3373493975903614,0.42168674698795183,5.27710843373494,5.746987951807229,2.466666666666667,1.8666666666666667,0.5714285714285714,0.5,-0.11952725297114888,0.25
2022,3,Washington Huskies,0.17478051742440776,0.17618000039032528,0.42105263157894735,0.42857142857142855,6.7631578947368425,5.257142857142857,2.5,1.1666666666666667,0.5714285714285714,1.0,0.25804747907178743,0.3333333333333333
2022,3,Washington State Cougars,0.07183079950271114,-0.15507615831765262,0.43548387096774194,0.3484848484848485,7.467741935483871,3.712121212121212,2.8181818181818183,0.5384615384615384,0.8333333333333334,0.5,0.21743617773056031,0.36363636363636365
2022,3,West Virginia Mountaineers,0.44909231171888464,-0.27438714799650926,0.5529411764705883,0.2982456140350877,7.764705882352941,3.0701754385964914,4.5,0.5833333333333334,0.8888888888888888,0.0,0.30480268131941557,0.5
2022,3,Western Kentucky Hilltoppers,0.09037093512522869,0.13138796779371442,0.46153846153846156,0.4642857142857143,7.884615384615385,5.9523809523809526,2.142857142857143,1.6666666666666667,0.2,0.42857142857142855,0.20778356352820992,0.38461538461538464
2022,3,Western Michigan Broncos,-0.3838146701455116,0.2120839972048998,0.25,0.546875,4.666666666666667,6.859375,1.1818181818181819,2.7,0.0,0.6,-0.34748519625928664,0.18181818181818182
2022,3,Wisconsin Badgers,0.3502236371559481,-0.270648128312567,0.5645161290322581,0.37681159420289856,9.46774193548387,3.63768115942029,4.4,0.4375,0.75,0.5,0.4132987428456545,0.16666666666666666
2022,3,Wofford Terriers,-0.07306142383151584,0.10846250237506112,0.3111111111111111,0.4691358024691358,5.288888888888889,5.7407407407407405,0.6363636363636364,5.3,1.0,1.0,-0.07438420908791678,0.3
2022,3,Wyoming Cowboys,0.07937106237573138,0.09769315534719715,0.5084745762711864,0.42592592592592593,5.864406779661017,5.074074074074074,1.8888888888888888,1.5555555555555556,0.6666666666666666,1.0,0.0010841558588312028,0.5
2022,3,Youngstown State Penguins,-0.5264635587280447,-0.012209247383806441,0.25,0.5138888888888888,4.931818181818182,6.847222222222222,0.0,2.2142857142857144,0.0,0.6666666666666666,-0.2692866524060567,0.0
2022,4,Air Force Falcons,0.4149044358577484,0.2739857827892175,0.5897435897435898,0.4864864864864865,7.205128205128205,7.351351351351352,4.1,2.2222222222222223,0.75,1.0,0.2793236240744591,0.6666666666666666
2022,4,Akron Zips,-0.21762580228479286,-0.020129740238189697,0.3684210526315789,0.375,3.8552631578947367,4.84375,0.9230769230769231,1.5,0.25,0.6666666666666666,-0.18428326398134232,0.23529411764705882
2022,4,Alabama Crimson Tide,0.46106154191029536,-0.437838760132973,0.5714285714285714,0.2692307692307692,8.233766233766234,2.480769230769231,4.583333333333333,0.23076923076923078,0.8,,0.4420555839462886,0.5833333333333334
2022,4,Appalachian State Mountaineers,-0.061636637776128704,0.06155753518853869,0.3709677419354839,0.4857142857142857,4.806451612903226,5.857142857142857,1.8666666666666667,2.1333333333333333,1.0,0.4,-0.03099301519493262,0.3333333333333333
2022,4,Arizona State Sun Devils,-0.27220291857208523,0.16393133796550133,0.35714285714285715,0.4864864864864865,4.232142857142857,6.486486486486487,1.0833333333333333,2.8333333333333335,0.3333333333333333,0.5,-0.35267914589061294,0.2727272727272727
2022,4,Arizona Wildcats,0.23016464248509474,0.5223907429438371,0.49295774647887325,0.5846153846153846,7.887323943661972,9.415384615384616,2.5833333333333335,3.5,0.6,1.0,0.31047118951876956,0.3
2022,4,Arkansas Razorbacks,-0.011594742128293808,0.13747244824965796,0.5068493150684932,0.46296296296296297,6.808219178082192,5.925925925925926,1.9090909090909092,1.5454545454545454,0.3333333333333333,0.6666666666666666,-0.17233275089945113,0.3333333333333333
2022,4,Arkansas State Red Wolves,0.040300192683935164,-0.0025836999217669168,0.4625,0.3684210526315789,5.325,5.684210526315789,1.0,1.6923076923076923,1.0,1.0,0.06411703555814681,0.2
2022,4,Auburn Tigers,-0.16978857485633908,-0.13616979784435695,0.3484848484848485,0.4444444444444444,3.515151515151515,4.920634920634921,1.3076923076923077,1.0769230769230769,1.0,0.5,-0.15374055796343347,0.1875
2022,4,BYU Cougars,0.3836222830272856,-0.06360290515220772,0.49206349206349204,0.4576271186440678,8.65079365079365,5.1525423728813555,2.066666666666667,2.0,0.8,0.75,0.2730112623195259,0.46153846153846156
2022,4,Ball State Cardinals,0.13430026259559852,0.19939354265278036,0.41025641025641024,0.42857142857142855,5.897435897435898,6.181818181818182,2.090909090909091,2.8333333333333335,0.4,0.75,-0.007558267803922776,0.3333333333333333
2022,4,Baylor Bears,0.22966443321131397,0.11635532715017834,0.5303030303030303,0.47619047619047616,6.257575757575758,5.555555555555555,2.8181818181818183,2.1,0.75,0.5,0.28496599797159433,0.38461538461538464
2022,4,Boise State Broncos,-0.05703193897550756,0.01928172494048503,0.34545454545454546,0.417910447761194,3.3454545454545452,4.582089552238806,0.8333333333333334,3.0,0.5,0.3333333333333333,-0.034835103721845714,0.3333333333333333
2022,4,Boston College Eagles,-0.017096163498030767,0.24229660538526682,0.4126984126984127,0.4,4.142857142857143,8.276923076923078,1.1666666666666667,3.6666666666666665,1.0,0.6,0.07076194608698086,0.35714285714285715
2022,4,Bowling Green Falcons,0.041073887436478225,0.23476516734808683,0.3888888888888889,0.53125,4.074074074074074,7.21875,1.1666666666666667,3.75,1.0,1.0,0.08256550583728524,0.2727272727272727
2022,4,Buffalo Bulls,0.34327149173108545,0.0026675230264663697,0.573170731707317,0.4,6.195121951219512,6.66,3.0714285714285716,1.9375,0.625,0.6,0.3441537462748014,0.38461538461538464
2022,4,California Golden Bears,0.5223907429438371,0.23016464248509474,0.5846153846153846,0.49295774647887325,9.415384615384616,7.887323943661972,3.5,2.5833333333333335,1.0,0.6,0.4997515607963909,0.4444444444444444
2022,4,Central Michigan Chippewas,0.00045032223065694175,0.055662606383713197,0.4266666666666667,0.39436619718309857,5.04,5.732394366197183,1.2727272727272727,2.5384615384615383,0.5,0.8333333333333334,-0.044928004524924535,0.3333333333333333
2022,4,Charlotte 49ers,-0.09520723670721054,0.4180037456028389,0.421875,0.6212121212121212,4.9375,8.803030303030303,1.3333333333333333,4.3076923076923075,1.0,0.625,-0.3861578559875488,0.5
2022,4,Chattanooga Mocs,-0.43057416293483514,0.08096569776535034,0.25,0.4,3.1538461538461537,7.0285714285714285,0.0,2.5833333333333335,0.0,0.6666666666666666,-0.42076082017860916,0.2857142857142857
2022,4,Cincinnati Bearcats,-0.044317599224007645,-0.2712235740002464,0.34782608695652173,0.3333333333333333,5.826086956521739,3.872549019607843,2.235294117647059,1.263157894736842,0.6666666666666666,0.5,-0.02044572357861501,0.13333333333333333
2022,4,Clemson Tigers,0.35262399911880493,0.3226890995660249,0.45348837209302323,0.5294117647058824,6.5,6.573529411764706,3.0714285714285716,3.2142857142857144,0.6666666666666666,0.75,-0.0015413145865163496,0.5416666666666666
2022,4,Coastal Carolina Chanticleers,0.10226581218730972,-0.19493118596488032,0.5301204819277109,0.43103448275862066,7.433734939759036,5.4655172413793105,2.9285714285714284,1.4166666666666667,0.6,0.25,0.058184073690105885,0.5333333333333333
2022,4,Colorado Buffaloes,0.03324221611022949,0.2806573891248859,0.4266666666666667,0.5081967213114754,4.12,8.295081967213115,1.4166666666666667,3.4615384615384617,0.6666666666666666,1.0,-0.15197599596447414,0.23529411764705882
2022,4,Colorado State Rams,-0.14703671283581676,0.1862870748784091,0.35294117647058826,0.5540540540540541,4.96078431372549,5.364864864864865,1.0,4.1,0.0,1.0,0.10074112202439989,0.23076923076923078
2022,4,Duke Blue Devils,0.24632537237235477,0.3920847166690134,0.44285714285714284,0.532258064516129,6.9714285714285715,8.5,2.7,3.1818181818181817,0.5,0.75,0.24391234207611817,0.35714285714285715
2022,4,Eastern Michigan Eagles,0.0026675230264663697,0.34327149173108545,0.4,0.573170731707317,6.66,6.195121951219512,1.9375,3.0714285714285716,0.6,0.625,0.028579877955572947,0.2727272727272727
2022,4,Florida Atlantic Owls,-0.01292381739952195,-0.04545526446834687,0.39436619718309857,0.45161290322580644,5.802816901408451,5.548387096774194,2.1666666666666665,2.1538461538461537,0.6,1.0,0.15838923277678313,0.26666666666666666
2022,4,Florida Gators,0.40471161747800893,0.36029597776276723,0.4827586206896552,0.6,7.172413793103448,8.085714285714285,3.0,3.8,0.6666666666666666,0.8333333333333334,0.20548126869129413,0.4
2022,4,Florida International Panthers,-0.4576759871462701,0.4639449652651666,0.2676056338028169,0.5774647887323944,3.3661971830985915,9.56338028169014,0.0,4.785714285714286,,0.75,-0.5040829104185104,0.11764705882352941
2022,4,Florida State Seminoles,0.24229660538526682,-0.017096163498030767,0.4,0.4126984126984127,8.276923076923078,4.142857142857143,3.6666666666666665,1.1666666666666667,0.6,1.0,0.22040328266573886,0.36363636363636365
2022,4,Georgia Bulldogs,0.3045703894213626,0.10055702106625426,0.5921052631578947,0.49019607843137253,6.842105263157895,5.666666666666667,3.7,2.0,0.5,0.5,0.2671858726009246,0.5833333333333334
2022,4,Georgia Southern Eagles,0.19939354265278036,0.13430026259559852,0.42857142857142855,0.41025641025641024,6.181818181818182,5.897435897435898,2.8333333333333335,2.090909090909091,0.75,0.4,0.07754856562715466,0.5
2022,4,Georgia State Panthers,-0.19493118596488032,0.10226581218730972,0.43103448275862066,0.5301204819277109,5.4655172413793105,7.433734939759036,1.4166666666666667,2.9285714285714284,0.25,0.6,-0.2864463402165307,0.3333333333333333
2022,4,Georgia Tech Yellow Jackets,-0.11328431727394225,-0.0018699082775392394,0.4126984126984127,0.42028985507246375,7.015873015873016,4.811594202898551,0.8333333333333334,2.090909090909091,0.0,0.0,0.07547133146448338,0.3076923076923077
2022,4,Hawai'i Rainbow Warriors,0.17330998591043884,0.30330693083150045,0.4861111111111111,0.5357142857142857,5.916666666666667,7.303571428571429,1.8181818181818181,3.75,0.4,0.8333333333333334,0.08563037856288676,0.26666666666666666
2022,4,Houston Christian Huskies,-0.42442299687752016,0.15650403002897897,0.2962962962962963,0.47435897435897434,2.8518518518518516,6.076923076923077,0.0,2.8333333333333335,,0.6,-0.38252764615492946,0.2857142857142857
2022,4,Houston Cougars,0.21143027564935518,0.006570494482441554,0.49122807017543857,0.49206349206349204,7.43859649122807,6.428571428571429,2.4545454545454546,2.25,0.4,0.5,0.24587331847711044,0.4166666666666667
2022,4,Illinois Fighting Illini,0.08096569776535034,-0.43057416293483514,0.4,0.25,7.0285714285714285,3.1538461538461537,2.5833333333333335,0.0,0.6666666666666666,0.0,0.12369336946955267,0.4
2022,4,Indiana Hoosiers,-0.2712235740002464,-0.044317599224007645,0.3333333333333333,0.34782608695652173,3.872549019607843,5.826086956521739,1.263157894736842,2.235294117647059,0.5,0.6666666666666666,-0.2647263358036677,0.48
2022,4,Iowa Hawkeyes,-0.1230159357742027,-0.24665500631887619,0.42592592592592593,0.3835616438356164,5.018518518518518,5.712328767123288,1.3,0.7692307692307693,0.5,0.25,0.026386360327402752,0.1111111111111111
2022,4,Iowa State Cyclones,0.11635532715017834,0.22966443321131397,0.47619047619047616,0.5303030303030303,5.555555555555555,6.257575757575758,2.1,2.8181818181818183,0.5,0.75,-0.014972424053627512,0.4666666666666667
2022,4,James Madison Dukes,0.06155753518853869,-0.061636637776128704,0.4857142857142857,0.3709677419354839,5.857142857142857,4.806451612903226,2.1333333333333333,1.8666666666666667,0.4,1.0,0.2160662510074102,0.15384615384615385
2022,4,Kansas Jayhawks,0.3920847166690134,0.24632537237235477,0.532258064516129,0.44285714285714284,8.5,6.9714285714285715,3.1818181818181817,2.7,0.75,0.5,0.3102264104783535,0.6
2022,4,Kansas State Wildcats,0.20616877152595992,0.32099809079137565,0.5061728395061729,0.4931506849315068,6.37037037037037,7.589041095890411,2.6153846153846154,2.8333333333333335,0.7142857142857143,0.6666666666666666,0.10495898742524404,0.4117647058823529
2022,4,Kent State Golden Flashes,0.10055702106625426,0.3045703894213626,0.49019607843137253,0.5921052631578947,5.666666666666667,6.842105263157895,2.0,3.7,0.5,0.5,0.2888396244782668,0.2727272727272727
2022,4,Kentucky Wildcats,0.28608880440394086,0.1154003162252701,0.43333333333333335,0.4406779661016949,6.783333333333333,5.5423728813559325,2.8181818181818183,1.7,1.0,0.75,-0.259114547144799,0.4375
2022,4,LSU Tigers,0.3558361915093434,-0.45681940425526013,0.6075949367088608,0.2727272727272727,8.025316455696203,2.6666666666666665,3.8,0.0,0.6,,0.27159067895263433,0.5
2022,4,Liberty Flames,-0.020129740238189697,-0.21762580228479286,0.375,0.3684210526315789,4.84375,3.8552631578947367,1.5,0.9230769230769231,0.6666666666666666,0.25,-0.17029709131159682,0.3125
2022,4,Louisiana Ragin' Cajuns,-0.16089171491846255,0.03081354659337264,0.35443037974683544,0.4307692307692308,4.481012658227848,6.6,1.2142857142857142,1.5,0.3333333333333333,1.0,-0.19792331010103226,0.3333333333333333
2022,4,Louisiana Tech Bulldogs,-0.18202219406763712,0.19190220733483632,0.3333333333333333,0.4166666666666667,5.888888888888889,6.916666666666667,0.0,2.1818181818181817,0.3333333333333333,0.5,-0.31506792988095966,0.18181818181818182
2022,4,Louisville Cardinals,0.09903511677035376,-0.39141719140967385,0.39473684210526316,0.2459016393442623,6.618421052631579,3.1147540983606556,2.9285714285714284,0.23076923076923078,0.4,0.0,-0.013692533692060891,0.15384615384615385
2022,4,Marshall Thundering Herd,-0.3851895719321806,-0.18103260702707552,0.34328358208955223,0.2909090909090909,3.2388059701492535,7.672727272727273,0.5384615384615384,0.6923076923076923,0.5,0.0,-0.4985389367987712,0.4444444444444444
2022,4,Maryland Terrapins,0.12735740370946388,0.2388491800520569,0.5205479452054794,0.515625,5.438356164383562,7.265625,1.5833333333333333,2.8333333333333335,1.0,0.5,0.03887705398457391,0.42857142857142855
2022,4,Massachusetts Minutemen,-0.4207754114144285,-0.12164856026233253,0.30985915492957744,0.3559322033898305,4.690140845070423,6.033898305084746,0.0,1.6153846153846154,0.0,1.0,-0.34017477691173553,0.23529411764705882
2022,4,Memphis Tigers,-0.12502147597926003,-0.10549900586469264,0.45714285714285713,0.43037974683544306,4.942857142857143,6.949367088607595,1.875,1.8888888888888888,0.8,0.6,0.09338547524652983,0.16666666666666666
2022,4,Miami (OH) RedHawks,-0.12065936649839083,-0.08135319632050153,0.43333333333333335,0.4189189189189189,4.516666666666667,4.945945945945946,1.4166666666666667,1.0769230769230769,0.5,1.0,-0.01034145632928068,0.3333333333333333
2022,4,Miami Hurricanes,-0.12771458354558837,0.16576462300097355,0.42696629213483145,0.4262295081967213,4.314606741573034,8.311475409836065,2.066666666666667,2.7142857142857144,0.6,0.5,-0.22624204019385,0.35
2022,4,Michigan State Spartans,-0.10463052852587267,0.3057725457208497,0.4772727272727273,0.5714285714285714,5.318181818181818,7.242857142857143,0.7777777777777778,2.2666666666666666,0.0,0.375,-0.07719515526995939,0.25
2022,4,Michigan Wolverines,0.2388491800520569,0.12735740370946388,0.515625,0.5205479452054794,7.265625,5.438356164383562,2.8333333333333335,1.5833333333333333,0.5,1.0,0.08407710141995374,0.3333333333333333
2022,4,Middle Tennessee Blue Raiders,0.16576462300097355,-0.12771458354558837,0.4262295081967213,0.42696629213483145,8.311475409836065,4.314606741573034,2.7142857142857144,2.066666666666667,0.5,0.6,0.2340959906578064,0.16666666666666666
2022,4,Minnesota Golden Gophers,0.3057725457208497,-0.10463052852587267,0.5714285714285714,0.4772727272727273,7.242857142857143,5.318181818181818,2.2666666666666666,0.7777777777777778,0.375,0.0,0.16711738114726954,0.75
2022,4,Mississippi State Bulldogs,0.23476516734808683,0.041073887436478225,0.53125,0.3888888888888889,7.21875,4.074074074074074,3.75,1.1666666666666667,1.0,1.0,0.18729032313122468,0.2727272727272727
2022,4,Missouri Tigers,-0.13616979784435695,-0.16978857485633908,0.4444444444444444,0.3484848484848485,4.920634920634921,3.515151515151515,1.0769230769230769,1.3076923076923077,0.5,1.0,-0.15622215246667667,0.23076923076923078
2022,4,NC State Wolfpack,0.23776099620721278,-0.3062837222155104,0.5641025641025641,0.3404255319148936,6.589743589743589,3.8297872340425534,3.727272727272727,0.9090909090909091,0.6666666666666666,0.5,0.17340761329978704,0.7692307692307693
2022,4,Nevada Wolf Pack,0.2739857827892175,0.4149044358577484,0.4864864864864865,0.5897435897435898,7.351351351351352,7.205128205128205,2.2222222222222223,4.1,1.0,0.75,0.24912855620014257,0.375
2022,4,New Mexico Lobos,-0.45681940425526013,0.3558361915093434,0.2727272727272727,0.6075949367088608,2.6666666666666665,8.025316455696203,0.0,3.8,,0.6,-0.3090054574220077,0.1
2022,4,New Mexico State Aggies,0.30330693083150045,0.17330998591043884,0.5357142857142857,0.4861111111111111,7.303571428571429,5.916666666666667,3.75,1.8181818181818181,0.8333333333333334,0.4,0.1345299694273207,0.4
2022,4,North Carolina Tar Heels,0.2156471618761619,0.2925598190491458,0.38333333333333336,0.6385542168674698,6.366666666666666,7.096385542168675,2.1666666666666665,3.1666666666666665,1.0,0.8,-0.04059690389443527,0.35714285714285715
2022,4,North Texas Mean Green,-0.10549900586469264,-0.12502147597926003,0.43037974683544306,0.45714285714285713,6.949367088607595,4.942857142857143,1.8888888888888888,1.875,0.6,0.8,0.28331927850376815,0.21428571428571427
2022,4,Northern Illinois Huskies,0.1154003162252701,0.28608880440394086,0.4406779661016949,0.43333333333333335,5.5423728813559325,6.783333333333333,1.7,2.8181818181818183,0.75,1.0,0.1483138978134754,0.26666666666666666
2022,4,Northwestern Wildcats,-0.08135319632050153,-0.12065936649839083,0.4189189189189189,0.43333333333333335,4.945945945945946,4.516666666666667,1.0769230769230769,1.4166666666666667,1.0,0.5,-0.06625297597863457,0.35294117647058826
2022,4,Notre Dame Fighting Irish,0.2925598190491458,0.2156471618761619,0.6385542168674698,0.38333333333333336,7.096385542168675,6.366666666666666,3.1666666666666665,2.1666666666666665,0.8,1.0,0.23758583137954492,0.6153846153846154
2022,4,Ohio State Buckeyes,0.38300726767899335,0.06620297740612711,0.5797101449275363,0.48214285714285715,7.681159420289855,5.375,3.75,1.75,0.8571428571428571,1.0,0.29586428978986906,0.5454545454545454
2022,4,Oklahoma Sooners,0.32099809079137565,0.20616877152595992,0.4931506849315068,0.5061728395061729,7.589041095890411,6.37037037037037,2.8333333333333335,2.6153846153846154,0.6666666666666666,0.7142857142857143,0.4816992737609765,0.3076923076923077
2022,4,Old Dominion Monarchs,-0.0025836999217669168,0.040300192683935164,0.3684210526315789,0.4625,5.684210526315789,5.325,1.6923076923076923,1.0,1.0,1.0,0.11131141068679946,0.21428571428571427
2022,4,Ole Miss Rebels,0.23447996818435354,0.24202168904818022,0.47297297297297297,0.5641025641025641,6.391891891891892,6.487179487179487,2.9166666666666665,2.25,0.75,0.6,0.25112278529016646,0.35714285714285715
2022,4,Oregon Ducks,0.2067128276824951,0.09296850356417642,0.5333333333333333,0.4788732394366197,9.56,6.563380281690141,3.0833333333333335,2.8333333333333335,0.42857142857142855,0.8,0.1854137404570504,0.2727272727272727
2022,4,Oregon State Beavers,-0.12471631973508805,-0.012995526298052736,0.4126984126984127,0.4583333333333333,5.126984126984127,4.708333333333333,2.9166666666666665,2.0,0.6666666666666666,0.5,-0.08762122416982845,0.38461538461538464
2022,4,Penn State Nittany Lions,0.055662606383713197,0.00045032223065694175,0.39436619718309857,0.4266666666666667,5.732394366197183,5.04,2.5384615384615383,1.2727272727272727,0.8333333333333334,0.5,0.08850381916219538,0.38461538461538464
2022,4,Pittsburgh Panthers,0.31088022280197875,0.245572275390812,0.5538461538461539,0.37254901960784315,6.969230769230769,5.764705882352941,3.1,2.6666666666666665,0.6,0.6666666666666666,0.32388317889096785,0.7142857142857143
2022,4,Purdue Boilermakers,-0.04545526446834687,-0.01292381739952195,0.45161290322580644,0.39436619718309857,5.548387096774194,5.802816901408451,2.1538461538461537,2.1666666666666665,1.0,0.6,0.026271484336074517,0.18181818181818182
2022,4,Rhode Island Rams,0.245572275390812,0.31088022280197875,0.37254901960784315,0.5538461538461539,5.764705882352941,6.969230769230769,2.6666666666666665,3.1,0.6666666666666666,0.6,0.0552360357509719,0.38461538461538464
2022,4,Rice Owls,0.006570494482441554,0.21143027564935518,0.49206349206349204,0.49122807017543857,6.428571428571429,7.43859649122807,2.25,2.4545454545454546,0.5,0.4,0.07951319699778277,0.36363636363636365
2022,4,Rutgers Scarlet Knights,-0.24665500631887619,-0.1230159357742027,0.3835616438356164,0.42592592592592593,5.712328767123288,5.018518518518518,0.7692307692307693,1.3,0.25,0.5,-0.13008081716186595,0.25
2022,4,SMU Mustangs,0.25095927452339845,0.3725349276792258,0.4235294117647059,0.453125,6.094117647058823,8.09375,3.090909090909091,3.5,1.0,1.0,-0.27224431541122374,0.45
2022,4,Sacramento State Hornets,0.1862870748784091,-0.14703671283581676,0.5540540540540541,0.35294117647058826,5.364864864864865,4.96078431372549,4.1,1.0,1.0,0.0,0.07282746522153011,0.5
2022,4,San Diego State Aztecs,-0.17222233435937337,-0.14911356237199572,0.375,0.4305555555555556,5.285714285714286,5.013888888888889,1.1333333333333333,0.9333333333333333,1.0,0.5,0.013280061158266935,0.16666666666666666
2022,4,San José State Spartans,0.19071902363908058,-0.3450288980222139,0.47058823529411764,0.3770491803278688,7.588235294117647,3.3114754098360657,6.363636363636363,0.46153846153846156,0.3333333333333333,0.0,0.2894613742828369,0.09090909090909091
2022,4,South Alabama Jaguars,0.19190220733483632,-0.18202219406763712,0.4166666666666667,0.3333333333333333,6.916666666666667,5.888888888888889,2.1818181818181817,0.0,0.5,0.3333333333333333,0.10690385580062867,0.3
2022,4,South Carolina Gamecocks,0.4180037456028389,-0.09520723670721054,0.6212121212121212,0.421875,8.803030303030303,4.9375,4.3076923076923075,1.3333333333333333,0.625,1.0,0.2542013980840382,0.375
2022,4,South Florida Bulls,-0.39141719140967385,0.09903511677035376,0.2459016393442623,0.39473684210526316,3.1147540983606556,6.618421052631579,0.23076923076923078,2.9285714285714284,0.0,0.4,-0.5618996867402033,0.3333333333333333
2022,4,Southern Miss Golden Eagles,-0.05107500791549682,0.02057038384832834,0.46,0.4605263157894737,5.1,6.592105263157895,1.8181818181818181,2.0,0.0,0.3333333333333333,0.0698720630672243,0.16666666666666666
2022,4,Stanford Cardinal,0.003407267072508412,0.19113288107125656,0.4032258064516129,0.5362318840579711,6.064516129032258,7.304347826086956,1.8333333333333333,3.076923076923077,0.5,0.4,-0.06335568521171808,0.4166666666666667
2022,4,Syracuse Orange,-0.141810028893607,-0.08512446417737363,0.37142857142857144,0.4925373134328358,5.457142857142857,4.6716417910447765,1.5714285714285714,1.4285714285714286,0.2,1.0,-0.1534618225964633,0.26666666666666666
2022,4,TCU Horned Frogs,0.3725349276792258,0.25095927452339845,0.453125,0.4235294117647059,8.09375,6.094117647058823,3.5,3.090909090909091,1.0,1.0,0.3651172788097308,0.36363636363636365
2022,4,Temple Owls,-0.12164856026233253,-0.4207754114144285,0.3559322033898305,0.30985915492957744,6.033898305084746,4.690140845070423,1.6153846153846154,0.0,1.0,0.0,-0.0936624790015428,0.2727272727272727
2022,4,Tennessee Volunteers,0.36029597776276723,0.40471161747800893,0.6,0.4827586206896552,8.085714285714285,7.172413793103448,3.8,3.0,0.8333333333333334,0.6666666666666666,0.41598889888343166,0.5555555555555556
2022,4,Texas A&M Aggies,0.13747244824965796,-0.011594742128293808,0.46296296296296297,0.5068493150684932,5.925925925925926,6.808219178082192,1.5454545454545454,1.9090909090909092,0.6666666666666666,0.3333333333333333,0.11286835580371148,0.2727272727272727
2022,4,Texas Longhorns,0.1653327668706576,0.17084594547748566,0.5,0.41,7.516666666666667,4.79,2.8333333333333335,3.0833333333333335,0.5,0.5714285714285714,0.23860364604969414,0.3333333333333333
2022,4,Texas Southern Tigers,0.014144146148069405,0.14071301016651216,0.3950617283950617,0.5081967213114754,6.172839506172839,9.327868852459016,1.0,3.0,0.5,1.0,0.11622468729813894,0.4
2022,4,Texas State Bobcats,0.15650403002897897,-0.42442299687752016,0.47435897435897434,0.2962962962962963,6.076923076923077,2.8518518518518516,2.8333333333333335,0.0,0.6,,0.1404253776933326,0.2857142857142857
2022,4,Texas Tech Red Raiders,0.17084594547748566,0.1653327668706576,0.41,0.5,4.79,7.516666666666667,3.0833333333333335,2.8333333333333335,0.5714285714285714,0.5,0.04570075227982468,0.35
2022,4,Toledo Rockets,-0.14911356237199572,-0.17222233435937337,0.4305555555555556,0.375,5.013888888888889,5.285714285714286,0.9333333333333333,1.1333333333333333,0.5,1.0,-0.21492053419351578,0.3333333333333333
2022,4,Troy Trojans,-0.18103260702707552,-0.3851895719321806,0.2909090909090909,0.34328358208955223,7.672727272727273,3.2388059701492535,0.6923076923076923,0.5384615384615384,0.0,0.5,-0.04671329001967724,0.21428571428571427
2022,4,Tulane Green Wave,0.02057038384832834,-0.05107500791549682,0.4605263157894737,0.46,6.592105263157895,5.1,2.0,1.8181818181818181,0.3333333333333333,0.0,0.25003510478295776,0.3125
2022,4,Tulsa Golden Hurricane,0.24202168904818022,0.23447996818435354,0.5641025641025641,0.47297297297297297,6.487179487179487,6.391891891891892,2.25,2.9166666666666665,0.6,0.75,0.316145882720039,0.23076923076923078
2022,4,UCF Knights,-0.0018699082775392394,-0.11328431727394225,0.42028985507246375,0.4126984126984127,4.811594202898551,7.015873015873016,2.090909090909091,0.8333333333333334,0.0,0.0,0.05268948218401741,0.3125
2022,4,UCLA Bruins,0.2806573891248859,0.03324221611022949,0.5081967213114754,0.4266666666666667,8.295081967213115,4.12,3.4615384615384617,1.4166666666666667,1.0,0.6666666666666666,0.344357733633004,0.3333333333333333
2022,4,UConn Huskies,-0.3062837222155104,0.23776099620721278,0.3404255319148936,0.5641025641025641,3.8297872340425534,6.589743589743589,0.9090909090909091,3.727272727272727,0.5,0.6666666666666666,-0.12923738766800275,0.16666666666666666
2022,4,UL Monroe Warhawks,0.03081354659337264,-0.16089171491846255,0.4307692307692308,0.35443037974683544,6.6,4.481012658227848,1.5,1.2142857142857142,1.0,0.3333333333333333,0.18867915898561477,0.4
2022,4,USC Trojans,-0.012995526298052736,-0.12471631973508805,0.4583333333333333,0.4126984126984127,4.708333333333333,5.126984126984127,2.0,2.9166666666666665,0.5,0.6666666666666666,-0.014303396493196487,0.5
2022,4,UTEP Miners,0.01928172494048503,-0.05703193897550756,0.417910447761194,0.34545454545454546,4.582089552238806,3.3454545454545452,3.0,0.8333333333333334,0.3333333333333333,0.5,-0.09665297659543845,0.5333333333333333
2022,4,UTSA Roadrunners,0.14071301016651216,0.014144146148069405,0.5081967213114754,0.3950617283950617,9.327868852459016,6.172839506172839,3.0,1.0,1.0,0.5,0.21080322885045819,0.0
2022,4,Utah Utes,0.16393133796550133,-0.27220291857208523,0.4864864864864865,0.35714285714285715,6.486486486486487,4.232142857142857,2.8333333333333335,1.0833333333333333,0.5,0.3333333333333333,0.2207460127093575,0.3333333333333333
2022,4,Vanderbilt Commodores,-0.437838760132973,0.46106154191029536,0.2692307692307692,0.5714285714285714,2.480769230769231,8.233766233766234,0.23076923076923078,4.583333333333333,,0.8,-0.1446430957631061,0.07692307692307693
2022,4,Virginia Cavaliers,-0.08512446417737363,-0.141810028893607,0.4925373134328358,0.37142857142857144,4.6716417910447765,5.457142857142857,1.4285714285714286,1.5714285714285714,1.0,0.2,-0.03478263318538666,0.25
2022,4,Virginia Tech Hokies,-0.3203836284004725,0.09019701957702636,0.3076923076923077,0.5066666666666667,4.923076923076923,5.8933333333333335,0.9090909090909091,2.6,0.0,0.2,-0.1608128421008587,0.2
2022,4,Wake Forest Demon Deacons,0.3226890995660249,0.35262399911880493,0.5294117647058824,0.45348837209302323,6.573529411764706,6.5,3.2142857142857144,3.0714285714285716,0.75,0.6666666666666666,0.2805277306925167,0.25
2022,4,Washington Huskies,0.19113288107125656,0.003407267072508412,0.5362318840579711,0.4032258064516129,7.304347826086956,6.064516129032258,3.076923076923077,1.8333333333333333,0.4,0.5,0.26996685199017795,0.4
2022,4,Washington State Cougars,0.09296850356417642,0.2067128276824951,0.4788732394366197,0.5333333333333333,6.563380281690141,9.56,2.8333333333333335,3.0833333333333335,0.8,0.42857142857142855,-0.04600866543034376,0.45454545454545453
2022,4,West Virginia Mountaineers,0.09019701957702636,-0.3203836284004725,0.5066666666666667,0.3076923076923077,5.8933333333333335,4.923076923076923,2.6,0.9090909090909091,0.2,0.0,0.13041856788819836,0.3333333333333333
2022,4,Western Kentucky Hilltoppers,0.4639449652651666,-0.4576759871462701,0.5774647887323944,0.2676056338028169,9.56338028169014,3.3661971830985915,4.785714285714286,0.0,0.75,,0.4300317903680186,0.125
2022,4,Western Michigan Broncos,-0.3450288980222139,0.19071902363908058,0.3770491803278688,0.47058823529411764,3.3114754098360657,7.588235294117647,0.46153846153846156,6.363636363636363,0.0,0.3333333333333333,-0.25560452806395156,0.4
2022,4,Wisconsin Badgers,0.06620297740612711,0.38300726767899335,0.48214285714285715,0.5797101449275363,5.375,7.681159420289855,1.75,3.75,1.0,0.8571428571428571,-0.01740880928388456,0.35714285714285715
2022,4,Wyoming Cowboys,-0.06360290515220772,0.3836222830272856,0.4576271186440678,0.49206349206349204,5.1525423728813555,8.65079365079365,2.0,2.066666666666667,0.75,0.8,0.07693643899674112,0.2727272727272727
2022,5,Air Force Falcons,-0.0878929788512843,-0.10742635997858914,0.44642857142857145,0.34545454545454546,6.696428571428571,4.890909090909091,1.3,0.3,0.0,0.3333333333333333,0.004268448461185802,0.16666666666666666
2022,5,Akron Zips,-0.10124893699373518,0.08331332024600771,0.35714285714285715,0.4722222222222222,5.976190476190476,6.416666666666667,4.454545454545454,5.4,0.6666666666666666,0.75,0.02310774226983388,0.5555555555555556
2022,5,Alabama Crimson Tide,0.4219456059592111,-0.05115674558807822,0.49206349206349204,0.4235294117647059,8.777777777777779,4.7176470588235295,3.0625,1.7333333333333334,0.8,0.5,0.22243443255623183,0.5
2022,5,Appalachian State Mountaineers,0.7306047341097957,-0.3009385872604464,0.6086956521739131,0.3582089552238806,11.804347826086957,4.074626865671642,4.454545454545454,0.0,1.0,0.0,0.8176339645134775,0.0
2022,5,Arizona State Sun Devils,0.13295062057307508,0.4493597927644397,0.5409836065573771,0.6060606060606061,6.344262295081967,7.287878787878788,1.8888888888888888,3.888888888888889,0.5,0.8571428571428571,0.022568885316240028,0.46153846153846156
2022,5,Arizona Wildcats,-0.0691935122013092,0.025753157942191414,0.37681159420289856,0.34782608695652173,7.333333333333333,6.695652173913044,8.090909090909092,5.545454545454546,0.5555555555555556,0.75,-0.13309599689461968,0.5833333333333334
2022,5,Arkansas Razorbacks,-0.05115674558807822,0.4219456059592111,0.4235294117647059,0.49206349206349204,4.7176470588235295,8.777777777777779,1.7333333333333334,3.0625,0.5,0.8,-0.03813618199149175,0.35294117647058826
2022,5,Arkansas State Red Wolves,0.1411376925159807,0.06714252906816977,0.3835616438356164,0.42592592592592593,5.013698630136986,5.296296296296297,3.75,3.5833333333333335,1.0,1.0,-0.1450972704724832,0.5
2022,5,Army Black Knights,-0.11028250777407696,0.2647677134659331,0.5,0.4915254237288136,4.947368421052632,8.033898305084746,1.4,2.8181818181818183,0.6666666666666666,0.25,0.023196861932152195,0.4666666666666667
2022,5,Auburn Tigers,-0.05510526636372442,-0.13134122139787022,0.391304347826087,0.3561643835616438,7.246376811594203,3.547945205479452,1.3076923076923077,0.5384615384615384,0.3333333333333333,1.0,-0.19178242408312285,0.3333333333333333
2022,5,BYU Cougars,0.22085079080180117,-0.11965522654354573,0.45614035087719296,0.4125,7.543859649122807,5.6,2.3846153846153846,1.0,0.5,0.5,0.29024284129792993,0.4166666666666667
2022,5,Ball State Cardinals,0.18955054106535735,0.12399530294653657,0.5061728395061729,0.4935064935064935,5.728395061728395,6.714285714285714,2.923076923076923,2.923076923076923,0.6666666666666666,0.5,0.21967842091213574,0.38461538461538464
2022,5,Baylor Bears,0.15886264230523792,0.07574907258937233,0.45714285714285713,0.4868421052631579,6.685714285714286,4.9868421052631575,1.9230769230769231,2.25,0.3333333333333333,0.6,0.08160259271109546,0.2727272727272727
2022,5,Boston College Eagles,0.48436495793216366,-0.15128423935837215,0.47058823529411764,0.3888888888888889,8.882352941176471,4.694444444444445,2.2666666666666666,2.5384615384615383,0.25,0.8,0.5631763191804999,0.2222222222222222
2022,5,Bowling Green Falcons,0.08331332024600771,-0.10124893699373518,0.4722222222222222,0.35714285714285715,6.416666666666667,5.976190476190476,5.4,4.454545454545454,0.75,0.6666666666666666,0.05886620614263746,0.5714285714285714
2022,5,Buffalo Bulls,-0.2942662432112477,-0.35677180048965274,0.29545454545454547,0.21428571428571427,4.886363636363637,4.761904761904762,3.076923076923077,7.615384615384615,1.0,0.3333333333333333,-0.43282117387827707,0.3333333333333333
2022,5,California Golden Bears,-0.11766879724674538,0.13140411960381654,0.3114754098360656,0.45161290322580644,5.098360655737705,6.903225806451613,0.75,2.1538461538461537,1.0,1.0,-0.14282953535968607,0.3125
2022,5,Central Michigan Chippewas,-0.001045000175355186,0.1410968476447506,0.352112676056338,0.4492753623188406,3.971830985915493,5.971014492753623,0.7857142857142857,2.375,0.3333333333333333,1.0,-0.15210709514770102,0.3157894736842105
2022,5,Charlotte 49ers,0.05040548260395344,0.2610601387395148,0.4307692307692308,0.5087719298245614,8.4,7.491228070175438,2.9166666666666665,2.4545454545454546,0.75,0.3333333333333333,-0.1031880406838543,0.3
2022,5,Cincinnati Bearcats,0.05174118886559696,-0.1920665877836722,0.3728813559322034,0.37037037037037035,6.169491525423729,3.691358024691358,2.0,1.5,0.6666666666666666,0.75,0.07536381483078003,0.14285714285714285
2022,5,Clemson Tigers,0.12563126974485136,-0.07283031926962777,0.42424242424242425,0.4057971014492754,5.878787878787879,4.318840579710145,2.090909090909091,1.8181818181818181,0.75,0.6666666666666666,0.06558334612502502,0.35714285714285715
2022,5,Coastal Carolina Chanticleers,0.3436286852909968,0.10630076046328286,0.5076923076923077,0.44594594594594594,7.492307692307692,6.364864864864865,2.6153846153846154,2.5,0.25,0.5,0.23206169818932154,0.4166666666666667
2022,5,Colorado Buffaloes,0.025753157942191414,-0.0691935122013092,0.34782608695652173,0.37681159420289856,6.695652173913044,7.333333333333333,5.545454545454546,8.090909090909092,0.75,0.5555555555555556,0.07295365902510556,0.36363636363636365
2022,5,Duke Blue Devils,0.2848550982899585,-0.11535337096766422,0.576271186440678,0.3684210526315789,6.440677966101695,3.210526315789474,11.727272727272727,2.090909090909091,0.8,0.6666666666666666,0.35784869705853256,0.3
2022,5,Eastern Michigan Eagles,-0.047961125259890276,-0.16101855556997988,0.4411764705882353,0.4027777777777778,5.970588235294118,4.375,1.3333333333333333,1.0833333333333333,1.0,0.5,0.01801314022181169,0.2857142857142857
2022,5,Eastern Washington Eagles,-0.02371001462726032,0.7477042915261521,0.43529411764705883,0.6938775510204082,5.08235294117647,13.816326530612244,1.3076923076923077,4.0,0.0,0.6666666666666666,-0.012139458623197343,0.3888888888888889
2022,5,Florida Atlantic Owls,-0.0074922134860967975,0.01890635826218296,0.46153846153846156,0.4647887323943662,6.282051282051282,7.690140845070423,1.5,2.235294117647059,0.5,1.0,0.04410217368397219,0.3888888888888889
2022,5,Florida Gators,0.7477042915261521,-0.02371001462726032,0.6938775510204082,0.43529411764705883,13.816326530612244,5.08235294117647,4.0,1.3076923076923077,0.6666666666666666,0.0,0.8249041406171662,0.3333333333333333
2022,5,Florida International Panthers,0.1843624655758181,-0.12058359076236856,0.45161290322580644,0.3448275862068966,5.435483870967742,3.810344827586207,1.75,0.7,0.2,1.0,0.048824826977690874,0.36363636363636365
2022,5,Florida State Seminoles,0.177366280366504,0.19625061229769006,0.47619047619047616,0.46987951807228917,6.238095238095238,4.903614457831325,1.9090909090909092,2.8181818181818183,0.75,0.6666666666666666,0.21769594912435494,0.36363636363636365
2022,5,Fresno State Bulldogs,-0.5651177056133747,-0.07215732708573341,0.4166666666666667,0.38235294117647056,3.8958333333333335,4.544117647058823,0.5384615384615384,1.4615384615384615,0.5,0.5,-0.36697688928017247,0.0
2022,5,Gardner-Webb Runnin' Bulldogs,-0.636333176318337,-0.1432419093542321,0.19607843137254902,0.37209302325581395,3.0980392156862746,5.465116279069767,0.0,1.75,,0.75,-0.5902912785878053,0.14285714285714285
2022,5,Georgia Bulldogs,0.13606786613280958,-0.17066942577092153,0.5256410256410257,0.3018867924528302,6.5256410256410255,5.547169811320755,2.1666666666666665,2.0,0.4,0.5,0.18749762196389455,0.3076923076923077
2022,5,Georgia Southern Eagles,0.10630076046328286,0.3436286852909968,0.44594594594594594,0.5076923076923077,6.364864864864865,7.492307692307692,2.5,2.6153846153846154,0.5,0.25,0.04944849179850684,0.4117647058823529
2022,5,Georgia State Panthers,0.2647677134659331,-0.11028250777407696,0.4915254237288136,0.5,8.033898305084746,4.947368421052632,2.8181818181818183,1.4,0.25,0.6666666666666666,0.09501702630001566,0.18181818181818182
2022,5,Georgia Tech Yellow Jackets,-0.10235160248620169,-0.0788034345597437,0.3142857142857143,0.4520547945205479,4.8428571428571425,5.671232876712328,1.8571428571428572,1.6153846153846154,0.2857142857142857,1.0,-0.044132072970552265,0.3125
2022,5,Houston Cougars,0.17007560692727566,0.005595107873280843,0.5,0.4074074074074074,5.525,5.351851851851852,1.8461538461538463,1.8181818181818181,0.6,0.75,0.03662940811726355,0.5294117647058824
2022,5,Illinois Fighting Illini,-0.03427646273658389,-0.3332733265378258,0.38095238095238093,0.2909090909090909,4.841269841269841,3.8727272727272726,3.0,0.7692307692307693,0.6,,0.10330506414175034,0.23076923076923078
2022,5,Indiana Hoosiers,-0.17740887662638788,0.011167095744446532,0.36231884057971014,0.4657534246575342,4.927536231884058,5.780821917808219,0.8235294117647058,1.75,1.0,0.75,0.032421522670321994,0.14285714285714285
2022,5,Iowa Hawkeyes,0.0273929856040261,0.13534211470530583,0.43636363636363634,0.5846153846153846,5.163636363636364,4.907692307692308,1.4,2.4,0.6666666666666666,0.75,0.11386083421253022,0.36363636363636365
2022,5,Iowa State Cyclones,-0.005559536317984263,-0.1723958068837722,0.358974358974359,0.37777777777777777,4.5256410256410255,5.533333333333333,1.0,1.1666666666666667,0.25,1.0,-0.1866439635103399,0.2222222222222222
2022,5,James Madison Dukes,-0.1353689785066404,-0.3893711757043312,0.4605263157894737,0.3275862068965517,6.065789473684211,4.431034482758621,1.9375,0.8125,0.6666666666666666,1.0,-0.18376049976195058,0.46153846153846156
2022,5,Kansas Jayhawks,-0.1723958068837722,-0.005559536317984263,0.37777777777777777,0.358974358974359,5.533333333333333,4.5256410256410255,1.1666666666666667,1.0,1.0,0.25,-0.1555729049124888,0.2
2022,5,Kansas State Wildcats,0.14495984586802396,-0.005635930800143583,0.4,0.48148148148148145,8.418181818181818,5.308641975308642,2.642857142857143,1.8666666666666667,0.5,0.75,0.0913267336612524,0.16666666666666666
2022,5,Kent State Golden Flashes,0.17338468604113744,0.1055672406218946,0.5217391304347826,0.46875,8.184782608695652,6.84375,1.7142857142857142,1.8461538461538463,0.5,0.3333333333333333,0.14639579485121526,0.5
2022,5,Kentucky Wildcats,0.03647048172892117,0.08004136744773749,0.4918032786885246,0.4090909090909091,5.377049180327869,6.0606060606060606,1.7272727272727273,1.8181818181818181,0.6,0.3333333333333333,-0.04208499044179916,0.42857142857142855
2022,5,LSU Tigers,-0.13134122139787022,-0.05510526636372442,0.3561643835616438,0.391304347826087,3.547945205479452,7.246376811594203,0.5384615384615384,1.3076923076923077,1.0,0.3333333333333333,-0.05516525345333552,0.35714285714285715
2022,5,Liberty Flames,0.13313081860542297,0.022172418507662685,0.4375,0.38961038961038963,7.328125,5.1558441558441555,2.923076923076923,1.7142857142857142,0.0,0.6,0.0830967006859956,0.3
2022,5,Louisiana Ragin' Cajuns,-0.23616691328810924,-0.05917149684146831,0.3484848484848485,0.3815789473684211,4.363636363636363,4.894736842105263,0.8333333333333334,1.6666666666666667,0.5,0.5,-0.24751710876518365,0.3125
2022,5,Louisville Cardinals,-0.15128423935837215,0.48436495793216366,0.3888888888888889,0.47058823529411764,4.694444444444445,8.882352941176471,2.5384615384615383,2.2666666666666666,0.8,0.25,-0.05608501919993648,0.26666666666666666
2022,5,Marshall Thundering Herd,-0.1432419093542321,-0.636333176318337,0.37209302325581395,0.19607843137254902,5.465116279069767,3.0980392156862746,1.75,0.0,0.75,,-0.09233867885574462,0.42857142857142855
2022,5,Maryland Terrapins,0.1454913643995921,0.07419315601388614,0.4,0.4696969696969697,6.426666666666667,4.863636363636363,2.4545454545454546,1.1818181818181819,0.75,0.5,0.09377018700946461,0.47058823529411764
2022,5,Massachusetts Minutemen,-0.16101855556997988,-0.047961125259890276,0.4027777777777778,0.4411764705882353,4.375,5.970588235294118,1.0833333333333333,1.3333333333333333,0.5,1.0,-0.1370493433639115,0.3157894736842105
2022,5,Memphis Tigers,-0.17634307344754538,-0.4730058869315406,0.3563218390804598,0.23728813559322035,3.9195402298850577,5.033898305084746,1.7142857142857142,0.21428571428571427,0.6,0.0,-0.19870492024347186,0.3684210526315789
2022,5,Miami (OH) RedHawks,-0.35677180048965274,-0.2942662432112477,0.21428571428571427,0.29545454545454547,4.761904761904762,4.886363636363637,7.615384615384615,3.076923076923077,0.3333333333333333,1.0,-0.5226196189721425,0.2727272727272727
2022,5,Michigan State Spartans,0.07419315601388614,0.1454913643995921,0.4696969696969697,0.4,4.863636363636363,6.426666666666667,1.1818181818181819,2.4545454545454546,0.5,0.75,0.0962624197789267,0.5
2022,5,Michigan Wolverines,0.13534211470530583,0.0273929856040261,0.5846153846153846,0.43636363636363634,4.907692307692308,5.163636363636364,2.4,1.4,0.75,0.6666666666666666,0.12223176123960963,0.18181818181818182
2022,5,Middle Tennessee Blue Raiders,0.07761614963512968,0.19816983500613441,0.33783783783783783,0.5316455696202531,6.108108108108108,6.772151898734177,1.9166666666666667,3.4615384615384617,0.0,0.6,-0.02318827709691091,0.3125
2022,5,Minnesota Golden Gophers,-0.2885718605781006,-0.09849303057699492,0.3898305084745763,0.3939393939393939,5.11864406779661,5.393939393939394,0.7692307692307693,1.5384615384615385,0.3333333333333333,0.6666666666666666,-0.1960661100304645,0.3333333333333333
2022,5,Mississippi State Bulldogs,0.2489850754323213,0.04814629214150565,0.4782608695652174,0.5,6.811594202898551,6.671428571428572,2.1538461538461537,2.0,1.0,0.5,0.13110048554160378,0.25
2022,5,Missouri Tigers,-0.17066942577092153,0.13606786613280958,0.3018867924528302,0.5256410256410257,5.547169811320755,6.5256410256410255,2.0,2.1666666666666665,0.5,0.4,-0.13005689308047294,0.15384615384615385
2022,5,NC State Wolfpack,-0.07283031926962777,0.12563126974485136,0.4057971014492754,0.42424242424242425,4.318840579710145,5.878787878787879,1.8181818181818181,2.090909090909091,0.6666666666666666,0.75,-0.0583390558033057,0.35714285714285715
2022,5,Navy Midshipmen,-0.10742635997858914,-0.0878929788512843,0.34545454545454546,0.44642857142857145,4.890909090909091,6.696428571428571,0.3,1.3,0.3333333333333333,0.0,-0.038286028163773675,0.25
2022,5,Nebraska Cornhuskers,0.011167095744446532,-0.17740887662638788,0.4657534246575342,0.36231884057971014,5.780821917808219,4.927536231884058,1.75,0.8235294117647058,0.75,1.0,0.060988752204075194,0.375
2022,5,New Hampshire Wildcats,-0.31465692451034766,0.13159070846935114,0.3188405797101449,0.3958333333333333,5.159420289855072,7.833333333333333,0.4117647058823529,2.142857142857143,0.0,0.75,-0.4639740130480598,0.21428571428571427
2022,5,New Mexico Lobos,-0.34804568668046304,-0.05145680290811202,0.41935483870967744,0.5147058823529411,5.645161290322581,6.338235294117647,1.5384615384615385,2.0,0.4,0.6666666666666666,-0.15254705563187598,0.09090909090909091
2022,5,New Mexico State Aggies,-0.12058359076236856,0.1843624655758181,0.3448275862068966,0.45161290322580644,3.810344827586207,5.435483870967742,0.7,1.75,1.0,0.2,-0.13768497036724556,0.2857142857142857
2022,5,North Carolina Tar Heels,0.2659366155323917,-0.08419214614800044,0.4520547945205479,0.44285714285714284,7.5479452054794525,4.071428571428571,3.4166666666666665,0.7692307692307693,0.8,0.5,0.11353903792121194,0.4
2022,5,North Texas Mean Green,0.01890635826218296,-0.0074922134860967975,0.4647887323943662,0.46153846153846156,7.690140845070423,6.282051282051282,2.235294117647059,1.5,1.0,0.5,-0.0010645595090142612,0.25
2022,5,Northern Illinois Huskies,0.12399530294653657,0.18955054106535735,0.4935064935064935,0.5061728395061729,6.714285714285714,5.728395061728395,2.923076923076923,2.923076923076923,0.5,0.6666666666666666,0.11797536445445701,0.26666666666666666
2022,5,Northwestern Wildcats,-0.45841097556627713,-0.2108149996825627,0.27692307692307694,0.42857142857142855,4.615384615384615,4.688311688311688,0.5,1.1333333333333333,0.0,0.6666666666666666,-0.3692402177386814,0.25
2022,5,Ohio Bobcats,0.1055672406218946,0.17338468604113744,0.46875,0.5217391304347826,6.84375,8.184782608695652,1.8461538461538463,1.7142857142857142,0.3333333333333333,0.5,0.3250097626199325,0.2857142857142857
2022,5,Ohio State Buckeyes,0.33963796445878885,-0.4097266122698784,0.4915254237288136,0.375,7.423728813559322,3.5535714285714284,3.8181818181818183,0.7692307692307693,1.0,0.5,0.21779690778001826,0.4
2022,5,Oklahoma Sooners,-0.0472952855957879,0.3042575506369273,0.3950617283950617,0.49333333333333335,4.753086419753086,8.906666666666666,1.0625,3.0625,1.0,0.8,-0.02711557745933533,0.3333333333333333
2022,5,Oklahoma State Cowboys,0.07574907258937233,0.15886264230523792,0.4868421052631579,0.45714285714285713,4.9868421052631575,6.685714285714286,2.25,1.9230769230769231,0.6,0.3333333333333333,0.13088318109512329,0.3333333333333333
2022,5,Old Dominion Monarchs,0.022172418507662685,0.13313081860542297,0.38961038961038963,0.4375,5.1558441558441555,7.328125,1.7142857142857142,2.923076923076923,0.6,0.0,0.0580187344125339,0.2777777777777778
2022,5,Ole Miss Rebels,0.08004136744773749,0.03647048172892117,0.4090909090909091,0.4918032786885246,6.0606060606060606,5.377049180327869,1.8181818181818181,1.7272727272727273,0.3333333333333333,0.6,-0.061424566576114066,0.38461538461538464
2022,5,Oregon Ducks,0.19742325900329483,-0.0363683460014207,0.4861111111111111,0.4,7.083333333333333,4.271428571428571,3.0,1.8,0.8,0.5,0.18965382063597963,0.26666666666666666
2022,5,Oregon State Beavers,-0.28681529473799927,0.20285691693425179,0.4153846153846154,0.5357142857142857,7.015384615384615,6.410714285714286,1.2307692307692308,3.1818181818181817,0.0,0.75,-0.3442509430818833,0.3
2022,5,Penn State Nittany Lions,-0.2108149996825627,-0.45841097556627713,0.42857142857142855,0.27692307692307694,4.688311688311688,4.615384615384615,1.1333333333333333,0.5,0.6666666666666666,0.0,-0.23482374399900435,0.2857142857142857
2022,5,Pittsburgh Panthers,-0.0788034345597437,-0.10235160248620169,0.4520547945205479,0.3142857142857143,5.671232876712328,4.8428571428571425,1.6153846153846154,1.8571428571428572,1.0,0.2857142857142857,0.22417780327594886,0.16666666666666666
2022,5,Purdue Boilermakers,-0.09849303057699492,-0.2885718605781006,0.3939393939393939,0.3898305084745763,5.393939393939394,5.11864406779661,1.5384615384615385,0.7692307692307693,0.6666666666666666,0.3333333333333333,-0.013105619066166427,0.3076923076923077
2022,5,Rice Owls,-0.03406730867349184,0.008051259792409837,0.4423076923076923,0.5,3.9038461538461537,6.40625,2.1,2.1818181818181817,1.0,0.75,-0.076641457203107,0.2727272727272727
2022,5,Rutgers Scarlet Knights,-0.4097266122698784,0.33963796445878885,0.375,0.4915254237288136,3.5535714285714284,7.423728813559322,0.7692307692307693,3.8181818181818183,0.5,1.0,-0.1512633458126423,0.0
2022,5,San José State Spartans,0.11771455685297648,-0.1712486819838578,0.44,0.33962264150943394,5.866666666666666,4.7924528301886795,2.3846153846153846,1.2307692307692308,0.5714285714285714,1.0,0.029426057965068492,0.3333333333333333
2022,5,South Alabama Jaguars,-0.05917149684146831,-0.23616691328810924,0.3815789473684211,0.3484848484848485,4.894736842105263,4.363636363636363,1.6666666666666667,0.8333333333333334,0.5,0.5,-0.24668420364077276,0.5238095238095238
2022,5,South Carolina Gamecocks,0.20298767565139408,-0.36411454515023667,0.5689655172413793,0.32727272727272727,7.206896551724138,4.127272727272727,3.0714285714285716,0.625,0.6666666666666666,0.5,0.2807389378864714,0.3
2022,5,South Carolina State Bulldogs,-0.36411454515023667,0.20298767565139408,0.32727272727272727,0.5689655172413793,4.127272727272727,7.206896551724138,0.625,3.0714285714285716,0.5,0.6666666666666666,-0.19993716139685025,0.09090909090909091
2022,5,Stanford Cardinal,-0.0363683460014207,0.19742325900329483,0.4,0.4861111111111111,4.271428571428571,7.083333333333333,1.8,3.0,0.5,0.8,-0.08590174724276249,0.25
2022,5,Syracuse Orange,0.6511981061526707,-0.5889783654664014,0.7321428571428571,0.24324324324324326,11.071428571428571,2.7027027027027026,4.7272727272727275,0.0,0.75,,0.5474945902824402,0.3333333333333333
2022,5,TCU Horned Frogs,0.3042575506369273,-0.0472952855957879,0.49333333333333335,0.3950617283950617,8.906666666666666,4.753086419753086,3.0625,1.0625,0.8,1.0,0.33034538667080765,0.42857142857142855
2022,5,Temple Owls,-0.4730058869315406,-0.17634307344754538,0.23728813559322035,0.3563218390804598,5.033898305084746,3.9195402298850577,0.21428571428571427,1.7142857142857142,0.0,0.6,-0.0711509870365262,0.125
2022,5,Texas A&M Aggies,0.04814629214150565,0.2489850754323213,0.5,0.4782608695652174,6.671428571428572,6.811594202898551,2.0,2.1538461538461537,0.5,1.0,-0.026172835948103566,0.2222222222222222
2022,5,Texas Longhorns,0.3255109140428446,0.07801537120189422,0.6101694915254238,0.4358974358974359,8.271186440677965,4.230769230769231,3.8,2.2222222222222223,0.75,1.0,0.38048656821250915,0.5555555555555556
2022,5,Texas State Bobcats,-0.3893711757043312,-0.1353689785066404,0.3275862068965517,0.4605263157894737,4.431034482758621,6.065789473684211,0.8125,1.9375,1.0,0.6666666666666666,-0.36519139124588534,0.16666666666666666
2022,5,Texas Tech Red Raiders,-0.005635930800143583,0.14495984586802396,0.48148148148148145,0.4,5.308641975308642,8.418181818181818,1.8666666666666667,2.642857142857143,0.75,0.5,0.026080525014549494,0.35714285714285715
2022,5,The Citadel Bulldogs,-0.3009385872604464,0.7306047341097957,0.3582089552238806,0.6086956521739131,4.074626865671642,11.804347826086957,0.0,4.454545454545454,0.0,1.0,-0.15756750498390334,0.2777777777777778
2022,5,Toledo Rockets,0.1410968476447506,-0.001045000175355186,0.4492753623188406,0.352112676056338,5.971014492753623,3.971830985915493,2.375,0.7857142857142857,1.0,0.3333333333333333,-0.014216629897846896,0.3333333333333333
2022,5,Troy Trojans,0.22388274622136267,0.09436587457145963,0.4927536231884058,0.44047619047619047,5.521739130434782,5.773809523809524,2.8333333333333335,2.25,0.6,0.6666666666666666,0.18686288510853388,0.3076923076923077
2022,5,Tulane Green Wave,0.005595107873280843,0.17007560692727566,0.4074074074074074,0.5,5.351851851851852,5.525,1.8181818181818181,1.8461538461538463,0.75,0.6,-0.05253312587738037,0.4166666666666667
2022,5,Tulsa Golden Hurricane,-0.1920665877836722,0.05174118886559696,0.37037037037037035,0.3728813559322034,3.691358024691358,6.169491525423729,1.5,2.0,0.75,0.6666666666666666,-0.35142562091350554,0.47368421052631576
2022,5,UAB Blazers,0.008051259792409837,-0.03406730867349184,0.5,0.4423076923076923,6.40625,3.9038461538461537,2.1818181818181817,2.1,0.75,1.0,-0.13190862597251424,0.5
2022,5,UCLA Bruins,0.3456264751298087,0.3179451601786746,0.5428571428571428,0.5277777777777778,8.085714285714285,6.305555555555555,3.8,3.2,0.5714285714285714,1.0,0.2608004929842772,0.6428571428571429
2022,5,UConn Huskies,-0.07215732708573341,-0.5651177056133747,0.38235294117647056,0.4166666666666667,4.544117647058823,3.8958333333333335,1.4615384615384615,0.5384615384615384,0.5,0.5,-0.1891714194417,0.4117647058823529
2022,5,UL Monroe Warhawks,0.06714252906816977,0.1411376925159807,0.42592592592592593,0.3835616438356164,5.296296296296297,5.013698630136986,3.5833333333333335,3.75,1.0,1.0,0.026700754250798906,0.18181818181818182
2022,5,UNLV Rebels,-0.05145680290811202,-0.34804568668046304,0.5147058823529411,0.41935483870967744,6.338235294117647,5.645161290322581,2.0,1.5384615384615385,0.6666666666666666,0.4,-0.002352729991630272,0.23076923076923078
2022,5,USC Trojans,0.4493597927644397,0.13295062057307508,0.6060606060606061,0.5409836065573771,7.287878787878788,6.344262295081967,3.888888888888889,1.8888888888888888,0.8571428571428571,0.5,0.28112884898457613,0.7777777777777778
2022,5,UTEP Miners,0.2610601387395148,0.05040548260395344,0.5087719298245614,0.4307692307692308,7.491228070175438,8.4,2.4545454545454546,2.9166666666666665,0.3333333333333333,0.75,0.18555689438484435,0.18181818181818182
2022,5,UTSA Roadrunners,0.19816983500613441,0.07761614963512968,0.5316455696202531,0.33783783783783783,6.772151898734177,6.108108108108108,3.4615384615384617,1.9166666666666667,0.6,0.0,-0.005664443511229295,0.5384615384615384
2022,5,Utah State Aggies,-0.11965522654354573,0.22085079080180117,0.4125,0.45614035087719296,5.6,7.543859649122807,1.0,2.3846153846153846,0.5,0.5,0.10868085554388703,0.35294117647058826
2022,5,Utah Utes,0.20285691693425179,-0.28681529473799927,0.5357142857142857,0.4153846153846154,6.410714285714286,7.015384615384615,3.1818181818181817,1.2307692307692308,0.75,0.0,0.2123050015905629,0.2
2022,5,Virginia Cavaliers,-0.11535337096766422,0.2848550982899585,0.3684210526315789,0.576271186440678,3.210526315789474,6.440677966101695,2.090909090909091,11.727272727272727,0.6666666666666666,0.8,-0.3601706866864805,0.45454545454545453
2022,5,Virginia Tech Hokies,-0.08419214614800044,0.2659366155323917,0.44285714285714284,0.4520547945205479,4.071428571428571,7.5479452054794525,0.7692307692307693,3.4166666666666665,0.5,0.8,-0.2372073346376419,0.3888888888888889
2022,5,Wagner Seahawks,-0.5889783654664014,0.6511981061526707,0.24324324324324326,0.7321428571428571,2.7027027027027026,11.071428571428571,0.0,4.7272727272727275,,0.75,-0.546879603906914,0.2
2022,5,Wake Forest Demon Deacons,0.19625061229769006,0.177366280366504,0.46987951807228917,0.47619047619047616,4.903614457831325,6.238095238095238,2.8181818181818183,1.9090909090909092,0.6666666666666666,0.75,-0.027861085870573597,0.4444444444444444
2022,5,Washington Huskies,0.3179451601786746,0.3456264751298087,0.5277777777777778,0.5428571428571428,6.305555555555555,8.085714285714285,3.2,3.8,1.0,0.5714285714285714,0.036134928464889526,0.4666666666666667
2022,5,Washington State Cougars,0.13140411960381654,-0.11766879724674538,0.45161290322580644,0.3114754098360656,6.903225806451613,5.098360655737705,2.1538461538461537,0.75,1.0,1.0,-0.05361021520133982,0.46153846153846156
2022,5,West Virginia Mountaineers,0.07801537120189422,0.3255109140428446,0.4358974358974359,0.6101694915254238,4.230769230769231,8.271186440677965,2.2222222222222223,3.8,1.0,0.75,-0.03674357018687508,0.4444444444444444
2022,5,Western Kentucky Hilltoppers,0.09436587457145963,0.22388274622136267,0.44047619047619047,0.4927536231884058,5.773809523809524,5.521739130434782,2.25,2.8333333333333335,0.6666666666666666,0.6,0.07887675752863288,0.4375
2022,5,Western Michigan Broncos,0.13159070846935114,-0.31465692451034766,0.3958333333333333,0.3188405797101449,7.833333333333333,5.159420289855072,2.142857142857143,0.4117647058823529,0.75,0.0,0.13526433784710734,0.2
2022,5,Wisconsin Badgers,-0.3332733265378258,-0.03427646273658389,0.2909090909090909,0.38095238095238093,3.8727272727272726,4.841269841269841,0.7692307692307693,3.0,,0.6,-0.18747366888400835,0.21428571428571427
2022,5,Wyoming Cowboys,-0.1712486819838578,0.11771455685297648,0.33962264150943394,0.44,4.7924528301886795,5.866666666666666,1.2307692307692308,2.3846153846153846,1.0,0.5714285714285714,-0.3154182961663684,0.35714285714285715
2022,6,Air Force Falcons,0.11517272280021147,0.32486297007192644,0.48484848484848486,0.5614035087719298,5.454545454545454,6.9298245614035086,2.4,3.4,1.0,0.0,-0.09466339706205855,0.5384615384615384
2022,6,Akron Zips,0.2429951700983168,0.5762746312000133,0.5569620253164557,0.6296296296296297,6.481012658227848,10.203703703703704,0.6363636363636364,2.8333333333333335,0.6666666666666666,0.7142857142857143,0.1826496270986704,0.3
2022,6,Alabama Crimson Tide,-0.1694952462400709,-0.08978102954340653,0.4,0.38028169014084506,5.6571428571428575,5.169014084507042,1.2142857142857142,1.3333333333333333,0.3333333333333333,0.4,-0.19549697105373656,0.21428571428571427
2022,6,Appalachian State Mountaineers,0.06907827018851966,0.10580972081325093,0.4788732394366197,0.4918032786885246,7.366197183098592,5.704918032786885,1.8461538461538463,2.0,0.5,0.3333333333333333,0.17061649709939958,0.3333333333333333
2022,6,Arizona State Sun Devils,0.40559063156445824,0.17550587996669198,0.5,0.4827586206896552,6.866666666666666,6.310344827586207,3.8,2.8181818181818183,1.0,0.8333333333333334,0.19570335745811462,0.6666666666666666
2022,6,Arizona Wildcats,0.030929629927250877,0.38945083846064177,0.43283582089552236,0.6617647058823529,5.313432835820896,8.588235294117647,1.8333333333333333,3.769230769230769,0.2,1.0,-0.1623872548341751,0.5882352941176471
2022,6,Arkansas Razorbacks,0.020700773196433906,0.3163386248960728,0.40298507462686567,0.573170731707317,7.208955223880597,6.7682926829268295,1.4166666666666667,3.3333333333333335,0.3333333333333333,1.0,0.25155617110431194,0.5
2022,6,Arkansas State Red Wolves,0.03106873195904952,0.47574918881639255,0.3076923076923077,0.5714285714285714,4.365384615384615,7.883116883116883,1.5384615384615385,2.6923076923076925,0.5,0.6666666666666666,-0.09807716074742769,0.3076923076923077
2022,6,Army Black Knights,0.02703024326144038,0.23293378804960557,0.5,0.5645161290322581,5.5,7.82258064516129,0.9090909090909091,4.090909090909091,0.2,0.8333333333333334,-0.029135079878681112,0.4117647058823529
2022,6,Auburn Tigers,-0.21352100194919676,0.22747829854488372,0.2857142857142857,0.5285714285714286,4.095238095238095,6.957142857142857,0.7142857142857143,3.0,0.0,1.0,-0.05626856701241599,0.29411764705882354
2022,6,BYU Cougars,0.07164966023486594,0.19683185597540628,0.43478260869565216,0.5352112676056338,6.086956521739131,7.028169014084507,1.4,2.3636363636363638,1.0,0.2,0.13955471345356532,0.3333333333333333
2022,6,Ball State Cardinals,-0.27437923115397256,-0.2304179947823286,0.42857142857142855,0.34375,4.301587301587301,4.302083333333333,0.6666666666666666,0.5882352941176471,0.3333333333333333,0.6666666666666666,-0.047213464975357056,0.0
2022,6,Boise State Broncos,0.1846550967012133,-0.14763536124393858,0.4857142857142857,0.4482758620689655,6.328571428571428,3.9310344827586206,3.6363636363636362,1.8181818181818181,0.5,0.5,0.047175219245985445,0.4444444444444444
2022,6,Boston College Eagles,-0.3142009645493494,-0.02928724553849962,0.3333333333333333,0.4603174603174603,3.6527777777777777,5.777777777777778,0.2,2.2142857142857144,0.0,0.75,-0.3418204032171231,0.2777777777777778
2022,6,Bowling Green Falcons,-0.2727235244128151,0.12928762462209253,0.391304347826087,0.47058823529411764,7.666666666666667,7.205882352941177,0.5,2.3846153846153846,0.3333333333333333,0.6,0.11829408838485296,0.14285714285714285
2022,6,Buffalo Bulls,0.12928762462209253,-0.2727235244128151,0.47058823529411764,0.391304347826087,7.205882352941177,7.666666666666667,2.3846153846153846,0.5,0.6,0.3333333333333333,0.1547884058277562,0.3076923076923077
2022,6,Central Michigan Chippewas,-0.2304179947823286,-0.27437923115397256,0.34375,0.42857142857142855,4.302083333333333,4.301587301587301,0.5882352941176471,0.6666666666666666,0.6666666666666666,0.3333333333333333,-0.17384462900783704,0.19047619047619047
2022,6,Cincinnati Bearcats,0.2841630340632746,0.1305693080500951,0.5932203389830508,0.4603174603174603,7.237288135593221,6.603174603174603,2.5454545454545454,2.4,0.6666666666666666,0.6666666666666666,0.3765286988019943,0.2857142857142857
2022,6,Clemson Tigers,-0.02928724553849962,-0.3142009645493494,0.4603174603174603,0.3333333333333333,5.777777777777778,3.6527777777777777,2.2142857142857144,0.2,0.75,0.0,0.006369945954303353,0.21428571428571427
2022,6,Coastal Carolina Chanticleers,0.3050299111221518,0.10153842242299646,0.5178571428571429,0.5072463768115942,7.910714285714286,6.217391304347826,2.5454545454545454,1.9090909090909092,1.0,0.4,0.23674602078837018,0.46153846153846156
2022,6,Colorado State Rams,-0.3352181006561626,-0.24219348336138377,0.34545454545454546,0.34146341463414637,4.654545454545454,5.195121951219512,0.23076923076923078,1.0,,0.6666666666666666,-0.2937804509040921,0.16666666666666666
2022,6,Duke Blue Devils,-0.0790321216599582,0.10933823117188045,0.410958904109589,0.5142857142857142,3.9315068493150687,6.057142857142857,1.1818181818181819,1.9166666666666667,0.25,0.25,-0.05969258894522985,0.35294117647058826
2022,6,East Carolina Pirates,-0.043596522832239,0.10302725750388521,0.4594594594594595,0.4393939393939394,5.824324324324325,5.893939393939394,0.8181818181818182,2.4,0.0,1.0,0.027150669152086433,0.375
2022,6,Eastern Michigan Eagles,0.19459347688045697,-0.08016708493232727,0.5567010309278351,0.3076923076923077,6.350515463917525,4.131868131868132,3.066666666666667,1.3529411764705883,0.7142857142857143,0.6666666666666666,0.1654966939240694,0.5294117647058824
2022,6,Florida Gators,0.06176303398041498,-0.0431992473701636,0.3333333333333333,0.4305555555555556,7.880952380952381,6.375,1.7,1.7,0.6666666666666666,0.5,0.09021624057523665,0.2
2022,6,Florida International Panthers,-0.17942361845009364,0.19114275695756078,0.373134328358209,0.421875,6.343283582089552,7.09375,1.0,3.0,0.0,0.6,-0.026723730232980518,0.26666666666666666
2022,6,Florida State Seminoles,0.01707755614604269,-0.11708884105524596,0.375,0.39705882352941174,7.357142857142857,5.176470588235294,1.3076923076923077,1.4615384615384615,1.0,0.25,0.10437088282335372,0.38461538461538464
2022,6,Fresno State Bulldogs,-0.14763536124393858,0.1846550967012133,0.4482758620689655,0.4857142857142857,3.9310344827586206,6.328571428571428,1.8181818181818181,3.6363636363636362,0.5,0.5,-0.2947070720520886,0.5
2022,6,Georgia Bulldogs,0.22747829854488372,-0.21352100194919676,0.5285714285714286,0.2857142857142857,6.957142857142857,4.095238095238095,3.0,0.7142857142857143,1.0,0.0,0.24159881310029463,0.35714285714285715
2022,6,Georgia Tech Yellow Jackets,0.10933823117188045,-0.0790321216599582,0.5142857142857142,0.410958904109589,6.057142857142857,3.9315068493150687,1.9166666666666667,1.1818181818181819,0.25,0.25,0.15772206875784645,0.4166666666666667
2022,6,Hawai'i Rainbow Warriors,0.06789003136483106,0.12833951583930425,0.41818181818181815,0.45714285714285713,6.036363636363636,5.928571428571429,1.2727272727272727,1.6,,0.25,0.05359513577487734,0.2
2022,6,Houston Cougars,0.22042796972357195,0.07244245131810506,0.5061728395061729,0.4266666666666667,6.135802469135802,5.84,2.076923076923077,1.8571428571428572,0.7142857142857143,0.2,0.28620171204942174,0.375
2022,6,Illinois Fighting Illini,-0.19463693857606915,-0.25330022734309,0.4027777777777778,0.30158730158730157,5.180555555555555,4.285714285714286,0.75,0.46153846153846156,0.0,0.0,-0.16327410163182132,0.25
2022,6,Indiana Hoosiers,-0.24215751372881839,0.17308606644471486,0.33783783783783783,0.5733333333333334,3.0,6.466666666666667,0.8333333333333334,2.5833333333333335,0.3333333333333333,0.6,-0.19850131817932787,0.3333333333333333
2022,6,Iowa Hawkeyes,-0.25330022734309,-0.19463693857606915,0.30158730158730157,0.4027777777777778,4.285714285714286,5.180555555555555,0.46153846153846156,0.75,0.0,0.0,-0.36530037446224944,0.3125
2022,6,Iowa State Cyclones,-0.18595489273305799,-0.007453436914243196,0.3770491803278688,0.43859649122807015,4.131147540983607,6.824561403508772,0.5294117647058824,0.2,0.0,0.3333333333333333,-0.16449842121866015,0.3333333333333333
2022,6,James Madison Dukes,0.47574918881639255,0.03106873195904952,0.5714285714285714,0.3076923076923077,7.883116883116883,4.365384615384615,2.6923076923076925,1.5384615384615385,0.6666666666666666,0.5,0.45530533744738655,0.5454545454545454
2022,6,Kansas Jayhawks,0.17754420302283597,0.1755006086258661,0.4788732394366197,0.5238095238095238,8.183098591549296,7.412698412698413,1.7142857142857142,2.533333333333333,0.4,1.0,0.30894799530506134,0.35714285714285715
2022,6,Kansas State Wildcats,-0.007453436914243196,-0.18595489273305799,0.43859649122807015,0.3770491803278688,6.824561403508772,4.131147540983607,0.2,0.5294117647058824,0.3333333333333333,0.0,0.017641123722900044,0.23076923076923078
2022,6,Kentucky Wildcats,-0.06085703249961611,-0.037931406107105194,0.42857142857142855,0.3770491803278688,5.253968253968254,5.836065573770492,1.1666666666666667,2.0,1.0,0.3333333333333333,-0.22228642081727787,0.25
2022,6,LSU Tigers,-0.007826480555207762,0.2335307135393745,0.4383561643835616,0.5,5.410958904109589,6.7105263157894735,1.1818181818181819,3.3333333333333335,0.5,0.5,0.03090214350006797,0.4666666666666667
2022,6,Liberty Flames,-0.13615871571442661,-0.19361755604093725,0.39705882352941174,0.36363636363636365,6.5,4.3090909090909095,1.8421052631578947,2.375,0.625,0.3333333333333333,-0.07951684043092548,0.38461538461538464
2022,6,Louisiana Tech Bulldogs,0.033911689051559994,-0.023022449753257665,0.42857142857142855,0.4044943820224719,6.25,6.123595505617978,2.4285714285714284,2.3846153846153846,0.5,0.3333333333333333,-0.09529674730517647,0.36363636363636365
2022,6,Louisville Cardinals,0.11671132564544678,-0.2318694581245554,0.4266666666666667,0.3793103448275862,6.333333333333333,5.379310344827586,2.6153846153846154,1.4166666666666667,0.5,0.5,-0.05413395368446738,0.5333333333333333
2022,6,Maryland Terrapins,0.07708624241844056,0.025393047059575718,0.4444444444444444,0.4305555555555556,6.380952380952381,5.166666666666667,1.6428571428571428,2.2142857142857144,1.0,0.8,0.10587723775112882,0.3333333333333333
2022,6,Massachusetts Minutemen,-0.19361755604093725,-0.13615871571442661,0.36363636363636365,0.39705882352941174,4.3090909090909095,6.5,2.375,1.8421052631578947,0.3333333333333333,0.625,-0.012807035228101218,0.07692307692307693
2022,6,Memphis Tigers,0.07244245131810506,0.22042796972357195,0.4266666666666667,0.5061728395061729,5.84,6.135802469135802,1.8571428571428572,2.076923076923077,0.2,0.7142857142857143,-0.02273076872030894,0.5333333333333333
2022,6,Miami Hurricanes,0.22840327620506287,0.23823638537100383,0.525,0.5,6.7625,6.614285714285714,2.1818181818181817,2.4545454545454546,0.6,0.4,0.3035725193508601,0.3333333333333333
2022,6,Michigan State Spartans,-0.1350425448617898,0.3875490040392489,0.3541666666666667,0.5675675675675675,4.208333333333333,8.72972972972973,1.1818181818181819,4.083333333333333,1.0,1.0,0.042075224296265354,0.2727272727272727
2022,6,Michigan Wolverines,0.17308606644471486,-0.24215751372881839,0.5733333333333334,0.33783783783783783,6.466666666666667,3.0,2.5833333333333335,0.8333333333333334,0.6,0.3333333333333333,0.2027097781662081,0.5384615384615384
2022,6,Middle Tennessee Blue Raiders,0.008061418562759588,0.37050966437046345,0.4444444444444444,0.5230769230769231,4.432098765432099,9.307692307692308,1.2727272727272727,3.727272727272727,0.5,0.4,-0.07194442184347856,0.42105263157894735
2022,6,Mississippi State Bulldogs,0.3163386248960728,0.020700773196433906,0.573170731707317,0.40298507462686567,6.7682926829268295,7.208955223880597,3.3333333333333335,1.4166666666666667,1.0,0.3333333333333333,0.3070987978977944,0.18181818181818182
2022,6,Missouri Tigers,-0.0431992473701636,0.06176303398041498,0.4305555555555556,0.3333333333333333,6.375,7.880952380952381,1.7,1.7,0.5,0.6666666666666666,-0.010545039066561946,0.5294117647058824
2022,6,NC State Wolfpack,-0.11708884105524596,0.01707755614604269,0.39705882352941174,0.375,5.176470588235294,7.357142857142857,1.4615384615384615,1.3076923076923077,0.25,1.0,0.11900802260195767,0.15384615384615385
2022,6,Navy Midshipmen,0.1613023634019651,-0.06185979837057542,0.42105263157894735,0.42857142857142855,6.684210526315789,6.8979591836734695,3.642857142857143,1.0,0.6,1.0,0.2441918603305159,0.3125
2022,6,Nebraska Cornhuskers,-0.12018535687373234,-0.19146048715885947,0.3230769230769231,0.38235294117647056,4.953846153846154,5.588235294117647,1.0,0.42857142857142855,1.0,0.0,-0.1846699578066667,0.3333333333333333
2022,6,Nevada Wolf Pack,-0.24219348336138377,-0.3352181006561626,0.34146341463414637,0.34545454545454546,5.195121951219512,4.654545454545454,1.0,0.23076923076923078,0.6666666666666666,,-0.2978093032954169,0.3157894736842105
2022,6,New Mexico Lobos,-0.1064736738171376,-0.024808088096521668,0.4507042253521127,0.3559322033898305,5.028169014084507,5.0508474576271185,1.0769230769230769,1.0,0.6666666666666666,0.0,0.07929668248745433,0.15384615384615385
2022,6,North Carolina Tar Heels,0.23823638537100383,0.22840327620506287,0.5,0.525,6.614285714285714,6.7625,2.4545454545454546,2.1818181818181817,0.4,0.6,0.09088288472508485,0.42857142857142855
2022,6,Northern Illinois Huskies,0.028081754285298036,0.28162876150824806,0.48314606741573035,0.4909090909090909,5.314606741573034,6.872727272727273,2.4615384615384617,3.1666666666666665,0.8,0.8333333333333334,0.001423789347921099,0.4117647058823529
2022,6,Northwestern Wildcats,-0.018641669803590916,0.4075244567287502,0.3880597014925373,0.5970149253731343,5.029850746268656,7.7164179104477615,0.6363636363636364,4.2,0.3333333333333333,0.75,0.04928720757073047,0.23076923076923078
2022,6,Notre Dame Fighting Irish,0.19683185597540628,0.07164966023486594,0.5352112676056338,0.43478260869565216,7.028169014084507,6.086956521739131,2.3636363636363638,1.4,0.2,1.0,0.04723731897495411,0.5625
2022,6,Ohio Bobcats,0.5762746312000133,0.2429951700983168,0.6296296296296297,0.5569620253164557,10.203703703703704,6.481012658227848,2.8333333333333335,0.6363636363636364,0.7142857142857143,0.6666666666666666,0.591672643702081,0.4
2022,6,Ohio State Buckeyes,0.3875490040392489,-0.1350425448617898,0.5675675675675675,0.3541666666666667,8.72972972972973,4.208333333333333,4.083333333333333,1.1818181818181819,1.0,1.0,0.23960155053216903,0.36363636363636365
2022,6,Oklahoma Sooners,-0.35322578655461134,0.32477254264148664,0.288135593220339,0.5061728395061729,3.406779661016949,7.469135802469136,0.0,3.769230769230769,0.0,0.8571428571428571,-0.2786714907735586,0.2
2022,6,Oklahoma State Cowboys,0.0890371078452052,0.037286164980490234,0.38372093023255816,0.4077669902912621,5.27906976744186,5.475728155339806,2.7333333333333334,2.2142857142857144,0.5,0.75,0.06176297341598504,0.4444444444444444
2022,6,Ole Miss Rebels,0.607965515263505,0.09024651314278967,0.6101694915254238,0.42105263157894735,10.186440677966102,5.802631578947368,4.083333333333333,2.1538461538461537,0.6,0.5,0.4826332167924746,0.5454545454545454
2022,6,Oregon Ducks,0.38945083846064177,0.030929629927250877,0.6617647058823529,0.43283582089552236,8.588235294117647,5.313432835820896,3.769230769230769,1.8333333333333333,1.0,0.2,0.42872510055700935,0.375
2022,6,Oregon State Beavers,0.2693047201719837,0.05922411602051532,0.463768115942029,0.4426229508196721,6.188405797101449,5.967213114754099,1.75,2.25,0.3333333333333333,1.0,0.17223287247261912,0.35714285714285715
2022,6,Pittsburgh Panthers,0.12205217565808978,-0.07315512120723724,0.4,0.36,7.085714285714285,4.706666666666667,2.5,1.4375,1.0,0.5,0.23238264539025047,0.2857142857142857
2022,6,Purdue Boilermakers,0.025393047059575718,0.07708624241844056,0.4305555555555556,0.4444444444444444,5.166666666666667,6.380952380952381,2.2142857142857144,1.6428571428571428,0.8,1.0,-0.14659370835554802,0.46153846153846156
2022,6,Rutgers Scarlet Knights,-0.19146048715885947,-0.12018535687373234,0.38235294117647056,0.3230769230769231,5.588235294117647,4.953846153846154,0.42857142857142855,1.0,0.0,1.0,-0.05293780049452415,0.25
2022,6,SMU Mustangs,-0.04598985470476605,0.18411324603456847,0.44047619047619047,0.49295774647887325,5.4523809523809526,6.816901408450704,1.2666666666666666,3.0,0.25,1.0,0.12666018472777474,0.1875
2022,6,San Diego State Aztecs,0.12833951583930425,0.06789003136483106,0.45714285714285713,0.41818181818181815,5.928571428571429,6.036363636363636,1.6,1.2727272727272727,0.25,,-0.0032407759495501247,0.4375
2022,6,San José State Spartans,0.2646884118753766,-0.16903074830770493,0.5238095238095238,0.3148148148148148,6.873015873015873,3.888888888888889,3.6363636363636362,0.6363636363636364,0.6666666666666666,0.5,0.27975361021059864,0.5
2022,6,South Carolina Gamecocks,-0.037931406107105194,-0.06085703249961611,0.3770491803278688,0.42857142857142855,5.836065573770492,5.253968253968254,2.0,1.1666666666666667,0.3333333333333333,1.0,-0.015286147594451904,0.42857142857142855
2022,6,South Florida Bulls,0.1305693080500951,0.2841630340632746,0.4603174603174603,0.5932203389830508,6.603174603174603,7.237288135593221,2.4,2.5454545454545454,0.6666666666666666,0.6666666666666666,0.11860194168192276,0.4666666666666667
2022,6,Southern Miss Golden Eagles,-0.19351452412241596,-0.10633115187801163,0.3898305084745763,0.39655172413793105,3.1016949152542375,5.827586206896552,0.7692307692307693,2.25,0.3333333333333333,0.5,-0.3774666253063414,0.46153846153846156
2022,6,Stanford Cardinal,0.05922411602051532,0.2693047201719837,0.4426229508196721,0.463768115942029,5.967213114754099,6.188405797101449,2.25,1.75,1.0,0.3333333333333333,0.11313696175205465,0.3333333333333333
2022,6,TCU Horned Frogs,0.1755006086258661,0.17754420302283597,0.5238095238095238,0.4788732394366197,7.412698412698413,8.183098591549296,2.533333333333333,1.7142857142857142,1.0,0.4,0.32750336913501515,0.45454545454545453
2022,6,Tennessee Volunteers,0.2335307135393745,-0.007826480555207762,0.5,0.4383561643835616,6.7105263157894735,5.410958904109589,3.3333333333333335,1.1818181818181819,0.5,0.5,0.21511059267479077,0.4375
2022,6,Texas A&M Aggies,-0.08978102954340653,-0.1694952462400709,0.38028169014084506,0.4,5.169014084507042,5.6571428571428575,1.3333333333333333,1.2142857142857142,0.4,0.3333333333333333,0.07358318051466575,0.23529411764705882
2022,6,Texas Longhorns,0.32477254264148664,-0.35322578655461134,0.5061728395061729,0.288135593220339,7.469135802469136,3.406779661016949,3.769230769230769,0.0,0.8571428571428571,0.0,0.3091665334773786,0.6666666666666666
2022,6,Texas State Bobcats,0.10580972081325093,0.06907827018851966,0.4918032786885246,0.4788732394366197,5.704918032786885,7.366197183098592,2.0,1.8461538461538463,0.3333333333333333,0.5,-0.051495809504326355,0.5714285714285714
2022,6,Texas Tech Red Raiders,0.037286164980490234,0.0890371078452052,0.4077669902912621,0.38372093023255816,5.475728155339806,5.27906976744186,2.2142857142857144,2.7333333333333334,0.75,0.5,-0.004711331129074097,0.38095238095238093
2022,6,Toledo Rockets,0.28162876150824806,0.028081754285298036,0.4909090909090909,0.48314606741573035,6.872727272727273,5.314606741573034,3.1666666666666665,2.4615384615384617,0.8333333333333334,0.8,0.26188261806964874,0.2222222222222222
2022,6,Troy Trojans,-0.10633115187801163,-0.19351452412241596,0.39655172413793105,0.3898305084745763,5.827586206896552,3.1016949152542375,2.25,0.7692307692307693,0.5,0.3333333333333333,-0.17711354273816812,0.3333333333333333
2022,6,Tulane Green Wave,0.10302725750388521,-0.043596522832239,0.4393939393939394,0.4594594594594595,5.893939393939394,5.824324324324325,2.4,0.8181818181818182,1.0,0.0,0.05012327713786431,0.38461538461538464
2022,6,Tulsa Golden Hurricane,-0.06185979837057542,0.1613023634019651,0.42857142857142855,0.42105263157894735,6.8979591836734695,6.684210526315789,1.0,3.642857142857143,1.0,0.6,0.20711193214624357,0.3
2022,6,UAB Blazers,0.37050966437046345,0.008061418562759588,0.5230769230769231,0.4444444444444444,9.307692307692308,4.432098765432099,3.727272727272727,1.2727272727272727,0.4,0.5,0.29069294321995515,0.4166666666666667
2022,6,UCF Knights,0.18411324603456847,-0.04598985470476605,0.49295774647887325,0.44047619047619047,6.816901408450704,5.4523809523809526,3.0,1.2666666666666666,1.0,0.25,0.26995025309068815,0.2857142857142857
2022,6,UCLA Bruins,0.4130771028793464,0.153470759654974,0.576271186440678,0.5844155844155844,9.915254237288135,6.376623376623376,3.5,1.7,0.8333333333333334,0.75,0.5501896229883035,0.4
2022,6,UConn Huskies,0.19114275695756078,-0.17942361845009364,0.421875,0.373134328358209,7.09375,6.343283582089552,3.0,1.0,0.6,0.0,0.013226185441017151,0.3076923076923077
2022,6,UL Monroe Warhawks,0.10153842242299646,0.3050299111221518,0.5072463768115942,0.5178571428571429,6.217391304347826,7.910714285714286,1.9090909090909092,2.5454545454545454,0.4,1.0,0.139212346325318,0.6153846153846154
2022,6,UNLV Rebels,-0.16903074830770493,0.2646884118753766,0.3148148148148148,0.5238095238095238,3.888888888888889,6.873015873015873,0.6363636363636364,3.6363636363636362,0.5,0.6666666666666666,-0.1400136427908409,0.25
2022,6,USC Trojans,0.10114996934282607,-0.022436318338894454,0.43478260869565216,0.4918032786885246,5.565217391304348,5.180327868852459,2.727272727272727,1.1666666666666667,0.4,1.0,0.03661520076247881,0.26666666666666666
2022,6,UTEP Miners,-0.023022449753257665,0.033911689051559994,0.4044943820224719,0.42857142857142855,6.123595505617978,6.25,2.3846153846153846,2.4285714285714284,0.3333333333333333,0.5,-0.2115362584590912,0.3125
2022,6,UTSA Roadrunners,0.20522054912228332,0.1938251209993885,0.5263157894736842,0.4520547945205479,6.447368421052632,6.808219178082192,2.5833333333333335,2.0,0.8,1.0,0.1479143684109052,0.46153846153846156
2022,6,Utah State Aggies,0.32486297007192644,0.11517272280021147,0.5614035087719298,0.48484848484848486,6.9298245614035086,5.454545454545454,3.4,2.4,0.0,1.0,0.09200021889474656,0.4
2022,6,Utah Utes,0.153470759654974,0.4130771028793464,0.5844155844155844,0.576271186440678,6.376623376623376,9.915254237288135,1.7,3.5,0.75,0.8333333333333334,0.28835718670198995,0.5384615384615384
2022,6,Vanderbilt Commodores,0.09024651314278967,0.607965515263505,0.42105263157894735,0.6101694915254238,5.802631578947368,10.186440677966102,2.1538461538461537,4.083333333333333,0.5,0.6,-0.02581744133071466,0.4117647058823529
2022,6,Virginia Cavaliers,-0.2318694581245554,0.11671132564544678,0.3793103448275862,0.4266666666666667,5.379310344827586,6.333333333333333,1.4166666666666667,2.6153846153846154,0.5,0.5,-0.264212989529898,0.16666666666666666
2022,6,Virginia Tech Hokies,-0.07315512120723724,0.12205217565808978,0.36,0.4,4.706666666666667,7.085714285714285,1.4375,2.5,0.5,1.0,0.0732687123119831,0.2
2022,6,Wake Forest Demon Deacons,0.23293378804960557,0.02703024326144038,0.5645161290322581,0.5,7.82258064516129,5.5,4.090909090909091,0.9090909090909091,0.8333333333333334,0.2,0.21999846041202545,0.2222222222222222
2022,6,Washington Huskies,0.17550587996669198,0.40559063156445824,0.4827586206896552,0.5,6.310344827586207,6.866666666666666,2.8181818181818183,3.8,0.8333333333333334,1.0,0.13416843915331192,0.35714285714285715
2022,6,Washington State Cougars,-0.022436318338894454,0.10114996934282607,0.4918032786885246,0.43478260869565216,5.180327868852459,5.565217391304348,1.1666666666666667,2.727272727272727,1.0,0.4,0.1722150451463202,0.3076923076923077
2022,6,Western Kentucky Hilltoppers,0.1938251209993885,0.20522054912228332,0.4520547945205479,0.5263157894736842,6.808219178082192,6.447368421052632,2.0,2.5833333333333335,1.0,0.8,0.2776307748364551,0.46153846153846156
2022,6,Western Michigan Broncos,-0.08016708493232727,0.19459347688045697,0.3076923076923077,0.5567010309278351,4.131868131868132,6.350515463917525,1.3529411764705883,3.066666666666667,0.6666666666666666,0.7142857142857143,-0.22487183693629592,0.3181818181818182
2022,6,Wisconsin Badgers,0.4075244567287502,-0.018641669803590916,0.5970149253731343,0.3880597014925373,7.7164179104477615,5.029850746268656,4.2,0.6363636363636364,0.75,0.3333333333333333,0.19015894858342297,0.5
2022,6,Wyoming Cowboys,-0.024808088096521668,-0.1064736738171376,0.3559322033898305,0.4507042253521127,5.0508474576271185,5.028169014084507,1.0,1.0769230769230769,0.0,0.6666666666666666,-0.04892988884171774,0.3125
2022,7,Air Force Falcons,0.14485507729378613,-0.23160300674763593,0.5227272727272727,0.45454545454545453,5.636363636363637,5.954545454545454,15.727272727272727,1.75,1.0,0.0,0.14824115988370534,0.6
2022,7,Alabama Crimson Tide,0.3898118114974125,0.21587813752038137,0.4939759036144578,0.5571428571428572,6.734939759036145,8.342857142857143,3.8181818181818183,3.7142857142857144,0.6666666666666666,1.0,0.3804834603831388,0.46153846153846156
2022,7,Arizona Wildcats,0.4585814760692084,0.4361842539108975,0.582089552238806,0.647887323943662,8.014925373134329,9.04225352112676,3.25,4.083333333333333,0.5,0.6666666666666666,0.5315909204157916,0.4
2022,7,Arkansas Razorbacks,0.47149896330949737,0.21160495690476727,0.5487804878048781,0.5070422535211268,8.036585365853659,6.422535211267606,4.7272727272727275,2.3333333333333335,0.7142857142857143,1.0,0.3039581865975351,0.6
2022,7,Arkansas State Red Wolves,-0.08638921332737756,0.0720018913496786,0.3968253968253968,0.4925373134328358,4.412698412698413,5.17910447761194,1.5454545454545454,1.6666666666666667,0.5,1.0,-0.004153307527303696,0.42857142857142855
2022,7,Army Black Knights,0.4222959917167137,-0.012261903379112482,0.6206896551724138,0.421875,8.637931034482758,5.734375,3.8181818181818183,1.7,1.0,0.6666666666666666,0.3419017436656546,0.6363636363636364
2022,7,Auburn Tigers,0.19979717685626103,0.2439826758101929,0.38461538461538464,0.5465116279069767,6.630769230769231,6.511627906976744,2.6153846153846154,3.6923076923076925,0.75,0.75,0.04690811798927632,0.4
2022,7,BYU Cougars,0.21160495690476727,0.47149896330949737,0.5070422535211268,0.5487804878048781,6.422535211267606,8.036585365853659,2.3333333333333335,4.7272727272727275,1.0,0.7142857142857143,0.16519049175760964,0.46153846153846156
2022,7,Ball State Cardinals,0.033033862332754495,-0.1002609511056254,0.45569620253164556,0.43548387096774194,4.493670886075949,5.774193548387097,1.4615384615384615,1.6153846153846154,0.75,1.0,-0.11993121561305277,0.47368421052631576
2022,7,Baylor Bears,0.11596666744777134,0.2502490052659261,0.4857142857142857,0.5526315789473685,9.67142857142857,6.578947368421052,3.076923076923077,3.2857142857142856,0.6,0.5,0.0038614352898938315,0.36363636363636365
2022,7,Bowling Green Falcons,0.03175911132027121,-0.39101019740104676,0.5,0.26,4.647058823529412,3.86,1.4166666666666667,1.1818181818181819,0.3333333333333333,1.0,-0.056755622992148765,0.42857142857142855
2022,7,Buffalo Bulls,0.19352802301828678,-0.26011507240208714,0.4307692307692308,0.3090909090909091,7.476923076923077,3.727272727272727,2.6153846153846154,0.5833333333333334,1.0,0.5,0.009183524724315195,0.38461538461538464
2022,7,California Golden Bears,-0.1979662167529265,-0.2036963852483835,0.3333333333333333,0.3880597014925373,4.138888888888889,4.417910447761194,0.8666666666666667,1.5384615384615385,0.2,0.5,-0.17883428368928297,0.29411764705882354
2022,7,Charlotte 49ers,-0.010311168432235718,0.28183494100968043,0.48,0.5333333333333333,6.62,7.76,1.8181818181818181,2.3333333333333335,1.0,0.5,-0.04097229242324829,0.2
2022,7,Clemson Tigers,0.2125257657124446,0.10715952179835815,0.46153846153846156,0.4868421052631579,5.323076923076923,6.052631578947368,3.090909090909091,2.5454545454545454,0.6666666666666666,0.75,0.16966823985179266,0.5625
2022,7,Coastal Carolina Chanticleers,0.17100174804883345,0.6695932919780413,0.4166666666666667,0.6666666666666666,6.0,11.145833333333334,2.1,5.444444444444445,0.6666666666666666,1.0,-0.03419394592444102,0.3888888888888889
2022,7,Colgate Raiders,-0.012261903379112482,0.4222959917167137,0.421875,0.6206896551724138,5.734375,8.637931034482758,1.7,3.8181818181818183,0.6666666666666666,1.0,-0.021327747943553518,0.42857142857142855
2022,7,Colorado Buffaloes,-0.2036963852483835,-0.1979662167529265,0.3880597014925373,0.3333333333333333,4.417910447761194,4.138888888888889,1.5384615384615385,0.8666666666666667,0.5,0.2,-0.31331311318339133,0.35294117647058826
2022,7,Colorado State Rams,-0.2828542174714984,-0.13586329454556106,0.30303030303030304,0.4125,3.9696969696969697,4.875,0.8666666666666667,0.9444444444444444,0.0,1.0,-0.16790588075915971,0.13333333333333333
2022,7,Duke Blue Devils,0.5005033802295077,0.3269403713444869,0.5362318840579711,0.5694444444444444,8.159420289855072,7.888888888888889,2.9166666666666665,3.1666666666666665,0.6,0.8333333333333334,0.5003158835501507,0.4444444444444444
2022,7,East Carolina Pirates,0.2689941005932318,0.25243813877304394,0.5405405405405406,0.5866666666666667,6.418918918918919,7.173333333333333,2.6363636363636362,3.7142857142857144,0.5714285714285714,0.625,0.223711874924208,0.6666666666666666
2022,7,Eastern Michigan Eagles,-0.310592919588089,0.11642753260750924,0.24489795918367346,0.4032258064516129,5.040816326530612,6.983870967741935,0.6666666666666666,2.4615384615384617,,0.3333333333333333,-0.06701596431872424,0.16666666666666666
2022,7,Florida Gators,0.35907436073836635,0.5430377160801607,0.423728813559322,0.6029411764705882,6.9491525423728815,7.794117647058823,3.5,5.0,0.6666666666666666,0.8,0.5053205449472774,0.5
2022,7,Florida International Panthers,-0.19655701115324692,0.06716977017866053,0.32432432432432434,0.5211267605633803,5.027027027027027,6.549295774647887,0.21428571428571427,2.0,0.5,0.75,0.03897182036329199,0.125
2022,7,Florida State Seminoles,0.10715952179835815,0.2125257657124446,0.4868421052631579,0.46153846153846156,6.052631578947368,5.323076923076923,2.5454545454545454,3.090909090909091,0.75,0.6666666666666666,0.12248478473116786,0.46153846153846156
2022,7,Fresno State Bulldogs,-0.22486028436458472,-0.19778495201697716,0.36363636363636365,0.36923076923076925,4.909090909090909,4.953846153846154,1.0,0.6666666666666666,0.5,0.0,-0.056631454881632105,0.25
2022,7,Gardner-Webb Runnin' Bulldogs,-0.1999254944996956,-0.2789699375629425,0.3333333333333333,0.31666666666666665,4.166666666666667,5.266666666666667,0.9444444444444444,1.105263157894737,0.3333333333333333,0.5,-0.2951995078474283,0.35714285714285715
2022,7,Georgia Bulldogs,0.39846564943973833,-0.32583483863384166,0.5769230769230769,0.2765957446808511,7.435897435897436,3.0,4.363636363636363,0.0,0.75,0.0,0.17263565305620432,0.3076923076923077
2022,7,Georgia Southern Eagles,0.20477653235981338,0.09800894678324118,0.40789473684210525,0.4827586206896552,7.2105263157894735,7.367816091954023,1.7647058823529411,2.111111111111111,0.5,0.5,0.21174524236342002,0.35294117647058826
2022,7,Hawai'i Rainbow Warriors,0.18891995016372565,-0.030964817428453403,0.5,0.3787878787878788,6.2727272727272725,4.545454545454546,3.1,1.6,0.75,0.3333333333333333,0.01130737132496304,0.4117647058823529
2022,7,Illinois Fighting Illini,0.1895157183919634,-0.10371139422059059,0.4642857142857143,0.375,6.035714285714286,4.65,2.6,1.4,0.2,1.0,0.10637668957785955,0.35294117647058826
2022,7,Indiana Hoosiers,0.01033732016881307,0.18426193073391914,0.48,0.4625,5.546666666666667,5.775,2.5384615384615383,2.7142857142857144,0.75,0.8333333333333334,-0.14707670777530993,0.3076923076923077
2022,7,Iowa State Cyclones,0.1440767734311521,0.15087467343059938,0.421875,0.5373134328358209,6.296875,5.6716417910447765,2.1,2.4,0.6666666666666666,0.75,-0.1497033592313528,0.4666666666666667
2022,7,James Madison Dukes,0.09800894678324118,0.20477653235981338,0.4827586206896552,0.40789473684210525,7.367816091954023,7.2105263157894735,2.111111111111111,1.7647058823529411,0.5,0.5,0.17037078080808415,0.375
2022,7,Kent State Golden Flashes,0.006822478853993946,0.3904516454253878,0.4583333333333333,0.5714285714285714,5.458333333333333,6.942857142857143,2.3846153846153846,3.7142857142857144,0.5714285714285714,1.0,0.08810204372071383,0.21428571428571427
2022,7,Kentucky Wildcats,0.23099818621596244,-0.09967935941320785,0.4931506849315068,0.3829787234042553,7.6438356164383565,4.851063829787234,2.7,1.1111111111111112,0.5,1.0,0.1013137237080988,0.4
2022,7,LSU Tigers,0.5430377160801607,0.35907436073836635,0.6029411764705882,0.423728813559322,7.794117647058823,6.9491525423728815,5.0,3.5,0.8,0.6666666666666666,0.24581117100185818,0.5833333333333334
2022,7,Liberty Flames,-0.2789699375629425,-0.1999254944996956,0.31666666666666665,0.3333333333333333,5.266666666666667,4.166666666666667,1.105263157894737,0.9444444444444444,0.5,0.3333333333333333,-0.09424321288647859,0.08333333333333333
2022,7,Louisiana Ragin' Cajuns,0.027953921329407466,-0.16926637145154405,0.4126984126984127,0.48484848484848486,5.4603174603174605,4.5606060606060606,1.9166666666666667,1.1818181818181819,0.3333333333333333,1.0,0.056506320503022935,0.3333333333333333
2022,7,Louisiana Tech Bulldogs,0.28157808728618167,0.45311913605946214,0.5205479452054794,0.47761194029850745,6.917808219178082,10.238805970149254,1.8461538461538463,3.1333333333333333,0.5,0.42857142857142855,0.11837575604969805,0.4375
2022,7,Marshall Thundering Herd,-0.16926637145154405,0.027953921329407466,0.48484848484848486,0.4126984126984127,4.5606060606060606,5.4603174603174605,1.1818181818181819,1.9166666666666667,1.0,0.3333333333333333,-0.03961870176535027,0.09090909090909091
2022,7,Maryland Terrapins,0.18426193073391914,0.01033732016881307,0.4625,0.48,5.775,5.546666666666667,2.7142857142857144,2.5384615384615383,0.8333333333333334,0.75,0.1299011736619668,0.47058823529411764
2022,7,Massachusetts Minutemen,-0.26011507240208714,0.19352802301828678,0.3090909090909091,0.4307692307692308,3.727272727272727,7.476923076923077,0.5833333333333334,2.6153846153846154,0.5,1.0,-0.36843248421237584,0.25
2022,7,Memphis Tigers,0.25243813877304394,0.2689941005932318,0.5866666666666667,0.5405405405405406,7.173333333333333,6.418918918918919,3.7142857142857144,2.6363636363636362,0.625,0.5714285714285714,0.22088679677823134,0.4666666666666667
2022,7,Miami (OH) RedHawks,-0.39101019740104676,0.03175911132027121,0.26,0.5,3.86,4.647058823529412,1.1818181818181819,1.4166666666666667,1.0,0.3333333333333333,-0.5018878929755267,0.4
2022,7,Miami Hurricanes,0.12078633438795805,-0.14398072217985736,0.421875,0.288135593220339,6.96875,3.983050847457627,1.6666666666666667,0.5833333333333334,0.5,0.5,0.12329521471140337,0.4
2022,7,Michigan State Spartans,0.20160242961719632,0.014987013032359461,0.46875,0.45161290322580644,6.140625,4.645161290322581,1.8888888888888888,1.2352941176470589,0.6666666666666666,0.75,0.287599906946222,0.42857142857142855
2022,7,Michigan Wolverines,0.3026981542382059,-0.09587714105844497,0.569620253164557,0.34,7.9113924050632916,5.38,4.1,1.1111111111111112,0.3333333333333333,0.5,0.2886659874290716,0.6470588235294118
2022,7,Middle Tennessee Blue Raiders,-0.35953366432364126,-0.1190253116545223,0.28378378378378377,0.4523809523809524,4.1891891891891895,5.273809523809524,1.0,1.8666666666666667,0.6666666666666666,0.8,-0.3296100919642909,0.125
2022,7,Minnesota Golden Gophers,-0.10371139422059059,0.1895157183919634,0.375,0.4642857142857143,4.65,6.035714285714286,1.4,2.6,1.0,0.2,-0.1405674950643019,0.3333333333333333
2022,7,Mississippi State Bulldogs,-0.09967935941320785,0.23099818621596244,0.3829787234042553,0.4931506849315068,4.851063829787234,7.6438356164383565,1.1111111111111112,2.7,1.0,0.5,0.04488769392756855,0.2727272727272727
2022,7,NC State Wolfpack,-0.025786977477263714,0.241116388277574,0.463768115942029,0.5636363636363636,3.550724637681159,6.9818181818181815,1.0,3.0,0.0,0.5,-0.12372143589891493,0.29411764705882354
2022,7,Navy Midshipmen,0.22140743432924,0.41995042173758795,0.48484848484848486,0.391304347826087,5.424242424242424,9.956521739130435,3.090909090909091,3.3333333333333335,0.75,0.5,0.15106709435996082,0.47619047619047616
2022,7,Nebraska Cornhuskers,0.2522008103819994,0.1998714405236785,0.5,0.5567010309278351,9.153846153846153,6.154639175257732,2.8461538461538463,3.3076923076923075,0.5,0.42857142857142855,0.36135573511899904,0.3333333333333333
2022,7,Nevada Wolf Pack,-0.030964817428453403,0.18891995016372565,0.3787878787878788,0.5,4.545454545454546,6.2727272727272725,1.6,3.1,0.3333333333333333,0.75,-0.09937831688672304,0.3076923076923077
2022,7,New Mexico Lobos,-0.1638884977570602,-0.159685493870215,0.34285714285714286,0.3409090909090909,3.6,4.7272727272727275,0.6923076923076923,1.9090909090909092,0.0,1.0,-0.10161184069682967,0.13333333333333333
2022,7,New Mexico State Aggies,-0.159685493870215,-0.1638884977570602,0.3409090909090909,0.34285714285714286,4.7272727272727275,3.6,1.9090909090909092,0.6923076923076923,1.0,0.0,0.10204594450838425,0.2
2022,7,North Carolina Tar Heels,0.3269403713444869,0.5005033802295077,0.5694444444444444,0.5362318840579711,7.888888888888889,8.159420289855072,3.1666666666666665,2.9166666666666665,0.8333333333333334,0.6,0.16663330536464166,0.38461538461538464
2022,7,North Texas Mean Green,0.45311913605946214,0.28157808728618167,0.47761194029850745,0.5205479452054794,10.238805970149254,6.917808219178082,3.1333333333333333,1.8461538461538463,0.42857142857142855,0.5,0.3403851963439078,0.2727272727272727
2022,7,Northern Illinois Huskies,0.11642753260750924,-0.310592919588089,0.4032258064516129,0.24489795918367346,6.983870967741935,5.040816326530612,2.4615384615384617,0.6666666666666666,0.3333333333333333,,-0.05854148385317429,0.4375
2022,7,Notre Dame Fighting Irish,-0.07888112742392743,-0.0378036985668955,0.4426229508196721,0.4050632911392405,4.770491803278689,4.89873417721519,1.2727272727272727,1.3333333333333333,0.5,1.0,0.036897560622957015,0.25
2022,7,Ohio Bobcats,-0.06917384137278018,-0.3451276081995886,0.391304347826087,0.4262295081967213,6.0144927536231885,5.688524590163935,2.5384615384615383,1.0769230769230769,0.375,0.3333333333333333,-0.01369923022058275,0.23076923076923078
2022,7,Oklahoma State Cowboys,0.07093813816706339,0.26262116557862386,0.4266666666666667,0.5060240963855421,5.173333333333333,6.144578313253012,2.3529411764705883,2.8666666666666667,0.5714285714285714,0.5714285714285714,0.07495982291405662,0.29411764705882354
2022,7,Old Dominion Monarchs,0.6695932919780413,0.17100174804883345,0.6666666666666666,0.4166666666666667,11.145833333333334,6.0,5.444444444444445,2.1,1.0,0.6666666666666666,0.6988683590074865,0.5
2022,7,Ole Miss Rebels,0.2439826758101929,0.19979717685626103,0.5465116279069767,0.38461538461538464,6.511627906976744,6.630769230769231,3.6923076923076925,2.6153846153846154,0.75,0.75,0.2475626996972344,0.5
2022,7,Oregon State Beavers,0.04765380349229364,-0.09897450679862821,0.5,0.35135135135135137,5.088235294117647,4.972972972972973,2.0,0.8333333333333334,0.6,0.3333333333333333,0.09509225105339626,0.35714285714285715
2022,7,Penn State Nittany Lions,-0.09587714105844497,0.3026981542382059,0.34,0.569620253164557,5.38,7.9113924050632916,1.1111111111111112,4.1,0.5,0.3333333333333333,-0.0939656798453892,0.3333333333333333
2022,7,Purdue Boilermakers,0.1998714405236785,0.2522008103819994,0.5567010309278351,0.5,6.154639175257732,9.153846153846153,3.3076923076923075,2.8461538461538463,0.42857142857142855,0.5,0.0977531490446646,0.375
2022,7,SMU Mustangs,0.41995042173758795,0.22140743432924,0.391304347826087,0.48484848484848486,9.956521739130435,5.424242424242424,3.3333333333333335,3.090909090909091,0.5,0.75,0.37020158445512924,0.3333333333333333
2022,7,San José State Spartans,-0.19778495201697716,-0.22486028436458472,0.36923076923076925,0.36363636363636365,4.953846153846154,4.909090909090909,0.6666666666666666,1.0,0.0,0.5,-0.10679731726646423,0.21428571428571427
2022,7,South Alabama Jaguars,0.3542014879839761,0.19658795318433217,0.4714285714285714,0.35714285714285715,9.028571428571428,7.839285714285714,3.1538461538461537,2.8333333333333335,0.42857142857142855,0.5,0.39681572360651834,0.46153846153846156
2022,7,South Florida Bulls,0.07511424541473388,0.3033763730809802,0.4,0.5119047619047619,7.56,6.785714285714286,2.2142857142857144,3.2142857142857144,0.6666666666666666,0.5555555555555556,0.22620036253115025,0.2222222222222222
2022,7,Southern Miss Golden Eagles,0.0720018913496786,-0.08638921332737756,0.4925373134328358,0.3968253968253968,5.17910447761194,4.412698412698413,1.6666666666666667,1.5454545454545454,1.0,0.5,-0.021535910367965698,0.35714285714285715
2022,7,Stanford Cardinal,-0.0378036985668955,-0.07888112742392743,0.4050632911392405,0.4426229508196721,4.89873417721519,4.770491803278689,1.3333333333333333,1.2727272727272727,1.0,0.5,-0.03619712493458732,0.4375
2022,7,Syracuse Orange,0.241116388277574,-0.025786977477263714,0.5636363636363636,0.463768115942029,6.9818181818181815,3.550724637681159,3.0,1.0,0.5,0.0,0.16778188149134318,0.4444444444444444
2022,7,TCU Horned Frogs,0.26262116557862386,0.07093813816706339,0.5060240963855421,0.4266666666666667,6.144578313253012,5.173333333333333,2.8666666666666667,2.3529411764705883,0.5714285714285714,0.5714285714285714,0.4094031701485316,0.15384615384615385
2022,7,Temple Owls,-0.06151040129258599,0.7392508321825195,0.352112676056338,0.6764705882352942,4.408450704225352,10.867647058823529,1.0833333333333333,5.833333333333333,0.5,1.0,-0.06768989047178856,0.4117647058823529
2022,7,Tennessee Volunteers,0.21587813752038137,0.3898118114974125,0.5571428571428572,0.4939759036144578,8.342857142857143,6.734939759036145,3.7142857142857144,3.8181818181818183,1.0,0.6666666666666666,0.3104435380162864,0.4
2022,7,Texas Longhorns,0.15087467343059938,0.1440767734311521,0.5373134328358209,0.421875,5.6716417910447765,6.296875,2.4,2.1,0.75,0.6666666666666666,0.15793658105226663,0.46153846153846156
2022,7,Texas State Bobcats,-0.16828603991146746,-0.04131594837689009,0.3620689655172414,0.3770491803278688,4.9655172413793105,6.688524590163935,1.0769230769230769,1.3076923076923077,1.0,0.0,-0.146382756176449,0.26666666666666666
2022,7,Toledo Rockets,0.3904516454253878,0.006822478853993946,0.5714285714285714,0.4583333333333333,6.942857142857143,5.458333333333333,3.7142857142857144,2.3846153846153846,1.0,0.5714285714285714,0.3166579943999909,0.5
2022,7,Troy Trojans,-0.04131594837689009,-0.16828603991146746,0.3770491803278688,0.3620689655172414,6.688524590163935,4.9655172413793105,1.3076923076923077,1.0769230769230769,0.0,1.0,0.10833114142320593,0.16666666666666666
2022,7,Tulane Green Wave,0.3033763730809802,0.07511424541473388,0.5119047619047619,0.4,6.785714285714286,7.56,3.2142857142857144,2.2142857142857144,0.5555555555555556,0.6666666666666666,0.18677692091654216,0.35294117647058826
2022,7,UAB Blazers,0.28183494100968043,-0.010311168432235718,0.5333333333333333,0.48,7.76,6.62,2.3333333333333335,1.8181818181818181,0.5,1.0,0.3021844935057492,0.3076923076923077
2022,7,UCF Knights,0.7392508321825195,-0.06151040129258599,0.6764705882352942,0.352112676056338,10.867647058823529,4.408450704225352,5.833333333333333,1.0833333333333333,1.0,0.5,0.59540187756894,0.7777777777777778
2022,7,UConn Huskies,-0.1002609511056254,0.033033862332754495,0.43548387096774194,0.45569620253164556,5.774193548387097,4.493670886075949,1.6153846153846154,1.4615384615384615,1.0,0.75,0.02095225161832312,0.2857142857142857
2022,7,UL Monroe Warhawks,0.19658795318433217,0.3542014879839761,0.35714285714285715,0.4714285714285714,7.839285714285714,9.028571428571428,2.8333333333333335,3.1538461538461537,0.5,0.42857142857142855,0.2359971801439921,0.16666666666666666
2022,7,UNLV Rebels,-0.23160300674763593,0.14485507729378613,0.45454545454545453,0.5227272727272727,5.954545454545454,5.636363636363637,1.75,15.727272727272727,0.0,1.0,-0.19952652603387833,0.6666666666666666
2022,7,USC Trojans,0.4192611270624658,0.4720630692197131,0.5362318840579711,0.5714285714285714,7.898550724637682,7.103896103896104,3.8181818181818183,4.3,1.0,0.75,0.29801330407117976,0.4444444444444444
2022,7,UTSA Roadrunners,0.06716977017866053,-0.19655701115324692,0.5211267605633803,0.32432432432432434,6.549295774647887,5.027027027027027,2.0,0.21428571428571427,0.75,0.5,0.06503156071359462,0.2857142857142857
2022,7,Utah State Aggies,-0.13586329454556106,-0.2828542174714984,0.4125,0.30303030303030304,4.875,3.9696969696969697,0.9444444444444444,0.8666666666666667,1.0,0.0,-0.11335579876322299,0.3125
2022,7,Utah Utes,0.4720630692197131,0.4192611270624658,0.5714285714285714,0.5362318840579711,7.103896103896104,7.898550724637682,4.3,3.8181818181818183,0.75,1.0,0.32833408812681836,0.5
2022,7,Vanderbilt Commodores,-0.32583483863384166,0.39846564943973833,0.2765957446808511,0.5769230769230769,3.0,7.435897435897436,0.0,4.363636363636363,0.0,0.75,-0.38372734459963714,0.38461538461538464
2022,7,Virginia Tech Hokies,-0.14398072217985736,0.12078633438795805,0.288135593220339,0.421875,3.983050847457627,6.96875,0.5833333333333334,1.6666666666666667,0.5,0.5,-0.20666482630703184,0.2857142857142857
2022,7,Washington Huskies,0.4361842539108975,0.4585814760692084,0.647887323943662,0.582089552238806,9.04225352112676,8.014925373134329,4.083333333333333,3.25,0.6666666666666666,0.5,0.48217913710464866,0.6
2022,7,Washington State Cougars,-0.09897450679862821,0.04765380349229364,0.35135135135135137,0.5,4.972972972972973,5.088235294117647,0.8333333333333334,2.0,0.3333333333333333,0.6,-0.05788766325644727,0.35294117647058826
2022,7,West Virginia Mountaineers,0.2502490052659261,0.11596666744777134,0.5526315789473685,0.4857142857142857,6.578947368421052,9.67142857142857,3.2857142857142856,3.076923076923077,0.5,0.6,0.28308529125862436,0.5
2022,7,Western Kentucky Hilltoppers,-0.1190253116545223,-0.35953366432364126,0.4523809523809524,0.28378378378378377,5.273809523809524,4.1891891891891895,1.8666666666666667,1.0,0.8,0.6666666666666666,0.016764484586254243,0.35294117647058826
2022,7,Western Michigan Broncos,-0.3451276081995886,-0.06917384137278018,0.4262295081967213,0.391304347826087,5.688524590163935,6.0144927536231885,1.0769230769230769,2.5384615384615383,0.3333333333333333,0.375,-0.17956422052035728,0.4
2022,7,Wisconsin Badgers,0.014987013032359461,0.20160242961719632,0.45161290322580644,0.46875,4.645161290322581,6.140625,1.2352941176470589,1.8888888888888888,0.75,0.6666666666666666,-0.14990055250624815,0.25
2022,8,Air Force Falcons,-0.06444928731958745,0.07102194352675292,0.3898305084745763,0.4745762711864407,5.271186440677966,6.372881355932203,1.4,1.2,0.6666666666666666,0.3333333333333333,-0.03626136380163106,0.35714285714285715
2022,8,Akron Zips,0.09519633349208605,0.2006905516309123,0.5,0.43548387096774194,5.761904761904762,7.080645161290323,2.076923076923077,2.1666666666666665,0.3333333333333333,0.5,-0.03948783188585251,0.47058823529411764
2022,8,Alabama Crimson Tide,-0.051433858228847384,-0.09148759591853482,0.34375,0.3793103448275862,4.765625,3.367816091954023,2.5,0.5,0.5,0.5,-0.20626777759257783,0.35294117647058826
2022,8,Appalachian State Mountaineers,0.28182734058397574,-0.21385341696441174,0.5365853658536586,0.328125,5.7439024390243905,5.078125,3.230769230769231,1.3076923076923077,1.0,1.0,0.18906586582844073,0.23076923076923078
2022,8,Arizona State Sun Devils,-0.02503903259833654,-0.07238508760929108,0.4,0.4125,5.916666666666667,5.1125,0.6363636363636364,1.25,1.0,0.0,-0.04632343451182048,0.3076923076923077
2022,8,Arkansas State Red Wolves,-0.12304003093883677,0.09495935155901798,0.32075471698113206,0.46511627906976744,5.113207547169812,6.232558139534884,0.9230769230769231,2.7142857142857144,0.0,1.0,0.08778231865948155,0.0
2022,8,Army Black Knights,0.5310747832991183,0.04451610291233429,0.625,0.5192307692307693,7.796875,6.326923076923077,4.0,2.1818181818181817,0.6666666666666666,0.5,0.40240564445654553,0.25
2022,8,BYU Cougars,-0.16393978774547577,0.32283066590627035,0.34,0.5466666666666666,5.16,7.226666666666667,1.2727272727272727,3.727272727272727,1.0,0.6,-0.07439233942164315,0.18181818181818182
2022,8,Ball State Cardinals,-0.22973261624574662,0.0725035270055135,0.43333333333333335,0.46153846153846156,5.616666666666666,4.705128205128205,1.7777777777777777,2.0,0.5,1.0,-0.24974082695676925,0.38461538461538464
2022,8,Baylor Bears,0.1814598698168993,-0.014825954101979733,0.5125,0.375,5.5125,6.041666666666667,3.1818181818181817,2.090909090909091,0.7142857142857143,0.6666666666666666,0.012640830434736659,0.4
2022,8,Boise State Broncos,0.07102194352675292,-0.06444928731958745,0.4745762711864407,0.3898305084745763,6.372881355932203,5.271186440677966,1.2,1.4,0.3333333333333333,0.6666666666666666,0.040258652166179985,0.4166666666666667
2022,8,Boston College Eagles,-0.11123835744664949,0.20981435356913386,0.38235294117647056,0.43243243243243246,4.632352941176471,5.77027027027027,1.1538461538461537,3.3076923076923075,0.5,1.0,-0.033397620699057974,0.29411764705882354
2022,8,Bowling Green Falcons,0.01894091454244429,-0.21763786772886912,0.4032258064516129,0.4,6.483870967741935,6.166666666666667,1.6666666666666667,0.25,0.5,0.5,-0.03752859001574309,0.14285714285714285
2022,8,California Golden Bears,0.12221934199333191,0.26339322437600393,0.4307692307692308,0.5853658536585366,4.707692307692308,5.817073170731708,2.1,2.5454545454545454,1.0,0.5,-0.03584930173894192,0.3333333333333333
2022,8,Central Michigan Chippewas,-0.21763786772886912,0.01894091454244429,0.4,0.4032258064516129,6.166666666666667,6.483870967741935,0.25,1.6666666666666667,0.5,0.5,-0.19189000907151596,0.3333333333333333
2022,8,Charlotte 49ers,-0.08559542724064419,0.048971361677411576,0.4142857142857143,0.49295774647887325,4.8,5.845070422535211,1.25,2.8333333333333335,0.6666666666666666,0.7142857142857143,0.04068791751678173,0.35714285714285715
2022,8,Cincinnati Bearcats,-0.0674467459321022,-0.21695061495055012,0.3611111111111111,0.3283582089552239,4.875,3.5074626865671643,1.8125,1.4285714285714286,0.25,0.8,-0.08176741242408753,0.4
2022,8,Clemson Tigers,-0.03608169504219577,-0.011854906127137958,0.4880952380952381,0.4339622641509434,6.630952380952381,5.528301886792453,1.4615384615384615,1.1666666666666667,0.5,1.0,-0.08541113860332049,0.3333333333333333
2022,8,Colorado Buffaloes,-0.35464221918792055,0.21241661626845598,0.3508771929824561,0.5625,5.824561403508772,7.4375,0.75,3.1818181818181817,0.3333333333333333,0.8,-0.13024085015058517,0.18181818181818182
2022,8,Colorado State Rams,0.0663074544734425,-0.09237996386546715,0.4126984126984127,0.4117647058823529,6.142857142857143,5.03921568627451,2.125,1.3,0.5,0.3333333333333333,0.17552098780870437,0.25
2022,8,Duke Blue Devils,0.07846959829330444,0.009465566452811746,0.4307692307692308,0.5294117647058824,5.184615384615385,5.411764705882353,2.375,1.4,0.7142857142857143,1.0,-0.15942840526501337,0.26666666666666666
2022,8,East Carolina Pirates,0.3383217694154426,0.055463853346950864,0.5074626865671642,0.5294117647058824,6.791044776119403,6.235294117647059,3.7777777777777777,1.4444444444444444,0.4,0.25,0.14787144500475663,0.5714285714285714
2022,8,Eastern Michigan Eagles,0.0725035270055135,-0.22973261624574662,0.46153846153846156,0.43333333333333335,4.705128205128205,5.616666666666666,2.0,1.7777777777777777,1.0,0.5,0.05164133896261959,0.5
2022,8,Florida Atlantic Owls,-0.01633297587777006,0.06416247807331939,0.46551724137931033,0.43283582089552236,5.844827586206897,7.223880597014926,0.5833333333333334,2.1818181818181817,0.5,0.4,0.29361298664108565,0.36363636363636365
2022,8,Florida International Panthers,0.048971361677411576,-0.08559542724064419,0.49295774647887325,0.4142857142857143,5.845070422535211,4.8,2.8333333333333335,1.25,0.7142857142857143,0.6666666666666666,0.11569740516798836,0.3333333333333333
2022,8,Fresno State Bulldogs,0.14786732835429056,-0.4039215628396381,0.5285714285714286,0.2727272727272727,6.457142857142857,3.1363636363636362,3.4545454545454546,0.8181818181818182,0.5,0.0,0.14404267235235735,0.5333333333333333
2022,8,Georgia Southern Eagles,0.12749008050090388,0.0018062232459177736,0.5,0.39344262295081966,5.4605263157894735,6.459016393442623,1.9090909090909092,2.090909090909091,1.0,0.2,0.13418029608397647,0.4
2022,8,Georgia State Panthers,-0.21385341696441174,0.28182734058397574,0.328125,0.5365853658536586,5.078125,5.7439024390243905,1.3076923076923077,3.230769230769231,1.0,1.0,-0.11931230545043946,0.2857142857142857
2022,8,Georgia Tech Yellow Jackets,-0.4263839948258988,-0.24554801406994672,0.2876712328767123,0.352112676056338,3.0273972602739727,6.042253521126761,0.2,1.0,0.0,0.3333333333333333,-0.2126719048794578,0.2857142857142857
2022,8,Hawai'i Rainbow Warriors,-0.09237996386546715,0.0663074544734425,0.4117647058823529,0.4126984126984127,5.03921568627451,6.142857142857143,1.3,2.125,0.3333333333333333,0.5,-0.026406382903074607,0.25
2022,8,Houston Cougars,0.0451927695955549,-0.08129153672664885,0.5079365079365079,0.4126984126984127,7.746031746031746,5.587301587301587,3.1666666666666665,0.7,0.8333333333333334,1.0,-0.14253195207946154,0.5
2022,8,Indiana Hoosiers,-0.2815016802968615,0.003162002811829249,0.423728813559322,0.4305555555555556,4.9491525423728815,4.486111111111111,0.6666666666666666,1.8461538461538463,0.5,1.0,-0.14312288450433852,0.16666666666666666
2022,8,Iowa Hawkeyes,-0.8716532853195222,-0.05555085275993973,0.23728813559322035,0.4918032786885246,3.3389830508474576,6.786885245901639,0.1875,2.9375,,0.5714285714285714,-0.796858858139742,0.07692307692307693
2022,8,James Madison Dukes,-0.542153605673876,-0.3877425505905538,0.2361111111111111,0.2702702702702703,4.402777777777778,4.283783783783784,0.4090909090909091,0.8260869565217391,0.3333333333333333,0.5,-0.24666968288903052,0.0
2022,8,Kansas Jayhawks,-0.014825954101979733,0.1814598698168993,0.375,0.5125,6.041666666666667,5.5125,2.090909090909091,3.1818181818181817,0.6666666666666666,0.7142857142857143,-0.30182031438582474,0.36363636363636365
2022,8,Kansas State Wildcats,0.12717728689312935,0.1784296151769312,0.38461538461538464,0.4430379746835443,7.615384615384615,5.658227848101266,2.3333333333333335,2.5833333333333335,1.0,1.0,0.05676244853473291,0.3333333333333333
2022,8,Kent State Golden Flashes,0.2006905516309123,0.09519633349208605,0.43548387096774194,0.5,7.080645161290323,5.761904761904762,2.1666666666666665,2.076923076923077,0.5,0.3333333333333333,0.1659825158362486,0.25
2022,8,LSU Tigers,0.4521487641491388,0.027581106043524213,0.7236842105263158,0.4583333333333333,6.973684210526316,5.541666666666667,4.5,1.8181818181818181,0.8333333333333334,0.4,0.4403752409853041,0.45454545454545453
2022,8,Liberty Flames,0.32283066590627035,-0.16393978774547577,0.5466666666666666,0.34,7.226666666666667,5.16,3.727272727272727,1.2727272727272727,0.6,1.0,0.2377615903244644,0.4166666666666667
2022,8,Louisiana Ragin' Cajuns,0.09495935155901798,-0.12304003093883677,0.46511627906976744,0.32075471698113206,6.232558139534884,5.113207547169812,2.7142857142857144,0.9230769230769231,1.0,0.0,0.00794307287059613,0.5555555555555556
2022,8,Louisiana Tech Bulldogs,0.05488042136033376,0.2803808005792754,0.41333333333333333,0.45714285714285713,4.8,7.128571428571429,2.5625,3.0,0.6666666666666666,0.8,-0.036498671432711044,0.23529411764705882
2022,8,Louisville Cardinals,-0.09187624129382047,-0.39289059730676507,0.34545454545454546,0.36923076923076925,6.0181818181818185,5.815384615384615,1.3076923076923077,0.7142857142857143,1.0,0.3333333333333333,-0.0582334239308427,0.25
2022,8,Marshall Thundering Herd,-0.3877425505905538,-0.542153605673876,0.2702702702702703,0.2361111111111111,4.283783783783784,4.402777777777778,0.8260869565217391,0.4090909090909091,0.5,0.3333333333333333,-0.3369978707697656,0.1111111111111111
2022,8,Maryland Terrapins,0.19866962181894401,-0.06994955867960834,0.4342105263157895,0.4927536231884058,5.657894736842105,5.188405797101449,2.0,2.0,0.5,0.75,0.17742662712679072,0.5333333333333333
2022,8,Memphis Tigers,0.18688368475114978,0.053239753280860794,0.527027027027027,0.4492753623188406,5.45945945945946,5.0,2.3333333333333335,2.5833333333333335,0.6666666666666666,0.8,0.1439067700079509,0.2857142857142857
2022,8,Miami (OH) RedHawks,-0.00024219331416216764,-0.3156237671417849,0.36363636363636365,0.21428571428571427,5.318181818181818,3.5,1.9166666666666667,4.916666666666667,0.3333333333333333,0.5,-0.11880906671285629,0.2
2022,8,Miami Hurricanes,0.009465566452811746,0.07846959829330444,0.5294117647058824,0.4307692307692308,5.411764705882353,5.184615384615385,1.4,2.375,1.0,0.7142857142857143,-0.185429388622068,0.25
2022,8,Minnesota Golden Gophers,-0.06092054385747483,0.21892434247394107,0.417910447761194,0.4925373134328358,5.582089552238806,7.746268656716418,1.3076923076923077,3.2142857142857144,0.5,1.0,-0.0001521534195133284,0.07692307692307693
2022,8,Mississippi State Bulldogs,-0.09148759591853482,-0.051433858228847384,0.3793103448275862,0.34375,3.367816091954023,4.765625,0.5,2.5,0.5,0.5,-0.08578020056425514,0.3181818181818182
2022,8,Missouri Tigers,-0.2256845853158406,-0.2166855750789105,0.3968253968253968,0.30985915492957744,5.095238095238095,4.126760563380282,1.3076923076923077,0.5,0.3333333333333333,0.0,-0.2210815074492474,0.5
2022,8,Navy Midshipmen,-0.08129153672664885,0.0451927695955549,0.4126984126984127,0.5079365079365079,5.587301587301587,7.746031746031746,0.7,3.1666666666666665,1.0,0.8333333333333334,-0.06713265018618625,0.5
2022,8,Nevada Wolf Pack,-0.4224406417648671,-0.0641117652412504,0.288135593220339,0.359375,4.711864406779661,5.109375,0.0,1.4545454545454546,0.0,0.0,-0.42599464224444494,0.25
2022,8,New Mexico Lobos,-0.4039215628396381,0.14786732835429056,0.2727272727272727,0.5285714285714286,3.1363636363636362,6.457142857142857,0.8181818181818182,3.4545454545454546,0.0,0.5,-0.2643014257773757,0.16666666666666666
2022,8,North Texas Mean Green,0.07462256854655695,0.16038286088259665,0.29411764705882354,0.5164835164835165,6.882352941176471,5.758241758241758,1.9285714285714286,2.3846153846153846,1.0,0.6666666666666666,-0.09666334374530895,0.35714285714285715
2022,8,Northern Illinois Huskies,0.05576614593155682,0.18776518311993828,0.421875,0.43103448275862066,5.859375,6.155172413793103,1.1666666666666667,1.6,0.3333333333333333,0.3333333333333333,0.15533015034768893,0.2857142857142857
2022,8,Northwestern Wildcats,-0.06994955867960834,0.19866962181894401,0.4927536231884058,0.4342105263157895,5.188405797101449,5.657894736842105,2.0,2.0,0.75,0.5,-0.16361471679475573,0.5714285714285714
2022,8,Notre Dame Fighting Irish,-0.0030676865414397355,-0.023032653634831056,0.5068493150684932,0.3559322033898305,5.424657534246576,5.271186440677966,2.933333333333333,1.4,0.625,1.0,0.06381787766109813,0.47058823529411764
2022,8,Ohio Bobcats,0.18776518311993828,0.05576614593155682,0.43103448275862066,0.421875,6.155172413793103,5.859375,1.6,1.1666666666666667,0.3333333333333333,0.3333333333333333,0.016954785043543034,0.42857142857142855
2022,8,Ohio State Buckeyes,-0.05555085275993973,-0.8716532853195222,0.4918032786885246,0.23728813559322035,6.786885245901639,3.3389830508474576,2.9375,0.1875,0.5714285714285714,,-0.058406362268659806,0.07692307692307693
2022,8,Oklahoma State Cowboys,0.08905669341662101,-0.08807936697094529,0.4489795918367347,0.345679012345679,5.581632653061225,6.753086419753086,2.1578947368421053,1.7894736842105263,0.8,0.3333333333333333,0.1035102239185119,0.42105263157894735
2022,8,Old Dominion Monarchs,0.0018062232459177736,0.12749008050090388,0.39344262295081966,0.5,6.459016393442623,5.4605263157894735,2.090909090909091,1.9090909090909092,0.2,1.0,0.17314406563626958,0.2
2022,8,Ole Miss Rebels,0.027581106043524213,0.4521487641491388,0.4583333333333333,0.7236842105263158,5.541666666666667,6.973684210526316,1.8181818181818181,4.5,0.4,0.8333333333333334,0.1082496282301451,0.3076923076923077
2022,8,Oregon Ducks,0.4986627150226284,0.34484517486656413,0.581081081081081,0.5882352941176471,7.364864864864865,6.382352941176471,5.0,3.3333333333333335,0.8,0.25,0.339221142106137,0.45454545454545453
2022,8,Oregon State Beavers,0.21241661626845598,-0.35464221918792055,0.5625,0.3508771929824561,7.4375,5.824561403508772,3.1818181818181817,0.75,0.8,0.3333333333333333,0.17947829470914953,0.6363636363636364
2022,8,Penn State Nittany Lions,0.21892434247394107,-0.06092054385747483,0.4925373134328358,0.417910447761194,7.746268656716418,5.582089552238806,3.2142857142857144,1.3076923076923077,1.0,0.5,0.17468379708853635,0.45454545454545453
2022,8,Pittsburgh Panthers,-0.39289059730676507,-0.09187624129382047,0.36923076923076925,0.34545454545454546,5.815384615384615,6.0181818181818185,0.7142857142857143,1.3076923076923077,0.3333333333333333,1.0,-0.32017806057746595,0.36363636363636365
2022,8,Purdue Boilermakers,0.10006614431346718,0.22350410496195158,0.4605263157894737,0.4791666666666667,6.144736842105263,8.270833333333334,1.2142857142857142,2.5454545454545454,0.6,1.0,0.15080909051916055,0.3125
2022,8,Rice Owls,0.2803808005792754,0.05488042136033376,0.45714285714285713,0.41333333333333333,7.128571428571429,4.8,3.0,2.5625,0.8,0.6666666666666666,0.265262659225199,0.46153846153846156
2022,8,Rutgers Scarlet Knights,0.003162002811829249,-0.2815016802968615,0.4305555555555556,0.423728813559322,4.486111111111111,4.9491525423728815,1.8461538461538463,0.6666666666666666,1.0,0.5,0.04018571860385391,0.29411764705882354
2022,8,SMU Mustangs,-0.21695061495055012,-0.0674467459321022,0.3283582089552239,0.3611111111111111,3.5074626865671643,4.875,1.4285714285714286,1.8125,0.8,0.25,-0.10261810570955276,0.07142857142857142
2022,8,San Diego State Aztecs,-0.0641117652412504,-0.4224406417648671,0.359375,0.288135593220339,5.109375,4.711864406779661,1.4545454545454546,0.0,0.0,0.0,-0.14571324860056242,0.3125
2022,8,South Alabama Jaguars,-0.13959704469593745,-0.19600280679640222,0.4444444444444444,0.4262295081967213,4.444444444444445,4.459016393442623,0.5454545454545454,1.0,0.0,0.5,-0.15295205386925717,0.3076923076923077
2022,8,South Carolina Gamecocks,-0.2878302302906069,-0.21973488617100215,0.3728813559322034,0.4342105263157895,5.016949152542373,5.342105263157895,2.0,1.411764705882353,0.6,0.5,-0.4036532013222229,0.4
2022,8,Southern Miss Golden Eagles,-0.1990060016915605,-0.2551978358378013,0.3918918918918919,0.2833333333333333,4.824324324324325,5.05,1.3333333333333333,1.0,0.5,1.0,-0.2052099130771778,0.3684210526315789
2022,8,Stanford Cardinal,-0.07238508760929108,-0.02503903259833654,0.4125,0.4,5.1125,5.916666666666667,1.25,0.6363636363636364,0.0,1.0,0.016074436806863355,0.4117647058823529
2022,8,Syracuse Orange,-0.011854906127137958,-0.03608169504219577,0.4339622641509434,0.4880952380952381,5.528301886792453,6.630952380952381,1.1666666666666667,1.4615384615384615,1.0,0.5,0.16345436800093877,0.1
2022,8,TCU Horned Frogs,0.1784296151769312,0.12717728689312935,0.4430379746835443,0.38461538461538464,5.658227848101266,7.615384615384615,2.5833333333333335,2.3333333333333335,1.0,1.0,0.003371318866466654,0.4117647058823529
2022,8,Temple Owls,-0.2640820900871329,-0.10298966167165953,0.2465753424657534,0.4411764705882353,3.9315068493150687,7.25,0.6,1.8,0.0,0.6666666666666666,-0.23325665967137205,0.2222222222222222
2022,8,Tennessee Volunteers,0.44652214035930404,-0.031085578038504248,0.5060240963855421,0.4342105263157895,8.602409638554217,5.276315789473684,4.333333333333333,1.2142857142857142,0.8571428571428571,0.5,0.17844262142335215,0.6
2022,8,Texas A&M Aggies,-0.21973488617100215,-0.2878302302906069,0.4342105263157895,0.3728813559322034,5.342105263157895,5.016949152542373,1.411764705882353,2.0,0.5,0.6,-0.27780621095758967,0.21428571428571427
2022,8,Texas Longhorns,-0.08807936697094529,0.08905669341662101,0.345679012345679,0.4489795918367347,6.753086419753086,5.581632653061225,1.7894736842105263,2.1578947368421053,0.3333333333333333,0.8,0.1864456157049825,0.17647058823529413
2022,8,Texas State Bobcats,-0.2551978358378013,-0.1990060016915605,0.2833333333333333,0.3918918918918919,5.05,4.824324324324325,1.0,1.3333333333333333,1.0,0.5,-0.1608314287331369,0.07692307692307693
2022,8,Texas Tech Red Raiders,0.1672149223028397,-0.08772202242504466,0.45918367346938777,0.42424242424242425,5.887755102040816,4.424242424242424,3.4285714285714284,0.7692307692307693,0.8333333333333334,0.0,0.05693018871049086,0.35
2022,8,Troy Trojans,-0.19600280679640222,-0.13959704469593745,0.4262295081967213,0.4444444444444444,4.459016393442623,4.444444444444445,1.0,0.5454545454545454,0.5,0.0,-0.042080863662388016,0.07692307692307693
2022,8,Tulane Green Wave,0.053239753280860794,0.18688368475114978,0.4492753623188406,0.527027027027027,5.0,5.45945945945946,2.5833333333333335,2.3333333333333335,0.8,0.6666666666666666,0.11780845556619032,0.35714285714285715
2022,8,Tulsa Golden Hurricane,-0.10298966167165953,-0.2640820900871329,0.4411764705882353,0.2465753424657534,7.25,3.9315068493150687,1.8,0.6,0.6666666666666666,0.0,-0.03097147610166977,0.1
2022,8,UAB Blazers,-0.2197410281823606,-0.010831494291778654,0.3673469387755102,0.46875,6.020408163265306,5.609375,1.1333333333333333,1.5384615384615385,0.3333333333333333,0.6666666666666666,-0.38135545034157603,0.2727272727272727
2022,8,UCF Knights,0.055463853346950864,0.3383217694154426,0.5294117647058824,0.5074626865671642,6.235294117647059,6.791044776119403,1.4444444444444444,3.7777777777777777,0.25,0.4,-0.07040497126444331,0.4166666666666667
2022,8,UCLA Bruins,0.34484517486656413,0.4986627150226284,0.5882352941176471,0.581081081081081,6.382352941176471,7.364864864864865,3.3333333333333335,5.0,0.25,0.8,0.3492495687502735,0.5
2022,8,UL Monroe Warhawks,0.04451610291233429,0.5310747832991183,0.5192307692307693,0.625,6.326923076923077,7.796875,2.1818181818181817,4.0,0.5,0.6666666666666666,0.23876410032190928,0.4444444444444444
2022,8,UNLV Rebels,-0.023032653634831056,-0.0030676865414397355,0.3559322033898305,0.5068493150684932,5.271186440677966,5.424657534246576,1.4,2.933333333333333,1.0,0.625,0.07782805419486502,0.0
2022,8,UT Martin Skyhawks,-0.031085578038504248,0.44652214035930404,0.4342105263157895,0.5060240963855421,5.276315789473684,8.602409638554217,1.2142857142857142,4.333333333333333,0.5,0.8571428571428571,0.05229662190521917,0.25
2022,8,UTEP Miners,0.06416247807331939,-0.01633297587777006,0.43283582089552236,0.46551724137931033,7.223880597014926,5.844827586206897,2.1818181818181817,0.5833333333333334,0.4,0.5,-0.043641622419710514,0.46153846153846156
2022,8,UTSA Roadrunners,0.16038286088259665,0.07462256854655695,0.5164835164835165,0.29411764705882354,5.758241758241758,6.882352941176471,2.3846153846153846,1.9285714285714286,0.6666666666666666,1.0,0.09434423180563109,0.4444444444444444
2022,8,Utah State Aggies,-0.16242604101857833,0.21860194325447083,0.3225806451612903,0.5466666666666666,3.5,7.066666666666666,1.1666666666666667,1.8666666666666667,1.0,1.0,-0.17356991238064237,0.3333333333333333
2022,8,Vanderbilt Commodores,-0.2166855750789105,-0.2256845853158406,0.30985915492957744,0.3968253968253968,4.126760563380282,5.095238095238095,0.5,1.3076923076923077,0.0,0.3333333333333333,-0.3388209847771392,0.3888888888888889
2022,8,Virginia Cavaliers,-0.24554801406994672,-0.4263839948258988,0.352112676056338,0.2876712328767123,6.042253521126761,3.0273972602739727,1.0,0.2,0.3333333333333333,0.0,-0.036356404694643886,0.07142857142857142
2022,8,Wake Forest Demon Deacons,0.20981435356913386,-0.11123835744664949,0.43243243243243246,0.38235294117647056,5.77027027027027,4.632352941176471,3.3076923076923075,1.1538461538461537,1.0,0.5,0.06446913617556213,0.4166666666666667
2022,8,Washington Huskies,0.26339322437600393,0.12221934199333191,0.5853658536585366,0.4307692307692308,5.817073170731708,4.707692307692308,2.5454545454545454,2.1,0.5,1.0,0.15441222582012415,0.47058823529411764
2022,8,West Virginia Mountaineers,-0.08772202242504466,0.1672149223028397,0.42424242424242425,0.45918367346938777,4.424242424242424,5.887755102040816,0.7692307692307693,3.4285714285714284,0.0,0.8333333333333334,0.040601407289505,0.2857142857142857
2022,8,Western Kentucky Hilltoppers,-0.010831494291778654,-0.2197410281823606,0.46875,0.3673469387755102,5.609375,6.020408163265306,1.5384615384615385,1.1333333333333333,0.6666666666666666,0.3333333333333333,0.014656164555572997,0.16666666666666666
2022,8,Western Michigan Broncos,-0.3156237671417849,-0.00024219331416216764,0.21428571428571427,0.36363636363636365,3.5,5.318181818181818,4.916666666666667,1.9166666666666667,0.5,0.3333333333333333,-0.24970806613564492,0.375
2022,8,Wisconsin Badgers,0.22350410496195158,0.10006614431346718,0.4791666666666667,0.4605263157894737,8.270833333333334,6.144736842105263,2.5454545454545454,1.2142857142857142,1.0,0.6,0.34511050218489114,0.14285714285714285
2022,8,Wyoming Cowboys,0.21860194325447083,-0.16242604101857833,0.5466666666666666,0.3225806451612903,7.066666666666666,3.5,1.8666666666666667,1.1666666666666667,1.0,1.0,0.19314080134767,0.35714285714285715
2022,9,Akron Zips,-0.2146257023288779,-0.13882360960307874,0.4246575342465753,0.3333333333333333,6.328767123287672,4.9298245614035086,0.2,1.5384615384615385,0.3333333333333333,0.5,-0.2884227856993675,0.3333333333333333
2022,9,Appalachian State Mountaineers,0.17781469432844055,-0.4542525176491056,0.5138888888888888,0.17857142857142858,7.513888888888889,2.8214285714285716,3.0,0.23076923076923078,0.8333333333333334,,0.27208060870567957,0.45454545454545453
2022,9,Arizona State Sun Devils,0.27366966961158645,0.09006835603669508,0.5,0.43283582089552236,7.597222222222222,5.3283582089552235,3.0,2.25,1.0,0.6666666666666666,0.26062165630065787,0.38461538461538464
2022,9,Arizona Wildcats,0.3194402538347935,0.44660060264562307,0.4927536231884058,0.5921052631578947,8.333333333333334,8.197368421052632,2.0,3.1666666666666665,0.6,1.0,0.15970838125105258,0.38461538461538464
2022,9,Arkansas Razorbacks,0.30371888946084413,0.2346764320219067,0.4852941176470588,0.4225352112676056,7.764705882352941,6.591549295774648,2.9285714285714284,1.5384615384615385,0.7142857142857143,0.5,0.19281116900620637,0.2857142857142857
2022,9,Arkansas State Red Wolves,-0.4892591430066988,-0.10963908572432021,0.1896551724137931,0.323943661971831,2.7241379310344827,5.098591549295775,0.1875,1.8125,0.0,1.0,-0.4900934038949864,0.14285714285714285
2022,9,Auburn Tigers,0.2346764320219067,0.30371888946084413,0.4225352112676056,0.4852941176470588,6.591549295774648,7.764705882352941,1.5384615384615385,2.9285714285714284,0.5,0.7142857142857143,0.15821165419541872,0.5789473684210527
2022,9,BYU Cougars,0.05465369905108836,0.2482261349414957,0.5074626865671642,0.5517241379310345,5.641791044776119,7.568965517241379,2.6666666666666665,2.7,0.3333333333333333,0.4,0.15382738148464875,0.35714285714285715
2022,9,Baylor Bears,0.07385907564940078,-0.20808038482927296,0.43820224719101125,0.410958904109589,4.966292134831461,5.041095890410959,3.1666666666666665,1.2142857142857142,1.0,0.6666666666666666,-0.10099559724330902,0.5
2022,9,Boise State Broncos,0.24219840129216513,-0.25182390034846636,0.5733333333333334,0.2826086956521739,7.466666666666667,4.043478260869565,2.6923076923076925,0.7692307692307693,1.0,0.0,0.21189606099417715,0.3333333333333333
2022,9,California Golden Bears,0.08068888975041254,0.3029709533850352,0.37142857142857144,0.6133333333333333,5.8428571428571425,8.226666666666667,2.0,3.230769230769231,0.5,0.5714285714285714,0.18143124653483336,0.26666666666666666
2022,9,Charlotte 49ers,0.4492820936536032,0.009370385158446527,0.5396825396825397,0.4032258064516129,8.253968253968255,5.854838709677419,4.666666666666667,1.7692307692307692,1.0,0.0,0.4009221862344181,0.3333333333333333
2022,9,Cincinnati Bearcats,0.04890608391724527,0.07051763991567206,0.40625,0.5180722891566265,5.328125,5.927710843373494,1.75,1.7692307692307692,0.3333333333333333,0.3333333333333333,0.12330358703525698,0.21428571428571427
2022,9,Colorado Buffaloes,0.09006835603669508,0.27366966961158645,0.43283582089552236,0.5,5.3283582089552235,7.597222222222222,2.25,3.0,0.6666666666666666,1.0,-0.19523180298963372,0.35294117647058826
2022,9,Colorado State Rams,-0.25182390034846636,0.24219840129216513,0.2826086956521739,0.5733333333333334,4.043478260869565,7.466666666666667,0.7692307692307693,2.6923076923076925,0.0,1.0,-0.2801279325503856,0.08333333333333333
2022,9,East Carolina Pirates,0.2482261349414957,0.05465369905108836,0.5517241379310345,0.5074626865671642,7.568965517241379,5.641791044776119,2.7,2.6666666666666665,0.4,0.3333333333333333,0.4146906332093842,0.125
2022,9,Eastern Michigan Eagles,-0.19206708275219975,0.09770135298885148,0.35294117647058826,0.4482758620689655,3.6029411764705883,6.172413793103448,1.1333333333333333,2.25,0.75,0.5,-0.22454819858074188,0.375
2022,9,Florida Gators,-0.10787769816291164,0.2096903266070725,0.29577464788732394,0.4935064935064935,5.225352112676056,7.285714285714286,1.4285714285714286,3.0,0.25,1.0,-0.12502498752795732,0.1875
2022,9,Florida International Panthers,-0.01496124483536983,0.2063676474930404,0.42028985507246375,0.4935064935064935,4.956521739130435,6.662337662337662,2.25,2.25,0.6666666666666666,0.4,0.028466207561669527,0.42857142857142855
2022,9,Florida State Seminoles,0.20325559855979167,0.03979452418499305,0.5185185185185185,0.3770491803278688,7.962962962962963,4.983606557377049,3.727272727272727,1.4545454545454546,0.4,0.3333333333333333,0.2749600094098311,0.6428571428571429
2022,9,Fresno State Bulldogs,-0.007057678872260494,0.28643786907196045,0.4782608695652174,0.5333333333333333,5.27536231884058,7.583333333333333,2.6666666666666665,2.1538461538461537,0.375,1.0,-0.17584374878141615,0.5
2022,9,Georgia Bulldogs,0.2096903266070725,-0.10787769816291164,0.4935064935064935,0.29577464788732394,7.285714285714286,5.225352112676056,3.0,1.4285714285714286,1.0,0.25,0.1558771070934111,0.5
2022,9,Georgia State Panthers,0.05172912059705469,-0.032790563734514375,0.4177215189873418,0.3392857142857143,5.341772151898734,4.875,2.5833333333333335,1.4166666666666667,0.6,1.0,-0.09823241238964014,0.35294117647058826
2022,9,Georgia Tech Yellow Jackets,0.03979452418499305,0.20325559855979167,0.3770491803278688,0.5185185185185185,4.983606557377049,7.962962962962963,1.4545454545454546,3.727272727272727,0.3333333333333333,0.4,-0.012416125668419733,0.07692307692307693
2022,9,Hawai'i Rainbow Warriors,-0.04391041683824095,0.21220423621043824,0.3698630136986301,0.5087719298245614,5.164383561643835,8.140350877192983,1.6666666666666667,2.25,0.25,0.3333333333333333,-0.09084547128317491,0.29411764705882354
2022,9,Houston Cougars,0.47911138986719065,0.14719273035342878,0.6551724137931034,0.4153846153846154,8.310344827586206,6.6,3.8181818181818183,2.7,1.0,0.8,0.4658747201270245,0.5
2022,9,Illinois Fighting Illini,0.029919255963143182,-0.39407263284033917,0.4117647058823529,0.2765957446808511,5.352941176470588,6.680851063829787,2.0,0.6923076923076923,0.6666666666666666,0.0,0.01102274290795596,0.4
2022,9,Iowa Hawkeyes,0.23291786872979367,0.04324572010716395,0.5454545454545454,0.44776119402985076,6.03030303030303,2.6417910447761193,4.125,1.4444444444444444,0.4,1.0,0.2449669782762174,0.36363636363636365
2022,9,Iowa State Cyclones,-0.15532256024224417,-0.04776430440445741,0.36904761904761907,0.4305555555555556,4.4523809523809526,4.625,0.5555555555555556,1.0434782608695652,0.25,0.4,-0.25650677337484845,0.35
2022,9,Kansas State Wildcats,0.3012482362488906,-0.4313421996851121,0.3888888888888889,0.24193548387096775,6.930555555555555,3.6451612903225805,3.6923076923076925,0.0,0.5,,0.15054888996210966,0.14285714285714285
2022,9,Kentucky Wildcats,-0.2689663652450808,0.2918337455162635,0.3225806451612903,0.5384615384615384,4.209677419354839,6.492307692307692,0.5,3.1666666666666665,0.5,0.6666666666666666,-0.14683061319848764,0.15384615384615385
2022,9,Louisiana Ragin' Cajuns,-0.3501489098866781,-0.13950456655942478,0.38666666666666666,0.36923076923076925,6.253333333333333,5.230769230769231,1.368421052631579,1.875,0.5,0.6666666666666666,-0.10981082811690214,0.15384615384615385
2022,9,Louisiana Tech Bulldogs,0.2063676474930404,-0.01496124483536983,0.4935064935064935,0.42028985507246375,6.662337662337662,4.956521739130435,2.25,2.25,0.4,0.6666666666666666,0.03574533661206563,0.5
2022,9,Louisville Cardinals,0.12552279978990555,-0.3598501043187247,0.5,0.4222222222222222,6.421875,6.366666666666666,2.4285714285714284,1.3125,0.4,0.5,0.2815341281890869,0.3333333333333333
2022,9,Massachusetts Minutemen,-0.25759836071628633,-0.06510549783706665,0.288135593220339,0.39622641509433965,4.6440677966101696,6.188679245283019,1.0,1.4375,0.0,0.0,-0.10593158361457643,0.2
2022,9,Miami (OH) RedHawks,-0.13882360960307874,-0.2146257023288779,0.3333333333333333,0.4246575342465753,4.9298245614035086,6.328767123287672,1.5384615384615385,0.2,0.5,0.3333333333333333,0.0028875403934054905,0.0
2022,9,Miami Hurricanes,-0.10834802297445444,-0.045617945351690614,0.4307692307692308,0.3584905660377358,4.123076923076923,6.849056603773585,1.1666666666666667,1.0909090909090908,0.0,0.0,0.020911304318175023,0.3333333333333333
2022,9,Michigan State Spartans,-0.23190459327877694,0.12712818384170532,0.33962264150943394,0.5256410256410257,5.113207547169812,5.67948717948718,0.7,2.9,0.0,0.4,-0.12292726259482534,0.18181818181818182
2022,9,Michigan Wolverines,0.12712818384170532,-0.23190459327877694,0.5256410256410257,0.33962264150943394,5.67948717948718,5.113207547169812,2.9,0.7,0.4,0.0,0.07106995387155501,0.5
2022,9,Middle Tennessee Blue Raiders,0.04143590976794561,-0.16329844953382716,0.4666666666666667,0.45588235294117646,6.4,4.75,1.7142857142857142,1.0,0.6666666666666666,0.5,0.019797020281354587,0.2
2022,9,Minnesota Golden Gophers,0.14764786705578845,-0.4488057808743583,0.4794520547945205,0.2222222222222222,5.0,2.977777777777778,3.1,0.0,0.75,,0.05513617958662645,0.631578947368421
2022,9,Missouri Tigers,0.14614715159405023,-0.2944558080074922,0.53125,0.3584905660377358,6.5,4.471698113207547,2.090909090909091,0.6666666666666666,0.4,1.0,0.09477325692772866,0.5
2022,9,NC State Wolfpack,0.04893759512282037,-0.07615830656141043,0.37662337662337664,0.3333333333333333,4.623376623376624,6.416666666666667,0.7692307692307693,1.6153846153846154,0.6666666666666666,1.0,-0.006912443198655781,0.42105263157894735
2022,9,Nebraska Cornhuskers,-0.39407263284033917,0.029919255963143182,0.2765957446808511,0.4117647058823529,6.680851063829787,5.352941176470588,0.6923076923076923,2.0,0.0,0.6666666666666666,-0.14996205568313598,0.08333333333333333
2022,9,Nevada Wolf Pack,-0.042911242228001356,0.30163136294909887,0.34375,0.5285714285714286,4.046875,5.114285714285714,2.3333333333333335,2.5,1.0,1.0,-0.1922119688242674,0.26666666666666666
2022,9,New Mexico State Aggies,-0.06510549783706665,-0.25759836071628633,0.39622641509433965,0.288135593220339,6.188679245283019,4.6440677966101696,1.4375,1.0,0.0,0.0,0.25458192389185835,0.0
2022,9,North Carolina Tar Heels,0.3559608810568509,0.025218893270023534,0.547945205479452,0.4426229508196721,6.726027397260274,6.016393442622951,2.6923076923076925,1.4166666666666667,0.8333333333333334,1.0,0.374423305867082,0.36363636363636365
2022,9,Northwestern Wildcats,0.04324572010716395,0.23291786872979367,0.44776119402985076,0.5454545454545454,2.6417910447761193,6.03030303030303,1.4444444444444444,4.125,1.0,0.4,-0.06127326870742052,0.4117647058823529
2022,9,Notre Dame Fighting Irish,0.04209784076020524,-0.23807899360773993,0.5,0.3770491803278688,5.364864864864865,5.0,2.2666666666666666,1.6,0.6666666666666666,1.0,0.14090824127197266,0.4
2022,9,Ohio State Buckeyes,0.28416185914459874,-0.05329921273514628,0.4576271186440678,0.4625,7.694915254237288,6.0625,1.7692307692307692,2.3846153846153846,0.5,0.6666666666666666,0.29408057552316913,0.3333333333333333
2022,9,Oklahoma Sooners,-0.04776430440445741,-0.15532256024224417,0.4305555555555556,0.36904761904761907,4.625,4.4523809523809526,1.0434782608695652,0.5555555555555556,0.4,0.25,-0.15467462187463588,0.3125
2022,9,Oklahoma State Cowboys,-0.4313421996851121,0.3012482362488906,0.24193548387096775,0.3888888888888889,3.6451612903225805,6.930555555555555,0.0,3.6923076923076925,,0.5,-0.443535803015842,0.3333333333333333
2022,9,Old Dominion Monarchs,-0.032790563734514375,0.05172912059705469,0.3392857142857143,0.4177215189873418,4.875,5.341772151898734,1.4166666666666667,2.5833333333333335,1.0,0.6,-0.009419060871005058,0.21428571428571427
2022,9,Ole Miss Rebels,0.14287946531094792,0.1497387763572066,0.4146341463414634,0.4520547945205479,6.353658536585366,6.780821917808219,2.3846153846153846,1.75,0.6666666666666666,1.0,0.13085231321653532,0.375
2022,9,Oregon Ducks,0.3029709533850352,0.08068888975041254,0.6133333333333333,0.37142857142857144,8.226666666666667,5.8428571428571425,3.230769230769231,2.0,0.5714285714285714,0.5,0.31958316046683516,0.36363636363636365
2022,9,Penn State Nittany Lions,-0.05329921273514628,0.28416185914459874,0.4625,0.4576271186440678,6.0625,7.694915254237288,2.3846153846153846,1.7692307692307692,0.6666666666666666,0.5,-0.08569836653769017,0.3125
2022,9,Pittsburgh Panthers,0.025218893270023534,0.3559608810568509,0.4426229508196721,0.547945205479452,6.016393442622951,6.726027397260274,1.4166666666666667,2.6923076923076925,1.0,0.8333333333333334,0.17372131612565783,0.3333333333333333
2022,9,Rice Owls,0.009370385158446527,0.4492820936536032,0.4032258064516129,0.5396825396825397,5.854838709677419,8.253968253968255,1.7692307692307692,4.666666666666667,0.0,1.0,-0.0678478619273828,0.18181818181818182
2022,9,Robert Morris Colonials,-0.4542525176491056,0.17781469432844055,0.17857142857142858,0.5138888888888888,2.8214285714285716,7.513888888888889,0.23076923076923078,3.0,,0.8333333333333334,-0.6394258988531012,0.23529411764705882
2022,9,Rutgers Scarlet Knights,-0.4488057808743583,0.14764786705578845,0.2222222222222222,0.4794520547945205,2.977777777777778,5.0,0.0,3.1,,0.75,-0.46817561487356824,0.2
2022,9,SMU Mustangs,0.1472626010576884,0.158322350545363,0.41333333333333333,0.42424242424242425,6.906666666666666,6.575757575757576,2.923076923076923,2.6153846153846154,0.8,0.75,0.0596901969663028,0.5333333333333333
2022,9,San Diego State Aztecs,0.28643786907196045,-0.007057678872260494,0.5333333333333333,0.4782608695652174,7.583333333333333,5.27536231884058,2.1538461538461537,2.6666666666666665,1.0,0.375,-0.07032274940739507,0.5454545454545454
2022,9,San José State Spartans,0.30163136294909887,-0.042911242228001356,0.5285714285714286,0.34375,5.114285714285714,4.046875,2.5,2.3333333333333335,1.0,1.0,0.06908125217471804,0.45454545454545453
2022,9,South Alabama Jaguars,-0.10963908572432021,-0.4892591430066988,0.323943661971831,0.1896551724137931,5.098591549295775,2.7241379310344827,1.8125,0.1875,1.0,0.0,0.06465262948320462,0.2
2022,9,South Carolina Gamecocks,-0.2944558080074922,0.14614715159405023,0.3584905660377358,0.53125,4.471698113207547,6.5,0.6666666666666666,2.090909090909091,1.0,0.4,-0.3387683372944593,0.3076923076923077
2022,9,South Florida Bulls,0.14719273035342878,0.47911138986719065,0.4153846153846154,0.6551724137931034,6.6,8.310344827586206,2.7,3.8181818181818183,0.8,1.0,0.2382803165912628,0.36363636363636365
2022,9,Southern Miss Golden Eagles,-0.13950456655942478,-0.3501489098866781,0.36923076923076925,0.38666666666666666,5.230769230769231,6.253333333333333,1.875,1.368421052631579,0.6666666666666666,0.5,-0.2464346642396888,0.3125
2022,9,Stanford Cardinal,-0.07030120079333965,0.36423076769790136,0.4153846153846154,0.47297297297297297,4.461538461538462,7.0675675675675675,1.0833333333333333,3.8,0.5,0.5,-0.1086619589843002,0.3076923076923077
2022,9,Syracuse Orange,-0.23807899360773993,0.04209784076020524,0.3770491803278688,0.5,5.0,5.364864864864865,1.6,2.2666666666666666,1.0,0.6666666666666666,-0.18790660864777034,0.2857142857142857
2022,9,TCU Horned Frogs,0.49422529502348467,0.12354250101349022,0.4909090909090909,0.45569620253164556,8.818181818181818,5.974683544303797,4.1,2.5833333333333335,0.0,0.6,0.4934541394070881,0.4166666666666667
2022,9,Tennessee Volunteers,0.2918337455162635,-0.2689663652450808,0.5384615384615384,0.3225806451612903,6.492307692307692,4.209677419354839,3.1666666666666665,0.5,0.6666666666666666,0.5,0.3187712547825832,0.3333333333333333
2022,9,Texas A&M Aggies,0.1497387763572066,0.14287946531094792,0.4520547945205479,0.4146341463414634,6.780821917808219,6.353658536585366,1.75,2.3846153846153846,1.0,0.6666666666666666,0.22927137179808182,0.2857142857142857
2022,9,Texas Tech Red Raiders,-0.20808038482927296,0.07385907564940078,0.410958904109589,0.43820224719101125,5.041095890410959,4.966292134831461,1.2142857142857142,3.1666666666666665,0.6666666666666666,1.0,-0.4738909635278914,0.5333333333333333
2022,9,Toledo Rockets,0.09770135298885148,-0.19206708275219975,0.4482758620689655,0.35294117647058826,6.172413793103448,3.6029411764705883,2.25,1.1333333333333333,0.5,0.75,0.046346271241253074,0.4166666666666667
2022,9,Tulsa Golden Hurricane,0.158322350545363,0.1472626010576884,0.42424242424242425,0.41333333333333333,6.575757575757576,6.906666666666666,2.6153846153846154,2.923076923076923,0.75,0.8,0.09892486796087148,0.15384615384615385
2022,9,UCF Knights,0.07051763991567206,0.04890608391724527,0.5180722891566265,0.40625,5.927710843373494,5.328125,1.7692307692307692,1.75,0.3333333333333333,0.3333333333333333,0.10597026713110287,0.4
2022,9,UCLA Bruins,0.36423076769790136,-0.07030120079333965,0.47297297297297297,0.4153846153846154,7.0675675675675675,4.461538461538462,3.8,1.0833333333333333,0.5,0.5,0.2594130386908849,0.26666666666666666
2022,9,USC Trojans,0.44660060264562307,0.3194402538347935,0.5921052631578947,0.4927536231884058,8.197368421052632,8.333333333333334,3.1666666666666665,2.0,1.0,0.6,0.32469941963229265,0.47058823529411764
2022,9,UTEP Miners,-0.16329844953382716,0.04143590976794561,0.45588235294117646,0.4666666666666667,4.75,6.4,1.0,1.7142857142857142,0.5,0.6666666666666666,0.11037107450621468,0.29411764705882354
2022,9,Utah Utes,-0.004963423030963842,-0.059436359107494355,0.4492753623188406,0.4,4.72463768115942,5.28,1.9090909090909092,1.7,0.6,0.5,-0.13633267008341277,0.4666666666666667
2022,9,Virginia Cavaliers,-0.045617945351690614,-0.10834802297445444,0.3584905660377358,0.4307692307692308,6.849056603773585,4.123076923076923,1.0909090909090908,1.1666666666666667,0.0,0.0,-0.13056275013246035,0.35714285714285715
2022,9,Virginia Tech Hokies,-0.07615830656141043,0.04893759512282037,0.3333333333333333,0.37662337662337664,6.416666666666667,4.623376623376624,1.6153846153846154,0.7692307692307693,1.0,0.6666666666666666,0.032644614980027485,0.09090909090909091
2022,9,Wake Forest Demon Deacons,-0.3598501043187247,0.12552279978990555,0.4222222222222222,0.5,6.366666666666666,6.421875,1.3125,2.4285714285714284,0.5,0.4,-0.36659512647560666,0.375
2022,9,Washington State Cougars,-0.059436359107494355,-0.004963423030963842,0.4,0.4492753623188406,5.28,4.72463768115942,1.7,1.9090909090909092,0.5,0.6,0.2225804050502024,0.3
2022,9,West Virginia Mountaineers,0.12354250101349022,0.49422529502348467,0.45569620253164556,0.4909090909090909,5.974683544303797,8.818181818181818,2.5833333333333335,4.1,0.6,0.0,0.06787340999659845,0.4117647058823529
2022,9,Wyoming Cowboys,0.21220423621043824,-0.04391041683824095,0.5087719298245614,0.3698630136986301,8.140350877192983,5.164383561643835,2.25,1.6666666666666667,0.3333333333333333,0.25,0.2371187942183536,0.2727272727272727
2022,10,Air Force Falcons,-0.014937401946746942,-0.31894373711274593,0.48484848484848486,0.2857142857142857,5.196969696969697,3.326530612244898,1.1818181818181819,0.7,0.3333333333333333,1.0,0.053209651834689654,0.42857142857142855
2022,10,Alabama Crimson Tide,0.10191443194577723,0.051421402394771575,0.41975308641975306,0.47692307692307695,5.7407407407407405,5.969230769230769,2.5833333333333335,2.0,0.3333333333333333,0.5,-0.0916635100803678,0.25
2022,10,Appalachian State Mountaineers,0.05048755745996129,0.18063303372926182,0.45454545454545453,0.4861111111111111,7.836363636363636,6.611111111111111,2.3333333333333335,2.9166666666666665,0.6666666666666666,0.6666666666666666,0.044029242943885716,0.45454545454545453
2022,10,Arizona State Sun Devils,0.29602827573264084,0.4746966873606046,0.5802469135802469,0.5833333333333334,6.2592592592592595,9.566666666666666,2.4166666666666665,4.166666666666667,0.5714285714285714,1.0,0.20299640183265394,0.21428571428571427
2022,10,Arizona Wildcats,-0.123802799731493,0.09854441315312928,0.39285714285714285,0.5063291139240507,6.910714285714286,5.8734177215189876,1.5384615384615385,3.4615384615384617,0.5,0.75,-0.00491962901183537,0.18181818181818182
2022,10,Arkansas Razorbacks,-0.05301657338172962,-0.06273432393543056,0.358974358974359,0.39344262295081966,5.205128205128205,5.245901639344262,0.8125,1.2352941176470589,1.0,0.6,-0.2439413871616125,0.25
2022,10,Army Black Knights,-0.31894373711274593,-0.014937401946746942,0.2857142857142857,0.48484848484848486,3.326530612244898,5.196969696969697,0.7,1.1818181818181819,1.0,0.3333333333333333,-0.21365041751414537,0.21428571428571427
2022,10,Auburn Tigers,-0.09839865652953877,0.012779326001300087,0.3235294117647059,0.4050632911392405,4.867647058823529,4.632911392405063,1.6875,2.0526315789473686,0.5,0.6666666666666666,-0.10974817723035812,0.2777777777777778
2022,10,Ball State Cardinals,0.07338699589172999,-0.060262114656242455,0.48,0.4659090909090909,6.133333333333334,4.931818181818182,1.9285714285714286,1.4285714285714286,0.5,0.3333333333333333,0.09719622450864922,0.4375
2022,10,Baylor Bears,0.38482213564790213,-0.19655237862697014,0.6538461538461539,0.34615384615384615,6.769230769230769,6.884615384615385,12.76923076923077,8.583333333333334,0.8333333333333334,1.0,0.11289889626204967,0.4
2022,10,Boston College Eagles,0.12799179186559703,0.18452198001054618,0.4794520547945205,0.46153846153846156,5.465753424657534,6.092307692307692,1.8461538461538463,2.7142857142857144,0.75,1.0,0.18187561365110533,0.21428571428571427
2022,10,Bowling Green Falcons,-0.22272587062851076,-0.2124422594668373,0.4032258064516129,0.3492063492063492,4.951612903225806,6.142857142857143,1.0833333333333333,0.75,0.25,0.0,-0.14940625873017818,0.21428571428571427
2022,10,Buffalo Bulls,-0.08278263124980424,0.10000792903415227,0.32894736842105265,0.4406779661016949,3.3421052631578947,8.576271186440678,1.0769230769230769,1.9,0.6666666666666666,0.6666666666666666,-0.267615059459651,0.3684210526315789
2022,10,California Golden Bears,0.19673121975709315,0.3502777992789425,0.4657534246575342,0.5522388059701493,6.424657534246576,7.746268656716418,1.8666666666666667,2.9285714285714284,0.8,0.8333333333333334,0.09551852968122278,0.5333333333333333
2022,10,Central Michigan Chippewas,-0.04635371324382251,-0.14123248331474536,0.5316455696202531,0.3333333333333333,6.772151898734177,5.287878787878788,1.8666666666666667,0.5333333333333333,1.0,0.5,-0.009318332374095916,0.47058823529411764
2022,10,Charlotte 49ers,-0.15322219750171975,0.5523838609979864,0.45569620253164556,0.5087719298245614,5.341772151898734,10.421052631578947,0.5384615384615384,3.75,1.0,0.8333333333333334,-0.23631294865588673,0.42857142857142855
2022,10,Cincinnati Bearcats,0.1555965413462441,0.07069750407994804,0.4339622641509434,0.4067796610169492,5.962264150943396,4.406779661016949,2.2222222222222223,1.1111111111111112,0.0,0.3333333333333333,0.05030000135302544,0.2727272727272727
2022,10,Clemson Tigers,-0.20359629209224994,0.1513055061537122,0.38461538461538464,0.5238095238095238,5.892307692307693,5.587301587301587,1.1666666666666667,1.1666666666666667,0.6666666666666666,0.75,-0.26828098803196315,0.36363636363636365
2022,10,Coastal Carolina Chanticleers,0.18063303372926182,0.05048755745996129,0.4861111111111111,0.45454545454545453,6.611111111111111,7.836363636363636,2.9166666666666665,2.3333333333333335,0.6666666666666666,0.6666666666666666,0.04172813839146069,0.4666666666666667
2022,10,Colorado Buffaloes,-0.1167532959154674,0.3622747009450739,0.42857142857142855,0.5606060606060606,6.128571428571429,7.257575757575758,0.8333333333333334,4.454545454545454,0.0,0.875,-0.21520193780844027,0.4666666666666667
2022,10,Colorado State Rams,0.09804020493061512,0.19253505742739116,0.4025974025974026,0.4603174603174603,6.103896103896104,6.428571428571429,5.166666666666667,3.5,0.2,1.0,-0.002544693648815155,0.35714285714285715
2022,10,Duke Blue Devils,0.18452198001054618,0.12799179186559703,0.46153846153846156,0.4794520547945205,6.092307692307692,5.465753424657534,2.7142857142857144,1.8461538461538463,1.0,0.75,0.25650135807271274,0.3333333333333333
2022,10,Florida Gators,0.24156186778049965,-0.044957084847348075,0.4675324675324675,0.4142857142857143,6.402597402597403,5.9714285714285715,2.9285714285714284,1.8461538461538463,0.5714285714285714,0.75,0.265581509187108,0.16666666666666666
2022,10,Florida International Panthers,-0.06372325704433024,0.20377657013504127,0.296875,0.4868421052631579,4.03125,8.263157894736842,0.5384615384615384,3.466666666666667,0.5,0.6666666666666666,-0.3316895909931349,0.3125
2022,10,Florida State Seminoles,0.27368340511170647,-0.356414963849462,0.5079365079365079,0.36538461538461536,7.079365079365079,4.4423076923076925,3.75,0.2727272727272727,0.8333333333333334,0.0,0.2060721049121782,0.36363636363636365
2022,10,Fresno State Bulldogs,0.45593215814277305,-0.1462174931042631,0.6268656716417911,0.4225352112676056,8.552238805970148,5.23943661971831,4.8,1.1818181818181819,0.6666666666666666,1.0,0.38858011806452714,0.5833333333333334
2022,10,Georgia Bulldogs,0.08829744575453587,-0.19785702983538309,0.45901639344262296,0.41333333333333333,6.377049180327869,3.8533333333333335,2.25,1.1818181818181819,0.6666666666666666,0.3333333333333333,-0.012407178173259812,0.5
2022,10,Georgia Southern Eagles,-0.07271089188514217,0.2896033731754869,0.43548387096774194,0.5375,5.903225806451613,7.0375,1.8461538461538463,2.7142857142857144,0.4,0.7142857142857143,-0.017537023339952742,0.25
2022,10,Georgia State Panthers,0.06749246622386731,-0.17250847766796748,0.4868421052631579,0.2833333333333333,6.421052631578948,3.3666666666666667,2.8,1.0,1.0,1.0,0.17425599079283458,0.25
2022,10,Georgia Tech Yellow Jackets,-0.052469770018106855,-0.7651570412854198,0.38461538461538464,0.296875,5.487179487179487,4.421875,2.75,1.9285714285714286,0.4,0.6666666666666666,-0.1790574599057436,0.25
2022,10,Hawai'i Rainbow Warriors,-0.1462174931042631,0.45593215814277305,0.4225352112676056,0.6268656716417911,5.23943661971831,8.552238805970148,1.1818181818181819,4.8,1.0,0.6666666666666666,-0.1491334243462636,0.4
2022,10,Houston Cougars,0.6150372853161583,0.4751361645758152,0.6338028169014085,0.5375,10.0,7.95,3.7333333333333334,5.923076923076923,0.8,1.0,0.46583699963746533,0.2
2022,10,Illinois Fighting Illini,-0.027068850185189928,0.003301973486768788,0.5,0.43103448275862066,5.428571428571429,5.068965517241379,1.25,1.9166666666666667,0.25,0.6,0.19066668875881884,0.29411764705882354
2022,10,Indiana Hoosiers,-0.29277392015570686,0.17504365884122394,0.31746031746031744,0.47619047619047616,4.0,5.928571428571429,0.9333333333333333,3.0,0.5,0.8571428571428571,-0.31015886239548945,0.3333333333333333
2022,10,Iowa Hawkeyes,-0.06068760464931357,-0.4146965254761585,0.3620689655172414,0.3424657534246575,6.482758620689655,3.287671232876712,1.8461538461538463,0.21428571428571427,0.5,0.0,0.085372117432681,0.2857142857142857
2022,10,Iowa State Cyclones,0.10259422073916842,-0.17402667141690545,0.4444444444444444,0.40816326530612246,5.458333333333333,4.081632653061225,1.0,0.5,0.5714285714285714,1.0,0.17986447227604943,0.3076923076923077
2022,10,James Madison Dukes,-0.28348076464060473,0.24692423160999052,0.27450980392156865,0.46774193548387094,3.784313725490196,7.903225806451613,0.9090909090909091,3.090909090909091,0.5,0.5,-0.18601587983603413,0.23076923076923078
2022,10,Kansas Jayhawks,0.371231381382261,-0.003304058132139412,0.5,0.5135135135135135,8.714285714285714,5.797297297297297,3.7,1.4545454545454546,0.4,0.3333333333333333,0.33528087386545147,0.4
2022,10,Kansas State Wildcats,0.19148961297223266,0.20486118623188565,0.4647887323943662,0.5285714285714286,6.845070422535211,7.242857142857143,2.25,2.8333333333333335,0.25,0.6,0.14275693161445752,0.4166666666666667
2022,10,Kent State Golden Flashes,-0.060262114656242455,0.07338699589172999,0.4659090909090909,0.48,4.931818181818182,6.133333333333334,1.4285714285714286,1.9285714285714286,0.3333333333333333,0.5,0.03740811058834417,0.3888888888888889
2022,10,Kentucky Wildcats,-0.1179301642765433,-0.3464115676233324,0.3220338983050847,0.3050847457627119,4.610169491525424,3.9491525423728815,1.75,1.3076923076923077,1.0,1.0,-0.21621389236561087,0.25
2022,10,LSU Tigers,0.051421402394771575,0.10191443194577723,0.47692307692307695,0.41975308641975306,5.969230769230769,5.7407407407407405,2.0,2.5833333333333335,0.5,0.3333333333333333,0.038567336522183325,0.4166666666666667
2022,10,Liberty Flames,-0.06273432393543056,-0.05301657338172962,0.39344262295081966,0.358974358974359,5.245901639344262,5.205128205128205,1.2352941176470589,0.8125,0.6,1.0,-0.03624466194046868,0.4666666666666667
2022,10,Louisiana Ragin' Cajuns,-0.022896831441256735,0.1632312273277956,0.4027777777777778,0.4117647058823529,4.388888888888889,5.397058823529412,1.4166666666666667,1.9166666666666667,0.5,0.6666666666666666,-0.011038117246194318,0.4375
2022,10,Louisiana Tech Bulldogs,0.028491951099463873,-0.03496673658310649,0.35714285714285715,0.37349397590361444,6.4,4.9397590361445785,2.2,1.5,0.16666666666666666,0.4,0.10104154556427362,0.26666666666666666
2022,10,Louisville Cardinals,0.24692423160999052,-0.28348076464060473,0.46774193548387094,0.27450980392156865,7.903225806451613,3.784313725490196,3.090909090909091,0.9090909090909091,0.5,0.5,0.28979134125014144,0.25
2022,10,Marshall Thundering Herd,-0.22780938220175007,-0.662110643585523,0.3670886075949367,0.23333333333333334,4.987341772151899,3.4833333333333334,0.75,0.0,0.0,,-0.21786551152666409,0.2631578947368421
2022,10,Maryland Terrapins,-0.3125121199954597,-0.1360995392004649,0.2698412698412698,0.31666666666666665,3.015873015873016,6.15,0.7142857142857143,1.6428571428571428,1.0,0.16666666666666666,-0.4135201190879872,0.29411764705882354
2022,10,Massachusetts Minutemen,-0.17514065799839568,0.07992443134044779,0.3787878787878788,0.43103448275862066,6.2272727272727275,6.275862068965517,0.8333333333333334,2.25,0.0,0.4,-0.12969928030289857,0.3076923076923077
2022,10,Memphis Tigers,0.13319932897885642,0.21882978890623364,0.5333333333333333,0.5,6.133333333333334,6.128571428571429,2.3333333333333335,2.9166666666666665,0.5714285714285714,1.0,0.026805402363760996,0.5714285714285714
2022,10,Miami Hurricanes,-0.356414963849462,0.27368340511170647,0.36538461538461536,0.5079365079365079,4.4423076923076925,7.079365079365079,0.2727272727272727,3.75,0.0,0.8333333333333334,-0.15165387800870797,0.3076923076923077
2022,10,Michigan State Spartans,0.003301973486768788,-0.027068850185189928,0.43103448275862066,0.5,5.068965517241379,5.428571428571429,1.9166666666666667,1.25,0.6,0.25,0.04897932060386823,0.18181818181818182
2022,10,Michigan Wolverines,0.23469551098652375,-0.5921510913952565,0.5,0.1875,5.589743589743589,5.4375,3.2142857142857144,0.7692307692307693,0.8571428571428571,0.5,0.1976949336199925,0.35294117647058826
2022,10,Middle Tennessee Blue Raiders,-0.03496673658310649,0.028491951099463873,0.37349397590361444,0.35714285714285715,4.9397590361445785,6.4,1.5,2.2,0.4,0.16666666666666666,0.09755254390298343,0.25
2022,10,Minnesota Golden Gophers,0.11774445265050858,-0.2009612540404002,0.46774193548387094,0.31666666666666665,5.548387096774194,4.483333333333333,1.6666666666666667,1.1818181818181819,1.0,0.3333333333333333,0.2454456057972633,0.3
2022,10,Mississippi State Bulldogs,0.012779326001300087,-0.09839865652953877,0.4050632911392405,0.3235294117647059,4.632911392405063,4.867647058823529,2.0526315789473686,1.6875,0.6666666666666666,0.5,0.054037994146347045,0.1875
2022,10,Missouri Tigers,-0.3464115676233324,-0.1179301642765433,0.3050847457627119,0.3220338983050847,3.9491525423728815,4.610169491525424,1.3076923076923077,1.75,1.0,1.0,-0.12873774489691092,0.15384615384615385
2022,10,NC State Wolfpack,0.08620266789111539,0.031209455471332758,0.391304347826087,0.3835616438356164,5.130434782608695,6.410958904109589,2.3076923076923075,1.9090909090909092,0.5,0.5,-0.0326990081505342,0.35714285714285715
2022,10,Navy Midshipmen,0.07069750407994804,0.1555965413462441,0.4067796610169492,0.4339622641509434,4.406779661016949,5.962264150943396,1.1111111111111112,2.2222222222222223,0.3333333333333333,0.0,-0.07075471032497495,0.42857142857142855
2022,10,Nebraska Cornhuskers,-0.2009612540404002,0.11774445265050858,0.31666666666666665,0.46774193548387094,4.483333333333333,5.548387096774194,1.1818181818181819,1.6666666666666667,0.3333333333333333,1.0,-0.21792375071104184,0.26666666666666666
2022,10,New Mexico Lobos,-0.31754594459198415,-0.16002853363752365,0.296875,0.3,4.828125,3.657142857142857,0.8333333333333334,1.4285714285714286,0.0,0.3333333333333333,-0.31132691686457775,0.3125
2022,10,North Carolina Tar Heels,0.26154295762379964,0.2506080692684328,0.5066666666666667,0.527027027027027,6.1066666666666665,5.851351351351352,2.8181818181818183,2.8,0.6,1.0,0.1864482123276283,0.42857142857142855
2022,10,North Texas Mean Green,0.20377657013504127,-0.06372325704433024,0.4868421052631579,0.296875,8.263157894736842,4.03125,3.466666666666667,0.5384615384615384,0.6666666666666666,0.5,0.043832462830621685,0.6666666666666666
2022,10,Northern Illinois Huskies,-0.14123248331474536,-0.04635371324382251,0.3333333333333333,0.5316455696202531,5.287878787878788,6.772151898734177,0.5333333333333333,1.8666666666666667,0.5,1.0,-0.11700874820668647,0.3333333333333333
2022,10,Northwestern Wildcats,-0.18545210596762204,-0.028380832711204153,0.35526315789473684,0.3770491803278688,3.75,4.80327868852459,0.5384615384615384,1.75,1.0,1.0,-0.117951899766922,0.45
2022,10,Notre Dame Fighting Irish,0.1513055061537122,-0.20359629209224994,0.5238095238095238,0.38461538461538464,5.587301587301587,5.892307692307693,1.1666666666666667,1.1666666666666667,0.75,0.6666666666666666,0.20948507388432822,0.5
2022,10,Ohio Bobcats,0.10000792903415227,-0.08278263124980424,0.4406779661016949,0.32894736842105265,8.576271186440678,3.3421052631578947,1.9,1.0769230769230769,0.6666666666666666,0.6666666666666666,0.2055762505531311,0.3333333333333333
2022,10,Ohio State Buckeyes,-0.028380832711204153,-0.18545210596762204,0.3770491803278688,0.35526315789473684,4.80327868852459,3.75,1.75,0.5384615384615384,1.0,1.0,0.028708941879726592,0.2
2022,10,Oklahoma Sooners,-0.19655237862697014,0.38482213564790213,0.34615384615384615,0.6538461538461539,6.884615384615385,6.769230769230769,8.583333333333334,12.76923076923077,1.0,0.8333333333333334,-0.18461231589317323,0.4
2022,10,Oklahoma State Cowboys,-0.003304058132139412,0.371231381382261,0.5135135135135135,0.5,5.797297297297297,8.714285714285714,1.4545454545454546,3.7,0.3333333333333333,0.4,0.14201921092406397,0.45454545454545453
2022,10,Old Dominion Monarchs,-0.662110643585523,-0.22780938220175007,0.23333333333333334,0.3670886075949367,3.4833333333333334,4.987341772151899,0.0,0.75,,0.0,-0.5017978725108233,0.14285714285714285
2022,10,Oregon Ducks,0.3622747009450739,-0.1167532959154674,0.5606060606060606,0.42857142857142855,7.257575757575758,6.128571428571429,4.454545454545454,0.8333333333333334,0.875,0.0,0.4499006049305785,0.36363636363636365
2022,10,Oregon State Beavers,-0.11084283631423424,0.08184444355337243,0.46551724137931033,0.42105263157894735,4.258620689655173,5.723684210526316,1.4,2.1,0.5,0.75,0.023562686598819237,0.3
2022,10,Penn State Nittany Lions,0.17504365884122394,-0.29277392015570686,0.47619047619047616,0.31746031746031744,5.928571428571429,4.0,3.0,0.9333333333333333,0.8571428571428571,0.5,0.10190569270740855,0.375
2022,10,Pittsburgh Panthers,-0.07651600587195244,-0.43288872248314797,0.5217391304347826,0.23404255319148937,4.956521739130435,3.127659574468085,1.1333333333333333,0.6428571428571429,0.4,0.0,0.023145300922570406,0.4666666666666667
2022,10,Purdue Boilermakers,-0.4146965254761585,-0.06068760464931357,0.3424657534246575,0.3620689655172414,3.287671232876712,6.482758620689655,0.21428571428571427,1.8461538461538463,0.0,0.5,-0.24517689933473208,0.06666666666666667
2022,10,Rice Owls,0.32830976351859076,0.13674802146852016,0.5555555555555556,0.40625,8.031746031746032,5.703125,4.0,2.3076923076923075,0.4,0.6666666666666666,0.21789851248264314,0.46153846153846156
2022,10,Rutgers Scarlet Knights,-0.5921510913952565,0.23469551098652375,0.1875,0.5,5.4375,5.589743589743589,0.7692307692307693,3.2142857142857144,0.5,0.8571428571428571,-0.9430540668580568,0.23076923076923078
2022,10,SMU Mustangs,0.4751361645758152,0.6150372853161583,0.5375,0.6338028169014085,7.95,10.0,5.923076923076923,3.7333333333333334,1.0,0.8,0.3092659851536155,0.38461538461538464
2022,10,San Diego State Aztecs,-0.14260356511388506,-0.26673722172491865,0.4,0.36065573770491804,4.557142857142857,5.327868852459017,1.0,0.7692307692307693,0.0,0.0,0.01796974959196868,0.2857142857142857
2022,10,San José State Spartans,0.19253505742739116,0.09804020493061512,0.4603174603174603,0.4025974025974026,6.428571428571429,6.103896103896104,3.5,5.166666666666667,1.0,0.2,0.21570665061473845,0.2727272727272727
2022,10,South Alabama Jaguars,0.2896033731754869,-0.07271089188514217,0.5375,0.43548387096774194,7.0375,5.903225806451613,2.7142857142857144,1.8461538461538463,0.7142857142857143,0.4,0.18163379127016435,0.5
2022,10,South Carolina Gamecocks,0.25855219573305366,0.05109589057309287,0.45614035087719296,0.5,8.649122807017545,6.628571428571429,2.923076923076923,1.9285714285714286,0.6666666666666666,1.0,0.22649685767563907,0.16666666666666666
2022,10,South Florida Bulls,0.07749520316720009,0.6170903716666194,0.4714285714285714,0.5538461538461539,7.242857142857143,10.123076923076923,2.3333333333333335,4.5,0.75,0.3333333333333333,0.05353282091136162,0.3333333333333333
2022,10,Southern Miss Golden Eagles,-0.17250847766796748,0.06749246622386731,0.2833333333333333,0.4868421052631579,3.3666666666666667,6.421052631578948,1.0,2.8,1.0,1.0,-0.22168214077299292,0.07142857142857142
2022,10,Stanford Cardinal,-0.26236231711463653,0.2625658086209155,0.42028985507246375,0.5373134328358209,5.173913043478261,7.656716417910448,0.9333333333333333,2.923076923076923,0.6666666666666666,0.6666666666666666,-0.05372859808531674,0.3333333333333333
2022,10,Syracuse Orange,-0.43288872248314797,-0.07651600587195244,0.23404255319148937,0.5217391304347826,3.127659574468085,4.956521739130435,0.6428571428571429,1.1333333333333333,0.0,0.4,-0.28917132950190344,0.21428571428571427
2022,10,TCU Horned Frogs,0.002311131606499354,-0.06523703531899923,0.4305555555555556,0.36619718309859156,6.111111111111111,5.169014084507042,2.076923076923077,1.7142857142857142,0.3333333333333333,0.5,0.0948134568604556,0.2857142857142857
2022,10,Temple Owls,0.6170903716666194,0.07749520316720009,0.5538461538461539,0.4714285714285714,10.123076923076923,7.242857142857143,4.5,2.3333333333333335,0.3333333333333333,0.75,0.5404766974619256,0.5454545454545454
2022,10,Tennessee Volunteers,-0.19785702983538309,0.08829744575453587,0.41333333333333333,0.45901639344262296,3.8533333333333335,6.377049180327869,1.1818181818181819,2.25,0.3333333333333333,0.6666666666666666,-0.0950613548713071,0.14285714285714285
2022,10,Texas A&M Aggies,-0.044957084847348075,0.24156186778049965,0.4142857142857143,0.4675324675324675,5.9714285714285715,6.402597402597403,1.8461538461538463,2.9285714285714284,0.75,0.5714285714285714,0.11845534334757499,0.23076923076923078
2022,10,Texas Longhorns,0.20486118623188565,0.19148961297223266,0.5285714285714286,0.4647887323943662,7.242857142857143,6.845070422535211,2.8333333333333335,2.25,0.6,0.25,0.1756726481296398,0.4
2022,10,Texas State Bobcats,0.0031281899507731607,0.08653995000264224,0.410958904109589,0.39705882352941174,5.027397260273973,5.220588235294118,2.3076923076923075,2.3846153846153846,0.5,0.75,-0.0235120083363551,0.4444444444444444
2022,10,Texas Tech Red Raiders,-0.06523703531899923,0.002311131606499354,0.36619718309859156,0.4305555555555556,5.169014084507042,6.111111111111111,1.7142857142857142,2.076923076923077,0.5,0.3333333333333333,0.10270817897149495,0.1875
2022,10,Troy Trojans,0.1632312273277956,-0.022896831441256735,0.4117647058823529,0.4027777777777778,5.397058823529412,4.388888888888889,1.9166666666666667,1.4166666666666667,0.6666666666666666,0.5,0.06369653573402992,0.2857142857142857
2022,10,Tulane Green Wave,0.19319110612074533,0.01894333740246707,0.4444444444444444,0.3448275862068966,6.833333333333333,4.275862068965517,2.7,1.3,0.5,,0.13732945052060214,0.5333333333333333
2022,10,Tulsa Golden Hurricane,0.01894333740246707,0.19319110612074533,0.3448275862068966,0.4444444444444444,4.275862068965517,6.833333333333333,1.3,2.7,,0.5,-0.02242030289977096,0.35714285714285715
2022,10,UAB Blazers,0.39961247584399057,0.27269448689185083,0.4852941176470588,0.484375,8.058823529411764,7.25,3.1,1.7692307692307692,0.6666666666666666,0.6,0.33774123742030215,0.4166666666666667
2022,10,UCF Knights,0.21882978890623364,0.13319932897885642,0.5,0.5333333333333333,6.128571428571429,6.133333333333334,2.9166666666666665,2.3333333333333335,1.0,0.5714285714285714,0.1861069473837103,0.35714285714285715
2022,10,UCLA Bruins,0.4746966873606046,0.29602827573264084,0.5833333333333334,0.5802469135802469,9.566666666666666,6.2592592592592595,4.166666666666667,2.4166666666666665,1.0,0.5714285714285714,0.22392731479236058,0.6363636363636364
2022,10,UConn Huskies,0.07992443134044779,-0.17514065799839568,0.43103448275862066,0.3787878787878788,6.275862068965517,6.2272727272727275,2.25,0.8333333333333334,0.4,0.0,0.20969311050746753,0.3333333333333333
2022,10,UL Monroe Warhawks,0.08653995000264224,0.0031281899507731607,0.39705882352941174,0.410958904109589,5.220588235294118,5.027397260273973,2.3846153846153846,2.3076923076923075,0.75,0.5,-0.017169401893075906,0.5714285714285714
2022,10,UNLV Rebels,-0.26673722172491865,-0.14260356511388506,0.36065573770491804,0.4,5.327868852459017,4.557142857142857,0.7692307692307693,1.0,0.0,0.0,-0.23915179363115036,0.35714285714285715
2022,10,USC Trojans,0.3502777992789425,0.19673121975709315,0.5522388059701493,0.4657534246575342,7.746268656716418,6.424657534246576,2.9285714285714284,1.8666666666666667,0.8333333333333334,0.8,0.3790758956562389,0.36363636363636365
2022,10,UTEP Miners,0.13674802146852016,0.32830976351859076,0.40625,0.5555555555555556,5.703125,8.031746031746032,2.3076923076923075,4.0,0.6666666666666666,0.4,-0.08323119084040324,0.5625
2022,10,UTSA Roadrunners,0.27269448689185083,0.39961247584399057,0.484375,0.4852941176470588,7.25,8.058823529411764,1.7692307692307692,3.1,0.6,0.6666666666666666,0.15669749706983566,0.42857142857142855
2022,10,Utah State Aggies,-0.16002853363752365,-0.31754594459198415,0.3,0.296875,3.657142857142857,4.828125,1.4285714285714286,0.8333333333333334,0.3333333333333333,0.0,-0.2945887938141823,0.1875
2022,10,Utah Utes,0.09854441315312928,-0.123802799731493,0.5063291139240507,0.39285714285714285,5.8734177215189876,6.910714285714286,3.4615384615384617,1.5384615384615385,0.75,0.5,-0.0042397185708537245,0.5
2022,10,Vanderbilt Commodores,0.05109589057309287,0.25855219573305366,0.5,0.45614035087719296,6.628571428571429,8.649122807017545,1.9285714285714286,2.923076923076923,1.0,0.6666666666666666,0.15444798742310475,0.3333333333333333
2022,10,Virginia Cavaliers,0.2506080692684328,0.26154295762379964,0.527027027027027,0.5066666666666667,5.851351351351352,6.1066666666666665,2.8,2.8181818181818183,1.0,0.6,0.13977547933657963,0.5384615384615384
2022,10,Virginia Tech Hokies,-0.7651570412854198,-0.052469770018106855,0.296875,0.38461538461538464,4.421875,5.487179487179487,1.9285714285714286,2.75,0.6666666666666666,0.4,-0.7384812386634831,0.25
2022,10,Wake Forest Demon Deacons,0.031209455471332758,0.08620266789111539,0.3835616438356164,0.391304347826087,6.410958904109589,5.130434782608695,1.9090909090909092,2.3076923076923075,0.5,0.5,-0.2148940269317892,0.4
2022,10,Washington Huskies,0.08184444355337243,-0.11084283631423424,0.42105263157894735,0.46551724137931033,5.723684210526316,4.258620689655173,2.1,1.4,0.75,0.5,-0.1943476466195924,0.5
2022,10,Washington State Cougars,0.2625658086209155,-0.26236231711463653,0.5373134328358209,0.42028985507246375,7.656716417910448,5.173913043478261,2.923076923076923,0.9333333333333333,0.6666666666666666,0.6666666666666666,0.2991305493495681,0.45454545454545453
2022,10,West Virginia Mountaineers,-0.17402667141690545,0.10259422073916842,0.40816326530612246,0.4444444444444444,4.081632653061225,5.458333333333333,0.5,1.0,1.0,0.5714285714285714,0.04556163621915353,0.16666666666666666
2022,10,Western Kentucky Hilltoppers,0.5523838609979864,-0.15322219750171975,0.5087719298245614,0.45569620253164556,10.421052631578947,5.341772151898734,3.75,0.5384615384615384,0.8333333333333334,1.0,0.5895771008470784,0.2222222222222222
2022,10,Western Michigan Broncos,-0.2124422594668373,-0.22272587062851076,0.3492063492063492,0.4032258064516129,6.142857142857143,4.951612903225806,0.75,1.0833333333333333,0.0,0.25,-0.20623544851938883,0.4
2022,10,Wisconsin Badgers,-0.1360995392004649,-0.3125121199954597,0.31666666666666665,0.2698412698412698,6.15,3.015873015873016,1.6428571428571428,0.7142857142857143,0.16666666666666666,1.0,0.04018267718228427,0.2
2022,11,Air Force Falcons,0.283810704095023,-0.32169005970160164,0.5714285714285714,0.3333333333333333,6.8428571428571425,3.7555555555555555,2.8,0.3333333333333333,1.0,0.0,0.09377509121801339,0.4
2022,11,Alabama Crimson Tide,-0.04649598715883313,-0.09999123197048902,0.4696969696969697,0.4375,4.606060606060606,4.925,2.3076923076923075,1.7142857142857142,0.75,0.5,-0.05130178145333832,0.2857142857142857
2022,11,Appalachian State Mountaineers,-0.15143914704453454,-0.04732182389125228,0.3424657534246575,0.40625,3.9452054794520546,5.34375,1.5,1.4,0.6666666666666666,1.0,-0.20437328398227692,0.29411764705882354
2022,11,Arizona State Sun Devils,-0.10302557284707453,-0.006163125378744943,0.3880597014925373,0.4714285714285714,4.970149253731344,4.985714285714286,1.5,2.1538461538461537,0.6666666666666666,0.8,-0.07308622047305108,0.21428571428571427
2022,11,Arizona Wildcats,0.2633052261116413,0.19382752046773308,0.5538461538461539,0.5,6.707692307692308,6.118421052631579,3.4,2.8,0.6666666666666666,1.0,0.13729280163990518,0.25
2022,11,Arkansas Razorbacks,-0.3207336659817135,-0.2747245521750301,0.3382352941176471,0.390625,3.661764705882353,4.609375,0.7692307692307693,0.9285714285714286,0.0,0.3333333333333333,-0.15407159681222876,0.35294117647058826
2022,11,Arkansas State Red Wolves,-0.03612541025731622,0.014020097288456592,0.3170731707317073,0.38461538461538464,6.780487804878049,5.65934065934066,1.4736842105263157,0.9473684210526315,0.6,0.5,0.14511512545868754,0.0
2022,11,Army Black Knights,-0.011512234591055607,-0.17201015926324403,0.463768115942029,0.38461538461538464,5.202898550724638,5.096153846153846,0.9,0.9090909090909091,0.3333333333333333,0.3333333333333333,0.06742919278594683,0.35714285714285715
2022,11,Auburn Tigers,-0.1688794534939986,-0.22296348908695124,0.3230769230769231,0.2711864406779661,5.446153846153846,3.3559322033898304,1.0,0.8333333333333334,0.3333333333333333,1.0,-0.19030903735939336,0.3333333333333333
2022,11,Ball State Cardinals,-0.2701224300959339,0.004926323890686035,0.2602739726027397,0.47435897435897434,3.9315068493150687,5.576923076923077,1.2352941176470589,1.6470588235294117,1.0,1.0,-0.1778732234468827,0.2
2022,11,Baylor Bears,-0.14529874271923496,0.19718594312667848,0.41935483870967744,0.49333333333333335,5.016129032258065,5.44,0.3333333333333333,2.6666666666666665,0.0,0.6,0.04308270995921277,0.3333333333333333
2022,11,Boise State Broncos,0.1712441877143024,-0.3430094556963962,0.4246575342465753,0.2898550724637681,8.520547945205479,3.7971014492753623,3.4166666666666665,0.25,0.3333333333333333,0.0,0.29117718445403235,0.3333333333333333
2022,11,Boston College Eagles,-0.07115689222363458,-0.34842591071084367,0.34782608695652173,0.3880597014925373,5.159420289855072,5.552238805970149,1.4,1.25,1.0,0.3333333333333333,-0.09700484991073609,0.23529411764705882
2022,11,Bowling Green Falcons,-0.2539312043521978,0.04820746694292341,0.4050632911392405,0.5142857142857142,4.848101265822785,6.185714285714286,0.46153846153846156,2.1666666666666665,,0.3333333333333333,-0.0038143150639115718,0.375
2022,11,Buffalo Bulls,-0.00958409769968553,0.167373007736527,0.4090909090909091,0.4230769230769231,5.079545454545454,9.134615384615385,2.076923076923077,2.3846153846153846,1.0,0.5,-0.06951980127228631,0.4
2022,11,California Golden Bears,-0.23729781471953101,0.035280670751543605,0.2857142857142857,0.5294117647058824,3.7551020408163267,5.823529411764706,0.3,2.8181818181818183,0.0,1.0,-0.22597359078271048,0.3076923076923077
2022,11,Central Michigan Chippewas,0.167373007736527,-0.00958409769968553,0.4230769230769231,0.4090909090909091,9.134615384615385,5.079545454545454,2.3846153846153846,2.076923076923077,0.5,1.0,0.36047588909665745,0.2222222222222222
2022,11,Charlotte 49ers,-0.071730986619607,-0.07747990085232642,0.47435897435897434,0.3870967741935484,4.871794871794871,4.887096774193548,1.0769230769230769,1.4166666666666667,0.3333333333333333,0.4,0.012873633154507342,0.375
2022,11,Cincinnati Bearcats,-0.007118754807794303,0.08881548877003827,0.3157894736842105,0.4177215189873418,5.701754385964913,5.784810126582278,1.9285714285714286,1.5333333333333334,0.0,1.0,-0.15407786960172098,0.35714285714285715
2022,11,Clemson Tigers,0.04251295164839862,-0.11389230169467073,0.5342465753424658,0.3582089552238806,6.082191780821918,5.985074626865671,2.3846153846153846,1.1428571428571428,0.6666666666666666,0.6666666666666666,0.3025151461362839,0.3076923076923077
2022,11,Coastal Carolina Chanticleers,0.1442001555804853,0.018723334326888576,0.3333333333333333,0.3484848484848485,7.907407407407407,5.7727272727272725,1.1818181818181819,2.3,0.6666666666666666,0.4,0.10242211038158053,0.36363636363636365
2022,11,Colorado Buffaloes,0.08415730866518888,0.3610305573842297,0.45454545454545453,0.6027397260273972,4.781818181818182,7.273972602739726,0.8333333333333334,4.416666666666667,0.6666666666666666,0.8,0.0619870555110094,0.25
2022,11,Colorado State Rams,-0.07424902995782239,-0.030345017419141883,0.375,0.39215686274509803,5.839285714285714,4.549019607843137,0.6666666666666666,1.4,0.0,0.5,-0.18691557894150415,0.46153846153846156
2022,11,Duke Blue Devils,0.151479851773807,-0.09778211652128785,0.42857142857142855,0.4074074074074074,6.057142857142857,5.277777777777778,2.1818181818181817,0.6363636363636364,0.4,,0.011461397596434051,0.5
2022,11,East Carolina Pirates,0.08881548877003827,-0.007118754807794303,0.4177215189873418,0.3157894736842105,5.784810126582278,5.701754385964913,1.5333333333333334,1.9285714285714286,1.0,0.0,0.06738439748684565,0.23529411764705882
2022,11,Florida Atlantic Owls,0.02578177874864534,-0.34716033389170964,0.4418604651162791,0.3111111111111111,5.286821705426356,4.7,0.9411764705882353,1.0,0.875,,-0.04031673514721345,0.3076923076923077
2022,11,Florida Gators,0.13697733328892633,-0.2840279635662834,0.4358974358974359,0.3541666666666667,6.576923076923077,5.0625,2.923076923076923,0.0,0.5,0.0,0.05989111642368504,0.4666666666666667
2022,11,Florida International Panthers,-0.34716033389170964,0.02578177874864534,0.3111111111111111,0.4418604651162791,4.7,5.286821705426356,1.0,0.9411764705882353,,0.875,-0.2519855168648064,0.391304347826087
2022,11,Florida State Seminoles,0.16854278700692313,-0.42752676578455195,0.45714285714285713,0.32558139534883723,5.957142857142857,2.558139534883721,3.1666666666666665,0.21428571428571427,0.8,0.0,0.21082099413467667,0.1111111111111111
2022,11,Fresno State Bulldogs,-0.3867653320755875,-0.3635098458856673,0.2807017543859649,0.2647058823529412,5.0701754385964914,4.132352941176471,9.555555555555555,6.111111111111111,0.4,0.4,-0.6227361537516117,0.16666666666666666
2022,11,Georgia Bulldogs,0.19939036326748985,-0.2489863597968621,0.42857142857142855,0.3880597014925373,6.942857142857143,4.507462686567164,3.4615384615384617,1.0,0.8,0.2,0.2167959702866418,0.38461538461538464
2022,11,Georgia Southern Eagles,0.052398468439395614,0.14869065242154259,0.4358974358974359,0.45714285714285713,5.948717948717949,6.285714285714286,1.5454545454545454,3.0,0.0,0.25,0.2302703806909464,0.14285714285714285
2022,11,Georgia State Panthers,-0.05118884751573205,-0.04770938742835567,0.40625,0.3584905660377358,5.520833333333333,5.490566037735849,2.1538461538461537,1.4545454545454546,1.0,0.3333333333333333,-0.22306152742642624,0.4583333333333333
2022,11,Georgia Tech Yellow Jackets,-0.24283835113938176,0.2162467776718786,0.417910447761194,0.4915254237288136,6.701492537313433,6.186440677966102,1.2727272727272727,2.3333333333333335,0.6666666666666666,1.0,-0.20171745374517622,0.3333333333333333
2022,11,Hawai'i Rainbow Warriors,0.08767210301898774,0.022796648828422323,0.44047619047619047,0.3382352941176471,7.166666666666667,6.073529411764706,2.4285714285714284,1.6,0.6666666666666666,0.2,-0.050548835657536983,0.1875
2022,11,Houston Cougars,0.390219171390389,0.314309416585658,0.5151515151515151,0.5060240963855421,7.348484848484849,6.156626506024097,4.3,3.0,1.0,0.8333333333333334,0.25442493736743926,0.46153846153846156
2022,11,Illinois Fighting Illini,-0.05632911551566351,0.014621919148588835,0.38095238095238093,0.3561643835616438,4.777777777777778,5.657534246575342,1.3076923076923077,1.8461538461538463,1.0,0.75,-0.05542482786318835,0.3333333333333333
2022,11,Indiana Hoosiers,-0.17177178617566824,0.3455943887432416,0.328125,0.5416666666666666,4.203125,9.222222222222221,0.875,3.2666666666666666,1.0,0.8333333333333334,0.10243070838244064,0.11764705882352941
2022,11,Iowa Hawkeyes,-0.26849314126679125,-0.33261479368576635,0.3382352941176471,0.26153846153846155,2.1470588235294117,4.046153846153846,1.1333333333333333,0.6666666666666666,0.6666666666666666,0.0,-0.28957322232114774,0.2631578947368421
2022,11,Iowa State Cyclones,-0.2803093053494828,-0.2752623845610702,0.34177215189873417,0.2631578947368421,4.493670886075949,5.333333333333333,0.7777777777777778,1.1111111111111112,1.0,0.5,-0.36902604177594184,0.29411764705882354
2022,11,James Madison Dukes,0.05968098709548729,-0.31954874315045095,0.4927536231884058,0.4,6.855072463768116,4.654545454545454,2.5,0.25,0.6,0.0,0.04039092255490167,0.5
2022,11,Kansas Jayhawks,0.3525273790865233,0.15384993925690651,0.4696969696969697,0.475,8.090909090909092,6.2625,4.071428571428571,2.769230769230769,0.5,0.5,0.3207652487006842,0.36363636363636365
2022,11,Kansas State Wildcats,0.19718594312667848,-0.14529874271923496,0.49333333333333335,0.41935483870967744,5.44,5.016129032258065,2.6666666666666665,0.3333333333333333,0.6,0.0,0.16508992860714594,0.5384615384615384
2022,11,Kent State Golden Flashes,0.04820746694292341,-0.2539312043521978,0.5142857142857142,0.4050632911392405,6.185714285714286,4.848101265822785,2.1666666666666665,0.46153846153846156,0.3333333333333333,,0.26079621404971715,0.25
2022,11,Kentucky Wildcats,0.10530255200727931,0.05265685461927205,0.39622641509433965,0.359375,6.037735849056604,6.703125,2.1,2.6666666666666665,0.25,0.6666666666666666,0.14440305798481673,0.3333333333333333
2022,11,LSU Tigers,-0.2747245521750301,-0.3207336659817135,0.390625,0.3382352941176471,4.609375,3.661764705882353,0.9285714285714286,0.7692307692307693,0.3333333333333333,0.0,-0.30521239805966616,0.2857142857142857
2022,11,Liberty Flames,-0.005762746816948999,-0.06828724066245145,0.5189873417721519,0.3793103448275862,6.367088607594937,5.517241379310345,2.357142857142857,2.230769230769231,0.5,1.0,0.14722815888826965,0.3333333333333333
2022,11,Louisiana Ragin' Cajuns,0.14869065242154259,0.052398468439395614,0.45714285714285713,0.4358974358974359,6.285714285714286,5.948717948717949,3.0,1.5454545454545454,0.25,0.0,0.2389208224474215,0.21428571428571427
2022,11,Louisiana Tech Bulldogs,-0.2378754943120675,0.27605790235626865,0.4426229508196721,0.4647887323943662,4.655737704918033,7.098591549295775,0.6363636363636364,5.1,0.0,0.6,-0.14657082623905607,0.46153846153846156
2022,11,Louisville Cardinals,-0.11389230169467073,0.04251295164839862,0.3582089552238806,0.5342465753424658,5.985074626865671,6.082191780821918,1.1428571428571428,2.3846153846153846,0.6666666666666666,0.6666666666666666,-0.16772633542617163,0.2
2022,11,Marshall Thundering Herd,-0.04732182389125228,-0.15143914704453454,0.40625,0.3424657534246575,5.34375,3.9452054794520546,1.4,1.5,1.0,0.6666666666666666,-0.1884360281710929,0.2
2022,11,Maryland Terrapins,-0.493556610608505,-0.027060317806899548,0.2542372881355932,0.4027777777777778,2.1186440677966103,5.736111111111111,0.0,2.142857142857143,0.0,0.5,-0.3467645179934618,0.26666666666666666
2022,11,Massachusetts Minutemen,0.014020097288456592,-0.03612541025731622,0.38461538461538464,0.3170731707317073,5.65934065934066,6.780487804878049,0.9473684210526315,1.4736842105263157,0.5,0.6,-0.10245648493517691,0.38095238095238093
2022,11,Memphis Tigers,-0.1882065677479522,-0.3208028891434272,0.3150684931506849,0.3333333333333333,4.534246575342466,3.5,1.8571428571428572,0.7142857142857143,0.25,0.3333333333333333,-0.3349046850433716,0.35
2022,11,Miami (OH) RedHawks,0.17665753624540695,0.3228212373378949,0.5319148936170213,0.5128205128205128,7.276595744680851,7.217948717948718,2.1,3.7,1.0,0.5,0.4690727956200901,0.14285714285714285
2022,11,Miami Hurricanes,0.2162467776718786,-0.24283835113938176,0.4915254237288136,0.417910447761194,6.186440677966102,6.701492537313433,2.3333333333333335,1.2727272727272727,1.0,0.6666666666666666,0.19647983794516705,0.5
2022,11,Michigan State Spartans,0.09097671418478995,0.2562792972723643,0.5,0.49333333333333335,6.742424242424242,6.56,1.3333333333333333,1.0,0.3333333333333333,1.0,0.23041340652501807,0.36363636363636365
2022,11,Michigan Wolverines,0.2567786224510359,-0.227720337979337,0.5942028985507246,0.2765957446808511,5.971014492753623,3.148936170212766,3.7777777777777777,0.3,0.75,0.0,0.28994865846215634,0.4
2022,11,Middle Tennessee Blue Raiders,-0.07747990085232642,-0.071730986619607,0.3870967741935484,0.47435897435897434,4.887096774193548,4.871794871794871,1.4166666666666667,1.0769230769230769,0.4,0.3333333333333333,-0.08507897415939643,0.25
2022,11,Minnesota Golden Gophers,-0.0014166378456613293,-0.3652009390867673,0.5217391304347826,0.3269230769230769,5.101449275362318,5.076923076923077,2.5833333333333335,0.25,1.0,0.0,0.06213846643056188,0.46153846153846156
2022,11,Mississippi State Bulldogs,-0.2489863597968621,0.19939036326748985,0.3880597014925373,0.42857142857142855,4.507462686567164,6.942857142857143,1.0,3.4615384615384617,0.2,0.8,0.0467937458306551,0.21428571428571427
2022,11,Missouri Tigers,0.15575181160654342,0.5529030704498291,0.4714285714285714,0.5333333333333333,5.771428571428571,10.253333333333334,1.6,4.714285714285714,0.5,1.0,0.1356392502784729,0.29411764705882354
2022,11,NC State Wolfpack,-0.34842591071084367,-0.07115689222363458,0.3880597014925373,0.34782608695652173,5.552238805970149,5.159420289855072,1.25,1.4,0.3333333333333333,1.0,-0.2519944366406311,0.18181818181818182
2022,11,Navy Midshipmen,0.18671287343663684,0.15045976197278058,0.3559322033898305,0.3333333333333333,6.1525423728813555,6.2407407407407405,2.6666666666666665,2.9166666666666665,0.6666666666666666,1.0,0.20115520884381963,0.2727272727272727
2022,11,Nebraska Cornhuskers,-0.227720337979337,0.2567786224510359,0.2765957446808511,0.5942028985507246,3.148936170212766,5.971014492753623,0.3,3.7777777777777777,0.0,0.75,-0.40218662446545017,0.3333333333333333
2022,11,Nevada Wolf Pack,-0.3430094556963962,0.1712441877143024,0.2898550724637681,0.4246575342465753,3.7971014492753623,8.520547945205479,0.25,3.4166666666666665,0.0,0.3333333333333333,-0.27435942868823593,0.2777777777777778
2022,11,New Mexico Lobos,-0.32169005970160164,0.283810704095023,0.3333333333333333,0.5714285714285714,3.7555555555555555,6.8428571428571425,0.3333333333333333,2.8,0.0,1.0,-0.2385675960010098,0.3333333333333333
2022,11,North Carolina Tar Heels,0.2706719086450689,0.2493630695930669,0.5529411764705883,0.49295774647887325,6.905882352941177,6.845070422535211,2.3076923076923075,2.25,0.625,0.75,0.35114042216272495,0.5625
2022,11,North Texas Mean Green,0.0802091441926409,0.28175031118196986,0.4426229508196721,0.547945205479452,4.459016393442623,6.835616438356165,1.75,2.9285714285714284,1.0,0.8333333333333334,0.10982666511175244,0.3333333333333333
2022,11,Northern Illinois Huskies,0.0912974772353967,-0.17163195375885282,0.4666666666666667,0.38571428571428573,6.166666666666667,5.171428571428572,1.7142857142857142,1.6153846153846154,1.0,1.0,0.10845879682650168,0.3333333333333333
2022,11,Northwestern Wildcats,-0.3652009390867673,-0.0014166378456613293,0.3269230769230769,0.5217391304347826,5.076923076923077,5.101449275362318,0.25,2.5833333333333335,0.0,1.0,-0.1684699325185073,0.25
2022,11,Notre Dame Fighting Irish,0.15045976197278058,0.18671287343663684,0.3333333333333333,0.3559322033898305,6.2407407407407405,6.1525423728813555,2.9166666666666665,2.6666666666666665,1.0,0.6666666666666666,0.040385425090789795,0.38461538461538464
2022,11,Ohio Bobcats,0.3228212373378949,0.17665753624540695,0.5128205128205128,0.5319148936170213,7.217948717948718,7.276595744680851,3.7,2.1,0.5,1.0,0.18694620843856566,0.5625
2022,11,Ohio State Buckeyes,0.3455943887432416,-0.17177178617566824,0.5416666666666666,0.328125,9.222222222222221,4.203125,3.2666666666666666,0.875,0.8333333333333334,1.0,0.3597012008058614,0.38461538461538464
2022,11,Oklahoma Sooners,-0.003680724431486691,0.006679663391307343,0.5,0.46511627906976744,6.264705882352941,5.755813953488372,1.6666666666666667,1.2142857142857142,0.6666666666666666,0.75,0.31620896512811836,0.09090909090909091
2022,11,Oklahoma State Cowboys,-0.2752623845610702,-0.2803093053494828,0.2631578947368421,0.34177215189873417,5.333333333333333,4.493670886075949,1.1111111111111112,0.7777777777777778,0.5,1.0,0.010824405721255712,0.07142857142857142
2022,11,Old Dominion Monarchs,-0.31954874315045095,0.05968098709548729,0.4,0.4927536231884058,4.654545454545454,6.855072463768116,0.25,2.5,0.0,0.6,-0.5177490185946226,0.3076923076923077
2022,11,Ole Miss Rebels,-0.09999123197048902,-0.04649598715883313,0.4375,0.4696969696969697,4.925,4.606060606060606,1.7142857142857142,2.3076923076923075,0.5,0.75,-0.022948743622811116,0.375
2022,11,Oregon Ducks,0.37099601243492925,0.46387972073121503,0.620253164556962,0.5272727272727272,7.493670886075949,9.036363636363637,3.4,4.111111111111111,0.3333333333333333,0.4,0.47717889215125414,0.5
2022,11,Oregon State Beavers,0.035280670751543605,-0.23729781471953101,0.5294117647058824,0.2857142857142857,5.823529411764706,3.7551020408163267,2.8181818181818183,0.3,1.0,0.0,-0.015701537728309633,0.4
2022,11,Penn State Nittany Lions,-0.027060317806899548,-0.493556610608505,0.4027777777777778,0.2542372881355932,5.736111111111111,2.1186440677966103,2.142857142857143,0.0,0.5,0.0,-0.09723633676767349,0.3333333333333333
2022,11,Pittsburgh Panthers,-0.005422324374102164,-0.43125738491091814,0.4492753623188406,0.3684210526315789,5.695652173913044,4.052631578947368,1.9166666666666667,0.5384615384615384,0.3333333333333333,0.5,-0.0493654968603602,0.3333333333333333
2022,11,Purdue Boilermakers,0.014621919148588835,-0.05632911551566351,0.3561643835616438,0.38095238095238093,5.657534246575342,4.777777777777778,1.8461538461538463,1.3076923076923077,0.75,1.0,-0.051846527847750436,0.23076923076923078
2022,11,Rice Owls,-0.13992003877373302,0.3215821008790623,0.5441176470588235,0.5272727272727272,4.970588235294118,9.0,1.0,3.4444444444444446,0.3333333333333333,0.6666666666666666,-0.23834461078309177,0.6363636363636364
2022,11,Rutgers Scarlet Knights,0.2562792972723643,0.09097671418478995,0.49333333333333335,0.5,6.56,6.742424242424242,1.0,1.3333333333333333,1.0,0.3333333333333333,0.12821182482323404,0.5333333333333333
2022,11,SMU Mustangs,0.24960988365552006,0.027878578702608743,0.5441176470588235,0.44,8.132352941176471,5.04,3.4166666666666665,1.9166666666666667,0.75,0.4,0.41061566328560867,0.36363636363636365
2022,11,San Diego State Aztecs,0.21495005082000385,-0.029928096341636946,0.4696969696969697,0.37735849056603776,6.893939393939394,4.452830188679245,3.076923076923077,1.9090909090909092,0.6,1.0,0.1320879184282743,0.38461538461538464
2022,11,San José State Spartans,-0.029928096341636946,0.21495005082000385,0.37735849056603776,0.4696969696969697,4.452830188679245,6.893939393939394,1.9090909090909092,3.076923076923077,1.0,0.6,-0.18890482805124142,0.3333333333333333
2022,11,South Alabama Jaguars,0.13523238744491187,-0.21908494948394716,0.3717948717948718,0.3492063492063492,5.538461538461538,3.873015873015873,2.8181818181818183,1.75,0.3333333333333333,1.0,-0.07998232314219841,0.2631578947368421
2022,11,South Carolina Gamecocks,-0.2840279635662834,0.13697733328892633,0.3541666666666667,0.4358974358974359,5.0625,6.576923076923077,0.0,2.923076923076923,0.0,0.5,-0.42124375573226386,0.2727272727272727
2022,11,South Florida Bulls,0.027878578702608743,0.24960988365552006,0.44,0.5441176470588235,5.04,8.132352941176471,1.9166666666666667,3.4166666666666665,0.4,0.75,0.05040110068188773,0.29411764705882354
2022,11,Southern Miss Golden Eagles,0.018723334326888576,0.1442001555804853,0.3484848484848485,0.3333333333333333,5.7727272727272725,7.907407407407407,2.3,1.1818181818181819,0.4,0.6666666666666666,-0.07059449732303619,0.2857142857142857
2022,11,Stanford Cardinal,-0.26529327780008316,0.3415019844753155,0.32,0.5362318840579711,3.58,7.333333333333333,0.7,3.5,1.0,0.8333333333333334,-0.34614488439900537,0.23076923076923078
2022,11,Syracuse Orange,-0.42752676578455195,0.16854278700692313,0.32558139534883723,0.45714285714285713,2.558139534883721,5.957142857142857,0.21428571428571427,3.1666666666666665,0.0,0.8,-0.2357271778232911,0.0
2022,11,TCU Horned Frogs,-0.16434571881675059,-0.4495179516370179,0.3611111111111111,0.26229508196721313,4.875,3.442622950819672,1.3076923076923077,0.25,0.0,0.0,-0.2524294542769591,0.3333333333333333
2022,11,Temple Owls,0.314309416585658,0.390219171390389,0.5060240963855421,0.5151515151515151,6.156626506024097,7.348484848484849,3.0,4.3,0.8333333333333334,1.0,0.11523480855283283,0.5
2022,11,Tennessee Volunteers,0.5529030704498291,0.15575181160654342,0.5333333333333333,0.4714285714285714,10.253333333333334,5.771428571428571,4.714285714285714,1.6,1.0,0.5,0.5564585787351014,0.45454545454545453
2022,11,Texas A&M Aggies,-0.22296348908695124,-0.1688794534939986,0.2711864406779661,0.3230769230769231,3.3559322033898304,5.446153846153846,0.8333333333333334,1.0,1.0,0.3333333333333333,-0.2018050736812658,0.3125
2022,11,Texas Longhorns,-0.4495179516370179,-0.16434571881675059,0.26229508196721313,0.3611111111111111,3.442622950819672,4.875,0.25,1.3076923076923077,0.0,0.0,-0.2877819091081619,0.07692307692307693
2022,11,Texas State Bobcats,-0.21908494948394716,0.13523238744491187,0.3492063492063492,0.3717948717948718,3.873015873015873,5.538461538461538,1.75,2.8181818181818183,1.0,0.3333333333333333,-0.2796332579343877,0.07692307692307693
2022,11,Texas Tech Red Raiders,0.15384993925690651,0.3525273790865233,0.475,0.4696969696969697,6.2625,8.090909090909092,2.769230769230769,4.071428571428571,0.5,0.5,0.18444928787057363,0.42857142857142855
2022,11,Toledo Rockets,0.004926323890686035,-0.2701224300959339,0.47435897435897434,0.2602739726027397,5.576923076923077,3.9315068493150687,1.6470588235294117,1.2352941176470589,1.0,1.0,0.1937509633726993,0.3684210526315789
2022,11,Troy Trojans,-0.17201015926324403,-0.011512234591055607,0.38461538461538464,0.463768115942029,5.096153846153846,5.202898550724638,0.9090909090909091,0.9,0.3333333333333333,0.3333333333333333,0.028691517455237254,0.1111111111111111
2022,11,Tulane Green Wave,0.16717904332009229,0.22255454141469228,0.4696969696969697,0.47619047619047616,6.121212121212121,5.4523809523809526,2.8181818181818183,2.8181818181818183,0.8,0.6666666666666666,0.004724960001009815,0.3333333333333333
2022,11,Tulsa Golden Hurricane,-0.3208028891434272,-0.1882065677479522,0.3333333333333333,0.3150684931506849,3.5,4.534246575342466,0.7142857142857143,1.8571428571428572,0.3333333333333333,0.25,-0.14725957689590233,0.2
2022,11,UAB Blazers,0.28175031118196986,0.0802091441926409,0.547945205479452,0.4426229508196721,6.835616438356165,4.459016393442623,2.9285714285714284,1.75,0.8333333333333334,1.0,-0.09870248205131954,0.5294117647058824
2022,11,UCF Knights,0.22255454141469228,0.16717904332009229,0.47619047619047616,0.4696969696969697,5.4523809523809526,6.121212121212121,2.8181818181818183,2.8181818181818183,0.6666666666666666,0.8,0.24211483200391135,0.5
2022,11,UCLA Bruins,0.19382752046773308,0.2633052261116413,0.5,0.5538461538461539,6.118421052631579,6.707692307692308,2.8,3.4,1.0,0.6666666666666666,0.2866163460885064,0.25
2022,11,UConn Huskies,-0.06828724066245145,-0.005762746816948999,0.3793103448275862,0.5189873417721519,5.517241379310345,6.367088607594937,2.230769230769231,2.357142857142857,1.0,0.5,0.043577158693657365,0.23076923076923078
2022,11,UL Monroe Warhawks,-0.04770938742835567,-0.05118884751573205,0.3584905660377358,0.40625,5.490566037735849,5.520833333333333,1.4545454545454546,2.1538461538461537,0.3333333333333333,1.0,0.08941351131695073,0.25
2022,11,UNLV Rebels,-0.3635098458856673,-0.3867653320755875,0.2647058823529412,0.2807017543859649,4.132352941176471,5.0701754385964914,6.111111111111111,9.555555555555555,0.4,0.4,-0.5750095161589949,0.058823529411764705
2022,11,USC Trojans,0.3610305573842297,0.08415730866518888,0.6027397260273972,0.45454545454545453,7.273972602739726,4.781818181818182,4.416666666666667,0.8333333333333334,0.8,0.6666666666666666,0.2799338698387146,0.5833333333333334
2022,11,UTSA Roadrunners,0.27605790235626865,-0.2378754943120675,0.4647887323943662,0.4426229508196721,7.098591549295775,4.655737704918033,5.1,0.6363636363636364,0.6,0.0,0.17987386908447534,0.6153846153846154
2022,11,Utah State Aggies,0.022796648828422323,0.08767210301898774,0.3382352941176471,0.44047619047619047,6.073529411764706,7.166666666666667,1.6,2.4285714285714284,0.2,0.6666666666666666,0.0035171841873842128,0.3125
2022,11,Utah Utes,0.3415019844753155,-0.26529327780008316,0.5362318840579711,0.32,7.333333333333333,3.58,3.5,0.7,0.8333333333333334,1.0,0.098599392850444,0.4166666666666667
2022,11,Vanderbilt Commodores,0.05265685461927205,0.10530255200727931,0.359375,0.39622641509433965,6.703125,6.037735849056604,2.6666666666666665,2.1,0.6666666666666666,0.25,-0.19367250217043835,0.4666666666666667
2022,11,Virginia Cavaliers,-0.43125738491091814,-0.005422324374102164,0.3684210526315789,0.4492753623188406,4.052631578947368,5.695652173913044,0.5384615384615384,1.9166666666666667,0.5,0.3333333333333333,-0.3454959506080264,0.15384615384615385
2022,11,Virginia Tech Hokies,-0.09778211652128785,0.151479851773807,0.4074074074074074,0.42857142857142855,5.277777777777778,6.057142857142857,0.6363636363636364,2.1818181818181817,,0.4,0.1629790525883436,0.3333333333333333
2022,11,Wake Forest Demon Deacons,0.2493630695930669,0.2706719086450689,0.49295774647887325,0.5529411764705883,6.845070422535211,6.905882352941177,2.25,2.3076923076923075,0.75,0.625,0.16487490765328677,0.25
2022,11,Washington Huskies,0.46387972073121503,0.37099601243492925,0.5272727272727272,0.620253164556962,9.036363636363637,7.493670886075949,4.111111111111111,3.4,0.4,0.3333333333333333,0.3446745367153831,0.4444444444444444
2022,11,Washington State Cougars,-0.006163125378744943,-0.10302557284707453,0.4714285714285714,0.3880597014925373,4.985714285714286,4.970149253731344,2.1538461538461537,1.5,0.8,0.6666666666666666,0.01090185597257794,0.2857142857142857
2022,11,West Virginia Mountaineers,0.006679663391307343,-0.003680724431486691,0.46511627906976744,0.5,5.755813953488372,6.264705882352941,1.2142857142857142,1.6666666666666667,0.75,0.6666666666666666,0.04428907111287117,0.3333333333333333
2022,11,Western Kentucky Hilltoppers,0.3215821008790623,-0.13992003877373302,0.5272727272727272,0.5441176470588235,9.0,4.970588235294118,3.4444444444444446,1.0,0.6666666666666666,0.3333333333333333,0.13809416443109512,0.5454545454545454
2022,11,Western Michigan Broncos,-0.17163195375885282,0.0912974772353967,0.38571428571428573,0.4666666666666667,5.171428571428572,6.166666666666667,1.6153846153846154,1.7142857142857142,1.0,1.0,-0.1359273937402987,0.2
2022,11,Wisconsin Badgers,-0.33261479368576635,-0.26849314126679125,0.26153846153846155,0.3382352941176471,4.046153846153846,2.1470588235294117,0.6666666666666666,1.1333333333333333,0.0,0.6666666666666666,-0.48894587345421314,0.3125
2022,11,Wyoming Cowboys,-0.030345017419141883,-0.07424902995782239,0.39215686274509803,0.375,4.549019607843137,5.839285714285714,1.4,0.6666666666666666,0.5,0.0,-0.07654366759877455,0.3076923076923077
2022,12,Air Force Falcons,0.2969774061174535,-0.01944141608217488,0.5223880597014925,0.45652173913043476,5.537313432835821,5.717391304347826,2.6666666666666665,1.3333333333333333,0.6666666666666666,1.0,0.1987893395125866,0.4666666666666667
2022,12,Alabama Crimson Tide,0.2663864443699519,-0.3957042257333624,0.56,0.3448275862068966,7.066666666666666,4.0,3.090909090909091,0.0,0.5714285714285714,0.0,0.18721435442566872,0.3333333333333333
2022,12,Appalachian State Mountaineers,0.2824386591091752,0.049237607655903466,0.484375,0.4153846153846154,8.421875,6.3076923076923075,2.4545454545454546,1.2727272727272727,0.25,0.0,0.4182508908785306,0.2727272727272727
2022,12,Arizona State Sun Devils,0.04511833295487521,0.2824209878842036,0.3684210526315789,0.5757575757575758,4.87719298245614,6.893939393939394,0.7777777777777778,2.4,0.5,0.6,-0.013513140189342009,0.35714285714285715
2022,12,Arizona Wildcats,-0.12965701564269907,-0.025981941424748477,0.4264705882352941,0.47058823529411764,7.0,5.088235294117647,1.25,1.7142857142857142,0.5,0.75,-0.08233686453766292,0.18181818181818182
2022,12,Arkansas Razorbacks,0.26528738252818584,0.1661035846485648,0.46875,0.4883720930232558,7.359375,7.883720930232558,2.625,0.9523809523809523,0.8,0.3333333333333333,0.35067350474687725,0.4166666666666667
2022,12,Arkansas State Red Wolves,-0.24501339610545866,-0.024400890270868936,0.3387096774193548,0.44,4.983870967741935,4.666666666666667,1.0,1.2307692307692308,0.0,0.3333333333333333,-0.0844973034184912,0.07142857142857142
2022,12,Army Black Knights,0.1595329459299121,0.04771309063352387,0.5614035087719298,0.5344827586206896,5.964912280701754,6.551724137931035,2.7,1.5454545454545454,1.0,0.3333333333333333,0.2918094625306684,0.4166666666666667
2022,12,Auburn Tigers,0.11679568837900631,-0.09933099497196286,0.3770491803278688,0.38372093023255816,6.147540983606557,5.058139534883721,2.6153846153846154,1.3076923076923077,0.6666666666666666,0.0,0.06220174224480339,0.42857142857142855
2022,12,Austin Peay Governors,-0.3957042257333624,0.2663864443699519,0.3448275862068966,0.56,4.0,7.066666666666666,0.0,3.090909090909091,0.0,0.5714285714285714,-0.23123029706089995,0.23076923076923078
2022,12,BYU Cougars,0.32580830358170176,0.058696179924642336,0.527027027027027,0.39705882352941174,8.945945945945946,6.220588235294118,2.888888888888889,1.5294117647058822,0.6666666666666666,0.6666666666666666,0.41652765065904646,0.36363636363636365
2022,12,Ball State Cardinals,-0.18177020861141718,0.1050155154172925,0.417910447761194,0.463768115942029,6.253731343283582,6.217391304347826,1.3846153846153846,2.3076923076923075,0.6666666666666666,0.42857142857142855,-0.006369689049629064,0.16666666666666666
2022,12,Baylor Bears,0.23524151389536105,0.2587710348588805,0.5394736842105263,0.5,6.592105263157895,7.145161290322581,2.5454545454545454,2.4166666666666665,0.8,1.0,0.054566716238603756,0.35714285714285715
2022,12,Boise State Broncos,-0.00041089716710542376,-0.1782760862261057,0.4605263157894737,0.4375,6.328947368421052,6.416666666666667,1.5384615384615385,1.4166666666666667,0.5,1.0,0.13271033177610303,0.3076923076923077
2022,12,Boston College Eagles,-0.3274285633835876,0.2862519035263667,0.3508771929824561,0.47619047619047616,3.017543859649123,6.936507936507937,0.0,4.4,0.0,0.7142857142857143,-0.3734742094103883,0.42857142857142855
2022,12,Bowling Green Falcons,0.08604779546378089,0.0247969137770789,0.32786885245901637,0.44047619047619047,7.442622950819672,5.607142857142857,2.3333333333333335,2.1875,0.5,0.8333333333333334,-0.10984840341236281,0.2
2022,12,California Golden Bears,-0.08333765319548547,-0.1764553651213646,0.4375,0.45,6.390625,5.5625,1.2666666666666666,1.3333333333333333,0.4,1.0,-0.043656227799753346,0.21428571428571427
2022,12,Central Michigan Chippewas,-0.28882448736112565,-0.21182856880701506,0.28125,0.2564102564102564,4.3125,6.076923076923077,2.2222222222222223,1.4166666666666667,0.0,0.0,-0.2563826042626585,0.2727272727272727
2022,12,Charlotte 49ers,0.15280996312697728,-0.04531028066108476,0.45,0.373134328358209,6.983333333333333,5.223880597014926,2.3636363636363638,1.9090909090909092,0.3333333333333333,0.6,0.05528353357856924,0.5625
2022,12,Cincinnati Bearcats,-0.010416794372232337,-0.5094807212645153,0.39473684210526316,0.33962264150943394,5.2894736842105265,4.566037735849057,1.7692307692307692,0.2,0.2,0.0,-0.03694888743860968,0.4375
2022,12,Clemson Tigers,0.09812474135486852,-0.49136282077857424,0.5357142857142857,0.2857142857142857,5.869047619047619,2.380952380952381,2.3846153846153846,0.7692307692307693,0.8333333333333334,0.5,-0.0680476643718206,0.7368421052631579
2022,12,Colorado Buffaloes,-0.20376579629050362,0.3816796289040492,0.2777777777777778,0.5769230769230769,5.333333333333333,7.5256410256410255,0.5833333333333334,4.0,,0.75,-0.04367228654714731,0.2727272727272727
2022,12,Colorado State Rams,-0.01944141608217488,0.2969774061174535,0.45652173913043476,0.5223880597014925,5.717391304347826,5.537313432835821,1.3333333333333333,2.6666666666666665,1.0,0.6666666666666666,0.08954968347268946,0.1111111111111111
2022,12,Duke Blue Devils,-0.14893285405467932,-0.17026629392057657,0.352112676056338,0.390625,5.352112676056338,4.859375,1.5384615384615385,1.4285714285714286,1.0,0.6666666666666666,-0.2772645242512226,0.3888888888888889
2022,12,East Carolina Pirates,-0.2549390693505605,0.31739015967556927,0.3333333333333333,0.5,5.508771929824562,7.848484848484849,0.25,3.5,0.0,1.0,-0.04426595721489344,0.21428571428571427
2022,12,East Tennessee State Buccaneers,-0.4765976714460473,0.2708758688531816,0.3508771929824561,0.609375,4.140350877192983,6.890625,0.0,4.083333333333333,,1.0,-0.4616353366264077,0.16666666666666666
2022,12,Eastern Michigan Eagles,0.1634696158299963,0.12393288054163494,0.4819277108433735,0.3968253968253968,5.819277108433735,6.063492063492063,2.2142857142857144,2.0,0.6,0.6666666666666666,0.25621747639444137,0.3125
2022,12,Florida Atlantic Owls,-0.07841083451883117,0.2716007258357673,0.373134328358209,0.5057471264367817,5.208955223880597,6.988505747126437,1.6153846153846154,3.2666666666666666,0.6666666666666666,0.875,-0.3946190464496613,0.2857142857142857
2022,12,Florida Gators,0.015999093186110258,-0.05976405739784241,0.390625,0.3770491803278688,7.59375,4.819672131147541,2.0,2.0,0.6666666666666666,0.6666666666666666,0.04700143432075327,0.2
2022,12,Florida International Panthers,-0.6827706128358841,0.4646429673239991,0.2,0.5675675675675675,2.75,7.135135135135135,0.46153846153846156,19.153846153846153,0.0,0.5,-0.8762863119443257,0.4
2022,12,Florida State Seminoles,0.2854028804735704,-0.03950796212468829,0.5303030303030303,0.4142857142857143,6.9393939393939394,4.185714285714286,5.090909090909091,1.2142857142857142,1.0,0.6666666666666666,0.10103647828102112,0.4666666666666667
2022,12,Fresno State Bulldogs,0.20364808826379374,0.020618473038528904,0.4507042253521127,0.3333333333333333,7.366197183098592,6.651515151515151,3.1538461538461537,1.0,0.6,0.0,0.07586767537552014,0.35714285714285715
2022,12,Georgia Bulldogs,0.10934514449192928,-0.11466880408780915,0.5076923076923077,0.3392857142857143,5.584615384615384,6.071428571428571,1.7777777777777777,0.75,0.2,0.3333333333333333,0.11359863556348361,0.5
2022,12,Georgia Southern Eagles,-0.0050685689562842955,0.11264739001498503,0.49206349206349204,0.4823529411764706,6.095238095238095,6.188235294117647,0.7692307692307693,1.7692307692307692,0.0,0.3333333333333333,0.16188635390538436,0.18181818181818182
2022,12,Georgia State Panthers,-0.24323070265352725,0.04762994067769655,0.22,0.43661971830985913,5.14,6.901408450704225,2.0,2.8,0.5,1.0,-0.2824998842552304,0.15384615384615385
2022,12,Georgia Tech Yellow Jackets,0.12492530155872954,-0.08140653750253102,0.4782608695652174,0.4126984126984127,5.63768115942029,6.825396825396825,1.75,1.4166666666666667,1.0,0.2,0.122763368818495,0.4666666666666667
2022,12,Hawai'i Rainbow Warriors,0.0012288327018419901,-0.02377271031339963,0.43333333333333335,0.4444444444444444,6.933333333333334,6.194444444444445,1.8461538461538463,1.5833333333333333,0.5,0.3333333333333333,-0.05808104185954384,0.35714285714285715
2022,12,Houston Cougars,0.31739015967556927,-0.2549390693505605,0.5,0.3333333333333333,7.848484848484849,5.508771929824562,3.5,0.25,1.0,0.0,0.1780739902303769,0.4166666666666667
2022,12,Illinois Fighting Illini,-0.020219680794980377,-0.06073357164859772,0.453125,0.33783783783783783,4.9375,5.081081081081081,1.4166666666666667,1.0909090909090908,0.5,0.25,0.14391119998632645,0.3076923076923077
2022,12,Indiana Hoosiers,0.025038878376386603,0.04903946297892024,0.3877551020408163,0.47191011235955055,5.36734693877551,5.719101123595506,1.7647058823529411,2.533333333333333,0.16666666666666666,0.5,0.1114570430169503,0.25
2022,12,Iowa Hawkeyes,-0.04337111670596927,0.041633202937933114,0.37254901960784315,0.47692307692307695,5.509803921568627,6.138461538461539,1.3,1.1111111111111112,0.5,0.25,0.011455336824441567,0.2727272727272727
2022,12,Iowa State Cyclones,-0.25236250162124635,-0.12983319381388223,0.3333333333333333,0.43902439024390244,4.511111111111111,4.219512195121951,2.1666666666666665,3.1818181818181817,0.0,1.0,-0.09482898635248985,0.3333333333333333
2022,12,James Madison Dukes,0.04762994067769655,-0.24323070265352725,0.43661971830985913,0.22,6.901408450704225,5.14,2.8,2.0,1.0,0.5,-0.22560526643480575,0.5
2022,12,Kansas Jayhawks,0.23921442031860352,0.3561897079149882,0.423728813559322,0.48717948717948717,6.101694915254237,6.756410256410256,1.2727272727272727,5.0,0.6666666666666666,0.8333333333333334,0.2586792914763741,0.36363636363636365
2022,12,Kansas State Wildcats,0.03598947506962401,0.11782802028521415,0.4696969696969697,0.46774193548387094,7.090909090909091,6.548387096774194,3.1538461538461537,2.0833333333333335,0.75,0.6666666666666666,-0.08187770726634007,0.46153846153846156
2022,12,Kent State Golden Flashes,0.12393288054163494,0.1634696158299963,0.3968253968253968,0.4819277108433735,6.063492063492063,5.819277108433735,2.0,2.2142857142857144,0.6666666666666666,0.6,0.09931505423911074,0.26666666666666666
2022,12,Kentucky Wildcats,-0.11466880408780915,0.10934514449192928,0.3392857142857143,0.5076923076923077,6.071428571428571,5.584615384615384,0.75,1.7777777777777777,0.3333333333333333,0.2,0.038451951884088065,0.2727272727272727
2022,12,LSU Tigers,0.2870903321674892,-0.15583952058825576,0.6,0.3157894736842105,7.9714285714285715,4.543859649122807,3.727272727272727,0.9090909090909091,0.8571428571428571,0.3333333333333333,0.12863002291747502,0.6923076923076923
2022,12,Liberty Flames,-0.04627564549446106,0.06072375382462593,0.45161290322580644,0.3424657534246575,5.209677419354839,4.972602739726027,1.4666666666666666,1.0526315789473684,0.3333333333333333,0.42857142857142855,0.06570107961187557,0.3333333333333333
2022,12,Louisiana Ragin' Cajuns,-0.03950796212468829,0.2854028804735704,0.4142857142857143,0.5303030303030303,4.185714285714286,6.9393939393939394,1.2142857142857142,5.090909090909091,0.6666666666666666,1.0,0.017269337406525247,0.2857142857142857
2022,12,Louisiana Tech Bulldogs,-0.04531028066108476,0.15280996312697728,0.373134328358209,0.45,5.223880597014926,6.983333333333333,1.9090909090909092,2.3636363636363638,0.6,0.3333333333333333,-0.30412299083728417,0.42857142857142855
2022,12,Louisville Cardinals,-0.062028748648507256,-0.24452026692074788,0.38095238095238093,0.36619718309859156,5.412698412698413,3.9577464788732395,2.0,0.8333333333333334,0.2,0.0,-0.05718101107555887,0.375
2022,12,Marshall Thundering Herd,0.11264739001498503,-0.0050685689562842955,0.4823529411764706,0.49206349206349204,6.188235294117647,6.095238095238095,1.7692307692307692,0.7692307692307693,0.3333333333333333,0.0,0.14619185282633854,0.5
2022,12,Maryland Terrapins,0.22637267279274323,0.04628012832757589,0.47058823529411764,0.44594594594594594,6.117647058823529,5.824324324324325,2.1538461538461537,2.4166666666666665,0.6,0.6,0.26026631610573464,0.35714285714285715
2022,12,Massachusetts Minutemen,-0.4665484093720951,-0.2305817755602174,0.2698412698412698,0.3559322033898305,2.7301587301587302,7.288135593220339,0.21428571428571427,1.4285714285714286,0.0,0.25,-0.32352442294359207,0.1875
2022,12,Memphis Tigers,0.2779724673486092,-0.5217513978639816,0.5774647887323944,0.23404255319148937,6.816901408450704,3.6808510638297873,4.5,0.0,0.7142857142857143,,0.16066993149844083,0.46153846153846156
2022,12,Miami (OH) RedHawks,0.10371383038513801,0.03956381976604462,0.4117647058823529,0.3076923076923077,5.838235294117647,7.115384615384615,1.9285714285714286,1.6428571428571428,0.5,0.5,0.001332287402714,0.35294117647058826
2022,12,Miami Hurricanes,-0.49136282077857424,0.09812474135486852,0.2857142857142857,0.5357142857142857,2.380952380952381,5.869047619047619,0.7692307692307693,2.3846153846153846,0.5,0.8333333333333334,-0.38294312059879304,0.18181818181818182
2022,12,Michigan State Spartans,0.04903946297892024,0.025038878376386603,0.47191011235955055,0.3877551020408163,5.719101123595506,5.36734693877551,2.533333333333333,1.7647058823529411,0.5,0.16666666666666666,0.15201805269016938,0.4117647058823529
2022,12,Michigan Wolverines,-0.06073357164859772,-0.020219680794980377,0.33783783783783783,0.453125,5.081081081081081,4.9375,1.0909090909090908,1.4166666666666667,0.25,0.5,-0.21367384697876723,0.3157894736842105
2022,12,Middle Tennessee Blue Raiders,0.2716007258357673,-0.07841083451883117,0.5057471264367817,0.373134328358209,6.988505747126437,5.208955223880597,3.2666666666666666,1.6153846153846154,0.875,0.6666666666666666,0.2153308288732045,0.46153846153846156
2022,12,Minnesota Golden Gophers,0.041633202937933114,-0.04337111670596927,0.47692307692307695,0.37254901960784315,6.138461538461539,5.509803921568627,1.1111111111111112,1.3,0.25,0.5,0.1581352397482446,0.4375
2022,12,Mississippi State Bulldogs,0.2708758688531816,-0.4765976714460473,0.609375,0.3508771929824561,6.890625,4.140350877192983,4.083333333333333,0.0,1.0,,0.2238121298226443,0.3333333333333333
2022,12,Missouri Tigers,0.2684064340942046,-0.08077256259371023,0.5147058823529411,0.39344262295081966,6.514705882352941,4.901639344262295,5.0,1.4,1.0,1.0,0.14038722560955927,0.6428571428571429
2022,12,NC State Wolfpack,-0.24452026692074788,-0.062028748648507256,0.36619718309859156,0.38095238095238093,3.9577464788732395,5.412698412698413,0.8333333333333334,2.0,0.0,0.2,-0.13418833268623725,0.4117647058823529
2022,12,Navy Midshipmen,-0.013281238655890188,0.07328372357184426,0.3709677419354839,0.45614035087719296,4.096774193548387,5.508771929824562,1.5454545454545454,1.4,0.6666666666666666,0.3333333333333333,-0.08758336163702465,0.3125
2022,12,Nebraska Cornhuskers,-0.12064596715693672,0.07651689691202981,0.3958333333333333,0.5714285714285714,3.8958333333333335,4.871428571428571,1.4,1.0,1.0,0.6666666666666666,-0.22621505103401235,0.36363636363636365
2022,12,Nevada Wolf Pack,0.020618473038528904,0.20364808826379374,0.3333333333333333,0.4507042253521127,6.651515151515151,7.366197183098592,1.0,3.1538461538461537,0.0,0.6,-0.016222819685935974,0.3888888888888889
2022,12,New Mexico Lobos,-0.31280332998089166,0.18867301892849705,0.30434782608695654,0.43548387096774194,4.1521739130434785,7.435483870967742,0.9090909090909091,3.090909090909091,1.0,0.5,0.04081664628842298,0.0
2022,12,New Mexico State Aggies,-0.08077256259371023,0.2684064340942046,0.39344262295081966,0.5147058823529411,4.901639344262295,6.514705882352941,1.4,5.0,1.0,1.0,-0.18305636076040047,0.5
2022,12,North Alabama Lions,-0.5217513978639816,0.2779724673486092,0.23404255319148937,0.5774647887323944,3.6808510638297873,6.816901408450704,0.0,4.5,,0.7142857142857143,-0.36731906244770074,0.125
2022,12,North Carolina Tar Heels,-0.08140653750253102,0.12492530155872954,0.4126984126984127,0.4782608695652174,6.825396825396825,5.63768115942029,1.4166666666666667,1.75,0.2,1.0,-0.02707462708155314,0.2857142857142857
2022,12,Northern Illinois Huskies,0.03956381976604462,0.10371383038513801,0.3076923076923077,0.4117647058823529,7.115384615384615,5.838235294117647,1.6428571428571428,1.9285714285714286,0.5,0.5,0.23856029624030703,0.0
2022,12,Northwestern Wildcats,-0.1997918684501201,-0.05851411819458008,0.359375,0.4375,3.75,4.28125,0.8181818181818182,1.5454545454545454,0.5,0.6666666666666666,-0.21457150481317355,0.375
2022,12,Notre Dame Fighting Irish,0.2862519035263667,-0.3274285633835876,0.47619047619047616,0.3508771929824561,6.936507936507937,3.017543859649123,4.4,0.0,0.7142857142857143,0.0,0.23061374620515473,0.46153846153846156
2022,12,Ohio Bobcats,0.1050155154172925,-0.18177020861141718,0.463768115942029,0.417910447761194,6.217391304347826,6.253731343283582,2.3076923076923075,1.3846153846153846,0.42857142857142855,0.6666666666666666,0.11308901950165078,0.35714285714285715
2022,12,Ohio State Buckeyes,0.04628012832757589,0.22637267279274323,0.44594594594594594,0.47058823529411764,5.824324324324325,6.117647058823529,2.4166666666666665,2.1538461538461537,0.6,0.6,-0.030329179661027317,0.5333333333333333
2022,12,Oklahoma Sooners,-0.1548768110471229,-0.19446909530918197,0.3561643835616438,0.40594059405940597,6.123287671232877,5.128712871287129,1.4736842105263157,0.5263157894736842,0.6666666666666666,0.2,0.12434306740760803,0.07142857142857142
2022,12,Oklahoma State Cowboys,-0.19446909530918197,-0.1548768110471229,0.40594059405940597,0.3561643835616438,5.128712871287129,6.123287671232877,0.5263157894736842,1.4736842105263157,0.2,0.6666666666666666,-0.10445857640260305,0.3333333333333333
2022,12,Old Dominion Monarchs,0.049237607655903466,0.2824386591091752,0.4153846153846154,0.484375,6.3076923076923075,8.421875,1.2727272727272727,2.4545454545454546,0.0,0.25,0.0176760014621731,0.5
2022,12,Ole Miss Rebels,0.1661035846485648,0.26528738252818584,0.4883720930232558,0.46875,7.883720930232558,7.359375,0.9523809523809523,2.625,0.3333333333333333,0.8,0.23570669814944267,0.4375
2022,12,Oregon Ducks,-0.0019918224606357638,-0.13819283328644216,0.39344262295081966,0.5342465753424658,6.016393442622951,4.589041095890411,1.6666666666666667,0.9090909090909091,0.6666666666666666,0.3333333333333333,-0.166523733900653,0.4
2022,12,Oregon State Beavers,0.2824209878842036,0.04511833295487521,0.5757575757575758,0.3684210526315789,6.893939393939394,4.87719298245614,2.4,0.7777777777777778,0.6,0.5,0.26863150077837483,0.36363636363636365
2022,12,Pittsburgh Panthers,-0.17026629392057657,-0.14893285405467932,0.390625,0.352112676056338,4.859375,5.352112676056338,1.4285714285714286,1.5384615384615385,0.6666666666666666,1.0,-0.019515068580706913,0.3333333333333333
2022,12,Purdue Boilermakers,-0.05851411819458008,-0.1997918684501201,0.4375,0.359375,4.28125,3.75,1.5454545454545454,0.8181818181818182,0.6666666666666666,0.5,0.10094634732421563,0.3076923076923077
2022,12,Rice Owls,-0.3654720738932893,-0.06905591319192131,0.28378378378378377,0.3584905660377358,3.891891891891892,7.584905660377358,0.4375,2.7333333333333334,0.0,0.6666666666666666,-0.31806893208447623,0.2222222222222222
2022,12,SMU Mustangs,0.034173705925544105,0.3493226511911912,0.5208333333333334,0.5454545454545454,5.21875,8.49090909090909,1.7142857142857142,3.466666666666667,0.6,0.8333333333333334,0.15065315862496695,0.3684210526315789
2022,12,San Diego State Aztecs,0.18867301892849705,-0.31280332998089166,0.43548387096774194,0.30434782608695654,7.435483870967742,4.1521739130434785,3.090909090909091,0.9090909090909091,0.5,1.0,0.01054412380177924,0.46153846153846156
2022,12,San José State Spartans,0.11415134657893264,0.06955573938432194,0.5087719298245614,0.4642857142857143,5.824561403508772,5.142857142857143,2.2142857142857144,2.3333333333333335,0.6666666666666666,0.8,0.32811804657632654,0.4166666666666667
2022,12,South Alabama Jaguars,0.08545384417145939,-0.10647435876039359,0.423728813559322,0.4,7.0,4.4,2.25,1.8181818181818181,0.3333333333333333,0.3333333333333333,0.036489467535700114,0.3076923076923077
2022,12,South Carolina Gamecocks,0.590064214070638,0.3259484915015025,0.6133333333333333,0.5256410256410257,8.106666666666667,6.871794871794871,5.25,3.4545454545454546,1.0,0.6,0.341812749062815,0.5454545454545454
2022,12,South Florida Bulls,0.21806907360300873,0.42204078245494103,0.48484848484848486,0.5694444444444444,7.333333333333333,8.01388888888889,3.230769230769231,2.9285714285714284,0.6666666666666666,0.5555555555555556,0.42430860450807606,0.4
2022,12,Southern Miss Golden Eagles,-0.10647435876039359,0.08545384417145939,0.4,0.423728813559322,4.4,7.0,1.8181818181818181,2.25,0.3333333333333333,0.3333333333333333,-0.28332975196341675,0.3333333333333333
2022,12,Stanford Cardinal,-0.1764553651213646,-0.08333765319548547,0.45,0.4375,5.5625,6.390625,1.3333333333333333,1.2666666666666666,1.0,0.4,-0.05192503985017538,0.26666666666666666
2022,12,Syracuse Orange,0.3036986404409011,0.22699574270146958,0.48333333333333334,0.574468085106383,8.75,5.404255319148936,2.5,3.1666666666666665,0.6,0.6666666666666666,0.15283918791279502,0.5
2022,12,TCU Horned Frogs,0.2587710348588805,0.23524151389536105,0.5,0.5394736842105263,7.145161290322581,6.592105263157895,2.4166666666666665,2.5454545454545454,1.0,0.8,0.33630874967918944,0.4
2022,12,Temple Owls,-0.5094807212645153,-0.010416794372232337,0.33962264150943394,0.39473684210526316,4.566037735849057,5.2894736842105265,0.2,1.7692307692307692,0.0,0.2,-0.6370447661727667,0.09090909090909091
2022,12,Tennessee Volunteers,0.3259484915015025,0.590064214070638,0.5256410256410257,0.6133333333333333,6.871794871794871,8.106666666666667,3.4545454545454546,5.25,0.6,1.0,0.272662848470703,0.25
2022,12,Texas A&M Aggies,-0.2305817755602174,-0.4665484093720951,0.3559322033898305,0.2698412698412698,7.288135593220339,2.7301587301587302,1.4285714285714286,0.21428571428571427,0.25,0.0,-0.19597775960455135,0.2
2022,12,Texas Longhorns,0.3561897079149882,0.23921442031860352,0.48717948717948717,0.423728813559322,6.756410256410256,6.101694915254237,5.0,1.2727272727272727,0.8333333333333334,0.6666666666666666,0.2373258262872696,0.21428571428571427
2022,12,Texas State Bobcats,-0.024400890270868936,-0.24501339610545866,0.44,0.3387096774193548,4.666666666666667,4.983870967741935,1.2307692307692308,1.0,0.3333333333333333,0.0,0.03974577993677374,0.35294117647058826
2022,12,Texas Tech Red Raiders,-0.12983319381388223,-0.25236250162124635,0.43902439024390244,0.3333333333333333,4.219512195121951,4.511111111111111,3.1818181818181817,2.1666666666666665,1.0,0.0,-0.0130013902982076,0.18181818181818182
2022,12,Toledo Rockets,0.0247969137770789,0.08604779546378089,0.44047619047619047,0.32786885245901637,5.607142857142857,7.442622950819672,2.1875,2.3333333333333335,0.8333333333333334,0.5,-0.20121094820991395,0.29411764705882354
2022,12,Troy Trojans,0.05885421271835055,-0.1688761465617868,0.44642857142857145,0.36065573770491804,5.196428571428571,4.147540983606557,3.375,1.6,0.75,0.6666666666666666,0.0008691923562870469,0.5454545454545454
2022,12,Tulane Green Wave,0.3493226511911912,0.034173705925544105,0.5454545454545454,0.5208333333333334,8.49090909090909,5.21875,3.466666666666667,1.7142857142857142,0.8333333333333334,0.6,0.4520211695356572,0.14285714285714285
2022,12,Tulsa Golden Hurricane,0.42204078245494103,0.21806907360300873,0.5694444444444444,0.48484848484848486,8.01388888888889,7.333333333333333,2.9285714285714284,3.230769230769231,0.5555555555555556,0.6666666666666666,0.44186626804077017,0.5833333333333334
2022,12,UAB Blazers,-0.15583952058825576,0.2870903321674892,0.3157894736842105,0.6,4.543859649122807,7.9714285714285715,0.9090909090909091,3.727272727272727,0.3333333333333333,0.8571428571428571,0.04045583605766297,0.2857142857142857
2022,12,UCF Knights,0.07328372357184426,-0.013281238655890188,0.45614035087719296,0.3709677419354839,5.508771929824562,4.096774193548387,1.4,1.5454545454545454,0.3333333333333333,0.6666666666666666,0.17521375972171163,0.25
2022,12,UCLA Bruins,0.283787580927213,0.40939511679395846,0.56,0.620253164556962,7.32,8.556962025316455,3.4615384615384617,3.4285714285714284,1.0,0.625,0.31470332453485395,0.46153846153846156
2022,12,UConn Huskies,0.04771309063352387,0.1595329459299121,0.5344827586206896,0.5614035087719298,6.551724137931035,5.964912280701754,1.5454545454545454,2.7,0.3333333333333333,1.0,0.16456955930461054,0.45454545454545453
2022,12,UL Monroe Warhawks,-0.1688761465617868,0.05885421271835055,0.36065573770491804,0.44642857142857145,4.147540983606557,5.196428571428571,1.6,3.375,0.6666666666666666,0.75,-0.34155292761452655,0.46153846153846156
2022,12,UNLV Rebels,-0.02377271031339963,0.0012288327018419901,0.4444444444444444,0.43333333333333335,6.194444444444445,6.933333333333334,1.5833333333333333,1.8461538461538463,0.3333333333333333,0.5,0.058216284764440435,0.2857142857142857
2022,12,USC Trojans,0.40939511679395846,0.283787580927213,0.620253164556962,0.56,8.556962025316455,7.32,3.4285714285714284,3.4615384615384617,0.625,1.0,0.5031322050785673,0.4444444444444444
2022,12,UTEP Miners,0.4646429673239991,-0.6827706128358841,0.5675675675675675,0.2,7.135135135135135,2.75,19.153846153846153,0.46153846153846156,0.5,0.0,0.5721041842781264,0.2857142857142857
2022,12,UTSA Roadrunners,-0.06905591319192131,-0.3654720738932893,0.3584905660377358,0.28378378378378377,7.584905660377358,3.891891891891892,2.7333333333333334,0.4375,0.6666666666666666,0.0,-0.10584380423150412,0.1
2022,12,Utah State Aggies,0.06955573938432194,0.11415134657893264,0.4642857142857143,0.5087719298245614,5.142857142857143,5.824561403508772,2.3333333333333335,2.2142857142857144,0.8,0.6666666666666666,-0.10739369154907763,0.47058823529411764
2022,12,Utah Tech Trailblazers,0.058696179924642336,0.32580830358170176,0.39705882352941174,0.527027027027027,6.220588235294118,8.945945945945946,1.5294117647058822,2.888888888888889,0.6666666666666666,0.6666666666666666,0.09815668972099528,0.2
2022,12,Utah Utes,-0.13819283328644216,-0.0019918224606357638,0.5342465753424658,0.39344262295081966,4.589041095890411,6.016393442622951,0.9090909090909091,1.6666666666666667,0.3333333333333333,0.6666666666666666,-0.15775758800683198,0.5333333333333333
2022,12,Vanderbilt Commodores,-0.05976405739784241,0.015999093186110258,0.3770491803278688,0.390625,4.819672131147541,7.59375,2.0,2.0,0.6666666666666666,0.6666666666666666,-0.11868090864191665,0.46153846153846156
2022,12,Virginia Tech Hokies,0.06072375382462593,-0.04627564549446106,0.3424657534246575,0.45161290322580644,4.972602739726027,5.209677419354839,1.0526315789473684,1.4666666666666666,0.42857142857142855,0.3333333333333333,-0.0755146962625009,0.3125
2022,12,Wake Forest Demon Deacons,0.22699574270146958,0.3036986404409011,0.574468085106383,0.48333333333333334,5.404255319148936,8.75,3.1666666666666665,2.5,0.6666666666666666,0.6,0.23366922681981867,0.5333333333333333
2022,12,Washington Huskies,0.3816796289040492,-0.20376579629050362,0.5769230769230769,0.2777777777777778,7.5256410256410255,5.333333333333333,4.0,0.5833333333333334,0.75,,0.3558198856189847,0.5454545454545454
2022,12,Washington State Cougars,-0.025981941424748477,-0.12965701564269907,0.47058823529411764,0.4264705882352941,5.088235294117647,7.0,1.7142857142857142,1.25,0.75,0.5,0.04142429215728112,0.38461538461538464
2022,12,West Virginia Mountaineers,0.11782802028521415,0.03598947506962401,0.46774193548387094,0.4696969696969697,6.548387096774194,7.090909090909091,2.0833333333333335,3.1538461538461537,0.6666666666666666,0.75,0.31440030550584197,0.2
2022,12,Western Kentucky Hilltoppers,-0.09933099497196286,0.11679568837900631,0.38372093023255816,0.3770491803278688,5.058139534883721,6.147540983606557,1.3076923076923077,2.6153846153846154,0.0,0.6666666666666666,-0.1724763541925149,0.35
2022,12,Western Michigan Broncos,-0.21182856880701506,-0.28882448736112565,0.2564102564102564,0.28125,6.076923076923077,4.3125,1.4166666666666667,2.2222222222222223,0.0,0.0,-0.25006135020937237,0.3333333333333333
2022,12,Wisconsin Badgers,0.07651689691202981,-0.12064596715693672,0.5714285714285714,0.3958333333333333,4.871428571428571,3.8958333333333335,1.0,1.4,0.6666666666666666,1.0,0.17321339357982982,0.4
2022,12,Wyoming Cowboys,-0.1782760862261057,-0.00041089716710542376,0.4375,0.4605263157894737,6.416666666666667,6.328947368421052,1.4166666666666667,1.5384615384615385,1.0,0.5,0.145270909917982,0.1
2022,13,Air Force Falcons,-0.16496870792829074,-0.40751905480156775,0.3230769230769231,0.3695652173913043,4.907692307692308,5.043478260869565,1.0833333333333333,0.25,0.25,0.0,-0.05250482199092706,0.2
2022,13,Akron Zips,0.3000247103698326,-0.27728912441266906,0.5606060606060606,0.3055555555555556,7.757575757575758,4.944444444444445,3.3333333333333335,0.8571428571428571,0.42857142857142855,0.0,0.3494391153778946,0.375
2022,13,Alabama Crimson Tide,0.47849592845886946,0.2288469292900779,0.609375,0.5,8.0625,6.166666666666667,4.083333333333333,2.4545454545454546,0.8,0.5,0.3949305090037259,0.5555555555555556
2022,13,Appalachian State Mountaineers,0.29701109051468294,0.20347074727217357,0.5352112676056338,0.5333333333333333,8.43661971830986,5.866666666666666,3.4285714285714284,3.642857142857143,0.3333333333333333,0.8571428571428571,0.49913073060552365,0.36363636363636365
2022,13,Arizona State Sun Devils,0.23616919388254004,0.3765510338909772,0.5301204819277109,0.5102040816326531,6.228915662650603,9.83673469387755,3.1818181818181817,3.25,0.8333333333333334,0.6,0.10040154308080673,0.4444444444444444
2022,13,Arizona Wildcats,0.3765510338909772,0.23616919388254004,0.5102040816326531,0.5301204819277109,9.83673469387755,6.228915662650603,3.25,3.1818181818181817,0.6,0.8333333333333334,0.3724270235551031,0.4
2022,13,Arkansas Razorbacks,0.0672878825571388,0.22120417448190544,0.4375,0.4,5.09375,7.2,2.25,2.6363636363636362,0.6666666666666666,0.6,0.051513760995406374,0.3333333333333333
2022,13,Arkansas State Red Wolves,-0.3881706928293551,0.254840403678827,0.3548387096774194,0.578125,5.258064516129032,6.265625,1.2666666666666666,3.1538461538461537,0.25,1.0,-0.4683196730119117,0.07692307692307693
2022,13,Army Black Knights,0.2621427090441594,-0.39633027802814136,0.47540983606557374,0.34545454545454546,6.426229508196721,4.254545454545455,3.6666666666666665,0.5833333333333334,0.8,0.5,0.2619379888410154,0.35714285714285715
2022,13,Auburn Tigers,0.2288469292900779,0.47849592845886946,0.5,0.609375,6.166666666666667,8.0625,2.4545454545454546,4.083333333333333,0.5,0.8,-0.050139046907424926,0.21428571428571427
2022,13,BYU Cougars,0.41132769140146547,0.2669088116190473,0.6271186440677966,0.5573770491803278,7.9491525423728815,6.081967213114754,4.375,2.5,1.0,0.75,0.4070080614089966,0.5
2022,13,Baylor Bears,-0.10452337980270386,0.33562756632454693,0.3333333333333333,0.640625,3.973333333333333,6.796875,1.5454545454545454,2.923076923076923,0.5,0.7142857142857143,-0.0996293958563071,0.2777777777777778
2022,13,Boise State Broncos,0.17142528649103844,-0.005227897848401751,0.4067796610169492,0.4166666666666667,7.254237288135593,6.059523809523809,2.3333333333333335,1.6428571428571428,1.0,0.5,0.06641288033940575,0.4
2022,13,Boston College Eagles,0.18784172563917106,0.2794909452398618,0.5555555555555556,0.5606060606060606,5.041666666666667,6.818181818181818,1.3076923076923077,2.6666666666666665,0.75,0.5,0.13420822824302472,0.42857142857142855
2022,13,Bowling Green Falcons,-0.2083672082649087,0.14665162622928618,0.3584905660377358,0.4266666666666667,5.773584905660377,5.12,0.5833333333333334,3.1666666666666665,1.0,0.8333333333333334,-0.1970271361179841,0.25
2022,13,Buffalo Bulls,-0.1602482523988275,0.009777987682366674,0.5294117647058824,0.35443037974683544,4.270588235294118,3.7848101265822787,3.230769230769231,1.6923076923076923,0.6,0.5,-0.14747020206414163,0.3333333333333333
2022,13,California Golden Bears,0.35222683700860713,0.2724482178688049,0.45098039215686275,0.6,7.333333333333333,6.288888888888889,2.5454545454545454,2.9166666666666665,1.0,0.5714285714285714,0.432436377574236,0.3
2022,13,Central Michigan Chippewas,-0.2533462119160914,0.12449800404474924,0.35294117647058826,0.4473684210526316,4.450980392156863,6.157894736842105,0.8666666666666667,1.9444444444444444,1.0,0.6,-0.20783256012946366,0.2
2022,13,Cincinnati Bearcats,0.09758168782876886,0.04976466859596363,0.463768115942029,0.5072463768115942,4.884057971014493,5.6521739130434785,2.1818181818181817,2.1818181818181817,0.6666666666666666,0.5,0.11534121304750443,0.3333333333333333
2022,13,Clemson Tigers,-0.030842467913260826,-0.0372353934723398,0.38461538461538464,0.3333333333333333,5.369230769230769,6.391304347826087,1.5,1.8235294117647058,1.0,0.6,-0.029035560330566094,0.3125
2022,13,Coastal Carolina Chanticleers,-0.19504519976102389,0.28804912621324713,0.3076923076923077,0.45454545454545453,2.8153846153846156,7.606060606060606,0.5,3.2,,0.6666666666666666,-0.3042548053794437,0.29411764705882354
2022,13,Colorado Buffaloes,-0.18240306812983292,0.3123368453234434,0.34615384615384615,0.625,3.2115384615384617,9.65625,1.3125,4.5,0.6666666666666666,1.0,-0.05032375298048321,0.0
2022,13,Colorado State Rams,-0.1563529214211579,-0.26045836075659723,0.39655172413793105,0.3064516129032258,5.431034482758621,1.7741935483870968,1.3076923076923077,0.0,0.0,,-0.18056125177637392,0.16666666666666666
2022,13,Duke Blue Devils,0.30560354531650813,0.2939139606638087,0.4788732394366197,0.5555555555555556,7.563380281690141,6.458333333333333,3.090909090909091,2.8181818181818183,0.5,0.8,0.18928868990195424,0.3076923076923077
2022,13,East Carolina Pirates,0.37966568022966385,0.29398215199128175,0.5441176470588235,0.5,7.867647058823529,7.371794871794871,3.4285714285714284,3.0,0.75,0.75,0.3896788214998586,0.45454545454545453
2022,13,Eastern Michigan Eagles,0.12449800404474924,-0.2533462119160914,0.4473684210526316,0.35294117647058826,6.157894736842105,4.450980392156863,1.9444444444444444,0.8666666666666667,0.6,1.0,0.1260332580594743,0.3076923076923077
2022,13,Florida Atlantic Owls,0.2292369935781725,0.36961162862954317,0.3870967741935484,0.5185185185185185,7.709677419354839,4.407407407407407,5.411764705882353,4.3076923076923075,1.0,0.5,0.06508439455343329,0.25
2022,13,Florida Gators,0.16087716930124857,0.26821927869156614,0.3972602739726027,0.410958904109589,6.205479452054795,6.890410958904109,2.923076923076923,3.4615384615384617,1.0,0.8333333333333334,0.07576015522634541,0.4375
2022,13,Florida International Panthers,0.07349175204419428,0.1016020738048318,0.4305555555555556,0.5061728395061729,7.430555555555555,5.814814814814815,1.8666666666666667,2.076923076923077,0.6666666666666666,0.5,0.23486998356108008,0.3333333333333333
2022,13,Florida State Seminoles,0.26821927869156614,0.16087716930124857,0.410958904109589,0.3972602739726027,6.890410958904109,6.205479452054795,3.4615384615384617,2.923076923076923,0.8333333333333334,1.0,0.10213617357340726,0.5
2022,13,Fresno State Bulldogs,-0.0321535844122991,-0.33935716852807163,0.421875,0.2982456140350877,4.40625,3.6140350877192984,2.142857142857143,0.0,1.0,0.0,-0.007232228330537385,0.25
2022,13,Georgia Bulldogs,0.21971572885068796,-0.18430057726800442,0.4406779661016949,0.34375,6.6440677966101696,3.984375,2.5,0.6363636363636364,0.6,1.0,0.18157348556574002,0.38461538461538464
2022,13,Georgia Southern Eagles,0.20347074727217357,0.29701109051468294,0.5333333333333333,0.5352112676056338,5.866666666666666,8.43661971830986,3.642857142857143,3.4285714285714284,0.8571428571428571,0.3333333333333333,0.14059456523324623,0.4166666666666667
2022,13,Georgia State Panthers,-0.00705754427590232,0.30028043190638226,0.34782608695652173,0.45454545454545453,5.2898550724637685,7.363636363636363,1.9166666666666667,2.3333333333333335,1.0,0.5,-0.14868874489968897,0.375
2022,13,Georgia Tech Yellow Jackets,-0.18430057726800442,0.21971572885068796,0.34375,0.4406779661016949,3.984375,6.6440677966101696,0.6363636363636364,2.5,1.0,0.6,-0.18233716487884521,0.23076923076923078
2022,13,Hawai'i Rainbow Warriors,-0.03830826239309449,0.03971951142434151,0.4492753623188406,0.4838709677419355,4.072463768115942,5.935483870967742,1.4,2.4545454545454546,0.0,0.6,0.002903783917427063,0.3333333333333333
2022,13,Houston Cougars,0.07392147788103076,0.1442721357776059,0.4057971014492754,0.3472222222222222,7.043478260869565,5.402777777777778,1.6666666666666667,2.8461538461538463,0.2,0.25,0.04147234614248629,0.15384615384615385
2022,13,Illinois Fighting Illini,0.024927446583531937,-0.35196493795284856,0.49056603773584906,0.3333333333333333,5.39622641509434,5.333333333333333,2.4545454545454546,0.23076923076923078,0.75,0.0,-0.03476689963839775,0.3333333333333333
2022,13,Indiana Hoosiers,-0.04967719740394888,0.1807649334271749,0.4367816091954023,0.45098039215686275,5.252873563218391,7.647058823529412,1.2307692307692308,2.4,0.25,0.5,0.0678616523860939,0.3333333333333333
2022,13,Iowa Hawkeyes,0.05475538415568215,-0.12633112697832047,0.44285714285714284,0.3548387096774194,3.7285714285714286,5.5,1.4166666666666667,1.7142857142857142,1.0,0.5,0.0793498222734414,0.3125
2022,13,Iowa State Cyclones,-0.1937892574115076,0.29920100771328983,0.391304347826087,0.45588235294117646,6.130434782608695,6.014705882352941,1.0,4.0,0.6666666666666666,0.8333333333333334,-0.1975404899918808,0.3076923076923077
2022,13,James Madison Dukes,0.28804912621324713,-0.19504519976102389,0.45454545454545453,0.3076923076923077,7.606060606060606,2.8153846153846156,3.2,0.5,0.6666666666666666,,0.2897376086976793,0.25
2022,13,Kansas Jayhawks,0.19301147807028987,0.3139812004462373,0.4838709677419355,0.4262295081967213,4.951612903225806,7.131147540983607,2.4545454545454546,3.6153846153846154,1.0,0.8333333333333334,0.1025994861125946,0.5454545454545454
2022,13,Kansas State Wildcats,0.3139812004462373,0.19301147807028987,0.4262295081967213,0.4838709677419355,7.131147540983607,4.951612903225806,3.6153846153846154,2.4545454545454546,0.8333333333333334,1.0,0.13494783069225066,0.5384615384615384
2022,13,Kent State Golden Flashes,0.009777987682366674,-0.1602482523988275,0.35443037974683544,0.5294117647058824,3.7848101265822787,4.270588235294118,1.6923076923076923,3.230769230769231,0.5,0.6,-0.18680845254233905,0.2777777777777778
2022,13,Kentucky Wildcats,0.09193805995995977,0.06178451377537943,0.5,0.5,6.196428571428571,4.903225806451613,2.3636363636363638,1.3,0.4,0.5,0.16860550275558364,0.3
2022,13,LSU Tigers,0.20345071988070712,0.2907369827682322,0.5735294117647058,0.5303030303030303,6.161764705882353,6.454545454545454,2.3,2.4,0.75,0.75,0.3284673991480044,0.36363636363636365
2022,13,Liberty Flames,-0.18815339869605888,0.24064785242080688,0.4794520547945205,0.47619047619047616,4.219178082191781,6.825396825396825,1.0,0.875,1.0,0.875,-0.19629194757776688,0.3333333333333333
2022,13,Louisiana Ragin' Cajuns,0.2507019449364055,-0.03783200355246663,0.5757575757575758,0.375,6.803030303030303,5.6875,2.9285714285714284,0.7647058823529411,0.5714285714285714,0.0,0.16610667952951394,0.45454545454545453
2022,13,Louisiana Tech Bulldogs,0.01953262796527461,0.25731504294607377,0.3684210526315789,0.4444444444444444,6.144736842105263,9.185185185185185,1.6,2.3076923076923075,0.5,1.0,0.17860852588306775,0.13333333333333333
2022,13,Louisville Cardinals,0.06178451377537943,0.09193805995995977,0.5,0.5,4.903225806451613,6.196428571428571,1.3,2.3636363636363638,0.5,0.4,-0.06508429982560746,0.3333333333333333
2022,13,Marshall Thundering Herd,0.30028043190638226,-0.00705754427590232,0.45454545454545453,0.34782608695652173,7.363636363636363,5.2898550724637685,2.3333333333333335,1.9166666666666667,0.5,1.0,0.2547360565148148,0.46153846153846156
2022,13,Maryland Terrapins,0.005825051041536553,-0.4990250447934324,0.43023255813953487,0.2727272727272727,6.058139534883721,2.727272727272727,2.642857142857143,0.0,0.42857142857142855,,-0.09623285256899321,0.29411764705882354
2022,13,Massachusetts Minutemen,-0.39633027802814136,0.2621427090441594,0.34545454545454546,0.47540983606557374,4.254545454545455,6.426229508196721,0.5833333333333334,3.6666666666666665,0.5,0.8,-0.1961538585878554,0.16666666666666666
2022,13,Memphis Tigers,0.22959230644138237,0.21939608172790423,0.47368421052631576,0.4864864864864865,6.0,5.743243243243243,3.1,3.090909090909091,0.8,0.6,0.09807673742373785,0.6
2022,13,Miami Hurricanes,-0.18085342920743502,0.20772787208358448,0.36923076923076925,0.6166666666666667,5.923076923076923,8.216666666666667,0.7692307692307693,3.0,0.3333333333333333,0.75,-0.05021820816339231,0.25
2022,13,Michigan State Spartans,-0.16614594623662424,0.22043263571602958,0.34782608695652173,0.45714285714285713,3.681159420289855,5.857142857142857,1.4545454545454546,2.9166666666666665,1.0,0.6,-0.16138873879726118,0.2857142857142857
2022,13,Michigan Wolverines,0.3949546754874032,0.05927736772910545,0.3793103448275862,0.5131578947368421,9.172413793103448,6.802631578947368,3.2142857142857144,1.6428571428571428,1.0,0.25,0.07724428957416898,0.26666666666666666
2022,13,Middle Tennessee Blue Raiders,0.1016020738048318,0.07349175204419428,0.5061728395061729,0.4305555555555556,5.814814814814815,7.430555555555555,2.076923076923077,1.8666666666666667,0.5,0.6666666666666666,0.041879101854855896,0.42105263157894735
2022,13,Minnesota Golden Gophers,0.04586389028664791,-0.021812381617950672,0.3939393939393939,0.36363636363636365,6.303030303030303,5.484848484848484,2.090909090909091,1.4545454545454546,0.25,0.3333333333333333,0.11264248922759411,0.2857142857142857
2022,13,Mississippi State Bulldogs,-0.10643629323352467,-0.1031452117440028,0.45454545454545453,0.44871794871794873,4.376623376623376,4.487179487179487,1.7142857142857142,1.1428571428571428,0.5,0.4,-0.2319235031803449,0.375
2022,13,Missouri Tigers,0.22120417448190544,0.0672878825571388,0.4,0.4375,7.2,5.09375,2.6363636363636362,2.25,0.6,0.6666666666666666,0.15196750342845916,0.2857142857142857
2022,13,NC State Wolfpack,0.0014493828357169123,-0.016474640603815573,0.45454545454545453,0.4044943820224719,5.151515151515151,3.831460674157303,2.0,1.8,0.2,0.42857142857142855,0.01853156728403909,0.1875
2022,13,Nebraska Cornhuskers,-0.12633112697832047,0.05475538415568215,0.3548387096774194,0.44285714285714284,5.5,3.7285714285714286,1.7142857142857142,1.4166666666666667,0.5,1.0,-0.09447968192398548,0.2857142857142857
2022,13,Nevada Wolf Pack,-0.1686577832636734,-0.28189590056577035,0.4166666666666667,0.2903225806451613,6.21875,5.806451612903226,1.6470588235294117,2.2,0.2,0.0,-0.017774812775115445,0.2631578947368421
2022,13,New Mexico Lobos,-0.26045836075659723,-0.1563529214211579,0.3064516129032258,0.39655172413793105,1.7741935483870968,5.431034482758621,0.0,1.3076923076923077,,0.0,-0.2075008409363883,0.11764705882352941
2022,13,New Mexico State Aggies,0.24064785242080688,-0.18815339869605888,0.47619047619047616,0.4794520547945205,6.825396825396825,4.219178082191781,0.875,1.0,0.875,1.0,0.0998886227607727,0.5
2022,13,North Carolina Tar Heels,-0.016474640603815573,0.0014493828357169123,0.4044943820224719,0.45454545454545453,3.831460674157303,5.151515151515151,1.8,2.0,0.42857142857142855,0.2,-0.11459777007500331,0.2
2022,13,North Texas Mean Green,0.1308165297173617,0.017076413288260952,0.42105263157894735,0.45454545454545453,6.4035087719298245,6.287878787878788,1.9090909090909092,1.5454545454545454,1.0,0.3333333333333333,0.025011603321347917,0.4666666666666667
2022,13,Northern Illinois Huskies,-0.27728912441266906,0.3000247103698326,0.3055555555555556,0.5606060606060606,4.944444444444445,7.757575757575758,0.8571428571428571,3.3333333333333335,0.0,0.42857142857142855,-0.3413701834631901,0.2222222222222222
2022,13,Northwestern Wildcats,-0.35196493795284856,0.024927446583531937,0.3333333333333333,0.49056603773584906,5.333333333333333,5.39622641509434,0.23076923076923078,2.4545454545454546,0.0,0.75,-0.3005742688300246,0.375
2022,13,Notre Dame Fighting Irish,0.33392128577599156,0.4780551935235659,0.6153846153846154,0.6,8.057692307692308,7.55,3.0,4.222222222222222,1.0,0.8333333333333334,0.36509655145081604,0.7142857142857143
2022,13,Ohio Bobcats,0.14665162622928618,-0.2083672082649087,0.4266666666666667,0.3584905660377358,5.12,5.773584905660377,3.1666666666666665,0.5833333333333334,0.8333333333333334,1.0,0.054437948656933646,0.5
2022,13,Ohio State Buckeyes,0.05927736772910545,0.3949546754874032,0.5131578947368421,0.3793103448275862,6.802631578947368,9.172413793103448,1.6428571428571428,3.2142857142857144,0.25,1.0,0.21432552486658096,0.25
2022,13,Oklahoma Sooners,0.18155537545681,0.17101973812831076,0.42857142857142855,0.49473684210526314,7.345238095238095,6.157894736842105,4.823529411764706,2.588235294117647,0.5,0.7142857142857143,0.23789718362592882,0.3333333333333333
2022,13,Oklahoma State Cowboys,-0.2175940181835588,-0.15135363657628337,0.3373493975903614,0.3064516129032258,4.566265060240964,5.661290322580645,1.2666666666666666,1.5,0.25,0.0,-0.159186452627182,0.4
2022,13,Old Dominion Monarchs,0.14264775365591048,0.25129635850588483,0.4666666666666667,0.5066666666666667,6.416666666666667,5.413333333333333,2.2222222222222223,3.0,0.3333333333333333,0.6666666666666666,0.02553019943562421,0.42857142857142855
2022,13,Ole Miss Rebels,-0.1031452117440028,-0.10643629323352467,0.44871794871794873,0.45454545454545453,4.487179487179487,4.376623376623376,1.1428571428571428,1.7142857142857142,0.4,0.5,-0.056948095821497735,0.23529411764705882
2022,13,Oregon Ducks,-0.03974575396761837,0.020551385041677726,0.40963855421686746,0.5849056603773585,5.662650602409639,7.830188679245283,2.6153846153846154,2.2142857142857144,0.5,0.8333333333333334,0.20357887144200504,0.35714285714285715
2022,13,Oregon State Beavers,0.020551385041677726,-0.03974575396761837,0.5849056603773585,0.40963855421686746,7.830188679245283,5.662650602409639,2.2142857142857144,2.6153846153846154,0.8333333333333334,0.5,0.10989526728557986,0.375
2022,13,Penn State Nittany Lions,0.22043263571602958,-0.16614594623662424,0.45714285714285713,0.34782608695652173,5.857142857142857,3.681159420289855,2.9166666666666665,1.4545454545454546,0.6,1.0,0.13313009188725397,0.4375
2022,13,Pittsburgh Panthers,0.20772787208358448,-0.18085342920743502,0.6166666666666667,0.36923076923076925,8.216666666666667,5.923076923076923,3.0,0.7692307692307693,0.75,0.3333333333333333,0.3086598068475723,0.25
2022,13,Purdue Boilermakers,0.1807649334271749,-0.04967719740394888,0.45098039215686275,0.4367816091954023,7.647058823529412,5.252873563218391,2.4,1.2307692307692308,0.5,0.25,0.354193647702535,0.1111111111111111
2022,13,Rice Owls,0.017076413288260952,0.1308165297173617,0.45454545454545453,0.42105263157894735,6.287878787878788,6.4035087719298245,1.5454545454545454,1.9090909090909092,0.3333333333333333,1.0,0.1944565603546068,0.3076923076923077
2022,13,Rutgers Scarlet Knights,-0.4990250447934324,0.005825051041536553,0.2727272727272727,0.43023255813953487,2.727272727272727,6.058139534883721,0.0,2.642857142857143,,0.42857142857142855,-0.1334466626867652,0.0
2022,13,SMU Mustangs,0.21939608172790423,0.22959230644138237,0.4864864864864865,0.47368421052631576,5.743243243243243,6.0,3.090909090909091,3.1,0.6,0.8,-0.07903376828741145,0.5555555555555556
2022,13,San Diego State Aztecs,-0.40751905480156775,-0.16496870792829074,0.3695652173913043,0.3230769230769231,5.043478260869565,4.907692307692308,0.25,1.0833333333333333,0.0,0.25,-0.29583077686173576,0.0
2022,13,San José State Spartans,0.03971951142434151,-0.03830826239309449,0.4838709677419355,0.4492753623188406,5.935483870967742,4.072463768115942,2.4545454545454546,1.4,0.6,0.0,0.11524336556999051,0.5
2022,13,South Alabama Jaguars,0.25129635850588483,0.14264775365591048,0.5066666666666667,0.4666666666666667,5.413333333333333,6.416666666666667,3.0,2.2222222222222223,0.6666666666666666,0.3333333333333333,0.06683642151100296,0.4375
2022,13,South Carolina Gamecocks,-0.0372353934723398,-0.030842467913260826,0.3333333333333333,0.38461538461538464,6.391304347826087,5.369230769230769,1.8235294117647058,1.5,0.6,1.0,-0.15734470939194714,0.23076923076923078
2022,13,South Florida Bulls,0.27173212288864074,0.23660022000733175,0.5238095238095238,0.5526315789473685,7.571428571428571,7.065789473684211,3.25,3.8333333333333335,0.6666666666666666,0.8333333333333334,0.16148057207465172,0.3333333333333333
2022,13,Southern Miss Golden Eagles,0.04803685638411292,-0.14914548359811305,0.46551724137931033,0.3333333333333333,7.293103448275862,3.85,1.6666666666666667,1.0,0.0,0.0,0.295370410506924,0.1111111111111111
2022,13,Stanford Cardinal,0.2669088116190473,0.41132769140146547,0.5573770491803278,0.6271186440677966,6.081967213114754,7.9491525423728815,2.5,4.375,0.75,1.0,0.1537518421916858,0.5384615384615384
2022,13,Syracuse Orange,0.2794909452398618,0.18784172563917106,0.5606060606060606,0.5555555555555556,6.818181818181818,5.041666666666667,2.6666666666666665,1.3076923076923077,0.5,0.75,0.3215667619197457,0.3
2022,13,TCU Horned Frogs,0.29920100771328983,-0.1937892574115076,0.45588235294117646,0.391304347826087,6.014705882352941,6.130434782608695,4.0,1.0,0.8333333333333334,0.6666666666666666,0.15919982641935349,0.3076923076923077
2022,13,Temple Owls,0.29398215199128175,0.37966568022966385,0.5,0.5441176470588235,7.371794871794871,7.867647058823529,3.0,3.4285714285714284,0.75,0.75,0.29925730439924425,0.4
2022,13,Tennessee Volunteers,0.37688079532587304,-0.3427910692506022,0.5094339622641509,0.37662337662337664,9.962264150943396,3.2987012987012987,3.230769230769231,0.0,1.0,0.0,0.5752480917198713,0.0
2022,13,Texas A&M Aggies,0.2907369827682322,0.20345071988070712,0.5303030303030303,0.5735294117647058,6.454545454545454,6.161764705882353,2.4,2.3,0.75,0.75,0.14570992542248146,0.6
2022,13,Texas Longhorns,0.33562756632454693,-0.10452337980270386,0.640625,0.3333333333333333,6.796875,3.973333333333333,2.923076923076923,1.5454545454545454,0.7142857142857143,0.5,0.3466702528975227,0.3333333333333333
2022,13,Texas State Bobcats,-0.03783200355246663,0.2507019449364055,0.375,0.5757575757575758,5.6875,6.803030303030303,0.7647058823529411,2.9285714285714284,0.0,0.5714285714285714,-0.2124579232186079,0.4666666666666667
2022,13,Texas Tech Red Raiders,0.17101973812831076,0.18155537545681,0.49473684210526314,0.42857142857142855,6.157894736842105,7.345238095238095,2.588235294117647,4.823529411764706,0.7142857142857143,0.5,0.19578491654488947,0.4117647058823529
2022,13,Toledo Rockets,-0.5134436788593794,-0.512139913210502,0.2857142857142857,0.15384615384615385,4.818181818181818,3.5692307692307694,0.7368421052631579,0.6842105263157895,1.0,0.0,-0.3686439251621901,0.26666666666666666
2022,13,Troy Trojans,0.254840403678827,-0.3881706928293551,0.578125,0.3548387096774194,6.265625,5.258064516129032,3.1538461538461537,1.2666666666666666,1.0,0.25,0.2501185511052608,0.36363636363636365
2022,13,Tulane Green Wave,0.04976466859596363,0.09758168782876886,0.5072463768115942,0.463768115942029,5.6521739130434785,4.884057971014493,2.1818181818181817,2.1818181818181817,0.5,0.6666666666666666,0.2625189423561096,0.3076923076923077
2022,13,Tulsa Golden Hurricane,0.1442721357776059,0.07392147788103076,0.3472222222222222,0.4057971014492754,5.402777777777778,7.043478260869565,2.8461538461538463,1.6666666666666667,0.25,0.2,-0.000627475204291167,0.3125
2022,13,UAB Blazers,0.25731504294607377,0.01953262796527461,0.4444444444444444,0.3684210526315789,9.185185185185185,6.144736842105263,2.3076923076923075,1.6,1.0,0.5,0.4320354393937371,0.3
2022,13,UCF Knights,0.23660022000733175,0.27173212288864074,0.5526315789473685,0.5238095238095238,7.065789473684211,7.571428571428571,3.8333333333333335,3.25,0.8333333333333334,0.6666666666666666,-0.056993849808350205,0.5
2022,13,UCLA Bruins,0.2724482178688049,0.35222683700860713,0.6,0.45098039215686275,6.288888888888889,7.333333333333333,2.9166666666666665,2.5454545454545454,0.5714285714285714,1.0,0.2912379805470856,0.4375
2022,13,UL Monroe Warhawks,-0.14914548359811305,0.04803685638411292,0.3333333333333333,0.46551724137931033,3.85,7.293103448275862,1.0,1.6666666666666667,0.0,0.0,-0.31228611273009604,0.35294117647058826
2022,13,UNLV Rebels,-0.28189590056577035,-0.1686577832636734,0.2903225806451613,0.4166666666666667,5.806451612903226,6.21875,2.2,1.6470588235294117,0.0,0.2,-0.47885915718000865,0.375
2022,13,USC Trojans,0.4780551935235659,0.33392128577599156,0.6,0.6153846153846154,7.55,8.057692307692308,4.222222222222222,3.0,0.8333333333333334,1.0,0.17657968211681285,0.5833333333333334
2022,13,UTEP Miners,0.13332005922610943,0.21246255473657089,0.49230769230769234,0.41818181818181815,8.892307692307693,7.3090909090909095,2.8181818181818183,2.0,0.75,0.5,0.18747191046768763,0.36363636363636365
2022,13,UTSA Roadrunners,0.21246255473657089,0.13332005922610943,0.41818181818181815,0.49230769230769234,7.3090909090909095,8.892307692307693,2.0,2.8181818181818183,0.5,0.75,0.35642449107281,0.3
2022,13,Utah State Aggies,-0.005227897848401751,0.17142528649103844,0.4166666666666667,0.4067796610169492,6.059523809523809,7.254237288135593,1.6428571428571428,2.3333333333333335,0.5,1.0,0.13940276304880778,0.3157894736842105
2022,13,Utah Utes,0.3123368453234434,-0.18240306812983292,0.625,0.34615384615384615,9.65625,3.2115384615384617,4.5,1.3125,1.0,0.6666666666666666,0.4005329937770449,0.0
2022,13,Vanderbilt Commodores,-0.3427910692506022,0.37688079532587304,0.37662337662337664,0.5094339622641509,3.2987012987012987,9.962264150943396,0.0,3.230769230769231,0.0,1.0,-0.11732546559401921,0.17647058823529413
2022,13,Wake Forest Demon Deacons,0.2939139606638087,0.30560354531650813,0.5555555555555556,0.4788732394366197,6.458333333333333,7.563380281690141,2.8181818181818183,3.090909090909091,0.8,0.5,0.2169363538601569,0.4
2022,13,Washington Huskies,0.5701524899556086,0.13031946417204168,0.6,0.37209302325581395,10.846153846153847,5.0813953488372094,3.923076923076923,2.75,0.5,0.75,0.3431465873178446,0.75
2022,13,Washington State Cougars,0.13031946417204168,0.5701524899556086,0.37209302325581395,0.6,5.0813953488372094,10.846153846153847,2.75,3.923076923076923,0.75,0.5,-0.06508122672957758,0.2631578947368421
2022,13,West Virginia Mountaineers,-0.15135363657628337,-0.2175940181835588,0.3064516129032258,0.3373493975903614,5.661290322580645,4.566265060240964,1.5,1.2666666666666666,0.0,0.25,-0.06572278009520637,0.26666666666666666
2022,13,Western Kentucky Hilltoppers,0.36961162862954317,0.2292369935781725,0.5185185185185185,0.3870967741935484,4.407407407407407,7.709677419354839,4.3076923076923075,5.411764705882353,0.5,1.0,0.2817378153926448,0.5
2022,13,Western Michigan Broncos,-0.512139913210502,-0.5134436788593794,0.15384615384615385,0.2857142857142857,3.5692307692307694,4.818181818181818,0.6842105263157895,0.7368421052631579,0.0,1.0,-0.38403654811174975,0.05263157894736842
2022,13,Wisconsin Badgers,-0.021812381617950672,0.04586389028664791,0.36363636363636365,0.3939393939393939,5.484848484848484,6.303030303030303,1.4545454545454546,2.090909090909091,0.3333333333333333,0.25,0.046422312036156654,0.3125
2022,13,Wyoming Cowboys,-0.33935716852807163,-0.0321535844122991,0.2982456140350877,0.421875,3.6140350877192984,4.40625,0.0,2.142857142857143,0.0,1.0,-0.12443849305773891,0.23076923076923078
2022,14,Akron Zips,-0.2652894405145494,-0.4739787458227231,0.31746031746031744,0.28846153846153844,3.8253968253968256,3.8846153846153846,3.875,1.9285714285714286,0.6666666666666666,0.0,-0.22034497832765385,0.35714285714285715
2022,14,Boise State Broncos,-0.1600957440541071,-0.07196980323947844,0.35294117647058826,0.4262295081967213,5.397058823529412,3.80327868852459,1.2307692307692308,1.6153846153846154,0.0,0.5,0.06565317302942277,0.29411764705882354
2022,14,Buffalo Bulls,-0.4739787458227231,-0.2652894405145494,0.28846153846153844,0.31746031746031744,3.8846153846153846,3.8253968253968256,1.9285714285714286,3.875,0.0,0.6666666666666666,-0.40665034987987614,0.18181818181818182
2022,14,Clemson Tigers,0.2504016618643488,-0.12506337180922303,0.6071428571428571,0.4810126582278481,6.767857142857143,6.10126582278481,3.1,0.9090909090909091,1.0,0.2,0.393764140813247,0.4444444444444444
2022,14,Coastal Carolina Chanticleers,0.12337190616461965,0.0785430896282196,0.5416666666666666,0.36,5.930555555555555,6.68,1.6666666666666667,3.1666666666666665,0.6666666666666666,0.6666666666666666,0.19092047160322015,0.15384615384615385
2022,14,Fresno State Bulldogs,-0.07196980323947844,-0.1600957440541071,0.4262295081967213,0.35294117647058826,3.80327868852459,5.397058823529412,1.6153846153846154,1.2307692307692308,0.5,0.0,-0.14951026969485812,0.2
2022,14,Georgia Bulldogs,0.29248053973747623,0.17368120534552467,0.5,0.4722222222222222,7.222222222222222,7.666666666666667,3.3076923076923075,2.142857142857143,1.0,0.3333333333333333,0.1930489309132099,0.4166666666666667
2022,14,Kansas State Wildcats,0.09696968056653675,-0.01519319187435839,0.47368421052631576,0.3888888888888889,5.315789473684211,6.527777777777778,1.7142857142857142,1.8666666666666667,0.6666666666666666,0.6,0.17630765626305028,0.3125
2022,14,LSU Tigers,0.17368120534552467,0.29248053973747623,0.4722222222222222,0.5,7.666666666666667,7.222222222222222,2.142857142857143,3.3076923076923075,0.3333333333333333,1.0,0.3280777931213379,0.3076923076923077
2022,14,Michigan Wolverines,0.3438257878476923,0.059066852826314666,0.4909090909090909,0.47619047619047616,6.927272727272728,5.523809523809524,3.909090909090909,1.8333333333333333,1.0,0.16666666666666666,0.19115779603399882,0.3333333333333333
2022,14,New Mexico State Aggies,0.5161138756945729,-0.3204054886644537,0.48,0.2597402597402597,11.96,2.4415584415584415,4.0625,0.2,1.0,0.0,0.6102654422167688,0.3
2022,14,North Carolina Tar Heels,-0.12506337180922303,0.2504016618643488,0.4810126582278481,0.6071428571428571,6.10126582278481,6.767857142857143,0.9090909090909091,3.1,0.2,1.0,-0.055794761065513857,0.5625
2022,14,North Texas Mean Green,0.14225125856815823,0.3376430662640606,0.3968253968253968,0.5542168674698795,6.253968253968254,6.602409638554217,1.6666666666666667,4.0,0.5,0.6,0.17820836837385215,0.2222222222222222
2022,14,Ohio Bobcats,-0.20188560667447747,0.09007870017642707,0.38333333333333336,0.4225352112676056,4.066666666666666,5.422535211267606,0.6363636363636364,1.5454545454545454,1.0,0.5,-0.14649062133911583,0.38461538461538464
2022,14,Purdue Boilermakers,0.059066852826314666,0.3438257878476923,0.47619047619047616,0.4909090909090909,5.523809523809524,6.927272727272728,1.8333333333333333,3.909090909090909,0.16666666666666666,1.0,-0.08107920586346434,0.5
2022,14,TCU Horned Frogs,-0.01519319187435839,0.09696968056653675,0.3888888888888889,0.47368421052631576,6.527777777777778,5.315789473684211,1.8666666666666667,1.7142857142857142,0.6,0.6666666666666666,0.13055949728443939,0.13333333333333333
2022,14,Toledo Rockets,0.09007870017642707,-0.20188560667447747,0.4225352112676056,0.38333333333333336,5.422535211267606,4.066666666666666,1.5454545454545454,0.6363636363636364,0.5,1.0,0.0494781208259088,0.4666666666666667
2022,14,Troy Trojans,0.0785430896282196,0.12337190616461965,0.36,0.5416666666666666,6.68,5.930555555555555,3.1666666666666665,1.6666666666666667,0.6666666666666666,0.6666666666666666,-0.04937665242897837,0.2727272727272727
2022,14,Tulane Green Wave,0.2670902425334567,0.034929804814358555,0.4126984126984127,0.3854166666666667,10.65079365079365,4.270833333333333,3.0,1.8666666666666667,0.5,0.75,0.45339428722858427,0.36363636363636365
2022,14,UCF Knights,0.034929804814358555,0.2670902425334567,0.3854166666666667,0.4126984126984127,4.270833333333333,10.65079365079365,1.8666666666666667,3.0,0.75,0.5,-0.019839331744209168,0.21739130434782608
2022,14,USC Trojans,-0.004326228709781871,0.44838818778162415,0.38235294117647056,0.5072463768115942,6.588235294117647,7.942028985507246,1.8461538461538463,3.4166666666666665,0.6,0.5,0.014165415483362535,0.08333333333333333
2022,14,UTSA Roadrunners,0.3376430662640606,0.14225125856815823,0.5542168674698795,0.3968253968253968,6.602409638554217,6.253968253968254,4.0,1.6666666666666667,0.6,0.5,0.33515754816207016,0.42857142857142855
2022,14,Utah Utes,0.44838818778162415,-0.004326228709781871,0.5072463768115942,0.38235294117647056,7.942028985507246,6.588235294117647,3.4166666666666665,1.8461538461538463,0.5,0.6,0.2945646664925984,0.25
2022,14,Valparaiso Beacons,-0.3204054886644537,0.5161138756945729,0.2597402597402597,0.48,2.4415584415584415,11.96,0.2,4.0625,0.0,1.0,-0.18116409670222888,0.15789473684210525
2022,15,Army Black Knights,-0.34597455461819965,-0.10042139887809753,0.3157894736842105,0.3770491803278688,2.543859649122807,4.655737704918033,0.9285714285714286,1.1333333333333333,0.0,0.0,-0.18622253521492607,0.23529411764705882
2022,15,Navy Midshipmen,-0.10042139887809753,-0.34597455461819965,0.3770491803278688,0.3157894736842105,4.655737704918033,2.543859649122807,1.1333333333333333,0.9285714285714286,0.0,0.0,0.08931031545927358,0.23529411764705882
