season,week,team,off_epa_per_play,def_epa_per_play,off_success_rate,def_success_rate,yards_per_play,yards_per_play_allowed,points_per_drive,points_per_drive_allowed,red_zone_td_rate,red_zone_td_rate_allowed,early_down_epa,third_down_conversion_rate
2023,1,Air Force Falcons,0.3068974027868177,-0.03511414438486099,0.5,0.42,7.336065573770492,4.77,3.65,1.4,0.75,0.8,0.2722040453682775,0.4583333333333333
2023,1,Akron Zips,-0.15144271547334237,0.00898623265124656,0.3157894736842105,0.3783783783783784,4.631578947368421,4.9324324324324325,1.75,1.8461538461538463,1.0,0.75,-0.015686243095181206,0.25
2023,1,Alabama A&M Bulldogs,-0.11724840082339387,0.22097882721573114,0.3283582089552239,0.5625,4.417910447761194,7.234375,1.0833333333333333,3.6153846153846154,0.0,0.6666666666666666,-0.1010136070350806,0.3333333333333333
2023,1,Alabama Crimson Tide,0.08860443263099743,0.0002694378717470977,0.47692307692307695,0.3813559322033898,5.607692307692307,4.677966101694915,2.923076923076923,1.36,0.8333333333333334,0.8,0.09038271986454435,0.4230769230769231
2023,1,Alcorn State Braves,-0.04414165262566056,0.07430567885890152,0.27906976744186046,0.42424242424242425,5.255813953488372,6.7272727272727275,1.0769230769230769,2.5384615384615383,1.0,0.4,-0.0021854261867702007,0.2727272727272727
2023,1,Appalachian State Mountaineers,0.05597510627087425,-0.17147579200325475,0.49264705882352944,0.4032258064516129,6.264705882352941,4.830645161290323,2.4166666666666665,1.32,0.4,0.5,-0.020699946653275264,0.32
2023,1,Arizona State Sun Devils,0.12699217532501847,-0.10994803144576702,0.4262295081967213,0.2765957446808511,6.409836065573771,4.425531914893617,1.8461538461538463,1.2727272727272727,0.6666666666666666,1.0,0.12956470934053263,0.3333333333333333
2023,1,Arizona Wildcats,0.010594523672399849,-0.23640672655569184,0.49137931034482757,0.3611111111111111,7.655172413793103,6.25,2.076923076923077,1.0,0.5,0.3333333333333333,0.059940485244101664,0.3
2023,1,Arkansas Razorbacks,0.17445515394210814,-0.33121034481387207,0.48333333333333334,0.3188405797101449,6.616666666666666,6.739130434782608,3.5,0.8666666666666667,1.0,0.25,0.08919883966445923,0.38461538461538464
2023,1,Arkansas State Red Wolves,-0.10365120123062178,0.3252713889662736,0.38317757009345793,0.5424836601307189,5.5046728971962615,7.359477124183006,0.5416666666666666,2.6363636363636362,0.25,0.7333333333333333,-0.00731273490605475,0.3076923076923077
2023,1,Arkansas-Pine Bluff Golden Lions,-0.2165990439446076,0.28908497339753964,0.3333333333333333,0.5671641791044776,4.405797101449275,8.08955223880597,0.5384615384615384,2.6923076923076925,1.0,1.0,-0.26910521720464414,0.3125
2023,1,Army Black Knights,-0.29300935676351925,-0.22297561216738918,0.3114754098360656,0.3870967741935484,4.868852459016393,5.564516129032258,0.375,0.9444444444444444,0.0,0.25,-0.40899785956803786,0.42857142857142855
2023,1,Auburn Tigers,0.08374093162516753,-0.18183549347324907,0.4722222222222222,0.4205607476635514,5.895833333333333,6.570093457943925,2.7083333333333335,1.7307692307692308,0.6,0.8,0.11857113242149353,0.37037037037037035
2023,1,BYU Cougars,-0.21917063556611538,-0.4991164564021996,0.296875,0.30357142857142855,4.46875,3.7142857142857144,1.0,0.0,1.0,0.0,-0.16718976653140524,0.26666666666666666
2023,1,Ball State Cardinals,-0.15255048871040344,0.2152803528542612,0.38028169014084506,0.4117647058823529,3.084507042253521,7.0,1.0769230769230769,3.272727272727273,0.6666666666666666,1.0,-0.2179579843695347,0.47058823529411764
2023,1,Baylor Bears,0.06352371320520576,0.34034769372506574,0.4342105263157895,0.45454545454545453,7.105263157894737,6.833333333333333,2.5833333333333335,3.230769230769231,0.4,0.75,-0.18018365085676866,0.3888888888888889
2023,1,Bethune-Cookman Wildcats,-0.5781566056799381,-0.0003982824392807789,0.1702127659574468,0.5256410256410257,1.3404255319148937,8.282051282051283,0.0,3.5,0.0,0.6666666666666666,-0.3095159928003947,0.07692307692307693
2023,1,Boise State Broncos,0.010556590736360479,0.49290657637080526,0.42857142857142855,0.5284552845528455,5.962406015037594,8.626016260162602,1.1666666666666667,3.5,0.2857142857142857,0.9,-0.002578737176194483,0.3125
2023,1,Boston College Eagles,0.028096093275284364,-0.03834403644908558,0.4661016949152542,0.4025974025974026,5.3474576271186445,4.136363636363637,1.0833333333333333,0.8695652173913043,0.5,0.42857142857142855,-0.010028408219416937,0.28
2023,1,Bowling Green Falcons,-0.08325365322331588,0.03259273730809727,0.35,0.4444444444444444,5.558333333333334,5.5,1.7083333333333333,2.1923076923076925,0.5,0.5384615384615384,-0.07352699999782172,0.24
2023,1,Bryant Bulldogs,0.14355554864291223,0.24653348814357412,0.5161290322580645,0.43636363636363634,5.967741935483871,5.9818181818181815,1.2727272727272727,5.846153846153846,0.6666666666666666,0.6,0.3469524701004443,0.25
2023,1,Bucknell Bison,-0.3963614412044224,0.08707778820624719,0.24561403508771928,0.5076923076923077,3.3859649122807016,6.707692307692308,0.23076923076923078,2.7142857142857144,,0.5,-0.31854642782269454,0.2
2023,1,Buffalo Bulls,-0.219056142197139,0.09410464018583298,0.4492753623188406,0.45588235294117646,4.246376811594203,7.294117647058823,1.2142857142857142,2.533333333333333,0.6666666666666666,0.6666666666666666,0.012495649408320991,0.06666666666666667
2023,1,California Golden Bears,0.037730925488022135,-0.08059436643033996,0.44654088050314467,0.38345864661654133,6.320754716981132,4.69172932330827,1.9666666666666666,1.7741935483870968,0.6,0.7142857142857143,0.03948673801343949,0.375
2023,1,Central Arkansas Bears,0.05333234488017975,0.13714993116143462,0.4444444444444444,0.45454545454545453,6.523809523809524,6.207792207792208,1.0,2.076923076923077,0.6666666666666666,0.75,-0.00044992741416482367,0.3333333333333333
2023,1,Central Michigan Chippewas,-0.3672111817295589,-0.011941454102916102,0.38095238095238093,0.43548387096774194,3.0476190476190474,6.596774193548387,0.4375,1.4761904761904763,0.25,1.0,-0.23569792540123066,0.14285714285714285
2023,1,Charlotte 49ers,-0.057528081394377206,-0.45658474774272356,0.4444444444444444,0.24074074074074073,5.619047619047619,3.1481481481481484,1.6,0.1875,0.5,0.0,0.04117743214782404,0.23076923076923078
2023,1,Cincinnati Bearcats,0.44465946719266364,-0.07382375733894214,0.5507246376811594,0.42105263157894735,8.91304347826087,5.754385964912281,4.916666666666667,0.9285714285714286,0.8333333333333334,0.5,0.06428824674408391,0.5
2023,1,Clemson Tigers,-0.04297152966078074,0.06550574608679328,0.4723926380368098,0.4017857142857143,5.337423312883436,6.973214285714286,1.6071428571428572,2.074074074074074,0.5,0.75,-0.03416248899884522,0.3225806451612903
2023,1,Coastal Carolina Chanticleers,0.008995462133980437,0.04391302155182425,0.4429530201342282,0.40707964601769914,4.906040268456376,7.230088495575221,1.7619047619047619,1.9523809523809523,0.5714285714285714,0.2857142857142857,-0.12757519416903196,0.45161290322580644
2023,1,Colgate Raiders,-0.6489000187761951,0.2797735126858408,0.14035087719298245,0.5568181818181818,2.280701754385965,7.693181818181818,0.0,3.933333333333333,,0.6666666666666666,-0.5248536386184002,0.17647058823529413
2023,1,Colorado Buffaloes,0.3494619712417508,0.2870193344432038,0.5679012345679012,0.4935064935064935,7.506172839506172,6.922077922077922,3.4615384615384617,3.5,1.0,0.6666666666666666,0.17336026206612587,0.5333333333333333
2023,1,Colorado State Rams,-0.038657297380268574,0.09945757806986227,0.390625,0.5287356321839081,6.15625,6.563218390804598,1.6,3.3846153846153846,0.5,0.7142857142857143,-0.06560744503711133,0.35714285714285715
2023,1,Duke Blue Devils,0.004261050373315811,-0.1819854990965655,0.4296875,0.4421768707482993,5.4609375,5.517006802721088,1.875,0.4166666666666667,0.4,0.3333333333333333,0.0465440845489502,0.3076923076923077
2023,1,East Carolina Pirates,-0.09710309827192264,0.25780060947422057,0.4727272727272727,0.4838709677419355,4.745454545454545,7.145161290322581,0.3,3.3333333333333335,0.0,0.8,0.02556345816247347,0.38461538461538464
2023,1,East Tennessee State Buccaneers,-0.2831409725227526,0.019287555604367644,0.2857142857142857,0.43243243243243246,3.482142857142857,4.648648648648648,0.21428571428571427,3.0625,0.0,1.0,-0.23437968525621627,0.09090909090909091
2023,1,Eastern Kentucky Colonels,-0.07382375733894214,0.44465946719266364,0.42105263157894735,0.5507246376811594,5.754385964912281,8.91304347826087,0.9285714285714286,4.916666666666667,0.5,0.8333333333333334,0.17376712295744154,0.2727272727272727
2023,1,Eastern Michigan Eagles,-0.1583428858953007,0.22617846049111465,0.3728813559322034,0.4896551724137931,4.076271186440678,7.310344827586207,1.64,2.9285714285714284,0.6,0.8,-0.19272762980489505,0.3448275862068966
2023,1,Elon Phoenix,-0.18069658346939832,-0.027832821699289176,0.3125,0.46153846153846156,3.890625,7.338461538461538,0.8333333333333334,2.8461538461538463,0.0,0.4,-0.20998796506060494,0.0625
2023,1,Florida A&M Rattlers,-0.03865063237026334,-0.3639247174616213,0.4375,0.25925925925925924,5.90625,3.611111111111111,1.8461538461538463,1.4166666666666667,0.3333333333333333,1.0,0.03619386810882419,0.36363636363636365
2023,1,Florida Atlantic Owls,0.12536964224556746,-0.04404208572899423,0.4745762711864407,0.3902439024390244,8.983050847457626,4.7682926829268295,2.625,1.3333333333333333,0.8,1.0,0.2038803230971098,0.3333333333333333
2023,1,Florida Gators,-0.06388237862847745,-0.05624458423027626,0.375,0.3269230769230769,5.453125,5.211538461538462,0.9166666666666666,2.0,0.25,1.0,0.18103519891915115,0.07692307692307693
2023,1,Florida International Panthers,-0.1683971431851387,-0.06787414485145182,0.35,0.39880952380952384,5.43,5.005952380952381,0.96,1.3076923076923077,0.5,0.14285714285714285,-0.10347659596138531,0.2
2023,1,Florida State Seminoles,0.11609590847550308,0.35598435609237006,0.4322033898305085,0.5797101449275363,6.669491525423729,8.579710144927537,2.0,3.4782608695652173,0.6,0.7692307692307693,0.06213105107877362,0.4230769230769231
2023,1,Fresno State Bulldogs,0.2566148771180047,-0.0541256058961153,0.4861111111111111,0.4083333333333333,6.798611111111111,4.691666666666666,3.1666666666666665,1.875,0.5,0.8,0.18656821406405905,0.5357142857142857
2023,1,Gardner-Webb Runnin' Bulldogs,0.0032126715738479404,0.27352148655689124,0.4657534246575342,0.5,5.136986301369863,6.984848484848484,1.8461538461538463,3.75,0.6666666666666666,0.75,-0.09576316288223972,0.4375
2023,1,Georgia Bulldogs,0.41808918366829556,-0.24428542219102384,0.5833333333333334,0.33043478260869563,8.791666666666666,4.886956521739131,4.041666666666667,0.38461538461538464,0.8461538461538461,0.5,0.45353042639669827,0.47619047619047616
2023,1,Georgia Southern Eagles,-0.04978944338802108,-0.0021270469092486196,0.518796992481203,0.42105263157894735,6.135338345864661,4.991228070175438,2.391304347826087,1.64,0.6666666666666666,0.5,-0.11718870398648289,0.42105263157894735
2023,1,Georgia State Panthers,0.38627251076698305,0.0448890870919934,0.528,0.4148148148148148,8.44,6.2444444444444445,2.68,2.0,0.625,0.5714285714285714,0.3387635833754831,0.46153846153846156
2023,1,Georgia Tech Yellow Jackets,0.19575511543981491,0.006286591736238394,0.5,0.417910447761194,6.241935483870968,6.134328358208955,2.5,1.5454545454545454,0.4,0.2,0.09322123381556296,0.4166666666666667
2023,1,Hawai'i Rainbow Warriors,0.07326804952962059,0.08868378571281998,0.4126984126984127,0.4491525423728814,5.809523809523809,5.872881355932203,2.3636363636363638,3.130434782608696,0.5555555555555556,0.7142857142857143,0.028966889757177105,0.4074074074074074
2023,1,Houston Cougars,-0.1202807095495687,0.03301152293111237,0.43478260869565216,0.38028169014084506,5.115942028985507,5.873239436619718,1.4166666666666667,1.2727272727272727,0.5,0.6666666666666666,0.07585886324632843,0.35714285714285715
2023,1,Howard Bison,-0.0632878586886421,0.003587638543657035,0.35714285714285715,0.4628099173553719,4.920634920634921,5.586776859504132,1.6,2.2,0.8,0.42857142857142855,0.018436675870811547,0.3793103448275862
2023,1,Idaho State Bengals,-0.15264624241110566,0.057064060653959005,0.4025974025974026,0.5396825396825397,4.467532467532467,6.26984126984127,1.8666666666666667,2.2666666666666666,0.5,0.6666666666666666,-0.10962918847799301,0.3333333333333333
2023,1,Illinois Fighting Illini,0.17426518549521763,0.06381297757826655,0.5166666666666667,0.4819277108433735,6.733333333333333,6.289156626506024,2.3,2.5454545454545454,0.75,0.6,0.16386785047749677,0.3333333333333333
2023,1,Incarnate Word Cardinals,-0.07664909687909213,0.3416397553884377,0.38181818181818183,0.5932203389830508,5.218181818181818,6.9491525423728815,1.5555555555555556,2.8,0.3333333333333333,1.0,-0.13917332429152268,0.3076923076923077
2023,1,Indiana Hoosiers,-0.29513786922801627,0.049151720395728724,0.23636363636363636,0.47761194029850745,3.8363636363636364,6.2835820895522385,0.21428571428571427,2.3,,0.5,-0.29049117200904423,0.3125
2023,1,Iowa Hawkeyes,-0.30466178004142075,0.04823038298381518,0.31746031746031744,0.4520547945205479,4.015873015873016,4.97945205479452,0.8888888888888888,1.68,0.4,0.625,-0.2708070866276764,0.25
2023,1,Iowa State Cyclones,0.15128224416106356,0.023276816135731297,0.3333333333333333,0.43478260869565216,6.647058823529412,6.282608695652174,1.6333333333333333,1.5,0.75,0.42857142857142855,0.09362251635052656,0.3333333333333333
2023,1,Jacksonville State Gamecocks,-0.030442374956900956,-0.14988084525821058,0.4344262295081967,0.4095744680851064,5.172131147540983,4.164893617021277,2.1627906976744184,0.7105263157894737,0.8461538461538461,0.5,-0.027501095920964017,0.41509433962264153
2023,1,James Madison Dukes,0.1270536071267621,-0.06100178642138358,0.4827586206896552,0.3629032258064516,6.2155172413793105,4.766129032258065,2.4583333333333335,1.4782608695652173,0.6363636363636364,0.75,0.1976012945175171,0.30434782608695654
2023,1,Kansas Jayhawks,0.4182639984890472,-0.02875332248823665,0.5193798449612403,0.411214953271028,9.007751937984496,6.196261682242991,3.04,1.9583333333333333,0.7,0.8333333333333334,0.3609928030122831,0.5
2023,1,Kansas State Wildcats,0.2470053269508037,-0.06766183392703533,0.49645390070921985,0.408,7.134751773049645,4.912,3.0,0.7916666666666666,0.7777777777777778,0.0,0.2628001120957461,0.28
2023,1,Kent State Golden Flashes,-0.24563687009846463,-0.1332962446105786,0.27941176470588236,0.3974358974358974,3.75,8.423076923076923,0.46153846153846156,5.25,0.0,0.8571428571428571,-0.33742370814085004,0.29411764705882354
2023,1,Kentucky Wildcats,0.09876639049242039,-0.009761236163954072,0.38613861386138615,0.41721854304635764,7.534653465346534,3.980132450331126,2.4615384615384617,1.8571428571428572,1.0,0.7142857142857143,0.1978455550968647,0.4
2023,1,LSU Tigers,0.17136446531139202,0.27423060167094937,0.5,0.4927536231884058,7.485074626865671,7.471014492753623,2.08,3.04,0.6666666666666666,0.625,0.3998630363832821,0.3157894736842105
2023,1,Liberty Flames,-0.047519575676013684,0.1784210139103518,0.4224137931034483,0.5190839694656488,5.844827586206897,7.282442748091603,1.36,2.6956521739130435,0.4,0.6,0.042547352038897,0.43478260869565216
2023,1,Long Island University Sharks,-0.2936120171237875,-0.07558326658449675,0.3888888888888889,0.49122807017543857,3.740740740740741,5.333333333333333,0.7692307692307693,2.076923076923077,0.5,0.5,-0.25247305551090754,0.23076923076923078
2023,1,Louisiana Ragin' Cajuns,-0.12852647356570712,-0.14359158524445126,0.42063492063492064,0.37142857142857144,5.301587301587301,4.708571428571428,1.7142857142857142,1.25,0.25,0.4444444444444444,-0.029149377718567848,0.20689655172413793
2023,1,Louisiana Tech Bulldogs,-0.09808127855991616,-0.026868286950529115,0.3602941176470588,0.35537190082644626,5.345588235294118,5.214876033057851,1.16,2.0,0.3333333333333333,0.6,-0.19249003222928598,0.3793103448275862
2023,1,Louisville Cardinals,0.13049745761922427,0.3911938285827637,0.5714285714285714,0.48,5.328571428571428,10.16,2.5454545454545454,3.8181818181818183,0.8,0.6,0.11448410031470385,0.5
2023,1,Maine Black Bears,-0.1445538214083468,-0.0881108165832988,0.39325842696629215,0.38596491228070173,4.48314606741573,6.4035087719298245,0.9230769230769231,0.5384615384615384,0.2,0.0,-0.07930614830742419,0.3333333333333333
2023,1,Marshall Thundering Herd,-0.04984006749128732,-0.028861087539957628,0.4015748031496063,0.3958333333333333,6.850393700787402,4.736111111111111,1.2666666666666666,1.9259259259259258,0.5,0.8333333333333334,0.1653695633595294,0.21428571428571427
2023,1,Maryland Terrapins,0.042441725730895996,-0.15344355129440065,0.4632352941176471,0.4154929577464789,5.8088235294117645,4.471830985915493,2.6956521739130435,0.7916666666666666,0.8333333333333334,0.2857142857142857,0.018174260019141936,0.38461538461538464
2023,1,Massachusetts Minutemen,0.02190186857030942,0.26280307002139813,0.3942307692307692,0.5606060606060606,7.221153846153846,7.962121212121212,1.64,3.1538461538461537,0.5714285714285714,0.5555555555555556,0.134537298604846,0.23809523809523808
2023,1,Memphis Tigers,0.1533933234297567,-0.08218621037830816,0.5069444444444444,0.2897196261682243,8.166666666666666,4.757009345794392,3.5384615384615383,1.04,0.6153846153846154,0.3333333333333333,0.10652619868785411,0.34615384615384615
2023,1,Mercer Bears,-0.15968340428975913,0.4699004259828019,0.4153846153846154,0.6027397260273972,3.7384615384615385,9.04109589041096,0.5,5.5,,0.75,-0.07108572572469711,0.23076923076923078
2023,1,Miami (OH) RedHawks,-0.37863884791731833,0.07981467636731955,0.31,0.5153846153846153,4.39,6.7615384615384615,0.5454545454545454,2.217391304347826,0.0,0.3,-0.2172466857384329,0.21739130434782608
2023,1,Miami Hurricanes,0.1904751377240304,-0.06854276579839212,0.5241935483870968,0.4074074074074074,6.57258064516129,4.722222222222222,2.8181818181818183,1.2857142857142858,0.5714285714285714,0.5,0.3000021214578666,0.3684210526315789
2023,1,Michigan State Spartans,-0.011941454102916102,-0.3672111817295589,0.43548387096774194,0.38095238095238093,6.596774193548387,3.0476190476190474,1.4761904761904763,0.4375,1.0,0.25,0.1891962061537073,0.38461538461538464
2023,1,Michigan Wolverines,0.20921333823567148,-0.1619949659030319,0.42528735632183906,0.4031413612565445,6.994252873563219,4.958115183246074,2.6,1.0,0.75,0.3333333333333333,0.21302554442414215,0.2
2023,1,Middle Tennessee Blue Raiders,-0.16757002888155764,0.33273246756289154,0.36065573770491804,0.546875,3.6557377049180326,6.890625,0.5833333333333334,4.3076923076923075,0.5,1.0,-0.166722105940183,0.3125
2023,1,Minnesota Golden Gophers,-0.025707682151170003,-0.06385246605976769,0.42063492063492064,0.41739130434782606,4.388888888888889,5.217391304347826,2.0476190476190474,1.7,0.7142857142857143,0.4,-0.17429105650323132,0.32142857142857145
2023,1,Mississippi State Bulldogs,0.34851641817526385,-0.26514096944420423,0.5,0.3148148148148148,7.984848484848484,3.8518518518518516,3.727272727272727,0.6363636363636364,0.75,1.0,0.4057177428929311,0.36363636363636365
2023,1,Missouri State Bears,-0.13712769762302437,0.40699437889270484,0.3333333333333333,0.578125,5.270833333333333,9.046875,1.5454545454545454,4.0,0.6666666666666666,0.6666666666666666,-0.06367410033156998,0.1111111111111111
2023,1,Missouri Tigers,0.14878627170521513,-0.2297570623903193,0.49624060150375937,0.3247863247863248,5.706766917293233,3.5213675213675213,1.9090909090909092,0.5909090909090909,0.7777777777777778,0.5,0.1273901083699937,0.3333333333333333
2023,1,Monmouth Hawks,-0.04404208572899423,0.12536964224556746,0.3902439024390244,0.4745762711864407,4.7682926829268295,8.983050847457626,1.3333333333333333,2.625,1.0,0.8,-0.13361951238230654,0.3684210526315789
2023,1,NC State Wolfpack,0.10959015540162423,0.1368083077959898,0.518796992481203,0.43902439024390244,5.7894736842105265,5.682926829268292,1.9545454545454546,1.75,0.6,0.8,0.03287444844841957,0.4666666666666667
2023,1,Navy Midshipmen,-0.14507394477173133,0.4934338775643131,0.4074074074074074,0.7017543859649122,3.1666666666666665,7.614035087719298,0.375,5.25,0.0,0.8,-0.05729425119029151,0.2857142857142857
2023,1,Nebraska Cornhuskers,-0.19635290865387237,-0.10335859791799025,0.48214285714285715,0.36363636363636365,5.267857142857143,3.696969696969697,1.1111111111111112,1.3,0.0,0.5,-0.13789938688278197,0.45454545454545453
2023,1,Nevada Wolf Pack,-0.052347728184291294,0.7240266631234367,0.34285714285714286,0.6226415094339622,5.7,12.50943396226415,1.0,4.538461538461538,1.0,0.8,0.026460967165358524,0.3157894736842105
2023,1,New Mexico Lobos,-0.08419238179922103,0.3963716630897825,0.4166666666666667,0.5079365079365079,4.2,6.761904761904762,0.9090909090909091,4.7272727272727275,0.0,1.0,-0.026094061136245728,0.23076923076923078
2023,1,New Mexico State Aggies,0.18203884443721255,0.18019017338752746,0.5351351351351351,0.4057142857142857,7.524324324324325,6.531428571428571,2.5128205128205128,2.5,0.6,0.46153846153846156,0.2544096819803017,0.3939393939393939
2023,1,North Carolina A&T Aggies,-0.21942927946849744,0.3186995500410107,0.3877551020408163,0.6901408450704225,3.489795918367347,6.943661971830986,0.6666666666666666,4.375,0.0,0.8,-0.1413855097360081,0.3333333333333333
2023,1,North Carolina Tar Heels,0.017697547945906136,-0.05261036855799536,0.4632352941176471,0.3709677419354839,6.161764705882353,6.201612903225806,1.4166666666666667,1.434782608695652,0.5714285714285714,0.3333333333333333,-0.06320880946603794,0.4642857142857143
2023,1,North Texas Mean Green,-0.3215266105074149,0.24715106316069338,0.34615384615384615,0.46808510638297873,4.346153846153846,7.0212765957446805,1.3125,3.0,1.0,0.625,-0.14040802791714668,0.18181818181818182
2023,1,Northern Arizona Lumberjacks,-0.40146920130108343,0.1191650743667896,0.2878787878787879,0.6153846153846154,3.6515151515151514,9.23076923076923,0.25,2.1818181818181817,0.0,0.6666666666666666,-0.35993986195988126,0.3333333333333333
2023,1,Northern Illinois Huskies,0.05208612876395657,-0.06901591264901041,0.4383561643835616,0.453781512605042,5.561643835616438,5.184873949579832,0.7916666666666666,0.6666666666666666,0.36363636363636365,0.16666666666666666,-0.13387645753947172,0.45454545454545453
2023,1,Northern Iowa Panthers,-0.26260422190858257,-0.07020588219165802,0.3888888888888889,0.2619047619047619,4.680555555555555,5.523809523809524,0.1875,1.15,0.3333333333333333,1.0,-0.19331743126666104,0.13333333333333333
2023,1,Northwestern State Demons,-0.32590232411427283,-0.10435158712789416,0.23880597014925373,0.421875,2.7313432835820897,6.578125,0.8125,2.533333333333333,0.0,0.0,-0.2690785547097524,0.10526315789473684
2023,1,Northwestern Wildcats,-0.20694691744266133,-0.16957520274785312,0.3939393939393939,0.3722627737226277,3.8333333333333335,4.102189781021898,0.8076923076923077,0.9230769230769231,0.75,0.6666666666666666,-0.05862016246343652,0.2903225806451613
2023,1,Notre Dame Fighting Irish,0.45957618999608696,-0.2135626766109659,0.6149732620320856,0.3419354838709677,7.823529411764706,3.6838709677419357,4.607142857142857,0.4666666666666667,0.8,0.0,0.39098114110776133,0.6363636363636364
2023,1,Ohio Bobcats,0.023795883006909314,-0.165525841986996,0.46078431372549017,0.40804597701149425,5.230392156862745,5.212643678160919,2.25,1.457142857142857,0.4666666666666667,0.625,-0.002382842763777702,0.5227272727272727
2023,1,Ohio State Buckeyes,-0.11900753047197096,-0.12725018054967926,0.4032258064516129,0.3467741935483871,5.153225806451613,4.508064516129032,1.2380952380952381,0.6538461538461539,0.5,0.6666666666666666,0.021488605327503657,0.18518518518518517
2023,1,Oklahoma Sooners,0.1832692868076265,-0.14176645708319388,0.51875,0.3333333333333333,8.13125,5.666666666666667,2.6538461538461537,1.0714285714285714,0.8333333333333334,0.25,0.11438980480799309,0.6206896551724138
2023,1,Oklahoma State Cowboys,0.21796622853248548,0.09134906887765823,0.47435897435897434,0.42276422764227645,6.814102564102564,6.967479674796748,2.4166666666666665,1.44,0.7777777777777778,0.5714285714285714,0.21137158963523928,0.41935483870967744
2023,1,Old Dominion Monarchs,-0.01752004853817595,0.07067682046765163,0.4789915966386555,0.4567901234567901,5.3277310924369745,5.808641975308642,1.7307692307692308,2.88,0.75,0.5714285714285714,-0.20931385457515717,0.4827586206896552
2023,1,Ole Miss Rebels,0.3264709745533764,0.02296200506669238,0.50625,0.42857142857142855,7.50625,5.661654135338346,4.0,0.8888888888888888,0.75,0.6666666666666666,0.1950427569507614,0.41379310344827586
2023,1,Oregon Ducks,0.612959309461269,-0.1286875712552241,0.6666666666666666,0.3523809523809524,9.425531914893616,4.723809523809524,5.478260869565218,0.6086956521739131,0.8571428571428571,0.6666666666666666,0.555692528726674,0.4444444444444444
2023,1,Oregon State Beavers,0.1748240667412866,0.19011000561026425,0.5094339622641509,0.47692307692307695,6.613207547169812,5.6,2.6315789473684212,2.8947368421052633,1.0,0.7,0.250185484921231,0.17647058823529413
2023,1,Penn State Nittany Lions,0.19754952871624162,0.20612212450339876,0.4411764705882353,0.42528735632183906,7.5,6.218390804597701,1.3076923076923077,2.7142857142857144,0.6666666666666666,0.75,0.18082291326102087,0.4
2023,1,Pittsburgh Panthers,0.28851818124453227,-0.3404374752725874,0.5466666666666666,0.2571428571428571,6.8533333333333335,3.6285714285714286,3.2142857142857144,0.6363636363636364,0.8,,0.11463220006433027,0.42857142857142855
2023,1,Portland State Vikings,-0.1359225238927386,0.6959287624963573,0.2727272727272727,0.6619718309859155,3.672727272727273,10.380281690140846,0.5384615384615384,6.230769230769231,1.0,1.0,-0.09138989653915931,0.2
2023,1,Purdue Boilermakers,0.11178261016805967,0.28589670228052744,0.4166666666666667,0.4936708860759494,6.05,6.113924050632911,2.9166666666666665,3.0,0.75,0.75,0.1625910723073916,0.08333333333333333
2023,1,Rhode Island Rams,0.25114993947661585,0.3608218848705292,0.4583333333333333,0.509090909090909,7.555555555555555,7.709090909090909,2.9166666666666665,2.6363636363636362,0.6,1.0,-0.20162734460945314,0.5263157894736842
2023,1,Rice Owls,-0.49817787988318335,-0.20812265876809072,0.26666666666666666,0.3103448275862069,6.111111111111111,4.75,0.8888888888888888,2.185185185185185,1.0,0.5555555555555556,-0.509778807344644,0.3684210526315789
2023,1,Robert Morris Colonials,-0.25693013534253956,0.40751095468347726,0.3877551020408163,0.5454545454545454,3.9183673469387754,9.036363636363637,0.7,4.2,0.5,0.75,-0.016567168203560082,0.3
2023,1,Rutgers Scarlet Knights,0.09118856546533016,-0.12650028048526674,0.44274809160305345,0.46825396825396826,4.473282442748092,4.190476190476191,1.7083333333333333,1.3478260869565217,0.6,0.75,0.007986116655094107,0.36666666666666664
2023,1,SE Louisiana Lions,-0.26514096944420423,0.34851641817526385,0.3148148148148148,0.5,3.8518518518518516,7.984848484848484,0.6363636363636364,3.727272727272727,1.0,0.75,-0.3716770958256077,0.3333333333333333
2023,1,SMU Mustangs,0.05066633072628337,-0.028054660070786434,0.3885350318471338,0.40707964601769914,4.853503184713376,5.752212389380531,2.0454545454545454,1.3043478260869565,0.6666666666666666,0.8,-0.06228851533569066,0.3333333333333333
2023,1,Sam Houston Bearkats,-0.4991164564021996,-0.21917063556611538,0.30357142857142855,0.296875,3.7142857142857144,4.46875,0.0,1.0,0.0,1.0,-0.3304682352193972,0.14285714285714285
2023,1,San Diego State Aztecs,0.03793727772787583,-0.10410336826158606,0.45454545454545453,0.40993788819875776,6.132231404958677,4.658385093167702,2.16,1.64,0.6666666666666666,0.375,0.11322907350565257,0.2916666666666667
2023,1,San José State Spartans,0.05767458154516326,0.318290752706243,0.40331491712707185,0.5422885572139303,5.3812154696132595,6.736318407960199,1.84375,3.903225806451613,0.625,1.0,-0.006654423209173339,0.3142857142857143
2023,1,South Alabama Jaguars,0.09525675210687849,-0.14054689932185993,0.5111111111111111,0.35398230088495575,6.925925925925926,5.584070796460177,2.814814814814815,1.88,0.8,0.2857142857142857,0.0863389006337604,0.45454545454545453
2023,1,South Carolina Gamecocks,-0.15734349372131484,0.17626442453440497,0.35714285714285715,0.5147058823529411,4.957142857142857,6.8088235294117645,0.8333333333333334,1.8461538461538463,0.4,0.75,0.09640192398085044,0.2857142857142857
2023,1,South Carolina State Bulldogs,-0.45658474774272356,-0.057528081394377206,0.24074074074074073,0.4444444444444444,3.1481481481481484,5.619047619047619,0.1875,1.6,0.0,0.5,-0.36564950846336985,0.21428571428571427
2023,1,South Dakota Coyotes,-0.14719128757715225,0.3021095893345773,0.3333333333333333,0.5625,3.2333333333333334,6.421875,0.9090909090909091,2.8,0.5,0.8333333333333334,-0.14202248846942728,0.15384615384615385
2023,1,South Florida Bulls,-0.005964643856477455,-0.14839594631734557,0.41420118343195267,0.291970802919708,6.1420118343195265,5.795620437956204,1.896551724137931,1.1333333333333333,0.42857142857142855,0.5,-0.1728524593856391,0.3142857142857143
2023,1,Southeast Missouri State Redhawks,-0.24646389351359435,0.2710614334529554,0.38095238095238093,0.5492957746478874,3.3333333333333335,8.169014084507042,0.0,4.090909090909091,,0.8,-0.18686207887181577,0.2857142857142857
2023,1,Southern Miss Golden Eagles,0.07430567885890152,-0.04414165262566056,0.42424242424242425,0.27906976744186046,6.7272727272727275,5.255813953488372,2.5384615384615383,1.0769230769230769,0.4,1.0,0.031026919682820637,0.23076923076923078
2023,1,Southern Utah Thunderbirds,-0.10994803144576702,0.12699217532501847,0.2765957446808511,0.4262295081967213,4.425531914893617,6.409836065573771,1.2727272727272727,1.8461538461538463,1.0,0.6666666666666666,-0.18419197026421041,0.38461538461538464
2023,1,St. Francis (PA) Red Flash,0.10686858127946439,0.23833716412385306,0.3695652173913043,0.5555555555555556,6.6521739130434785,5.655555555555556,1.5454545454545454,3.5,0.5,0.8333333333333334,0.14313630935023813,0.4166666666666667
2023,1,Stanford Cardinal,0.13931558957466714,0.09428517008895304,0.49230769230769234,0.40298507462686567,6.015384615384615,5.104477611940299,3.3636363636363638,2.1818181818181817,0.6,0.5,0.21320645201880978,0.4166666666666667
2023,1,Stephen F. Austin Lumberjacks,-0.30070547315112334,0.12429674546564778,0.38596491228070173,0.5,5.017543859649122,9.32258064516129,1.7692307692307692,3.4166666666666665,0.6666666666666666,0.7142857142857143,-0.21588450599284398,0.3076923076923077
2023,1,Syracuse Orange,-0.04083587797848802,-0.26248562714184515,0.40131578947368424,0.29770992366412213,6.473684210526316,4.4961832061068705,1.903225806451613,1.0333333333333334,0.6,0.6666666666666666,-0.0746127035597275,0.25806451612903225
2023,1,TCU Horned Frogs,0.2870193344432038,0.3494619712417508,0.4935064935064935,0.5679012345679012,6.922077922077922,7.506172839506172,3.5,3.4615384615384617,0.6666666666666666,1.0,0.24469119562941083,0.5
2023,1,Temple Owls,0.00898623265124656,-0.15144271547334237,0.3783783783783784,0.3157894736842105,4.9324324324324325,4.631578947368421,1.8461538461538463,1.75,0.75,1.0,-0.09180481379682368,0.47058823529411764
2023,1,Tennessee State Tigers,-0.3373353489462221,0.5429619995374528,0.24561403508771928,0.6031746031746031,3.3157894736842106,8.841269841269842,0.25,4.454545454545454,0.0,1.0,-0.4162943509096901,0.2857142857142857
2023,1,Tennessee Volunteers,0.19628339190528077,-0.4179267845221705,0.5471698113207547,0.2661290322580645,5.547169811320755,3.4596774193548385,2.9615384615384617,0.4642857142857143,0.9166666666666666,0.25,0.29369513413240744,0.24
2023,1,Texas A&M Aggies,0.2670521343020889,0.1323067916811799,0.45528455284552843,0.460431654676259,7.0894308943089435,6.0215827338129495,3.260869565217391,1.8636363636363635,0.7777777777777778,0.6666666666666666,0.26362810964481187,0.2777777777777778
2023,1,Texas Longhorns,-0.04897796986704199,-0.021167996029059093,0.42735042735042733,0.4019607843137255,6.418803418803419,6.705882352941177,2.24,1.9583333333333333,0.5454545454545454,0.5,-0.008012212731915972,0.36363636363636365
2023,1,Texas State Bobcats,0.14629076771876393,-0.13634732147132544,0.40441176470588236,0.38345864661654133,5.536764705882353,7.067669172932331,2.607142857142857,1.6666666666666667,0.75,0.5714285714285714,0.023190032033359304,0.2413793103448276
2023,1,Texas Tech Red Raiders,0.11141793920386651,-0.06838014605620228,0.43478260869565216,0.44680851063829785,5.149068322981367,4.76595744680851,2.310344827586207,1.6896551724137931,0.6666666666666666,0.7142857142857143,0.042837224223396995,0.4
2023,1,The Citadel Bulldogs,-0.2825876725654976,0.10309614639886668,0.3333333333333333,0.5633802816901409,4.1568627450980395,6.450704225352113,0.0,3.090909090909091,0.0,0.6666666666666666,-0.16249291178507683,0.16666666666666666
2023,1,Toledo Rockets,0.04840198838535477,0.16469376010354608,0.41911764705882354,0.5078125,6.25,6.34375,2.05,1.95,0.42857142857142855,0.5714285714285714,-0.022737835008319062,0.3
2023,1,Towson Tigers,-0.09419288520629589,0.1908123051818413,0.47692307692307695,0.5063291139240507,4.246153846153846,5.6835443037974684,0.5,3.1,0.0,0.6666666666666666,0.0251808892539207,0.3333333333333333
2023,1,Troy Trojans,-0.021301371237588306,-0.20272628975108387,0.4365079365079365,0.4065040650406504,7.150793650793651,4.943089430894309,1.9130434782608696,1.6,0.6666666666666666,0.5,0.10400868064225322,0.3333333333333333
2023,1,Tulane Green Wave,-0.026289640591954284,0.01732796777908067,0.41509433962264153,0.5037593984962406,6.877358490566038,5.954887218045113,2.272727272727273,2.32,0.18181818181818182,0.7,-0.04258055599296794,0.3333333333333333
2023,1,Tulsa Golden Hurricane,0.28908497339753964,-0.2165990439446076,0.5671641791044776,0.3333333333333333,8.08955223880597,4.405797101449275,2.6923076923076925,0.5384615384615384,1.0,1.0,0.22597267642869787,0.375
2023,1,UAB Blazers,0.3186995500410107,-0.21942927946849744,0.6901408450704225,0.3877551020408163,6.943661971830986,3.489795918367347,4.375,0.6666666666666666,0.8,0.0,0.2160187182856388,0.7
2023,1,UAlbany Great Danes,-0.10232045315206051,0.06869667616941161,0.3333333333333333,0.5423728813559322,4.083333333333333,7.576271186440678,1.4166666666666667,1.4,0.5,0.5,-0.11140702521571746,0.25
2023,1,UCF Knights,-0.06879934781584246,-0.035126846226362085,0.4068965517241379,0.38461538461538464,7.36551724137931,4.938461538461539,3.4782608695652173,1.44,0.5833333333333334,0.3333333333333333,-0.23714637043683426,0.4230769230769231
2023,1,UCLA Bruins,0.27772460596971826,-0.017733024171105137,0.4672131147540984,0.4222222222222222,7.778688524590164,5.451851851851852,2.8181818181818183,1.380952380952381,0.5555555555555556,0.25,0.17716281116008759,0.36
2023,1,UConn Huskies,0.02349117988685392,0.10571823405547881,0.4339622641509434,0.5915492957746479,5.150943396226415,5.154929577464789,1.5555555555555556,2.1818181818181817,1.0,1.0,-0.024618784968669597,0.3333333333333333
2023,1,UL Monroe Warhawks,-0.22297561216738918,-0.29300935676351925,0.3870967741935484,0.3114754098360656,5.564516129032258,4.868852459016393,0.9444444444444444,0.375,0.25,0.0,-0.15930748828079389,0.26666666666666666
2023,1,UNLV Rebels,0.149691805504916,0.28983353993554756,0.45614035087719296,0.4881889763779528,6.482456140350878,7.503937007874016,4.076923076923077,1.75,0.75,0.7142857142857143,0.04220846981814738,0.36363636363636365
2023,1,USC Trojans,0.5334482335869004,0.06582656849687006,0.5647058823529412,0.43137254901960786,9.894117647058824,5.490196078431373,4.333333333333333,1.8918918918918919,0.8,0.875,0.41191516071558,0.39285714285714285
2023,1,UT Martin Skyhawks,-0.2325239818423025,0.28315657802990507,0.3548387096774194,0.4857142857142857,4.645161290322581,8.2,0.5,3.4166666666666665,1.0,0.6,-0.25759258390741147,0.14285714285714285
2023,1,UTEP Miners,0.1345029086336609,-0.08357134384986682,0.5426356589147286,0.39316239316239315,5.821705426356589,4.82051282051282,2.0,1.55,1.0,0.6,0.2168591780201444,0.4
2023,1,UTSA Roadrunners,0.03884541363149256,-0.1363661417832775,0.4195804195804196,0.35766423357664234,5.629370629370629,5.664233576642336,1.8846153846153846,1.2592592592592593,0.8571428571428571,0.5,-0.021178627172402577,0.37037037037037035
2023,1,Utah State Aggies,-0.12467706479408124,0.17975291499385126,0.3851851851851852,0.45185185185185184,4.762962962962963,6.7555555555555555,1.1153846153846154,2.2142857142857144,0.4,0.5,-0.0005170905164309911,0.3225806451612903
2023,1,Utah Utes,-0.24904684085621792,-0.09450167539849211,0.3333333333333333,0.3656716417910448,4.632478632478633,4.880597014925373,1.24,0.9615384615384616,1.0,0.42857142857142855,-0.07590229419822042,0.25925925925925924
2023,1,Vanderbilt Commodores,0.13292152421851444,-0.0392140873840877,0.48717948717948717,0.373015873015873,6.538461538461538,5.444444444444445,3.28,1.7826086956521738,0.7272727272727273,0.42857142857142855,0.03294708469713276,0.52
2023,1,Virginia Cavaliers,-0.2794881531643489,0.22775045335292815,0.25396825396825395,0.5882352941176471,3.238095238095238,5.870588235294117,0.8666666666666667,3.5,0.3333333333333333,1.0,-0.22351473061875862,0.2777777777777778
2023,1,Virginia Tech Hokies,0.09470653953686567,-0.16479025470713773,0.4859154929577465,0.425,6.007042253521127,4.983333333333333,3.0,1.3043478260869565,0.5625,0.375,0.1115362465938675,0.43333333333333335
2023,1,Wake Forest Demon Deacons,-0.027832821699289176,-0.18069658346939832,0.46153846153846156,0.3125,7.338461538461538,3.890625,2.8461538461538463,0.8333333333333334,0.4,0.0,-0.027322805844820462,0.38461538461538464
2023,1,Washington Huskies,0.17197497226485056,0.12187433220557313,0.4472361809045226,0.4626865671641791,7.492462311557789,6.875621890547263,2.65,1.85,0.6428571428571429,0.5384615384615384,0.31568949535871166,0.22857142857142856
2023,1,Washington State Cougars,0.09945757806986227,-0.038657297380268574,0.5287356321839081,0.390625,6.563218390804598,6.15625,3.3846153846153846,1.6,0.7142857142857143,0.5,0.0075509061708169825,0.5882352941176471
2023,1,West Virginia Mountaineers,0.0831547936907521,-0.14086932864259272,0.3888888888888889,0.4117647058823529,7.814814814814815,5.514705882352941,2.090909090909091,0.9090909090909091,0.25,0.3333333333333333,0.2102799239831093,0.3076923076923077
2023,1,Western Carolina Catamounts,-0.33121034481387207,0.17445515394210814,0.3188405797101449,0.48333333333333334,6.739130434782608,6.616666666666666,0.8666666666666667,3.5,0.25,1.0,-0.1931320191002809,0.26666666666666666
2023,1,Western Illinois Leathernecks,0.08454433562500137,0.6652391865849495,0.375,0.6833333333333333,4.607142857142857,10.516666666666667,1.9090909090909092,4.461538461538462,0.5,0.6666666666666666,-0.05048167637803338,0.4166666666666667
2023,1,Western Kentucky Hilltoppers,0.11622783309984498,0.037723841296659934,0.4329268292682927,0.4391891891891892,6.5060975609756095,6.054054054054054,2.6666666666666665,1.8571428571428572,0.75,0.5555555555555556,-0.019319043213885927,0.4
2023,1,Western Michigan Broncos,0.23833716412385306,0.10686858127946439,0.5555555555555556,0.3695652173913043,5.655555555555556,6.6521739130434785,3.5,1.5454545454545454,0.8333333333333334,0.5,0.15641173300608782,0.5294117647058824
2023,1,Wisconsin Badgers,0.11962613252037806,-0.006431615931524647,0.45390070921985815,0.4892086330935252,7.191489361702128,5.784172661870503,2.4642857142857144,1.6071428571428572,0.5714285714285714,0.8571428571428571,0.31752535859040454,0.34615384615384615
2023,1,Wofford Terriers,-0.3404374752725874,0.28851818124453227,0.2571428571428571,0.5466666666666666,3.6285714285714286,6.8533333333333335,0.6363636363636364,3.2142857142857144,,0.8,-0.19857976413690126,0.1111111111111111
2023,1,Wyoming Cowboys,0.12650189134809706,0.0994296878352201,0.4861111111111111,0.40601503759398494,5.104166666666667,5.706766917293233,2.125,2.0,0.625,0.5,0.002687288581260613,0.3793103448275862
2023,2,Air Force Falcons,-0.10885457694530487,-0.418136671862819,0.4166666666666667,0.29545454545454547,4.316666666666666,1.8181818181818181,1.1818181818181819,0.3333333333333333,1.0,,-0.12477504710356395,0.4166666666666667
2023,2,Akron Zips,-0.7775564949179805,-0.6769391233101487,0.20930232558139536,0.171875,3.627906976744186,4.390625,0.8333333333333334,1.75,0.0,1.0,-0.7185613057192635,0.375
2023,2,Alabama Crimson Tide,-0.006371295019503563,0.12378772046114947,0.41935483870967744,0.36486486486486486,6.612903225806452,6.054054054054054,1.3333333333333333,2.8333333333333335,0.5,0.5,-0.15777430350476124,0.35714285714285715
2023,2,Appalachian State Mountaineers,0.22983685247600077,0.523350983777124,0.45,0.5942028985507246,6.075,7.521739130434782,3.4,3.3333333333333335,0.75,0.3333333333333333,-0.05340026319026947,0.4666666666666667
2023,2,Arizona State Sun Devils,-0.22272467709356739,0.06528197526931763,0.3387096774193548,0.5,4.806451612903226,5.15,0.5833333333333334,1.6666666666666667,1.0,0.75,-0.1038529817448106,0.42857142857142855
2023,2,Arizona Wildcats,0.033269909875733514,0.04482349638755505,0.5142857142857142,0.46153846153846156,5.942857142857143,5.153846153846154,2.0,2.3846153846153846,0.6,0.4,0.11700579524040222,0.23076923076923078
2023,2,Arkansas Razorbacks,0.16672856448327794,-0.4140081210569902,0.5,0.32727272727272727,5.294117647058823,4.636363636363637,1.9090909090909092,0.5,1.0,0.0,-0.11948241731699775,0.5333333333333333
2023,2,Arkansas State Red Wolves,-0.45893027082733484,0.11681554913520813,0.3333333333333333,0.45714285714285713,3.8260869565217392,5.542857142857143,0.2,2.3076923076923075,0.0,0.75,-0.25006476101967007,0.21428571428571427
2023,2,Army Black Knights,0.5599597844070402,-0.19290906892103307,0.6724137931034483,0.38235294117647056,9.137931034482758,4.102941176470588,4.75,0.0,1.0,0.0,0.5911446850984654,0.2857142857142857
2023,2,Auburn Tigers,-0.0551646305065529,-0.23524600944735788,0.43137254901960786,0.3116883116883117,4.568627450980392,3.7142857142857144,1.0769230769230769,0.7692307692307693,1.0,0.25,-0.09906833446942843,0.2727272727272727
2023,2,Austin Peay Governors,-0.10982681649762231,-0.02566912265924307,0.36486486486486486,0.4461538461538462,5.162162162162162,7.061538461538461,0.8666666666666667,1.875,0.0,0.3333333333333333,-0.046226791464365445,0.29411764705882354
2023,2,BYU Cougars,0.28987599594088703,0.13412677059913503,0.4807692307692308,0.3793103448275862,8.038461538461538,5.982758620689655,2.125,1.0666666666666667,1.0,0.5,0.21649579885529308,0.3333333333333333
2023,2,Ball State Cardinals,-0.36919581706707294,0.195446649597863,0.3230769230769231,0.4915254237288136,3.6,7.593220338983051,0.23076923076923078,3.1666666666666665,0.0,0.6,-0.39552349705869955,0.26666666666666666
2023,2,Baylor Bears,-0.08497687494545653,0.03665273932561482,0.42105263157894735,0.4383561643835616,6.0,5.068493150684931,1.1818181818181819,1.8181818181818181,0.3333333333333333,0.6666666666666666,-0.027664792278538578,0.2727272727272727
2023,2,Boise State Broncos,0.10476839388238973,-0.17896289012648842,0.4827586206896552,0.38181818181818183,5.586206896551724,7.945454545454545,1.9,1.2,1.0,0.2,-0.03437719968232242,0.4166666666666667
2023,2,Boston College Eagles,0.2981905071781232,0.4078903849478121,0.5384615384615384,0.5,6.153846153846154,7.296296296296297,3.4444444444444446,3.5,0.8,1.0,0.1474686821593958,0.5
2023,2,Bowling Green Falcons,0.4858241081237793,0.08525714657064211,0.578125,0.4067796610169492,8.5625,5.745762711864407,4.222222222222222,1.5,0.8333333333333334,0.5,0.4732132852077484,0.3333333333333333
2023,2,Cal Poly Mustangs,-0.17637940247853598,0.31922065340555633,0.3508771929824561,0.5230769230769231,2.9649122807017543,7.276923076923077,0.25,4.0,0.0,0.8,-0.08339276833411975,0.14285714285714285
2023,2,California Golden Bears,-0.23524600944735788,-0.0551646305065529,0.3116883116883117,0.43137254901960786,3.7142857142857144,4.568627450980392,0.7692307692307693,1.0769230769230769,0.25,1.0,-0.17320039952700994,0.2222222222222222
2023,2,Central Michigan Chippewas,0.2180032964576693,0.3316559787049438,0.4264705882352941,0.45454545454545453,6.882352941176471,8.409090909090908,2.8125,2.8,1.0,1.0,-0.01544554473138323,0.2857142857142857
2023,2,Charleston Southern Buccaneers,-0.586324810304425,0.3150607964327169,0.20454545454545456,0.6511627906976745,3.340909090909091,9.325581395348838,0.7142857142857143,4.214285714285714,1.0,0.75,-0.8232316305239995,0.21428571428571427
2023,2,Charlotte 49ers,-0.14172039484536206,0.2703987455022508,0.42592592592592593,0.5652173913043478,5.814814814814815,7.826086956521739,1.3,3.1666666666666665,1.0,0.4,0.0043741596299548486,0.1
2023,2,Cincinnati Bearcats,0.07136776620772348,-0.22013643383979797,0.3880597014925373,0.2542372881355932,5.791044776119403,3.9491525423728815,2.076923076923077,1.75,0.6666666666666666,1.0,0.11988848782315546,0.375
2023,2,Clemson Tigers,0.3150607964327169,-0.586324810304425,0.6511627906976745,0.20454545454545456,9.325581395348838,3.340909090909091,4.214285714285714,0.7142857142857143,0.75,1.0,0.3674574022491773,0.45454545454545453
2023,2,Coastal Carolina Chanticleers,0.01000267851191598,0.06030863666371124,0.3108108108108108,0.4657534246575342,5.391891891891892,5.383561643835616,2.5384615384615383,1.3333333333333333,0.3333333333333333,0.3333333333333333,-0.06674711725541524,0.47058823529411764
2023,2,Colorado Buffaloes,0.1309308450515956,-0.23142278242495753,0.4657534246575342,0.3548387096774194,6.219178082191781,5.548387096774194,2.769230769230769,1.0769230769230769,0.5,1.0,0.026887215267528186,0.4117647058823529
2023,2,Delaware Blue Hens,-0.4393419416155666,0.30386999050776164,0.2,0.6222222222222222,4.2,5.677777777777778,0.5833333333333334,4.3076923076923075,,1.0,-0.619060337736175,0.09090909090909091
2023,2,Delaware State Hornets,-0.19290906892103307,0.5599597844070402,0.38235294117647056,0.6724137931034483,4.102941176470588,9.137931034482758,0.0,4.75,0.0,1.0,-0.17651837348937988,0.375
2023,2,Duke Blue Devils,0.4222786156460643,-0.16350166762576385,0.640625,0.3137254901960784,7.96875,4.176470588235294,4.666666666666667,0.7777777777777778,0.7142857142857143,1.0,0.3176092066854801,0.5
2023,2,Duquesne Dukes,-0.2046036201218764,0.3364398704841733,0.26666666666666666,0.5125,3.9,7.725,1.1333333333333333,4.0,0.5,0.8333333333333334,-0.3674727085717889,0.3125
2023,2,East Carolina Pirates,-0.270222280831898,0.008097571786493063,0.3382352941176471,0.359375,3.9558823529411766,6.21875,0.9285714285714286,2.2142857142857144,0.3333333333333333,0.5,-0.2543189398785855,0.23529411764705882
2023,2,Eastern Illinois Panthers,0.08525714657064211,0.4858241081237793,0.4067796610169492,0.578125,5.745762711864407,8.5625,1.5,4.222222222222222,0.5,0.8333333333333334,0.05056595091115345,0.0
2023,2,Eastern Kentucky Colonels,-0.1706279917196794,0.2032214110180483,0.38181818181818183,0.4745762711864407,5.490909090909091,6.067796610169491,1.3076923076923077,2.5454545454545454,0.6666666666666666,0.6,-0.28726253121398215,0.4166666666666667
2023,2,Eastern Michigan Eagles,-0.19565172812768392,0.013218656392164633,0.38095238095238093,0.5211267605633803,3.619047619047619,5.816901408450704,0.6666666666666666,3.0,0.0,0.3333333333333333,-0.07025632774457335,0.3
2023,2,Eastern Washington Eagles,0.02562347091274497,0.037865894122256175,0.41975308641975306,0.4305555555555556,4.703703703703703,4.888888888888889,1.7222222222222223,1.8888888888888888,0.75,0.6,-0.10744379203895042,0.3888888888888889
2023,2,Florida A&M Rattlers,-0.04056132563522884,-0.03373833606019616,0.35714285714285715,0.2875,5.3428571428571425,4.5,1.1333333333333333,2.375,0.5,0.8,-0.19476108122290225,0.2727272727272727
2023,2,Florida Atlantic Owls,-0.35020317522616223,-0.18698855116963387,0.3448275862068966,0.4722222222222222,3.7758620689655173,5.861111111111111,0.25,1.4166666666666667,0.0,1.0,-0.37940677468265804,0.3333333333333333
2023,2,Florida Gators,0.35421945011779055,-0.17440754696726798,0.6712328767123288,0.25,7.63013698630137,2.8,4.6,0.7,1.0,1.0,0.31367887356388036,0.8333333333333334
2023,2,Florida International Panthers,0.06933071513970693,-0.16462631664070926,0.4,0.3442622950819672,8.022222222222222,5.655737704918033,3.7333333333333334,2.2941176470588234,0.6666666666666666,0.8,0.08460165779380237,0.1111111111111111
2023,2,Florida State Seminoles,0.39399690774903784,-0.1607968304907122,0.43478260869565216,0.3387096774193548,8.028985507246377,4.483870967741935,4.916666666666667,1.0,0.8333333333333334,0.5,0.3394944530266982,0.3333333333333333
2023,2,Fresno State Bulldogs,0.037865894122256175,0.02562347091274497,0.4305555555555556,0.41975308641975306,4.888888888888889,4.703703703703703,1.8888888888888888,1.7222222222222223,0.6,0.75,0.12614260241389275,0.26666666666666666
2023,2,Furman Paladins,0.008499388583004475,0.34269807526939794,0.40625,0.5131578947368421,5.15625,8.236842105263158,1.2352941176470589,3.1333333333333333,1.0,1.0,0.011968745830211234,0.4
2023,2,Georgia Bulldogs,0.195446649597863,-0.36919581706707294,0.4915254237288136,0.3230769230769231,7.593220338983051,3.6,3.1666666666666665,0.23076923076923078,0.6,0.0,0.2584237985788508,0.3333333333333333
2023,2,Georgia Southern Eagles,0.20167250085089888,0.29412214841161455,0.5571428571428572,0.5142857142857142,6.5,6.828571428571428,4.083333333333333,2.6923076923076925,0.5714285714285714,0.8333333333333334,-0.0019725380658075727,0.5833333333333334
2023,2,Georgia State Panthers,0.023216494066374643,-0.06895220236501833,0.37142857142857144,0.34782608695652173,5.642857142857143,4.739130434782608,2.6923076923076925,1.0769230769230769,0.75,1.0,-0.02192395750214072,0.4117647058823529
2023,2,Georgia Tech Yellow Jackets,0.24222379556069007,-0.06263477746712959,0.49230769230769234,0.4406779661016949,8.584615384615384,4.898305084745763,4.769230769230769,1.0833333333333333,0.6666666666666666,1.0,0.16366498145190153,0.4444444444444444
2023,2,Grambling Tigers,0.091472759274608,0.5549952196486202,0.3559322033898305,0.6419753086419753,6.254237288135593,7.728395061728395,0.9090909090909091,6.363636363636363,0.3333333333333333,1.0,0.1596845831398083,0.25
2023,2,Hawai'i Rainbow Warriors,-0.2022351134721547,-0.3843709363630324,0.3287671232876712,0.3484848484848485,5.534246575342466,3.409090909090909,2.066666666666667,0.9285714285714286,0.5,0.0,-0.37504689022898674,0.23529411764705882
2023,2,Holy Cross Crusaders,0.4078903849478121,0.2981905071781232,0.5,0.5384615384615384,7.296296296296297,6.153846153846154,3.5,3.4444444444444446,1.0,0.8,0.30386429747869803,0.3333333333333333
2023,2,Houston Christian Huskies,0.2574136562405094,0.27652920171862744,0.532258064516129,0.5081967213114754,7.016129032258065,7.573770491803279,1.25,4.090909090909091,1.0,0.8,0.07750264306863149,0.6
2023,2,Houston Cougars,0.09285607408074771,0.4132427411314882,0.4588235294117647,0.48148148148148145,5.094117647058823,7.395061728395062,2.9285714285714284,4.588235294117647,0.8571428571428571,0.6666666666666666,-0.02758439935621668,0.3333333333333333
2023,2,Idaho State Bengals,0.008767413293443075,0.48824607634889905,0.45121951219512196,0.6231884057971014,6.463414634146342,8.565217391304348,1.8666666666666667,4.642857142857143,1.0,0.8333333333333334,0.0521257440559566,0.4375
2023,2,Illinois Fighting Illini,0.22278318611475137,0.194747137597629,0.5192307692307693,0.5142857142857142,6.884615384615385,7.8428571428571425,1.3636363636363635,3.090909090909091,1.0,0.8,-0.0635916150751568,0.375
2023,2,Indiana Hoosiers,0.2594470630089442,-0.4997137973948223,0.5512820512820513,0.24390243902439024,8.474358974358974,2.658536585365854,3.727272727272727,0.0,0.6,0.0,0.08687676297080132,0.625
2023,2,Indiana State Sycamores,-0.4997137973948223,0.2594470630089442,0.24390243902439024,0.5512820512820513,2.658536585365854,8.474358974358974,0.0,3.727272727272727,0.0,0.6,-0.3193988303343455,0.2
2023,2,Iowa Hawkeyes,-0.19661639661205058,-0.16369710445404054,0.32653061224489793,0.4,4.836734693877551,4.266666666666667,0.8125,0.8666666666666667,0.3333333333333333,0.5,-0.23329891477312362,0.35714285714285715
2023,2,Iowa State Cyclones,-0.16369710445404054,-0.19661639661205058,0.4,0.32653061224489793,4.266666666666667,4.836734693877551,0.8666666666666667,0.8125,0.5,0.3333333333333333,-0.25535096688704056,0.3888888888888889
2023,2,Jacksonville State Gamecocks,0.06030863666371124,0.01000267851191598,0.4657534246575342,0.3108108108108108,5.383561643835616,5.391891891891892,1.3333333333333333,2.5384615384615383,0.3333333333333333,0.3333333333333333,0.1645709164440632,0.4
2023,2,James Madison Dukes,0.22208448708988726,0.11695935564526057,0.484375,0.3898305084745763,6.53125,7.305084745762712,1.9333333333333333,2.5,0.75,1.0,0.11773076501427865,0.2857142857142857
2023,2,Kansas Jayhawks,0.194747137597629,0.22278318611475137,0.5142857142857142,0.5192307692307693,7.8428571428571425,6.884615384615385,3.090909090909091,1.3636363636363635,0.8,1.0,0.10072381658987566,0.5714285714285714
2023,2,Kansas State Wildcats,0.10488221351651178,-0.2211367989128286,0.463768115942029,0.25757575757575757,5.594202898550725,4.333333333333333,3.230769230769231,0.9285714285714286,1.0,0.0,0.026465387777848678,0.5714285714285714
2023,2,Kent State Golden Flashes,-0.4140081210569902,0.16672856448327794,0.32727272727272727,0.5,4.636363636363637,5.294117647058823,0.5,1.9090909090909092,0.0,1.0,-0.387447422459012,0.3333333333333333
2023,2,Kentucky Wildcats,0.2032214110180483,-0.1706279917196794,0.4745762711864407,0.38181818181818183,6.067796610169491,5.490909090909091,2.5454545454545454,1.3076923076923077,0.6,0.6666666666666666,0.3388510523958409,0.36363636363636365
2023,2,LSU Tigers,0.5549952196486202,0.091472759274608,0.6419753086419753,0.3559322033898305,7.728395061728395,6.254237288135593,6.363636363636363,0.9090909090909091,1.0,0.3333333333333333,0.41252682637423277,0.6428571428571429
2023,2,Lafayette Leopards,-0.16350166762576385,0.4222786156460643,0.3137254901960784,0.640625,4.176470588235294,7.96875,0.7777777777777778,4.666666666666667,1.0,0.7142857142857143,-0.24601969044459493,0.36363636363636365
2023,2,Lamar Cardinals,0.14101429161478263,0.0640602519766229,0.4262295081967213,0.4098360655737705,5.0,6.327868852459017,0.0,0.5384615384615384,0.3333333333333333,0.3333333333333333,-0.10498217019167813,0.4375
2023,2,Liberty Flames,0.25555539976906133,0.21646919225653014,0.5675675675675675,0.5208333333333334,7.121621621621622,6.958333333333333,2.1666666666666665,0.7142857142857143,0.4,0.4,0.1462211105667177,0.6923076923076923
2023,2,Louisiana Ragin' Cajuns,0.213751884471429,0.24188614453909532,0.6052631578947368,0.5849056603773585,6.065789473684211,7.433962264150943,2.5833333333333335,3.4545454545454546,0.6,1.0,0.101674954517413,0.42857142857142855
2023,2,Louisiana Tech Bulldogs,0.06708260309898247,-0.20817981931296262,0.3898305084745763,0.35064935064935066,7.728813559322034,4.8441558441558445,2.0952380952380953,1.3125,0.25,1.0,0.18697140191463715,0.25
2023,2,Louisville Cardinals,0.4046693101133171,-0.3839141588520121,0.6052631578947368,0.3148148148148148,8.960526315789474,3.074074074074074,3.7333333333333334,0.0,1.0,,0.31141418098442014,0.4
2023,2,Marshall Thundering Herd,0.008097571786493063,-0.270222280831898,0.359375,0.3382352941176471,6.21875,3.9558823529411766,2.2142857142857144,0.9285714285714286,0.5,0.3333333333333333,-0.15677264966863266,0.4
2023,2,Maryland Terrapins,0.2703987455022508,-0.14172039484536206,0.5652173913043478,0.42592592592592593,7.826086956521739,5.814814814814815,3.1666666666666665,1.3,0.4,1.0,0.15416203052909286,0.5
2023,2,Massachusetts Minutemen,-0.24336104048416018,-0.005594475993088314,0.375,0.4107142857142857,4.375,8.660714285714286,0.9333333333333333,2.4285714285714284,0.5,0.5,-0.09327863612953498,0.35714285714285715
2023,2,McNeese Cowboys,-0.17440754696726798,0.35421945011779055,0.25,0.6712328767123288,2.8,7.63013698630137,0.7,4.6,1.0,1.0,-0.02512521271047921,0.2
2023,2,Memphis Tigers,0.11681554913520813,-0.45893027082733484,0.45714285714285713,0.3333333333333333,5.542857142857143,3.8260869565217392,2.3076923076923075,0.2,0.75,0.0,0.10212943717545155,0.25
2023,2,Miami (OH) RedHawks,-0.005594475993088314,-0.24336104048416018,0.4107142857142857,0.375,8.660714285714286,4.375,2.4285714285714284,0.9333333333333333,0.5,0.5,0.037656171868244805,0.25
2023,2,Miami Hurricanes,0.4303781114242695,0.05236075947314133,0.4444444444444444,0.3950617283950617,8.351851851851851,5.851851851851852,3.6923076923076925,2.357142857142857,0.75,0.5714285714285714,0.3842020789782206,0.2222222222222222
2023,2,Michigan State Spartans,0.038483577966690066,-0.1861431689725982,0.5166666666666667,0.3888888888888889,8.533333333333333,3.574074074074074,2.3684210526315788,0.5384615384615384,1.0,0.5,0.05137061839010201,0.5555555555555556
2023,2,Michigan Wolverines,0.2126710146665573,-0.2711817807795709,0.45,0.3684210526315789,7.966666666666667,3.982456140350877,3.1818181818181817,0.6363636363636364,0.8,1.0,0.22242668461292348,0.5833333333333334
2023,2,Middle Tennessee Blue Raiders,-0.050825223326683044,0.1142218855560803,0.35384615384615387,0.4918032786885246,4.615384615384615,5.295081967213115,1.4,2.9,0.6666666666666666,0.6666666666666666,-0.36467125165191566,0.4444444444444444
2023,2,Minnesota Golden Gophers,0.013218656392164633,-0.19565172812768392,0.5211267605633803,0.38095238095238093,5.816901408450704,3.619047619047619,3.0,0.6666666666666666,0.3333333333333333,0.0,0.06025700820119757,0.5833333333333334
2023,2,Mississippi State Bulldogs,0.04482349638755505,0.033269909875733514,0.46153846153846156,0.5142857142857142,5.153846153846154,5.942857142857143,2.3846153846153846,2.0,0.4,0.6,0.22966965287923813,0.1
2023,2,Missouri Tigers,0.1142218855560803,-0.050825223326683044,0.4918032786885246,0.35384615384615387,5.295081967213115,4.615384615384615,2.9,1.4,0.6666666666666666,0.6666666666666666,0.03229862086626948,0.4166666666666667
2023,2,Morgan State Bears,-0.6769391233101487,-0.7775564949179805,0.171875,0.20930232558139536,4.390625,3.627906976744186,1.75,0.8333333333333334,1.0,0.0,-0.4445352256298065,0.14285714285714285
2023,2,Murray State Racers,-0.3839141588520121,0.4046693101133171,0.3148148148148148,0.6052631578947368,3.074074074074074,8.960526315789474,0.0,3.7333333333333334,,1.0,-0.467811345289915,0.21428571428571427
2023,2,NC State Wolfpack,-0.1080323963975295,0.11669934308919751,0.34615384615384615,0.4098360655737705,4.666666666666667,7.475409836065574,1.5,2.8125,0.6666666666666666,1.0,-0.1285609209845806,0.3684210526315789
2023,2,Navy Midshipmen,0.08289975660746216,-0.25683589348426233,0.4098360655737705,0.3230769230769231,6.622950819672131,3.4615384615384617,1.8461538461538463,0.0,0.5,0.0,0.2874805141002574,0.3076923076923077
2023,2,Nebraska Cornhuskers,-0.23142278242495753,0.1309308450515956,0.3548387096774194,0.4657534246575342,5.548387096774194,6.219178082191781,1.0769230769230769,2.769230769230769,1.0,0.5,-0.19602630239851931,0.23076923076923078
2023,2,New Hampshire Wildcats,0.3316559787049438,0.2180032964576693,0.45454545454545453,0.4264705882352941,8.409090909090908,6.882352941176471,2.8,2.8125,1.0,1.0,0.4221960514783859,0.35714285714285715
2023,2,New Mexico Lobos,0.5367410922387861,-0.24521124074100584,0.5094339622641509,0.4057971014492754,10.50943396226415,4.101449275362318,4.3076923076923075,0.7692307692307693,1.0,0.3333333333333333,0.32645317713419597,0.5
2023,2,New Mexico State Aggies,0.21646919225653014,0.25555539976906133,0.5208333333333334,0.5675675675675675,6.958333333333333,7.121621621621622,0.7142857142857143,2.1666666666666665,0.4,0.4,0.011277704625516324,0.5
2023,2,Nicholls Colonels,-0.45426022492606066,-0.5834716409444809,0.27586206896551724,0.23076923076923078,2.3793103448275863,7.0,0.4,2.75,0.0,0.5,-0.15792249143123627,0.2857142857142857
2023,2,North Carolina Tar Heels,0.523350983777124,0.22983685247600077,0.5942028985507246,0.45,7.521739130434782,6.075,3.3333333333333335,3.4,0.3333333333333333,0.75,0.36820986470276557,0.5833333333333334
2023,2,North Texas Mean Green,-0.16462631664070926,0.06933071513970693,0.3442622950819672,0.4,5.655737704918033,8.022222222222222,2.2941176470588234,3.7333333333333334,0.8,0.6666666666666666,-0.4317747588786814,0.16666666666666666
2023,2,Northern Illinois Huskies,-0.031571483528110345,-0.1246992223792606,0.4225352112676056,0.4,5.352112676056338,4.888888888888889,0.8461538461538461,1.0769230769230769,0.0,1.0,-0.08998105647387328,0.5
2023,2,Northwestern State Demons,-0.20817981931296262,0.06708260309898247,0.35064935064935066,0.3898305084745763,4.8441558441558445,7.728813559322034,1.3125,2.0952380952380953,1.0,0.25,-0.1208900688537236,0.23529411764705882
2023,2,Northwestern Wildcats,0.28501081327765676,-0.10221148087428167,0.4915254237288136,0.4153846153846154,6.88135593220339,4.907692307692308,3.1666666666666665,0.6363636363636364,1.0,0.5,0.10401757946237922,0.36363636363636365
2023,2,Notre Dame Fighting Irish,0.11669934308919751,-0.1080323963975295,0.4098360655737705,0.34615384615384615,7.475409836065574,4.666666666666667,2.8125,1.5,1.0,0.6666666666666666,0.1450059562921524,0.14285714285714285
2023,2,Ohio Bobcats,-0.18698855116963387,-0.35020317522616223,0.4722222222222222,0.3448275862068966,5.861111111111111,3.7758620689655173,1.4166666666666667,0.25,1.0,0.0,-0.0019580567521708353,0.3333333333333333
2023,2,Ohio State Buckeyes,0.42830085108677546,-0.10078527882956621,0.5333333333333333,0.3684210526315789,8.35,4.543859649122807,3.5,0.7,0.5,1.0,0.21536474426587424,0.4166666666666667
2023,2,Oklahoma Sooners,0.433073059205086,-0.5609927773475647,0.4838709677419355,0.19230769230769232,6.870967741935484,3.519230769230769,3.5,0.2727272727272727,0.5,0.5,0.38629236129614025,0.5
2023,2,Oklahoma State Cowboys,0.06528197526931763,-0.22272467709356739,0.5,0.3387096774193548,5.15,4.806451612903226,1.6666666666666667,0.5833333333333334,0.75,1.0,0.11344577778469432,0.375
2023,2,Old Dominion Monarchs,0.24188614453909532,0.213751884471429,0.5849056603773585,0.6052631578947368,7.433962264150943,6.065789473684211,3.4545454545454546,2.5833333333333335,1.0,0.6,0.29572033172562007,0.3333333333333333
2023,2,Ole Miss Rebels,0.12155094093853427,-0.2835756803828257,0.41935483870967744,0.2962962962962963,6.17741935483871,5.061728395061729,2.3076923076923075,1.4285714285714286,0.3333333333333333,0.5,0.2278053426872129,0.07692307692307693
2023,2,Oregon Ducks,0.17298648848726944,0.03387174031564168,0.5135135135135135,0.4857142857142857,6.351351351351352,7.1571428571428575,2.8181818181818183,2.5384615384615383,0.3333333333333333,0.6,0.12681294191967357,0.5
2023,2,Oregon State Beavers,0.24772117860981677,-0.1639923842276557,0.5737704918032787,0.3559322033898305,7.442622950819672,2.864406779661017,4.0,0.5384615384615384,0.8,1.0,0.2624591431196998,0.3
2023,2,Penn State Nittany Lions,0.30386999050776164,-0.4393419416155666,0.6222222222222222,0.2,5.677777777777778,4.2,4.3076923076923075,0.5833333333333334,1.0,,0.18981671830018362,0.4666666666666667
2023,2,Pittsburgh Panthers,-0.22013643383979797,0.07136776620772348,0.2542372881355932,0.3880597014925373,3.9491525423728815,5.791044776119403,1.75,2.076923076923077,1.0,0.6666666666666666,-0.34993010412815007,0.15384615384615385
2023,2,Portland State Vikings,-0.048184061823766444,0.06501054032793585,0.4177215189873418,0.49056603773584906,4.3544303797468356,7.0,0.9090909090909091,2.5833333333333335,0.6666666666666666,1.0,-0.2275147800121391,0.45
2023,2,Purdue Boilermakers,0.03488075046183227,-0.2111093289539462,0.42857142857142855,0.3442622950819672,5.6103896103896105,4.934426229508197,1.7142857142857142,1.3076923076923077,1.0,0.5,0.06637539577980836,0.4375
2023,2,Rice Owls,0.4132427411314882,0.09285607408074771,0.48148148148148145,0.4588235294117647,7.395061728395062,5.094117647058823,4.588235294117647,2.9285714285714284,0.6666666666666666,0.8571428571428571,-0.019200340394050844,0.5
2023,2,Richmond Spiders,-0.1861431689725982,0.038483577966690066,0.3888888888888889,0.5166666666666667,3.574074074074074,8.533333333333333,0.5384615384615384,2.3684210526315788,0.5,1.0,-0.056709598377346994,0.0
2023,2,Rutgers Scarlet Knights,0.09722445863816473,-0.19202518863885693,0.5138888888888888,0.3484848484848485,6.263888888888889,4.515151515151516,2.5714285714285716,0.5833333333333334,0.75,0.3333333333333333,0.06638185967478835,0.4666666666666667
2023,2,SE Louisiana Lions,0.09733950082332857,0.4436471209418578,0.46774193548387094,0.5245901639344263,6.870967741935484,8.639344262295081,1.7,3.5,0.5,1.0,0.1387825403727737,0.45454545454545453
2023,2,SMU Mustangs,-0.5609927773475647,0.433073059205086,0.19230769230769232,0.4838709677419355,3.519230769230769,6.870967741935484,0.2727272727272727,3.5,0.5,0.5,-0.5597017713718944,0.36363636363636365
2023,2,Sam Houston Bearkats,-0.418136671862819,-0.10885457694530487,0.29545454545454547,0.4166666666666667,1.8181818181818181,4.316666666666666,0.3333333333333333,1.1818181818181819,,1.0,-0.3100110838810603,0.23076923076923078
2023,2,San Diego State Aztecs,-0.30809389681055926,0.3659767713962179,0.36231884057971014,0.5909090909090909,4.2898550724637685,8.454545454545455,0.7692307692307693,2.5,0.0,0.6666666666666666,-0.13837117856403566,0.3333333333333333
2023,2,San José State Spartans,0.31922065340555633,-0.17637940247853598,0.5230769230769231,0.3508771929824561,7.276923076923077,2.9649122807017543,4.0,0.25,0.8,0.0,0.3110810873600153,0.45454545454545453
2023,2,South Alabama Jaguars,0.4436471209418578,0.09733950082332857,0.5245901639344263,0.46774193548387094,8.639344262295081,6.870967741935484,3.5,1.7,1.0,0.5,0.21415691680096566,0.36363636363636365
2023,2,South Carolina Gamecocks,0.34269807526939794,0.008499388583004475,0.5131578947368421,0.40625,8.236842105263158,5.15625,3.1333333333333333,1.2352941176470589,1.0,1.0,0.22881668309370676,0.4666666666666667
2023,2,South Carolina State Bulldogs,-0.06263477746712959,0.24222379556069007,0.4406779661016949,0.49230769230769234,4.898305084745763,8.584615384615384,1.0833333333333333,4.769230769230769,1.0,0.6666666666666666,-0.0860553401154141,0.4
2023,2,South Florida Bulls,-0.03373833606019616,-0.04056132563522884,0.2875,0.35714285714285715,4.5,5.3428571428571425,2.375,1.1333333333333333,0.8,0.5,-0.17820109204764953,0.3684210526315789
2023,2,Southern Illinois Salukis,-0.1246992223792606,-0.031571483528110345,0.4,0.4225352112676056,4.888888888888889,5.352112676056338,1.0769230769230769,0.8461538461538461,1.0,0.0,0.1524318209716252,0.1
2023,2,Southern Miss Golden Eagles,-0.1607968304907122,0.39399690774903784,0.3387096774193548,0.43478260869565216,4.483870967741935,8.028985507246377,1.0,4.916666666666667,0.5,0.8333333333333334,-0.03981586887190739,0.23076923076923078
2023,2,Southern Utah Thunderbirds,0.13412677059913503,0.28987599594088703,0.3793103448275862,0.4807692307692308,5.982758620689655,8.038461538461538,1.0666666666666667,2.125,0.5,1.0,-0.08117112730230604,0.4375
2023,2,Stanford Cardinal,-0.06984906930189866,0.4482241179794073,0.38461538461538464,0.609375,5.153846153846154,9.078125,1.0666666666666667,3.5714285714285716,0.25,1.0,0.07967962209994976,0.16666666666666666
2023,2,Syracuse Orange,0.20652078257666695,-0.373956635594368,0.4074074074074074,0.28125,6.925925925925926,8.5625,3.4166666666666665,0.5384615384615384,0.6666666666666666,0.0,0.2851758599281311,0.3333333333333333
2023,2,TCU Horned Frogs,-0.5834716409444809,-0.45426022492606066,0.23076923076923078,0.27586206896551724,7.0,2.3793103448275863,2.75,0.4,0.5,0.0,-0.5712540761420601,0.2
2023,2,Temple Owls,-0.19202518863885693,0.09722445863816473,0.3484848484848485,0.5138888888888888,4.515151515151516,6.263888888888889,0.5833333333333334,2.5714285714285716,0.3333333333333333,0.75,-0.28135134706584114,0.3333333333333333
2023,2,Tennessee Tech Golden Eagles,-0.24521124074100584,0.5367410922387861,0.4057971014492754,0.5094339622641509,4.101449275362318,10.50943396226415,0.7692307692307693,4.3076923076923075,0.3333333333333333,1.0,-0.3217150261077811,0.4375
2023,2,Tennessee Volunteers,-0.02566912265924307,-0.10982681649762231,0.4461538461538462,0.36486486486486486,7.061538461538461,5.162162162162162,1.875,0.8666666666666667,0.3333333333333333,0.0,0.1478614514949275,0.15384615384615385
2023,2,Texas A&M Aggies,0.05236075947314133,0.4303781114242695,0.3950617283950617,0.4444444444444444,5.851851851851852,8.351851851851851,2.357142857142857,3.6923076923076925,0.5714285714285714,0.75,-0.0850540633002917,0.3888888888888889
2023,2,Texas Longhorns,0.12378772046114947,-0.006371295019503563,0.36486486486486486,0.41935483870967744,6.054054054054054,6.612903225806452,2.8333333333333335,1.3333333333333333,0.5,0.5,0.15350717306137085,0.4117647058823529
2023,2,Texas Southern Tigers,-0.15695344333847364,0.4428955970538987,0.4166666666666667,0.5833333333333334,3.783333333333333,8.0,0.25,5.916666666666667,0.0,0.9,-0.14343717298945602,0.2727272727272727
2023,2,Texas State Bobcats,-0.2108700049334559,-0.049488335505299186,0.3620689655172414,0.39080459770114945,4.310344827586207,4.057471264367816,1.1818181818181819,1.6666666666666667,0.5,1.0,-0.12076380990800403,0.21428571428571427
2023,2,Texas Tech Red Raiders,0.03387174031564168,0.17298648848726944,0.4857142857142857,0.5135135135135135,7.1571428571428575,6.351351351351352,2.5384615384615383,2.8181818181818183,0.6,0.3333333333333333,-0.1436675816242184,0.5
2023,2,Toledo Rockets,0.4428955970538987,-0.15695344333847364,0.5833333333333334,0.4166666666666667,8.0,3.783333333333333,5.916666666666667,0.25,0.9,0.0,0.25771095811343586,0.7272727272727273
2023,2,Troy Trojans,-0.2211367989128286,0.10488221351651178,0.25757575757575757,0.463768115942029,4.333333333333333,5.594202898550725,0.9285714285714286,3.230769230769231,0.0,1.0,-0.24207362986129263,0.29411764705882354
2023,2,Tulane Green Wave,-0.2835756803828257,0.12155094093853427,0.2962962962962963,0.41935483870967744,5.061728395061729,6.17741935483871,1.4285714285714286,2.3076923076923075,0.5,0.3333333333333333,-0.3670116141438484,0.38095238095238093
2023,2,Tulsa Golden Hurricane,-0.043563085794448855,0.3481955595554844,0.42857142857142855,0.6290322580645161,4.5,9.419354838709678,0.9090909090909091,4.3,0.5,0.8571428571428571,-0.0827560400476261,0.4117647058823529
2023,2,UAB Blazers,0.29412214841161455,0.20167250085089888,0.5142857142857142,0.5571428571428572,6.828571428571428,6.5,2.6923076923076925,4.083333333333333,0.8333333333333334,0.5714285714285714,0.21194882392883302,0.46153846153846156
2023,2,UAlbany Great Danes,-0.3843709363630324,-0.2022351134721547,0.3484848484848485,0.3287671232876712,3.409090909090909,5.534246575342466,0.9285714285714286,2.066666666666667,0.0,0.5,-0.3958172944063942,0.375
2023,2,UC Davis Aggies,-0.1639923842276557,0.24772117860981677,0.3559322033898305,0.5737704918032787,2.864406779661017,7.442622950819672,0.5384615384615384,4.0,1.0,0.8,-0.18358907984061676,0.2857142857142857
2023,2,UCF Knights,-0.17896289012648842,0.10476839388238973,0.38181818181818183,0.4827586206896552,7.945454545454545,5.586206896551724,1.2,1.9,0.2,1.0,-0.14313130494621065,0.4444444444444444
2023,2,UCLA Bruins,0.3659767713962179,-0.30809389681055926,0.5909090909090909,0.36231884057971014,8.454545454545455,4.2898550724637685,2.5,0.7692307692307693,0.6666666666666666,0.0,0.32064183635844123,0.36363636363636365
2023,2,UConn Huskies,-0.06895220236501833,0.023216494066374643,0.34782608695652173,0.37142857142857144,4.739130434782608,5.642857142857143,1.0769230769230769,2.6923076923076925,1.0,0.75,-0.3055659908056259,0.5555555555555556
2023,2,UL Monroe Warhawks,0.0640602519766229,0.14101429161478263,0.4098360655737705,0.4262295081967213,6.327868852459017,5.0,0.5384615384615384,0.0,0.3333333333333333,0.3333333333333333,0.12264386263299495,0.46153846153846156
2023,2,UNLV Rebels,-0.2711817807795709,0.2126710146665573,0.3684210526315789,0.45,3.982456140350877,7.966666666666667,0.6363636363636364,3.1818181818181817,1.0,0.8,-0.003240777977875301,0.25
2023,2,USC Trojans,0.4482241179794073,-0.06984906930189866,0.609375,0.38461538461538464,9.078125,5.153846153846154,3.5714285714285716,1.0666666666666667,1.0,0.25,0.49877519390799785,0.2222222222222222
2023,2,UTEP Miners,-0.10221148087428167,0.28501081327765676,0.4153846153846154,0.4915254237288136,4.907692307692308,6.88135593220339,0.6363636363636364,3.1666666666666665,0.5,1.0,0.01914579284434416,0.25
2023,2,UTSA Roadrunners,-0.049488335505299186,-0.2108700049334559,0.39080459770114945,0.3620689655172414,4.057471264367816,4.310344827586207,1.6666666666666667,1.1818181818181819,1.0,0.5,-0.24427269864827394,0.6
2023,2,Utah State Aggies,0.48824607634889905,0.008767413293443075,0.6231884057971014,0.45121951219512196,8.565217391304348,6.463414634146342,4.642857142857143,1.8666666666666667,0.8333333333333334,1.0,0.5174864164569921,0.5
2023,2,Utah Utes,0.03665273932561482,-0.08497687494545653,0.4383561643835616,0.42105263157894735,5.068493150684931,6.0,1.8181818181818181,1.1818181818181819,0.6666666666666666,0.3333333333333333,0.0775213489929835,0.3888888888888889
2023,2,Vanderbilt Commodores,-0.08202939969487488,0.17124499018127853,0.46875,0.5,7.09375,6.54054054054054,1.6666666666666667,2.6363636363636362,0.6666666666666666,0.4,0.3371075897788008,0.5
2023,2,Virginia Cavaliers,0.11695935564526057,0.22208448708988726,0.3898305084745763,0.484375,7.305084745762712,6.53125,2.5,1.9333333333333333,1.0,0.75,0.29476165906949475,0.3076923076923077
2023,2,Virginia Tech Hokies,-0.2111093289539462,0.03488075046183227,0.3442622950819672,0.42857142857142855,4.934426229508197,5.6103896103896105,1.3076923076923077,1.7142857142857142,0.5,1.0,-0.16514711113686256,0.16666666666666666
2023,2,Wagner Seahawks,-0.25683589348426233,0.08289975660746216,0.3230769230769231,0.4098360655737705,3.4615384615384617,6.622950819672131,0.0,1.8461538461538463,0.0,0.5,-0.3732767668755158,0.35294117647058826
2023,2,Wake Forest Demon Deacons,0.17124499018127853,-0.08202939969487488,0.5,0.46875,6.54054054054054,7.09375,2.6363636363636362,1.6666666666666667,0.4,0.6666666666666666,0.027470960455425714,0.5333333333333333
2023,2,Washington Huskies,0.3481955595554844,-0.043563085794448855,0.6290322580645161,0.42857142857142855,9.419354838709678,4.5,4.3,0.9090909090909091,0.8571428571428571,0.5,0.2960113485654195,0.5714285714285714
2023,2,Washington State Cougars,0.0901747655410033,-0.11335124399351038,0.47692307692307695,0.43478260869565216,5.092307692307692,5.492753623188406,1.8461538461538463,1.8333333333333333,1.0,0.5,0.03956424397356967,0.4117647058823529
2023,2,West Virginia Mountaineers,0.3364398704841733,-0.2046036201218764,0.5125,0.26666666666666666,7.725,3.9,4.0,1.1333333333333333,0.8333333333333334,0.5,0.30950902762912935,0.38461538461538464
2023,2,Western Kentucky Hilltoppers,0.27652920171862744,0.2574136562405094,0.5081967213114754,0.532258064516129,7.573770491803279,7.016129032258065,4.090909090909091,1.25,0.8,1.0,0.2189214527606964,0.4
2023,2,Western Michigan Broncos,-0.373956635594368,0.20652078257666695,0.28125,0.4074074074074074,8.5625,6.925925925925926,0.5384615384615384,3.4166666666666665,0.0,0.6666666666666666,0.15378572195768356,0.25
2023,2,Wisconsin Badgers,-0.11335124399351038,0.0901747655410033,0.43478260869565216,0.47692307692307695,5.492753623188406,5.092307692307692,1.8333333333333333,1.8461538461538463,0.5,1.0,0.03999938236342536,0.42857142857142855
2023,2,Wyoming Cowboys,0.06501054032793585,-0.048184061823766444,0.49056603773584906,0.4177215189873418,7.0,4.3544303797468356,2.5833333333333335,0.9090909090909091,1.0,0.6666666666666666,-0.06725009083747864,0.25
2023,2,Youngstown State Penguins,-0.10078527882956621,0.42830085108677546,0.3684210526315789,0.5333333333333333,4.543859649122807,8.35,0.7,3.5,1.0,0.5,-0.1910804544643658,0.4
2023,3,Air Force Falcons,0.2806476310772054,0.01372481111822457,0.6470588235294118,0.41379310344827586,6.161764705882353,5.5,2.5833333333333335,1.75,0.8333333333333334,1.0,0.22824473844634163,0.46153846153846156
2023,3,Akron Zips,-0.13011361612723424,0.30995923032363254,0.4153846153846154,0.4583333333333333,3.6923076923076925,9.375,0.2727272727272727,3.5,0.0,1.0,0.006503714894761844,0.4
2023,3,Alabama Crimson Tide,-0.07989816214316166,-0.3902456563066792,0.4,0.2702702702702703,4.769230769230769,3.5675675675675675,1.4166666666666667,0.23076923076923078,0.6666666666666666,,0.08281852573156356,0.26666666666666666
2023,3,Appalachian State Mountaineers,0.08961046763828823,-0.12015578459049094,0.44285714285714284,0.3620689655172414,8.014285714285714,5.172413793103448,2.5294117647058822,1.0,0.6,1.0,0.15024356544017792,0.46153846153846156
2023,3,Arizona State Sun Devils,-0.41419444138568545,-0.02909325696527958,0.3333333333333333,0.425,3.6984126984126986,4.65,0.0,2.230769230769231,0.0,0.14285714285714285,-0.25187683029442415,0.38461538461538464
2023,3,Arizona Wildcats,0.26886202731440145,-0.12617583233013488,0.5806451612903226,0.3508771929824561,8.709677419354838,5.5964912280701755,2.3846153846153846,0.2727272727272727,0.8,0.0,0.2653634020915398,0.5
2023,3,Arkansas Razorbacks,0.018739132440253478,-0.08937349276883262,0.410958904109589,0.30357142857142855,5.780821917808219,5.089285714285714,0.85,1.411764705882353,0.5,0.75,0.11758783613813334,0.15384615384615385
2023,3,Arkansas State Red Wolves,0.20170480531194937,-0.05369571217747986,0.4492753623188406,0.3770491803278688,6.811594202898551,4.852459016393443,1.7142857142857142,0.0,0.75,0.2,0.18266941331051015,0.42857142857142855
2023,3,Army Black Knights,0.20459674096401828,0.3388432097070071,0.43209876543209874,0.5306122448979592,5.506172839506172,7.346938775510204,3.7,2.2,0.6,1.0,0.029721770503304223,0.4
2023,3,Auburn Tigers,0.208540437283454,-0.20441534235829212,0.5584415584415584,0.29508196721311475,7.35064935064935,3.5737704918032787,3.75,1.0,0.5714285714285714,1.0,0.24900754193464916,0.42857142857142855
2023,3,BYU Cougars,-0.08937349276883262,0.018739132440253478,0.30357142857142855,0.410958904109589,5.089285714285714,5.780821917808219,1.411764705882353,0.85,0.75,0.5,-0.03463989357615626,0.3076923076923077
2023,3,Ball State Cardinals,0.20334610388829158,-0.28441550146858646,0.5230769230769231,0.2641509433962264,6.938461538461539,6.679245283018868,3.1666666666666665,0.5833333333333334,0.8,0.0,0.21575078257807978,0.36363636363636365
2023,3,Baylor Bears,0.1640698254108429,-0.08023282123166461,0.4666666666666667,0.3488372093023256,5.453333333333333,5.046511627906977,2.8,0.7777777777777778,1.0,1.0,-0.0009047177704897794,0.35714285714285715
2023,3,Bethune-Cookman Wildcats,-0.18302187380259452,0.44149104306395626,0.3695652173913043,0.676056338028169,3.652173913043478,8.028169014084508,0.7,4.363636363636363,1.0,0.8333333333333334,-0.14276146696824016,0.3333333333333333
2023,3,Boise State Broncos,0.008401227086337644,-0.18920509186055925,0.44776119402985076,0.4126984126984127,5.925373134328358,2.5873015873015874,2.8,1.2,0.8,1.0,-0.19386470823917748,0.5714285714285714
2023,3,Boston College Eagles,0.21612520347038905,0.16012907871290258,0.4,0.49122807017543857,6.093333333333334,7.140350877192983,2.090909090909091,1.8461538461538463,0.5,0.8,-0.10618563054823409,0.42105263157894735
2023,3,Bowling Green Falcons,-0.20254735946655272,0.005962306676908981,0.3090909090909091,0.5116279069767442,3.581818181818182,7.3023255813953485,0.46153846153846156,2.2142857142857144,0.0,0.6666666666666666,-0.2463849506727079,0.35714285714285715
2023,3,Buffalo Bulls,0.05409253450000987,0.24577420161050909,0.4117647058823529,0.4264705882352941,4.682352941176471,8.426470588235293,1.3125,3.235294117647059,1.0,0.6666666666666666,0.16914567976228653,0.2222222222222222
2023,3,California Golden Bears,0.17679663973324228,-0.07678848861352257,0.4696969696969697,0.4492753623188406,5.893939393939394,5.521739130434782,2.5833333333333335,1.4166666666666667,0.6666666666666666,0.6666666666666666,0.18161718304059943,0.35714285714285715
2023,3,Central Connecticut Blue Devils,-0.40431664139032364,0.05603024022919791,0.2692307692307692,0.4714285714285714,4.0,7.214285714285714,0.7692307692307693,2.7142857142857144,0.5,0.6666666666666666,-0.43694976697096954,0.21428571428571427
2023,3,Central Michigan Chippewas,0.020117553337565007,0.3543782439082861,0.39622641509433965,0.5,5.056603773584905,10.0,1.5454545454545454,3.4166666666666665,0.5,0.75,0.08287019378099686,0.15384615384615385
2023,3,Charlotte 49ers,-0.06810848088935018,0.3388499906834434,0.359375,0.4117647058823529,6.03125,8.514705882352942,1.6363636363636365,2.9285714285714284,0.3333333333333333,0.6666666666666666,0.006064625626260584,0.14285714285714285
2023,3,Cincinnati Bearcats,0.10654972125554368,0.022028631490209827,0.5,0.3695652173913043,6.035714285714286,7.282608695652174,2.1818181818181817,2.1818181818181817,0.2857142857142857,0.6666666666666666,0.08370919887032081,0.4
2023,3,Clemson Tigers,0.16981571122552408,-0.25521652127911404,0.4393939393939394,0.35365853658536583,5.9393939393939394,4.597560975609756,2.9285714285714284,0.9333333333333333,0.7142857142857143,0.3333333333333333,0.17308723842197993,0.4166666666666667
2023,3,Coastal Carolina Chanticleers,0.4120133103064771,-0.1824150818490213,0.5660377358490566,0.3709677419354839,9.641509433962264,7.693548387096774,5.777777777777778,0.5384615384615384,0.75,0.5,0.3763702484694394,0.625
2023,3,Colorado Buffaloes,0.12037202798657948,-0.005504309959795283,0.5,0.47126436781609193,6.458333333333333,6.310344827586207,2.1176470588235294,1.75,0.5,0.4,0.1047333832514488,0.23076923076923078
2023,3,Colorado State Rams,-0.005504309959795283,0.12037202798657948,0.47126436781609193,0.5,6.310344827586207,6.458333333333333,1.75,2.1176470588235294,0.4,0.5,-0.0714061926260139,0.45
2023,3,Duke Blue Devils,0.2911403086678735,-0.048702132550702576,0.5689655172413793,0.43478260869565216,8.086206896551724,3.869565217391304,3.8,1.5555555555555556,0.8,0.6666666666666666,0.3348709524919589,0.4444444444444444
2023,3,Duquesne Dukes,-0.1824150818490213,0.4120133103064771,0.3709677419354839,0.5660377358490566,7.693548387096774,9.641509433962264,0.5384615384615384,5.777777777777778,0.5,0.75,-0.28641880097541406,0.3076923076923077
2023,3,East Carolina Pirates,-0.12015578459049094,0.08961046763828823,0.3620689655172414,0.44285714285714284,5.172413793103448,8.014285714285714,1.0,2.5294117647058822,1.0,0.6,0.002951614558696747,0.3333333333333333
2023,3,Eastern Michigan Eagles,-0.10361386120927576,-0.045098368380520795,0.3877551020408163,0.3918918918918919,7.0,6.621621621621622,1.3571428571428572,0.7142857142857143,0.0,0.6666666666666666,0.0487800331131832,0.25
2023,3,Florida Atlantic Owls,-0.25521652127911404,0.16981571122552408,0.35365853658536583,0.4393939393939394,4.597560975609756,5.9393939393939394,0.9333333333333333,2.9285714285714284,0.3333333333333333,0.7142857142857143,-0.2183823153132298,0.3333333333333333
2023,3,Florida Gators,0.191300300232163,-0.012351072393357754,0.42424242424242425,0.390625,5.303030303030303,6.296875,2.6363636363636362,0.9090909090909091,0.75,0.6666666666666666,0.12715963781902603,0.42857142857142855
2023,3,Florida International Panthers,0.01620226261908548,-0.16642834288733346,0.42105263157894735,0.35714285714285715,6.333333333333333,4.057142857142857,1.6,1.2142857142857142,0.3333333333333333,0.3333333333333333,0.06796032325787978,0.15384615384615385
2023,3,Florida State Seminoles,0.16012907871290258,0.21612520347038905,0.49122807017543857,0.4,7.140350877192983,6.093333333333334,1.8461538461538463,2.090909090909091,0.8,0.5,0.14041431858501535,0.2222222222222222
2023,3,Fresno State Bulldogs,-0.02909325696527958,-0.41419444138568545,0.425,0.3333333333333333,4.65,3.6984126984126986,2.230769230769231,0.0,0.14285714285714285,0.0,-0.053341021791833344,0.3888888888888889
2023,3,Georgia Bulldogs,0.18107541369927393,-0.03837475848609004,0.5714285714285714,0.3793103448275862,5.766233766233766,5.327586206896552,1.5454545454545454,1.2727272727272727,0.5,1.0,0.21568611557366418,0.35714285714285715
2023,3,Georgia Southern Eagles,-0.1279397788338172,0.11936464927334717,0.48717948717948717,0.5217391304347826,5.794871794871795,6.536231884057971,0.5,2.5,0.6666666666666666,1.0,-0.07364608024557431,0.5294117647058824
2023,3,Georgia State Panthers,0.3388499906834434,-0.06810848088935018,0.4117647058823529,0.359375,8.514705882352942,6.03125,2.9285714285714284,1.6363636363636365,0.6666666666666666,0.3333333333333333,0.09675934690016287,0.5
2023,3,Hawai'i Rainbow Warriors,-0.22520975200902849,0.3995664755348116,0.38095238095238093,0.53125,3.1904761904761907,8.484375,0.9090909090909091,5.0,0.3333333333333333,0.75,-0.019425531120403954,0.14285714285714285
2023,3,Houston Cougars,-0.33359427041694767,0.1920092289989022,0.29508196721311475,0.5172413793103449,4.573770491803279,6.402298850574713,1.0,2.4,0.0,0.5,-0.20286985096477328,0.26666666666666666
2023,3,Idaho Vandals,-0.07678848861352257,0.17679663973324228,0.4492753623188406,0.4696969696969697,5.521739130434782,5.893939393939394,1.4166666666666667,2.5833333333333335,0.6666666666666666,0.6666666666666666,-0.04770013943314552,0.42857142857142855
2023,3,Illinois Fighting Illini,-0.18978655967913882,-0.043082249791998616,0.36619718309859156,0.3815789473684211,5.211267605633803,5.184210526315789,0.8666666666666667,2.0,1.0,0.6,-0.3313518394123424,0.4
2023,3,Indiana Hoosiers,-0.005513959487930673,0.29568000365111785,0.45901639344262296,0.559322033898305,5.852459016393443,7.101694915254237,1.2727272727272727,1.9090909090909092,0.5,0.5,0.061598913501138275,0.38461538461538464
2023,3,Indiana State Sycamores,-0.28441550146858646,0.20334610388829158,0.2641509433962264,0.5230769230769231,6.679245283018868,6.938461538461539,0.5833333333333334,3.1666666666666665,0.0,0.8,-0.6126326949972856,0.4
2023,3,Iowa Hawkeyes,0.14730748906731606,-0.25593477197819287,0.453125,0.2777777777777778,6.046875,4.425925925925926,3.1538461538461537,0.6666666666666666,0.8,0.0,0.21474186732218817,0.18181818181818182
2023,3,Iowa State Cyclones,-0.13566013885305284,-0.10329735730633591,0.44680851063829785,0.3484848484848485,5.76595744680851,4.136363636363637,0.4666666666666667,0.6666666666666666,0.5,0.3333333333333333,-0.2668564800705229,0.2727272727272727
2023,3,Jackson State Tigers,0.21467171476720132,0.6944649260777693,0.410958904109589,0.7230769230769231,5.52054794520548,10.984615384615385,1.9285714285714286,5.923076923076923,0.8333333333333334,1.0,-0.028397132062687062,0.4117647058823529
2023,3,James Madison Dukes,-0.15437698604599123,-0.16898163687437773,0.3709677419354839,0.359375,4.419354838709677,5.15625,1.0666666666666667,1.0,0.25,1.0,-0.19686689325000928,0.13333333333333333
2023,3,Kansas Jayhawks,0.3375751436620519,0.09796326632301013,0.6231884057971014,0.43333333333333335,6.449275362318841,4.916666666666667,2.8181818181818183,2.4,0.8,0.75,0.33880020024483665,0.5833333333333334
2023,3,Kansas State Wildcats,0.04209197628987978,0.11842824731554304,0.4383561643835616,0.42857142857142855,5.36986301369863,6.253968253968254,2.076923076923077,2.3076923076923075,0.75,0.3333333333333333,0.05125532405717032,0.29411764705882354
2023,3,Kent State Golden Flashes,0.05603024022919791,-0.40431664139032364,0.4714285714285714,0.2692307692307692,7.214285714285714,4.0,2.7142857142857144,0.7692307692307693,0.6666666666666666,0.5,0.16593263079138362,0.4375
2023,3,Kentucky Wildcats,0.30995923032363254,-0.13011361612723424,0.4583333333333333,0.4153846153846154,9.375,3.6923076923076925,3.5,0.2727272727272727,1.0,0.0,0.09233544766902924,0.375
2023,3,LSU Tigers,0.360521406915627,-0.08996489644050598,0.5789473684210527,0.3,7.302631578947368,4.02,3.727272727272727,1.4,0.75,1.0,0.20733021122628245,0.5
2023,3,Liberty Flames,0.24577420161050909,0.05409253450000987,0.4264705882352941,0.4117647058823529,8.426470588235293,4.682352941176471,3.235294117647059,1.3125,0.6666666666666666,1.0,0.322053036599789,0.23076923076923078
2023,3,Long Island University Sharks,-0.08023282123166461,0.1640698254108429,0.3488372093023256,0.4666666666666667,5.046511627906977,5.453333333333333,0.7777777777777778,2.8,1.0,1.0,0.18324758737317978,0.1111111111111111
2023,3,Louisiana Ragin' Cajuns,0.0629066787068806,-0.06829436711022552,0.5079365079365079,0.4507042253521127,8.682539682539682,6.633802816901408,2.9285714285714284,1.0714285714285714,0.6,0.5,0.14102637884663602,0.2727272727272727
2023,3,Louisiana Tech Bulldogs,0.19066975058102217,0.2596243676440469,0.5409836065573771,0.5057471264367817,6.934426229508197,6.459770114942529,2.3076923076923075,3.6363636363636362,0.6666666666666666,0.42857142857142855,0.4212141198416551,0.4
2023,3,Louisville Cardinals,0.29568000365111785,-0.005513959487930673,0.559322033898305,0.45901639344262296,7.101694915254237,5.852459016393443,1.9090909090909092,1.2727272727272727,0.5,0.5,0.2376316582902949,0.5833333333333334
2023,3,Maryland Terrapins,0.2768260328496089,-0.0735259758892344,0.47540983606557374,0.40298507462686567,7.557377049180328,5.223880597014926,3.8181818181818183,1.1666666666666667,1.0,0.6666666666666666,0.223411222721668,0.38461538461538464
2023,3,Massachusetts Minutemen,-0.045098368380520795,-0.10361386120927576,0.3918918918918919,0.3877551020408163,6.621621621621622,7.0,0.7142857142857143,1.3571428571428572,0.6666666666666666,0.0,-0.14941484866471128,0.38461538461538464
2023,3,Memphis Tigers,-0.10092589212581515,-0.09770110485089176,0.4375,0.38235294117647056,5.359375,5.529411764705882,2.0,1.7142857142857142,0.8,0.5,-0.013357243285729336,0.3333333333333333
2023,3,Miami (OH) RedHawks,0.022028631490209827,0.10654972125554368,0.3695652173913043,0.5,7.282608695652174,6.035714285714286,2.1818181818181817,2.1818181818181817,0.6666666666666666,0.2857142857142857,-0.24025509187153407,0.3
2023,3,Miami Hurricanes,0.44149104306395626,-0.18302187380259452,0.676056338028169,0.3695652173913043,8.028169014084508,3.652173913043478,4.363636363636363,0.7,0.8333333333333334,1.0,0.30537433311587475,0.6666666666666666
2023,3,Michigan State Spartans,-0.2495961467750737,0.28723611065319604,0.3442622950819672,0.5285714285714286,4.098360655737705,10.0,0.5,1.4210526315789473,1.0,0.5714285714285714,-0.09088395237922668,0.3333333333333333
2023,3,Michigan Wolverines,0.005962306676908981,-0.20254735946655272,0.5116279069767442,0.3090909090909091,7.3023255813953485,3.581818181818182,2.2142857142857144,0.46153846153846156,0.6666666666666666,0.0,0.10703821401847036,0.2
2023,3,Middle Tennessee Blue Raiders,0.23118662025968909,-0.21177788653544016,0.4745762711864407,0.35714285714285715,8.610169491525424,5.728571428571429,2.3333333333333335,0.9333333333333333,0.6666666666666666,0.5,0.31960612535476685,0.4166666666666667
2023,3,Minnesota Golden Gophers,-0.1259367045809011,0.1815539209486602,0.4098360655737705,0.4675324675324675,4.967213114754099,6.961038961038961,1.1818181818181819,2.5833333333333335,0.5,1.0,-0.054076772183179855,0.25
2023,3,Mississippi State Bulldogs,-0.08996489644050598,0.360521406915627,0.3,0.5789473684210527,4.02,7.302631578947368,1.4,3.727272727272727,1.0,0.75,-0.21661961253951578,0.15384615384615385
2023,3,Missouri Tigers,0.11842824731554304,0.04209197628987978,0.42857142857142855,0.4383561643835616,6.253968253968254,5.36986301369863,2.3076923076923075,2.076923076923077,0.3333333333333333,0.75,0.2328906910760062,0.23076923076923078
2023,3,Murray State Racers,-0.21177788653544016,0.23118662025968909,0.35714285714285715,0.4745762711864407,5.728571428571429,8.610169491525424,0.9333333333333333,2.3333333333333335,0.5,0.6666666666666666,-0.2612409257101563,0.35714285714285715
2023,3,NC State Wolfpack,0.34291700728527913,-0.2711435463693407,0.5714285714285714,0.3111111111111111,6.961038961038961,5.177777777777778,4.111111111111111,0.0,0.6666666666666666,1.0,0.1449750200394661,0.6428571428571429
2023,3,Navy Midshipmen,-0.09770110485089176,-0.10092589212581515,0.38235294117647056,0.4375,5.529411764705882,5.359375,1.7142857142857142,2.0,0.5,0.8,-0.17756743870675565,0.4375
2023,3,Nebraska Cornhuskers,0.07939339998890371,-0.2977920811751793,0.4117647058823529,0.27586206896551724,5.779411764705882,2.6724137931034484,2.5,0.8461538461538461,1.0,0.5,-0.05827716655201382,0.5714285714285714
2023,3,Nevada Wolf Pack,0.09796326632301013,0.3375751436620519,0.43333333333333335,0.6231884057971014,4.916666666666667,6.449275362318841,2.4,2.8181818181818183,0.75,0.8,0.07362143763087013,0.42857142857142855
2023,3,New Mexico Lobos,0.117184343052582,0.3836499953811819,0.5070422535211268,0.5227272727272727,5.647887323943662,9.045454545454545,1.8888888888888888,2.7,0.4,0.5,0.07048102545327153,0.3333333333333333
2023,3,New Mexico State Aggies,0.3836499953811819,0.117184343052582,0.5227272727272727,0.5070422535211268,9.045454545454545,5.647887323943662,2.7,1.8888888888888888,0.5,0.4,0.4091350710069811,0.2857142857142857
2023,3,Norfolk State Spartans,-0.14583836824206983,0.3512306921184063,0.3220338983050847,0.53125,4.254237288135593,8.3125,1.1,4.1,0.3333333333333333,0.6,-0.13737625091574912,0.21428571428571427
2023,3,North Carolina Central Eagles,-0.11778240650892258,0.438958973224674,0.45454545454545453,0.5535714285714286,3.712121212121212,10.964285714285714,0.5384615384615384,4.538461538461538,1.0,0.75,-0.07549696117639541,0.3333333333333333
2023,3,North Carolina Tar Heels,0.1815539209486602,-0.1259367045809011,0.4675324675324675,0.4098360655737705,6.961038961038961,4.967213114754099,2.5833333333333335,1.1818181818181819,1.0,0.5,-0.152527611386978,0.5882352941176471
2023,3,North Dakota Fighting Hawks,-0.18920509186055925,0.008401227086337644,0.4126984126984127,0.44776119402985076,2.5873015873015874,5.925373134328358,1.2,2.8,1.0,0.8,-0.22992761179487756,0.3076923076923077
2023,3,North Texas Mean Green,0.2596243676440469,0.19066975058102217,0.5057471264367817,0.5409836065573771,6.459770114942529,6.934426229508197,3.6363636363636362,2.3076923076923075,0.42857142857142855,0.6666666666666666,0.1233611464945238,0.6111111111111112
2023,3,Northern Colorado Bears,0.17214009483329584,0.609359301839556,0.39344262295081966,0.6428571428571429,6.0,10.471428571428572,1.6153846153846154,5.333333333333333,0.6666666666666666,0.8333333333333334,0.19828117359429598,0.3076923076923077
2023,3,Northern Illinois Huskies,-0.2977920811751793,0.07939339998890371,0.27586206896551724,0.4117647058823529,2.6724137931034484,5.779411764705882,0.8461538461538461,2.5,0.5,1.0,-0.20097123370284126,0.26666666666666666
2023,3,Northwestern Wildcats,-0.048702132550702576,0.2911403086678735,0.43478260869565216,0.5689655172413793,3.869565217391304,8.086206896551724,1.5555555555555556,3.8,0.6666666666666666,0.8,-0.033824187912503065,0.47058823529411764
2023,3,Notre Dame Fighting Irish,0.3543782439082861,0.020117553337565007,0.5,0.39622641509433965,10.0,5.056603773584905,3.4166666666666665,1.5454545454545454,0.75,0.5,0.36793026206444723,0.23076923076923078
2023,3,Ohio Bobcats,-0.10329735730633591,-0.13566013885305284,0.3484848484848485,0.44680851063829785,4.136363636363637,5.76595744680851,0.6666666666666666,0.4666666666666667,0.3333333333333333,0.5,-0.08660020080267214,0.3333333333333333
2023,3,Ohio State Buckeyes,0.5082954693648775,-0.36362355906102395,0.576271186440678,0.3888888888888889,9.440677966101696,4.888888888888889,4.083333333333333,0.6666666666666666,1.0,0.5,0.5238103257848862,0.4
2023,3,Oklahoma Sooners,0.5903845663930549,-0.1073247684191351,0.6065573770491803,0.3698630136986301,9.819672131147541,5.123287671232877,4.0,1.3076923076923077,0.8,0.6666666666666666,0.36805397622725544,0.5555555555555556
2023,3,Oklahoma State Cowboys,-0.11913549563577099,0.1729004642025369,0.3548387096774194,0.3442622950819672,3.3548387096774195,6.721311475409836,0.6363636363636364,2.0,1.0,0.5,-0.042133148138721786,0.3076923076923077
2023,3,Old Dominion Monarchs,-0.36885653724593503,-0.14814843728048047,0.3064516129032258,0.4024390243902439,6.451612903225806,7.134146341463414,0.7142857142857143,1.25,0.0,0.2,-0.003027325739031253,0.2
2023,3,Oregon Ducks,0.3995664755348116,-0.22520975200902849,0.53125,0.38095238095238093,8.484375,3.1904761904761907,5.0,0.9090909090909091,0.75,0.3333333333333333,0.2367809652709044,0.4
2023,3,Oregon State Beavers,0.13896772491394496,-0.13039908913465648,0.45901639344262296,0.46153846153846156,7.819672131147541,4.907692307692308,2.1666666666666665,0.75,1.0,0.5,0.23382549404221423,0.4
2023,3,Penn State Nittany Lions,-0.043082249791998616,-0.18978655967913882,0.3815789473684211,0.36619718309859156,5.184210526315789,5.211267605633803,2.0,0.8666666666666667,0.6,1.0,0.037230512552094044,0.3888888888888889
2023,3,Pittsburgh Panthers,-0.4736827218106815,-0.21776372230341356,0.39285714285714285,0.3870967741935484,4.767857142857143,3.4193548387096775,0.5454545454545454,0.8333333333333334,0.0,0.5,-0.2929283554961042,0.3076923076923077
2023,3,Prairie View A&M Panthers,-0.2861817588931636,0.4783212020993233,0.21052631578947367,0.6333333333333333,2.736842105263158,9.15,0.0,5.166666666666667,0.0,1.0,-0.3069427488815217,0.26666666666666666
2023,3,Purdue Boilermakers,-0.03814881691684971,0.10720288713236113,0.4935064935064935,0.44594594594594594,4.857142857142857,6.0,1.0833333333333333,2.9166666666666665,0.3333333333333333,0.6,-0.06818260202805201,0.46153846153846156
2023,3,Rice Owls,0.32043756431702414,-0.36769854961609355,0.5151515151515151,0.2653061224489796,7.424242424242424,4.755102040816326,4.214285714285714,0.5384615384615384,1.0,0.5,0.30177755991242966,0.45454545454545453
2023,3,Rutgers Scarlet Knights,0.21103276774287225,-0.07640117364270346,0.4,0.45714285714285713,6.04,4.585714285714285,2.6923076923076925,1.2307692307692308,1.0,0.3333333333333333,0.10835960084522092,0.3076923076923077
2023,3,SMU Mustangs,0.4783212020993233,-0.2861817588931636,0.6333333333333333,0.21052631578947367,9.15,2.736842105263158,5.166666666666667,0.0,1.0,0.0,0.4360559555115523,0.6666666666666666
2023,3,Samford Bulldogs,-0.20441534235829212,0.208540437283454,0.29508196721311475,0.5584415584415584,3.5737704918032787,7.35064935064935,1.0,3.75,1.0,0.5714285714285714,-0.3548000580734677,0.21428571428571427
2023,3,San Diego State Aztecs,-0.13039908913465648,0.13896772491394496,0.46153846153846156,0.45901639344262296,4.907692307692308,7.819672131147541,0.75,2.1666666666666665,0.5,1.0,-0.059033412714393774,0.26666666666666666
2023,3,San José State Spartans,-0.22008666298959567,0.07138097445879664,0.37681159420289856,0.44642857142857145,4.27536231884058,5.875,1.3076923076923077,1.2727272727272727,0.5,1.0,-0.193311675041914,0.47058823529411764
2023,3,South Alabama Jaguars,0.1729004642025369,-0.11913549563577099,0.3442622950819672,0.3548387096774194,6.721311475409836,3.3548387096774195,2.0,0.6363636363636364,0.5,1.0,0.033576697732011475,0.38461538461538464
2023,3,South Carolina Gamecocks,-0.03837475848609004,0.18107541369927393,0.3793103448275862,0.5714285714285714,5.327586206896552,5.766233766233766,1.2727272727272727,1.5454545454545454,1.0,0.5,-0.1249679098295611,0.3076923076923077
2023,3,South Florida Bulls,-0.3902456563066792,-0.07989816214316166,0.2702702702702703,0.4,3.5675675675675675,4.769230769230769,0.23076923076923078,1.4166666666666667,,0.6666666666666666,-0.42288008624432133,0.29411764705882354
2023,3,Southern Miss Golden Eagles,-0.21031833378995052,-0.026891257184056137,0.3114754098360656,0.40384615384615385,3.5737704918032787,5.634615384615385,0.21428571428571427,0.9333333333333333,0.0,0.6666666666666666,-0.20516460995341457,0.3333333333333333
2023,3,Stony Brook Seawolves,-0.05369571217747986,0.20170480531194937,0.3770491803278688,0.4492753623188406,4.852459016393443,6.811594202898551,0.0,1.7142857142857142,0.2,0.75,-0.09513128896554311,0.35714285714285715
2023,3,Syracuse Orange,0.10720288713236113,-0.03814881691684971,0.44594594594594594,0.4935064935064935,6.0,4.857142857142857,2.9166666666666665,1.0833333333333333,0.6,0.3333333333333333,0.027134106825974027,0.42857142857142855
2023,3,TCU Horned Frogs,0.1920092289989022,-0.33359427041694767,0.5172413793103449,0.29508196721311475,6.402298850574713,4.573770491803279,2.4,1.0,0.5,0.0,0.28576493209254916,0.4
2023,3,Tarleton State Texans,-0.19213607077357137,0.06133915819752384,0.43037974683544306,0.49295774647887325,4.9113924050632916,5.690140845070423,0.23076923076923078,2.8333333333333335,0.0,0.75,-0.08360045377550454,0.35294117647058826
2023,3,Temple Owls,0.3512306921184063,-0.14583836824206983,0.53125,0.3220338983050847,8.3125,4.254237288135593,4.1,1.1,0.6,0.3333333333333333,0.1517899191379547,0.4
2023,3,Tennessee Volunteers,-0.012351072393357754,0.191300300232163,0.390625,0.42424242424242425,6.296875,5.303030303030303,0.9090909090909091,2.6363636363636362,0.6666666666666666,0.75,-0.13523501740849536,0.5333333333333333
2023,3,Texas A&M Aggies,0.3290669285271266,-0.19890315582354864,0.5753424657534246,0.2916666666666667,7.712328767123288,4.916666666666667,3.9166666666666665,0.2727272727272727,0.5714285714285714,0.0,0.22648688948760598,0.5
2023,3,Texas Longhorns,0.10231604885596496,-0.17408073896711523,0.4423076923076923,0.3333333333333333,6.076923076923077,4.818181818181818,2.6666666666666665,0.9090909090909091,0.6666666666666666,0.0,0.050827274981297944,0.25
2023,3,Texas Southern Tigers,-0.36769854961609355,0.32043756431702414,0.2653061224489796,0.5151515151515151,4.755102040816326,7.424242424242424,0.5384615384615384,4.214285714285714,0.5,1.0,-0.28536594410737354,0.16666666666666666
2023,3,Texas State Bobcats,0.6944649260777693,0.21467171476720132,0.7230769230769231,0.410958904109589,10.984615384615385,5.52054794520548,5.923076923076923,1.9285714285714286,1.0,0.8333333333333334,0.550424864940476,0.5
2023,3,Texas Tech Red Raiders,0.06133915819752384,-0.19213607077357137,0.49295774647887325,0.43037974683544306,5.690140845070423,4.9113924050632916,2.8333333333333335,0.23076923076923078,0.75,0.0,0.022769902782006697,0.35714285714285715
2023,3,Toledo Rockets,0.07138097445879664,-0.22008666298959567,0.44642857142857145,0.37681159420289856,5.875,4.27536231884058,1.2727272727272727,1.3076923076923077,1.0,0.5,-0.074404572447141,0.38461538461538464
2023,3,Troy Trojans,-0.16898163687437773,-0.15437698604599123,0.359375,0.3709677419354839,5.15625,4.419354838709677,1.0,1.0666666666666667,1.0,0.25,-0.09627938659294792,0.14285714285714285
2023,3,Tulane Green Wave,-0.026891257184056137,-0.21031833378995052,0.40384615384615385,0.3114754098360656,5.634615384615385,3.5737704918032787,0.9333333333333333,0.21428571428571427,0.6666666666666666,0.0,0.022958529613366942,0.2
2023,3,Tulsa Golden Hurricane,-0.1073247684191351,0.5903845663930549,0.3698630136986301,0.6065573770491803,5.123287671232877,9.819672131147541,1.3076923076923077,4.0,0.6666666666666666,0.8,-0.23369283721132098,0.3684210526315789
2023,3,UAB Blazers,-0.06829436711022552,0.0629066787068806,0.4507042253521127,0.5079365079365079,6.633802816901408,8.682539682539682,1.0714285714285714,2.9285714285714284,0.5,0.6,-0.04394829672362123,0.25
2023,3,UCF Knights,0.22966061515369635,-0.10988940585118073,0.5402298850574713,0.34615384615384615,6.954022988505747,4.346153846153846,3.4285714285714284,1.0769230769230769,0.5,1.0,0.2695950243784034,0.4
2023,3,UCLA Bruins,0.438958973224674,-0.11778240650892258,0.5535714285714286,0.45454545454545453,10.964285714285714,3.712121212121212,4.538461538461538,0.5384615384615384,0.75,1.0,0.5888715722459428,0.375
2023,3,UConn Huskies,-0.16642834288733346,0.01620226261908548,0.35714285714285715,0.42105263157894735,4.057142857142857,6.333333333333333,1.2142857142857142,1.6,0.3333333333333333,0.3333333333333333,-0.08218762840864793,0.3125
2023,3,UL Monroe Warhawks,-0.19890315582354864,0.3290669285271266,0.2916666666666667,0.5753424657534246,4.916666666666667,7.712328767123288,0.2727272727272727,3.9166666666666665,0.0,0.5714285714285714,-0.029235590906704172,0.08333333333333333
2023,3,UNLV Rebels,-0.014742277264595031,-0.16126489798227947,0.4266666666666667,0.36,6.16,6.653333333333333,2.0625,1.875,0.0,0.25,-0.09931253721671444,0.5263157894736842
2023,3,UTEP Miners,-0.12617583233013488,0.26886202731440145,0.3508771929824561,0.5806451612903226,5.5964912280701755,8.709677419354838,0.2727272727272727,2.3846153846153846,0.0,0.8,-0.15841573622168564,0.4
2023,3,UTSA Roadrunners,0.3388432097070071,0.20459674096401828,0.5306122448979592,0.43209876543209874,7.346938775510204,5.506172839506172,2.2,3.7,1.0,0.6,0.44740960686593445,0.3
2023,3,Utah State Aggies,0.01372481111822457,0.2806476310772054,0.41379310344827586,0.6470588235294118,5.5,6.161764705882353,1.75,2.5833333333333335,1.0,0.8333333333333334,-0.19818009112192236,0.1111111111111111
2023,3,Utah Utes,0.11559993436891738,-0.3356078217426936,0.4794520547945205,0.2619047619047619,5.808219178082192,3.5714285714285716,1.5,0.4666666666666667,0.6,1.0,0.051778276761372886,0.4
2023,3,VMI Keydets,-0.2711435463693407,0.34291700728527913,0.3111111111111111,0.5714285714285714,5.177777777777778,6.961038961038961,0.0,4.111111111111111,1.0,0.6666666666666666,0.10653620277132307,0.1
2023,3,Vanderbilt Commodores,-0.16126489798227947,-0.014742277264595031,0.36,0.4266666666666667,6.653333333333333,6.16,1.875,2.0625,0.25,0.0,-0.23012327698041807,0.3157894736842105
2023,3,Villanova Wildcats,-0.10988940585118073,0.22966061515369635,0.34615384615384615,0.5402298850574713,4.346153846153846,6.954022988505747,1.0769230769230769,3.4285714285714284,1.0,0.5,-0.08531234060463153,0.08333333333333333
2023,3,Virginia Cavaliers,-0.0735259758892344,0.2768260328496089,0.40298507462686567,0.47540983606557374,5.223880597014926,7.557377049180328,1.1666666666666667,3.8181818181818183,0.6666666666666666,1.0,-0.09561531937548093,0.45454545454545453
2023,3,Virginia Tech Hokies,-0.07640117364270346,0.21103276774287225,0.45714285714285713,0.4,4.585714285714285,6.04,1.2307692307692308,2.6923076923076925,0.3333333333333333,1.0,-0.08455810695886612,0.3333333333333333
2023,3,Wake Forest Demon Deacons,-0.14814843728048047,-0.36885653724593503,0.4024390243902439,0.3064516129032258,7.134146341463414,6.451612903225806,1.25,0.7142857142857143,0.2,0.0,-0.07960309155962685,0.3125
2023,3,Washington Huskies,0.28723611065319604,-0.2495961467750737,0.5285714285714286,0.3442622950819672,10.0,4.098360655737705,1.4210526315789473,0.5,0.5714285714285714,1.0,0.3937223317294285,0.3
2023,3,Washington State Cougars,0.609359301839556,0.17214009483329584,0.6428571428571429,0.39344262295081966,10.471428571428572,6.0,5.333333333333333,1.6153846153846154,0.8333333333333334,0.6666666666666666,0.39936181347248917,0.7
2023,3,Weber State Wildcats,-0.3356078217426936,0.11559993436891738,0.2619047619047619,0.4794520547945205,3.5714285714285716,5.808219178082192,0.4666666666666667,1.5,1.0,0.6,-0.493341762212015,0.2727272727272727
2023,3,West Virginia Mountaineers,-0.21776372230341356,-0.4736827218106815,0.3870967741935484,0.39285714285714285,3.4193548387096775,4.767857142857143,0.8333333333333334,0.5454545454545454,0.5,0.0,-0.15128393043228922,0.3333333333333333
2023,3,Western Kentucky Hilltoppers,-0.36362355906102395,0.5082954693648775,0.3888888888888889,0.576271186440678,4.888888888888889,9.440677966101696,0.6666666666666666,4.083333333333333,0.5,1.0,-0.15567257883501986,0.13333333333333333
2023,3,Western Michigan Broncos,-0.25593477197819287,0.14730748906731606,0.2777777777777778,0.453125,4.425925925925926,6.046875,0.6666666666666666,3.1538461538461537,0.0,0.8,-0.2432315790572682,0.25
2023,3,Wisconsin Badgers,0.11936464927334717,-0.1279397788338172,0.5217391304347826,0.48717948717948717,6.536231884057971,5.794871794871795,2.5,0.5,1.0,0.6666666666666666,0.27728954846398873,0.18181818181818182
2023,3,Wyoming Cowboys,-0.17408073896711523,0.10231604885596496,0.3333333333333333,0.4423076923076923,4.818181818181818,6.076923076923077,0.9090909090909091,2.6666666666666665,0.0,0.6666666666666666,-0.1885957279626061,0.2857142857142857
2023,4,Air Force Falcons,0.4112713949547874,0.1265018427371979,0.5972222222222222,0.52,5.652777777777778,7.12,4.5,2.2222222222222223,0.8333333333333334,0.6666666666666666,0.17479261204048438,0.5333333333333333
2023,4,Akron Zips,-0.026645953386602268,-0.29396064213986667,0.43661971830985913,0.3018867924528302,6.619718309859155,5.547169811320755,1.4210526315789473,1.4285714285714286,0.3333333333333333,0.3333333333333333,0.031559777480584604,0.2857142857142857
2023,4,Alabama Crimson Tide,0.02275652379270584,-0.03576720233947512,0.4126984126984127,0.36507936507936506,6.428571428571429,5.507936507936508,2.0,0.8333333333333334,0.3333333333333333,0.25,0.06095612198114395,0.46153846153846156
2023,4,Appalachian State Mountaineers,-0.09765449030832811,-0.25825347406108207,0.4090909090909091,0.3902439024390244,4.6022727272727275,5.536585365853658,1.0,1.1666666666666667,0.0,1.0,-0.16859940833905163,0.5263157894736842
2023,4,Arizona State Sun Devils,0.03641439569847924,0.35085094707054004,0.4,0.5964912280701754,5.614285714285714,9.719298245614034,2.1538461538461537,3.5,0.3333333333333333,0.5,-0.1658229985833168,0.3125
2023,4,Arizona Wildcats,0.0921955406665802,0.042630445325013366,0.5384615384615384,0.4090909090909091,5.415384615384616,5.363636363636363,1.9090909090909092,1.8181818181818181,1.0,0.6666666666666666,0.20942493855953218,0.46153846153846156
2023,4,Arkansas Razorbacks,0.3333061848054914,0.40337972342967987,0.5588235294117647,0.5344827586206896,6.411764705882353,9.206896551724139,2.3,3.7777777777777777,0.4,0.5,0.1211177830894788,0.5384615384615384
2023,4,Arkansas State Red Wolves,0.13265526480972767,0.17712258355958121,0.40625,0.44285714285714284,6.65625,6.4,2.75,2.642857142857143,0.5,0.5,0.160756356716156,0.42857142857142855
2023,4,Army Black Knights,-0.19059391573748805,0.170094119965053,0.3484848484848485,0.5081967213114754,4.0606060606060606,6.672131147540983,1.4545454545454546,1.8333333333333333,0.5,0.4,-0.22414532411429616,0.35294117647058826
2023,4,Auburn Tigers,-0.32988796988502145,0.13376355380342717,0.34375,0.47368421052631576,2.8125,8.263157894736842,0.2727272727272727,2.076923076923077,,0.5,-0.27715706508210364,0.2
2023,4,BYU Cougars,-0.05903432630512812,0.21074414334513925,0.3972602739726027,0.5272727272727272,6.410958904109589,6.218181818181818,2.0,2.6666666666666665,0.6,0.75,-0.09924184300682762,0.35714285714285715
2023,4,Ball State Cardinals,-0.3757728636264801,0.19568370727749615,0.2807017543859649,0.5194805194805194,3.912280701754386,7.038961038961039,0.23076923076923078,2.857142857142857,0.0,0.42857142857142855,-0.1718935462690535,0.2
2023,4,Baylor Bears,-0.17191917653239908,0.31964349519398255,0.38095238095238093,0.5254237288135594,4.404761904761905,8.525423728813559,0.42857142857142855,3.5454545454545454,0.0,0.5,0.0859303851840926,0.2777777777777778
2023,4,Boise State Broncos,0.1998072745370083,0.19472772099318042,0.4426229508196721,0.5,7.098360655737705,7.145161290322581,2.8333333333333335,2.5833333333333335,0.5,0.6,0.21395795396033754,0.3076923076923077
2023,4,Boston College Eagles,0.19873863374683218,0.5112073808908463,0.4225352112676056,0.55,6.070422535211268,9.566666666666666,2.3333333333333335,4.666666666666667,0.5,0.75,0.2249176412258508,0.42857142857142855
2023,4,Bowling Green Falcons,-0.5248886010810441,0.25128524377942085,0.39215686274509803,0.44642857142857145,6.2745098039215685,6.625,0.5,2.0,0.5,0.6666666666666666,-0.4246304351836443,0.2
2023,4,Buffalo Bulls,0.0063740190787193104,0.11981742941971982,0.46153846153846156,0.48484848484848486,5.32051282051282,8.090909090909092,2.375,2.375,1.0,0.6,0.15337341201716456,0.35294117647058826
2023,4,California Golden Bears,0.1697699065193718,0.3566915085238795,0.48148148148148145,0.5161290322580645,7.45679012345679,8.290322580645162,2.2857142857142856,4.090909090909091,1.0,1.0,0.1875875962432474,0.5294117647058824
2023,4,Central Michigan Chippewas,0.2563553545902024,0.25901265417115166,0.43283582089552236,0.4915254237288136,5.552238805970149,7.322033898305085,2.8333333333333335,2.5,1.0,0.6666666666666666,-0.022207826972007752,0.4375
2023,4,Charlotte 49ers,-0.2164986367122485,0.0996162924501631,0.3076923076923077,0.5185185185185185,3.9423076923076925,6.944444444444445,0.6363636363636364,1.8333333333333333,1.0,0.2,-0.18121640976422873,0.16666666666666666
2023,4,Cincinnati Bearcats,-0.18888613147826133,0.08667036502257637,0.4177215189873418,0.4492753623188406,4.7594936708860756,6.188405797101449,0.5,1.6666666666666667,0.0,0.4,0.012162657827138901,0.2
2023,4,Clemson Tigers,0.07186255141904083,0.10422257320922718,0.4430379746835443,0.43859649122807015,6.69620253164557,5.456140350877193,1.8461538461538463,2.1818181818181817,0.5,1.0,-0.010060119013937692,0.42857142857142855
2023,4,Coastal Carolina Chanticleers,0.08568974652073601,0.08280913914952959,0.48484848484848486,0.4142857142857143,5.818181818181818,5.428571428571429,1.1111111111111112,3.0,0.0,0.5,0.011816302350923126,0.42857142857142855
2023,4,Colorado Buffaloes,-0.0416648327781443,0.364723800796352,0.42105263157894735,0.5616438356164384,4.052631578947368,7.109589041095891,0.5454545454545454,4.2,1.0,0.8333333333333334,-0.18884243035600298,0.35714285714285715
2023,4,Colorado State Rams,0.22578113742413058,0.042220242770321395,0.4838709677419355,0.4457831325301205,5.854838709677419,5.409638554216867,2.0,1.6428571428571428,0.6666666666666666,0.6666666666666666,-0.043839803856352104,0.4666666666666667
2023,4,Delaware State Hornets,0.1614341707579021,0.6328629697673023,0.3793103448275862,0.6875,7.413793103448276,10.453125,1.8181818181818181,5.166666666666667,1.0,0.75,-0.04906913294241978,0.26666666666666666
2023,4,Duke Blue Devils,0.05371772265825115,-0.3594044919197376,0.4426229508196721,0.27692307692307694,5.278688524590164,3.6615384615384614,2.6153846153846154,0.5,0.6,0.5,0.06977813658506973,0.3076923076923077
2023,4,East Carolina Pirates,0.02553995913022185,-0.6650376627842586,0.4383561643835616,0.25,4.904109589041096,1.7,2.75,0.0,0.8571428571428571,,-0.05239775160263325,0.5
2023,4,Eastern Michigan Eagles,-0.5283270539745452,-0.018479089651788985,0.2222222222222222,0.45714285714285713,2.3492063492063493,5.614285714285714,0.0,1.5,,0.5,-0.2809157047006819,0.06666666666666667
2023,4,Florida Atlantic Owls,-0.10652039647102356,0.08627947131792704,0.37142857142857144,0.52,5.328571428571428,7.2,1.3076923076923077,1.7692307692307692,0.3333333333333333,0.5,-0.1497091721085941,0.375
2023,4,Florida Gators,0.0996162924501631,-0.2164986367122485,0.5185185185185185,0.3076923076923077,6.944444444444445,3.9423076923076925,1.8333333333333333,0.6363636363636364,0.2,1.0,0.41536681254704794,0.125
2023,4,Florida International Panthers,-0.39282672969918503,0.210413733497262,0.3333333333333333,0.515625,3.7017543859649122,7.78125,0.46153846153846156,2.923076923076923,1.0,0.8,-0.24831587147145046,0.25
2023,4,Florida State Seminoles,0.10422257320922718,0.07186255141904083,0.43859649122807015,0.4430379746835443,5.456140350877193,6.69620253164557,2.1818181818181817,1.8461538461538463,1.0,0.5,0.16207801231316157,0.15384615384615385
2023,4,Fresno State Bulldogs,0.4672992522754366,0.010223885377248129,0.49206349206349204,0.35294117647058826,9.34920634920635,4.470588235294118,5.2,1.0,1.0,0.5,0.2416878436125961,0.6666666666666666
2023,4,Gardner-Webb Runnin' Bulldogs,-0.6650376627842586,0.02553995913022185,0.25,0.4383561643835616,1.7,4.904109589041096,0.0,2.75,,0.8571428571428571,-0.7475307472916537,0.4
2023,4,Georgia Bulldogs,0.2801889708559764,-0.08522227561319029,0.5921052631578947,0.42857142857142855,7.644736842105263,4.363636363636363,3.769230769230769,1.0,1.0,0.75,0.22185609730020647,0.6153846153846154
2023,4,Georgia Southern Eagles,0.19568370727749615,-0.3757728636264801,0.5194805194805194,0.2807017543859649,7.038961038961039,3.912280701754386,2.857142857142857,0.23076923076923078,0.42857142857142855,0.0,0.21058099548662862,0.21428571428571427
2023,4,Georgia State Panthers,0.08280913914952959,0.08568974652073601,0.4142857142857143,0.48484848484848486,5.428571428571429,5.818181818181818,3.0,1.1111111111111112,0.5,0.0,0.07272382107647983,0.5714285714285714
2023,4,Georgia Tech Yellow Jackets,0.06694956401647148,-0.12762329938970965,0.3050847457627119,0.4567901234567901,6.8474576271186445,5.012345679012346,2.3076923076923075,1.2307692307692308,0.0,0.6666666666666666,-0.16162390140599983,0.3333333333333333
2023,4,Hawai'i Rainbow Warriors,0.051174706130316765,0.06463318026584128,0.45454545454545453,0.5217391304347826,4.696969696969697,7.304347826086956,2.0,1.8888888888888888,0.4,0.0,0.030304196418500413,0.2857142857142857
2023,4,Houston Cougars,0.23070823439420798,-0.32501304849069945,0.5256410256410257,0.22448979591836735,6.782051282051282,4.040816326530612,3.1666666666666665,0.5833333333333334,0.6666666666666666,1.0,0.2775254442822188,0.46153846153846156
2023,4,Illinois Fighting Illini,0.08627947131792704,-0.10652039647102356,0.52,0.37142857142857144,7.2,5.328571428571428,1.7692307692307692,1.3076923076923077,0.5,0.3333333333333333,0.045935772599712495,0.4166666666666667
2023,4,Indiana Hoosiers,-0.29396064213986667,-0.026645953386602268,0.3018867924528302,0.43661971830985913,5.547169811320755,6.619718309859155,1.4285714285714286,1.4210526315789473,0.3333333333333333,0.3333333333333333,-0.13290945166035703,0.15384615384615385
2023,4,Iowa Hawkeyes,-0.3291689238765023,0.058168564923107624,0.2727272727272727,0.4375,2.303030303030303,4.104166666666667,0.0,2.5833333333333335,,0.8,-0.21988486871123314,0.1111111111111111
2023,4,Iowa State Cyclones,0.06577469473299773,-0.0037385005917814043,0.3333333333333333,0.3611111111111111,5.884057971014493,5.680555555555555,1.5454545454545454,1.2272727272727273,1.0,0.6666666666666666,0.025546198966456393,0.35294117647058826
2023,4,Jacksonville State Gamecocks,-0.018479089651788985,-0.5283270539745452,0.45714285714285713,0.2222222222222222,5.614285714285714,2.3492063492063493,1.5,0.0,0.5,,0.1654301941394806,0.23076923076923078
2023,4,James Madison Dukes,-0.008408647249726689,0.04901419319212437,0.5294117647058824,0.3625,7.661764705882353,6.25,2.5,2.0,0.75,0.5,0.10756112662228672,0.08333333333333333
2023,4,Kansas Jayhawks,0.21074414334513925,-0.05903432630512812,0.5272727272727272,0.3972602739726027,6.218181818181818,6.410958904109589,2.6666666666666665,2.0,0.75,0.6,0.2309681083197179,0.25
2023,4,Kansas State Wildcats,0.2860690244921931,0.17924307132589407,0.5185185185185185,0.41379310344827586,6.7407407407407405,7.310344827586207,4.0,2.3846153846153846,0.7142857142857143,0.5,0.18088141363114119,0.4
2023,4,Kent State Golden Flashes,0.010223885377248129,0.4672992522754366,0.35294117647058826,0.49206349206349204,4.470588235294118,9.34920634920635,1.0,5.2,0.5,1.0,-0.02749184740556253,0.16666666666666666
2023,4,Kentucky Wildcats,-0.1053960582143382,-0.1614442409740554,0.3508771929824561,0.375,6.192982456140351,5.597222222222222,2.2142857142857144,1.8666666666666667,0.6666666666666666,0.75,-0.11581950699505598,0.45454545454545453
2023,4,LSU Tigers,0.40337972342967987,0.3333061848054914,0.5344827586206896,0.5588235294117647,9.206896551724139,6.411764705882353,3.7777777777777777,2.3,0.5,0.4,0.3685071002691984,0.6
2023,4,Liberty Flames,0.210413733497262,-0.39282672969918503,0.515625,0.3333333333333333,7.78125,3.7017543859649122,2.923076923076923,0.46153846153846156,0.8,1.0,0.14220581672809743,0.5
2023,4,Louisiana Ragin' Cajuns,0.11981742941971982,0.0063740190787193104,0.48484848484848486,0.46153846153846156,8.090909090909092,5.32051282051282,2.375,2.375,0.6,1.0,0.17595554185363482,0.25
2023,4,Louisiana Tech Bulldogs,0.001762224301215141,0.14365300151609606,0.4032258064516129,0.41935483870967744,6.0,6.548387096774194,1.2727272727272727,2.3333333333333335,1.0,1.0,0.11342863500118255,0.2727272727272727
2023,4,Louisville Cardinals,0.5112073808908463,0.19873863374683218,0.55,0.4225352112676056,9.566666666666666,6.070422535211268,4.666666666666667,2.3333333333333335,0.75,0.5,0.47091629403702756,0.5833333333333334
2023,4,Marshall Thundering Herd,-0.02169953653929939,-0.11302212316256303,0.323943661971831,0.35384615384615387,5.408450704225352,5.246153846153846,1.7142857142857142,1.3076923076923077,0.6666666666666666,0.5,-0.08216117796572772,0.26666666666666666
2023,4,Maryland Terrapins,0.024775916796464185,-0.16311753123998643,0.4,0.5066666666666667,5.230769230769231,4.76,2.0,0.42857142857142855,0.6,0.25,-0.07621175172377606,0.2857142857142857
2023,4,Massachusetts Minutemen,0.13345091297076297,0.28038801439106464,0.5076923076923077,0.4166666666666667,6.507692307692308,6.854166666666667,2.090909090909091,2.8333333333333335,0.25,1.0,0.22830898582935333,0.5
2023,4,Memphis Tigers,0.13343658121792892,0.26727431293191584,0.40789473684210525,0.4827586206896552,5.25,9.448275862068966,2.25,2.0,0.6666666666666666,0.25,-0.010178401238388486,0.3333333333333333
2023,4,Miami (OH) RedHawks,0.6328629697673023,0.1614341707579021,0.6875,0.3793103448275862,10.453125,7.413793103448276,5.166666666666667,1.8181818181818181,0.75,1.0,0.5818557508711545,0.7
2023,4,Miami Hurricanes,0.3321915664779606,-0.17613039371268502,0.5373134328358209,0.3448275862068966,8.104477611940299,5.241379310344827,3.4166666666666665,0.6363636363636364,0.5714285714285714,0.5,0.3543704780665311,0.36363636363636365
2023,4,Michigan State Spartans,-0.16311753123998643,0.024775916796464185,0.5066666666666667,0.4,4.76,5.230769230769231,0.42857142857142855,2.0,0.25,0.6,-0.3220463879406452,0.38461538461538464
2023,4,Michigan Wolverines,0.36297170988848954,-0.10668282041495497,0.5245901639344263,0.38636363636363635,6.80327868852459,7.454545454545454,3.4285714285714284,0.7777777777777778,0.75,0.0,0.1696192758238834,0.5384615384615384
2023,4,Middle Tennessee Blue Raiders,0.042220242770321395,0.22578113742413058,0.4457831325301205,0.4838709677419355,5.409638554216867,5.854838709677419,1.6428571428571428,2.0,0.6666666666666666,0.6666666666666666,0.03298346073396744,0.4117647058823529
2023,4,Minnesota Golden Gophers,0.15186209903388728,0.25444606091918015,0.4262295081967213,0.47560975609756095,7.19672131147541,5.048780487804878,2.6153846153846154,2.642857142857143,0.75,0.75,0.1569516509771347,0.21428571428571427
2023,4,Mississippi State Bulldogs,0.19915512330095533,0.2063076696358621,0.4507042253521127,0.484375,7.507042253521127,6.953125,2.0,2.5,0.5,0.75,0.20799521117840172,0.26666666666666666
2023,4,Missouri Tigers,0.26727431293191584,0.13343658121792892,0.4827586206896552,0.40789473684210525,9.448275862068966,5.25,2.0,2.25,0.25,0.6666666666666666,0.4413523807817576,0.0
2023,4,NC State Wolfpack,-0.040905279643607864,-0.024640155875164528,0.42424242424242425,0.391304347826087,4.909090909090909,5.753623188405797,1.8461538461538463,1.6153846153846154,0.6666666666666666,0.5,0.02676127736385052,0.42857142857142855
2023,4,Nebraska Cornhuskers,0.14365300151609606,0.001762224301215141,0.41935483870967744,0.4032258064516129,6.548387096774194,6.0,2.3333333333333335,1.2727272727272727,1.0,1.0,0.10801232834251559,0.2727272727272727
2023,4,Nevada Wolf Pack,-0.09060152519994707,0.07654424989596009,0.417910447761194,0.53125,5.477611940298507,10.375,1.0,2.6923076923076925,0.3333333333333333,0.2,-0.19353691775065202,0.5384615384615384
2023,4,New Mexico Lobos,0.28038801439106464,0.13345091297076297,0.4166666666666667,0.5076923076923077,6.854166666666667,6.507692307692308,2.8333333333333335,2.090909090909091,1.0,0.25,0.17414504513144494,0.375
2023,4,New Mexico State Aggies,0.06463318026584128,0.051174706130316765,0.5217391304347826,0.45454545454545453,7.304347826086956,4.696969696969697,1.8888888888888888,2.0,0.0,0.4,-0.019145275155703228,0.4
2023,4,Nicholls Colonels,-0.17055269253868904,0.010897567046099696,0.42857142857142855,0.4482758620689655,5.968253968253968,7.137931034482759,0.5833333333333334,2.6363636363636362,0.3333333333333333,0.3333333333333333,-0.2684085409404064,0.18181818181818182
2023,4,North Carolina Tar Heels,0.020448916233502902,-0.19892486374256974,0.38461538461538464,0.423728813559322,5.415384615384616,5.169491525423729,2.6153846153846154,1.8461538461538463,1.0,0.6666666666666666,0.019873293042182924,0.3076923076923077
2023,4,Northern Illinois Huskies,-0.15833593335221796,-0.22132622417229325,0.4117647058823529,0.417910447761194,4.617647058823529,4.626865671641791,1.0,1.4285714285714286,0.5,0.4,-0.1189812582731247,0.35714285714285715
2023,4,Northwestern Wildcats,0.25444606091918015,0.15186209903388728,0.47560975609756095,0.4262295081967213,5.048780487804878,7.19672131147541,2.642857142857143,2.6153846153846154,0.75,0.75,0.17057137829916819,0.3684210526315789
2023,4,Notre Dame Fighting Irish,0.11290822000730605,0.10600542044267058,0.5079365079365079,0.375,5.7936507936507935,5.859375,1.5555555555555556,2.125,0.6666666666666666,0.25,0.22467471629965538,0.5
2023,4,Ohio Bobcats,0.25128524377942085,-0.5248886010810441,0.44642857142857145,0.39215686274509803,6.625,6.2745098039215685,2.0,0.5,0.6666666666666666,0.5,0.10429691228755684,0.4166666666666667
2023,4,Ohio State Buckeyes,0.10600542044267058,0.11290822000730605,0.375,0.5079365079365079,5.859375,5.7936507936507935,2.125,1.5555555555555556,0.25,0.6666666666666666,-0.038381565023552285,0.5294117647058824
2023,4,Oklahoma Sooners,0.08667036502257637,-0.18888613147826133,0.4492753623188406,0.4177215189873418,6.188405797101449,4.7594936708860756,1.6666666666666667,0.5,0.4,0.0,0.03310992020481038,0.4
2023,4,Oklahoma State Cowboys,-0.0037385005917814043,0.06577469473299773,0.3611111111111111,0.3333333333333333,5.680555555555555,5.884057971014493,1.2272727272727273,1.5454545454545454,0.6666666666666666,1.0,0.022344085459525768,0.29411764705882354
2023,4,Old Dominion Monarchs,-0.3968233787294092,-0.3496612657361956,0.3275862068965517,0.2835820895522388,6.224137931034483,4.462686567164179,0.7692307692307693,0.21428571428571427,0.0,1.0,-0.5704117163338445,0.4166666666666667
2023,4,Ole Miss Rebels,-0.03576720233947512,0.02275652379270584,0.36507936507936506,0.4126984126984127,5.507936507936508,6.428571428571429,0.8333333333333334,2.0,0.25,0.3333333333333333,-0.08849998660709547,0.15384615384615385
2023,4,Oregon Ducks,0.364723800796352,-0.0416648327781443,0.5616438356164384,0.42105263157894735,7.109589041095891,4.052631578947368,4.2,0.5454545454545454,0.8333333333333334,1.0,0.24946959544036348,0.2
2023,4,Oregon State Beavers,0.2517786764762771,0.26878433073720626,0.4647887323943662,0.5483870967741935,6.042253521126761,8.17741935483871,3.1818181818181817,3.4545454545454546,1.0,0.75,0.2641422343703936,0.42857142857142855
2023,4,Penn State Nittany Lions,0.058168564923107624,-0.3291689238765023,0.4375,0.2727272727272727,4.104166666666667,2.303030303030303,2.5833333333333335,0.0,0.8,,-0.1104339166647858,0.35
2023,4,Pittsburgh Panthers,-0.19892486374256974,0.020448916233502902,0.423728813559322,0.38461538461538464,5.169491525423729,5.415384615384616,1.8461538461538463,2.6153846153846154,0.6666666666666666,1.0,-0.11534922694166501,0.4
2023,4,Purdue Boilermakers,-0.0363454464553059,0.20488483663918317,0.4057971014492754,0.4927536231884058,5.72463768115942,5.956521739130435,1.5454545454545454,3.1666666666666665,0.5,0.6666666666666666,-0.09308109680811565,0.3076923076923077
2023,4,Rice Owls,0.23755846108709064,0.36046572511687,0.45714285714285713,0.5147058823529411,7.0285714285714285,8.838235294117647,2.6363636363636362,3.5,0.75,0.5714285714285714,0.1619195304018386,0.3888888888888889
2023,4,Rutgers Scarlet Knights,-0.10668282041495497,0.36297170988848954,0.38636363636363635,0.5245901639344263,7.454545454545454,6.80327868852459,0.7777777777777778,3.4285714285714284,0.0,0.75,0.06887684762477875,0.2
2023,4,SMU Mustangs,0.06086896825581789,0.21860359376901156,0.5,0.5454545454545454,6.041666666666667,6.48051948051948,1.5454545454545454,2.8333333333333335,0.5,0.4,0.32834045713146526,0.26666666666666666
2023,4,Sam Houston Bearkats,-0.32501304849069945,0.23070823439420798,0.22448979591836735,0.5256410256410257,4.040816326530612,6.782051282051282,0.5833333333333334,3.1666666666666665,1.0,0.6666666666666666,-0.46826510216508593,0.23076923076923078
2023,4,San Diego State Aztecs,0.19472772099318042,0.1998072745370083,0.5,0.4426229508196721,7.145161290322581,7.098360655737705,2.5833333333333335,2.8333333333333335,0.6,0.5,0.10927139908075333,0.5
2023,4,San José State Spartans,0.1265018427371979,0.4112713949547874,0.52,0.5972222222222222,7.12,5.652777777777778,2.2222222222222223,4.5,0.6666666666666666,0.8333333333333334,0.3349385291337967,0.25
2023,4,South Alabama Jaguars,0.25901265417115166,0.2563553545902024,0.4915254237288136,0.43283582089552236,7.322033898305085,5.552238805970149,2.5,2.8333333333333335,0.6666666666666666,1.0,-0.0033442695503649506,0.5
2023,4,South Carolina Gamecocks,0.2063076696358621,0.19915512330095533,0.484375,0.4507042253521127,6.953125,7.507042253521127,2.5,2.0,0.75,0.5,0.1445040813848084,0.25
2023,4,South Florida Bulls,0.36046572511687,0.23755846108709064,0.5147058823529411,0.45714285714285713,8.838235294117647,7.0285714285714285,3.5,2.6363636363636362,0.5714285714285714,0.75,0.343336973796811,0.5454545454545454
2023,4,Southern Miss Golden Eagles,0.17712258355958121,0.13265526480972767,0.44285714285714284,0.40625,6.4,6.65625,2.642857142857143,2.75,0.5,0.5,0.007381240151963144,0.4
2023,4,Stanford Cardinal,0.042630445325013366,0.0921955406665802,0.4090909090909091,0.5384615384615384,5.363636363636363,5.415384615384616,1.8181818181818181,1.9090909090909092,0.6666666666666666,1.0,-0.22891806066036224,0.4666666666666667
2023,4,Syracuse Orange,0.170094119965053,-0.19059391573748805,0.5081967213114754,0.3484848484848485,6.672131147540983,4.0606060606060606,1.8333333333333333,1.4545454545454546,0.4,0.5,0.2997500601535042,0.18181818181818182
2023,4,TCU Horned Frogs,0.21860359376901156,0.06086896825581789,0.5454545454545454,0.5,6.48051948051948,6.041666666666667,2.8333333333333335,1.5454545454545454,0.4,0.5,0.15543805899327262,0.4
2023,4,Temple Owls,-0.17613039371268502,0.3321915664779606,0.3448275862068966,0.5373134328358209,5.241379310344827,8.104477611940299,0.6363636363636364,3.4166666666666665,0.5,0.5714285714285714,-0.2122849484994298,0.3076923076923077
2023,4,Tennessee Volunteers,0.17586554232097806,-0.07263215612142514,0.3968253968253968,0.4230769230769231,7.4603174603174605,4.397435897435898,2.1875,0.6666666666666666,0.75,0.5,0.17569104194641114,0.3076923076923077
2023,4,Texas A&M Aggies,0.13376355380342717,-0.32988796988502145,0.47368421052631576,0.34375,8.263157894736842,2.8125,2.076923076923077,0.2727272727272727,0.5,,0.2394375271267361,0.4166666666666667
2023,4,Texas A&M-Commerce Lions,-0.3496612657361956,-0.3968233787294092,0.2835820895522388,0.3275862068965517,4.462686567164179,6.224137931034483,0.21428571428571427,0.7692307692307693,1.0,0.0,-0.23895289581649157,0.25
2023,4,Texas Longhorns,0.31964349519398255,-0.17191917653239908,0.5254237288135594,0.38095238095238093,8.525423728813559,4.404761904761905,3.5454545454545454,0.42857142857142855,0.5,0.0,0.3477809348702431,0.2222222222222222
2023,4,Texas State Bobcats,0.07654424989596009,-0.09060152519994707,0.53125,0.417910447761194,10.375,5.477611940298507,2.6923076923076925,1.0,0.2,0.3333333333333333,0.31920874180893105,0.5
2023,4,Texas Tech Red Raiders,-0.15843506571319368,-0.23038141405771648,0.3333333333333333,0.36507936507936506,3.962962962962963,4.079365079365079,0.9285714285714286,1.4285714285714286,0.3333333333333333,0.6666666666666666,-0.07518049492077394,0.1111111111111111
2023,4,Toledo Rockets,0.1240437545559623,-0.24067447659296867,0.5151515151515151,0.3076923076923077,7.7727272727272725,4.589743589743589,2.8823529411764706,1.6,0.8571428571428571,0.4,0.19289955055272137,0.2727272727272727
2023,4,Troy Trojans,0.16089581735432149,-0.0634333730912676,0.4125,0.39215686274509803,6.525,5.509803921568627,1.9285714285714286,2.1818181818181817,0.4,0.6666666666666666,0.016962631046772002,0.5
2023,4,Tulane Green Wave,0.010897567046099696,-0.17055269253868904,0.4482758620689655,0.42857142857142855,7.137931034482759,5.968253968253968,2.6363636363636362,0.5833333333333334,0.3333333333333333,0.3333333333333333,0.01580371221770411,0.3333333333333333
2023,4,Tulsa Golden Hurricane,-0.22132622417229325,-0.15833593335221796,0.417910447761194,0.4117647058823529,4.626865671641791,4.617647058823529,1.4285714285714286,1.0,0.4,0.5,-0.22477833095651406,0.4
2023,4,UAB Blazers,-0.08522227561319029,0.2801889708559764,0.42857142857142855,0.5921052631578947,4.363636363636363,7.644736842105263,1.0,3.769230769230769,0.75,1.0,-0.003974797910657422,0.13333333333333333
2023,4,UCF Knights,0.17924307132589407,0.2860690244921931,0.41379310344827586,0.5185185185185185,7.310344827586207,6.7407407407407405,2.3846153846153846,4.0,0.5,0.7142857142857143,0.004153920845551925,0.25
2023,4,UCLA Bruins,-0.46643341739069333,-0.31905114891067626,0.25757575757575757,0.3225806451612903,4.0,3.725806451612903,0.3888888888888889,0.5,0.5,0.5,-0.4496938401590223,0.1875
2023,4,UConn Huskies,-0.3594044919197376,0.05371772265825115,0.27692307692307694,0.4426229508196721,3.6615384615384614,5.278688524590164,0.5,2.6153846153846154,0.5,0.6,-0.30928049464615026,0.2857142857142857
2023,4,UNLV Rebels,0.2674125475542886,0.13747573696391682,0.45454545454545453,0.39436619718309857,6.766233766233766,4.957746478873239,3.230769230769231,2.1538461538461537,0.7142857142857143,1.0,0.22408887036776137,0.5882352941176471
2023,4,USC Trojans,0.35085094707054004,0.03641439569847924,0.5964912280701754,0.4,9.719298245614034,5.614285714285714,3.5,2.1538461538461537,0.5,0.3333333333333333,0.3186492110076158,0.2222222222222222
2023,4,UTEP Miners,0.13747573696391682,0.2674125475542886,0.39436619718309857,0.45454545454545453,4.957746478873239,6.766233766233766,2.1538461538461537,3.230769230769231,1.0,0.7142857142857143,0.0766584089508763,0.1875
2023,4,UTSA Roadrunners,-0.07263215612142514,0.17586554232097806,0.4230769230769231,0.3968253968253968,4.397435897435898,7.4603174603174605,0.6666666666666666,2.1875,0.5,0.75,-0.18322701569189104,0.3888888888888889
2023,4,Utah State Aggies,0.04901419319212437,-0.008408647249726689,0.3625,0.5294117647058824,6.25,7.661764705882353,2.0,2.5,0.5,0.75,-0.023739779817646946,0.3333333333333333
2023,4,Utah Utes,-0.31905114891067626,-0.46643341739069333,0.3225806451612903,0.25757575757575757,3.725806451612903,4.0,0.5,0.3888888888888889,0.5,0.5,-0.3265021026134491,0.3125
2023,4,Vanderbilt Commodores,-0.1614442409740554,-0.1053960582143382,0.375,0.3508771929824561,5.597222222222222,6.192982456140351,1.8666666666666667,2.2142857142857144,0.75,0.6666666666666666,-0.20223090323534879,0.375
2023,4,Virginia Cavaliers,-0.024640155875164528,-0.040905279643607864,0.391304347826087,0.42424242424242425,5.753623188405797,4.909090909090909,1.6153846153846154,1.8461538461538463,0.5,0.6666666666666666,0.0061672234310294095,0.21428571428571427
2023,4,Virginia Tech Hokies,-0.11302212316256303,-0.02169953653929939,0.35384615384615387,0.323943661971831,5.246153846153846,5.408450704225352,1.3076923076923077,1.7142857142857142,0.5,0.6666666666666666,0.0068805652613542516,0.15384615384615385
2023,4,Wake Forest Demon Deacons,-0.12762329938970965,0.06694956401647148,0.4567901234567901,0.3050847457627119,5.012345679012346,6.8474576271186445,1.2307692307692308,2.3076923076923075,0.6666666666666666,0.0,-0.20221888514665456,0.46153846153846156
2023,4,Washington Huskies,0.3566915085238795,0.1697699065193718,0.5161290322580645,0.48148148148148145,8.290322580645162,7.45679012345679,4.090909090909091,2.2857142857142856,1.0,1.0,0.42955916876695593,0.45454545454545453
2023,4,Washington State Cougars,0.26878433073720626,0.2517786764762771,0.5483870967741935,0.4647887323943662,8.17741935483871,6.042253521126761,3.4545454545454546,3.1818181818181817,0.75,1.0,0.13818050365821988,0.4444444444444444
2023,4,West Virginia Mountaineers,-0.23038141405771648,-0.15843506571319368,0.36507936507936506,0.3333333333333333,4.079365079365079,3.962962962962963,1.4285714285714286,0.9285714285714286,0.6666666666666666,0.3333333333333333,-0.17597732130362062,0.15384615384615385
2023,4,Western Kentucky Hilltoppers,-0.0634333730912676,0.16089581735432149,0.39215686274509803,0.4125,5.509803921568627,6.525,2.1818181818181817,1.9285714285714286,0.6666666666666666,0.4,0.016358868032693864,0.1
2023,4,Western Michigan Broncos,-0.24067447659296867,0.1240437545559623,0.3076923076923077,0.5151515151515151,4.589743589743589,7.7727272727272725,1.6,2.8823529411764706,0.4,0.8571428571428571,-0.09690790971120199,0.21428571428571427
2023,4,Wisconsin Badgers,0.20488483663918317,-0.0363454464553059,0.4927536231884058,0.4057971014492754,5.956521739130435,5.72463768115942,3.1666666666666665,1.5454545454545454,0.6666666666666666,0.5,-0.05821033395253695,0.5294117647058824
2023,4,Wyoming Cowboys,-0.25825347406108207,-0.09765449030832811,0.3902439024390244,0.4090909090909091,5.536585365853658,4.6022727272727275,1.1666666666666667,1.0,1.0,0.0,0.16179882863472247,0.16666666666666666
2023,5,Abilene Christian Wildcats,0.1773741083300632,0.2661683972676595,0.4927536231884058,0.48,5.565217391304348,7.08,2.3846153846153846,3.4615384615384617,1.0,0.8333333333333334,0.1943441557769592,0.4375
2023,5,Air Force Falcons,0.5712615589478186,-0.07766316180879419,0.6607142857142857,0.4727272727272727,9.053571428571429,4.8545454545454545,5.25,1.1111111111111112,1.0,,0.5032324863875166,0.42857142857142855
2023,5,Akron Zips,-0.09986962296745994,-0.10356492002805075,0.45454545454545453,0.3466666666666667,4.709090909090909,2.7333333333333334,1.0,1.1818181818181819,0.5,1.0,-0.0017333404962406602,0.18181818181818182
2023,5,Alabama Crimson Tide,0.180562929383346,-0.15533464298140806,0.5,0.3770491803278688,6.375,5.098360655737705,3.0,1.4166666666666667,0.5,0.6666666666666666,0.30113547904924914,0.3333333333333333
2023,5,Appalachian State Mountaineers,0.09568503458205968,0.044084209337163324,0.5068493150684932,0.4925373134328358,7.068493150684931,7.373134328358209,1.1764705882352942,1.4444444444444444,0.6666666666666666,0.7142857142857143,-0.029285936520017427,0.46153846153846156
2023,5,Arizona State Sun Devils,-0.07856642780169634,0.03229354528917207,0.38028169014084506,0.4583333333333333,6.23943661971831,5.0,1.6153846153846154,1.8461538461538463,0.5,0.5,0.014144814358307766,0.14285714285714285
2023,5,Arizona Wildcats,0.1453032469486489,0.24994248803704977,0.5588235294117647,0.5625,5.205882352941177,7.15625,2.6666666666666665,3.1,0.75,0.6666666666666666,0.13443393070323795,0.23076923076923078
2023,5,Arkansas Razorbacks,-0.3346837204215782,-0.09288938276803316,0.26785714285714285,0.44776119402985076,3.9642857142857144,6.746268656716418,1.1538461538461537,1.6666666666666667,0.0,0.3333333333333333,-0.6320249302312732,0.26666666666666666
2023,5,Arkansas State Red Wolves,0.3946614724690797,0.27817505647738777,0.5409836065573771,0.5166666666666667,8.60655737704918,6.8,4.333333333333333,2.3333333333333335,0.75,0.5,0.427549741589106,0.5
2023,5,Auburn Tigers,-0.07164854757369511,0.18907717896289514,0.4126984126984127,0.47540983606557374,4.873015873015873,6.950819672131147,1.8181818181818181,2.4545454545454546,0.5,0.6666666666666666,0.09527250938117504,0.16666666666666666
2023,5,BYU Cougars,0.07307923986361577,0.08875630272641069,0.40384615384615385,0.5238095238095238,6.846153846153846,6.4523809523809526,2.1538461538461537,1.8,0.5,0.0,0.16240209486426377,0.2727272727272727
2023,5,Ball State Cardinals,0.02939017825439328,0.25176801899789086,0.4426229508196721,0.43661971830985913,5.852459016393443,7.042253521126761,2.0,3.230769230769231,0.5,1.0,0.2803418654948473,0.25
2023,5,Baylor Bears,0.1754880680425747,0.06726305335760116,0.47297297297297297,0.4,7.148648648648648,9.1,2.6363636363636362,2.3333333333333335,0.42857142857142855,0.6666666666666666,0.24963270180991717,0.5294117647058824
2023,5,Boise State Broncos,0.26246552392175154,0.23647316328940854,0.5142857142857142,0.46774193548387094,7.414285714285715,7.274193548387097,2.0833333333333335,2.3333333333333335,0.6666666666666666,1.0,0.3940017234456415,0.2
2023,5,Boston College Eagles,-0.053767256333794394,-0.07888619577298399,0.352112676056338,0.4098360655737705,5.774647887323944,5.049180327868853,2.076923076923077,1.8461538461538463,1.0,1.0,-0.1363798256190318,0.26666666666666666
2023,5,Bowling Green Falcons,0.2016241877851352,0.013103193044662476,0.43661971830985913,0.509090909090909,6.098591549295775,8.218181818181819,2.5833333333333335,2.4545454545454546,0.8,0.6,-0.011431159838190619,0.5625
2023,5,Buffalo Bulls,-0.10356492002805075,-0.09986962296745994,0.3466666666666667,0.45454545454545453,2.7333333333333334,4.709090909090909,1.1818181818181819,1.0,1.0,0.5,-0.263939675857436,0.42105263157894735
2023,5,California Golden Bears,0.03229354528917207,-0.07856642780169634,0.4583333333333333,0.38028169014084506,5.0,6.23943661971831,1.8461538461538463,1.6153846153846154,0.5,0.5,-0.07748932230706308,0.2777777777777778
2023,5,Central Michigan Chippewas,0.29264159443286747,0.1733758773189038,0.5384615384615384,0.546875,7.865384615384615,5.578125,2.3636363636363638,2.5555555555555554,0.6666666666666666,0.75,0.3222167861202489,0.3333333333333333
2023,5,Charlotte 49ers,-0.06682458519935608,0.07633255837393589,0.3561643835616438,0.4426229508196721,4.47945205479452,5.950819672131147,0.8181818181818182,3.4,0.6666666666666666,0.5,-0.08242869152213042,0.2
2023,5,Cincinnati Bearcats,0.08875630272641069,0.07307923986361577,0.5238095238095238,0.40384615384615385,6.4523809523809526,6.846153846153846,1.8,2.1538461538461537,0.0,0.5,0.07641837864168106,0.3888888888888889
2023,5,Clemson Tigers,-0.06275454308423731,-0.21288012266159057,0.4166666666666667,0.3384615384615385,5.902777777777778,4.707692307692308,2.2142857142857144,1.0,0.5,1.0,-0.10547951541163704,0.4375
2023,5,Coastal Carolina Chanticleers,0.05919660759322783,0.23035975297292074,0.5441176470588235,0.47435897435897434,6.9411764705882355,5.717948717948718,2.0,2.3846153846153846,0.8,0.5714285714285714,0.009568358063697815,0.2857142857142857
2023,5,Colorado Buffaloes,0.3189478843483362,0.266053510769721,0.48314606741573035,0.45161290322580644,6.280898876404494,8.14516129032258,2.466666666666667,3.0,1.0,0.75,0.3968204759277295,0.5
2023,5,Colorado State Rams,0.3374351745560056,-0.08966758146659652,0.5714285714285714,0.373134328358209,9.063492063492063,5.164179104477612,3.1538461538461537,1.6666666666666667,0.5,0.3333333333333333,0.5082440586001785,0.375
2023,5,Duke Blue Devils,-0.017330260641539273,0.09878461677876729,0.373134328358209,0.31746031746031744,5.119402985074627,6.285714285714286,1.1666666666666667,1.0833333333333333,0.5,0.5,-0.06478624279592551,0.3333333333333333
2023,5,East Carolina Pirates,-0.15475156580109195,-0.004125004705901329,0.3373493975903614,0.36538461538461536,4.951807228915663,6.288461538461538,0.75,1.8461538461538463,0.2,0.6666666666666666,-0.17285564087205013,0.2777777777777778
2023,5,Eastern Michigan Eagles,0.1733758773189038,0.29264159443286747,0.546875,0.5384615384615384,5.578125,7.865384615384615,2.5555555555555554,2.3636363636363638,0.75,0.6666666666666666,0.18484819028526545,0.42857142857142855
2023,5,Florida Gators,-0.056714865742093425,0.2031592077442578,0.423728813559322,0.4107142857142857,5.491525423728813,7.571428571428571,1.4,3.0,1.0,0.6,0.06281392542379242,0.2857142857142857
2023,5,Fresno State Bulldogs,0.020222061859636473,-0.22579081723323235,0.39655172413793105,0.3076923076923077,7.327586206896552,3.276923076923077,2.076923076923077,0.5833333333333334,1.0,1.0,0.04816871773865488,0.4166666666666667
2023,5,Georgia Bulldogs,0.18907717896289514,-0.07164854757369511,0.47540983606557374,0.4126984126984127,6.950819672131147,4.873015873015873,2.4545454545454546,1.8181818181818181,0.6666666666666666,0.5,-0.033588423083225884,0.6153846153846154
2023,5,Georgia Southern Eagles,0.23035975297292074,0.05919660759322783,0.47435897435897434,0.5441176470588235,5.717948717948718,6.9411764705882355,2.3846153846153846,2.0,0.5714285714285714,0.8,0.16917478442192077,0.4117647058823529
2023,5,Georgia State Panthers,-0.21073653002580006,0.25316884042695165,0.4,0.453125,4.966666666666667,6.375,0.6363636363636364,2.5454545454545454,0.3333333333333333,0.5,-0.28648506240411237,0.38461538461538464
2023,5,Georgia Tech Yellow Jackets,0.013103193044662476,0.2016241877851352,0.509090909090909,0.43661971830985913,8.218181818181819,6.098591549295775,2.4545454545454546,2.5833333333333335,0.6,0.8,0.18203654951519435,0.2857142857142857
2023,5,Hawai'i Rainbow Warriors,0.07303075516810183,0.385405418547717,0.45901639344262296,0.45454545454545453,6.377049180327869,7.151515151515151,1.6666666666666667,3.6666666666666665,0.0,0.75,0.15596821655829748,0.18181818181818182
2023,5,Houston Cougars,0.27159106214841205,0.2831919809867596,0.48,0.4482758620689655,6.52,5.9655172413793105,2.3333333333333335,4.2,1.0,1.0,0.13267300846213,0.4666666666666667
2023,5,Illinois Fighting Illini,-0.038646513426845726,0.15938105315401935,0.4393939393939394,0.5217391304347826,5.863636363636363,5.855072463768116,1.3571428571428572,2.5833333333333335,0.6666666666666666,0.8,-0.017510962039232254,0.15384615384615385
2023,5,Indiana Hoosiers,-0.021981867460104134,0.31174217111298014,0.44871794871794873,0.48214285714285715,4.115384615384615,8.571428571428571,1.4166666666666667,3.142857142857143,0.5,1.0,0.029118584502827036,0.29411764705882354
2023,5,Iowa Hawkeyes,-0.4239072653285244,-0.31850556333859764,0.3508771929824561,0.36,4.87719298245614,4.44,1.2666666666666666,0.5625,0.3333333333333333,0.0,-0.3210772506215356,0.15384615384615385
2023,5,Iowa State Cyclones,0.004308789356875776,0.2740206455483156,0.3582089552238806,0.47058823529411764,5.7611940298507465,6.2823529411764705,1.5384615384615385,3.727272727272727,0.0,0.6,-0.12481860869697162,0.13333333333333333
2023,5,Jacksonville State Gamecocks,0.06589013247778922,0.01337984900759614,0.3787878787878788,0.391304347826087,5.954545454545454,4.9021739130434785,2.1875,1.1666666666666667,1.0,0.6666666666666666,0.1911877757973141,0.16666666666666666
2023,5,James Madison Dukes,-0.12752531858590932,-0.21418901165606272,0.3230769230769231,0.29577464788732394,5.892307692307693,4.859154929577465,1.6,1.3529411764705883,0.0,1.0,-0.002161628007888794,0.07692307692307693
2023,5,Kansas Jayhawks,-0.14997700991278345,0.36046989799238915,0.29545454545454547,0.5581395348837209,5.090909090909091,7.755813953488372,1.2727272727272727,3.6363636363636362,,0.6,0.2200626093236839,0.0
2023,5,Kent State Golden Flashes,-0.3158366668682832,-0.06755991390457859,0.2923076923076923,0.3333333333333333,3.4461538461538463,5.518518518518518,0.2727272727272727,1.9166666666666667,0.0,0.25,-0.15183429356585157,0.2
2023,5,Kentucky Wildcats,0.2031592077442578,-0.056714865742093425,0.4107142857142857,0.423728813559322,7.571428571428571,5.491525423728813,3.0,1.4,0.6,1.0,0.36350603687002303,0.2222222222222222
2023,5,LSU Tigers,0.6242585619290669,0.45763407478278334,0.68,0.5113636363636364,9.093333333333334,7.795454545454546,3.230769230769231,3.9166666666666665,0.8333333333333334,0.8333333333333334,0.6846888202887315,0.4
2023,5,Louisiana Ragin' Cajuns,0.0961991314794503,0.27546416549012065,0.43137254901960786,0.53125,6.509803921568627,5.3125,2.4,3.5,0.6666666666666666,1.0,-0.05028650321458515,0.36363636363636365
2023,5,Louisiana Tech Bulldogs,0.029617699530889403,0.00727237493563921,0.37735849056603776,0.3974358974358974,5.6415094339622645,4.653846153846154,1.7,0.9090909090909091,0.6666666666666666,0.25,0.12503813643281053,0.3333333333333333
2023,5,Louisville Cardinals,-0.23058758724120357,-0.3782048204115459,0.3709677419354839,0.2857142857142857,5.274193548387097,4.107142857142857,1.0,0.7692307692307693,0.0,0.5,-0.2285077657018389,0.3076923076923077
2023,5,Marshall Thundering Herd,-0.031017891107461393,-0.18991216904712174,0.5128205128205128,0.2830188679245283,5.6923076923076925,9.754716981132075,2.823529411764706,1.6470588235294117,0.6,0.5,0.1958565959563622,0.25
2023,5,Maryland Terrapins,0.31174217111298014,-0.021981867460104134,0.48214285714285715,0.44871794871794873,8.571428571428571,4.115384615384615,3.142857142857143,1.4166666666666667,1.0,0.5,0.29530383172360336,0.45454545454545453
2023,5,Massachusetts Minutemen,0.27817505647738777,0.3946614724690797,0.5166666666666667,0.5409836065573771,6.8,8.60655737704918,2.3333333333333335,4.333333333333333,0.5,0.75,0.3742749330898126,0.25
2023,5,Memphis Tigers,0.23647316328940854,0.26246552392175154,0.46774193548387094,0.5142857142857142,7.274193548387097,7.414285714285715,2.3333333333333335,2.0833333333333335,1.0,0.6666666666666666,0.31900233030319214,0.38461538461538464
2023,5,Miami (OH) RedHawks,-0.06755991390457859,-0.3158366668682832,0.3333333333333333,0.2923076923076923,5.518518518518518,3.4461538461538463,1.9166666666666667,0.2727272727272727,0.25,0.0,0.09225455480952595,0.18181818181818182
2023,5,Michigan State Spartans,-0.31850556333859764,-0.4239072653285244,0.36,0.3508771929824561,4.44,4.87719298245614,0.5625,1.2666666666666666,0.0,0.3333333333333333,-0.26583120792076503,0.2
2023,5,Michigan Wolverines,0.2881377250761599,0.017047203911675347,0.527027027027027,0.37777777777777777,5.972972972972973,7.088888888888889,4.5,0.7,0.8,0.0,0.22503144268331857,0.5384615384615384
2023,5,Middle Tennessee Blue Raiders,-0.18036872536352236,0.12491505319559121,0.410958904109589,0.4177215189873418,5.328767123287672,5.734177215189874,0.7692307692307693,1.7692307692307692,0.3333333333333333,1.0,-0.23029336248928645,0.25
2023,5,Minnesota Golden Gophers,0.27546416549012065,0.0961991314794503,0.53125,0.43137254901960786,5.3125,6.509803921568627,3.5,2.4,1.0,0.6666666666666666,0.18302464547256628,0.5384615384615384
2023,5,Mississippi State Bulldogs,-0.15533464298140806,0.180562929383346,0.3770491803278688,0.5,5.098360655737705,6.375,1.4166666666666667,3.0,0.6666666666666666,0.5,0.0049267102446821,0.3076923076923077
2023,5,Missouri Tigers,0.31501834630966186,0.052232185123013516,0.48,0.39215686274509803,7.053333333333334,6.176470588235294,2.5833333333333335,1.9090909090909092,0.8,0.5,0.243552616046321,0.25
2023,5,NC State Wolfpack,-0.3782048204115459,-0.23058758724120357,0.2857142857142857,0.3709677419354839,4.107142857142857,5.274193548387097,0.7692307692307693,1.0,0.5,0.0,-0.6133731382015424,0.26666666666666666
2023,5,Navy Midshipmen,-0.19837102357108713,0.13868385804938033,0.3389830508474576,0.44155844155844154,6.813559322033898,5.662337662337662,1.4375,2.8461538461538463,0.75,0.8,0.054593891425188196,0.21428571428571427
2023,5,Nebraska Cornhuskers,0.017047203911675347,0.2881377250761599,0.37777777777777777,0.527027027027027,7.088888888888889,5.972972972972973,0.7,4.5,0.0,0.8,0.09336321733214638,0.3333333333333333
2023,5,Nevada Wolf Pack,-0.22579081723323235,0.020222061859636473,0.3076923076923077,0.39655172413793105,3.276923076923077,7.327586206896552,0.5833333333333334,2.076923076923077,1.0,1.0,-0.24727937237670025,0.26666666666666666
2023,5,New Mexico Lobos,0.31435274464242596,0.25212637867246357,0.5,0.5535714285714286,8.0,8.142857142857142,2.1666666666666665,2.6666666666666665,0.5,0.25,0.3632734463765071,0.42857142857142855
2023,5,North Texas Mean Green,0.2661683972676595,0.1773741083300632,0.48,0.4927536231884058,7.08,5.565217391304348,3.4615384615384617,2.3846153846153846,0.8333333333333334,1.0,0.1821799015594741,0.2857142857142857
2023,5,Northern Illinois Huskies,0.13803221356301082,0.15963899405276188,0.5079365079365079,0.47540983606557374,7.0,9.278688524590164,2.0,2.9166666666666665,0.5,1.0,0.2984763400734596,0.2
2023,5,Northwestern Wildcats,-0.38398581128271797,0.13538577208216762,0.31746031746031744,0.4225352112676056,2.7777777777777777,4.859154929577465,1.0,3.1538461538461537,0.3333333333333333,0.8,-0.4255461699432797,0.3125
2023,5,Notre Dame Fighting Irish,0.09878461677876729,-0.017330260641539273,0.31746031746031744,0.373134328358209,6.285714285714286,5.119402985074627,1.0833333333333333,1.1666666666666667,0.5,0.5,0.08316439522637262,0.2
2023,5,Oklahoma Sooners,0.2740206455483156,0.004308789356875776,0.47058823529411764,0.3582089552238806,6.2823529411764705,5.7611940298507465,3.727272727272727,1.5384615384615385,0.6,0.0,0.23378675950295996,0.4375
2023,5,Old Dominion Monarchs,-0.18991216904712174,-0.031017891107461393,0.2830188679245283,0.5128205128205128,9.754716981132075,5.6923076923076925,1.6470588235294117,2.823529411764706,0.5,0.6,0.12840303543366885,0.15384615384615385
2023,5,Ole Miss Rebels,0.45763407478278334,0.6242585619290669,0.5113636363636364,0.68,7.795454545454546,9.093333333333334,3.9166666666666665,3.230769230769231,0.8333333333333334,0.8333333333333334,0.2747437612733979,0.5
2023,5,Oregon Ducks,0.5051588597944228,-0.22521068113190787,0.6779661016949152,0.38571428571428573,8.64406779661017,3.1714285714285713,4.2,0.6666666666666666,0.8,0.0,0.37027459606832386,0.6666666666666666
2023,5,Oregon State Beavers,-0.026632063701504567,-0.3280946038296965,0.3770491803278688,0.29508196721311475,5.934426229508197,3.2295081967213113,1.6153846153846154,0.5384615384615384,1.0,0.0,-0.1155239695852453,0.26666666666666666
2023,5,Penn State Nittany Lions,0.13538577208216762,-0.38398581128271797,0.4225352112676056,0.31746031746031744,4.859154929577465,2.7777777777777777,3.1538461538461537,1.0,0.8,0.3333333333333333,0.054983184314691104,0.47058823529411764
2023,5,Pittsburgh Panthers,0.14616578343239697,0.10639959716633575,0.3409090909090909,0.4794520547945205,6.068181818181818,6.273972602739726,1.1666666666666667,2.2142857142857144,,0.75,0.38883473636472926,0.2
2023,5,Purdue Boilermakers,0.15938105315401935,-0.038646513426845726,0.5217391304347826,0.4393939393939394,5.855072463768116,5.863636363636363,2.5833333333333335,1.3571428571428572,0.8,0.6666666666666666,0.028267611882516315,0.5384615384615384
2023,5,Rice Owls,-0.004125004705901329,-0.15475156580109195,0.36538461538461536,0.3373493975903614,6.288461538461538,4.951807228915663,1.8461538461538463,0.75,0.6666666666666666,0.2,-0.06048878364083243,0.2727272727272727
2023,5,Rutgers Scarlet Knights,0.36073997341198466,-0.446185230000599,0.5753424657534246,0.2702702702702703,5.986301369863014,2.864864864864865,4.5,0.3333333333333333,1.0,0.0,0.26795606417902584,0.4
2023,5,SMU Mustangs,0.07633255837393589,-0.06682458519935608,0.4426229508196721,0.3561643835616438,5.950819672131147,4.47945205479452,3.4,0.8181818181818182,0.5,0.6666666666666666,-0.07430264612902766,0.5714285714285714
2023,5,Sam Houston Bearkats,0.01337984900759614,0.06589013247778922,0.391304347826087,0.3787878787878788,4.9021739130434785,5.954545454545454,1.1666666666666667,2.1875,0.6666666666666666,1.0,0.012624489622456686,0.35
2023,5,San Diego State Aztecs,-0.07766316180879419,0.5712615589478186,0.4727272727272727,0.6607142857142857,4.8545454545454545,9.053571428571429,1.1111111111111112,5.25,,1.0,-0.04774983188039378,0.3076923076923077
2023,5,South Alabama Jaguars,-0.21418901165606272,-0.12752531858590932,0.29577464788732394,0.3230769230769231,4.859154929577465,5.892307692307693,1.3529411764705883,1.6,1.0,0.0,-0.061265451871618935,0.2777777777777778
2023,5,South Carolina Gamecocks,-0.12993185029875848,0.14007361829280854,0.3548387096774194,0.4857142857142857,5.935483870967742,6.8428571428571425,1.1111111111111112,2.125,0.5,0.6,0.1958952737706048,0.06666666666666667
2023,5,South Florida Bulls,0.13868385804938033,-0.19837102357108713,0.44155844155844154,0.3389830508474576,5.662337662337662,6.813559322033898,2.8461538461538463,1.4375,0.8,0.75,0.048728158338028085,0.3125
2023,5,Southern Miss Golden Eagles,0.0800806253120817,0.21088716806026928,0.41379310344827586,0.5614035087719298,5.7701149425287355,9.105263157894736,2.25,3.2666666666666666,0.7142857142857143,1.0,0.07343650777493754,0.4
2023,5,Stanford Cardinal,-0.22521068113190787,0.5051588597944228,0.38571428571428573,0.6779661016949152,3.1714285714285713,8.64406779661017,0.6666666666666666,4.2,0.0,0.8,-0.2596788173136504,0.3333333333333333
2023,5,Syracuse Orange,-0.21288012266159057,-0.06275454308423731,0.3384615384615385,0.4166666666666667,4.707692307692308,5.902777777777778,1.0,2.2142857142857144,1.0,0.5,-0.3939730702562535,0.4117647058823529
2023,5,TCU Horned Frogs,0.10359428765682074,0.03194856915682081,0.38461538461538464,0.4444444444444444,5.948717948717949,5.809523809523809,1.75,1.8461538461538463,0.0,0.6666666666666666,-0.010388925671577454,0.3333333333333333
2023,5,Temple Owls,-0.12802211535828453,0.3833705924343372,0.4,0.5217391304347826,4.671428571428572,8.014492753623188,1.5,3.6923076923076925,0.5,0.6666666666666666,-0.06366466050562651,0.3333333333333333
2023,5,Tennessee Volunteers,0.14007361829280854,-0.12993185029875848,0.4857142857142857,0.3548387096774194,6.8428571428571425,5.935483870967742,2.125,1.1111111111111112,0.6,0.5,0.16486865116490257,0.3333333333333333
2023,5,Texas A&M Aggies,-0.09288938276803316,-0.3346837204215782,0.44776119402985076,0.26785714285714285,6.746268656716418,3.9642857142857144,1.6666666666666667,1.1538461538461537,0.3333333333333333,0.0,-0.24555795449836582,0.4666666666666667
2023,5,Texas Longhorns,0.36046989799238915,-0.14997700991278345,0.5581395348837209,0.29545454545454547,7.755813953488372,5.090909090909091,3.6363636363636362,1.2727272727272727,0.6,,0.15380874254565308,0.4666666666666667
2023,5,Texas State Bobcats,0.21088716806026928,0.0800806253120817,0.5614035087719298,0.41379310344827586,9.105263157894736,5.7701149425287355,3.2666666666666666,2.25,1.0,0.7142857142857143,0.12207431284089883,0.2222222222222222
2023,5,Texas Tech Red Raiders,0.2831919809867596,0.27159106214841205,0.4482758620689655,0.48,5.9655172413793105,6.52,4.2,2.3333333333333335,1.0,1.0,0.2790595111639603,0.5454545454545454
2023,5,Toledo Rockets,0.15963899405276188,0.13803221356301082,0.47540983606557374,0.5079365079365079,9.278688524590164,7.0,2.9166666666666665,2.0,1.0,0.5,0.26256338879466057,0.2
2023,5,Troy Trojans,0.25316884042695165,-0.21073653002580006,0.453125,0.4,6.375,4.966666666666667,2.5454545454545454,0.6363636363636364,0.5,0.3333333333333333,0.15622274756431578,0.38461538461538464
2023,5,Tulane Green Wave,0.2498483695681133,0.11589838109082645,0.47619047619047616,0.5,7.476190476190476,6.208333333333333,2.8,2.090909090909091,0.8,0.4,0.05777384400367737,0.3
2023,5,Tulsa Golden Hurricane,0.3833705924343372,-0.12802211535828453,0.5217391304347826,0.4,8.014492753623188,4.671428571428572,3.6923076923076925,1.5,0.6666666666666666,0.5,0.17001604040463766,0.5
2023,5,UAB Blazers,0.11589838109082645,0.2498483695681133,0.5,0.47619047619047616,6.208333333333333,7.476190476190476,2.090909090909091,2.8,0.4,0.8,0.09484897789202239,0.38461538461538464
2023,5,UCF Knights,0.06726305335760116,0.1754880680425747,0.4,0.47297297297297297,9.1,7.148648648648648,2.3333333333333335,2.6363636363636362,0.6666666666666666,0.42857142857142855,0.1719106786780887,0.3076923076923077
2023,5,UConn Huskies,0.15483413656036576,0.09089539506856133,0.5324675324675324,0.45098039215686275,6.233766233766234,7.333333333333333,2.076923076923077,2.6153846153846154,0.5,0.3333333333333333,0.2273277093966802,0.35714285714285715
2023,5,UL Monroe Warhawks,0.044084209337163324,0.09568503458205968,0.4925373134328358,0.5068493150684932,7.373134328358209,7.068493150684931,1.4444444444444444,1.1764705882352942,0.7142857142857143,0.6666666666666666,0.02165492553755922,0.18181818181818182
2023,5,UNLV Rebels,0.385405418547717,0.07303075516810183,0.45454545454545453,0.45901639344262296,7.151515151515151,6.377049180327869,3.6666666666666665,1.6666666666666667,0.75,0.0,0.2939605891704559,0.4666666666666667
2023,5,USC Trojans,0.266053510769721,0.3189478843483362,0.45161290322580644,0.48314606741573035,8.14516129032258,6.280898876404494,3.0,2.466666666666667,0.75,1.0,0.23058927555878958,0.125
2023,5,UTEP Miners,0.00727237493563921,0.029617699530889403,0.3974358974358974,0.37735849056603776,4.653846153846154,5.6415094339622645,0.9090909090909091,1.7,0.25,0.6666666666666666,-0.1913444534787592,0.15789473684210525
2023,5,Utah State Aggies,0.09089539506856133,0.15483413656036576,0.45098039215686275,0.5324675324675324,7.333333333333333,6.233766233766234,2.6153846153846154,2.076923076923077,0.3333333333333333,0.5,0.13779153749346734,0.3
2023,5,Utah Tech Trailblazers,-0.08966758146659652,0.3374351745560056,0.373134328358209,0.5714285714285714,5.164179104477612,9.063492063492063,1.6666666666666667,3.1538461538461537,0.3333333333333333,0.5,-0.10405832483452193,0.3333333333333333
2023,5,Utah Utes,-0.3280946038296965,-0.026632063701504567,0.29508196721311475,0.3770491803278688,3.2295081967213113,5.934426229508197,0.5384615384615384,1.6153846153846154,0.0,1.0,-0.11287824047936333,0.16666666666666666
2023,5,Vanderbilt Commodores,0.052232185123013516,0.31501834630966186,0.39215686274509803,0.48,6.176470588235294,7.053333333333334,1.9090909090909092,2.5833333333333335,0.5,0.8,0.12764561214508155,0.2
2023,5,Virginia Cavaliers,-0.07888619577298399,-0.053767256333794394,0.4098360655737705,0.352112676056338,5.049180327868853,5.774647887323944,1.8461538461538463,2.076923076923077,1.0,1.0,0.11121024253467719,0.25
2023,5,Virginia Tech Hokies,0.10639959716633575,0.14616578343239697,0.4794520547945205,0.3409090909090909,6.273972602739726,6.068181818181818,2.2142857142857144,1.1666666666666667,0.75,,0.027768387577750468,0.375
2023,5,Wagner Seahawks,-0.446185230000599,0.36073997341198466,0.2702702702702703,0.5753424657534246,2.864864864864865,5.986301369863014,0.3333333333333333,4.5,0.0,1.0,-0.16734470537415258,0.1111111111111111
2023,5,Washington Huskies,0.24994248803704977,0.1453032469486489,0.5625,0.5588235294117647,7.15625,5.205882352941177,3.1,2.6666666666666665,0.6666666666666666,0.75,0.19299311907786243,0.6
2023,5,West Virginia Mountaineers,0.03194856915682081,0.10359428765682074,0.4444444444444444,0.38461538461538464,5.809523809523809,5.948717948717949,1.8461538461538463,1.75,0.6666666666666666,0.0,0.1979468285720399,0.23076923076923078
2023,5,Western Kentucky Hilltoppers,0.12491505319559121,-0.18036872536352236,0.4177215189873418,0.410958904109589,5.734177215189874,5.328767123287672,1.7692307692307692,0.7692307692307693,1.0,0.3333333333333333,-0.004838424718986123,0.3684210526315789
2023,5,Western Michigan Broncos,0.25176801899789086,0.02939017825439328,0.43661971830985913,0.4426229508196721,7.042253521126761,5.852459016393443,3.230769230769231,2.0,1.0,0.5,0.3352280189593633,0.36363636363636365
2023,5,Wyoming Cowboys,0.25212637867246357,0.31435274464242596,0.5535714285714286,0.5,8.142857142857142,8.0,2.6666666666666665,2.1666666666666665,0.25,0.5,0.48543597304302716,0.2
2023,6,Akron Zips,-0.13535227937788902,0.4575142069504811,0.34177215189873417,0.5384615384615384,3.392405063291139,11.0,1.0,3.769230769230769,0.5,1.0,-0.09878731166061602,0.25
2023,6,Alabama Crimson Tide,-0.06251007318496704,-0.09125078776851296,0.3898305084745763,0.3333333333333333,6.033898305084746,5.266666666666667,1.8461538461538463,1.5384615384615385,1.0,0.4,-0.07971757132074107,0.16666666666666666
2023,6,Arizona State Sun Devils,0.07973281809916863,0.056157218785408664,0.4230769230769231,0.4117647058823529,5.217948717948718,4.573529411764706,1.7142857142857142,2.25,0.75,1.0,0.010583529184604513,0.29411764705882354
2023,6,Arizona Wildcats,0.2658976171310846,0.2671017069685257,0.5064935064935064,0.5084745762711864,7.194805194805195,6.406779661016949,2.6923076923076925,3.0714285714285716,0.6,0.75,0.1704166796752962,0.5
2023,6,Arkansas Razorbacks,-0.07123877425842426,-0.006629001462098324,0.39705882352941174,0.4090909090909091,4.235294117647059,4.954545454545454,1.6666666666666667,2.25,0.6666666666666666,0.6,-0.17060225866004533,0.375
2023,6,Arkansas State Red Wolves,-0.38471539697404633,0.1488632789679936,0.3220338983050847,0.44285714285714284,3.440677966101695,6.757142857142857,0.2727272727272727,3.0833333333333335,0.0,0.5,-0.32308228734212047,0.25
2023,6,Army Black Knights,0.07541819467492726,0.15280823031468177,0.45652173913043476,0.43283582089552236,7.0,6.17910447761194,2.4,2.7,0.75,1.0,0.28197992965579033,0.3
2023,6,Ball State Cardinals,-0.21416368849318604,0.009298417430657607,0.3793103448275862,0.4461538461538462,5.517241379310345,4.2,0.7142857142857143,2.0,0.3333333333333333,0.6666666666666666,0.058023739783536823,0.16666666666666666
2023,6,Baylor Bears,-0.14666349185364588,0.13705344362692398,0.37142857142857144,0.5,4.357142857142857,5.681818181818182,1.0,3.5384615384615383,0.25,0.7142857142857143,-0.12221535295248032,0.25
2023,6,Boise State Broncos,0.23877922864630818,0.037315083401543755,0.515625,0.4126984126984127,7.734375,6.7936507936507935,2.6923076923076925,1.9285714285714286,1.0,0.6,0.00143702649602703,0.2727272727272727
2023,6,Boston College Eagles,0.15280823031468177,0.07541819467492726,0.43283582089552236,0.45652173913043476,6.17910447761194,7.0,2.7,2.4,1.0,0.75,-0.08417198188761447,0.3125
2023,6,Bowling Green Falcons,-0.22443474714572614,0.12495498794775743,0.38461538461538464,0.49230769230769234,3.6153846153846154,5.6,0.0,3.375,0.0,0.6666666666666666,-0.2589112762361765,0.16666666666666666
2023,6,Buffalo Bulls,0.03663746651206443,-0.27172728188526935,0.44776119402985076,0.358974358974359,5.298507462686567,5.346153846153846,2.090909090909091,1.0,0.5,1.0,0.1310950153005811,0.23076923076923078
2023,6,California Golden Bears,0.25392687504108136,0.39700089503025665,0.5230769230769231,0.5797101449275363,7.4,7.3478260869565215,2.857142857142857,3.7142857142857144,0.8,0.8571428571428571,0.2944593539944402,0.3
2023,6,Central Michigan Chippewas,-0.27172728188526935,0.03663746651206443,0.358974358974359,0.44776119402985076,5.346153846153846,5.298507462686567,1.0,2.090909090909091,1.0,0.5,-0.26414120458720025,0.35294117647058826
2023,6,Clemson Tigers,0.0398706960327485,-0.23399845215063247,0.4852941176470588,0.42857142857142855,5.117647058823529,4.063492063492063,1.5454545454545454,0.5,0.5,0.2,0.03869438054514866,0.4
2023,6,Colorado Buffaloes,0.056157218785408664,0.07973281809916863,0.4117647058823529,0.4230769230769231,4.573529411764706,5.217948717948718,2.25,1.7142857142857142,1.0,0.75,-0.0479255602786354,0.26666666666666666
2023,6,Colorado State Rams,-0.16709517569440166,0.22416616401758538,0.36585365853658536,0.43373493975903615,3.902439024390244,7.566265060240964,1.0,2.588235294117647,0.3333333333333333,0.6666666666666666,-0.30814816680599433,0.3157894736842105
2023,6,Eastern Michigan Eagles,0.009298417430657607,-0.21416368849318604,0.4461538461538462,0.3793103448275862,4.2,5.517241379310345,2.0,0.7142857142857143,0.6666666666666666,0.3333333333333333,0.015308027565479278,0.38461538461538464
2023,6,Florida Atlantic Owls,-0.049629931064213026,0.11061001663476648,0.39705882352941174,0.43661971830985913,5.838235294117647,5.690140845070423,1.6666666666666667,1.4166666666666667,0.4,0.6666666666666666,-0.02953477740287781,0.3125
2023,6,Florida Gators,0.306580109631314,-0.052568430510851055,0.5294117647058824,0.36538461538461536,7.455882352941177,6.538461538461538,3.4545454545454546,1.2727272727272727,0.8333333333333334,0.0,0.19857045582362584,0.45454545454545453
2023,6,Florida International Panthers,-0.034800733454891895,0.15011206822049233,0.47540983606557374,0.46774193548387094,6.639344262295082,7.080645161290323,1.2142857142857142,2.8333333333333335,0.4,0.5,-0.06827789644400278,0.3076923076923077
2023,6,Florida State Seminoles,0.3650584863177661,-0.07090167773346748,0.4482758620689655,0.4032258064516129,7.775862068965517,5.290322580645161,3.25,1.5454545454545454,0.6666666666666666,0.5,0.3334334162266358,0.2727272727272727
2023,6,Fresno State Bulldogs,0.07043472184584691,0.10221191584053686,0.46153846153846156,0.4576271186440678,5.015384615384615,5.135593220338983,1.7272727272727273,2.4,0.6666666666666666,0.75,-0.05353704063842694,0.3333333333333333
2023,6,Georgia Bulldogs,0.41802639504001565,-0.11910208195447922,0.6164383561643836,0.34,9.082191780821917,3.16,4.636363636363637,1.1818181818181819,0.6666666666666666,1.0,0.4198183739771608,0.5454545454545454
2023,6,Georgia Tech Yellow Jackets,-0.1383778928564145,-0.146680215994517,0.36538461538461536,0.4567901234567901,4.8076923076923075,5.580246913580247,1.1428571428571428,1.5384615384615385,0.6,0.25,-0.20741951694855323,0.23076923076923078
2023,6,Howard Bison,0.14177136775106192,0.11042993118365606,0.421875,0.48333333333333334,5.515625,5.1,2.0,1.9090909090909092,0.5,0.5,0.13250319374368547,0.4666666666666667
2023,6,Illinois Fighting Illini,-0.23269501305890805,-0.07735894620418549,0.3787878787878788,0.4166666666666667,5.575757575757576,4.361111111111111,0.5384615384615384,1.4285714285714286,0.0,0.16666666666666666,0.07786565099624877,0.26666666666666666
2023,6,Iowa Hawkeyes,-0.22264851376695452,-0.19383967916170755,0.24528301886792453,0.47435897435897434,5.60377358490566,4.4743589743589745,1.3333333333333333,1.0,0.0,0.5,-0.16053825616836548,0.15384615384615385
2023,6,Iowa State Cyclones,0.012226901708110686,-0.13792501298123844,0.43548387096774194,0.410958904109589,5.725806451612903,5.534246575342466,1.0625,0.8235294117647058,0.5,0.5,0.014920051978982014,0.3333333333333333
2023,6,Jacksonville State Gamecocks,-0.08644273078167125,-0.16772894507431121,0.3815789473684211,0.3493975903614458,5.434210526315789,7.168674698795181,2.0,1.5789473684210527,0.8,0.4,0.12791055780170218,0.21052631578947367
2023,6,Kansas Jayhawks,0.427087509884469,0.2537497989222652,0.5967741935483871,0.5409836065573771,8.17741935483871,6.180327868852459,4.4,2.0,0.7142857142857143,1.0,0.41661454572413975,0.5555555555555556
2023,6,Kansas State Wildcats,-0.07772902088860671,-0.030395283086879832,0.4027777777777778,0.3918918918918919,6.041666666666667,5.405405405405405,1.0,1.6923076923076923,0.75,0.16666666666666666,0.12353987963153766,0.375
2023,6,Kent State Golden Flashes,-0.04938826044755323,0.21284696304086428,0.35714285714285715,0.47761194029850745,4.160714285714286,6.955223880597015,1.1333333333333333,2.0,0.5,0.6,-0.11465855044397441,0.2727272727272727
2023,6,Kentucky Wildcats,-0.11910208195447922,0.41802639504001565,0.34,0.6164383561643836,3.16,9.082191780821917,1.1818181818181819,4.636363636363637,1.0,0.6666666666666666,-0.007777863035076543,0.18181818181818182
2023,6,LSU Tigers,0.4742110009376819,0.25987635530969677,0.5384615384615384,0.5147058823529411,8.215384615384615,7.764705882352941,3.5,2.4615384615384617,0.5,1.0,0.4289504087196206,0.4166666666666667
2023,6,Liberty Flames,0.15951513767730993,-0.030606900179196917,0.4098360655737705,0.38095238095238093,7.360655737704918,5.4603174603174605,1.3125,1.2307692307692308,0.6666666666666666,0.4,0.1019999253305983,0.42857142857142855
2023,6,Louisiana Ragin' Cajuns,0.31741425050077615,0.13245814758188584,0.48148148148148145,0.5294117647058824,7.796296296296297,6.470588235294118,1.75,3.0,0.5,0.42857142857142855,0.13796345837587534,0.6
2023,6,Louisiana Tech Bulldogs,-0.0050160732024755236,0.07037152299436472,0.4358974358974359,0.3389830508474576,5.0,7.254237288135593,1.75,1.9444444444444444,0.75,1.0,-0.08482627218419855,0.23529411764705882
2023,6,Louisville Cardinals,0.04953812543422945,-0.34863404769163864,0.45161290322580644,0.4,5.596774193548387,5.184615384615385,2.2,1.3333333333333333,0.3333333333333333,1.0,0.0344475323849536,0.4666666666666667
2023,6,Marshall Thundering Herd,-0.11418827174400742,-0.029541498951373563,0.36363636363636365,0.3548387096774194,4.806818181818182,7.17741935483871,1.8888888888888888,2.526315789473684,0.6,0.6,0.010244342570121471,0.2777777777777778
2023,6,Maryland Terrapins,-0.2210562204992449,0.26361035391435783,0.3918918918918919,0.4406779661016949,4.621621621621622,7.1525423728813555,1.3076923076923077,2.5,0.5,0.5,-0.09853202104568481,0.47368421052631576
2023,6,Massachusetts Minutemen,0.23648995834012185,0.47207206031007154,0.41935483870967744,0.532258064516129,7.629032258064516,8.709677419354838,2.0,3.727272727272727,0.0,0.5,0.15824854191468687,0.3076923076923077
2023,6,Miami (OH) RedHawks,0.12495498794775743,-0.22443474714572614,0.49230769230769234,0.38461538461538464,5.6,3.6153846153846154,3.375,0.0,0.6666666666666666,0.0,-0.0651859598500388,0.4666666666666667
2023,6,Miami Hurricanes,-0.146680215994517,-0.1383778928564145,0.4567901234567901,0.36538461538461536,5.580246913580247,4.8076923076923075,1.5384615384615385,1.1428571428571428,0.25,0.6,0.017007559537887573,0.4375
2023,6,Michigan Wolverines,0.30146306334880363,-0.342884839911546,0.5614035087719298,0.3392857142857143,7.4035087719298245,3.7857142857142856,3.8,0.8333333333333334,0.8,,0.2809687023577483,0.4
2023,6,Middle Tennessee Blue Raiders,-0.16772894507431121,-0.08644273078167125,0.3493975903614458,0.3815789473684211,7.168674698795181,5.434210526315789,1.5789473684210527,2.0,0.4,0.8,-0.19045060140187622,0.35
2023,6,Minnesota Golden Gophers,-0.342884839911546,0.30146306334880363,0.3392857142857143,0.5614035087719298,3.7857142857142856,7.4035087719298245,0.8333333333333334,3.8,,0.8,-0.29580393694341184,0.14285714285714285
2023,6,Mississippi State Bulldogs,0.12573990730138926,0.1207829030690255,0.46153846153846156,0.45454545454545453,6.769230769230769,5.363636363636363,3.1538461538461537,2.0,0.6666666666666666,1.0,0.18559089303016663,0.3076923076923077
2023,6,Missouri Tigers,0.25987635530969677,0.4742110009376819,0.5147058823529411,0.5384615384615384,7.764705882352941,8.215384615384615,2.4615384615384617,3.5,1.0,0.5,0.2765811391852119,0.2727272727272727
2023,6,NC State Wolfpack,-0.029541498951373563,-0.11418827174400742,0.3548387096774194,0.36363636363636365,7.17741935483871,4.806818181818182,2.526315789473684,1.8888888888888888,0.6,0.6,0.0008762394096337113,0.18181818181818182
2023,6,Navy Midshipmen,0.22993058057931753,0.24426198264826898,0.5538461538461539,0.4492753623188406,6.3076923076923075,6.855072463768116,2.076923076923077,2.1818181818181817,0.5,0.5,0.3648238369062835,0.3333333333333333
2023,6,Nebraska Cornhuskers,-0.07735894620418549,-0.23269501305890805,0.4166666666666667,0.3787878787878788,4.361111111111111,5.575757575757576,1.4285714285714286,0.5384615384615384,0.16666666666666666,0.0,-0.07275207553591047,0.3333333333333333
2023,6,New Mexico State Aggies,0.15011206822049233,-0.034800733454891895,0.46774193548387094,0.47540983606557374,7.080645161290323,6.639344262295082,2.8333333333333335,1.2142857142857142,0.5,0.4,0.2813468537494248,0.2
2023,6,North Carolina Tar Heels,0.1732423078889648,-0.05371321380138397,0.5416666666666666,0.44,6.322916666666667,5.12,4.0,0.6363636363636364,0.2857142857142857,1.0,0.1736865627604562,0.42857142857142855
2023,6,North Texas Mean Green,0.24426198264826898,0.22993058057931753,0.4492753623188406,0.5538461538461539,6.855072463768116,6.3076923076923075,2.1818181818181817,2.076923076923077,0.5,0.5,0.3927668940346196,0.18181818181818182
2023,6,Northern Illinois Huskies,0.4575142069504811,-0.13535227937788902,0.5384615384615384,0.34177215189873417,11.0,3.392405063291139,3.769230769230769,1.0,1.0,0.5,0.5904851456483206,0.125
2023,6,Northwestern Wildcats,0.11042993118365606,0.14177136775106192,0.48333333333333334,0.421875,5.1,5.515625,1.9090909090909092,2.0,0.5,0.5,0.12603526594846146,0.5384615384615384
2023,6,Notre Dame Fighting Irish,-0.34863404769163864,0.04953812543422945,0.4,0.45161290322580644,5.184615384615385,5.596774193548387,1.3333333333333333,2.2,1.0,0.3333333333333333,-0.15680267572402953,0.15384615384615385
2023,6,Ohio Bobcats,0.21284696304086428,-0.04938826044755323,0.47761194029850745,0.35714285714285715,6.955223880597015,4.160714285714286,2.0,1.1333333333333333,0.6,0.5,0.24042329278129798,0.5714285714285714
2023,6,Ohio State Buckeyes,0.26361035391435783,-0.2210562204992449,0.4406779661016949,0.3918918918918919,7.1525423728813555,4.621621621621622,2.5,1.3076923076923077,0.5,0.5,0.26952153314714844,0.18181818181818182
2023,6,Oklahoma Sooners,0.15730504507635845,0.12271125270770146,0.5061728395061729,0.48717948717948717,6.135802469135802,7.038461538461538,2.8333333333333335,1.9166666666666667,0.6666666666666666,0.0,0.24249923432415182,0.35714285714285715
2023,6,Oklahoma State Cowboys,-0.030395283086879832,-0.07772902088860671,0.3918918918918919,0.4027777777777778,5.405405405405405,6.041666666666667,1.6923076923076923,1.0,0.16666666666666666,0.75,0.023450670459053732,0.35294117647058826
2023,6,Old Dominion Monarchs,-0.06861875768293414,-0.14539020540921585,0.3508771929824561,0.4057971014492754,5.947368421052632,3.927536231884058,0.5882352941176471,0.23076923076923078,0.4,0.0,0.010254544871194022,0.35714285714285715
2023,6,Ole Miss Rebels,-0.006629001462098324,-0.07123877425842426,0.4090909090909091,0.39705882352941174,4.954545454545454,4.235294117647059,2.25,1.6666666666666667,0.6,0.6666666666666666,0.10234377264976502,0.15384615384615385
2023,6,Oregon State Beavers,0.39700089503025665,0.25392687504108136,0.5797101449275363,0.5230769230769231,7.3478260869565215,7.4,3.7142857142857144,2.857142857142857,0.8571428571428571,0.8,0.11526283095864688,0.3076923076923077
2023,6,Purdue Boilermakers,-0.19383967916170755,-0.22264851376695452,0.47435897435897434,0.24528301886792453,4.4743589743589745,5.60377358490566,1.0,1.3333333333333333,0.5,0.0,-0.20345471370018134,0.5
2023,6,Rice Owls,0.07059848691735948,0.24070527452103635,0.5428571428571428,0.44680851063829785,7.671428571428572,6.957446808510638,2.3846153846153846,0.6428571428571429,0.5,1.0,-0.029176058405536717,0.3333333333333333
2023,6,Rutgers Scarlet Knights,-0.20970697145340805,-0.13670584775115313,0.3389830508474576,0.47368421052631576,6.728813559322034,4.842105263157895,1.0,1.4166666666666667,0.5,0.6666666666666666,-0.09900766379303402,0.08333333333333333
2023,6,Sam Houston Bearkats,-0.030606900179196917,0.15951513767730993,0.38095238095238093,0.4098360655737705,5.4603174603174605,7.360655737704918,1.2307692307692308,1.3125,0.4,0.6666666666666666,0.05638711693439078,0.14285714285714285
2023,6,San José State Spartans,0.037315083401543755,0.23877922864630818,0.4126984126984127,0.515625,6.7936507936507935,7.734375,1.9285714285714286,2.6923076923076925,0.6,1.0,0.1298316297482471,0.3333333333333333
2023,6,South Alabama Jaguars,0.4114874674950117,-0.20350275933742523,0.5679012345679012,0.423728813559322,7.271604938271605,4.237288135593221,2.6470588235294117,0.5384615384615384,0.8333333333333334,0.5,0.26578627366286056,0.46153846153846156
2023,6,South Florida Bulls,0.11436409576807494,0.38547348499298095,0.4691358024691358,0.4533333333333333,5.864197530864198,9.28,2.3333333333333335,3.2666666666666666,0.8,0.5,0.09684555522971235,0.35294117647058826
2023,6,Southern Miss Golden Eagles,-0.14539020540921585,-0.06861875768293414,0.4057971014492754,0.3508771929824561,3.927536231884058,5.947368421052632,0.23076923076923078,0.5882352941176471,0.0,0.4,-0.14467528141012378,0.375
2023,6,Syracuse Orange,-0.05371321380138397,0.1732423078889648,0.44,0.5416666666666666,5.12,6.322916666666667,0.6363636363636364,4.0,1.0,0.2857142857142857,0.013383477926254272,0.36363636363636365
2023,6,TCU Horned Frogs,-0.13792501298123844,0.012226901708110686,0.410958904109589,0.43548387096774194,5.534246575342466,5.725806451612903,0.8235294117647058,1.0625,0.5,0.5,-0.20773183088749647,0.42857142857142855
2023,6,Temple Owls,0.14815567671618562,0.4287622955346864,0.44680851063829785,0.5079365079365079,5.76595744680851,7.555555555555555,2.8333333333333335,3.769230769230769,0.75,1.0,-0.0031712734273501805,0.5
2023,6,Texas A&M Aggies,-0.09125078776851296,-0.06251007318496704,0.3333333333333333,0.3898305084745763,5.266666666666667,6.033898305084746,1.5384615384615385,1.8461538461538463,0.4,1.0,-0.13869087822101217,0.3333333333333333
2023,6,Texas Longhorns,0.12271125270770146,0.15730504507635845,0.48717948717948717,0.5061728395061729,7.038461538461538,6.135802469135802,1.9166666666666667,2.8333333333333335,0.0,0.6666666666666666,-0.016710389653841654,0.35714285714285715
2023,6,Texas State Bobcats,0.13245814758188584,0.31741425050077615,0.5294117647058824,0.48148148148148145,6.470588235294118,7.796296296296297,3.0,1.75,0.42857142857142855,0.5,0.10771558559857881,0.3333333333333333
2023,6,Texas Tech Red Raiders,0.13705344362692398,-0.14666349185364588,0.5,0.37142857142857144,5.681818181818182,4.357142857142857,3.5384615384615383,1.0,0.7142857142857143,0.25,-0.09360386366429536,0.3888888888888889
2023,6,Toledo Rockets,0.47207206031007154,0.23648995834012185,0.532258064516129,0.41935483870967744,8.709677419354838,7.629032258064516,3.727272727272727,2.0,0.5,0.0,0.002669101499992868,0.4
2023,6,Troy Trojans,0.1488632789679936,-0.38471539697404633,0.44285714285714284,0.3220338983050847,6.757142857142857,3.440677966101695,3.0833333333333335,0.2727272727272727,0.5,0.0,0.027654231678355824,0.21428571428571427
2023,6,Tulsa Golden Hurricane,0.11061001663476648,-0.049629931064213026,0.43661971830985913,0.39705882352941174,5.690140845070423,5.838235294117647,1.4166666666666667,1.6666666666666667,0.6666666666666666,0.4,-0.12770094037055968,0.4117647058823529
2023,6,UAB Blazers,0.38547348499298095,0.11436409576807494,0.4533333333333333,0.4691358024691358,9.28,5.864197530864198,3.2666666666666666,2.3333333333333335,0.5,0.8,0.1798519382874171,0.09090909090909091
2023,6,UCF Knights,0.2537497989222652,0.427087509884469,0.5409836065573771,0.5967741935483871,6.180327868852459,8.17741935483871,2.0,4.4,1.0,0.7142857142857143,0.25412775374328095,0.5833333333333334
2023,6,UCLA Bruins,-0.08926151019911613,-0.5173860686390024,0.3763440860215054,0.2982456140350877,6.161290322580645,3.789473684210526,1.3888888888888888,0.5882352941176471,0.2857142857142857,0.3333333333333333,-0.005932793910823651,0.30434782608695654
2023,6,UConn Huskies,0.24070527452103635,0.07059848691735948,0.44680851063829785,0.5428571428571428,6.957446808510638,7.671428571428572,0.6428571428571429,2.3846153846153846,1.0,0.5,0.3553613753695237,0.2222222222222222
2023,6,UL Monroe Warhawks,-0.20350275933742523,0.4114874674950117,0.423728813559322,0.5679012345679012,4.237288135593221,7.271604938271605,0.5384615384615384,2.6470588235294117,0.5,0.8333333333333334,-0.0859249315801121,0.4666666666666667
2023,6,USC Trojans,0.2671017069685257,0.2658976171310846,0.5084745762711864,0.5064935064935064,6.406779661016949,7.194805194805195,3.0714285714285716,2.6923076923076925,0.75,0.6,0.3291131792962551,0.2222222222222222
2023,6,UTSA Roadrunners,0.4287622955346864,0.14815567671618562,0.5079365079365079,0.44680851063829785,7.555555555555555,5.76595744680851,3.769230769230769,2.8333333333333335,1.0,0.75,0.4626964232793041,0.5
2023,6,Utah State Aggies,0.22416616401758538,-0.16709517569440166,0.43373493975903615,0.36585365853658536,7.566265060240964,3.902439024390244,2.588235294117647,1.0,0.6666666666666666,0.3333333333333333,0.07875575125217438,0.3125
2023,6,Vanderbilt Commodores,-0.052568430510851055,0.306580109631314,0.36538461538461536,0.5294117647058824,6.538461538461538,7.455882352941177,1.2727272727272727,3.4545454545454546,0.0,0.8333333333333334,0.3723615423226968,0.1
2023,6,Virginia Cavaliers,0.07416970209336617,-0.20443815228186155,0.5352112676056338,0.40350877192982454,6.577464788732394,4.157894736842105,2.7,1.1818181818181819,0.25,0.25,0.0524829504666505,0.3333333333333333
2023,6,Virginia Tech Hokies,-0.07090167773346748,0.3650584863177661,0.4032258064516129,0.4482758620689655,5.290322580645161,7.775862068965517,1.5454545454545454,3.25,0.5,0.6666666666666666,0.02386970884270138,0.15384615384615385
2023,6,Wake Forest Demon Deacons,-0.23399845215063247,0.0398706960327485,0.42857142857142855,0.4852941176470588,4.063492063492063,5.117647058823529,0.5,1.5454545454545454,0.2,0.5,-0.01114732414484024,0.16666666666666666
2023,6,Washington State Cougars,-0.5173860686390024,-0.08926151019911613,0.2982456140350877,0.3763440860215054,3.789473684210526,6.161290322580645,0.5882352941176471,1.3888888888888888,0.3333333333333333,0.2857142857142857,-0.41511784663254564,0.16666666666666666
2023,6,Western Kentucky Hilltoppers,0.07037152299436472,-0.0050160732024755236,0.3389830508474576,0.4358974358974359,7.254237288135593,5.0,1.9444444444444444,1.75,1.0,0.75,0.1649562448940494,0.15384615384615385
2023,6,Western Michigan Broncos,0.1207829030690255,0.12573990730138926,0.45454545454545453,0.46153846153846156,5.363636363636363,6.769230769230769,2.0,3.1538461538461537,1.0,0.6666666666666666,0.22409691275269897,0.29411764705882354
2023,6,William & Mary Tribe,-0.20443815228186155,0.07416970209336617,0.40350877192982454,0.5352112676056338,4.157894736842105,6.577464788732394,1.1818181818181819,2.7,0.25,0.25,-0.24579852855787043,0.38461538461538464
2023,6,Wisconsin Badgers,-0.13670584775115313,-0.20970697145340805,0.47368421052631576,0.3389830508474576,4.842105263157895,6.728813559322034,1.4166666666666667,1.0,0.6666666666666666,0.5,-0.02876103394909909,0.5
2023,6,Wyoming Cowboys,0.10221191584053686,0.07043472184584691,0.4576271186440678,0.46153846153846156,5.135593220338983,5.015384615384615,2.4,1.7272727272727273,0.75,0.6666666666666666,0.07931712938814747,0.4
2023,7,Air Force Falcons,0.3340128098924955,0.15094805925579394,0.6,0.4915254237288136,6.966666666666667,6.016949152542373,2.8333333333333335,2.7,0.6,1.0,0.1258231383562088,0.6666666666666666
2023,7,Akron Zips,-0.30458212812554164,-0.1334924896558126,0.2641509433962264,0.37037037037037035,4.320754716981132,4.45679012345679,0.7142857142857143,1.1333333333333333,1.0,1.0,-0.35894073679661137,0.15384615384615385
2023,7,Alabama Crimson Tide,0.14751138802497618,-0.012064430365959803,0.4032258064516129,0.35,6.725806451612903,4.416666666666667,2.0,1.75,0.5,1.0,0.021851712216933567,0.35714285714285715
2023,7,Appalachian State Mountaineers,0.15238946806966214,0.1843576680307519,0.3684210526315789,0.4383561643835616,7.035087719298246,7.794520547945205,2.4,2.4545454545454546,0.75,0.25,0.06476593260155168,0.2727272727272727
2023,7,Arizona Wildcats,0.2147091827060603,-0.39797196794639933,0.5063291139240507,0.36363636363636365,6.6835443037974684,4.618181818181818,3.6666666666666665,0.5454545454545454,0.6,1.0,0.06671698806715794,0.5294117647058824
2023,7,Arkansas Razorbacks,-0.012064430365959803,0.14751138802497618,0.35,0.4032258064516129,4.416666666666667,6.725806451612903,1.75,2.0,1.0,0.5,-0.10179789461519408,0.2857142857142857
2023,7,Army Black Knights,-0.36636132986020686,0.00017540939783645889,0.34328358208955223,0.4915254237288136,4.388059701492537,7.661016949152542,0.0,1.5833333333333333,0.0,0.0,-0.1685016374959021,0.15384615384615385
2023,7,Auburn Tigers,0.07867283068719458,0.4652930598992568,0.4262295081967213,0.6615384615384615,4.885245901639344,8.415384615384616,1.6363636363636365,4.363636363636363,0.6666666666666666,0.6666666666666666,0.2261698620116457,0.25
2023,7,BYU Cougars,-0.34275598033811105,0.17129205617793772,0.30303030303030304,0.47674418604651164,4.4393939393939394,7.162790697674419,0.8461538461538461,2.8461538461538463,0.3333333333333333,0.6,-0.07953208776152863,0.14285714285714285
2023,7,Ball State Cardinals,-0.17345453136497074,0.11745525215353285,0.3148148148148148,0.5428571428571428,4.055555555555555,5.814285714285714,0.6,1.3,0.0,0.2,-0.16228287113018525,0.35714285714285715
2023,7,Boise State Broncos,-0.11065559387207032,0.059656216061278564,0.46153846153846156,0.4246575342465753,5.984615384615385,5.589041095890411,2.142857142857143,2.066666666666667,0.75,1.0,-0.1620706081390381,0.4
2023,7,Bowling Green Falcons,-0.1626809547687399,-0.2956877384866987,0.41379310344827586,0.44285714285714284,4.586206896551724,3.9,1.4166666666666667,1.0769230769230769,0.6666666666666666,1.0,-0.17743453642596368,0.18181818181818182
2023,7,Buffalo Bulls,-0.2956877384866987,-0.1626809547687399,0.44285714285714284,0.41379310344827586,3.9,4.586206896551724,1.0769230769230769,1.4166666666666667,1.0,0.6666666666666666,-0.18083781112324107,0.2727272727272727
2023,7,California Golden Bears,-0.0007385557348077947,0.2229721277952194,0.4,0.5066666666666667,4.618181818181818,5.933333333333334,1.2727272727272727,3.090909090909091,0.0,0.5,0.09498591539336414,0.25
2023,7,Central Michigan Chippewas,-0.1334924896558126,-0.30458212812554164,0.37037037037037035,0.2641509433962264,4.45679012345679,4.320754716981132,1.1333333333333333,0.7142857142857143,1.0,1.0,-0.2012394666671753,0.4
2023,7,Charlotte 49ers,-0.343676825512701,-0.18971259810707786,0.34328358208955223,0.2545454545454545,3.985074626865672,4.818181818181818,0.0,0.9333333333333333,0.0,,-0.2545917843069349,0.1875
2023,7,Cincinnati Bearcats,-0.21244228130481282,0.10455971767031957,0.3442622950819672,0.3968253968253968,3.3278688524590163,5.650793650793651,1.0,3.0,0.5,0.5,-0.13986074792014228,0.23076923076923078
2023,7,Coastal Carolina Chanticleers,0.1843576680307519,0.15238946806966214,0.4383561643835616,0.3684210526315789,7.794520547945205,7.035087719298246,2.4545454545454546,2.4,0.25,0.75,0.24484266820600478,0.5
2023,7,Colorado Buffaloes,0.26407154594979637,0.32632068409161136,0.573170731707317,0.5,6.670731707317073,6.079545454545454,2.230769230769231,3.2857142857142856,0.8,0.6,0.3462506888517693,0.3076923076923077
2023,7,Colorado State Rams,0.059656216061278564,-0.11065559387207032,0.4246575342465753,0.46153846153846156,5.589041095890411,5.984615384615385,2.066666666666667,2.142857142857143,1.0,0.75,0.09472003499312061,0.4117647058823529
2023,7,Duke Blue Devils,-0.0566823010037585,-0.29336937037961824,0.2926829268292683,0.4142857142857143,7.390243902439025,4.357142857142857,1.8461538461538463,0.23076923076923078,1.0,0.0,0.24289909284561872,0.1111111111111111
2023,7,East Carolina Pirates,-0.3372298117194857,-0.08991211478908857,0.3116883116883117,0.2833333333333333,4.207792207792208,5.583333333333333,0.625,1.6,0.5,,-0.40311620632807416,0.25
2023,7,Eastern Michigan Eagles,-0.3244519576430321,-0.25987720046239565,0.2833333333333333,0.3291139240506329,4.933333333333334,4.7974683544303796,1.75,0.7777777777777778,1.0,0.5,-0.3908859537707435,0.26666666666666666
2023,7,Florida Atlantic Owls,0.268336212237676,-0.11347462620053972,0.48,0.37142857142857144,7.92,5.357142857142857,3.0,1.1666666666666667,1.0,1.0,0.14439798891544342,0.4
2023,7,Florida Gators,0.3198209173585239,0.32326226224822385,0.4868421052631579,0.5,7.092105263157895,8.112903225806452,1.625,2.0555555555555554,0.8,0.8,0.2901083415952222,0.2857142857142857
2023,7,Florida International Panthers,0.013332830061988226,0.1197749866267382,0.42857142857142855,0.4576271186440678,5.698412698412699,7.440677966101695,1.0769230769230769,2.25,1.0,0.25,0.11143925972282887,0.18181818181818182
2023,7,Florida State Seminoles,0.16211549937725067,-0.20610833968689193,0.5138888888888888,0.3283582089552239,7.458333333333333,4.388059701492537,2.9285714285714284,0.21428571428571427,0.5,0.0,0.19356642832171242,0.4117647058823529
2023,7,Fresno State Bulldogs,0.17942126538302447,0.2134591866284609,0.43243243243243246,0.425,5.864864864864865,7.1,2.642857142857143,2.0,0.6666666666666666,0.5,0.08492096641968036,0.5625
2023,7,Georgia Bulldogs,0.3914013438318905,0.02329347672916594,0.5657894736842105,0.35714285714285715,7.0131578947368425,5.190476190476191,3.7,2.0,0.5,1.0,0.2116191351817826,0.625
2023,7,Georgia Southern Eagles,-0.07236797294833443,0.24255616822332707,0.4090909090909091,0.49056603773584906,4.295454545454546,7.264150943396227,1.1818181818181819,3.727272727272727,0.3333333333333333,0.8,-0.3484726438155541,0.5238095238095238
2023,7,Georgia State Panthers,0.148126508070998,0.15410524628945252,0.5068493150684932,0.5373134328358209,6.493150684931507,6.7611940298507465,3.090909090909091,1.6,0.5,0.4,0.1630938625649402,0.4666666666666667
2023,7,Hawai'i Rainbow Warriors,0.04515542348306025,-0.03129425915804776,0.5,0.4393939393939394,8.870967741935484,5.742424242424242,2.2666666666666666,2.4285714285714284,1.0,0.6,-0.02182084755325804,0.4166666666666667
2023,7,Houston Cougars,0.3203010199204931,0.32338837952148625,0.5094339622641509,0.45121951219512196,7.415094339622642,6.658536585365853,3.4166666666666665,3.25,1.0,0.75,0.4435280832377347,0.2222222222222222
2023,7,Illinois Fighting Illini,0.021954284472899002,0.1428966126335201,0.45454545454545453,0.4626865671641791,5.106060606060606,5.82089552238806,2.25,2.0,1.0,1.0,0.08919642531141943,0.3125
2023,7,Indiana Hoosiers,-0.032079531032530986,0.337891476258399,0.47540983606557374,0.5555555555555556,3.819672131147541,6.412698412698413,0.6363636363636364,4.7272727272727275,0.0,0.8571428571428571,-0.0635520919810894,0.4
2023,7,Iowa Hawkeyes,-0.2869153924164225,-0.23213385523129731,0.2786885245901639,0.3717948717948718,3.918032786885246,4.256410256410256,0.8666666666666667,0.4,0.0,0.0,-0.24478048536666605,0.17647058823529413
2023,7,Iowa State Cyclones,0.10455971767031957,-0.21244228130481282,0.3968253968253968,0.3442622950819672,5.650793650793651,3.3278688524590163,3.0,1.0,0.5,0.5,0.02054833968480428,0.26666666666666666
2023,7,Jacksonville State Gamecocks,-0.05868671337763468,0.3081600844440326,0.391304347826087,0.49295774647887325,4.6521739130434785,5.830985915492958,1.4444444444444444,3.1,0.3333333333333333,0.6666666666666666,-0.11409175045350019,0.4666666666666667
2023,7,James Madison Dukes,0.24255616822332707,-0.07236797294833443,0.49056603773584906,0.4090909090909091,7.264150943396227,4.295454545454546,3.727272727272727,1.1818181818181819,0.8,0.3333333333333333,0.18451273583230518,0.3
2023,7,Kansas Jayhawks,0.1762521926845823,0.25988743803169156,0.5079365079365079,0.5443037974683544,8.0,7.1645569620253164,0.9285714285714286,3.0,0.5,0.5,0.15491707033167282,0.46153846153846156
2023,7,Kansas State Wildcats,0.2628512011199701,-0.01976271432179671,0.5573770491803278,0.47435897435897434,7.180327868852459,6.115384615384615,2.923076923076923,1.75,1.0,0.75,0.23772627540997096,0.2727272727272727
2023,7,Kent State Golden Flashes,-0.25987720046239565,-0.3244519576430321,0.3291139240506329,0.2833333333333333,4.7974683544303796,4.933333333333334,0.7777777777777778,1.75,0.5,1.0,-0.021467704991144792,0.2222222222222222
2023,7,Kentucky Wildcats,-0.21149871240569545,0.08140440399830158,0.42857142857142855,0.4461538461538462,4.642857142857143,5.0,1.6153846153846154,2.923076923076923,0.6,0.5,-0.07804383036442274,0.25
2023,7,LSU Tigers,0.4652930598992568,0.07867283068719458,0.6615384615384615,0.4262295081967213,8.415384615384616,4.885245901639344,4.363636363636363,1.6363636363636365,0.6666666666666666,0.6666666666666666,0.42000094588313786,0.5555555555555556
2023,7,Liberty Flames,0.3081600844440326,-0.05868671337763468,0.49295774647887325,0.391304347826087,5.830985915492958,4.6521739130434785,3.1,1.4444444444444444,0.6666666666666666,0.3333333333333333,0.0812733457335886,0.4666666666666667
2023,7,Louisiana Tech Bulldogs,0.101378591297424,0.185694741550833,0.4383561643835616,0.484375,5.739726027397261,5.640625,2.090909090909091,2.8181818181818183,0.6,0.6666666666666666,0.12769209188327454,0.23076923076923078
2023,7,Louisville Cardinals,-0.2316071433680398,-0.0550083073519044,0.44047619047619047,0.3559322033898305,6.309523809523809,4.711864406779661,1.4,2.2142857142857144,0.6,1.0,-0.16138828690372295,0.38461538461538464
2023,7,Marshall Thundering Herd,0.15410524628945252,0.148126508070998,0.5373134328358209,0.5068493150684932,6.7611940298507465,6.493150684931507,1.6,3.090909090909091,0.4,0.5,0.1471151278777556,0.2727272727272727
2023,7,Maryland Terrapins,0.1428966126335201,0.021954284472899002,0.4626865671641791,0.45454545454545453,5.82089552238806,5.106060606060606,2.0,2.25,1.0,1.0,0.1434894460439682,0.3333333333333333
2023,7,Massachusetts Minutemen,-0.4366240954647462,0.3040224601482523,0.25,0.6379310344827587,1.9,7.103448275862069,0.0,4.9,,1.0,-0.41451839430303106,0.2777777777777778
2023,7,Memphis Tigers,0.03684635604581525,0.20400156058809338,0.45161290322580644,0.4411764705882353,6.145161290322581,5.9411764705882355,1.75,2.5833333333333335,1.0,0.8,-0.07868588566780091,0.2727272727272727
2023,7,Miami (OH) RedHawks,0.05121803716305764,-0.009669675388269953,0.4032258064516129,0.4166666666666667,5.274193548387097,4.208333333333333,2.8333333333333335,1.75,0.6666666666666666,0.6666666666666666,0.03594636977935324,0.46153846153846156
2023,7,Miami Hurricanes,0.029894667236428512,0.13079309228219485,0.42105263157894735,0.4605263157894737,6.631578947368421,6.421052631578948,2.2142857142857144,2.6153846153846154,0.5,0.6,-0.01333869285270816,0.2727272727272727
2023,7,Michigan State Spartans,-0.17035607324130292,0.12981191525856653,0.4927536231884058,0.48333333333333334,3.8550724637681157,5.416666666666667,1.8461538461538463,1.8181818181818181,0.75,0.5,-0.08889088197187944,0.3333333333333333
2023,7,Michigan Wolverines,0.337891476258399,-0.032079531032530986,0.5555555555555556,0.47540983606557374,6.412698412698413,3.819672131147541,4.7272727272727275,0.6363636363636364,0.8571428571428571,0.0,0.13301710098981856,0.36363636363636365
2023,7,Middle Tennessee Blue Raiders,0.185694741550833,0.101378591297424,0.484375,0.4383561643835616,5.640625,5.739726027397261,2.8181818181818183,2.090909090909091,0.6666666666666666,0.6,0.07821665517985821,0.5625
2023,7,Missouri Tigers,0.08140440399830158,-0.21149871240569545,0.4461538461538462,0.42857142857142855,5.0,4.642857142857143,2.923076923076923,1.6153846153846154,0.5,0.6,0.003577727675437927,0.35714285714285715
2023,7,NC State Wolfpack,-0.29336937037961824,-0.0566823010037585,0.4142857142857143,0.2926829268292683,4.357142857142857,7.390243902439025,0.23076923076923078,1.8461538461538463,0.0,1.0,-0.13102728464439803,0.26666666666666666
2023,7,Navy Midshipmen,-0.18971259810707786,-0.343676825512701,0.2545454545454545,0.34328358208955223,4.818181818181818,3.985074626865672,0.9333333333333333,0.0,,0.0,-0.2472248375415802,0.13333333333333333
2023,7,Nevada Wolf Pack,0.1300238916540847,0.25557227800153703,0.4264705882352941,0.4931506849315068,6.911764705882353,7.013698630136986,1.6153846153846154,3.2142857142857144,0.6666666666666666,0.75,0.21775798298991644,0.3076923076923077
2023,7,New Mexico Lobos,0.14588766006323006,0.5062319195788839,0.4,0.5434782608695652,5.876923076923077,11.565217391304348,2.0,3.0,1.0,0.6,0.07037722691893578,0.26666666666666666
2023,7,New Mexico State Aggies,0.04286802602665765,-0.08033990103807022,0.38571428571428573,0.44776119402985076,6.328571428571428,5.388059701492537,1.588235294117647,0.35294117647058826,0.5,1.0,0.19437218909817083,0.21428571428571427
2023,7,North Carolina Tar Heels,0.13079309228219485,0.029894667236428512,0.4605263157894737,0.42105263157894735,6.421052631578948,6.631578947368421,2.6153846153846154,2.2142857142857144,0.6,0.5,0.11768634816010794,0.1875
2023,7,North Texas Mean Green,0.3518052271714336,-0.04112657494843006,0.4868421052631579,0.425,6.934210526315789,4.5,4.090909090909091,1.2727272727272727,0.6666666666666666,1.0,0.20737563510393275,0.5333333333333333
2023,7,Northern Illinois Huskies,-0.012793093919754028,-0.055070939710584736,0.4074074074074074,0.4915254237288136,6.296296296296297,4.288135593220339,1.7692307692307692,1.0833333333333333,0.0,0.3333333333333333,-0.14857356059245574,0.42857142857142855
2023,7,Notre Dame Fighting Irish,0.024592389451696516,-0.3354981394663249,0.425531914893617,0.3972602739726027,5.425531914893617,3.904109589041096,3.1538461538461537,1.3333333333333333,0.6,0.5,0.1122631092329283,0.2
2023,7,Ohio Bobcats,-0.055070939710584736,-0.012793093919754028,0.4915254237288136,0.4074074074074074,4.288135593220339,6.296296296296297,1.0833333333333333,1.7692307692307692,0.3333333333333333,0.0,-0.17448026604122585,0.5714285714285714
2023,7,Ohio State Buckeyes,0.2689579925430355,-0.19709480926394463,0.47761194029850745,0.38571428571428573,7.432835820895522,3.6714285714285713,2.9285714285714284,0.5384615384615384,0.8333333333333334,0.3333333333333333,-0.0016474850751735546,0.38461538461538464
2023,7,Oklahoma State Cowboys,0.25988743803169156,0.1762521926845823,0.5443037974683544,0.5079365079365079,7.1645569620253164,8.0,3.0,0.9285714285714286,0.5,0.5,0.34476679284125566,0.4
2023,7,Oregon Ducks,0.29556121074018027,0.2984272534730005,0.5595238095238095,0.5245901639344263,6.440476190476191,6.80327868852459,3.0,3.6,0.6,0.75,0.39514324298271764,0.625
2023,7,Oregon State Beavers,0.1560126633014319,-0.040234806666891255,0.49056603773584906,0.43373493975903615,7.867924528301887,5.9879518072289155,2.3636363636363638,1.8461538461538463,0.3333333333333333,0.6,0.06686052232980728,0.25
2023,7,Penn State Nittany Lions,0.3040224601482523,-0.4366240954647462,0.6379310344827587,0.25,7.103448275862069,1.9,4.9,0.0,1.0,,0.2077818289399147,0.6666666666666666
2023,7,Pittsburgh Panthers,-0.0550083073519044,-0.2316071433680398,0.3559322033898305,0.44047619047619047,4.711864406779661,6.309523809523809,2.2142857142857144,1.4,1.0,0.6,-0.014576737270798794,0.21428571428571427
2023,7,Purdue Boilermakers,-0.19709480926394463,0.2689579925430355,0.38571428571428573,0.47761194029850745,3.6714285714285713,7.432835820895522,0.5384615384615384,2.9285714285714284,0.3333333333333333,0.8333333333333334,-0.06642040386795997,0.17647058823529413
2023,7,Rutgers Scarlet Knights,0.12981191525856653,-0.17035607324130292,0.48333333333333334,0.4927536231884058,5.416666666666667,3.8550724637681157,1.8181818181818181,1.8461538461538463,0.5,0.75,0.06813313922983535,0.2727272727272727
2023,7,SMU Mustangs,-0.08991211478908857,-0.3372298117194857,0.2833333333333333,0.3116883116883117,5.583333333333333,4.207792207792208,1.6,0.625,,0.5,-0.012743344902992249,0.26666666666666666
2023,7,Sam Houston Bearkats,-0.08033990103807022,0.04286802602665765,0.44776119402985076,0.38571428571428573,5.388059701492537,6.328571428571428,0.35294117647058826,1.588235294117647,1.0,0.5,0.2405468207948348,0.08333333333333333
2023,7,San Diego State Aztecs,-0.03129425915804776,0.04515542348306025,0.4393939393939394,0.5,5.742424242424242,8.870967741935484,2.4285714285714284,2.2666666666666666,0.6,1.0,0.07440178183948293,0.2857142857142857
2023,7,San José State Spartans,0.5062319195788839,0.14588766006323006,0.5434782608695652,0.4,11.565217391304348,5.876923076923077,3.0,2.0,0.6,1.0,0.4551847077704765,0.125
2023,7,South Carolina Gamecocks,0.32326226224822385,0.3198209173585239,0.5,0.4868421052631579,8.112903225806452,7.092105263157895,2.0555555555555554,1.625,0.8,0.8,0.2881250261114194,0.5
2023,7,South Florida Bulls,-0.11347462620053972,0.268336212237676,0.37142857142857144,0.48,5.357142857142857,7.92,1.1666666666666667,3.0,1.0,1.0,0.0923095006568759,0.13333333333333333
2023,7,Stanford Cardinal,0.32632068409161136,0.26407154594979637,0.5,0.573170731707317,6.079545454545454,6.670731707317073,3.2857142857142856,2.230769230769231,0.6,0.8,0.2884626429581988,0.5
2023,7,Syracuse Orange,-0.20610833968689193,0.16211549937725067,0.3283582089552239,0.5138888888888888,4.388059701492537,7.458333333333333,0.21428571428571427,2.9285714285714284,0.0,0.5,-0.3742567365584166,0.3157894736842105
2023,7,TCU Horned Frogs,0.17129205617793772,-0.34275598033811105,0.47674418604651164,0.30303030303030304,7.162790697674419,4.4393939393939394,2.8461538461538463,0.8461538461538461,0.6,0.3333333333333333,0.025233312086625534,0.5263157894736842
2023,7,Temple Owls,-0.04112657494843006,0.3518052271714336,0.425,0.4868421052631579,4.5,6.934210526315789,1.2727272727272727,4.090909090909091,1.0,0.6666666666666666,-0.059138909975687666,0.5
2023,7,Tennessee Volunteers,-0.10025621048713985,-0.17320076082692,0.42105263157894735,0.3939393939393939,4.368421052631579,4.378787878787879,1.3,1.1818181818181819,0.2,0.3333333333333333,-0.12106635155422348,0.4444444444444444
2023,7,Texas A&M Aggies,-0.17320076082692,-0.10025621048713985,0.3939393939393939,0.42105263157894735,4.378787878787879,4.368421052631579,1.1818181818181819,1.3,0.3333333333333333,0.2,-0.08175766346405963,0.3333333333333333
2023,7,Texas State Bobcats,-0.02362764924764633,-0.2149045799991914,0.48,0.375,5.54,5.517857142857143,1.75,1.0833333333333333,0.3333333333333333,0.3333333333333333,-0.19532766978482943,0.5416666666666666
2023,7,Texas Tech Red Raiders,-0.01976271432179671,0.2628512011199701,0.47435897435897434,0.5573770491803278,6.115384615384615,7.180327868852459,1.75,2.923076923076923,0.75,1.0,-0.1017296885450681,0.23076923076923078
2023,7,Toledo Rockets,0.11745525215353285,-0.17345453136497074,0.5428571428571428,0.3148148148148148,5.814285714285714,4.055555555555555,1.3,0.6,0.2,0.0,0.014875594973564148,0.5882352941176471
2023,7,Troy Trojans,0.00017540939783645889,-0.36636132986020686,0.4915254237288136,0.34328358208955223,7.661016949152542,4.388059701492537,1.5833333333333333,0.0,0.0,0.0,0.21267856386574832,0.3076923076923077
2023,7,Tulane Green Wave,0.20400156058809338,0.03684635604581525,0.4411764705882353,0.45161290322580644,5.9411764705882355,6.145161290322581,2.5833333333333335,1.75,0.8,1.0,0.15307554514969096,0.4666666666666667
2023,7,UAB Blazers,0.1022501426083701,0.05894520403682322,0.4142857142857143,0.4927536231884058,5.328571428571428,5.057971014492754,1.6666666666666667,3.727272727272727,0.3333333333333333,0.625,-0.026707269251346588,0.3157894736842105
2023,7,UCLA Bruins,-0.040234806666891255,0.1560126633014319,0.43373493975903615,0.49056603773584906,5.9879518072289155,7.867924528301887,1.8461538461538463,2.3636363636363638,0.6,0.3333333333333333,-0.07242000640415755,0.4117647058823529
2023,7,UL Monroe Warhawks,-0.2149045799991914,-0.02362764924764633,0.375,0.48,5.517857142857143,5.54,1.0833333333333333,1.75,0.3333333333333333,0.3333333333333333,-0.05108378864824772,0.21428571428571427
2023,7,UNLV Rebels,0.25557227800153703,0.1300238916540847,0.4931506849315068,0.4264705882352941,7.013698630136986,6.911764705882353,3.2142857142857144,1.6153846153846154,0.75,0.6666666666666666,0.04561451780346205,0.3684210526315789
2023,7,USC Trojans,-0.3354981394663249,0.024592389451696516,0.3972602739726027,0.425531914893617,3.904109589041096,5.425531914893617,1.3333333333333333,3.1538461538461537,0.5,0.6,-0.4124591361012375,0.46153846153846156
2023,7,UTEP Miners,0.1197749866267382,0.013332830061988226,0.4576271186440678,0.42857142857142855,7.440677966101695,5.698412698412699,2.25,1.0769230769230769,0.25,1.0,0.15838493248249622,0.4166666666666667
2023,7,UTSA Roadrunners,0.05894520403682322,0.1022501426083701,0.4927536231884058,0.4142857142857143,5.057971014492754,5.328571428571428,3.727272727272727,1.6666666666666667,0.625,0.3333333333333333,0.01245962004912527,0.4166666666666667
2023,7,Utah State Aggies,0.2134591866284609,0.17942126538302447,0.425,0.43243243243243246,7.1,5.864864864864865,2.0,2.642857142857143,0.5,0.6666666666666666,0.2686958550475538,0.25
2023,7,Utah Utes,0.2229721277952194,-0.0007385557348077947,0.5066666666666667,0.4,5.933333333333334,4.618181818181818,3.090909090909091,1.2727272727272727,0.5,0.0,0.16296202183834144,0.5294117647058824
2023,7,Vanderbilt Commodores,0.02329347672916594,0.3914013438318905,0.35714285714285715,0.5657894736842105,5.190476190476191,7.0131578947368425,2.0,3.7,1.0,0.5,0.04717436619102955,0.1111111111111111
2023,7,Virginia Tech Hokies,0.10368702001869678,-0.20989589656100555,0.453125,0.38235294117647056,7.234375,3.6911764705882355,2.142857142857143,1.0,0.4,0.0,0.12332579668830423,0.16666666666666666
2023,7,Wake Forest Demon Deacons,-0.20989589656100555,0.10368702001869678,0.38235294117647056,0.453125,3.6911764705882355,7.234375,1.0,2.142857142857143,0.0,0.4,-0.0874224591255188,0.26666666666666666
2023,7,Washington Huskies,0.2984272534730005,0.29556121074018027,0.5245901639344263,0.5595238095238095,6.80327868852459,6.440476190476191,3.6,3.0,0.75,0.6,0.2742950383653032,0.36363636363636365
2023,7,Washington State Cougars,-0.39797196794639933,0.2147091827060603,0.36363636363636365,0.5063291139240507,4.618181818181818,6.6835443037974684,0.5454545454545454,3.6666666666666665,1.0,0.6,-0.24504967033863068,0.2727272727272727
2023,7,West Virginia Mountaineers,0.32338837952148625,0.3203010199204931,0.45121951219512196,0.5094339622641509,6.658536585365853,7.415094339622642,3.25,3.4166666666666665,0.75,1.0,0.06289196687359963,0.631578947368421
2023,7,Western Michigan Broncos,-0.009669675388269953,0.05121803716305764,0.4166666666666667,0.4032258064516129,4.208333333333333,5.274193548387097,1.75,2.8333333333333335,0.6666666666666666,0.6666666666666666,0.018796922237265343,0.3125
2023,7,Wisconsin Badgers,-0.23213385523129731,-0.2869153924164225,0.3717948717948718,0.2786885245901639,4.256410256410256,3.918032786885246,0.4,0.8666666666666667,0.0,0.0,-0.17790609545875014,0.11764705882352941
2023,7,Wyoming Cowboys,0.15094805925579394,0.3340128098924955,0.4915254237288136,0.6,6.016949152542373,6.966666666666667,2.7,2.8333333333333335,1.0,0.6,-0.1122670268140188,0.4666666666666667
2023,8,Air Force Falcons,-0.21509676396846772,-0.4511100448786266,0.28,0.2698412698412698,5.76,2.1746031746031744,0.7692307692307693,0.42857142857142855,0.0,1.0,-0.06790288771901812,0.07692307692307693
2023,8,Akron Zips,0.05043611555330215,0.04758831074363307,0.4032258064516129,0.45614035087719296,3.5,6.157894736842105,1.2727272727272727,3.4166666666666665,1.0,0.6666666666666666,-0.08199848532676697,0.5
2023,8,Alabama Crimson Tide,-0.008391638123799883,-0.1478257496145707,0.4126984126984127,0.45569620253164556,5.746031746031746,5.860759493670886,1.6875,1.1764705882352942,0.6666666666666666,0.25,0.03567470252513885,0.3076923076923077
2023,8,Appalachian State Mountaineers,0.15621271368229028,0.2995386066890898,0.42424242424242425,0.5238095238095238,5.712121212121212,6.476190476190476,2.1,2.3333333333333335,1.0,1.0,0.16909195855259895,0.21428571428571427
2023,8,Arizona State Sun Devils,-0.22794213577320702,-0.3058122804142394,0.39473684210526316,0.4339622641509434,6.105263157894737,6.037735849056604,0.0,0.8181818181818182,0.3333333333333333,0.0,0.02175440091007161,0.23529411764705882
2023,8,Arkansas Razorbacks,-0.3090793304419255,-0.2439247059325377,0.36764705882352944,0.3958333333333333,2.985294117647059,4.270833333333333,0.25,0.6363636363636364,0.0,0.5,-0.17222440849117776,0.29411764705882354
2023,8,Arkansas State Red Wolves,0.00045137826738686395,0.10514782909033955,0.39655172413793105,0.391304347826087,7.275862068965517,6.246376811594203,0.9444444444444444,1.1111111111111112,0.4,0.5,0.19541249262249988,0.18181818181818182
2023,8,Army Black Knights,-0.4209358770528744,0.6123462453231974,0.41379310344827586,0.6271186440677966,3.706896551724138,9.830508474576272,0.0,5.636363636363637,,0.6666666666666666,-0.26337645219808276,0.36363636363636365
2023,8,Auburn Tigers,-0.11439230698826057,0.03075282834470272,0.39285714285714285,0.4722222222222222,4.910714285714286,6.75,1.6153846153846154,2.0,1.0,0.75,-0.3146055108652665,0.21428571428571427
2023,8,BYU Cougars,-0.14532492811029607,-0.05474168062210083,0.3090909090909091,0.4358974358974359,5.454545454545454,5.358974358974359,1.4285714285714286,0.5,0.5,0.5,-0.09086599804106213,0.15384615384615385
2023,8,Ball State Cardinals,0.19127134852490182,0.018014778693517048,0.576271186440678,0.4090909090909091,6.1525423728813555,4.5606060606060606,1.7,1.7,0.75,1.0,0.20006316776076952,0.5
2023,8,Baylor Bears,0.00843971611848518,0.18493648155315504,0.43283582089552236,0.43243243243243246,6.164179104477612,6.081081081081081,1.0714285714285714,2.6363636363636362,0.5,0.5,0.09388656098887606,0.4166666666666667
2023,8,Boston College Eagles,0.2588557079434395,-0.013232054358178919,0.4927536231884058,0.45454545454545453,8.08695652173913,7.151515151515151,2.5833333333333335,1.7692307692307692,0.75,1.0,0.19284179765317175,0.38461538461538464
2023,8,Bowling Green Falcons,0.04758831074363307,0.05043611555330215,0.45614035087719296,0.4032258064516129,6.157894736842105,3.5,3.4166666666666665,1.2727272727272727,0.6666666666666666,1.0,0.11072550649228304,0.2
2023,8,Buffalo Bulls,-0.04828506847843528,-0.4277482860889591,0.390625,0.2786885245901639,5.765625,2.918032786885246,1.8461538461538463,0.6923076923076923,0.75,0.0,-0.059457985114078134,0.3333333333333333
2023,8,Central Michigan Chippewas,0.018014778693517048,0.19127134852490182,0.4090909090909091,0.576271186440678,4.5606060606060606,6.1525423728813555,1.7,1.7,1.0,0.75,0.027171574685038353,0.23076923076923078
2023,8,Charlotte 49ers,-0.016456676771243413,-0.4516804437248074,0.43333333333333335,0.24489795918367346,5.366666666666666,2.510204081632653,0.7692307692307693,0.5384615384615384,0.3333333333333333,0.5,-0.03944688933816823,0.21428571428571427
2023,8,Cincinnati Bearcats,0.18493648155315504,0.00843971611848518,0.43243243243243246,0.43283582089552236,6.081081081081081,6.164179104477612,2.6363636363636362,1.0714285714285714,0.5,0.5,0.23895486864176663,0.4
2023,8,Clemson Tigers,-0.10093217251593606,0.14168011174717945,0.3684210526315789,0.417910447761194,5.526315789473684,3.8358208955223883,1.4285714285714286,2.0,0.2,0.5,0.03480254462424745,0.1
2023,8,Coastal Carolina Chanticleers,0.10514782909033955,0.00045137826738686395,0.391304347826087,0.39655172413793105,6.246376811594203,7.275862068965517,1.1111111111111112,0.9444444444444444,0.5,0.4,0.07085348974983648,0.21428571428571427
2023,8,Colorado State Rams,0.027089855564174366,0.11839429298079157,0.40298507462686567,0.5421686746987951,5.925373134328358,5.903614457831325,2.090909090909091,2.0833333333333335,0.5,0.25,-0.09999450922012329,0.3125
2023,8,Duke Blue Devils,-0.1191131007253078,0.1958236166221254,0.42105263157894735,0.5882352941176471,4.7894736842105265,6.367647058823529,1.3,3.4545454545454546,0.0,0.75,0.09073436190915662,0.3333333333333333
2023,8,East Carolina Pirates,-0.4516804437248074,-0.016456676771243413,0.24489795918367346,0.43333333333333335,2.510204081632653,5.366666666666666,0.5384615384615384,0.7692307692307693,0.5,0.3333333333333333,-0.2738871966089521,0.15384615384615385
2023,8,Eastern Michigan Eagles,-0.04297715955871647,0.050465585724000006,0.4406779661016949,0.43548387096774194,4.423728813559322,5.354838709677419,1.1818181818181819,1.5384615384615385,0.3333333333333333,0.5,-0.1425622757938173,0.5
2023,8,Florida Atlantic Owls,-0.19556317588344949,0.054207818794854076,0.36065573770491804,0.46835443037974683,3.6885245901639343,5.89873417721519,0.25,2.6153846153846154,0.0,0.6,-0.48454873263835907,0.4
2023,8,Florida International Panthers,-0.1081046728293101,0.03625453052236073,0.41333333333333333,0.4925373134328358,4.28,6.134328358208955,1.6666666666666667,1.6666666666666667,0.3333333333333333,0.5,-0.14577780549342817,0.3157894736842105
2023,8,Florida State Seminoles,0.1958236166221254,-0.1191131007253078,0.5882352941176471,0.42105263157894735,6.367647058823529,4.7894736842105265,3.4545454545454546,1.3,0.75,0.0,0.273419379360146,0.5833333333333334
2023,8,Georgia Southern Eagles,-0.13081334120570084,-0.11442194315227303,0.44871794871794873,0.32432432432432434,5.346153846153846,6.148648648648648,1.8235294117647058,1.5555555555555556,0.75,0.6666666666666666,-0.23371357016731054,0.42857142857142855
2023,8,Georgia State Panthers,0.04979154070218404,-0.004917488614125038,0.5166666666666667,0.417910447761194,6.2,5.044776119402985,1.0833333333333333,1.5454545454545454,0.75,0.4,-0.07101738188001845,0.4666666666666667
2023,8,Georgia Tech Yellow Jackets,-0.013232054358178919,0.2588557079434395,0.45454545454545453,0.4927536231884058,7.151515151515151,8.08695652173913,1.7692307692307692,2.5833333333333335,1.0,0.75,0.1399846504683848,0.2727272727272727
2023,8,Hawai'i Rainbow Warriors,-0.011710222373949364,0.350449347900132,0.484375,0.559322033898305,5.890625,6.915254237288136,1.9090909090909092,3.5,0.75,1.0,0.3015739708766341,0.0
2023,8,Houston Cougars,0.1604358647018671,0.10000508039522527,0.390625,0.4626865671641791,6.25,5.402985074626866,2.1818181818181817,2.5833333333333335,0.3333333333333333,0.75,0.029435699184735615,0.3076923076923077
2023,8,Illinois Fighting Illini,0.030202148764422447,0.08073475525567406,0.45454545454545453,0.42105263157894735,5.015151515151516,5.394736842105263,1.9090909090909092,2.0833333333333335,1.0,0.75,0.07838288108085065,0.4375
2023,8,Indiana Hoosiers,-0.0727867029607296,0.13259748462587595,0.45,0.515625,5.0,5.25,1.5555555555555556,2.1818181818181817,0.5,0.5,0.05660034359797188,0.18181818181818182
2023,8,Iowa Hawkeyes,-0.21850569652659552,-0.21646426618099213,0.32142857142857145,0.29411764705882354,2.267857142857143,3.6029411764705883,0.7142857142857143,0.75,0.5,0.0,-0.13259806720221914,0.26666666666666666
2023,8,Jacksonville State Gamecocks,0.03257801795893527,-0.18179300986230373,0.48936170212765956,0.3194444444444444,5.202127659574468,4.708333333333333,1.4285714285714286,1.3076923076923077,0.3333333333333333,0.6666666666666666,0.04211821081772656,0.5
2023,8,James Madison Dukes,-0.02975305603511298,-0.465625383200184,0.4626865671641791,0.24193548387096775,6.149253731343284,2.725806451612903,0.3333333333333333,0.4375,0.2,0.0,0.043851331719812356,0.2857142857142857
2023,8,Kansas State Wildcats,0.269129368391904,-0.08413115808596978,0.5324675324675324,0.4307692307692308,7.454545454545454,4.615384615384615,4.555555555555555,0.3333333333333333,0.6666666666666666,0.0,0.14927547318594797,0.7692307692307693
2023,8,Kent State Golden Flashes,-0.4277482860889591,-0.04828506847843528,0.2786885245901639,0.390625,2.918032786885246,5.765625,0.6923076923076923,1.8461538461538463,0.0,0.75,-0.4318686948959218,0.23529411764705882
2023,8,LSU Tigers,0.6123462453231974,-0.4209358770528744,0.6271186440677966,0.41379310344827586,9.830508474576272,3.706896551724138,5.636363636363637,0.0,0.6666666666666666,,0.5338624619568387,0.5
2023,8,Liberty Flames,0.29364053220362274,-0.013761600331654624,0.6486486486486487,0.4444444444444444,7.22972972972973,6.7936507936507935,1.6666666666666667,1.4,1.0,1.0,0.29118961005499866,0.375
2023,8,Louisiana Ragin' Cajuns,-0.004917488614125038,0.04979154070218404,0.417910447761194,0.5166666666666667,5.044776119402985,6.2,1.5454545454545454,1.0833333333333333,0.4,0.75,-0.13670925954554944,0.3333333333333333
2023,8,Marshall Thundering Herd,-0.465625383200184,-0.02975305603511298,0.24193548387096775,0.4626865671641791,2.725806451612903,6.149253731343284,0.4375,0.3333333333333333,0.0,0.2,-0.5776145097821258,0.3125
2023,8,Memphis Tigers,0.25685596290756674,-0.23143428243123568,0.5588235294117647,0.47692307692307695,5.352941176470588,6.569230769230769,3.4545454545454546,1.9090909090909092,0.8333333333333334,0.3333333333333333,0.13119271874427796,0.5333333333333333
2023,8,Miami (OH) RedHawks,-0.08051213331054896,0.025223500825263357,0.421875,0.4864864864864865,4.796875,4.95945945945946,1.3076923076923077,1.75,0.6666666666666666,1.0,-0.29306753088409704,0.4
2023,8,Miami Hurricanes,0.14168011174717945,-0.10093217251593606,0.417910447761194,0.3684210526315789,3.8358208955223883,5.526315789473684,2.0,1.4285714285714286,0.5,0.2,-0.10142776851231854,0.4375
2023,8,Michigan State Spartans,-0.3997683567660196,0.4217520943328516,0.3392857142857143,0.582089552238806,4.428571428571429,6.626865671641791,0.0,2.3333333333333335,,0.8,-0.4339108772766896,0.35714285714285715
2023,8,Michigan Wolverines,0.4217520943328516,-0.3997683567660196,0.582089552238806,0.3392857142857143,6.626865671641791,4.428571428571429,2.3333333333333335,0.0,0.8,,0.2667789911585195,0.5454545454545454
2023,8,Middle Tennessee Blue Raiders,-0.013761600331654624,0.29364053220362274,0.4444444444444444,0.6486486486486487,6.7936507936507935,7.22972972972973,1.4,1.6666666666666667,1.0,1.0,0.110284416698942,0.4
2023,8,Minnesota Golden Gophers,-0.21646426618099213,-0.21850569652659552,0.29411764705882354,0.32142857142857145,3.6029411764705883,2.267857142857143,0.75,0.7142857142857143,0.0,0.5,-0.12485410451889038,0.2222222222222222
2023,8,Mississippi State Bulldogs,-0.2439247059325377,-0.3090793304419255,0.3958333333333333,0.36764705882352944,4.270833333333333,2.985294117647059,0.6363636363636364,0.25,0.5,0.0,-0.14074491407420184,0.09090909090909091
2023,8,Missouri Tigers,0.1770196845607152,-0.21861772239208221,0.47619047619047616,0.36764705882352944,6.634920634920635,4.014705882352941,2.8333333333333335,1.0909090909090908,0.75,0.0,0.1997550178547295,0.46153846153846156
2023,8,Navy Midshipmen,-0.4511100448786266,-0.21509676396846772,0.2698412698412698,0.28,2.1746031746031744,5.76,0.42857142857142855,0.7692307692307693,1.0,0.0,-0.38966588411066266,0.1875
2023,8,Nebraska Cornhuskers,-0.1962292696590777,-0.2722530504067739,0.3888888888888889,0.3333333333333333,5.5,4.666666666666667,1.3076923076923077,0.6923076923076923,0.5,0.0,-0.1657626054116658,0.3333333333333333
2023,8,Nevada Wolf Pack,-0.14394196917613347,-0.3521039720911246,0.4166666666666667,0.38461538461538464,4.183333333333334,3.9423076923076925,0.8181818181818182,0.0,0.0,0.0,-0.06869923117312979,0.23076923076923078
2023,8,New Mexico Lobos,0.350449347900132,-0.011710222373949364,0.559322033898305,0.484375,6.915254237288136,5.890625,3.5,1.9090909090909092,1.0,0.75,0.31357750177383426,0.25
2023,8,New Mexico State Aggies,0.24276112379698916,-0.1872164565978236,0.5172413793103449,0.3114754098360656,7.258620689655173,4.918032786885246,2.3333333333333335,0.6363636363636364,0.6,0.5,0.20891856240189594,0.4166666666666667
2023,8,North Carolina Tar Heels,0.03167582487131094,0.07885234517815673,0.44155844155844154,0.4444444444444444,6.753246753246753,5.691358024691358,1.9285714285714286,2.2142857142857144,0.3333333333333333,0.6666666666666666,0.22893501193292679,0.3076923076923077
2023,8,North Texas Mean Green,0.1361328621705373,0.23824397797015176,0.5066666666666667,0.5970149253731343,6.053333333333334,6.701492537313433,2.3333333333333335,2.9166666666666665,1.0,0.75,0.3340975260525419,0.38461538461538464
2023,8,Northern Illinois Huskies,0.050465585724000006,-0.04297715955871647,0.43548387096774194,0.4406779661016949,5.354838709677419,4.423728813559322,1.5384615384615385,1.1818181818181819,0.5,0.3333333333333333,-0.1760291894276937,0.4375
2023,8,Northwestern Wildcats,-0.2722530504067739,-0.1962292696590777,0.3333333333333333,0.3888888888888889,4.666666666666667,5.5,0.6923076923076923,1.3076923076923077,0.0,0.5,-0.105260892347856,0.2
2023,8,Ohio Bobcats,0.11200705601980812,0.01171299484041002,0.4868421052631579,0.42857142857142855,6.092105263157895,5.619047619047619,0.2,1.2142857142857142,0.3333333333333333,0.5,0.050920140640488984,0.5294117647058824
2023,8,Ohio State Buckeyes,-0.036869746003602,-0.30174310373909335,0.4189189189189189,0.3235294117647059,5.013513513513513,3.661764705882353,1.4285714285714286,0.8571428571428571,0.4,1.0,0.056729178418192944,0.3125
2023,8,Oklahoma Sooners,0.07937939321420279,-0.05456100173399482,0.5180722891566265,0.323943661971831,5.662650602409639,5.591549295774648,2.2142857142857144,2.230769230769231,0.3333333333333333,0.6666666666666666,0.021838159481091284,0.4
2023,8,Oklahoma State Cowboys,0.3080383612625841,0.03518706621372537,0.5072463768115942,0.4794520547945205,7.333333333333333,6.7534246575342465,3.4285714285714284,2.4285714285714284,0.5,0.4,0.22522188479250127,0.42857142857142855
2023,8,Old Dominion Monarchs,0.2995386066890898,0.15621271368229028,0.5238095238095238,0.42424242424242425,6.476190476190476,5.712121212121212,2.3333333333333335,2.1,1.0,1.0,0.28077282667160036,0.4166666666666667
2023,8,Ole Miss Rebels,0.03075282834470272,-0.11439230698826057,0.4722222222222222,0.39285714285714285,6.75,4.910714285714286,2.0,1.6153846153846154,0.75,1.0,0.06706917362994161,0.18181818181818182
2023,8,Oregon Ducks,0.47781701699683543,0.12522481833125504,0.5789473684210527,0.4647887323943662,9.526315789473685,6.830985915492958,2.5833333333333335,2.1818181818181817,0.75,0.4,0.4791561038570201,0.4
2023,8,Penn State Nittany Lions,-0.30174310373909335,-0.036869746003602,0.3235294117647059,0.4189189189189189,3.661764705882353,5.013513513513513,0.8571428571428571,1.4285714285714286,1.0,0.4,-0.0568027490255784,0.125
2023,8,Pittsburgh Panthers,-0.027699334154787817,-0.14069435000419617,0.42105263157894735,0.3709677419354839,6.105263157894737,5.919354838709677,1.2142857142857142,1.6153846153846154,1.0,1.0,-0.06324471547095864,0.4
2023,8,Rice Owls,0.3549791840406565,-0.2603417805606319,0.5230769230769231,0.3387096774193548,8.246153846153845,4.967741935483871,3.230769230769231,0.8333333333333334,1.0,0.0,0.32148691058158874,0.46153846153846156
2023,8,Rutgers Scarlet Knights,0.13259748462587595,-0.0727867029607296,0.515625,0.45,5.25,5.0,2.1818181818181817,1.5555555555555556,0.5,0.5,0.2236314813296,0.36363636363636365
2023,8,SMU Mustangs,0.1806842346539658,-0.5663397218680607,0.5056179775280899,0.2641509433962264,6.359550561797753,2.509433962264151,2.526315789473684,0.0,0.7142857142857143,0.0,0.10655268455204898,0.6666666666666666
2023,8,Sam Houston Bearkats,0.03625453052236073,-0.1081046728293101,0.4925373134328358,0.41333333333333333,6.134328358208955,4.28,1.6666666666666667,1.6666666666666667,0.5,0.3333333333333333,-0.06368813874586574,0.3076923076923077
2023,8,San Diego State Aztecs,-0.3521039720911246,-0.14394196917613347,0.38461538461538464,0.4166666666666667,3.9423076923076925,4.183333333333334,0.0,0.8181818181818182,0.0,0.0,-0.01380740449978755,0.0
2023,8,San José State Spartans,0.11525049455025617,-0.05054253988688992,0.5441176470588235,0.4032258064516129,5.455882352941177,4.258064516129032,3.230769230769231,1.6153846153846154,0.625,1.0,0.03539985631193433,0.4166666666666667
2023,8,South Alabama Jaguars,0.42696072543795044,-0.42968814820051193,0.6216216216216216,0.2545454545454545,8.797297297297296,3.1818181818181817,3.6923076923076925,0.1875,0.8571428571428571,0.0,0.39074672129936516,0.6
2023,8,South Carolina Gamecocks,-0.21861772239208221,0.1770196845607152,0.36764705882352944,0.47619047619047616,4.014705882352941,6.634920634920635,1.0909090909090908,2.8333333333333335,0.0,0.75,-0.022614784814693308,0.23076923076923078
2023,8,South Florida Bulls,-0.020471810609444804,-0.15051339475008157,0.42528735632183906,0.3230769230769231,5.2988505747126435,5.292307692307692,1.8461538461538463,1.4,0.5,1.0,0.05898431814633883,0.47368421052631576
2023,8,Southern Miss Golden Eagles,-0.42968814820051193,0.42696072543795044,0.2545454545454545,0.6216216216216216,3.1818181818181817,8.797297297297296,0.1875,3.6923076923076925,0.0,0.8571428571428571,-0.273373400978744,0.07692307692307693
2023,8,Stanford Cardinal,-0.13286045554184145,0.1836928302465483,0.3548387096774194,0.4883720930232558,4.741935483870968,6.058139534883721,0.5384615384615384,3.0,1.0,0.8333333333333334,0.11961859211008599,0.09090909090909091
2023,8,TCU Horned Frogs,-0.08413115808596978,0.269129368391904,0.4307692307692308,0.5324675324675324,4.615384615384615,7.454545454545454,0.3333333333333333,4.555555555555555,0.0,0.6666666666666666,0.09506291303099418,0.15384615384615385
2023,8,Temple Owls,-0.5663397218680607,0.1806842346539658,0.2641509433962264,0.5056179775280899,2.509433962264151,6.359550561797753,0.0,2.526315789473684,0.0,0.7142857142857143,-0.16168317838739127,0.0
2023,8,Tennessee Volunteers,-0.1478257496145707,-0.008391638123799883,0.45569620253164556,0.4126984126984127,5.860759493670886,5.746031746031746,1.1764705882352942,1.6875,0.25,0.6666666666666666,-0.13918714893275294,0.3888888888888889
2023,8,Texas Longhorns,0.10000508039522527,0.1604358647018671,0.4626865671641791,0.390625,5.402985074626866,6.25,2.5833333333333335,2.1818181818181817,0.75,0.3333333333333333,0.17695701830089092,0.25
2023,8,Texas Tech Red Raiders,-0.05474168062210083,-0.14532492811029607,0.4358974358974359,0.3090909090909091,5.358974358974359,5.454545454545454,0.5,1.4285714285714286,0.5,0.5,-0.41113522968121935,0.4117647058823529
2023,8,Toledo Rockets,0.025223500825263357,-0.08051213331054896,0.4864864864864865,0.421875,4.95945945945946,4.796875,1.75,1.3076923076923077,1.0,0.6666666666666666,0.08782845212702166,0.2
2023,8,Tulane Green Wave,0.23824397797015176,0.1361328621705373,0.5970149253731343,0.5066666666666667,6.701492537313433,6.053333333333334,2.9166666666666665,2.3333333333333335,0.75,1.0,0.2503131086729011,0.4
2023,8,Tulsa Golden Hurricane,-0.2603417805606319,0.3549791840406565,0.3387096774193548,0.5230769230769231,4.967741935483871,8.246153846153845,0.8333333333333334,3.230769230769231,0.0,1.0,-0.2265755271782046,0.21428571428571427
2023,8,UAB Blazers,-0.23143428243123568,0.25685596290756674,0.47692307692307695,0.5588235294117647,6.569230769230769,5.352941176470588,1.9090909090909092,3.4545454545454546,0.3333333333333333,0.8333333333333334,0.06275473535060883,0.16666666666666666
2023,8,UCF Knights,-0.05456100173399482,0.07937939321420279,0.323943661971831,0.5180722891566265,5.591549295774648,5.662650602409639,2.230769230769231,2.2142857142857144,0.6666666666666666,0.3333333333333333,0.004483265457329927,0.25
2023,8,UCLA Bruins,0.1836928302465483,-0.13286045554184145,0.4883720930232558,0.3548387096774194,6.058139534883721,4.741935483870968,3.0,0.5384615384615384,0.8333333333333334,1.0,0.05206944924943587,0.5882352941176471
2023,8,UConn Huskies,-0.15051339475008157,-0.020471810609444804,0.3230769230769231,0.42528735632183906,5.292307692307692,5.2988505747126435,1.4,1.8461538461538463,1.0,0.5,-0.15938971410779393,0.3076923076923077
2023,8,UL Monroe Warhawks,-0.11442194315227303,-0.13081334120570084,0.32432432432432434,0.44871794871794873,6.148648648648648,5.346153846153846,1.5555555555555556,1.8235294117647058,0.6666666666666666,0.75,-0.09630460305647416,0.25
2023,8,UNLV Rebels,0.11839429298079157,0.027089855564174366,0.5421686746987951,0.40298507462686567,5.903614457831325,5.925373134328358,2.0833333333333335,2.090909090909091,0.25,0.5,0.09739909321069717,0.4444444444444444
2023,8,USC Trojans,0.16869030635932397,0.17354979409891017,0.5,0.5294117647058824,6.913793103448276,7.852941176470588,2.3636363636363638,2.8333333333333335,0.6666666666666666,0.5,0.25686734914779663,0.36363636363636365
2023,8,UTEP Miners,-0.1872164565978236,0.24276112379698916,0.3114754098360656,0.5172413793103449,4.918032786885246,7.258620689655173,0.6363636363636364,2.3333333333333335,0.5,0.6,0.03808612352626961,0.16666666666666666
2023,8,UTSA Roadrunners,0.054207818794854076,-0.19556317588344949,0.46835443037974683,0.36065573770491804,5.89873417721519,3.6885245901639343,2.6153846153846154,0.25,0.6,0.0,-0.008955656016459231,0.3125
2023,8,Utah State Aggies,-0.05054253988688992,0.11525049455025617,0.4032258064516129,0.5441176470588235,4.258064516129032,5.455882352941177,1.6153846153846154,3.230769230769231,1.0,0.625,-0.036268580555915836,0.3
2023,8,Utah Utes,0.17354979409891017,0.16869030635932397,0.5294117647058824,0.5,7.852941176470588,6.913793103448276,2.8333333333333335,2.3636363636363638,0.5,0.6666666666666666,0.33348803451428044,0.3076923076923077
2023,8,Virginia Cavaliers,0.07885234517815673,0.03167582487131094,0.4444444444444444,0.44155844155844154,5.691358024691358,6.753246753246753,2.2142857142857144,1.9285714285714286,0.6666666666666666,0.3333333333333333,0.052387505769729614,0.4444444444444444
2023,8,Wake Forest Demon Deacons,-0.14069435000419617,-0.027699334154787817,0.3709677419354839,0.42105263157894735,5.919354838709677,6.105263157894737,1.6153846153846154,1.2142857142857142,1.0,1.0,-0.024249850379096136,0.26666666666666666
2023,8,Washington Huskies,-0.3058122804142394,-0.22794213577320702,0.4339622641509434,0.39473684210526316,6.037735849056604,6.105263157894737,0.8181818181818182,0.0,0.0,0.3333333333333333,-0.30506283911161647,0.3
2023,8,Washington State Cougars,0.12522481833125504,0.47781701699683543,0.4647887323943662,0.5789473684210527,6.830985915492958,9.526315789473685,2.1818181818181817,2.5833333333333335,0.4,0.75,0.31959742602874647,0.2857142857142857
2023,8,West Virginia Mountaineers,0.03518706621372537,0.3080383612625841,0.4794520547945205,0.5072463768115942,6.7534246575342465,7.333333333333333,2.4285714285714284,3.4285714285714284,0.4,0.5,0.005533481016755104,0.4666666666666667
2023,8,Western Kentucky Hilltoppers,-0.18179300986230373,0.03257801795893527,0.3194444444444444,0.48936170212765956,4.708333333333333,5.202127659574468,1.3076923076923077,1.4285714285714286,0.6666666666666666,0.3333333333333333,-0.10002698060476554,0.3333333333333333
2023,8,Western Michigan Broncos,0.01171299484041002,0.11200705601980812,0.42857142857142855,0.4868421052631579,5.619047619047619,6.092105263157895,1.2142857142857142,0.2,0.5,0.3333333333333333,0.08937813253963695,0.2
2023,8,Wisconsin Badgers,0.08073475525567406,0.030202148764422447,0.42105263157894735,0.45454545454545453,5.394736842105263,5.015151515151516,2.0833333333333335,1.9090909090909092,0.75,1.0,0.02707564351814134,0.5294117647058824
2023,9,Air Force Falcons,0.1292844972873138,0.008904626592993736,0.3898305084745763,0.453125,4.966101694915254,5.296875,2.727272727272727,1.3,0.8,0.0,-0.11967751620845361,0.42857142857142855
2023,9,Appalachian State Mountaineers,0.3901582072721794,0.21143520055782228,0.546875,0.4523809523809524,9.625,7.380952380952381,3.4285714285714284,2.066666666666667,1.0,0.6,0.3517674805194724,0.3333333333333333
2023,9,Arizona State Sun Devils,0.47914833367848003,0.16888988145760128,0.5901639344262295,0.5428571428571428,8.360655737704919,6.3,3.8,3.0,1.0,0.5,0.3185436314344406,0.6363636363636364
2023,9,Arizona Wildcats,0.1886712278498978,0.20875918336452975,0.5409836065573771,0.5483870967741935,5.967213114754099,6.806451612903226,3.0,2.6666666666666665,0.6666666666666666,0.5,0.23865265444833406,0.45454545454545453
2023,9,Arkansas State Red Wolves,-0.03555992658321674,0.1110961338505149,0.4307692307692308,0.4125,7.030769230769231,5.6,1.5,1.1666666666666667,1.0,0.3333333333333333,0.23178837696711221,0.3076923076923077
2023,9,Army Black Knights,0.1816481485489815,0.2414074515302976,0.49206349206349204,0.43333333333333335,5.904761904761905,6.5,1.4,2.625,0.5,1.0,-0.023506098446693827,0.5
2023,9,Auburn Tigers,0.215329776207606,-0.005468699106803307,0.5333333333333333,0.3230769230769231,7.0,5.123076923076923,2.25,1.1818181818181819,0.5,0.25,0.3114215877591347,0.36363636363636365
2023,9,BYU Cougars,-0.3222596098979314,0.04042434344689051,0.3939393939393939,0.4166666666666667,5.712121212121212,6.4,0.46153846153846156,2.5454545454545454,0.0,0.4,-0.3368681602332057,0.21428571428571427
2023,9,Baylor Bears,-0.11569024125734965,0.09785306165295263,0.3787878787878788,0.46774193548387094,5.121212121212121,7.0,1.5,2.3076923076923075,1.0,0.6666666666666666,-0.17988210657368536,0.2857142857142857
2023,9,Boise State Broncos,0.14901047703665746,-0.3694153768433766,0.5352112676056338,0.29545454545454547,6.23943661971831,2.840909090909091,2.909090909090909,0.5833333333333334,0.75,1.0,-0.05016134240265403,0.42857142857142855
2023,9,Boston College Eagles,0.23625512988794417,0.0035759357978468356,0.5833333333333334,0.391304347826087,5.2976190476190474,4.391304347826087,2.3333333333333335,1.5555555555555556,0.6,1.0,-0.0016520744369876,0.5555555555555556
2023,9,California Golden Bears,0.046133590649954884,0.207101926780664,0.4810126582278481,0.44871794871794873,7.075949367088608,6.846153846153846,2.5294117647058822,2.5,1.0,0.7777777777777778,-0.008454602956771851,0.2857142857142857
2023,9,Charlotte 49ers,0.011586753696930118,0.20890572190284729,0.4268292682926829,0.56,4.073170731707317,6.76,1.4545454545454546,3.4545454545454546,0.3333333333333333,0.75,-0.06006302589719946,0.21052631578947367
2023,9,Cincinnati Bearcats,-0.07885634402434032,0.35177974232605524,0.4,0.42857142857142855,6.1066666666666665,9.257142857142858,0.8666666666666667,2.7142857142857144,0.0,0.5,0.06884470660435527,0.375
2023,9,Clemson Tigers,-0.13023247800861734,-0.31858042809698317,0.4177215189873418,0.17777777777777778,4.734177215189874,4.911111111111111,1.2142857142857142,1.3076923076923077,0.6666666666666666,1.0,-0.15101976433800438,0.3888888888888889
2023,9,Coastal Carolina Chanticleers,0.13501819039954513,-0.25853516203416904,0.39344262295081966,0.49295774647887325,7.327868852459017,4.408450704225352,2.8333333333333335,0.46153846153846156,0.2,0.0,0.2537722030411596,0.5
2023,9,Colorado Buffaloes,-0.11410609043356199,0.11904353989909093,0.373134328358209,0.4722222222222222,3.8358208955223883,6.625,1.2307692307692308,2.3333333333333335,0.3333333333333333,0.6,-0.06527253670188096,0.3333333333333333
2023,9,Colorado State Rams,0.008904626592993736,0.1292844972873138,0.453125,0.3898305084745763,5.296875,4.966101694915254,1.3,2.727272727272727,0.0,0.8,0.24706272160013518,0.38461538461538464
2023,9,Duke Blue Devils,-0.3395967745051092,0.0848724784389619,0.30612244897959184,0.5161290322580645,3.693877551020408,5.532258064516129,0.0,2.090909090909091,,0.3333333333333333,-0.17913894142423356,0.16666666666666666
2023,9,East Carolina Pirates,0.0014198194076488545,0.12077698158839392,0.37662337662337664,0.38095238095238093,4.987012987012987,8.523809523809524,1.4285714285714286,2.7333333333333334,0.5,0.5,0.07115147772588228,0.3157894736842105
2023,9,Eastern Michigan Eagles,-0.29999328354994453,0.010573966872124444,0.36666666666666664,0.4642857142857143,6.216666666666667,5.511904761904762,0.6842105263157895,2.0,0.75,0.5,-0.1337614849857662,0.25
2023,9,Florida Atlantic Owls,0.20890572190284729,0.011586753696930118,0.56,0.4268292682926829,6.76,4.073170731707317,3.4545454545454546,1.4545454545454546,0.75,0.3333333333333333,0.18808888952906538,0.25
2023,9,Florida Gators,0.03637895796258571,0.33125322844300953,0.3728813559322034,0.49206349206349204,5.915254237288136,7.761904761904762,1.8181818181818181,3.4166666666666665,1.0,0.6666666666666666,0.1646326747925385,0.2727272727272727
2023,9,Florida International Panthers,-0.22051060132005,-0.015651416696914253,0.2878787878787879,0.3698630136986301,3.772727272727273,5.013698630136986,1.0666666666666667,2.7333333333333334,1.0,0.6666666666666666,-0.2866041338579221,0.23529411764705882
2023,9,Florida State Seminoles,0.2634809448168828,-0.10509951924905181,0.4461538461538462,0.3125,7.8307692307692305,4.015625,2.9285714285714284,1.1428571428571428,0.6,0.6666666666666666,0.20105885524375766,0.35714285714285715
2023,9,Fresno State Bulldogs,-0.018325992673635483,0.021149028044242364,0.4,0.38961038961038963,5.2,5.441558441558442,2.2142857142857144,2.0,0.75,0.4,-0.11008301476637522,0.2857142857142857
2023,9,Georgia Bulldogs,0.33125322844300953,0.03637895796258571,0.49206349206349204,0.3728813559322034,7.761904761904762,5.915254237288136,3.4166666666666665,1.8181818181818181,0.6666666666666666,1.0,0.29017619460821154,0.3333333333333333
2023,9,Georgia Southern Eagles,0.15598402751816642,0.04102954324092958,0.4583333333333333,0.4805194805194805,6.25,6.454545454545454,2.8461538461538463,1.9285714285714286,0.3333333333333333,0.8,0.04185777143998579,0.26666666666666666
2023,9,Georgia State Panthers,0.04102954324092958,0.15598402751816642,0.4805194805194805,0.4583333333333333,6.454545454545454,6.25,1.9285714285714286,2.8461538461538463,0.8,0.3333333333333333,0.04786750718596436,0.4166666666666667
2023,9,Georgia Tech Yellow Jackets,0.41149954807448696,0.38006180944577067,0.5714285714285714,0.5774647887323944,8.272727272727273,8.112676056338028,3.5384615384615383,3.5,0.75,1.0,0.24713050512993923,0.38461538461538464
2023,9,Hawai'i Rainbow Warriors,-0.18647094043818388,0.1827838438398698,0.38181818181818183,0.4117647058823529,4.072727272727272,6.926470588235294,0.0,3.1818181818181817,,0.6,-0.4224861570094761,0.3333333333333333
2023,9,Houston Cougars,-0.39801799725802217,0.05956675484776497,0.3770491803278688,0.4861111111111111,3.262295081967213,5.486111111111111,0.0,3.4166666666666665,,1.0,-0.030478281945717042,0.2
2023,9,Indiana Hoosiers,0.042779781139240816,0.05696600489318371,0.38461538461538464,0.4583333333333333,6.673076923076923,5.041666666666667,1.8461538461538463,2.066666666666667,0.0,0.6,0.1729112782348425,0.2727272727272727
2023,9,Iowa State Cyclones,0.09785306165295263,-0.11569024125734965,0.46774193548387094,0.3787878787878788,7.0,5.121212121212121,2.3076923076923075,1.5,0.6666666666666666,1.0,-0.013250622343509755,0.5333333333333333
2023,9,Jacksonville State Gamecocks,-0.015651416696914253,-0.22051060132005,0.3698630136986301,0.2878787878787879,5.013698630136986,3.772727272727273,2.7333333333333334,1.0666666666666667,0.6666666666666666,1.0,0.023422746308918656,0.15384615384615385
2023,9,James Madison Dukes,-0.03956010590677392,0.16160994188129146,0.4657534246575342,0.379746835443038,6.342465753424658,5.291139240506329,2.1538461538461537,1.9285714285714286,1.0,0.3333333333333333,0.08547106934221167,0.23076923076923078
2023,9,Kansas Jayhawks,0.11267452554343498,0.025086095173881478,0.3698630136986301,0.5616438356164384,6.4520547945205475,6.863013698630137,2.3846153846153846,2.2,0.5,0.8333333333333334,0.2030325343034097,0.2857142857142857
2023,9,Kansas State Wildcats,0.05956675484776497,-0.39801799725802217,0.4861111111111111,0.3770491803278688,5.486111111111111,3.262295081967213,3.4166666666666665,0.0,1.0,,-0.05847225923623357,0.7142857142857143
2023,9,Kentucky Wildcats,0.26527764967509676,0.31043373960167614,0.5079365079365079,0.4925373134328358,7.063492063492063,7.17910447761194,2.7,3.3,0.6,0.25,0.26584023475646973,0.36363636363636365
2023,9,Liberty Flames,0.4237855417710362,0.2917875253237211,0.6363636363636364,0.4307692307692308,7.712121212121212,7.3538461538461535,3.1818181818181817,2.3,1.0,0.6,0.40255650960736805,0.2222222222222222
2023,9,Louisiana Ragin' Cajuns,0.04664869583211839,-0.006735560955939355,0.421875,0.45454545454545453,5.984375,7.259740259740259,1.5384615384615385,0.9333333333333333,0.5,0.5,-0.04356169313192368,0.35714285714285715
2023,9,Louisiana Tech Bulldogs,0.21896013442207785,0.14954381569155625,0.5294117647058824,0.39285714285714285,5.3088235294117645,5.732142857142857,2.4,2.25,0.75,0.75,0.27467962602774304,0.3
2023,9,Louisville Cardinals,0.0848724784389619,-0.3395967745051092,0.5161290322580645,0.30612244897959184,5.532258064516129,3.693877551020408,2.090909090909091,0.0,0.3333333333333333,,0.140879772457422,0.1
2023,9,Marshall Thundering Herd,-0.25853516203416904,0.13501819039954513,0.49295774647887325,0.39344262295081966,4.408450704225352,7.327868852459017,0.46153846153846156,2.8333333333333335,0.0,0.2,-0.17261889261695054,0.26666666666666666
2023,9,Maryland Terrapins,-0.03155712191372702,0.11118117540047087,0.4520547945205479,0.39655172413793105,5.287671232876712,6.586206896551724,2.25,2.357142857142857,0.4,0.5,0.06719513443009607,0.42857142857142855
2023,9,Massachusetts Minutemen,0.2414074515302976,0.1816481485489815,0.43333333333333335,0.49206349206349204,6.5,5.904761904761905,2.625,1.4,1.0,0.5,0.11432702901462714,0.5
2023,9,Memphis Tigers,0.3165862180184627,0.3624603305314038,0.5652173913043478,0.5405405405405406,8.695652173913043,7.986486486486487,3.4615384615384617,3.230769230769231,0.75,0.75,0.33144154718944,0.2727272727272727
2023,9,Miami (OH) RedHawks,-0.011561683118343354,0.09143315920462976,0.42,0.4307692307692308,5.74,5.584615384615384,1.5333333333333334,0.6666666666666666,0.4,0.6666666666666666,0.13948420263253725,0.2727272727272727
2023,9,Miami Hurricanes,-0.04816907075318423,-0.027107153360436603,0.41818181818181815,0.4878048780487805,4.8,4.890243902439025,1.3333333333333333,2.0,1.0,0.4,0.11386630684137344,0.38461538461538464
2023,9,Michigan State Spartans,-0.0801844442432577,0.0579468407737675,0.41818181818181815,0.4626865671641791,5.4363636363636365,5.492537313432836,0.9230769230769231,2.076923076923077,0.5,0.5,0.020934604108333588,0.3076923076923077
2023,9,Minnesota Golden Gophers,0.0579468407737675,-0.0801844442432577,0.4626865671641791,0.41818181818181815,5.492537313432836,5.4363636363636365,2.076923076923077,0.9230769230769231,0.5,0.5,-0.06881992146372795,0.36363636363636365
2023,9,Mississippi State Bulldogs,-0.005468699106803307,0.215329776207606,0.3230769230769231,0.5333333333333333,5.123076923076923,7.0,1.1818181818181819,2.25,0.25,0.5,0.12101515154449308,0.16666666666666666
2023,9,NC State Wolfpack,-0.31858042809698317,-0.13023247800861734,0.17777777777777778,0.4177215189873418,4.911111111111111,4.734177215189874,1.3076923076923077,1.2142857142857142,1.0,0.6666666666666666,-0.4724566815420985,0.07692307692307693
2023,9,Nebraska Cornhuskers,-0.2952762029150076,-0.483276404812932,0.3508771929824561,0.31666666666666665,6.280701754385965,4.266666666666667,1.6,0.4,0.5,0.0,-0.3308755574481828,0.42857142857142855
2023,9,Nevada Wolf Pack,0.009918951668909617,-0.21231158034525055,0.42857142857142855,0.43478260869565216,4.871428571428571,6.927536231884058,2.25,0.6923076923076923,0.4,1.0,0.0753874471411109,0.35714285714285715
2023,9,New Mexico Lobos,-0.21231158034525055,0.009918951668909617,0.43478260869565216,0.42857142857142855,6.927536231884058,4.871428571428571,0.6923076923076923,2.25,1.0,0.4,-0.1644335314631462,0.16666666666666666
2023,9,New Mexico State Aggies,0.14954381569155625,0.21896013442207785,0.39285714285714285,0.5294117647058824,5.732142857142857,5.3088235294117645,2.25,2.4,0.75,0.75,0.11907941140234471,0.3076923076923077
2023,9,North Carolina Tar Heels,0.38006180944577067,0.41149954807448696,0.5774647887323944,0.5714285714285714,8.112676056338028,8.272727272727273,3.5,3.5384615384615383,1.0,0.75,0.3186600665960993,0.5333333333333333
2023,9,North Texas Mean Green,0.3624603305314038,0.3165862180184627,0.5405405405405406,0.5652173913043478,7.986486486486487,8.695652173913043,3.230769230769231,3.4615384615384617,0.75,0.75,0.4577510862027184,0.5
2023,9,Northwestern Wildcats,0.11118117540047087,-0.03155712191372702,0.39655172413793105,0.4520547945205479,6.586206896551724,5.287671232876712,2.357142857142857,2.25,0.5,0.4,0.2610233531643947,0.1
2023,9,Notre Dame Fighting Irish,0.19850174938478776,-0.37987714333861483,0.532258064516129,0.29411764705882354,8.596774193548388,6.0588235294117645,2.923076923076923,0.5,0.7142857142857143,,0.2351519780338935,0.5
2023,9,Ohio Bobcats,0.09143315920462976,-0.011561683118343354,0.4307692307692308,0.42,5.584615384615384,5.74,0.6666666666666666,1.5333333333333334,0.6666666666666666,0.4,0.17647818035008955,0.21428571428571427
2023,9,Ohio State Buckeyes,0.06956889387220144,-0.24287620233371854,0.515625,0.3125,6.734375,4.046875,2.0,0.7692307692307693,0.5,0.5,0.07742183725788908,0.6
2023,9,Oklahoma Sooners,0.025086095173881478,0.11267452554343498,0.5616438356164384,0.3698630136986301,6.863013698630137,6.4520547945205475,2.2,2.3846153846153846,0.8333333333333334,0.5,0.24637181360702046,0.2
2023,9,Oklahoma State Cowboys,0.35177974232605524,-0.07885634402434032,0.42857142857142855,0.4,9.257142857142858,6.1066666666666665,2.7142857142857144,0.8666666666666667,0.5,0.0,0.30615832684216676,0.3333333333333333
2023,9,Old Dominion Monarchs,0.16160994188129146,-0.03956010590677392,0.379746835443038,0.4657534246575342,5.291139240506329,6.342465753424658,1.9285714285714286,2.1538461538461537,0.3333333333333333,1.0,-0.048575548486689386,0.4444444444444444
2023,9,Ole Miss Rebels,0.08785125437904806,-0.3471051923209621,0.4852941176470588,0.3064516129032258,6.338235294117647,3.7903225806451615,2.75,0.5833333333333334,0.6666666666666666,1.0,0.11244492118175213,0.3076923076923077
2023,9,Oregon Ducks,0.10077648738334918,-0.37611905846800375,0.5517241379310345,0.40298507462686567,6.724137931034483,3.5970149253731343,2.1538461538461537,0.5,1.0,0.0,0.06578348701198895,0.5
2023,9,Oregon State Beavers,0.20875918336452975,0.1886712278498978,0.5483870967741935,0.5409836065573771,6.806451612903226,5.967213114754099,2.6666666666666665,3.0,0.5,0.6666666666666666,0.1964968091249466,0.5
2023,9,Penn State Nittany Lions,0.05696600489318371,0.042779781139240816,0.4583333333333333,0.38461538461538464,5.041666666666667,6.673076923076923,2.066666666666667,1.8461538461538463,0.6,0.0,0.0819577552654125,0.35294117647058826
2023,9,Pittsburgh Panthers,-0.37987714333861483,0.19850174938478776,0.29411764705882354,0.532258064516129,6.0588235294117645,8.596774193548388,0.5,2.923076923076923,,0.7142857142857143,-0.1356050085562926,0.09090909090909091
2023,9,Purdue Boilermakers,-0.483276404812932,-0.2952762029150076,0.31666666666666665,0.3508771929824561,4.266666666666667,6.280701754385965,0.4,1.6,0.0,0.5,-0.4745078046874302,0.25
2023,9,Rice Owls,0.2750776152436932,0.10356427005359105,0.5625,0.5285714285714286,5.770833333333333,6.814285714285714,2.1,3.0,1.0,0.5,0.3529006093740463,0.4444444444444444
2023,9,SMU Mustangs,0.4628118517644265,-0.18080122265177714,0.5588235294117647,0.323943661971831,9.382352941176471,3.8309859154929575,4.769230769230769,0.6666666666666666,0.8333333333333334,0.5,0.4483078200566141,0.4
2023,9,Sam Houston Bearkats,0.04570284730767551,0.2921610970477589,0.4657534246575342,0.47540983606557374,5.095890410958904,7.19672131147541,2.6153846153846154,2.8461538461538463,0.6,0.6,0.05357500492480763,0.4375
2023,9,San José State Spartans,0.1827838438398698,-0.18647094043818388,0.4117647058823529,0.38181818181818183,6.926470588235294,4.072727272727272,3.1818181818181817,0.0,0.6,,-0.051257570584615074,0.6
2023,9,South Alabama Jaguars,-0.006735560955939355,0.04664869583211839,0.45454545454545453,0.421875,7.259740259740259,5.984375,0.9333333333333333,1.5384615384615385,0.5,0.5,0.007945643643201408,0.42857142857142855
2023,9,South Carolina Gamecocks,-0.2087056554976057,0.11428554398672922,0.3442622950819672,0.38571428571428573,3.4262295081967213,5.414285714285715,1.4166666666666667,2.5,1.0,0.3333333333333333,-0.24625238652030626,0.3125
2023,9,Southern Miss Golden Eagles,0.21143520055782228,0.3901582072721794,0.4523809523809524,0.546875,7.380952380952381,9.625,2.066666666666667,3.4285714285714284,0.6,1.0,0.2842652390108389,0.42857142857142855
2023,9,Stanford Cardinal,0.11933810152113437,0.20057393709818522,0.5,0.5,6.2125,7.633333333333334,2.2,3.0,0.75,0.6666666666666666,0.2810004694807914,0.3333333333333333
2023,9,Syracuse Orange,-0.10703389523994356,0.1772185175546578,0.30952380952380953,0.4805194805194805,3.9047619047619047,6.688311688311688,0.7692307692307693,3.0,1.0,0.3333333333333333,0.10197115531473448,0.0
2023,9,Tennessee Volunteers,0.31043373960167614,0.26527764967509676,0.4925373134328358,0.5079365079365079,7.17910447761194,7.063492063492063,3.3,2.7,0.25,0.6,0.38546354499730195,0.4166666666666667
2023,9,Texas A&M Aggies,0.11428554398672922,-0.2087056554976057,0.38571428571428573,0.3442622950819672,5.414285714285715,3.4262295081967213,2.5,1.4166666666666667,0.3333333333333333,1.0,-0.17956414248080962,0.2631578947368421
2023,9,Texas Longhorns,0.04042434344689051,-0.3222596098979314,0.4166666666666667,0.3939393939393939,6.4,5.712121212121212,2.5454545454545454,0.46153846153846156,0.4,0.0,-0.03482347219548327,0.36363636363636365
2023,9,Texas State Bobcats,-0.021195879379908245,0.08379193921299542,0.4266666666666667,0.36764705882352944,6.52,6.3088235294117645,1.0833333333333333,2.5833333333333335,0.0,0.75,0.0575299369076551,0.35714285714285715
2023,9,Troy Trojans,0.08379193921299542,-0.021195879379908245,0.36764705882352944,0.4266666666666667,6.3088235294117645,6.52,2.5833333333333335,1.0833333333333333,0.75,0.0,0.11913709021082111,0.3333333333333333
2023,9,Tulane Green Wave,0.10356427005359105,0.2750776152436932,0.5285714285714286,0.5625,6.814285714285714,5.770833333333333,3.0,2.1,0.5,1.0,0.03638263101930971,0.3076923076923077
2023,9,Tulsa Golden Hurricane,-0.18080122265177714,0.4628118517644265,0.323943661971831,0.5588235294117647,3.8309859154929575,9.382352941176471,0.6666666666666666,4.769230769230769,0.5,0.8333333333333334,-0.05431232896615874,0.3125
2023,9,UCF Knights,0.1395493935847628,0.28229427082198005,0.5652173913043478,0.5428571428571428,6.7101449275362315,6.314285714285714,2.5454545454545454,3.727272727272727,1.0,0.625,-0.13074920827692205,0.5
2023,9,UCLA Bruins,0.11904353989909093,-0.11410609043356199,0.4722222222222222,0.373134328358209,6.625,3.8358208955223883,2.3333333333333335,1.2307692307692308,0.6,0.3333333333333333,0.032556124789229895,0.4166666666666667
2023,9,UConn Huskies,0.0035759357978468356,0.23625512988794417,0.391304347826087,0.5833333333333334,4.391304347826087,5.2976190476190474,1.5555555555555556,2.3333333333333335,1.0,0.6,-0.023623913752310204,0.4166666666666667
2023,9,UL Monroe Warhawks,0.1110961338505149,-0.03555992658321674,0.4125,0.4307692307692308,5.6,7.030769230769231,1.1666666666666667,1.5,0.3333333333333333,1.0,0.07963992184714268,0.2631578947368421
2023,9,UNLV Rebels,0.021149028044242364,-0.018325992673635483,0.38961038961038963,0.4,5.441558441558442,5.2,2.0,2.2142857142857144,0.4,0.75,-0.11475292114274842,0.4444444444444444
2023,9,USC Trojans,0.207101926780664,0.046133590649954884,0.44871794871794873,0.4810126582278481,6.846153846153846,7.075949367088608,2.5,2.5294117647058822,0.7777777777777778,1.0,0.14031546706693215,0.21052631578947367
2023,9,UTEP Miners,0.2921610970477589,0.04570284730767551,0.47540983606557374,0.4657534246575342,7.19672131147541,5.095890410958904,2.8461538461538463,2.6153846153846154,0.6,0.6,0.09574156714246627,0.3333333333333333
2023,9,UTSA Roadrunners,0.12077698158839392,0.0014198194076488545,0.38095238095238093,0.37662337662337664,8.523809523809524,4.987012987012987,2.7333333333333334,1.4285714285714286,0.5,0.5,0.030992722257654717,0.5
2023,9,Utah Utes,-0.37611905846800375,0.10077648738334918,0.40298507462686567,0.5517241379310345,3.5970149253731343,6.724137931034483,0.5,2.1538461538461537,0.0,1.0,-0.3912107992385115,0.3333333333333333
2023,9,Vanderbilt Commodores,-0.3471051923209621,0.08785125437904806,0.3064516129032258,0.4852941176470588,3.7903225806451615,6.338235294117647,0.5833333333333334,2.75,1.0,0.6666666666666666,-0.06459781874057859,0.21428571428571427
2023,9,Virginia Cavaliers,-0.027107153360436603,-0.04816907075318423,0.4878048780487805,0.41818181818181815,4.890243902439025,4.8,2.0,1.3333333333333333,0.4,1.0,-0.032506283313509014,0.4444444444444444
2023,9,Virginia Tech Hokies,0.1772185175546578,-0.10703389523994356,0.4805194805194805,0.30952380952380953,6.688311688311688,3.9047619047619047,3.0,0.7692307692307693,0.3333333333333333,1.0,0.174607371270168,0.5
2023,9,Wake Forest Demon Deacons,-0.10509951924905181,0.2634809448168828,0.3125,0.4461538461538462,4.015625,7.8307692307692305,1.1428571428571428,2.9285714285714284,0.6666666666666666,0.6,0.09579360302613706,0.14285714285714285
2023,9,Washington Huskies,0.20057393709818522,0.11933810152113437,0.5,0.5,7.633333333333334,6.2125,3.0,2.2,0.6666666666666666,0.75,0.08656795414126649,0.45454545454545453
2023,9,Washington State Cougars,0.16888988145760128,0.47914833367848003,0.5428571428571428,0.5901639344262295,6.3,8.360655737704919,3.0,3.8,0.5,1.0,0.284548854721444,0.18181818181818182
2023,9,West Virginia Mountaineers,0.28229427082198005,0.1395493935847628,0.5428571428571428,0.5652173913043478,6.314285714285714,6.7101449275362315,3.727272727272727,2.5454545454545454,0.625,1.0,0.2401944100856781,0.42857142857142855
2023,9,Western Kentucky Hilltoppers,0.2917875253237211,0.4237855417710362,0.4307692307692308,0.6363636363636364,7.3538461538461535,7.712121212121212,2.3,3.1818181818181817,0.6,1.0,0.03281876564025879,0.42857142857142855
2023,9,Western Michigan Broncos,0.010573966872124444,-0.29999328354994453,0.4642857142857143,0.36666666666666664,5.511904761904762,6.216666666666667,2.0,0.6842105263157895,0.5,0.75,0.007973283070784348,0.3333333333333333
2023,9,Wisconsin Badgers,-0.24287620233371854,0.06956889387220144,0.3125,0.515625,4.046875,6.734375,0.7692307692307693,2.0,0.5,0.5,-0.3403800836075907,0.3125
2023,9,Wyoming Cowboys,-0.3694153768433766,0.14901047703665746,0.29545454545454547,0.5352112676056338,2.840909090909091,6.23943661971831,0.5833333333333334,2.909090909090909,1.0,0.75,-0.2906807121453863,0.09090909090909091
2023,10,Air Force Falcons,-0.40814044745638967,-0.11846405693462916,0.375,0.32142857142857145,4.84375,4.660714285714286,0.25,1.7692307692307692,0.0,0.5,-0.30149721664686996,0.35714285714285715
2023,10,Akron Zips,0.23571489070143017,0.1956310306986173,0.5,0.4,6.171428571428572,5.866666666666666,3.090909090909091,2.4545454545454546,0.6666666666666666,1.0,0.29640052329610894,0.35714285714285715
2023,10,Alabama Crimson Tide,0.46999647546170364,0.24663939967490078,0.5522388059701493,0.49122807017543857,7.7611940298507465,7.894736842105263,3.0,2.3333333333333335,1.0,1.0,0.20748420256488728,0.6428571428571429
2023,10,Appalachian State Mountaineers,0.21428088285028934,-0.10277307575399225,0.484375,0.29545454545454547,6.5,6.613636363636363,3.4545454545454546,0.9,0.6666666666666666,0.25,0.08716639637947082,0.36363636363636365
2023,10,Arizona State Sun Devils,-0.5812679653366407,0.28444232265154523,0.14035087719298245,0.44,1.456140350877193,6.493333333333333,0.21428571428571427,3.9285714285714284,0.0,0.5714285714285714,-0.4966690693246691,0.06666666666666667
2023,10,Arizona Wildcats,0.14493976443102866,-0.011760106730845666,0.4696969696969697,0.46774193548387094,6.545454545454546,4.370967741935484,3.0,1.1111111111111112,0.6,0.2,-0.20249642227210252,0.6666666666666666
2023,10,Arkansas Razorbacks,0.06688535412152609,0.026787924766540527,0.4266666666666667,0.4142857142857143,6.36,5.985714285714286,2.1333333333333333,2.4,0.5,0.6666666666666666,-0.009798697735133925,0.4444444444444444
2023,10,Arkansas State Red Wolves,0.16820151568987432,-0.06964994991411928,0.5512820512820513,0.39344262295081966,5.487179487179487,5.754098360655738,2.5,1.0625,0.5,0.5,0.10624785745730166,0.5625
2023,10,Army Black Knights,-0.11846405693462916,-0.40814044745638967,0.32142857142857145,0.375,4.660714285714286,4.84375,1.7692307692307692,0.25,0.5,0.0,-0.08152418747180845,0.3076923076923077
2023,10,Auburn Tigers,-0.06606675396042486,-0.18821832393446275,0.3548387096774194,0.3064516129032258,7.048387096774194,4.290322580645161,2.2142857142857144,0.6153846153846154,0.5,0.0,0.0077615989015457475,0.2857142857142857
2023,10,BYU Cougars,-0.16690631518288265,0.23887404168231618,0.4126984126984127,0.5277777777777778,4.396825396825397,7.652777777777778,0.7,3.0833333333333335,0.5,0.5,0.058246111991454144,0.2727272727272727
2023,10,Ball State Cardinals,-0.006342223804929982,0.02855633624962398,0.4492753623188406,0.39285714285714285,4.304347826086956,5.964285714285714,1.9090909090909092,2.4,1.0,0.5,-0.09446923643350601,0.4375
2023,10,Baylor Bears,0.29124705355900987,0.07819118862058602,0.6,0.5294117647058824,6.338461538461538,6.568627450980392,1.7,1.7,0.3333333333333333,0.0,0.2453795054963991,0.4166666666666667
2023,10,Boise State Broncos,0.16477304212749005,0.10186643328736811,0.475,0.4411764705882353,6.1,6.5,2.5,2.769230769230769,0.6666666666666666,0.3333333333333333,0.0796673957441674,0.3888888888888889
2023,10,Boston College Eagles,-0.024723213086736962,-0.20231796115636824,0.4787234042553192,0.36,3.9893617021276597,5.02,1.4166666666666667,0.8333333333333334,0.6666666666666666,0.0,0.015273635302271162,0.45
2023,10,Bowling Green Falcons,0.02855633624962398,-0.006342223804929982,0.39285714285714285,0.4492753623188406,5.964285714285714,4.304347826086956,2.4,1.9090909090909092,0.5,1.0,0.05002228724650848,0.23076923076923078
2023,10,Buffalo Bulls,-0.3062531541375553,-0.19103328211634768,0.36470588235294116,0.3333333333333333,3.8117647058823527,7.254901960784314,0.8666666666666667,1.9375,0.4,0.5,-0.22536889910697938,0.3157894736842105
2023,10,California Golden Bears,-0.1579047037709144,0.3548132253856194,0.3387096774193548,0.5609756097560976,4.32258064516129,7.512195121951219,0.8571428571428571,4.2,0.25,1.0,-0.12889775316765967,0.21428571428571427
2023,10,Campbell Fighting Camels,-0.1246372197683041,0.43732992496530887,0.38461538461538464,0.6101694915254238,4.294871794871795,10.627118644067796,0.5,4.0,0.5,1.0,-0.23113278160660955,0.3125
2023,10,Central Michigan Chippewas,0.17717042084663145,0.33230609230456815,0.43548387096774194,0.46774193548387094,7.483870967741935,8.564516129032258,2.176470588235294,1.8235294117647058,0.6666666666666666,0.5,0.19754252433776856,0.25
2023,10,Charlotte 49ers,0.07025460813726697,0.0634968706055895,0.34285714285714286,0.44155844155844154,6.214285714285714,5.636363636363637,2.066666666666667,1.8571428571428572,0.42857142857142855,0.5,0.015196705666872172,0.3125
2023,10,Cincinnati Bearcats,0.133546153988157,0.24697318424781164,0.4714285714285714,0.43333333333333335,7.357142857142857,6.466666666666667,2.3636363636363638,2.3333333333333335,0.6,1.0,0.1431653234693739,0.25
2023,10,Clemson Tigers,-0.24553738728813504,-0.2049991534870179,0.4057971014492754,0.3442622950819672,4.608695652173913,5.934426229508197,1.6,1.6428571428571428,0.6666666666666666,0.3333333333333333,-0.015287394793528431,0.26666666666666666
2023,10,Coastal Carolina Chanticleers,0.08070302695820206,-0.06116314401680773,0.5,0.45454545454545453,6.394736842105263,6.0606060606060606,2.1538461538461537,1.7142857142857142,0.4,1.0,0.2450462507704894,0.2857142857142857
2023,10,Colorado Buffaloes,-0.09207117557525635,-0.054911499292078156,0.3333333333333333,0.49295774647887325,4.192982456140351,5.901408450704225,1.5833333333333333,2.1666666666666665,0.6666666666666666,0.6666666666666666,-0.0630732026211051,0.35714285714285715
2023,10,Colorado State Rams,-0.21601549985389862,0.005262517929077148,0.4126984126984127,0.46153846153846156,4.349206349206349,4.984615384615385,1.1538461538461537,2.0,1.0,0.6,-0.08914206877350807,0.0
2023,10,Duke Blue Devils,-0.004790147407013073,-0.0859048944531065,0.38596491228070173,0.45454545454545453,4.508771929824562,6.0606060606060606,1.7142857142857142,1.5,0.5,0.6,-0.1007547029717402,0.38461538461538464
2023,10,East Carolina Pirates,-0.17631967812776567,0.1396005066541525,0.4,0.4153846153846154,4.75,5.6461538461538465,1.4285714285714286,1.4444444444444444,0.5,0.2,-0.05214922825495402,0.3333333333333333
2023,10,Florida Atlantic Owls,0.17695079789790388,0.19008624956414505,0.4383561643835616,0.4594594594594595,7.342465753424658,9.013513513513514,2.8,2.2142857142857144,0.8,0.3333333333333333,0.11316713357442304,0.16666666666666666
2023,10,Florida Gators,0.026787924766540527,0.06688535412152609,0.4142857142857143,0.4266666666666667,5.985714285714286,6.36,2.4,2.1333333333333333,0.6666666666666666,0.5,-0.05946534534670272,0.35294117647058826
2023,10,Florida State Seminoles,0.030086654263573723,-0.2650673200686773,0.43243243243243246,0.4,6.77027027027027,6.0,1.7142857142857142,0.5,0.25,1.0,0.05718252820483709,0.2857142857142857
2023,10,Fresno State Bulldogs,0.10186643328736811,0.16477304212749005,0.4411764705882353,0.475,6.5,6.1,2.769230769230769,2.5,0.3333333333333333,0.6666666666666666,0.01980763223935973,0.5333333333333333
2023,10,Georgia Bulldogs,0.1536295861005783,0.18277965746228658,0.40625,0.4603174603174603,6.015625,6.0,3.0,1.9090909090909092,0.6,0.3333333333333333,-0.039459625482559206,0.3076923076923077
2023,10,Georgia Southern Eagles,0.09651240272955461,0.28884503980205484,0.4727272727272727,0.5205479452054794,7.072727272727272,7.7534246575342465,1.8461538461538463,3.75,0.3333333333333333,0.7142857142857143,0.1679211348988289,0.3
2023,10,Georgia State Panthers,-0.09364325473917291,0.25682177340112083,0.3191489361702128,0.6219512195121951,4.51063829787234,6.560975609756097,1.2727272727272727,3.8181818181818183,0.0,0.8571428571428571,-0.26092927790049353,0.16666666666666666
2023,10,Georgia Tech Yellow Jackets,0.25021193647070933,-0.11076377828915913,0.5,0.42028985507246375,7.118421052631579,5.3768115942028984,3.4615384615384617,1.3076923076923077,1.0,0.6666666666666666,0.15717903127272922,0.4
2023,10,Hawai'i Rainbow Warriors,-0.08647662884480245,-0.37463972507975996,0.3918918918918919,0.296875,4.3108108108108105,3.453125,1.9285714285714286,0.9333333333333333,1.0,0.6666666666666666,-0.10628796251196611,0.25
2023,10,Houston Cougars,0.07819118862058602,0.29124705355900987,0.5294117647058824,0.6,6.568627450980392,6.338461538461538,1.7,1.7,0.0,0.3333333333333333,0.14681229917776017,0.2222222222222222
2023,10,Illinois Fighting Illini,0.21178285021712814,0.022539994014160975,0.43478260869565216,0.4107142857142857,5.391304347826087,4.946428571428571,2.076923076923077,2.0,1.0,0.3333333333333333,0.012299776077270508,0.4117647058823529
2023,10,Indiana Hoosiers,-0.1120124649670389,-0.07101288697564266,0.3472222222222222,0.4225352112676056,4.152777777777778,5.309859154929577,1.8181818181818181,1.1666666666666667,0.6666666666666666,0.5,-0.17169426950541408,0.375
2023,10,Iowa Hawkeyes,-0.3030982375144958,-0.21549954918808625,0.4,0.32786885245901637,3.3636363636363638,2.7868852459016393,0.8333333333333334,0.6363636363636364,1.0,0.5,-0.15736080047696135,0.3333333333333333
2023,10,Iowa State Cyclones,0.02463663635509355,0.2155153735687858,0.4107142857142857,0.3508771929824561,6.696428571428571,6.7368421052631575,1.9090909090909092,1.9090909090909092,0.4,1.0,-0.15742028521936993,0.5
2023,10,Jacksonville State Gamecocks,-0.18744169410180161,-0.02837242024975854,0.3950617283950617,0.4594594594594595,6.7407407407407405,6.297297297297297,1.2352941176470589,1.5,0.75,0.6,-0.3951081166704816,0.5
2023,10,James Madison Dukes,0.25682177340112083,-0.09364325473917291,0.6219512195121951,0.3191489361702128,6.560975609756097,4.51063829787234,3.8181818181818183,1.2727272727272727,0.8571428571428571,0.0,0.16299627850884976,0.4166666666666667
2023,10,Kansas Jayhawks,0.2155153735687858,0.02463663635509355,0.3508771929824561,0.4107142857142857,6.7368421052631575,6.696428571428571,1.9090909090909092,1.9090909090909092,1.0,0.4,0.051219016990878365,0.5
2023,10,Kansas State Wildcats,0.20593826514734348,-0.05849829879966942,0.43661971830985913,0.43243243243243246,5.211267605633803,6.45945945945946,1.7647058823529411,2.0625,0.6,0.25,0.3354645797557998,0.15384615384615385
2023,10,Kennesaw State Owls,0.033770102386673294,0.0383529594168067,0.375,0.4625,6.395833333333333,4.7625,2.1,2.1818181818181817,0.5,0.6666666666666666,-0.18419157319209156,0.23076923076923078
2023,10,Kent State Golden Flashes,0.1956310306986173,0.23571489070143017,0.4,0.5,5.866666666666666,6.171428571428572,2.4545454545454546,3.090909090909091,1.0,0.6666666666666666,0.18878271690634793,0.2857142857142857
2023,10,Kentucky Wildcats,-0.09108333542661846,-0.32851748168468475,0.3584905660377358,0.3333333333333333,5.037735849056604,3.9206349206349205,1.7,0.23076923076923078,0.6666666666666666,0.0,0.023460595309734343,0.3333333333333333
2023,10,LSU Tigers,0.24663939967490078,0.46999647546170364,0.49122807017543857,0.5522388059701493,7.894736842105263,7.7611940298507465,2.3333333333333335,3.0,1.0,1.0,0.367741826435794,0.4444444444444444
2023,10,Liberty Flames,0.4813820012978145,0.11683289657036464,0.5857142857142857,0.4666666666666667,8.6,5.533333333333333,2.3333333333333335,1.375,0.8333333333333334,0.8,0.3180502393553334,0.625
2023,10,Louisiana Ragin' Cajuns,-0.06964994991411928,0.16820151568987432,0.39344262295081966,0.5512820512820513,5.754098360655738,5.487179487179487,1.0625,2.5,0.5,0.5,-0.03015516387919585,0.2727272727272727
2023,10,Louisiana Tech Bulldogs,0.11683289657036464,0.4813820012978145,0.4666666666666667,0.5857142857142857,5.533333333333333,8.6,1.375,2.3333333333333335,0.8,0.8333333333333334,0.2970820621897777,0.3
2023,10,Louisville Cardinals,0.24983088379981472,-0.4028770469275175,0.5098039215686274,0.3137254901960784,8.333333333333334,2.7450980392156863,3.4,0.2727272727272727,0.6666666666666666,0.0,0.32231798732564565,0.25
2023,10,Marshall Thundering Herd,-0.10277307575399225,0.21428088285028934,0.29545454545454547,0.484375,6.613636363636363,6.5,0.9,3.4545454545454546,0.25,0.6666666666666666,-0.2697673825656666,0.3333333333333333
2023,10,Maryland Terrapins,-0.283039436286146,0.220904270807902,0.4,0.4666666666666667,4.290909090909091,5.453333333333333,0.5833333333333334,4.25,1.0,0.6666666666666666,-0.24197918283087866,0.3333333333333333
2023,10,Massachusetts Minutemen,0.16581659338303975,-0.19132614924998606,0.4107142857142857,0.3220338983050847,6.910714285714286,4.033898305084746,2.5833333333333335,1.6666666666666667,0.6666666666666666,1.0,0.13035208935087378,0.3333333333333333
2023,10,Memphis Tigers,0.35886883842093603,0.21444091236307508,0.4857142857142857,0.47619047619047616,8.32857142857143,6.9523809523809526,3.6875,2.625,0.8571428571428571,0.8571428571428571,0.4204768666572738,0.36363636363636365
2023,10,Merrimack Warriors,-0.19132614924998606,0.16581659338303975,0.3220338983050847,0.4107142857142857,4.033898305084746,6.910714285714286,1.6666666666666667,2.5833333333333335,1.0,0.6666666666666666,-0.09252046700567007,0.3076923076923077
2023,10,Miami Hurricanes,-0.17769620248249599,-0.07844715581999885,0.37142857142857144,0.35555555555555557,4.257142857142857,5.688888888888889,0.5,1.4166666666666667,0.0,0.3333333333333333,-0.09659640519124157,0.26666666666666666
2023,10,Michigan State Spartans,-0.051857705278830095,-0.09057217213644911,0.38181818181818183,0.3283582089552239,5.363636363636363,3.8358208955223883,1.0526315789473684,0.8947368421052632,0.5,0.6666666666666666,-0.02372025139629841,0.21428571428571427
2023,10,Michigan Wolverines,0.035726917394693344,-0.21186667602313192,0.43478260869565216,0.3157894736842105,6.3768115942028984,4.719298245614035,2.9285714285714284,0.8666666666666667,0.6666666666666666,0.0,0.039283748578142236,0.5
2023,10,Middle Tennessee Blue Raiders,-0.10803601044145497,-0.08277173496004361,0.3939393939393939,0.4626865671641791,5.166666666666667,5.955223880597015,0.0,1.1818181818181819,0.0,0.3333333333333333,-0.09873338028167684,0.3125
2023,10,Minnesota Golden Gophers,0.022539994014160975,0.21178285021712814,0.4107142857142857,0.43478260869565216,4.946428571428571,5.391304347826087,2.0,2.076923076923077,0.3333333333333333,1.0,0.11143741224493299,0.16666666666666666
2023,10,Mississippi State Bulldogs,-0.32851748168468475,-0.09108333542661846,0.3333333333333333,0.3584905660377358,3.9206349206349205,5.037735849056604,0.23076923076923078,1.7,0.0,0.6666666666666666,-0.425235874612223,0.3125
2023,10,Missouri Tigers,0.18277965746228658,0.1536295861005783,0.4603174603174603,0.40625,6.0,6.015625,1.9090909090909092,3.0,0.3333333333333333,0.6,0.24987435340881348,0.38461538461538464
2023,10,NC State Wolfpack,-0.07844715581999885,-0.17769620248249599,0.35555555555555557,0.37142857142857144,5.688888888888889,4.257142857142857,1.4166666666666667,0.5,0.3333333333333333,0.0,-0.02521596210343497,0.2
2023,10,Navy Midshipmen,-0.04211962992145169,0.2574383865703236,0.3709677419354839,0.509090909090909,4.32258064516129,8.290909090909091,1.6363636363636365,2.909090909090909,0.5,1.0,-0.025165512118228647,0.13333333333333333
2023,10,Nebraska Cornhuskers,-0.09057217213644911,-0.051857705278830095,0.3283582089552239,0.38181818181818183,3.8358208955223883,5.363636363636363,0.8947368421052632,1.0526315789473684,0.6666666666666666,0.5,-0.18305172570622885,0.2857142857142857
2023,10,Nevada Wolf Pack,-0.37463972507975996,-0.08647662884480245,0.296875,0.3918918918918919,3.453125,4.3108108108108105,0.9333333333333333,1.9285714285714286,0.6666666666666666,1.0,-0.1504434927677115,0.23076923076923078
2023,10,New Mexico Lobos,-0.027198195031711035,0.48681563503888187,0.4,0.6530612244897959,5.114285714285714,8.408163265306122,1.2727272727272727,4.666666666666667,1.0,1.0,0.008030251200710024,0.25
2023,10,New Mexico State Aggies,-0.08277173496004361,-0.10803601044145497,0.4626865671641791,0.3939393939393939,5.955223880597015,5.166666666666667,1.1818181818181819,0.0,0.3333333333333333,0.0,-0.024379467422311955,0.25
2023,10,North Carolina Tar Heels,0.43732992496530887,-0.1246372197683041,0.6101694915254238,0.38461538461538464,10.627118644067796,4.294871794871795,4.0,0.5,1.0,0.5,0.528958300948143,0.4444444444444444
2023,10,North Texas Mean Green,0.10471653271662562,0.14713537088922551,0.47368421052631576,0.40540540540540543,6.0394736842105265,5.72972972972973,2.4166666666666665,3.0833333333333335,0.3333333333333333,0.6666666666666666,-0.28730652661159123,0.375
2023,10,Northern Illinois Huskies,0.33230609230456815,0.17717042084663145,0.46774193548387094,0.43548387096774194,8.564516129032258,7.483870967741935,1.8235294117647058,2.176470588235294,0.5,0.6666666666666666,0.6113948712543565,0.0
2023,10,Northwestern Wildcats,-0.21549954918808625,-0.3030982375144958,0.32786885245901637,0.4,2.7868852459016393,3.3636363636363638,0.6363636363636364,0.8333333333333334,0.5,1.0,-0.2038984235730909,0.29411764705882354
2023,10,Notre Dame Fighting Irish,-0.2049991534870179,-0.24553738728813504,0.3442622950819672,0.4057971014492754,5.934426229508197,4.608695652173913,1.6428571428571428,1.6,0.3333333333333333,0.6666666666666666,-0.10111044917968993,0.23076923076923078
2023,10,Ohio State Buckeyes,0.08401137861338528,-0.188324260177897,0.45454545454545453,0.40298507462686567,5.963636363636364,6.7611940298507465,2.5454545454545454,1.3333333333333333,1.0,0.16666666666666666,-0.035276234876818774,0.3333333333333333
2023,10,Oklahoma Sooners,0.018891875399276614,0.02817101307401929,0.453125,0.46835443037974683,8.09375,6.620253164556962,1.8461538461538463,1.9285714285714286,0.5,0.5,-0.04519538909196854,0.4166666666666667
2023,10,Oklahoma State Cowboys,0.02817101307401929,0.018891875399276614,0.46835443037974683,0.453125,6.620253164556962,8.09375,1.9285714285714286,1.8461538461538463,0.5,0.5,0.06793310244878133,0.3333333333333333
2023,10,Old Dominion Monarchs,-0.06116314401680773,0.08070302695820206,0.45454545454545453,0.5,6.0606060606060606,6.394736842105263,1.7142857142857142,2.1538461538461537,1.0,0.4,0.12400363801190487,0.3076923076923077
2023,10,Ole Miss Rebels,0.3481306386264888,0.25244875443287385,0.5303030303030303,0.5384615384615384,7.787878787878788,5.858974358974359,2.909090909090909,2.8,0.6666666666666666,0.75,0.37282793444615825,0.36363636363636365
2023,10,Oregon Ducks,0.3548132253856194,-0.1579047037709144,0.5609756097560976,0.3387096774193548,7.512195121951219,4.32258064516129,4.2,0.8571428571428571,1.0,0.25,0.1818207021969468,0.5714285714285714
2023,10,Oregon State Beavers,-0.054911499292078156,-0.09207117557525635,0.49295774647887325,0.3333333333333333,5.901408450704225,4.192982456140351,2.1666666666666665,1.5833333333333333,0.6666666666666666,0.6666666666666666,-0.09882007487888994,0.5384615384615384
2023,10,Penn State Nittany Lions,0.220904270807902,-0.283039436286146,0.4666666666666667,0.4,5.453333333333333,4.290909090909091,4.25,0.5833333333333334,0.6666666666666666,1.0,0.09871823327583179,0.3333333333333333
2023,10,Pittsburgh Panthers,-0.2650673200686773,0.030086654263573723,0.4,0.43243243243243246,6.0,6.77027027027027,0.5,1.7142857142857142,1.0,0.25,-0.18146564935644469,0.09090909090909091
2023,10,Purdue Boilermakers,-0.21186667602313192,0.035726917394693344,0.3157894736842105,0.43478260869565216,4.719298245614035,6.3768115942028984,0.8666666666666667,2.9285714285714284,0.0,0.6666666666666666,-0.1843068404566674,0.07142857142857142
2023,10,Rice Owls,-0.11032967946746132,0.048562814623023136,0.36363636363636365,0.4177215189873418,5.636363636363637,6.329113924050633,1.2142857142857142,1.9333333333333333,0.75,0.6666666666666666,-0.17386757237155262,0.08333333333333333
2023,10,Rutgers Scarlet Knights,-0.188324260177897,0.08401137861338528,0.40298507462686567,0.45454545454545453,6.7611940298507465,5.963636363636364,1.3333333333333333,2.5454545454545454,0.16666666666666666,1.0,-0.12633696140027514,0.3076923076923077
2023,10,SMU Mustangs,0.048562814623023136,-0.11032967946746132,0.4177215189873418,0.36363636363636365,6.329113924050633,5.636363636363637,1.9333333333333333,1.2142857142857142,0.6666666666666666,0.75,0.03876341461061926,0.4117647058823529
2023,10,Sam Houston Bearkats,0.0383529594168067,0.033770102386673294,0.4625,0.375,4.7625,6.395833333333333,2.1818181818181817,2.1,0.6666666666666666,0.5,-0.19744793085321302,0.5333333333333333
2023,10,San Diego State Aztecs,-0.1269749769797692,0.09887010880878994,0.38461538461538464,0.4714285714285714,6.753846153846154,5.285714285714286,1.3076923076923077,1.3076923076923077,0.5,0.5,-0.25418580226276233,0.29411764705882354
2023,10,South Alabama Jaguars,-0.16446654553766604,0.12734349025413394,0.4074074074074074,0.453125,4.666666666666667,6.125,0.8333333333333334,2.5454545454545454,0.5,0.5,0.08388625882392706,0.0
2023,10,South Carolina Gamecocks,-0.02837242024975854,-0.18744169410180161,0.4594594594594595,0.3950617283950617,6.297297297297297,6.7407407407407405,1.5,1.2352941176470589,0.6,0.75,0.14155194831305537,0.21428571428571427
2023,10,South Florida Bulls,0.21444091236307508,0.35886883842093603,0.47619047619047616,0.4857142857142857,6.9523809523809526,8.32857142857143,2.625,3.6875,0.8571428571428571,0.8571428571428571,0.42379161321065006,0.25
2023,10,Southern Miss Golden Eagles,-0.027509680816105435,-0.35246511212750975,0.4155844155844156,0.3333333333333333,5.818181818181818,5.098039215686274,1.7142857142857142,0.5384615384615384,0.2,0.0,-0.03541901365655367,0.4375
2023,10,Stanford Cardinal,-0.23317577558405259,-0.22878993976683842,0.3088235294117647,0.38095238095238093,3.338235294117647,3.9047619047619047,0.8333333333333334,0.6363636363636364,0.3333333333333333,0.5,-0.20816069344679514,0.3333333333333333
2023,10,Syracuse Orange,-0.20231796115636824,-0.024723213086736962,0.36,0.4787234042553192,5.02,3.9893617021276597,0.8333333333333334,1.4166666666666667,0.0,0.6666666666666666,-0.2100639201891728,0.2727272727272727
2023,10,TCU Horned Frogs,0.1461236784597496,0.13386574266730128,0.5194805194805194,0.44594594594594594,5.571428571428571,5.824324324324325,2.3333333333333335,2.6923076923076925,1.0,0.6666666666666666,-0.13943202689028622,0.4444444444444444
2023,10,Temple Owls,0.2574383865703236,-0.04211962992145169,0.509090909090909,0.3709677419354839,8.290909090909091,4.32258064516129,2.909090909090909,1.6363636363636365,1.0,0.5,0.055837211401566215,0.4444444444444444
2023,10,Tennessee Volunteers,0.49659926157731277,-0.4201238060539419,0.5384615384615384,0.3484848484848485,10.061538461538461,6.181818181818182,3.4545454545454546,0.17647058823529413,0.5,0.0,0.3925013221227206,0.6666666666666666
2023,10,Texas A&M Aggies,0.25244875443287385,0.3481306386264888,0.5384615384615384,0.5303030303030303,5.858974358974359,7.787878787878788,2.8,2.909090909090909,0.75,0.6666666666666666,0.1981930470827854,0.45454545454545453
2023,10,Texas Longhorns,-0.05849829879966942,0.20593826514734348,0.43243243243243246,0.43661971830985913,6.45945945945946,5.211267605633803,2.0625,1.7647058823529411,0.25,0.6,0.02055977497782026,0.13333333333333333
2023,10,Texas State Bobcats,0.28884503980205484,0.09651240272955461,0.5205479452054794,0.4727272727272727,7.7534246575342465,7.072727272727272,3.75,1.8461538461538463,0.7142857142857143,0.3333333333333333,0.15774007638295492,0.4
2023,10,Texas Tech Red Raiders,0.13386574266730128,0.1461236784597496,0.44594594594594594,0.5194805194805194,5.824324324324325,5.571428571428571,2.6923076923076925,2.3333333333333335,0.6666666666666666,1.0,0.056635165104159606,0.4117647058823529
2023,10,Toledo Rockets,-0.19103328211634768,-0.3062531541375553,0.3333333333333333,0.36470588235294116,7.254901960784314,3.8117647058823527,1.9375,0.8666666666666667,0.5,0.4,-0.2764126528532077,0.2
2023,10,Troy Trojans,0.12734349025413394,-0.16446654553766604,0.453125,0.4074074074074074,6.125,4.666666666666667,2.5454545454545454,0.8333333333333334,0.5,0.5,-0.02164934607262307,0.23076923076923078
2023,10,Tulane Green Wave,0.1396005066541525,-0.17631967812776567,0.4153846153846154,0.4,5.6461538461538465,4.75,1.4444444444444444,1.4285714285714286,0.2,0.5,0.04993410376792259,0.4
2023,10,Tulsa Golden Hurricane,0.0634968706055895,0.07025460813726697,0.44155844155844154,0.34285714285714286,5.636363636363637,6.214285714285714,1.8571428571428572,2.066666666666667,0.5,0.42857142857142855,-0.07571779015032869,0.55
2023,10,UAB Blazers,0.19008624956414505,0.17695079789790388,0.4594594594594595,0.4383561643835616,9.013513513513514,7.342465753424658,2.2142857142857144,2.8,0.3333333333333333,0.8,0.2822702984015147,0.3333333333333333
2023,10,UCF Knights,0.24697318424781164,0.133546153988157,0.43333333333333335,0.4714285714285714,6.466666666666667,7.357142857142857,2.3333333333333335,2.3636363636363638,1.0,0.6,0.24430474512120512,0.4166666666666667
2023,10,UCLA Bruins,-0.011760106730845666,0.14493976443102866,0.46774193548387094,0.4696969696969697,4.370967741935484,6.545454545454546,1.1111111111111112,3.0,0.2,0.6,0.12889372039100397,0.42857142857142855
2023,10,UConn Huskies,-0.4201238060539419,0.49659926157731277,0.3484848484848485,0.5384615384615384,6.181818181818182,10.061538461538461,0.17647058823529413,3.4545454545454546,0.0,0.5,-0.3404328778703162,0.29411764705882354
2023,10,UL Monroe Warhawks,-0.35246511212750975,-0.027509680816105435,0.3333333333333333,0.4155844155844156,5.098039215686274,5.818181818181818,0.5384615384615384,1.7142857142857142,0.0,0.2,-0.48890024149104166,0.3076923076923077
2023,10,UNLV Rebels,0.48681563503888187,-0.027198195031711035,0.6530612244897959,0.4,8.408163265306122,5.114285714285714,4.666666666666667,1.2727272727272727,1.0,1.0,0.3612325072288513,0.625
2023,10,USC Trojans,0.41317695781352026,0.600395033614976,0.6190476190476191,0.6571428571428571,7.857142857142857,8.214285714285714,3.8181818181818183,4.7272727272727275,1.0,0.8571428571428571,0.48344497528730657,0.4
2023,10,UTEP Miners,-0.030242981418730722,0.17918371646962267,0.42857142857142855,0.425531914893617,5.857142857142857,5.9787234042553195,0.9285714285714286,1.6153846153846154,0.0,1.0,0.11479721678064224,0.23076923076923078
2023,10,UTSA Roadrunners,0.14713537088922551,0.10471653271662562,0.40540540540540543,0.47368421052631576,5.72972972972973,6.0394736842105265,3.0833333333333335,2.4166666666666665,0.6666666666666666,0.3333333333333333,0.05449818553669112,0.4375
2023,10,Utah State Aggies,0.09887010880878994,-0.1269749769797692,0.4714285714285714,0.38461538461538464,5.285714285714286,6.753846153846154,1.3076923076923077,1.3076923076923077,0.5,0.5,-0.050392919778823854,0.3333333333333333
2023,10,Utah Utes,0.28444232265154523,-0.5812679653366407,0.44,0.14035087719298245,6.493333333333333,1.456140350877193,3.9285714285714284,0.21428571428571427,0.5714285714285714,0.0,0.09148921412334107,0.5
2023,10,Vanderbilt Commodores,-0.18821832393446275,-0.06606675396042486,0.3064516129032258,0.3548387096774194,4.290322580645161,7.048387096774194,0.6153846153846154,2.2142857142857144,0.0,0.5,-0.06189941234058804,0.14285714285714285
2023,10,Virginia Cavaliers,-0.11076377828915913,0.25021193647070933,0.42028985507246375,0.5,5.3768115942028984,7.118421052631579,1.3076923076923077,3.4615384615384617,0.6666666666666666,1.0,0.0016276961023157293,0.25
2023,10,Virginia Tech Hokies,-0.4028770469275175,0.24983088379981472,0.3137254901960784,0.5098039215686274,2.7450980392156863,8.333333333333334,0.2727272727272727,3.4,0.0,0.6666666666666666,-0.3324911336486156,0.18181818181818182
2023,10,Wake Forest Demon Deacons,-0.0859048944531065,-0.004790147407013073,0.45454545454545453,0.38596491228070173,6.0606060606060606,4.508771929824562,1.5,1.7142857142857142,0.6,0.5,0.009134937364321489,0.3076923076923077
2023,10,Washington Huskies,0.600395033614976,0.41317695781352026,0.6571428571428571,0.6190476190476191,8.214285714285714,7.857142857142857,4.7272727272727275,3.8181818181818183,0.8571428571428571,1.0,0.37223296801922684,0.3
2023,10,Washington State Cougars,-0.22878993976683842,-0.23317577558405259,0.38095238095238093,0.3088235294117647,3.9047619047619047,3.338235294117647,0.6363636363636364,0.8333333333333334,0.5,0.3333333333333333,-0.2891183588239882,0.26666666666666666
2023,10,West Virginia Mountaineers,0.23887404168231618,-0.16690631518288265,0.5277777777777778,0.4126984126984127,7.652777777777778,4.396825396825397,3.0833333333333335,0.7,0.5,0.5,0.2907269169287435,0.2
2023,10,Western Kentucky Hilltoppers,0.17918371646962267,-0.030242981418730722,0.425531914893617,0.42857142857142855,5.9787234042553195,5.857142857142857,1.6153846153846154,0.9285714285714286,1.0,0.0,0.14685786121031819,0.36363636363636365
2023,10,Wisconsin Badgers,-0.07101288697564266,-0.1120124649670389,0.4225352112676056,0.3472222222222222,5.309859154929577,4.152777777777778,1.1666666666666667,1.8181818181818181,0.5,0.6666666666666666,-0.16161058853881863,0.3125
2023,10,Wyoming Cowboys,0.005262517929077148,-0.21601549985389862,0.46153846153846156,0.4126984126984127,4.984615384615385,4.349206349206349,2.0,1.1538461538461537,0.6,1.0,0.02107542982468238,0.3333333333333333
2023,11,Air Force Falcons,-0.04832889953697169,0.19386145526712592,0.4074074074074074,0.43636363636363634,6.666666666666667,5.345454545454546,1.4444444444444444,2.2222222222222223,0.0,1.0,-0.030735163925549924,0.5
2023,11,Akron Zips,-0.44268234555537883,-0.2322288934352263,0.35384615384615387,0.3018867924528302,3.292307692307692,4.90566037735849,0.0,1.4615384615384615,0.0,0.3333333333333333,-0.11213878938492308,0.14285714285714285
2023,11,Alabama Crimson Tide,0.24530394840985537,-0.19404028058052064,0.46875,0.36363636363636365,6.9375,4.6,4.083333333333333,1.6153846153846154,1.0,0.75,0.0745737001581012,0.5454545454545454
2023,11,Appalachian State Mountaineers,0.18455903019223893,-0.28339984581658717,0.48214285714285715,0.34210526315789475,8.964285714285714,3.276315789473684,2.625,1.0,1.0,0.5,0.21357205510139465,0.4
2023,11,Arizona State Sun Devils,-0.09932875140355184,-0.2659765053540468,0.38461538461538464,0.39285714285714285,4.415384615384616,5.214285714285714,1.4166666666666667,0.6363636363636364,0.5,0.3333333333333333,-0.14289835706353188,0.23076923076923078
2023,11,Arizona Wildcats,0.21483644997251444,0.0979996607417152,0.43103448275862066,0.38095238095238093,7.103448275862069,5.380952380952381,2.8333333333333335,2.3846153846153846,0.8,0.8,0.22386137792404662,0.2727272727272727
2023,11,Arkansas Razorbacks,-0.2577931322157383,0.1706844074161429,0.3076923076923077,0.6052631578947368,5.365384615384615,7.157894736842105,0.6666666666666666,3.1538461538461537,0.5,0.7142857142857143,-0.16749520981923127,0.08333333333333333
2023,11,Arkansas State Red Wolves,-0.21464802443035066,0.0020041788210634326,0.36507936507936506,0.36065573770491804,5.126984126984127,5.885245901639344,1.1666666666666667,1.6153846153846154,0.0,1.0,-0.013676344080174223,0.15384615384615385
2023,11,Army Black Knights,0.05852921273973253,0.09064601760515024,0.3333333333333333,0.5070422535211268,6.288888888888889,5.549295774647887,1.25,0.875,0.3333333333333333,0.5,-0.19602224429448445,0.3333333333333333
2023,11,Auburn Tigers,0.1706844074161429,-0.2577931322157383,0.6052631578947368,0.3076923076923077,7.157894736842105,5.365384615384615,3.1538461538461537,0.6666666666666666,0.7142857142857143,0.5,0.12465965074877586,0.5
2023,11,BYU Cougars,-0.1730213485883944,0.229613148397015,0.3939393939393939,0.46774193548387094,5.378787878787879,7.274193548387097,0.9285714285714286,3.2142857142857144,0.3333333333333333,0.8,0.11902733468541912,0.09090909090909091
2023,11,Ball State Cardinals,0.003901766694110373,-0.06376200809813383,0.43478260869565216,0.45614035087719296,4.6521739130434785,5.87719298245614,1.6666666666666667,1.5454545454545454,0.4,0.5,-0.21562153577804566,0.4444444444444444
2023,11,Baylor Bears,-0.20381162818521262,0.2291181388665253,0.3375,0.5070422535211268,4.95,6.211267605633803,1.5625,3.4615384615384617,1.0,0.8333333333333334,-0.30385182132678373,0.0625
2023,11,Boise State Broncos,0.42978700969302863,0.044534661790780854,0.5614035087719298,0.5087719298245614,8.543859649122806,5.666666666666667,3.8181818181818183,1.5555555555555556,0.6,0.6666666666666666,0.41307953348819243,0.6
2023,11,Boston College Eagles,0.1033607812767679,0.36169113449647394,0.36363636363636365,0.5211267605633803,4.818181818181818,8.380281690140846,1.8333333333333333,4.0,1.0,0.8,-0.1387109943665564,0.25
2023,11,Bowling Green Falcons,0.402172541719372,-0.1665134985052364,0.5084745762711864,0.4225352112676056,8.474576271186441,5.056338028169014,3.769230769230769,1.4615384615384615,0.8333333333333334,0.3333333333333333,0.3701125707315362,0.3
2023,11,Buffalo Bulls,-0.09113129554316401,0.10148416854897324,0.375,0.4489795918367347,4.453125,4.938775510204081,0.375,2.857142857142857,0.5,0.5,-0.2383494564267092,0.375
2023,11,California Golden Bears,-0.04287667924707586,0.03157997907449802,0.43636363636363634,0.4895833333333333,6.363636363636363,6.03125,2.1538461538461537,2.2941176470588234,1.0,0.6666666666666666,-0.1487612611717648,0.2222222222222222
2023,11,Central Michigan Chippewas,0.09212704673409462,0.14352282494693608,0.5333333333333333,0.4675324675324675,7.016666666666667,6.779220779220779,1.8666666666666667,2.533333333333333,1.0,0.6666666666666666,0.1519529997654583,0.38461538461538464
2023,11,Charlotte 49ers,-0.14416037866702447,-0.09190821131183342,0.5076923076923077,0.42857142857142855,6.938461538461539,5.298701298701299,2.375,2.066666666666667,0.6,0.5,-0.10411688656761096,0.25
2023,11,Cincinnati Bearcats,0.05546727989401136,-0.20225977956079969,0.4857142857142857,0.35294117647058826,5.285714285714286,4.7254901960784315,2.1818181818181817,1.2727272727272727,0.5,1.0,0.10264928069981662,0.46153846153846156
2023,11,Clemson Tigers,0.14133852683007717,-0.17483006715774535,0.4875,0.2923076923076923,5.8875,5.230769230769231,2.6923076923076925,1.6153846153846154,1.0,1.0,-0.0987227194268128,0.1875
2023,11,Coastal Carolina Chanticleers,0.05297954689179148,-0.05576576337669835,0.45714285714285713,0.3787878787878788,4.7,4.333333333333333,2.8181818181818183,1.9166666666666667,0.6,0.75,-0.02847931577036014,0.4666666666666667
2023,11,Colorado Buffaloes,0.0979996607417152,0.21483644997251444,0.38095238095238093,0.43103448275862066,5.380952380952381,7.103448275862069,2.3846153846153846,2.8333333333333335,0.8,0.8,0.022864104559024174,0.35714285714285715
2023,11,Colorado State Rams,0.023620325408569755,0.021974922991112658,0.4794520547945205,0.3684210526315789,5.931506849315069,4.912280701754386,1.6666666666666667,1.0833333333333333,0.5,0.6666666666666666,-0.05448090379888361,0.5294117647058824
2023,11,Duke Blue Devils,0.2951441090553999,0.3511989192117619,0.484375,0.5063291139240507,5.609375,6.367088607594937,3.0,3.9166666666666665,0.75,0.42857142857142855,0.16707393527030945,0.3076923076923077
2023,11,East Carolina Pirates,-0.3287312512967124,-0.441965907134793,0.29850746268656714,0.30303030303030304,4.2835820895522385,3.0,1.4666666666666666,0.5,1.0,0.5,-0.3183167601625125,0.23529411764705882
2023,11,Eastern Michigan Eagles,0.08598294754823049,0.4700673520565033,0.38333333333333336,0.6071428571428571,4.25,8.142857142857142,2.3,4.9,0.6666666666666666,0.8571428571428571,0.05755659729935402,0.26666666666666666
2023,11,Florida Atlantic Owls,-0.441965907134793,-0.3287312512967124,0.30303030303030304,0.29850746268656714,3.0,4.2835820895522385,0.5,1.4666666666666666,0.5,1.0,-0.2795742091205385,0.1875
2023,11,Florida Gators,0.18247945927366427,0.6621587124921507,0.5189873417721519,0.5932203389830508,6.7974683544303796,11.830508474576272,2.5,3.7142857142857144,0.8,0.6666666666666666,0.3129715436980838,0.3076923076923077
2023,11,Florida International Panthers,-0.157341867685318,0.20560347360949363,0.38666666666666666,0.46774193548387094,4.133333333333334,7.209677419354839,0.46153846153846156,2.5833333333333335,0.0,0.5,-0.20578698482778338,0.2777777777777778
2023,11,Florida State Seminoles,-0.01788380497791728,-0.05967412784229964,0.3770491803278688,0.28125,5.311475409836065,5.234375,2.076923076923077,1.5384615384615385,0.5,0.5,0.1491011381149292,0.25
2023,11,Fresno State Bulldogs,-0.10291992227586222,0.31855568752206603,0.4084507042253521,0.5517241379310345,5.732394366197183,7.862068965517241,1.3846153846153846,3.1818181818181817,0.5,0.8,-0.32758583637097705,0.47058823529411764
2023,11,Georgia Bulldogs,0.4953443303704262,-0.03167606188970454,0.6666666666666666,0.4264705882352941,9.466666666666667,4.823529411764706,4.7272727272727275,1.5454545454545454,0.8333333333333334,0.6666666666666666,0.48817263142420697,0.5
2023,11,Georgia Southern Eagles,-0.03241712141495485,0.13555875644087792,0.34615384615384615,0.5,4.769230769230769,7.54,1.3,2.0,0.3333333333333333,0.6666666666666666,0.02747026268850293,0.16666666666666666
2023,11,Georgia State Panthers,-0.28339984581658717,0.18455903019223893,0.34210526315789475,0.48214285714285715,3.276315789473684,8.964285714285714,1.0,2.625,0.5,1.0,-0.27881733274885584,0.2777777777777778
2023,11,Georgia Tech Yellow Jackets,-0.17483006715774535,0.14133852683007717,0.2923076923076923,0.4875,5.230769230769231,5.8875,1.6153846153846154,2.6923076923076925,1.0,1.0,-0.3008131164571513,0.25
2023,11,Hawai'i Rainbow Warriors,0.19386145526712592,-0.04832889953697169,0.43636363636363634,0.4074074074074074,5.345454545454546,6.666666666666667,2.2222222222222223,1.4444444444444444,1.0,0.0,0.10388010314532689,0.6153846153846154
2023,11,Holy Cross Crusaders,0.09064601760515024,0.05852921273973253,0.5070422535211268,0.3333333333333333,5.549295774647887,6.288888888888889,0.875,1.25,0.5,0.3333333333333333,0.03727949308414085,0.5333333333333333
2023,11,Houston Cougars,-0.20225977956079969,0.05546727989401136,0.35294117647058826,0.4857142857142857,4.7254901960784315,5.285714285714286,1.2727272727272727,2.1818181818181817,1.0,0.5,-0.27895815388576406,0.46153846153846156
2023,11,Illinois Fighting Illini,0.5429916265694534,0.15654875401040197,0.6176470588235294,0.5352112676056338,10.191176470588236,6.887323943661972,2.1875,1.8823529411764706,0.5714285714285714,0.8333333333333334,0.5710745053855997,0.2222222222222222
2023,11,Indiana Hoosiers,0.15654875401040197,0.5429916265694534,0.5352112676056338,0.6176470588235294,6.887323943661972,10.191176470588236,1.8823529411764706,2.1875,0.8333333333333334,0.5714285714285714,0.14825424911647006,0.4166666666666667
2023,11,Iowa Hawkeyes,0.10378464625069969,-0.43257101997733116,0.4605263157894737,0.325,5.302631578947368,3.3,2.0,0.0,0.3333333333333333,,0.02034321054816246,0.4444444444444444
2023,11,Iowa State Cyclones,0.229613148397015,-0.1730213485883944,0.46774193548387094,0.3939393939393939,7.274193548387097,5.378787878787879,3.2142857142857144,0.9285714285714286,0.8,0.3333333333333333,0.12274992212336114,0.5
2023,11,James Madison Dukes,0.45022139166082653,-0.3328112200833857,0.5535714285714286,0.40625,9.178571428571429,6.328125,3.3636363636363638,0.5454545454545454,0.2,0.0,0.48155292371908825,0.375
2023,11,Kansas Jayhawks,-0.08012423716071579,-0.10215976918247384,0.375,0.39436619718309857,5.0,4.436619718309859,1.0833333333333333,1.4545454545454546,0.0,0.25,-0.041211993767405454,0.4117647058823529
2023,11,Kansas State Wildcats,0.2291181388665253,-0.20381162818521262,0.5070422535211268,0.3375,6.211267605633803,4.95,3.4615384615384617,1.5625,0.8333333333333334,1.0,0.26717564343873945,0.25
2023,11,Kent State Golden Flashes,-0.1665134985052364,0.402172541719372,0.4225352112676056,0.5084745762711864,5.056338028169014,8.474576271186441,1.4615384615384615,3.769230769230769,0.3333333333333333,0.8333333333333334,-0.03465611081231724,0.21428571428571427
2023,11,Kentucky Wildcats,-0.19404028058052064,0.24530394840985537,0.36363636363636365,0.46875,4.6,6.9375,1.6153846153846154,4.083333333333333,0.75,1.0,-0.048912238936091576,0.18181818181818182
2023,11,LSU Tigers,0.6621587124921507,0.18247945927366427,0.5932203389830508,0.5189873417721519,11.830508474576272,6.7974683544303796,3.7142857142857144,2.5,0.6666666666666666,0.8,0.803721451988587,0.2
2023,11,Liberty Flames,0.15968426799072938,-0.13104726492268284,0.47058823529411764,0.4024390243902439,6.588235294117647,3.4146341463414633,1.2352941176470589,0.625,0.75,0.3333333333333333,0.187929205174716,0.38461538461538464
2023,11,Louisiana Ragin' Cajuns,-0.014986138160412128,0.20870268224058924,0.5076923076923077,0.527027027027027,6.276923076923077,5.9324324324324325,2.3846153846153846,2.2666666666666666,0.4,1.0,0.2970849055310954,0.2857142857142857
2023,11,Louisiana Tech Bulldogs,-0.08824705543802745,0.20814469970505814,0.417910447761194,0.5,8.149253731343284,7.293103448275862,1.4285714285714286,2.6923076923076925,0.5,1.0,-0.2205728624226912,0.18181818181818182
2023,11,Louisville Cardinals,-0.03488632420013691,0.027034853146794963,0.4827586206896552,0.4411764705882353,7.706896551724138,6.279411764705882,1.3076923076923077,1.3076923076923077,0.3333333333333333,0.3333333333333333,0.00984613791756008,0.36363636363636365
2023,11,Marshall Thundering Herd,0.13555875644087792,-0.03241712141495485,0.5,0.34615384615384615,7.54,4.769230769230769,2.0,1.3,0.6666666666666666,0.3333333333333333,0.2998738854033191,0.2222222222222222
2023,11,Maryland Terrapins,-0.04757692144503669,-0.30852615386247634,0.4126984126984127,0.36666666666666664,6.507936507936508,4.766666666666667,1.1818181818181819,1.0,0.2,0.3333333333333333,-0.2214068466541814,0.6
2023,11,Memphis Tigers,-0.09190821131183342,-0.14416037866702447,0.42857142857142855,0.5076923076923077,5.298701298701299,6.938461538461539,2.066666666666667,2.375,0.5,0.6,-0.18649289524182677,0.5384615384615384
2023,11,Miami (OH) RedHawks,-0.2322288934352263,-0.44268234555537883,0.3018867924528302,0.35384615384615387,4.90566037735849,3.292307692307692,1.4615384615384615,0.0,0.3333333333333333,0.0,-0.21219792274328378,0.3076923076923077
2023,11,Miami Hurricanes,-0.05967412784229964,-0.01788380497791728,0.28125,0.3770491803278688,5.234375,5.311475409836065,1.5384615384615385,2.076923076923077,0.5,0.5,0.08621051923736282,0.1875
2023,11,Michigan State Spartans,-0.17837048294367613,0.3111399362484614,0.42592592592592593,0.5454545454545454,3.814814814814815,8.242424242424242,0.2727272727272727,3.1666666666666665,,0.6666666666666666,-0.1406201367315493,0.14285714285714285
2023,11,Michigan Wolverines,0.12414187730218355,-0.11805306348884315,0.40384615384615385,0.40350877192982454,5.596153846153846,4.333333333333333,2.1818181818181817,1.3636363636363635,0.5,0.6666666666666666,0.08344078799219508,0.38461538461538464
2023,11,Middle Tennessee Blue Raiders,0.20560347360949363,-0.157341867685318,0.46774193548387094,0.38666666666666666,7.209677419354839,4.133333333333334,2.5833333333333335,0.46153846153846156,0.5,0.0,0.09964441086934961,0.2857142857142857
2023,11,Minnesota Golden Gophers,0.18530707212461942,0.473956264231516,0.463768115942029,0.4927536231884058,5.898550724637682,8.753623188405797,1.6666666666666667,3.769230769230769,0.6666666666666666,0.8333333333333334,0.20987996121622482,0.2857142857142857
2023,11,Mississippi State Bulldogs,-0.3940468103739253,0.19035708904266357,0.3157894736842105,0.5,5.175438596491228,6.0,0.7692307692307693,3.6666666666666665,0.0,0.7142857142857143,-0.21997542540694393,0.23076923076923078
2023,11,Missouri Tigers,0.26134644609850805,-0.16727164126279062,0.5405405405405406,0.42105263157894735,7.581081081081081,6.385964912280702,2.4166666666666665,0.6363636363636364,0.6,0.0,0.20186625081196166,0.5294117647058824
2023,11,Navy Midshipmen,0.11314836090261286,-0.2925690806829012,0.45454545454545453,0.4461538461538462,6.636363636363637,6.369230769230769,1.5454545454545454,0.5454545454545454,0.3333333333333333,0.0,0.1800486503577814,0.5
2023,11,Nebraska Cornhuskers,-0.30852615386247634,-0.04757692144503669,0.36666666666666664,0.4126984126984127,4.766666666666667,6.507936507936508,1.0,1.1818181818181819,0.3333333333333333,0.2,-0.34737572508553666,0.1111111111111111
2023,11,Nevada Wolf Pack,-0.2822410490582971,0.026396485567092894,0.36764705882352944,0.4266666666666667,5.955882352941177,6.266666666666667,1.5,2.125,0.5,0.5,-0.21092792024027626,0.21428571428571427
2023,11,New Mexico Lobos,0.044534661790780854,0.42978700969302863,0.5087719298245614,0.5614035087719298,5.666666666666667,8.543859649122806,1.5555555555555556,3.8181818181818183,0.6666666666666666,0.6,0.12314588803312053,0.4
2023,11,New Mexico State Aggies,0.3587324671577989,0.14346818603686431,0.5087719298245614,0.43283582089552236,6.7894736842105265,7.686567164179104,3.4444444444444446,1.9090909090909092,1.0,0.75,0.2464668953960592,0.36363636363636365
2023,11,North Carolina Tar Heels,0.3511989192117619,0.2951441090553999,0.5063291139240507,0.484375,6.367088607594937,5.609375,3.9166666666666665,3.0,0.42857142857142855,0.75,0.049565899988700604,0.5555555555555556
2023,11,North Texas Mean Green,0.02793771680444479,0.2415794356664022,0.40625,0.5333333333333333,5.8125,7.453333333333333,1.0769230769230769,3.2142857142857144,1.0,0.6666666666666666,0.09779865310547199,0.2857142857142857
2023,11,Northern Illinois Huskies,-0.06376200809813383,0.003901766694110373,0.45614035087719296,0.43478260869565216,5.87719298245614,4.6521739130434785,1.5454545454545454,1.6666666666666667,0.5,0.4,-0.0020803524100262184,0.3
2023,11,Northwestern Wildcats,0.11639082627218278,-0.04239136974016825,0.4098360655737705,0.5072463768115942,5.245901639344262,4.942028985507246,2.1818181818181817,1.0,0.5,0.3333333333333333,-0.16818543726747687,0.5294117647058824
2023,11,Ohio Bobcats,0.10148416854897324,-0.09113129554316401,0.4489795918367347,0.375,4.938775510204081,4.453125,2.857142857142857,0.375,0.5,0.5,0.040374738605398884,0.4
2023,11,Ohio State Buckeyes,0.3111399362484614,-0.17837048294367613,0.5454545454545454,0.42592592592592593,8.242424242424242,3.814814814814815,3.1666666666666665,0.2727272727272727,0.6666666666666666,,0.36709092476151206,0.45454545454545453
2023,11,Oklahoma Sooners,0.4713107317308836,-0.027425799322755712,0.4936708860759494,0.42105263157894735,8.025316455696203,4.5394736842105265,5.0,1.0,0.8571428571428571,0.75,0.4010014595493438,0.42857142857142855
2023,11,Oklahoma State Cowboys,-0.32753933280233355,0.07552734357970102,0.38095238095238093,0.4142857142857143,4.571428571428571,8.457142857142857,0.21428571428571427,3.2142857142857144,0.0,0.8,-0.26794133563430944,0.18181818181818182
2023,11,Old Dominion Monarchs,-0.13104726492268284,0.15968426799072938,0.4024390243902439,0.47058823529411764,3.4146341463414633,6.588235294117647,0.625,1.2352941176470589,0.3333333333333333,0.75,-0.26489101640052265,0.3333333333333333
2023,11,Ole Miss Rebels,-0.03167606188970454,0.4953443303704262,0.4264705882352941,0.6666666666666666,4.823529411764706,9.466666666666667,1.5454545454545454,4.7272727272727275,0.6666666666666666,0.8333333333333334,-0.07657012224197388,0.3333333333333333
2023,11,Oregon Ducks,0.4860556198925268,0.19046262112157097,0.5737704918032787,0.43103448275862066,9.147540983606557,6.5344827586206895,3.6,3.0,0.5,1.0,0.38577602365437674,0.3333333333333333
2023,11,Oregon State Beavers,0.46159970201551914,-0.06571193465164729,0.609375,0.3333333333333333,9.25,5.2063492063492065,4.769230769230769,1.3076923076923077,1.0,0.5,0.4541358622637662,0.2857142857142857
2023,11,Penn State Nittany Lions,-0.11805306348884315,0.12414187730218355,0.40350877192982454,0.40384615384615385,4.333333333333333,5.596153846153846,1.3636363636363635,2.1818181818181817,0.6666666666666666,0.5,0.03523947075009346,0.21428571428571427
2023,11,Pittsburgh Panthers,-0.335436218551227,0.06479670893814829,0.42857142857142855,0.4305555555555556,5.959183673469388,5.430555555555555,1.0833333333333333,1.75,0.3333333333333333,0.3333333333333333,-0.38252248222890656,0.2
2023,11,Purdue Boilermakers,0.473956264231516,0.18530707212461942,0.4927536231884058,0.463768115942029,8.753623188405797,5.898550724637682,3.769230769230769,1.6666666666666667,0.8333333333333334,0.6666666666666666,0.4700247261085008,0.4
2023,11,Rice Owls,0.0016841329634189606,0.06473149470428922,0.4107142857142857,0.4626865671641791,4.357142857142857,5.611940298507463,1.2727272727272727,2.4545454545454546,,0.6,0.01510771612326304,0.16666666666666666
2023,11,Rutgers Scarlet Knights,-0.43257101997733116,0.10378464625069969,0.325,0.4605263157894737,3.3,5.302631578947368,0.0,2.0,,0.3333333333333333,-0.34769502693209153,0.18181818181818182
2023,11,SMU Mustangs,0.2415794356664022,0.02793771680444479,0.5333333333333333,0.40625,7.453333333333333,5.8125,3.2142857142857144,1.0769230769230769,0.6666666666666666,1.0,0.31794277131557463,0.36363636363636365
2023,11,Sam Houston Bearkats,0.20814469970505814,-0.08824705543802745,0.5,0.417910447761194,7.293103448275862,8.149253731343284,2.6923076923076925,1.4285714285714286,1.0,0.5,0.09074653007767418,0.5
2023,11,San Diego State Aztecs,0.021974922991112658,0.023620325408569755,0.3684210526315789,0.4794520547945205,4.912280701754386,5.931506849315069,1.0833333333333333,1.6666666666666667,0.6666666666666666,0.5,-0.09175590292683669,0.2857142857142857
2023,11,San José State Spartans,0.31855568752206603,-0.10291992227586222,0.5517241379310345,0.4084507042253521,7.862068965517241,5.732394366197183,3.1818181818181817,1.3846153846153846,0.8,0.5,0.2041143604687282,0.2222222222222222
2023,11,South Alabama Jaguars,0.0020041788210634326,-0.21464802443035066,0.36065573770491804,0.36507936507936506,5.885245901639344,5.126984126984127,1.6153846153846154,1.1666666666666667,1.0,0.0,0.07819389188012411,0.3333333333333333
2023,11,South Carolina Gamecocks,0.3257846839982888,-0.3335693061954397,0.4827586206896552,0.3382352941176471,9.189655172413794,4.029411764705882,2.5384615384615383,0.4,1.0,0.5,0.07207715090202249,0.4
2023,11,South Florida Bulls,-0.008704698791629389,-0.054203391483385266,0.42105263157894735,0.3835616438356164,6.0394736842105265,5.63013698630137,1.25,1.5333333333333334,0.2,0.6,-0.09485423564910889,0.375
2023,11,Southern Miss Golden Eagles,0.20870268224058924,-0.014986138160412128,0.527027027027027,0.5076923076923077,5.9324324324324325,6.276923076923077,2.2666666666666666,2.3846153846153846,1.0,0.4,0.18396702950650995,0.5
2023,11,Stanford Cardinal,-0.06571193465164729,0.46159970201551914,0.3333333333333333,0.609375,5.2063492063492065,9.25,1.3076923076923077,4.769230769230769,0.5,1.0,0.15114243997603047,0.23076923076923078
2023,11,Syracuse Orange,0.06479670893814829,-0.335436218551227,0.4305555555555556,0.42857142857142855,5.430555555555555,5.959183673469388,1.75,1.0833333333333333,0.3333333333333333,0.3333333333333333,-0.029738958787035058,0.4
2023,11,TCU Horned Frogs,0.11016530590131879,0.06484052055590861,0.4375,0.4594594594594595,6.1875,6.716216216216216,2.1666666666666665,2.230769230769231,0.75,0.5,0.22315697167433945,0.2727272727272727
2023,11,Temple Owls,-0.054203391483385266,-0.008704698791629389,0.3835616438356164,0.42105263157894735,5.63013698630137,6.0394736842105265,1.5333333333333334,1.25,0.6,0.2,-0.14212111543331826,0.07692307692307693
2023,11,Tennessee Volunteers,-0.16727164126279062,0.26134644609850805,0.42105263157894735,0.5405405405405406,6.385964912280702,7.581081081081081,0.6363636363636364,2.4166666666666665,0.0,0.6,-0.1163157590410926,0.3076923076923077
2023,11,Texas A&M Aggies,0.19035708904266357,-0.3940468103739253,0.5,0.3157894736842105,6.0,5.175438596491228,3.6666666666666665,0.7692307692307693,0.7142857142857143,0.0,0.26806161988456295,0.2727272727272727
2023,11,Texas Longhorns,0.06484052055590861,0.11016530590131879,0.4594594594594595,0.4375,6.716216216216216,6.1875,2.230769230769231,2.1666666666666665,0.5,0.75,0.22563989261786144,0.3076923076923077
2023,11,Texas State Bobcats,-0.05576576337669835,0.05297954689179148,0.3787878787878788,0.45714285714285713,4.333333333333333,4.7,1.9166666666666667,2.8181818181818183,0.75,0.6,-0.08410212714621361,0.3333333333333333
2023,11,Texas Tech Red Raiders,-0.10215976918247384,-0.08012423716071579,0.39436619718309857,0.375,4.436619718309859,5.0,1.4545454545454546,1.0833333333333333,0.25,0.0,-0.10202936165862614,0.26666666666666666
2023,11,Toledo Rockets,0.4700673520565033,0.08598294754823049,0.6071428571428571,0.38333333333333336,8.142857142857142,4.25,4.9,2.3,0.8571428571428571,0.6666666666666666,0.281897967060407,0.7142857142857143
2023,11,Troy Trojans,0.05015223976728078,-0.19502935897220264,0.40540540540540543,0.3484848484848485,4.5,4.681818181818182,1.9444444444444444,0.0,0.75,0.25,-0.012597863016457394,0.2857142857142857
2023,11,Tulane Green Wave,-0.0005913225353741255,0.13098796940333135,0.45901639344262296,0.4189189189189189,5.901639344262295,6.445945945945946,1.7142857142857142,1.8333333333333333,0.5,0.5,0.02508421801030636,0.3333333333333333
2023,11,Tulsa Golden Hurricane,0.13098796940333135,-0.0005913225353741255,0.4189189189189189,0.45901639344262296,6.445945945945946,5.901639344262295,1.8333333333333333,1.7142857142857142,0.5,0.5,0.15292059177798883,0.29411764705882354
2023,11,UAB Blazers,-0.2925690806829012,0.11314836090261286,0.4461538461538462,0.45454545454545453,6.369230769230769,6.636363636363637,0.5454545454545454,1.5454545454545454,0.0,0.3333333333333333,-0.23280625914533934,0.375
2023,11,UCF Knights,0.07552734357970102,-0.32753933280233355,0.4142857142857143,0.38095238095238093,8.457142857142857,4.571428571428571,3.2142857142857144,0.21428571428571427,0.8,0.0,-0.05269825884274074,0.25
2023,11,UCLA Bruins,-0.2659765053540468,-0.09932875140355184,0.39285714285714285,0.38461538461538464,5.214285714285714,4.415384615384616,0.6363636363636364,1.4166666666666667,0.3333333333333333,0.5,0.08831132076135496,0.2727272727272727
2023,11,UConn Huskies,-0.3328112200833857,0.45022139166082653,0.40625,0.5535714285714286,6.328125,9.178571428571429,0.5454545454545454,3.3636363636363638,0.0,0.2,-0.06465362825176933,0.2
2023,11,UL Monroe Warhawks,-0.19502935897220264,0.05015223976728078,0.3484848484848485,0.40540540540540543,4.681818181818182,4.5,0.0,1.9444444444444444,0.25,0.75,-0.03639232243100802,0.26666666666666666
2023,11,UNLV Rebels,0.16905622465023096,0.11879244532252921,0.5072463768115942,0.4426229508196721,6.0144927536231885,5.262295081967213,2.8333333333333335,1.1666666666666667,0.8,0.5,0.005665692518342216,0.5333333333333333
2023,11,USC Trojans,0.19046262112157097,0.4860556198925268,0.43103448275862066,0.5737704918032787,6.5344827586206895,9.147540983606557,3.0,3.6,1.0,0.5,0.031740229659610326,0.5
2023,11,UTSA Roadrunners,0.06473149470428922,0.0016841329634189606,0.4626865671641791,0.4107142857142857,5.611940298507463,4.357142857142857,2.4545454545454546,1.2727272727272727,0.6,,0.11606575934975236,0.3333333333333333
2023,11,Utah State Aggies,0.026396485567092894,-0.2822410490582971,0.4266666666666667,0.36764705882352944,6.266666666666667,5.955882352941177,2.125,1.5,0.5,0.5,0.014016903166113228,0.375
2023,11,Utah Utes,0.15508808167475574,0.23205270832532074,0.5094339622641509,0.4657534246575342,7.056603773584905,6.726027397260274,2.0,2.5384615384615383,0.75,0.5,0.3226059689408257,0.4
2023,11,Vanderbilt Commodores,-0.3335693061954397,0.3257846839982888,0.3382352941176471,0.4827586206896552,4.029411764705882,9.189655172413794,0.4,2.5384615384615383,0.5,1.0,-0.22390303830159644,0.4
2023,11,Virginia Cavaliers,0.027034853146794963,-0.03488632420013691,0.4411764705882353,0.4827586206896552,6.279411764705882,7.706896551724138,1.3076923076923077,1.3076923076923077,0.3333333333333333,0.3333333333333333,0.10735885478556156,0.26666666666666666
2023,11,Virginia Tech Hokies,0.36169113449647394,0.1033607812767679,0.5211267605633803,0.36363636363636365,8.380281690140846,4.818181818181818,4.0,1.8333333333333333,0.8,1.0,0.2365521049057996,0.4
2023,11,Washington Huskies,0.23205270832532074,0.15508808167475574,0.4657534246575342,0.5094339622641509,6.726027397260274,7.056603773584905,2.5384615384615383,2.0,0.5,0.75,0.2196061705288134,0.2857142857142857
2023,11,Washington State Cougars,0.03157997907449802,-0.04287667924707586,0.4895833333333333,0.43636363636363634,6.03125,6.363636363636363,2.2941176470588234,2.1538461538461537,0.6666666666666666,1.0,0.018890448978969028,0.3333333333333333
2023,11,West Virginia Mountaineers,-0.027425799322755712,0.4713107317308836,0.42105263157894735,0.4936708860759494,4.5394736842105265,8.025316455696203,1.0,5.0,0.75,0.8571428571428571,0.007142745490585055,0.1875
2023,11,Western Kentucky Hilltoppers,0.14346818603686431,0.3587324671577989,0.43283582089552236,0.5087719298245614,7.686567164179104,6.7894736842105265,1.9090909090909092,3.4444444444444446,0.75,1.0,-0.01745653602312196,0.3333333333333333
2023,11,Western Michigan Broncos,0.14352282494693608,0.09212704673409462,0.4675324675324675,0.5333333333333333,6.779220779220779,7.016666666666667,2.533333333333333,1.8666666666666667,0.6666666666666666,1.0,0.037099784403516536,0.3125
2023,11,Wisconsin Badgers,-0.04239136974016825,0.11639082627218278,0.5072463768115942,0.4098360655737705,4.942028985507246,5.245901639344262,1.0,2.1818181818181817,0.3333333333333333,0.5,-0.01560166361285191,0.5294117647058824
2023,11,Wyoming Cowboys,0.11879244532252921,0.16905622465023096,0.4426229508196721,0.5072463768115942,5.262295081967213,6.0144927536231885,1.1666666666666667,2.8333333333333335,0.5,0.8,0.1609719578921795,0.2727272727272727
2023,12,Abilene Christian Wildcats,-0.20150113383592186,0.031374723170742844,0.3389830508474576,0.42424242424242425,4.101694915254237,7.106060606060606,0.23076923076923078,2.7142857142857144,0.0,0.8,-0.1967694525691596,0.26666666666666666
2023,12,Air Force Falcons,-0.0866290032863617,0.028881292606963486,0.43661971830985913,0.3770491803278688,6.71830985915493,8.721311475409836,1.6875,2.2,0.5,0.75,0.09257738102566113,0.21428571428571427
2023,12,Akron Zips,0.11274173325401242,0.12957209143145332,0.4067796610169492,0.3793103448275862,5.186440677966102,4.862068965517241,2.4545454545454546,1.7692307692307692,0.5,0.6666666666666666,-0.22446539894092915,0.6
2023,12,Alabama Crimson Tide,0.6239555738189003,-0.1611065094226173,0.5454545454545454,0.26785714285714285,10.472727272727273,4.375,4.538461538461538,0.625,1.0,0.0,0.5226452428361644,0.5555555555555556
2023,12,Appalachian State Mountaineers,0.05175134853592941,-0.0577608056656726,0.35714285714285715,0.4025974025974026,5.485714285714286,4.363636363636363,1.8571428571428572,1.7692307692307692,0.5,0.4,0.04987320323873844,0.38461538461538464
2023,12,Arizona State Sun Devils,0.026716441833055937,0.5447923944546627,0.4,0.6,5.015384615384615,10.0,1.1818181818181819,4.9,0.3333333333333333,0.75,-0.04007560468238333,0.21428571428571427
2023,12,Arizona Wildcats,0.3682461297302915,0.03403274078717392,0.543859649122807,0.4157303370786517,8.035087719298245,5.47191011235955,3.5,0.9090909090909091,0.6666666666666666,0.4,0.2514136796412261,0.6363636363636364
2023,12,Arkansas Razorbacks,0.16106039509177209,-0.11017135316032474,0.475,0.3050847457627119,6.6625,6.898305084745763,2.466666666666667,1.1764705882352942,0.5,0.75,0.08392240665853024,0.3333333333333333
2023,12,Arkansas State Red Wolves,0.5790432068434629,-0.14861179503162256,0.5454545454545454,0.48314606741573035,8.981818181818182,8.348314606741573,2.8,1.6,1.0,0.6666666666666666,0.30005139774746364,0.375
2023,12,Army Black Knights,0.22945328681699692,0.21617728289292784,0.5645161290322581,0.4489795918367347,6.080645161290323,8.142857142857142,2.3333333333333335,2.3333333333333335,0.75,0.0,0.15347111880779266,0.6363636363636364
2023,12,Auburn Tigers,-0.08758349445733157,0.30959701584652066,0.4772727272727273,0.5,4.931818181818182,6.484375,1.25,3.875,,0.8,-0.03591774268583818,0.2222222222222222
2023,12,BYU Cougars,0.00869365515453475,0.16668603785576358,0.4603174603174603,0.43548387096774194,7.587301587301587,6.129032258064516,1.7142857142857142,1.411764705882353,0.6666666666666666,0.5,-0.4150214149900105,0.35714285714285715
2023,12,Ball State Cardinals,0.18680815004250584,-0.5478168383557745,0.4264705882352941,0.2127659574468085,6.088235294117647,2.3617021276595747,3.090909090909091,0.3,0.75,0.0,0.16239332759155417,0.35714285714285715
2023,12,Baylor Bears,-0.01636451377835072,0.41314564349632416,0.43661971830985913,0.5079365079365079,5.169014084507042,9.253968253968255,1.7,3.8181818181818183,0.6666666666666666,0.6,0.18257771315527896,0.35714285714285715
2023,12,Boise State Broncos,0.1556566045834468,-0.21047509640035494,0.47692307692307695,0.29577464788732394,6.876923076923077,5.436619718309859,3.0,0.7142857142857143,1.0,0.0,0.2392297601699829,0.35714285714285715
2023,12,Boston College Eagles,0.030805564175049465,0.26378402233123777,0.42424242424242425,0.42,5.075757575757576,8.12,1.6,2.0,0.0,0.5,0.03393498442645343,0.2727272727272727
2023,12,Bowling Green Falcons,0.008435037655708117,0.1070036409156663,0.46153846153846156,0.42857142857142855,5.333333333333333,7.446428571428571,2.3846153846153846,1.7857142857142858,1.0,1.0,0.1432813062506207,0.3125
2023,12,Buffalo Bulls,-0.2535384705951137,0.04413982136891438,0.3387096774193548,0.36538461538461536,4.629032258064516,7.115384615384615,0.8333333333333334,2.090909090909091,1.0,0.25,-0.3927209467388863,0.35294117647058826
2023,12,California Golden Bears,0.12011563777923584,-0.08963002503982612,0.5061728395061729,0.32142857142857145,5.91358024691358,5.0,2.25,1.4166666666666667,0.75,0.0,0.07976005390539008,0.35294117647058826
2023,12,Central Michigan Chippewas,-0.1934466196431054,0.06455894962686007,0.3148148148148148,0.4918032786885246,6.296296296296297,6.327868852459017,0.4666666666666667,0.9285714285714286,0.5,0.75,-0.131427001953125,0.09090909090909091
2023,12,Charlotte 49ers,-0.3516859377601317,0.004589730400150105,0.26785714285714285,0.4067796610169492,3.017857142857143,7.1525423728813555,0.5384615384615384,2.3333333333333335,0.5,0.6,-0.3764091537493031,0.23076923076923078
2023,12,Chattanooga Mocs,-0.1611065094226173,0.6239555738189003,0.26785714285714285,0.5454545454545454,4.375,10.472727272727273,0.625,4.538461538461538,0.0,1.0,-0.10203144397763979,0.2857142857142857
2023,12,Cincinnati Bearcats,0.23872846848609156,0.5079555381089449,0.43859649122807015,0.609375,6.017543859649122,10.171875,2.1,4.2,1.0,0.6666666666666666,0.10989219644530253,0.4166666666666667
2023,12,Clemson Tigers,0.0028913312259761766,-0.0025080153436371775,0.4482758620689655,0.3484848484848485,5.977011494252873,7.045454545454546,2.066666666666667,0.9333333333333333,0.42857142857142855,0.5,0.01880795726409325,0.2631578947368421
2023,12,Coastal Carolina Chanticleers,0.21617728289292784,0.22945328681699692,0.4489795918367347,0.5645161290322581,8.142857142857142,6.080645161290323,2.3333333333333335,2.3333333333333335,0.0,0.75,0.3801000486863287,0.3
2023,12,Colorado Buffaloes,-0.4982494284857565,0.13883064159980188,0.26865671641791045,0.5076923076923077,5.7164179104477615,6.876923076923077,0.7777777777777778,3.0,1.0,0.6,-0.5974834747612476,0.17647058823529413
2023,12,Colorado State Rams,0.00653503445478586,0.016168110807177047,0.46153846153846156,0.4225352112676056,7.384615384615385,4.901408450704225,2.727272727272727,1.3,0.5,0.25,-0.06718375506224455,0.36363636363636365
2023,12,Duke Blue Devils,0.14294643301359364,0.15218063699665355,0.4647887323943662,0.4925373134328358,6.549295774647887,6.895522388059701,2.076923076923077,2.5,0.5,0.3333333333333333,0.1005001653704727,0.4166666666666667
2023,12,East Carolina Pirates,-0.45498729728419207,-0.18928914666175842,0.3275862068965517,0.31666666666666665,3.293103448275862,4.566666666666666,0.0,0.625,,0.3333333333333333,-0.33503020173165854,0.15384615384615385
2023,12,Eastern Michigan Eagles,0.12957209143145332,0.11274173325401242,0.3793103448275862,0.4067796610169492,4.862068965517241,5.186440677966102,1.7692307692307692,2.4545454545454546,0.6666666666666666,0.5,-0.016422193158756603,0.4166666666666667
2023,12,Florida Atlantic Owls,-0.14565885604405013,0.15124260281261645,0.3442622950819672,0.43859649122807015,3.9344262295081966,6.017543859649122,0.8888888888888888,2.4,0.5,0.6,-0.02955544963479042,0.21428571428571427
2023,12,Florida Gators,0.2679105228744447,0.22877665789741458,0.421875,0.42424242424242425,7.921875,6.96969696969697,2.3846153846153846,2.75,0.5,0.2,0.12032977720865837,0.36363636363636365
2023,12,Florida International Panthers,-0.11017135316032474,0.16106039509177209,0.3050847457627119,0.475,6.898305084745763,6.6625,1.1764705882352942,2.466666666666667,0.75,0.5,0.09852158129215241,0.23076923076923078
2023,12,Florida State Seminoles,0.22539459858367691,-0.2827450269833207,0.5223880597014925,0.25,7.776119402985074,3.59375,3.7142857142857144,0.8666666666666667,0.8,0.6666666666666666,0.3951154958318781,0.36363636363636365
2023,12,Fresno State Bulldogs,-0.09318260468688666,0.18047267986195428,0.37254901960784315,0.5285714285714286,4.509803921568627,8.071428571428571,1.5454545454545454,1.9230769230769231,1.0,0.3333333333333333,-0.1242089126561139,0.23076923076923078
2023,12,Georgia Bulldogs,0.22536733305790055,-0.08082250091764662,0.4507042253521127,0.4074074074074074,7.042253521126761,5.388888888888889,3.8,0.6666666666666666,1.0,0.0,0.06484617920298326,0.6923076923076923
2023,12,Georgia Southern Eagles,-0.14406842247083568,0.08027473281300257,0.43478260869565216,0.5079365079365079,4.956521739130435,5.492063492063492,1.4166666666666667,1.6666666666666667,0.6666666666666666,0.5,-0.06608291459726352,0.4666666666666667
2023,12,Georgia State Panthers,0.10512696963841797,0.7986000787978079,0.36065573770491804,0.6862745098039216,6.262295081967213,11.176470588235293,1.5555555555555556,5.6,0.5,1.0,0.10922499828868443,0.4166666666666667
2023,12,Georgia Tech Yellow Jackets,0.10149021847889973,-0.07607235253921577,0.5,0.5,7.134615384615385,4.339285714285714,2.5833333333333335,2.5,0.5,0.75,0.07931477732436601,0.4444444444444444
2023,12,Hawai'i Rainbow Warriors,-0.16630571335554123,0.2555863346372332,0.44871794871794873,0.5306122448979592,4.756410256410256,9.408163265306122,0.6923076923076923,3.0,0.25,0.6666666666666666,-0.26151039844209495,0.45
2023,12,Houston Cougars,-0.07584939400355022,0.15942621392172737,0.38596491228070173,0.5,7.491228070175438,7.472972972972973,1.75,2.5714285714285716,,0.75,0.11093043486277263,0.2
2023,12,Illinois Fighting Illini,-0.1313442367574443,-0.00904776155948639,0.37681159420289856,0.34375,4.159420289855072,4.234375,1.0,1.0,0.5,0.5,-0.05503593694488957,0.3333333333333333
2023,12,Indiana Hoosiers,0.18479747127128554,-0.04307920208999089,0.5569620253164557,0.37142857142857144,5.734177215189874,5.7,1.9090909090909092,1.8461538461538463,1.0,1.0,0.17672490088616388,0.5294117647058824
2023,12,Iowa Hawkeyes,-0.00904776155948639,-0.1313442367574443,0.34375,0.37681159420289856,4.234375,4.159420289855072,1.0,1.0,0.5,0.5,-0.08110118277218877,0.3333333333333333
2023,12,Iowa State Cyclones,0.019670102883268287,0.1149275799592336,0.4074074074074074,0.5079365079365079,7.666666666666667,6.507936507936508,0.5,1.1875,1.0,0.0,0.06191059425473213,0.2727272727272727
2023,12,Jacksonville State Gamecocks,0.17878215885781623,-0.28915809283793814,0.4675324675324675,0.36619718309859156,8.155844155844155,4.309859154929577,3.5,0.7142857142857143,1.0,0.0,0.25842821021233836,0.2727272727272727
2023,12,James Madison Dukes,-0.0577608056656726,0.05175134853592941,0.4025974025974026,0.35714285714285715,4.363636363636363,5.485714285714286,1.7692307692307692,1.8571428571428572,0.4,0.5,-0.07205681380678396,0.3333333333333333
2023,12,Kansas Jayhawks,0.23363357730980577,0.20690380151640494,0.5,0.4482758620689655,8.844827586206897,6.482758620689655,2.2222222222222223,2.8181818181818183,0.75,1.0,0.3124077530069785,0.36363636363636365
2023,12,Kansas State Wildcats,0.20690380151640494,0.23363357730980577,0.4482758620689655,0.5,6.482758620689655,8.844827586206897,2.8181818181818183,2.2222222222222223,1.0,0.75,0.12318211335646496,0.42857142857142855
2023,12,Kent State Golden Flashes,-0.5478168383557745,0.18680815004250584,0.2127659574468085,0.4264705882352941,2.3617021276595747,6.088235294117647,0.3,3.090909090909091,0.0,0.75,-0.34959535859525204,0.08333333333333333
2023,12,Kentucky Wildcats,-0.19873310751834158,-0.041214655769073356,0.3898305084745763,0.423728813559322,5.338983050847458,5.47457627118644,0.9333333333333333,1.1333333333333333,0.5,0.6666666666666666,-0.2867954836951362,0.38461538461538464
2023,12,LSU Tigers,0.7986000787978079,0.10512696963841797,0.6862745098039216,0.36065573770491804,11.176470588235293,6.262295081967213,5.6,1.5555555555555556,1.0,0.5,0.6768095347616407,0.8333333333333334
2023,12,Liberty Flames,0.20955724333013806,0.0745955124016731,0.4857142857142857,0.46774193548387094,7.885714285714286,7.451612903225806,1.6470588235294117,1.1333333333333333,0.8333333333333334,0.0,0.2441227515893323,0.45454545454545453
2023,12,Louisiana Ragin' Cajuns,0.10368839791044593,0.1822831802295916,0.453125,0.4393939393939394,5.4375,5.621212121212121,2.0,2.8181818181818183,0.75,0.8,0.05476745846224766,0.25
2023,12,Louisiana Tech Bulldogs,-0.28915809283793814,0.17878215885781623,0.36619718309859156,0.4675324675324675,4.309859154929577,8.155844155844155,0.7142857142857143,3.5,0.0,1.0,0.06321384872381504,0.13333333333333333
2023,12,Louisville Cardinals,0.29521037407324346,0.19002646803855897,0.5070422535211268,0.38461538461538464,6.619718309859155,7.476923076923077,2.7142857142857144,2.3846153846153846,0.8,0.6666666666666666,0.3512911539653252,0.4166666666666667
2023,12,Marshall Thundering Herd,-0.37435607612133026,-0.0006634837223423852,0.4,0.3333333333333333,4.363636363636363,5.875,0.0,2.3333333333333335,,0.6,-0.06754171657256591,0.21428571428571427
2023,12,Maryland Terrapins,-0.05267449011725764,-0.08931176164256993,0.41935483870967744,0.44776119402985076,4.725806451612903,4.522388059701493,2.1818181818181817,2.0,0.75,0.5,-0.059548179929455124,0.4166666666666667
2023,12,Massachusetts Minutemen,0.0745955124016731,0.20955724333013806,0.46774193548387094,0.4857142857142857,7.451612903225806,7.885714285714286,1.1333333333333333,1.6470588235294117,0.0,0.8333333333333334,0.06346472124664151,0.3333333333333333
2023,12,Memphis Tigers,0.2748637886510955,0.3158084535971284,0.4444444444444444,0.5625,6.263888888888889,7.03125,3.4,3.4545454545454546,0.75,0.8,0.1721340030954595,0.46153846153846156
2023,12,Miami (OH) RedHawks,0.04413982136891438,-0.2535384705951137,0.36538461538461536,0.3387096774193548,7.115384615384615,4.629032258064516,2.090909090909091,0.8333333333333334,0.25,1.0,-0.027686408697030485,0.16666666666666666
2023,12,Miami Hurricanes,0.19002646803855897,0.29521037407324346,0.38461538461538464,0.5070422535211268,7.476923076923077,6.619718309859155,2.3846153846153846,2.7142857142857144,0.6666666666666666,0.8,0.18484684824943542,0.35714285714285715
2023,12,Michigan State Spartans,-0.04307920208999089,0.18479747127128554,0.37142857142857144,0.5569620253164557,5.7,5.734177215189874,1.8461538461538463,1.9090909090909092,1.0,1.0,0.14065245119008152,0.38461538461538464
2023,12,Michigan Wolverines,-0.08931176164256993,-0.05267449011725764,0.44776119402985076,0.41935483870967744,4.522388059701493,4.725806451612903,2.0,2.1818181818181817,0.5,0.75,-0.03196873784065247,0.23076923076923078
2023,12,Middle Tennessee Blue Raiders,0.022555886165184134,-0.03927929815836251,0.39705882352941174,0.4027777777777778,6.926470588235294,6.291666666666667,2.125,1.7692307692307692,0.5,0.6666666666666666,-0.011796408716370077,0.26666666666666666
2023,12,Minnesota Golden Gophers,-0.32927601168984955,0.23254003225645023,0.3695652173913043,0.4925373134328358,4.195652173913044,6.7611940298507465,0.3,3.3636363636363638,,0.6,-0.2841291333947863,0.2727272727272727
2023,12,Mississippi State Bulldogs,0.03773725955788769,-0.3711873571718893,0.34328358208955223,0.2903225806451613,5.611940298507463,4.935483870967742,2.4285714285714284,1.4285714285714286,0.5,1.0,0.019976326674222947,0.25
2023,12,Missouri Tigers,0.22877665789741458,0.2679105228744447,0.42424242424242425,0.421875,6.96969696969697,7.921875,2.75,2.3846153846153846,0.2,0.5,0.08880045622587204,0.4
2023,12,NC State Wolfpack,0.1702868016184987,0.18557666142781576,0.527027027027027,0.4222222222222222,5.513513513513513,7.777777777777778,2.5,2.1538461538461537,1.0,0.6666666666666666,0.09861666940409562,0.3333333333333333
2023,12,Navy Midshipmen,-0.18928914666175842,-0.45498729728419207,0.31666666666666665,0.3275862068965517,4.566666666666666,3.293103448275862,0.625,0.0,0.3333333333333333,,-0.2324261556972157,0.375
2023,12,Nebraska Cornhuskers,0.15976558913264358,0.06448383877674739,0.47368421052631576,0.4666666666666667,7.052631578947368,5.133333333333334,1.7,2.1818181818181817,0.0,0.5,-0.0017398331652988088,0.36363636363636365
2023,12,Nevada Wolf Pack,0.016168110807177047,0.00653503445478586,0.4225352112676056,0.46153846153846156,4.901408450704225,7.384615384615385,1.3,2.727272727272727,0.25,0.5,-0.002586437596215142,0.3333333333333333
2023,12,New Mexico Lobos,0.18047267986195428,-0.09318260468688666,0.5285714285714286,0.37254901960784315,8.071428571428571,4.509803921568627,1.9230769230769231,1.5454545454545454,0.3333333333333333,1.0,0.1733561746383968,0.46153846153846156
2023,12,New Mexico State Aggies,0.30959701584652066,-0.08758349445733157,0.5,0.4772727272727273,6.484375,4.931818181818182,3.875,1.25,0.8,,0.09759188473224639,0.4166666666666667
2023,12,North Alabama Lions,-0.2827450269833207,0.22539459858367691,0.25,0.5223880597014925,3.59375,7.776119402985074,0.8666666666666667,3.7142857142857144,0.6666666666666666,0.8,-0.25520610936144567,0.125
2023,12,North Carolina Tar Heels,-0.0025080153436371775,0.0028913312259761766,0.3484848484848485,0.4482758620689655,7.045454545454546,5.977011494252873,0.9333333333333333,2.066666666666667,0.5,0.42857142857142855,0.056700496623913445,0.3076923076923077
2023,12,North Texas Mean Green,0.1774062415609112,0.11837496676228264,0.44155844155844154,0.4155844155844156,7.909090909090909,5.974025974025974,2.1875,2.0,0.5,1.0,0.04060206459514026,0.3125
2023,12,Northern Illinois Huskies,0.15849036757762616,-0.3156756834716213,0.5076923076923077,0.22448979591836735,6.415384615384616,4.653061224489796,1.1111111111111112,0.0,0.5,0.0,0.11968105224271615,0.6875
2023,12,Northwestern Wildcats,-0.006802911559740703,-0.0477008835061804,0.2807017543859649,0.4675324675324675,5.684210526315789,5.818181818181818,1.1428571428571428,1.1538461538461537,0.3333333333333333,0.5,-0.12138850085957106,0.2857142857142857
2023,12,Notre Dame Fighting Irish,0.17129876027031551,-0.06991032550209447,0.49206349206349204,0.38596491228070173,7.317460317460317,4.0701754385964914,4.090909090909091,0.7,0.8,0.5,0.0741702879850681,0.4
2023,12,Ohio Bobcats,0.06455894962686007,-0.1934466196431054,0.4918032786885246,0.3148148148148148,6.327868852459017,6.296296296296297,0.9285714285714286,0.4666666666666667,0.75,0.5,0.1455570653993256,0.2727272727272727
2023,12,Ohio State Buckeyes,0.23254003225645023,-0.32927601168984955,0.4925373134328358,0.3695652173913043,6.7611940298507465,4.195652173913044,3.3636363636363638,0.3,0.6,,0.17655755535644643,0.5
2023,12,Oklahoma Sooners,0.16668603785576358,0.00869365515453475,0.43548387096774194,0.4603174603174603,6.129032258064516,7.587301587301587,1.411764705882353,1.7142857142857142,0.5,0.6666666666666666,-0.01986984115965823,0.4
2023,12,Oklahoma State Cowboys,0.15942621392172737,-0.07584939400355022,0.5,0.38596491228070173,7.472972972972973,7.491228070175438,2.5714285714285716,1.75,0.75,,0.08494637126014346,0.45454545454545453
2023,12,Old Dominion Monarchs,0.08027473281300257,-0.14406842247083568,0.5079365079365079,0.43478260869565216,5.492063492063492,4.956521739130435,1.6666666666666667,1.4166666666666667,0.5,0.6666666666666666,-0.02795818812993108,0.35714285714285715
2023,12,Ole Miss Rebels,0.16851672897600148,-0.32034469540439436,0.4794520547945205,0.44776119402985076,7.0,3.8805970149253732,2.9166666666666665,0.2727272727272727,0.75,0.0,0.1556203333394868,0.42857142857142855
2023,12,Oregon Ducks,0.5447923944546627,0.026716441833055937,0.6,0.4,10.0,5.015384615384615,4.9,1.1818181818181819,0.75,0.3333333333333333,0.4755981111968005,0.25
2023,12,Oregon State Beavers,-0.002681512130449896,0.030787882756213754,0.4246575342465753,0.3469387755102041,5.041095890410959,5.653061224489796,2.0,1.6666666666666667,0.5,0.6666666666666666,0.05515411788863795,0.25
2023,12,Penn State Nittany Lions,0.026711847984565877,-0.12606380160512595,0.5094339622641509,0.39655172413793105,6.0754716981132075,3.9655172413793105,3.0,0.6,0.6,0.0,0.05843523144721985,0.4444444444444444
2023,12,Pittsburgh Panthers,0.26378402233123777,0.030805564175049465,0.42,0.42424242424242425,8.12,5.075757575757576,2.0,1.6,0.5,0.0,0.4329363719413155,0.3
2023,12,Purdue Boilermakers,-0.0477008835061804,-0.006802911559740703,0.4675324675324675,0.2807017543859649,5.818181818181818,5.684210526315789,1.1538461538461537,1.1428571428571428,0.5,0.3333333333333333,-0.03216958684580667,0.375
2023,12,Rice Owls,0.004589730400150105,-0.3516859377601317,0.4067796610169492,0.26785714285714285,7.1525423728813555,3.017857142857143,2.3333333333333335,0.5384615384615384,0.6,0.5,-0.2098937397417815,0.3
2023,12,Rutgers Scarlet Knights,-0.12606380160512595,0.026711847984565877,0.39655172413793105,0.5094339622641509,3.9655172413793105,6.0754716981132075,0.6,3.0,0.0,0.6,-0.23679160597649487,0.3076923076923077
2023,12,SMU Mustangs,0.3158084535971284,0.2748637886510955,0.5625,0.4444444444444444,7.03125,6.263888888888889,3.4545454545454546,3.4,0.8,0.75,0.24599339489666922,0.3
2023,12,Sacred Heart Pioneers,-0.13010666712566657,0.14777185519536337,0.4074074074074074,0.5072463768115942,3.925925925925926,5.753623188405797,0.2727272727272727,3.1,0.0,1.0,-0.06277444178149813,0.18181818181818182
2023,12,Sam Houston Bearkats,-0.1615697294473648,-0.07710409228290831,0.3783783783783784,0.38571428571428573,4.675675675675675,7.1571428571428575,1.1333333333333333,1.75,0.5,1.0,-0.1484563403895923,0.21428571428571427
2023,12,San Diego State Aztecs,-0.13459274685010314,0.3078085754228675,0.390625,0.5652173913043478,4.8125,8.73913043478261,1.8571428571428572,3.0,0.3333333333333333,0.6,-0.1980085531870524,0.4375
2023,12,San José State Spartans,0.3078085754228675,-0.13459274685010314,0.5652173913043478,0.390625,8.73913043478261,4.8125,3.0,1.8571428571428572,0.6,0.3333333333333333,0.2915256917476654,0.375
2023,12,South Alabama Jaguars,-0.0006634837223423852,-0.37435607612133026,0.3333333333333333,0.4,5.875,4.363636363636363,2.3333333333333335,0.0,0.6,,-0.08930174100632761,0.4117647058823529
2023,12,South Carolina Gamecocks,-0.041214655769073356,-0.19873310751834158,0.423728813559322,0.3898305084745763,5.47457627118644,5.338983050847458,1.1333333333333333,0.9333333333333333,0.6666666666666666,0.5,-0.11394507951206631,0.2857142857142857
2023,12,South Florida Bulls,0.030928089450567197,0.2674796338053955,0.3717948717948718,0.47126436781609193,5.743589743589744,7.367816091954023,1.5,3.2666666666666666,0.6666666666666666,1.0,0.041722052331481664,0.3333333333333333
2023,12,Southern Miss Golden Eagles,-0.3711873571718893,0.03773725955788769,0.2903225806451613,0.34328358208955223,4.935483870967742,5.611940298507463,1.4285714285714286,2.4285714285714284,1.0,0.5,-0.591081420580546,0.13333333333333333
2023,12,Stanford Cardinal,-0.08963002503982612,0.12011563777923584,0.32142857142857145,0.5061728395061729,5.0,5.91358024691358,1.4166666666666667,2.25,0.0,0.75,0.008291018244467284,0.3125
2023,12,Syracuse Orange,-0.07607235253921577,0.10149021847889973,0.5,0.5,4.339285714285714,7.134615384615385,2.5,2.5833333333333335,0.75,0.5,-0.06856313451778057,0.1
2023,12,TCU Horned Frogs,0.41314564349632416,-0.01636451377835072,0.5079365079365079,0.43661971830985913,9.253968253968255,5.169014084507042,3.8181818181818183,1.7,0.6,0.6666666666666666,0.234799093157053,0.7272727272727273
2023,12,Temple Owls,0.08053640220592272,0.3315030436430659,0.373134328358209,0.5857142857142857,5.82089552238806,7.485714285714286,2.1818181818181817,2.8333333333333335,1.0,0.6,-0.1178942909654306,0.3333333333333333
2023,12,Tennessee Volunteers,-0.08082250091764662,0.22536733305790055,0.4074074074074074,0.4507042253521127,5.388888888888889,7.042253521126761,0.6666666666666666,3.8,0.0,1.0,0.09648076267469496,0.2
2023,12,Texas A&M Aggies,0.031374723170742844,-0.20150113383592186,0.42424242424242425,0.3389830508474576,7.106060606060606,4.101694915254237,2.7142857142857144,0.23076923076923078,0.8,0.0,0.031214773103042884,0.3333333333333333
2023,12,Texas Longhorns,0.1149275799592336,0.019670102883268287,0.5079365079365079,0.4074074074074074,6.507936507936508,7.666666666666667,1.1875,0.5,0.0,1.0,0.12532708704471587,0.3333333333333333
2023,12,Texas State Bobcats,-0.14861179503162256,0.5790432068434629,0.48314606741573035,0.5454545454545454,8.348314606741573,8.981818181818182,1.6,2.8,0.6666666666666666,1.0,-0.2311364131561224,0.4375
2023,12,Texas Tech Red Raiders,0.164318282584675,0.1679940687758582,0.6065573770491803,0.4714285714285714,7.80327868852459,6.9,2.1818181818181817,2.3,0.75,0.4,0.5374578434228897,0.3333333333333333
2023,12,Toledo Rockets,0.1070036409156663,0.008435037655708117,0.42857142857142855,0.46153846153846156,7.446428571428571,5.333333333333333,1.7857142857142858,2.3846153846153846,1.0,1.0,0.1391033132870992,0.2727272727272727
2023,12,Troy Trojans,0.1822831802295916,0.10368839791044593,0.4393939393939394,0.453125,5.621212121212121,5.4375,2.8181818181818183,2.0,0.8,0.75,0.11734147599110237,0.5
2023,12,Tulane Green Wave,0.15124260281261645,-0.14565885604405013,0.43859649122807015,0.3442622950819672,6.017543859649122,3.9344262295081966,2.4,0.8888888888888888,0.6,0.5,0.15802746803261514,0.2
2023,12,Tulsa Golden Hurricane,0.11837496676228264,0.1774062415609112,0.4155844155844156,0.44155844155844154,5.974025974025974,7.909090909090909,2.0,2.1875,1.0,0.5,0.06562108685404568,0.4444444444444444
2023,12,UAB Blazers,0.3315030436430659,0.08053640220592272,0.5857142857142857,0.373134328358209,7.485714285714286,5.82089552238806,2.8333333333333335,2.1818181818181817,0.6,1.0,0.2464035088033007,0.46153846153846156
2023,12,UCF Knights,0.1679940687758582,0.164318282584675,0.4714285714285714,0.6065573770491803,6.9,7.80327868852459,2.3,2.1818181818181817,0.4,0.75,0.09000781070102346,0.5714285714285714
2023,12,UCLA Bruins,0.11435471577187108,-0.05291951298713684,0.410958904109589,0.4307692307692308,4.794520547945205,6.092307692307692,2.3846153846153846,1.4285714285714286,0.6666666666666666,0.2,-0.13461848291066977,0.45
2023,12,UConn Huskies,0.14777185519536337,-0.13010666712566657,0.5072463768115942,0.4074074074074074,5.753623188405797,3.925925925925926,3.1,0.2727272727272727,1.0,0.0,0.1834070176448462,0.35714285714285715
2023,12,UL Monroe Warhawks,-0.32034469540439436,0.16851672897600148,0.44776119402985076,0.4794520547945205,3.8805970149253732,7.0,0.2727272727272727,2.9166666666666665,0.0,0.75,-0.08096477146051367,0.3333333333333333
2023,12,UNLV Rebels,0.028881292606963486,-0.0866290032863617,0.3770491803278688,0.43661971830985913,8.721311475409836,6.71830985915493,2.2,1.6875,0.75,0.5,0.176233588029509,0.07142857142857142
2023,12,USC Trojans,-0.05291951298713684,0.11435471577187108,0.4307692307692308,0.410958904109589,6.092307692307692,4.794520547945205,1.4285714285714286,2.3846153846153846,0.2,0.6666666666666666,-0.23436020004252592,0.23076923076923078
2023,12,UTEP Miners,-0.03927929815836251,0.022555886165184134,0.4027777777777778,0.39705882352941174,6.291666666666667,6.926470588235294,1.7692307692307692,2.125,0.6666666666666666,0.5,-0.19197254828265253,0.5625
2023,12,UTSA Roadrunners,0.2674796338053955,0.030928089450567197,0.47126436781609193,0.3717948717948718,7.367816091954023,5.743589743589744,3.2666666666666666,1.5,1.0,0.6666666666666666,0.30214294877605163,0.5625
2023,12,Utah State Aggies,-0.21047509640035494,0.1556566045834468,0.29577464788732394,0.47692307692307695,5.436619718309859,6.876923076923077,0.7142857142857143,3.0,0.0,1.0,-0.0839505000756337,0.26666666666666666
2023,12,Utah Utes,0.03403274078717392,0.3682461297302915,0.4157303370786517,0.543859649122807,5.47191011235955,8.035087719298245,0.9090909090909091,3.5,0.4,0.6666666666666666,-0.09597843037201809,0.47619047619047616
2023,12,Virginia Cavaliers,0.15218063699665355,0.14294643301359364,0.4925373134328358,0.4647887323943662,6.895522388059701,6.549295774647887,2.5,2.076923076923077,0.3333333333333333,0.5,0.16604217244129554,0.2857142857142857
2023,12,Virginia Tech Hokies,0.18557666142781576,0.1702868016184987,0.4222222222222222,0.527027027027027,7.777777777777778,5.513513513513513,2.1538461538461537,2.5,0.6666666666666666,1.0,0.45323885775901174,0.14285714285714285
2023,12,Wake Forest Demon Deacons,-0.06991032550209447,0.17129876027031551,0.38596491228070173,0.49206349206349204,4.0701754385964914,7.317460317460317,0.7,4.090909090909091,0.5,0.8,0.07694797182366961,0.38461538461538464
2023,12,Washington Huskies,0.030787882756213754,-0.002681512130449896,0.3469387755102041,0.4246575342465753,5.653061224489796,5.041095890410959,1.6666666666666667,2.0,0.6666666666666666,0.5,-0.07232189178466797,0.4166666666666667
2023,12,Washington State Cougars,0.13883064159980188,-0.4982494284857565,0.5076923076923077,0.26865671641791045,6.876923076923077,5.7164179104477615,3.0,0.7777777777777778,0.6,1.0,0.12896198475802387,0.36363636363636365
2023,12,West Virginia Mountaineers,0.5079555381089449,0.23872846848609156,0.609375,0.43859649122807015,10.171875,6.017543859649122,4.2,2.1,0.6666666666666666,1.0,0.5133763738707,0.5454545454545454
2023,12,Western Kentucky Hilltoppers,-0.07710409228290831,-0.1615697294473648,0.38571428571428573,0.3783783783783784,7.1571428571428575,4.675675675675675,1.75,1.1333333333333333,1.0,0.5,-0.01338980719447136,0.5625
2023,12,Western Michigan Broncos,-0.3156756834716213,0.15849036757762616,0.22448979591836735,0.5076923076923077,4.653061224489796,6.415384615384616,0.0,1.1111111111111112,0.0,0.5,-0.37070858521120886,0.3076923076923077
2023,12,Wisconsin Badgers,0.06448383877674739,0.15976558913264358,0.4666666666666667,0.47368421052631576,5.133333333333334,7.052631578947368,2.1818181818181817,1.7,0.5,0.0,0.17534921367963155,0.46153846153846156
2023,12,Wyoming Cowboys,0.2555863346372332,-0.16630571335554123,0.5306122448979592,0.44871794871794873,9.408163265306122,4.756410256410256,3.0,0.6923076923076923,0.6666666666666666,0.25,0.4157554739859046,0.0
2023,13,Air Force Falcons,-0.01428756992968302,0.09381168970355282,0.38095238095238093,0.5185185185185185,5.587301587301587,7.7592592592592595,1.7272727272727273,2.25,1.0,0.3333333333333333,-0.006779360058514968,0.2857142857142857
2023,13,Akron Zips,-0.19257275029724719,0.1617095206792538,0.3333333333333333,0.5256410256410257,4.03921568627451,4.576923076923077,1.5555555555555556,1.7,1.0,0.6,-0.2306752817971366,0.25
2023,13,Alabama Crimson Tide,0.28945323661901057,0.11474857427950563,0.5,0.41379310344827586,6.84375,6.172413793103448,2.4545454545454546,2.0,0.4,0.6666666666666666,0.11784100563575824,0.42857142857142855
2023,13,Appalachian State Mountaineers,0.3534996852056304,-0.022538815462400042,0.5522388059701493,0.4444444444444444,8.238805970149254,5.809523809523809,3.9285714285714284,1.8571428571428572,0.5714285714285714,0.5,0.3592431077669407,0.3333333333333333
2023,13,Arizona State Sun Devils,0.003099183988524601,0.5551364682614803,0.40625,0.5625,5.484375,9.96875,1.7692307692307692,4.0,1.0,0.7142857142857143,0.07443231846785771,0.3333333333333333
2023,13,Arizona Wildcats,0.5551364682614803,0.003099183988524601,0.5625,0.40625,9.96875,5.484375,4.0,1.7692307692307692,0.7142857142857143,1.0,0.3532801394192678,0.45454545454545453
2023,13,Arkansas Razorbacks,-0.06606054376988184,0.020996736903344432,0.3968253968253968,0.41935483870967744,4.301587301587301,5.903225806451613,0.8235294117647058,1.9523809523809523,1.0,0.7142857142857143,-0.2791328858187858,0.3333333333333333
2023,13,Arkansas State Red Wolves,-0.16101649693316883,0.07663185556729635,0.4305555555555556,0.44,5.347222222222222,6.973333333333334,1.0,2.5,0.4,0.6666666666666666,0.060042854398489,0.21428571428571427
2023,13,Auburn Tigers,0.11474857427950563,0.28945323661901057,0.41379310344827586,0.5,6.172413793103448,6.84375,2.0,2.4545454545454546,0.6666666666666666,0.4,0.12126546527477021,0.36363636363636365
2023,13,BYU Cougars,-0.013992283552412003,0.1752322992173637,0.3492063492063492,0.43902439024390244,5.650793650793651,5.890243902439025,1.4285714285714286,2.9375,1.0,0.8,-0.10179712607505474,0.2857142857142857
2023,13,Ball State Cardinals,-0.08190989183882873,-0.19457049140085778,0.4444444444444444,0.3958333333333333,4.736111111111111,4.9375,1.3636363636363635,0.8333333333333334,0.25,0.6666666666666666,0.021526563114353588,0.14285714285714285
2023,13,Baylor Bears,0.20654342179758506,0.25884190348328134,0.47368421052631576,0.47540983606557374,6.12280701754386,8.442622950819672,2.5833333333333335,3.090909090909091,0.5,0.3333333333333333,0.11893683498681978,0.3333333333333333
2023,13,Boise State Broncos,0.09381168970355282,-0.01428756992968302,0.5185185185185185,0.38095238095238093,7.7592592592592595,5.587301587301587,2.25,1.7272727272727273,0.3333333333333333,1.0,0.020114749670028687,0.4
2023,13,Boston College Eagles,0.057957017830773894,0.42986851692199707,0.43137254901960786,0.49333333333333335,6.019607843137255,7.506666666666667,1.8181818181818181,4.090909090909091,1.0,0.7142857142857143,-0.20426363437562375,0.25
2023,13,Bowling Green Falcons,0.15849789401941133,-0.2088027696179993,0.5614035087719298,0.39705882352941174,6.5964912280701755,4.926470588235294,3.7777777777777777,0.8333333333333334,0.4,1.0,0.30192520750893487,0.2727272727272727
2023,13,Buffalo Bulls,-0.1869466998538033,0.06251316698821816,0.39344262295081966,0.44594594594594594,5.590163934426229,5.027027027027027,0.8181818181818182,2.0,0.2,0.6,0.06724329647563752,0.15384615384615385
2023,13,California Golden Bears,-0.043461539482666275,-0.015226836189811613,0.4067796610169492,0.4691358024691358,5.423728813559322,4.691358024691358,2.75,0.5833333333333334,0.4,0.2,-0.30088774062866386,0.26666666666666666
2023,13,Central Michigan Chippewas,-0.04839073769424273,0.05208621233228653,0.391304347826087,0.47619047619047616,3.8840579710144927,4.238095238095238,1.7,2.909090909090909,0.5,0.75,-0.3229925498366356,0.375
2023,13,Charlotte 49ers,-0.31104509865470004,0.09743884183904704,0.3181818181818182,0.5,4.757575757575758,7.294117647058823,1.0,2.7333333333333334,0.5,0.5,-0.030976664051413538,0.08333333333333333
2023,13,Cincinnati Bearcats,0.03171297938448109,0.681770590543747,0.4794520547945205,0.6,4.534246575342466,11.14,0.9090909090909091,4.083333333333333,1.0,1.0,0.03942152085629377,0.3333333333333333
2023,13,Clemson Tigers,-0.1314637304490639,-0.4112947556589331,0.4305555555555556,0.3392857142857143,4.736111111111111,4.482142857142857,0.6923076923076923,0.5,0.0,1.0,-0.10684468863265854,0.4375
2023,13,Coastal Carolina Chanticleers,0.05500624441313294,0.3294480208307505,0.4528301886792453,0.5714285714285714,6.226415094339623,6.642857142857143,1.1666666666666667,4.666666666666667,0.5,1.0,0.041867800243198874,0.45454545454545453
2023,13,Colorado Buffaloes,0.2532594491328512,0.16463581535775781,0.40476190476190477,0.5084745762711864,6.238095238095238,5.254237288135593,2.4285714285714284,2.875,1.0,0.4,0.10189132584679511,0.3333333333333333
2023,13,Colorado State Rams,0.150855762224931,0.34777462211522187,0.46153846153846156,0.5757575757575758,6.476923076923077,7.287878787878788,2.1818181818181817,2.7,0.3333333333333333,0.6666666666666666,-0.09005094443758328,0.5333333333333333
2023,13,Duke Blue Devils,0.13803169179347255,0.0003099339821982005,0.3870967741935484,0.36507936507936506,5.887096774193548,4.825396825396825,2.5,1.7272727272727273,0.6,0.25,-0.14196875956323413,0.4375
2023,13,East Carolina Pirates,0.138792222738266,0.07885543179156175,0.5272727272727272,0.40298507462686567,7.472727272727273,6.17910447761194,2.25,2.230769230769231,0.3333333333333333,0.3333333333333333,0.23593535816127603,0.3
2023,13,Eastern Michigan Eagles,0.06251316698821816,-0.1869466998538033,0.44594594594594594,0.39344262295081966,5.027027027027027,5.590163934426229,2.0,0.8181818181818182,0.6,0.2,0.1437622063926288,0.25
2023,13,Florida Atlantic Owls,0.09141632221465887,0.13997178213505806,0.4186046511627907,0.5316455696202531,7.651162790697675,6.1265822784810124,2.1,2.4,1.0,0.5,0.30758721268538275,0.3333333333333333
2023,13,Florida Gators,-0.15184925319784778,-0.05694388893415343,0.3220338983050847,0.33962264150943394,4.271186440677966,4.113207547169812,1.1818181818181819,2.1818181818181817,0.3333333333333333,0.3333333333333333,-0.22569296686422258,0.4375
2023,13,Florida International Panthers,-0.00039800968678558576,0.06292063669419624,0.35294117647058826,0.4084507042253521,5.0588235294117645,6.563380281690141,1.75,2.8333333333333335,1.0,1.0,-0.30711624476437765,0.4117647058823529
2023,13,Florida State Seminoles,-0.05694388893415343,-0.15184925319784778,0.33962264150943394,0.3220338983050847,4.113207547169812,4.271186440677966,2.1818181818181817,1.1818181818181819,0.3333333333333333,0.3333333333333333,-0.17173839509487152,0.25
2023,13,Fresno State Bulldogs,-0.0047065211193902156,0.18004588978855232,0.44642857142857145,0.4605263157894737,6.089285714285714,5.75,1.6363636363636365,3.0,1.0,0.5,0.21070670154359605,0.0
2023,13,Georgia Bulldogs,0.2682393842509815,0.16211033813537112,0.6428571428571429,0.5079365079365079,8.196428571428571,5.936507936507937,2.6666666666666665,2.5555555555555554,0.5,0.4,0.2848040120942252,0.5714285714285714
2023,13,Georgia Southern Eagles,-0.022538815462400042,0.3534996852056304,0.4444444444444444,0.5522388059701493,5.809523809523809,8.238805970149254,1.8571428571428572,3.9285714285714284,0.5,0.5714285714285714,-0.04717990025585773,0.2727272727272727
2023,13,Georgia State Panthers,-0.2797114193439484,-0.20644782591557156,0.38666666666666666,0.2753623188405797,4.573333333333333,4.536231884057971,1.5,1.3529411764705883,0.5,0.5,-0.20766744288531216,0.21052631578947367
2023,13,Georgia Tech Yellow Jackets,0.16211033813537112,0.2682393842509815,0.5079365079365079,0.6428571428571429,5.936507936507937,8.196428571428571,2.5555555555555554,2.6666666666666665,0.4,0.5,0.3286431784532508,0.09090909090909091
2023,13,Hawai'i Rainbow Warriors,0.34777462211522187,0.150855762224931,0.5757575757575758,0.46153846153846156,7.287878787878788,6.476923076923077,2.7,2.1818181818181817,0.6666666666666666,0.3333333333333333,0.2818733213039545,0.38461538461538464
2023,13,Houston Cougars,-0.04930167838379189,0.3079771953569332,0.46296296296296297,0.4084507042253521,4.592592592592593,6.845070422535211,1.625,3.0,0.3333333333333333,0.5,-0.0034644710711943796,0.1
2023,13,Illinois Fighting Illini,0.0550899097501342,0.08031656092672206,0.47761194029850745,0.47761194029850745,7.388059701492537,6.6716417910447765,2.5,2.7142857142857144,0.8,1.0,0.04489050557216009,0.3076923076923077
2023,13,Indiana Hoosiers,-0.07112558762873372,0.12113043911094908,0.43548387096774194,0.45569620253164556,6.580645161290323,6.0,2.066666666666667,2.3333333333333335,1.0,0.4,0.2185014912895128,0.09090909090909091
2023,13,Iowa Hawkeyes,-0.14162973246791147,-0.22202890417699156,0.3181818181818182,0.20689655172413793,4.242424242424242,4.724137931034483,0.9285714285714286,0.8333333333333334,0.2,,-0.12766722986038695,0.2777777777777778
2023,13,Iowa State Cyclones,0.7456077856547905,0.08574878227184801,0.3939393939393939,0.46078431372549017,15.06060606060606,4.872549019607843,3.230769230769231,2.6923076923076925,,0.5714285714285714,0.7007384844697438,0.2857142857142857
2023,13,Jacksonville State Gamecocks,-0.024929125761163646,-0.14127817108661314,0.41379310344827586,0.45569620253164556,6.362068965517241,6.113924050632911,1.5454545454545454,1.6666666666666667,0.16666666666666666,0.5,0.2327585630946689,0.16666666666666666
2023,13,James Madison Dukes,0.3294480208307505,0.05500624441313294,0.5714285714285714,0.4528301886792453,6.642857142857143,6.226415094339623,4.666666666666667,1.1666666666666667,1.0,0.5,0.24825822803796382,0.36363636363636365
2023,13,Kansas Jayhawks,0.681770590543747,0.03171297938448109,0.6,0.4794520547945205,11.14,4.534246575342466,4.083333333333333,0.9090909090909091,1.0,1.0,0.7521928335939135,0.42857142857142855
2023,13,Kansas State Wildcats,0.08574878227184801,0.7456077856547905,0.46078431372549017,0.3939393939393939,4.872549019607843,15.06060606060606,2.6923076923076925,3.230769230769231,0.5714285714285714,,-0.011192773580551147,0.391304347826087
2023,13,Kent State Golden Flashes,0.08499652049580558,0.09685263403675012,0.39344262295081966,0.42105263157894735,6.573770491803279,7.298245614035087,2.076923076923077,2.8181818181818183,0.5,0.75,-0.150749315155877,0.35714285714285715
2023,13,Kentucky Wildcats,0.17396763960520426,0.0685655919710795,0.4,0.52,6.866666666666666,5.373333333333333,3.1666666666666665,2.8181818181818183,1.0,1.0,0.2840483410017831,0.2222222222222222
2023,13,LSU Tigers,0.2746386952698231,0.04164366017688404,0.475,0.42857142857142855,7.2,5.064935064935065,0.0,2.4,0.0,0.8,0.15985908824950457,0.42857142857142855
2023,13,Liberty Flames,0.15433295001275837,0.006579806219856694,0.5,0.4339622641509434,6.527777777777778,5.735849056603773,3.0,2.3333333333333335,1.0,0.8,0.06649994426246347,0.5
2023,13,Louisiana Ragin' Cajuns,0.3505464880192866,-0.008657774475754285,0.6065573770491803,0.4426229508196721,8.229508196721312,4.213114754098361,4.7272727272727275,1.4,0.8333333333333334,0.5,0.2950130419911079,0.875
2023,13,Louisville Cardinals,0.0685655919710795,0.17396763960520426,0.52,0.4,5.373333333333333,6.866666666666666,2.8181818181818183,3.1666666666666665,1.0,1.0,-0.09419880862589236,0.47058823529411764
2023,13,Marshall Thundering Herd,0.07663185556729635,-0.16101649693316883,0.44,0.4305555555555556,6.973333333333334,5.347222222222222,2.5,1.0,0.6666666666666666,0.4,0.13940018990583586,0.4444444444444444
2023,13,Maryland Terrapins,0.16701473371457246,0.004371024008038678,0.4915254237288136,0.4177215189873418,8.491525423728813,4.6835443037974684,3.230769230769231,1.8461538461538463,0.8,1.0,0.22018695312241712,0.4
2023,13,Massachusetts Minutemen,-0.4011159359284167,-0.03809782576887575,0.33962264150943394,0.4383561643835616,6.566037735849057,5.904109589041096,1.3846153846153846,1.5833333333333333,1.0,0.42857142857142855,-0.4034310281276703,0.125
2023,13,Memphis Tigers,0.32324757079283395,0.04415813602612052,0.6166666666666667,0.43661971830985913,7.416666666666667,6.549295774647887,3.75,1.75,0.8333333333333334,0.0,0.19565165423332376,0.46153846153846156
2023,13,Miami (OH) RedHawks,-0.19457049140085778,-0.08190989183882873,0.3958333333333333,0.4444444444444444,4.9375,4.736111111111111,0.8333333333333334,1.3636363636363635,0.6666666666666666,0.25,0.029569159085686143,0.1
2023,13,Miami Hurricanes,0.42986851692199707,0.057957017830773894,0.49333333333333335,0.43137254901960786,7.506666666666667,6.019607843137255,4.090909090909091,1.8181818181818181,0.7142857142857143,1.0,0.13062318704896053,0.3076923076923077
2023,13,Michigan State Spartans,-0.25023338020495745,0.3546243763681668,0.21739130434782608,0.4925373134328358,1.3478260869565217,8.746268656716419,0.0,2.1,,0.8333333333333334,-0.342686558537411,0.15384615384615385
2023,13,Michigan Wolverines,0.16443867956177663,0.21098978871648963,0.4745762711864407,0.5272727272727272,5.762711864406779,7.054545454545455,3.0,2.4,0.3333333333333333,1.0,0.19452667304060675,0.16666666666666666
2023,13,Middle Tennessee Blue Raiders,-0.20632962295503326,-0.18451885627461717,0.5303030303030303,0.33766233766233766,6.2272727272727275,4.090909090909091,1.5384615384615385,0.6923076923076923,0.5,0.3333333333333333,0.050470874541335635,0.25
2023,13,Minnesota Golden Gophers,-0.2197042956190594,0.19558884609829297,0.423728813559322,0.45454545454545453,4.8474576271186445,7.03030303030303,1.2727272727272727,2.3333333333333335,1.0,0.8,-0.2538277100433003,0.3076923076923077
2023,13,Mississippi State Bulldogs,-0.12759905964580934,-0.007825756256745474,0.34328358208955223,0.4189189189189189,4.522388059701493,4.581081081081081,0.5833333333333334,1.3076923076923077,1.0,0.5,-0.0707284005320802,0.25
2023,13,Missouri Tigers,0.020996736903344432,-0.06606054376988184,0.41935483870967744,0.3968253968253968,5.903225806451613,4.301587301587301,1.9523809523809523,0.8235294117647058,0.7142857142857143,1.0,0.020496660090507345,0.23076923076923078
2023,13,NC State Wolfpack,0.1718515241649789,-0.054071376765412946,0.4225352112676056,0.39285714285714285,6.887323943661972,6.178571428571429,2.5384615384615383,1.6666666666666667,0.375,0.6666666666666666,0.12205833738500421,0.375
2023,13,Navy Midshipmen,-0.32890495168311257,0.24340133298011052,0.34285714285714286,0.4444444444444444,4.6571428571428575,7.73015873015873,0.8235294117647058,3.4615384615384617,1.0,0.8,-0.28631589605527763,0.13333333333333333
2023,13,Nebraska Cornhuskers,-0.22202890417699156,-0.14162973246791147,0.20689655172413793,0.3181818181818182,4.724137931034483,4.242424242424242,0.8333333333333334,0.9285714285714286,,0.2,-0.6060346335899539,0.4117647058823529
2023,13,Nevada Wolf Pack,-0.1969534984693445,0.26752792369751704,0.3448275862068966,0.5079365079365079,3.8275862068965516,6.698412698412699,0.5454545454545454,3.5,0.0,0.75,-0.11082001352174715,0.18181818181818182
2023,13,New Mexico State Aggies,-0.14127817108661314,-0.024929125761163646,0.45569620253164556,0.41379310344827586,6.113924050632911,6.362068965517241,1.6666666666666667,1.5454545454545454,0.5,0.16666666666666666,-0.27020675139349015,0.625
2023,13,North Carolina Tar Heels,-0.054071376765412946,0.1718515241649789,0.39285714285714285,0.4225352112676056,6.178571428571429,6.887323943661972,1.6666666666666667,2.5384615384615383,0.6666666666666666,0.375,-0.11916926486624611,0.2727272727272727
2023,13,North Texas Mean Green,0.2627979659973973,0.4446959447647844,0.494949494949495,0.5,6.595959595959596,8.982142857142858,3.4615384615384617,3.5,0.5,0.75,0.09300085657005068,0.375
2023,13,Northern Illinois Huskies,0.09685263403675012,0.08499652049580558,0.42105263157894735,0.39344262295081966,7.298245614035087,6.573770491803279,2.8181818181818183,2.076923076923077,0.75,0.5,0.09795377471230247,0.18181818181818182
2023,13,Northwestern Wildcats,0.08031656092672206,0.0550899097501342,0.47761194029850745,0.47761194029850745,6.6716417910447765,7.388059701492537,2.7142857142857144,2.5,1.0,0.8,0.2058962131185191,0.18181818181818182
2023,13,Notre Dame Fighting Irish,0.382113972017842,-0.1035796947462458,0.6451612903225806,0.39436619718309857,8.564516129032258,5.070422535211268,3.769230769230769,1.6428571428571428,0.8,0.5,0.24420204070898202,0.6666666666666666
2023,13,Ohio Bobcats,0.1617095206792538,-0.19257275029724719,0.5256410256410257,0.3333333333333333,4.576923076923077,4.03921568627451,1.7,1.5555555555555556,0.6,1.0,0.18259156287693587,0.2857142857142857
2023,13,Ohio State Buckeyes,0.21098978871648963,0.16443867956177663,0.5272727272727272,0.4745762711864407,7.054545454545455,5.762711864406779,2.4,3.0,1.0,0.3333333333333333,0.18180405251357867,0.4444444444444444
2023,13,Oklahoma Sooners,0.4646443649228797,0.16821202782265257,0.5301204819277109,0.42696629213483145,8.0,5.674157303370786,4.230769230769231,2.8,0.75,0.8333333333333334,0.27276930890300055,0.5333333333333333
2023,13,Oklahoma State Cowboys,0.1752322992173637,-0.013992283552412003,0.43902439024390244,0.3492063492063492,5.890243902439025,5.650793650793651,2.9375,1.4285714285714286,0.8,1.0,-0.06263895454953929,0.35294117647058826
2023,13,Old Dominion Monarchs,-0.20644782591557156,-0.2797114193439484,0.2753623188405797,0.38666666666666666,4.536231884057971,4.573333333333333,1.3529411764705883,1.5,0.5,0.5,-0.18030171064620323,0.125
2023,13,Ole Miss Rebels,-0.007825756256745474,-0.12759905964580934,0.4189189189189189,0.34328358208955223,4.581081081081081,4.522388059701493,1.3076923076923077,0.5833333333333334,0.5,1.0,-0.04005069480211075,0.25
2023,13,Oregon Ducks,0.3282423006064856,-0.14624600867299656,0.582089552238806,0.42105263157894735,7.1940298507462686,4.684210526315789,3.4444444444444446,0.7777777777777778,0.6,1.0,0.2449150731166204,0.45454545454545453
2023,13,Oregon State Beavers,-0.14624600867299656,0.3282423006064856,0.42105263157894735,0.582089552238806,4.684210526315789,7.1940298507462686,0.7777777777777778,3.4444444444444446,1.0,0.6,-0.020788297010585665,0.2727272727272727
2023,13,Penn State Nittany Lions,0.3546243763681668,-0.25023338020495745,0.4925373134328358,0.21739130434782608,8.746268656716419,1.3478260869565217,2.1,0.0,0.8333333333333334,,0.3733266635374589,0.18181818181818182
2023,13,Pittsburgh Panthers,0.0003099339821982005,0.13803169179347255,0.36507936507936506,0.3870967741935484,4.825396825396825,5.887096774193548,1.7272727272727273,2.5,0.25,0.6,0.07829166948795319,0.38461538461538464
2023,13,Purdue Boilermakers,0.12113043911094908,-0.07112558762873372,0.45569620253164556,0.43548387096774194,6.0,6.580645161290323,2.3333333333333335,2.066666666666667,0.4,1.0,0.18079285370925116,0.2
2023,13,Rice Owls,0.13997178213505806,0.09141632221465887,0.5316455696202531,0.4186046511627907,6.1265822784810124,7.651162790697675,2.4,2.1,0.5,1.0,0.2502124337049631,0.5
2023,13,Rutgers Scarlet Knights,0.004371024008038678,0.16701473371457246,0.4177215189873418,0.4915254237288136,4.6835443037974684,8.491525423728813,1.8461538461538463,3.230769230769231,1.0,0.8,-0.05409839069634153,0.47368421052631576
2023,13,SMU Mustangs,0.24340133298011052,-0.32890495168311257,0.4444444444444444,0.34285714285714286,7.73015873015873,4.6571428571428575,3.4615384615384617,0.8235294117647058,0.8,1.0,0.10161432137294692,0.15384615384615385
2023,13,Sam Houston Bearkats,-0.18451885627461717,-0.20632962295503326,0.33766233766233766,0.5303030303030303,4.090909090909091,6.2272727272727275,0.6923076923076923,1.5384615384615385,0.3333333333333333,0.5,-0.328322493072067,0.5
2023,13,San Diego State Aztecs,0.18004588978855232,-0.0047065211193902156,0.4605263157894737,0.44642857142857145,5.75,6.089285714285714,3.0,1.6363636363636365,0.5,1.0,-0.006379881230267612,0.3333333333333333
2023,13,San José State Spartans,0.2448386355998024,0.22899655753471812,0.4444444444444444,0.5081967213114754,7.857142857142857,6.573770491803279,3.6666666666666665,2.5833333333333335,0.25,0.75,0.1970486513205937,0.35714285714285715
2023,13,South Alabama Jaguars,0.2793270242519868,0.1523291184566915,0.4358974358974359,0.453125,6.8076923076923075,7.96875,3.142857142857143,3.2142857142857144,1.0,0.75,0.065192420463093,0.4
2023,13,South Carolina Gamecocks,-0.4112947556589331,-0.1314637304490639,0.3392857142857143,0.4305555555555556,4.482142857142857,4.736111111111111,0.5,0.6923076923076923,1.0,0.0,-0.39052700325846673,0.15384615384615385
2023,13,South Florida Bulls,0.09743884183904704,-0.31104509865470004,0.5,0.3181818181818182,7.294117647058823,4.757575757575758,2.7333333333333334,1.0,0.5,0.5,0.23528913807656085,0.36363636363636365
2023,13,Southern Miss Golden Eagles,-0.1735562700778246,0.12617763261946421,0.390625,0.49206349206349204,5.203125,6.761904761904762,1.5454545454545454,1.9090909090909092,0.5,1.0,-0.06142018735408783,0.4
2023,13,Stanford Cardinal,-0.1035796947462458,0.382113972017842,0.39436619718309857,0.6451612903225806,5.070422535211268,8.564516129032258,1.6428571428571428,3.769230769230769,0.5,0.8,-0.0808032759848763,0.3125
2023,13,Syracuse Orange,0.31867803265787153,0.359288776622099,0.4931506849315068,0.6078431372549019,6.438356164383562,7.019607843137255,3.888888888888889,3.875,0.6666666666666666,0.5714285714285714,0.09554194272668273,0.5882352941176471
2023,13,TCU Horned Frogs,0.16821202782265257,0.4646443649228797,0.42696629213483145,0.5301204819277109,5.674157303370786,8.0,2.8,4.230769230769231,0.8333333333333334,0.75,0.12637237853546074,0.5294117647058824
2023,13,Temple Owls,0.04415813602612052,0.32324757079283395,0.43661971830985913,0.6166666666666667,6.549295774647887,7.416666666666667,1.75,3.75,0.0,0.8333333333333334,0.21610205468474603,0.2857142857142857
2023,13,Tennessee Volunteers,0.3405542717530177,0.03747248135764023,0.5,0.43103448275862066,7.858974358974359,5.844827586206897,3.2,1.411764705882353,0.6,1.0,0.3078896231723554,0.4166666666666667
2023,13,Texas A&M Aggies,0.04164366017688404,0.2746386952698231,0.42857142857142855,0.475,5.064935064935065,7.2,2.4,0.0,0.8,0.0,-0.12162553988121173,0.3888888888888889
2023,13,Texas Longhorns,0.1733694025874138,-0.4192193686030805,0.5333333333333333,0.359375,6.906666666666666,4.0,3.0714285714285716,0.4666666666666667,0.375,1.0,0.28182605425676993,0.2727272727272727
2023,13,Texas State Bobcats,0.1523291184566915,0.2793270242519868,0.453125,0.4358974358974359,7.96875,6.8076923076923075,3.2142857142857144,3.142857142857143,0.75,1.0,0.09022840974377651,0.4166666666666667
2023,13,Texas Tech Red Raiders,-0.4192193686030805,0.1733694025874138,0.359375,0.5333333333333333,4.0,6.906666666666666,0.4666666666666667,3.0714285714285716,1.0,0.375,-0.2836171723141962,0.21428571428571427
2023,13,Toledo Rockets,0.05208621233228653,-0.04839073769424273,0.47619047619047616,0.391304347826087,4.238095238095238,3.8840579710144927,2.909090909090909,1.7,0.75,0.5,-0.05495067313313484,0.42857142857142855
2023,13,Troy Trojans,0.12617763261946421,-0.1735562700778246,0.49206349206349204,0.390625,6.761904761904762,5.203125,1.9090909090909092,1.5454545454545454,1.0,0.5,0.24604270935058595,0.3333333333333333
2023,13,Tulane Green Wave,-0.08872777127450512,-0.2612210165096235,0.3387096774193548,0.34177215189873417,6.048387096774194,4.69620253164557,2.0714285714285716,1.2307692307692308,0.6,0.5,-0.06628784909844398,0.21428571428571427
2023,13,Tulsa Golden Hurricane,0.07885543179156175,0.138792222738266,0.40298507462686567,0.5272727272727272,6.17910447761194,7.472727272727273,2.230769230769231,2.25,0.3333333333333333,0.3333333333333333,0.0976585539487692,0.35714285714285715
2023,13,UAB Blazers,0.4446959447647844,0.2627979659973973,0.5,0.494949494949495,8.982142857142858,6.595959595959596,3.5,3.4615384615384617,0.75,0.5,0.5797296393176784,0.4
2023,13,UCF Knights,0.3079771953569332,-0.04930167838379189,0.4084507042253521,0.46296296296296297,6.845070422535211,4.592592592592593,3.0,1.625,0.5,0.3333333333333333,0.17706508961590853,0.46153846153846156
2023,13,UCLA Bruins,-0.015226836189811613,-0.043461539482666275,0.4691358024691358,0.4067796610169492,4.691358024691358,5.423728813559322,0.5833333333333334,2.75,0.2,0.4,0.022992862654583796,0.3684210526315789
2023,13,UConn Huskies,-0.03809782576887575,-0.4011159359284167,0.4383561643835616,0.33962264150943394,5.904109589041096,6.566037735849057,1.5833333333333333,1.3846153846153846,0.42857142857142855,1.0,0.013007924204967061,0.2727272727272727
2023,13,UL Monroe Warhawks,-0.008657774475754285,0.3505464880192866,0.4426229508196721,0.6065573770491803,4.213114754098361,8.229508196721312,1.4,4.7272727272727275,0.5,0.8333333333333334,-0.3377393199337853,0.5714285714285714
2023,13,UNLV Rebels,0.22899655753471812,0.2448386355998024,0.5081967213114754,0.4444444444444444,6.573770491803279,7.857142857142857,2.5833333333333335,3.6666666666666665,0.75,0.25,0.30372889153659344,0.2727272727272727
2023,13,UTEP Miners,0.006579806219856694,0.15433295001275837,0.4339622641509434,0.5,5.735849056603773,6.527777777777778,2.3333333333333335,3.0,0.8,1.0,0.13158239462436774,0.2727272727272727
2023,13,UTSA Roadrunners,-0.2612210165096235,-0.08872777127450512,0.34177215189873417,0.3387096774193548,4.69620253164557,6.048387096774194,1.2307692307692308,2.0714285714285716,0.5,0.6,-0.46133129777652876,0.35294117647058826
2023,13,Utah Utes,0.16463581535775781,0.2532594491328512,0.5084745762711864,0.40476190476190477,5.254237288135593,6.238095238095238,2.875,2.4285714285714284,0.4,1.0,0.08345829830928282,0.46153846153846156
2023,13,Vanderbilt Commodores,0.03747248135764023,0.3405542717530177,0.43103448275862066,0.5,5.844827586206897,7.858974358974359,1.411764705882353,3.2,1.0,0.6,0.13656880155853604,0.16666666666666666
2023,13,Virginia Cavaliers,-0.06460014630008389,0.2715421639761682,0.3783783783783784,0.3728813559322034,4.1891891891891895,8.830508474576272,1.1333333333333333,3.6666666666666665,0.3333333333333333,0.3333333333333333,-0.09849953320291308,0.3684210526315789
2023,13,Virginia Tech Hokies,0.2715421639761682,-0.06460014630008389,0.3728813559322034,0.3783783783783784,8.830508474576272,4.1891891891891895,3.6666666666666665,1.1333333333333333,0.3333333333333333,0.3333333333333333,0.10786034911870956,0.3333333333333333
2023,13,Wake Forest Demon Deacons,0.359288776622099,0.31867803265787153,0.6078431372549019,0.4931506849315068,7.019607843137255,6.438356164383562,3.875,3.888888888888889,0.5714285714285714,0.6666666666666666,0.5010917278436514,0.3
2023,13,Washington Huskies,0.024901590874937714,0.04363536630591301,0.5245901639344263,0.4246575342465753,5.19672131147541,5.287671232876712,1.8461538461538463,1.75,0.5,1.0,0.046397601132807526,0.2857142857142857
2023,13,Washington State Cougars,0.04363536630591301,0.024901590874937714,0.4246575342465753,0.5245901639344263,5.287671232876712,5.19672131147541,1.75,1.8461538461538463,1.0,0.5,-0.02291363532896395,0.35294117647058826
2023,13,West Virginia Mountaineers,0.25884190348328134,0.20654342179758506,0.47540983606557374,0.47368421052631576,8.442622950819672,6.12280701754386,3.090909090909091,2.5833333333333335,0.3333333333333333,0.5,0.3646422350406647,0.3
2023,13,Western Kentucky Hilltoppers,0.06292063669419624,-0.00039800968678558576,0.4084507042253521,0.35294117647058826,6.563380281690141,5.0588235294117645,2.8333333333333335,1.75,1.0,1.0,-0.07586030088938199,0.5
2023,13,Western Michigan Broncos,-0.2088027696179993,0.15849789401941133,0.39705882352941174,0.5614035087719298,4.926470588235294,6.5964912280701755,0.8333333333333334,3.7777777777777777,1.0,0.4,-0.22492028136427203,0.375
2023,13,Wisconsin Badgers,0.19558884609829297,-0.2197042956190594,0.45454545454545453,0.423728813559322,7.03030303030303,4.8474576271186445,2.3333333333333335,1.2727272727272727,0.8,1.0,0.26691819383547855,0.5
2023,13,Wyoming Cowboys,0.26752792369751704,-0.1969534984693445,0.5079365079365079,0.3448275862068966,6.698412698412699,3.8275862068965516,3.5,0.5454545454545454,0.75,0.0,0.1877240304853402,0.5
2023,14,Alabama Crimson Tide,0.10881078101339794,0.09010229719181856,0.4603174603174603,0.48333333333333334,5.365079365079365,5.35,2.4545454545454546,2.1818181818181817,0.6,0.6,0.17809692450932094,0.25
2023,14,Appalachian State Mountaineers,-0.01503048874437809,0.3781998859297845,0.5,0.5483870967741935,5.025,7.387096774193548,1.2307692307692308,3.1818181818181817,0.75,1.0,-0.03996203815350767,0.4375
2023,14,Boise State Broncos,0.10826093508647039,-0.29592584367051267,0.46153846153846156,0.3333333333333333,9.6,4.787878787878788,3.3846153846153846,1.0,0.6,0.5,0.24878290237164966,0.42857142857142855
2023,14,Florida State Seminoles,-0.35989920496940614,-0.5072759785822459,0.27692307692307694,0.3,3.6,2.5428571428571427,1.0,0.375,0.2,0.0,-0.10787385515868664,0.125
2023,14,Georgia Bulldogs,0.09010229719181856,0.10881078101339794,0.48333333333333334,0.4603174603174603,5.35,5.365079365079365,2.1818181818181817,2.4545454545454546,0.6,0.6,0.1598642029516075,0.3333333333333333
2023,14,Iowa Hawkeyes,-0.5981161360229764,-0.09091031214883251,0.30357142857142855,0.4032258064516129,2.857142857142857,3.4838709677419355,0.0,1.8571428571428572,,0.5,-0.4186954898269553,0.26666666666666666
2023,14,Liberty Flames,0.5544602185932558,0.3835191620934394,0.6567164179104478,0.5645161290322581,9.701492537313433,7.548387096774194,2.7222222222222223,2.6923076923076925,0.6666666666666666,0.75,0.5352679710639151,0.375
2023,14,Louisville Cardinals,-0.5072759785822459,-0.35989920496940614,0.3,0.27692307692307694,2.5428571428571427,3.6,0.375,1.0,0.0,0.2,-0.25779723465442655,0.17647058823529413
2023,14,Miami (OH) RedHawks,-0.04490647870197631,-0.09471467649564147,0.3508771929824561,0.359375,5.666666666666667,5.578125,1.6428571428571428,0.0,0.5,0.25,-0.006535422663355983,0.21428571428571427
2023,14,Michigan Wolverines,-0.09091031214883251,-0.5981161360229764,0.4032258064516129,0.30357142857142855,3.4838709677419355,2.857142857142857,1.8571428571428572,0.0,0.5,,-0.040761778329281094,0.21428571428571427
2023,14,New Mexico State Aggies,0.3835191620934394,0.5544602185932558,0.5645161290322581,0.6567164179104478,7.548387096774194,9.701492537313433,2.6923076923076925,2.7222222222222223,0.75,0.6666666666666666,0.28334123626047253,0.36363636363636365
2023,14,Oklahoma State Cowboys,0.0685107943686572,0.37549552044203116,0.43636363636363634,0.5232558139534884,5.127272727272727,8.023255813953488,1.9090909090909092,4.454545454545454,1.0,1.0,0.07677567242221399,0.2
2023,14,Oregon Ducks,0.24463356037934622,0.24264046314515567,0.46296296296296297,0.618421052631579,6.777777777777778,6.355263157894737,3.1,2.4545454545454546,0.75,0.6666666666666666,0.16510554083756038,0.2
2023,14,SMU Mustangs,-0.037310036711203746,-0.2135290404961955,0.41025641025641024,0.3387096774193548,5.576923076923077,4.467741935483871,1.7333333333333334,1.0,0.4,0.5,-0.14800917564845475,0.3125
2023,14,Texas Longhorns,0.37549552044203116,0.0685107943686572,0.5232558139534884,0.43636363636363634,8.023255813953488,5.127272727272727,4.454545454545454,1.9090909090909092,1.0,1.0,0.1837256844492926,0.5333333333333333
2023,14,Toledo Rockets,-0.09471467649564147,-0.04490647870197631,0.359375,0.3508771929824561,5.578125,5.666666666666667,0.0,1.6428571428571428,0.25,0.5,-0.0988504954924186,0.1875
2023,14,Troy Trojans,0.3781998859297845,-0.01503048874437809,0.5483870967741935,0.5,7.387096774193548,5.025,3.1818181818181817,1.2307692307692308,1.0,0.75,0.3514133680325288,0.4444444444444444
2023,14,Tulane Green Wave,-0.2135290404961955,-0.037310036711203746,0.3387096774193548,0.41025641025641024,4.467741935483871,5.576923076923077,1.0,1.7333333333333334,0.5,0.4,-0.03206099153951157,0.06666666666666667
2023,14,UNLV Rebels,-0.29592584367051267,0.10826093508647039,0.3333333333333333,0.46153846153846156,4.787878787878788,9.6,1.0,3.3846153846153846,0.5,0.6,-0.33413231528053683,0.3333333333333333
2023,14,Washington Huskies,0.24264046314515567,0.24463356037934622,0.618421052631579,0.46296296296296297,6.355263157894737,6.777777777777778,2.4545454545454546,3.1,0.6666666666666666,0.75,0.28460539082686104,0.5333333333333333
2023,15,Army Black Knights,-0.12493623866409552,-0.11028744629584253,0.3770491803278688,0.4375,4.245901639344262,6.109375,0.9090909090909091,0.8181818181818182,1.0,0.3333333333333333,0.03716209663285149,0.35714285714285715
2023,15,Navy Midshipmen,-0.11028744629584253,-0.12493623866409552,0.4375,0.3770491803278688,6.109375,4.245901639344262,0.8181818181818182,0.9090909090909091,0.3333333333333333,1.0,-0.04078033724997906,0.2857142857142857
