season,week,team,off_epa_per_play,def_epa_per_play,off_success_rate,def_success_rate,yards_per_play,yards_per_play_allowed,points_per_drive,points_per_drive_allowed,red_zone_td_rate,red_zone_td_rate_allowed,early_down_epa,third_down_conversion_rate
2024,1,Abilene Christian Wildcats,0.4196937061407987,0.38726495879970185,0.5529411764705883,0.5753424657534246,7.235294117647059,7.328767123287672,3.923076923076923,4.333333333333333,0.8,0.42857142857142855,0.23224113214371808,0.625
2024,1,Air Force Falcons,-0.11236335920250934,-0.2622983849474362,0.391304347826087,0.3392857142857143,3.4347826086956523,3.75,1.5,0.46153846153846156,0.75,0.5,-0.04233927751074032,0.35294117647058826
2024,1,Akron Zips,-0.441745672197569,0.2480772558658842,0.36507936507936506,0.5079365079365079,4.285714285714286,6.761904761904762,0.42857142857142855,3.1666666666666665,,1.0,-0.5274590541693297,0.25
2024,1,Alabama A&M Bulldogs,-0.2975367908028589,0.7318170781839978,0.2608695652173913,0.5454545454545454,3.391304347826087,13.977272727272727,0.2,4.714285714285714,0.0,0.75,-0.20612727952938453,0.125
2024,1,Alabama Crimson Tide,0.00726976433372873,-0.41143273730995134,0.4409448818897638,0.234375,6.732283464566929,3.34375,2.814814814814815,0.6551724137931034,0.5714285714285714,0.16666666666666666,0.04093038859133868,0.34615384615384615
2024,1,Alcorn State Braves,-0.2369235029059743,0.12111666097360499,0.3333333333333333,0.5647058823529412,2.7936507936507935,6.411764705882353,0.21428571428571427,2.6153846153846154,0.0,0.5714285714285714,-0.1954742792683343,0.26666666666666666
2024,1,App State Mountaineers,0.34548393959429724,-0.07478312974174818,0.5074626865671642,0.3333333333333333,7.492537313432836,5.25,3.4545454545454546,0.9090909090909091,0.6666666666666666,0.0,0.2754452998908061,0.4166666666666667
2024,1,Arizona State Sun Devils,0.1589369189558607,-0.060239274528893556,0.4484848484848485,0.37272727272727274,6.3090909090909095,5.054545454545455,1.9130434782608696,1.5,0.4,0.5,0.10023484428723653,0.4473684210526316
2024,1,Arizona Wildcats,0.6011664166785123,0.20916272196918725,0.49122807017543857,0.475,10.824561403508772,6.0375,5.083333333333333,2.2857142857142856,1.0,0.8333333333333334,0.24381853640079498,0.5
2024,1,Arkansas Razorbacks,0.49699614577823215,-0.0343015531444142,0.6074074074074074,0.4444444444444444,9.244444444444444,6.0,3.566666666666667,1.0,0.75,0.4,0.33886907766531177,0.5652173913043478
2024,1,Arkansas State Red Wolves,0.1140671153396568,0.20829637527913974,0.436241610738255,0.46616541353383456,5.657718120805369,6.909774436090226,2.185185185185185,1.793103448275862,0.7,0.6,0.14804631221083414,0.4411764705882353
2024,1,Arkansas-Pine Bluff Golden Lions,-0.24955002477635507,0.7084825571094241,0.30434782608695654,0.7571428571428571,2.652173913043478,9.814285714285715,0.0,4.375,,1.0,-0.041100837704208165,0.1
2024,1,Army Black Knights,0.3265643608301206,-0.0922990856319666,0.6240601503759399,0.44,6.165413533834586,5.14,4.3125,0.8666666666666667,0.9090909090909091,0.2,0.21178504228591918,0.5714285714285714
2024,1,Auburn Tigers,0.7318170781839978,-0.2975367908028589,0.5454545454545454,0.2608695652173913,13.977272727272727,3.391304347826087,4.714285714285714,0.2,0.75,0.0,0.632239317423419,0.16666666666666666
2024,1,Austin Peay Governors,-0.49001558902191705,0.4184044623567212,0.27586206896551724,0.5483870967741935,2.6379310344827585,8.887096774193548,0.0,3.9285714285714284,,0.5,-0.4987824546216532,0.26666666666666666
2024,1,BYU Cougars,0.12198859967773767,-0.10898752494524884,0.4892086330935252,0.34408602150537637,6.841726618705036,5.279569892473118,2.9166666666666665,1.0,0.6363636363636364,0.6666666666666666,-0.0366199509562733,0.5
2024,1,Baylor Bears,0.06464348060469474,-0.254252300694071,0.41935483870967744,0.3275862068965517,6.780645161290322,5.344827586206897,2.5555555555555554,1.6,0.4166666666666667,0.5,0.03317255526781082,0.4482758620689655
2024,1,Bethune-Cookman Wildcats,-0.43738184596451235,0.06160798280135445,0.28169014084507044,0.4492753623188406,3.0704225352112675,5.840579710144928,0.2,2.7333333333333334,0.0,0.7142857142857143,-0.392334428598296,0.1875
2024,1,Boise State Broncos,0.2630101687336055,0.08842184414466223,0.48905109489051096,0.43333333333333335,8.094890510948906,5.68,2.5925925925925926,2.6538461538461537,0.625,0.8888888888888888,0.2880335474195324,0.4074074074074074
2024,1,Boston College Eagles,0.022166465057267083,-0.0359028143187364,0.3851851851851852,0.4166666666666667,5.229629629629629,6.708333333333333,2.0476190476190474,1.5714285714285714,0.6,0.5,-0.03554289963315515,0.4827586206896552
2024,1,Bowling Green Falcons,0.31047444597003965,0.14321831433523086,0.5039370078740157,0.41935483870967744,7.574803149606299,6.137096774193548,2.3181818181818183,2.0869565217391304,0.625,0.42857142857142855,0.15686099417507648,0.5
2024,1,Bryant Bulldogs,-0.1196131504351093,0.2986597611623652,0.41935483870967744,0.5,5.596774193548387,6.338235294117647,1.5,3.4285714285714284,0.5,0.8571428571428571,0.05108045643948494,0.3333333333333333
2024,1,Bucknell Bison,-0.20391469606847473,0.3361897814101067,0.3484848484848485,0.5072463768115942,4.909090909090909,6.434782608695652,1.5,3.5,0.5,1.0,-0.38033541402918225,0.3125
2024,1,Buffalo Bulls,0.04744306535556399,-0.3247240813282447,0.3724137931034483,0.3089430894308943,5.179310344827586,4.439024390243903,2.52,0.5833333333333334,0.3333333333333333,0.4,-0.011768145572154894,0.3225806451612903
2024,1,California Golden Bears,-0.21344316106976816,-0.029727078552516002,0.4077669902912621,0.37735849056603776,4.29126213592233,5.09433962264151,1.2857142857142858,1.4090909090909092,0.5,0.6666666666666666,-0.10487880910697736,0.2916666666666667
2024,1,Campbell Fighting Camels,-0.041758615523576736,0.25555050786998534,0.3541666666666667,0.5555555555555556,5.979166666666667,7.041666666666667,1.0,2.066666666666667,0.6666666666666666,0.5714285714285714,0.0633018868310111,0.16666666666666666
2024,1,Central Arkansas Bears,0.2058742992579937,0.05237658606486374,0.45,0.4044943820224719,7.2,5.224719101123595,1.6470588235294117,1.8666666666666667,1.0,0.8,0.2556558178460344,0.3076923076923077
2024,1,Charlotte 49ers,-0.1665911398043758,0.08293445870794099,0.32894736842105265,0.43103448275862066,4.2368421052631575,7.155172413793103,0.5833333333333334,2.3076923076923075,0.0,0.5,-0.27703313099650234,0.3157894736842105
2024,1,Chattanooga Mocs,-0.1974117921665311,0.3412052190138234,0.36666666666666664,0.6111111111111112,4.25,7.933333333333334,0.17647058823529413,4.428571428571429,0.0,0.8571428571428571,-0.10452211178515268,0.07142857142857142
2024,1,Cincinnati Bearcats,0.4387657858671681,-0.047589980275698114,0.5806451612903226,0.4084507042253521,10.564516129032258,6.042253521126761,3.1666666666666665,1.5384615384615385,0.4,0.0,0.4850257887290074,0.4
2024,1,Clemson Tigers,-0.07184052909329786,0.20783319341317388,0.4745762711864407,0.48854961832061067,5.076271186440678,7.351145038167939,1.173913043478261,2.8260869565217392,0.2,0.6666666666666666,0.02436537973666459,0.24
2024,1,Coastal Carolina Chanticleers,-9.132937217752139e-05,-0.008463310185542777,0.4166666666666667,0.4214876033057851,5.847222222222222,7.652892561983471,2.1,2.8214285714285716,0.7142857142857143,0.42857142857142855,0.11466119666625788,0.32142857142857145
2024,1,Colorado Buffaloes,0.1862177313728766,0.11205931814541494,0.494949494949495,0.46616541353383456,7.4646464646464645,6.526315789473684,2.25,2.75,0.5,0.6,0.21244827348303486,0.35
2024,1,Colorado State Rams,-0.1865254411943086,0.30847508516727074,0.40458015267175573,0.5227272727272727,5.709923664122138,7.181818181818182,0.6538461538461539,3.9583333333333335,0.2,0.7333333333333333,-0.31599959239680714,0.41935483870967744
2024,1,Delaware Blue Hens,0.2986597611623652,-0.1196131504351093,0.5,0.41935483870967744,6.338235294117647,5.596774193548387,3.4285714285714284,1.5,0.8571428571428571,0.5,0.16394238905473188,0.5833333333333334
2024,1,Delaware State Hornets,-0.17026720121502875,0.0650351107120514,0.3333333333333333,0.5,4.066666666666666,5.533333333333333,0.5,2.0,1.0,1.0,-0.19193302580090457,0.23529411764705882
2024,1,Duke Blue Devils,-0.12746577446951585,0.009737553202923927,0.34558823529411764,0.3969465648854962,4.948529411764706,5.900763358778626,1.6666666666666667,2.0,0.8333333333333334,0.6666666666666666,-0.07094105265357277,0.3333333333333333
2024,1,Duquesne Dukes,-0.009582253401739555,0.3925334495125395,0.42105263157894735,0.6060606060606061,5.543859649122807,6.651515151515151,0.25,4.083333333333333,0.5,0.8571428571428571,-0.14501069553873755,0.2727272727272727
2024,1,East Carolina Pirates,0.12101277038455009,-0.1157080420875937,0.5428571428571428,0.35772357723577236,7.014285714285714,4.772357723577236,1.92,0.8888888888888888,0.6666666666666666,0.6666666666666666,-0.042198854007504207,0.5517241379310345
2024,1,East Tennessee State Buccaneers,-0.07478312974174818,0.34548393959429724,0.3333333333333333,0.5074626865671642,5.25,7.492537313432836,0.9090909090909091,3.4545454545454546,0.0,0.6666666666666666,0.12096236205913803,0.23076923076923078
2024,1,East Texas A&M Lions,-0.46378256171010435,0.12998760346468394,0.421875,0.42857142857142855,4.109375,6.662337662337662,0.46153846153846156,2.909090909090909,1.0,0.6666666666666666,-0.5205671954519895,0.3076923076923077
2024,1,Eastern Illinois Panthers,-0.4165256855388482,0.35369371346064976,0.2777777777777778,0.5142857142857142,3.7037037037037037,7.314285714285714,0.0,3.75,,0.8,-0.5025757221505046,0.3076923076923077
2024,1,Eastern Kentucky Colonels,-0.21388099401404984,0.3186809934143509,0.3684210526315789,0.42857142857142855,4.552631578947368,8.125,0.5384615384615384,3.230769230769231,1.0,0.6666666666666666,-0.027567110252830217,0.35
2024,1,Eastern Michigan Eagles,0.17989314794540406,0.09115641476476893,0.4666666666666667,0.5,6.316666666666666,4.676470588235294,3.111111111111111,1.5555555555555556,0.6,0.6666666666666666,0.09140162732866075,0.38461538461538464
2024,1,Elon Phoenix,-0.41432855168326954,-0.059867581900428325,0.26229508196721313,0.35294117647058826,2.1311475409836067,5.264705882352941,0.25,1.6666666666666667,,0.75,-0.38935674320567737,0.2
2024,1,Florida Atlantic Owls,-0.3726749197728392,-0.32380754159668745,0.2898550724637681,0.3220338983050847,4.550724637681159,6.016949152542373,0.5882352941176471,0.7368421052631579,0.3333333333333333,0.2,-0.27529619812965395,0.14285714285714285
2024,1,Florida Gators,-0.008204890485096695,-0.004059181445174747,0.48872180451127817,0.42857142857142855,6.413533834586466,5.76984126984127,1.6538461538461537,1.96,0.42857142857142855,0.5,0.02032085359096527,0.24
2024,1,Florida International Panthers,-0.24455051042013248,0.21677440863389236,0.3389830508474576,0.47692307692307695,3.305084745762712,6.369230769230769,0.7,2.8181818181818183,1.0,0.75,-0.14316907870982373,0.3076923076923077
2024,1,Florida State Seminoles,-0.03956914127900683,0.22953429352492094,0.39655172413793105,0.5,5.405172413793103,5.783333333333333,1.8888888888888888,2.736842105263158,0.3333333333333333,0.875,-0.036313795972438084,0.3076923076923077
2024,1,Fordham Rams,0.08475917112082243,0.44591286447313094,0.359375,0.5370370370370371,5.984375,8.796296296296296,1.5454545454545454,2.7,0.0,0.75,0.13209679587320847,0.25
2024,1,Fresno State Bulldogs,-0.15235607840318596,0.008708190308870191,0.4424778761061947,0.41605839416058393,5.929203539823009,5.124087591240876,1.25,2.125,0.6666666666666666,0.42857142857142855,0.023206634985076056,0.19047619047619047
2024,1,Furman Paladins,-0.3347587423428657,0.4971402827196005,0.25396825396825395,0.6219512195121951,2.5555555555555554,9.414634146341463,0.0,4.75,,0.8,-0.25312491557137534,0.17647058823529413
2024,1,Georgia Bulldogs,0.009630697405236399,-0.25920140743255615,0.42735042735042733,0.4095238095238095,5.384615384615385,3.8190476190476192,1.5416666666666667,0.7916666666666666,0.5,0.0,0.005522501337659228,0.08695652173913043
2024,1,Georgia Southern Eagles,0.01492654681665662,0.21820931333648272,0.4382716049382716,0.512396694214876,5.7592592592592595,7.603305785123967,2.3703703703703702,2.857142857142857,0.9,0.8571428571428571,-0.13128796253141348,0.42857142857142855
2024,1,Georgia State Panthers,-0.0658585799317206,0.3840768347021009,0.4838709677419355,0.5081967213114754,5.82258064516129,8.459016393442623,1.2,3.5,0.0,1.0,0.04134748228218244,0.25
2024,1,Georgia Tech Yellow Jackets,0.27598305517336824,0.06292187022624043,0.5274725274725275,0.4576271186440678,6.989010989010989,5.338983050847458,3.185185185185185,2.1785714285714284,0.9,0.6666666666666666,0.1928662725699109,0.36666666666666664
2024,1,Grambling Tigers,-0.20263718177254,0.2771763120378767,0.3541666666666667,0.5396825396825397,6.3125,7.682539682539683,1.0,3.0,1.0,0.6,-0.26864107053827596,0.36363636363636365
2024,1,Hawai'i Rainbow Warriors,-0.09778674634603354,-0.1770741377885525,0.4153846153846154,0.3418803418803419,4.6923076923076925,5.017094017094017,1.5769230769230769,0.8846153846153846,0.6666666666666666,0.3333333333333333,-0.00978375107049942,0.3333333333333333
2024,1,Houston Christian Huskies,-0.43968707632343723,0.3049636430254108,0.2641509433962264,0.5394736842105263,3.358490566037736,7.842105263157895,0.5384615384615384,3.923076923076923,1.0,0.8333333333333334,-0.4647701311856508,0.25
2024,1,Houston Cougars,-0.28950760056895597,-0.0859217656808987,0.3387096774193548,0.3684210526315789,4.951612903225806,6.333333333333333,0.0,1.3076923076923077,0.5,0.25,-0.03582397037082248,0.14285714285714285
2024,1,Howard Bison,-0.24798702970147132,0.2857785347629996,0.36666666666666664,0.5441176470588235,5.233333333333333,6.411764705882353,0.6363636363636364,3.7,0.5,0.7142857142857143,-0.15286424718797206,0.3125
2024,1,Idaho State Bengals,0.00709292835603326,0.34694876049605894,0.4576271186440678,0.6901408450704225,5.372881355932203,7.197183098591549,1.5,3.8,0.5,0.6,0.028631627397692722,0.5
2024,1,Idaho Vandals,-0.32076335587400073,0.034795143419788,0.2978723404255319,0.5,4.9361702127659575,5.928571428571429,1.0769230769230769,1.8461538461538463,1.0,0.75,-0.031718136633143705,0.08333333333333333
2024,1,Illinois Fighting Illini,0.16656112694001013,-0.1202354259260996,0.5116279069767442,0.3937007874015748,6.875968992248062,4.874015748031496,3.0,0.7727272727272727,0.7,0.25,0.10873640669840519,0.5454545454545454
2024,1,Illinois State Redbirds,-0.5167024729232634,0.13490026685553538,0.27419354838709675,0.4788732394366197,3.0483870967741935,7.014084507042254,0.0,2.5,,0.6,-0.35830321543746524,0.26666666666666666
2024,1,Indiana Hoosiers,0.11268985212322265,-0.026052477806806563,0.4365079365079365,0.44,5.380952380952381,4.84,2.1818181818181817,1.619047619047619,0.5714285714285714,0.6,0.06985053762793542,0.391304347826087
2024,1,Indiana State Sycamores,-0.34437654282038027,0.48792917080341824,0.23076923076923078,0.5873015873015873,2.9423076923076925,9.0,0.0,3.8181818181818183,,1.0,-0.23282905668020248,0.08333333333333333
2024,1,Iowa Hawkeyes,0.043620459632728044,-0.1940450655116189,0.4645669291338583,0.3629032258064516,6.25984251968504,4.395161290322581,2.2857142857142856,1.08,0.5555555555555556,1.0,0.1721274680121965,0.42857142857142855
2024,1,Iowa State Cyclones,0.289364626010259,0.12717948668998563,0.4649122807017544,0.5277777777777778,6.614035087719298,5.777777777777778,2.739130434782609,2.0952380952380953,0.875,0.3333333333333333,0.19670457058939442,0.391304347826087
2024,1,Jacksonville State Gamecocks,-0.017443937631171257,0.12004457564161927,0.4180327868852459,0.48322147651006714,6.729508196721311,6.953020134228188,1.7777777777777777,2.4482758620689653,0.5,0.7272727272727273,0.04695260744345815,0.20833333333333334
2024,1,James Madison Dukes,0.09771675658226013,-0.13234183451643697,0.432,0.34814814814814815,6.48,4.82962962962963,2.1923076923076925,1.0,0.5,0.4,0.12743412120186765,0.3333333333333333
2024,1,Kansas Jayhawks,0.403980621269771,-0.3362035973553072,0.6190476190476191,0.2982456140350877,7.984126984126984,4.228070175438597,4.666666666666667,0.3,1.0,0.0,0.21282994508743286,0.4
2024,1,Kansas State Wildcats,0.3127545950904725,-0.08730689134479554,0.5079365079365079,0.32231404958677684,8.134920634920634,4.297520661157025,3.0,1.8076923076923077,0.8571428571428571,0.5714285714285714,0.23996074467289205,0.46153846153846156
2024,1,Kennesaw State Owls,-0.22900418261997402,0.13680734474894027,0.34375,0.4647887323943662,3.96875,5.873239436619718,1.2307692307692308,2.1538461538461537,0.0,1.0,-0.27520799734022305,0.375
2024,1,Kent State Golden Flashes,-0.11903042013828571,0.15054640154807997,0.3384615384615385,0.48717948717948717,3.707692307692308,8.41025641025641,1.2142857142857142,3.1538461538461537,0.0,0.8333333333333334,-0.07953380242637965,0.1875
2024,1,Kentucky Wildcats,0.35957938730716704,-0.4116758358094,0.525,0.3870967741935484,7.875,4.064516129032258,4.428571428571429,0.0,0.8,0.0,0.2598120893750872,0.4
2024,1,LSU Tigers,0.03953617119789123,0.11637527295227708,0.432,0.496551724137931,6.624,7.43448275862069,2.0476190476190474,2.4166666666666665,0.625,0.4166666666666667,0.11269509760623282,0.2692307692307692
2024,1,Lafayette Leopards,-0.305319066812743,0.0520417553683122,0.3582089552238806,0.4444444444444444,4.074626865671642,5.388888888888889,0.5384615384615384,3.142857142857143,0.5,0.6666666666666666,-0.3915580349123996,0.3888888888888889
2024,1,Lamar Cardinals,-0.15416928401423824,0.10856636898753083,0.2777777777777778,0.4567901234567901,3.9305555555555554,6.283950617283951,2.076923076923077,2.8333333333333335,0.5,0.3333333333333333,-0.17000862459341684,0.11764705882352941
2024,1,Lehigh Mountain Hawks,0.06825283785852101,0.5560480904194617,0.5192307692307693,0.7258064516129032,5.615384615384615,7.112903225806452,1.0,6.0,0.5,1.0,0.25845545437186956,0.2222222222222222
2024,1,Liberty Flames,-0.00847693718969822,0.009320864007492696,0.421875,0.32231404958677684,6.09375,5.371900826446281,1.4615384615384615,1.32,0.5,0.3333333333333333,-0.04554406883790321,0.35714285714285715
2024,1,Lindenwood Lions,-0.3362035973553072,0.403980621269771,0.2982456140350877,0.6190476190476191,4.228070175438597,7.984126984126984,0.3,4.666666666666667,0.0,1.0,-0.34713463820517065,0.4375
2024,1,Louisiana Ragin' Cajuns,0.023798966383347747,-0.039832947241223375,0.45081967213114754,0.41739130434782606,5.467213114754099,6.026086956521739,1.565217391304348,2.0,0.42857142857142855,0.8333333333333334,0.035344004160479496,0.44
2024,1,Louisiana Tech Bulldogs,-0.2366359224864121,-0.12802940898371817,0.3620689655172414,0.39849624060150374,5.879310344827586,4.360902255639098,0.88,1.48,0.25,0.5714285714285714,-0.14650964550673962,0.36
2024,1,Louisville Cardinals,0.2730598584944461,-0.11346993101612916,0.4789915966386555,0.3968253968253968,7.764705882352941,5.126984126984127,2.8620689655172415,1.2142857142857142,0.6363636363636364,1.0,0.25953724051034577,0.2916666666666667
2024,1,Marshall Thundering Herd,0.29911347556470047,-0.21138566369190812,0.5671641791044776,0.3125,8.119402985074627,3.15,2.111111111111111,0.0,0.75,,0.33239705328430447,0.45454545454545453
2024,1,Maryland Terrapins,0.3045902638099132,-0.19342483970962587,0.5128205128205128,0.32786885245901637,7.730769230769231,5.114754098360656,3.125,0.4117647058823529,0.5,0.0,0.3449425615610615,0.3333333333333333
2024,1,Massachusetts Minutemen,0.09115641476476893,0.17989314794540406,0.5,0.4666666666666667,4.676470588235294,6.316666666666666,1.5555555555555556,3.111111111111111,0.6666666666666666,0.6,-0.009844424203038216,0.5294117647058824
2024,1,Memphis Tigers,0.2752214772207243,-0.03750285450647126,0.44144144144144143,0.417910447761194,7.783783783783784,5.1940298507462686,3.5714285714285716,1.6818181818181819,0.7272727272727273,0.75,0.21535061517458284,0.5454545454545454
2024,1,Merrimack Warriors,-0.2622983849474362,-0.11236335920250934,0.3392857142857143,0.391304347826087,3.75,3.4347826086956523,0.46153846153846156,1.5,0.5,0.75,-0.3719732149651176,0.21428571428571427
2024,1,Miami (OH) RedHawks,0.028716608245148618,-0.07578520388514907,0.4017094017094017,0.4444444444444444,5.735042735042735,6.296296296296297,2.227272727272727,1.25,0.4,0.2857142857142857,0.008118475584880165,0.3333333333333333
2024,1,Miami Hurricanes,0.31573019468668084,0.05877886712551117,0.5531914893617021,0.4,7.390070921985815,6.075,3.5652173913043477,2.5652173913043477,0.5,1.0,0.267480126745476,0.375
2024,1,Michigan State Spartans,-0.32380754159668745,-0.3726749197728392,0.3220338983050847,0.2898550724637681,6.016949152542373,4.550724637681159,0.7368421052631579,0.5882352941176471,0.2,0.3333333333333333,-0.13468483869325032,0.15384615384615385
2024,1,Michigan Wolverines,-0.1794360381020002,-0.41260168926806007,0.36363636363636365,0.33613445378151263,4.223140495867769,4.92436974789916,1.5555555555555556,0.92,0.5,0.25,-0.15760868185378135,0.2962962962962963
2024,1,Middle Tennessee Blue Raiders,0.04589225507494229,0.09737763944126311,0.40298507462686567,0.47619047619047616,5.044776119402985,5.777777777777778,2.4615384615384617,2.090909090909091,0.6,0.6666666666666666,-0.19867597044782437,0.4375
2024,1,Minnesota Golden Gophers,0.06661550601323446,-0.25486834979216966,0.45,0.38392857142857145,5.425,5.0625,2.05,1.3181818181818181,0.5,0.3333333333333333,0.052928715310198195,0.30434782608695654
2024,1,Mississippi State Bulldogs,0.3186809934143509,-0.21388099401404984,0.42857142857142855,0.3684210526315789,8.125,4.552631578947368,3.230769230769231,0.5384615384615384,0.6666666666666666,1.0,0.32352620398714427,0.36363636363636365
2024,1,Missouri State Bears,-0.009598028169919367,0.21685391253438488,0.410958904109589,0.46551724137931033,5.0,7.172413793103448,2.1818181818181817,2.6363636363636362,0.6666666666666666,0.25,-0.008538061066677696,0.42857142857142855
2024,1,Missouri Tigers,0.18533950057976387,-0.30371060887617723,0.5441176470588235,0.3619047619047619,5.9411764705882355,3.8857142857142857,3.0869565217391304,0.96,0.8,0.5,0.17535659697678713,0.44
2024,1,Montana Grizzlies,0.21685391253438488,-0.009598028169919367,0.46551724137931033,0.410958904109589,7.172413793103448,5.0,2.6363636363636362,2.1818181818181817,0.25,0.6666666666666666,0.15966663137078285,0.2222222222222222
2024,1,Montana State Bobcats,0.23802560573254805,0.24340808694869015,0.5362318840579711,0.504424778761062,7.398550724637682,6.424778761061947,2.857142857142857,2.6,0.875,0.8333333333333334,0.2522551831961782,0.52
2024,1,Murray State Racers,-0.5683978236451441,0.23286766055467967,0.2653061224489796,0.6216216216216216,2.2653061224489797,6.108108108108108,0.0,3.6666666666666665,,0.7142857142857143,-0.4561320638114756,0.26666666666666666
2024,1,NC State Wolfpack,0.2641257432506497,0.13475149148143828,0.5037593984962406,0.4921875,7.2631578947368425,6.703125,2.8095238095238093,1.5454545454545454,0.7142857142857143,0.6666666666666666,0.2717169616924654,0.44
2024,1,Navy Midshipmen,0.21676368481856734,-0.0626976352930069,0.4132231404958678,0.4066666666666667,6.305785123966942,4.98,2.8,1.4,0.875,0.5,0.17402021838038156,0.3448275862068966
2024,1,Nebraska Cornhuskers,0.15884751656959797,-0.12201622569042703,0.496551724137931,0.3565217391304348,6.724137931034483,5.121739130434783,2.761904761904762,1.0476190476190477,0.6666666666666666,0.4,0.13570816237647254,0.5185185185185185
2024,1,Nevada Wolf Pack,0.050478803035908175,0.19766723279279608,0.43609022556390975,0.4580152671755725,5.511278195488722,6.259541984732825,2.3636363636363638,2.12,0.875,0.4444444444444444,0.028517962110285858,0.40625
2024,1,New Hampshire Wildcats,-0.496504105340976,0.1577147642771403,0.23076923076923078,0.56,3.269230769230769,8.533333333333333,0.17647058823529413,3.4375,,0.5,-0.37631916556809397,0.14285714285714285
2024,1,New Mexico Lobos,0.12305478217886455,0.3274799594172725,0.4552238805970149,0.5259259259259259,6.022388059701493,9.207407407407407,1.96,4.0,0.75,1.0,0.1119810673030647,0.19047619047619047
2024,1,New Mexico State Aggies,-0.06502716860600881,-0.03299349993467331,0.42857142857142855,0.4,4.0285714285714285,5.4,1.9166666666666667,1.1428571428571428,0.6666666666666666,0.0,-0.15630523344645134,0.5
2024,1,Nicholls Colonels,-0.4191288674069989,-0.2157457481850596,0.24193548387096775,0.36764705882352944,3.2419354838709675,6.764705882352941,0.625,0.9411764705882353,0.0,0.4,-0.3579980750446734,0.2
2024,1,Norfolk State Spartans,-0.49661500247255447,0.004479040634142209,0.20967741935483872,0.589041095890411,2.3225806451612905,6.958904109589041,0.17647058823529413,2.3333333333333335,,0.6,-0.39709732512181456,0.0625
2024,1,North Alabama Lions,-0.5210654835762649,0.1440840054835592,0.22413793103448276,0.4642857142857143,2.706896551724138,6.642857142857143,0.0,3.3,0.0,0.6666666666666666,-0.4545044528368192,0.2
2024,1,North Carolina A&T Aggies,0.01650820294584053,0.3404693825921016,0.5072463768115942,0.582089552238806,5.521739130434782,7.208955223880597,1.3,2.4,,0.6666666666666666,0.175669142577265,0.3333333333333333
2024,1,North Carolina Tar Heels,-0.24430567743080966,0.02293284309487189,0.3867924528301887,0.45161290322580644,5.009433962264151,4.766129032258065,1.434782608695652,1.608695652173913,0.5,0.5,-0.1778193950266033,0.28
2024,1,North Dakota Fighting Hawks,-0.07931033356322183,0.30710357055068016,0.4583333333333333,0.5625,4.430555555555555,7.354166666666667,0.3,1.75,0.0,0.6666666666666666,-0.266030770890853,0.55
2024,1,North Dakota State Bison,0.3029218385671521,0.2531413963207832,0.5054945054945055,0.4945054945054945,6.615384615384615,6.78021978021978,2.4193548387096775,2.1875,0.8181818181818182,0.6363636363636364,0.20052332813955015,0.40540540540540543
2024,1,North Texas Mean Green,0.2729577670139926,0.29061819352209567,0.5071428571428571,0.50625,7.385714285714286,6.93125,2.5925925925925926,2.259259259259259,0.6666666666666666,0.4444444444444444,0.20710907006158238,0.5416666666666666
2024,1,Northern Illinois Huskies,0.2943239559049476,0.03083261220078719,0.5342465753424658,0.4473684210526316,8.184931506849315,5.350877192982456,2.9166666666666665,1.48,0.5,0.75,0.2968899040118508,0.3333333333333333
2024,1,Northwestern State Demons,0.015969065949320793,0.522888033322885,0.3541666666666667,0.5352112676056338,5.979166666666667,8.901408450704226,1.6153846153846154,4.583333333333333,1.0,0.75,0.15560429436819895,0.23076923076923078
2024,1,Northwestern Wildcats,-0.08467629800240199,-0.13391259055713128,0.45,0.41379310344827586,5.483333333333333,4.655172413793103,1.3,0.6,0.3333333333333333,0.0,-0.18474573565989125,0.45454545454545453
2024,1,Notre Dame Fighting Irish,0.07794583280171667,7.330628629690542e-05,0.4634920634920635,0.44089456869009586,5.282539682539682,4.827476038338658,2.0714285714285716,1.7818181818181817,0.45454545454545453,0.5294117647058824,-0.008634452785675725,0.36764705882352944
2024,1,Ohio Bobcats,0.052181485082421986,0.2093088783323765,0.4642857142857143,0.4740740740740741,6.3,6.659259259259259,1.875,2.4583333333333335,0.45454545454545453,0.6666666666666666,0.08853810267490253,0.30434782608695654
2024,1,Ohio State Buckeyes,0.27271801030991094,-0.07376520239428185,0.5,0.41641337386018235,7.321192052980132,4.60790273556231,3.0727272727272728,1.2542372881355932,0.7647058823529411,0.6666666666666666,0.25594274742613116,0.48214285714285715
2024,1,Oklahoma Sooners,0.08774764916381321,-0.2596515622970305,0.43243243243243246,0.2719298245614035,5.506756756756757,5.245614035087719,2.125,0.9230769230769231,0.75,0.5,0.02308327067005742,0.3225806451612903
2024,1,Oklahoma State Cowboys,0.13307547995022365,-0.023194375863442054,0.42857142857142855,0.38461538461538464,5.8428571428571425,6.046153846153846,2.6153846153846154,1.5384615384615385,0.5,0.0,0.1781559023592207,0.35714285714285715
2024,1,Old Dominion Monarchs,-0.22269211835424665,-0.14946273835124196,0.3380281690140845,0.40540540540540543,4.492957746478873,4.54054054054054,1.1176470588235294,1.3529411764705883,0.0,0.5,-0.4548980246942777,0.5
2024,1,Ole Miss Rebels,0.442862923060985,-0.2622454238643173,0.5723684210526315,0.29770992366412213,9.30921052631579,3.633587786259542,4.321428571428571,0.7142857142857143,0.7272727272727273,1.0,0.47513659195444446,0.48
2024,1,Oregon Ducks,0.06974314242698156,0.012759080873085903,0.461038961038961,0.375,4.9935064935064934,7.028846153846154,1.7307692307692308,2.2,0.8333333333333334,0.6666666666666666,-0.03699101177616078,0.35294117647058826
2024,1,Oregon State Beavers,0.34694876049605894,0.00709292835603326,0.6901408450704225,0.4576271186440678,7.197183098591549,5.372881355932203,3.8,1.5,0.6,0.5,0.2939344634269846,0.5454545454545454
2024,1,Penn State Nittany Lions,0.09165098754798665,-0.11672716888670738,0.45098039215686275,0.42657342657342656,5.9450980392156865,5.0524475524475525,2.3541666666666665,1.2857142857142858,0.9090909090909091,0.2857142857142857,0.08046257326213441,0.3333333333333333
2024,1,Pittsburgh Panthers,0.053480215495525125,-0.08402494695679895,0.5251396648044693,0.4068965517241379,6.782122905027933,4.710344827586207,2.59375,1.59375,0.6,0.25,0.16282915403234197,0.45714285714285713
2024,1,Portland State Vikings,0.004620447391416968,0.7625375426545435,0.36585365853658536,0.5510204081632653,6.524390243902439,13.408163265306122,1.1428571428571428,4.571428571428571,0.8,1.0,-0.013560671230842328,0.3684210526315789
2024,1,Purdue Boilermakers,0.48792917080341824,-0.34437654282038027,0.5873015873015873,0.23076923076923078,9.0,2.9423076923076925,3.8181818181818183,0.0,1.0,,0.39072466568619596,0.45454545454545453
2024,1,Rice Owls,-0.1877669744914578,0.06385278701782227,0.3064516129032258,0.39436619718309857,5.0,5.859154929577465,1.0769230769230769,2.076923076923077,0.5,0.3333333333333333,-0.20509999796100284,0.26666666666666666
2024,1,Richmond Spiders,-0.025755752871433894,0.15677126012151205,0.4166666666666667,0.4444444444444444,4.783333333333333,7.761904761904762,1.1818181818181819,3.090909090909091,0.3333333333333333,0.4,-0.009991611753191267,0.2
2024,1,Robert Morris Colonials,-0.07161353890384947,0.3115848836398894,0.4142857142857143,0.532258064516129,5.171428571428572,10.661290322580646,0.875,1.5333333333333334,,0.4,-0.06564130940858055,0.35294117647058826
2024,1,Rutgers Scarlet Knights,0.20327183915607966,0.09708670205794848,0.47761194029850745,0.4307692307692308,6.134328358208955,6.730769230769231,3.391304347826087,1.9615384615384615,0.75,0.6666666666666666,0.2579150998367454,0.375
2024,1,SE Louisiana Lions,-0.4394427939968289,0.47397436422330363,0.41509433962264153,0.5925925925925926,5.679245283018868,8.666666666666666,0.0,5.625,0.0,0.8571428571428571,-0.4337425475440374,0.36363636363636365
2024,1,SMU Mustangs,0.021170727042264716,-0.19361899278793238,0.4697674418604651,0.36548223350253806,6.423255813953489,4.33502538071066,2.2,1.4864864864864864,0.5,0.8571428571428571,0.02094241192002268,0.4
2024,1,Sacramento State Hornets,-0.16646959232847866,0.24029713968435923,0.4268292682926829,0.5,4.341463414634147,6.583333333333333,1.6,2.625,0.6,1.0,-0.22200075525140006,0.375
2024,1,Sam Houston Bearkats,-0.015146572429400224,-0.12727229305201296,0.4,0.381294964028777,5.2615384615384615,5.496402877697841,1.9615384615384615,1.4814814814814814,0.5,0.8,-0.02360738990920605,0.35714285714285715
2024,1,San Diego State Aztecs,0.12998760346468394,-0.46378256171010435,0.42857142857142855,0.421875,6.662337662337662,4.109375,2.909090909090909,0.46153846153846156,0.6666666666666666,1.0,0.03504602015018463,0.3333333333333333
2024,1,San José State Spartans,0.10829813440410507,-0.08515100238784667,0.5099337748344371,0.4645161290322581,5.5364238410596025,4.348387096774194,2.4571428571428573,1.7058823529411764,0.6363636363636364,0.42857142857142855,0.11608012576277058,0.39285714285714285
2024,1,South Alabama Jaguars,0.39913643650013764,0.2316531203687191,0.5611510791366906,0.515625,8.115107913669064,6.0546875,2.1785714285714284,2.3214285714285716,0.42857142857142855,0.6,0.4210887540663992,0.3181818181818182
2024,1,South Carolina Gamecocks,-0.026107174908222796,-0.14679473053950529,0.4421768707482993,0.4153846153846154,5.136054421768708,5.338461538461538,1.5384615384615385,1.4814814814814814,0.375,0.375,-0.04562708431923831,0.4117647058823529
2024,1,South Dakota State Jackrabbits,0.009358786161129291,0.16405697383226886,0.3923076923076923,0.4435483870967742,5.6,6.104838709677419,1.2592592592592593,1.8461538461538463,0.5,0.6666666666666666,0.0667843903155671,0.3333333333333333
2024,1,South Florida Bulls,0.03312008460642586,-0.17974642684890163,0.4788732394366197,0.41358024691358025,5.077464788732394,4.067901234567901,2.2058823529411766,1.3823529411764706,0.5,0.4444444444444444,-0.058331131361998044,0.375
2024,1,Southeast Missouri State Redhawks,-0.03299349993467331,-0.06502716860600881,0.4,0.42857142857142855,5.4,4.0285714285714285,1.1428571428571428,1.9166666666666667,0.0,0.6666666666666666,-0.14450406364124754,0.25
2024,1,Southern Illinois Salukis,-0.15937573623423482,0.24543638308842977,0.3137254901960784,0.52,5.019607843137255,7.16,0.8125,3.1538461538461537,1.0,0.6666666666666666,-0.21199639808190496,0.3333333333333333
2024,1,Southern Miss Golden Eagles,-0.4116758358094,0.35957938730716704,0.3870967741935484,0.525,4.064516129032258,7.875,0.0,4.428571428571429,0.0,0.8,-0.36179382421753625,0.375
2024,1,Southern Utah Thunderbirds,-0.3514095138834447,0.3758578670601691,0.24489795918367346,0.532258064516129,3.6530612244897958,8.064516129032258,0.0,3.769230769230769,,0.8,-0.4605999625154904,0.23076923076923078
2024,1,Stanford Cardinal,-0.1933974102139473,0.1357082696755727,0.375,0.48,4.166666666666667,5.96,2.076923076923077,2.6153846153846154,0.75,0.6666666666666666,-0.24968276688685784,0.2
2024,1,Stony Brook Seawolves,-0.21138566369190812,0.29911347556470047,0.3125,0.5671641791044776,3.15,8.119402985074627,0.0,2.111111111111111,,0.75,-0.39210426102985035,0.2857142857142857
2024,1,Syracuse Orange,0.47625693875227787,0.1287909173708168,0.5581395348837209,0.4748201438848921,8.534883720930232,6.309352517985611,3.9130434782608696,2.272727272727273,0.75,0.3,0.4652499257125587,0.47619047619047616
2024,1,TCU Horned Frogs,0.10791490153527596,-0.21742936866429016,0.47183098591549294,0.366412213740458,5.894366197183099,3.687022900763359,2.72,1.2,0.7272727272727273,0.5,0.04151940619179962,0.39285714285714285
2024,1,Tarleton State Texans,-0.4263097275387157,0.12903374220643724,0.23636363636363636,0.4,3.8727272727272726,6.2,0.21428571428571427,2.7142857142857144,0.0,0.4,-0.24280782788991928,0.14285714285714285
2024,1,Temple Owls,-0.5263159523808187,0.13957699108868837,0.25806451612903225,0.40625,4.5,6.125,0.2,2.8461538461538463,0.0,0.8333333333333334,-0.46780389283473295,0.3076923076923077
2024,1,Tennessee Tech Golden Eagles,0.09737763944126311,0.04589225507494229,0.47619047619047616,0.40298507462686567,5.777777777777778,5.044776119402985,2.090909090909091,2.4615384615384617,0.6666666666666666,0.6,0.08306064084172249,0.38461538461538464
2024,1,Tennessee Volunteers,0.16409182227216662,0.04964118441867252,0.5375,0.4596774193548387,6.0625,5.870967741935484,2.88,1.5517241379310345,0.8,0.4,0.20425987675312965,0.41935483870967744
2024,1,Texas A&M Aggies,-0.02932649909385613,0.04514025944048789,0.4714285714285714,0.43283582089552236,5.314285714285714,5.7164179104477615,1.4230769230769231,1.76,0.625,0.8,-0.04603502809725426,0.27586206896551724
2024,1,Texas Longhorns,0.16507093525900612,0.037358311124337025,0.5129151291512916,0.4542124542124542,6.837638376383764,5.582417582417582,2.7755102040816326,1.0851063829787233,0.7058823529411765,0.45454545454545453,0.20159517207007477,0.38461538461538464
2024,1,Texas State Bobcats,0.15952088767662645,-0.02988169979358065,0.4625,0.36231884057971014,6.5375,5.833333333333333,2.375,2.2916666666666665,0.2857142857142857,0.5714285714285714,0.16731229305267334,0.45161290322580644
2024,1,Texas Tech Red Raiders,0.24816917648745906,0.35449777136246363,0.5555555555555556,0.5066666666666667,7.743055555555555,7.84,3.04,3.259259259259259,0.4166666666666667,0.6,0.27887021670384066,0.4074074074074074
2024,1,Toledo Rockets,0.14699018950739953,-0.017188918930065782,0.5273972602739726,0.5063291139240507,6.034246575342466,5.531645569620253,2.7666666666666666,1.4516129032258065,0.5714285714285714,0.45454545454545453,0.14230678438603342,0.2962962962962963
2024,1,Towson Tigers,-0.047589980275698114,0.4387657858671681,0.4084507042253521,0.5806451612903226,6.042253521126761,10.564516129032258,1.5384615384615385,3.1666666666666665,0.0,0.4,-0.07140802085961935,0.13333333333333333
2024,1,Troy Trojans,0.24621404844980974,0.3431496189700233,0.4461538461538462,0.5555555555555556,6.123076923076923,7.351851851851852,2.3636363636363638,2.8,0.4,1.0,0.08563803974539042,0.6
2024,1,Tulane Green Wave,0.041345868964453004,-0.09991353479298679,0.4594594594594595,0.49242424242424243,6.0,6.257575757575758,2.5238095238095237,1.0833333333333333,0.7777777777777778,0.25,0.037504690157812694,0.38095238095238093
2024,1,Tulsa Golden Hurricane,0.522888033322885,0.015969065949320793,0.5352112676056338,0.3541666666666667,8.901408450704226,5.979166666666667,4.583333333333333,1.6153846153846154,0.75,1.0,0.4277069089668138,0.6923076923076923
2024,1,UAB Blazers,0.12111666097360499,-0.2369235029059743,0.5647058823529412,0.3333333333333333,6.411764705882353,2.7936507936507935,2.6153846153846154,0.21428571428571427,0.5714285714285714,0.0,0.10839416568770129,0.3333333333333333
2024,1,UC Davis Aggies,0.022793658077716827,-0.3351357777913411,0.3958333333333333,0.47619047619047616,5.145833333333333,4.9523809523809526,0.875,2.0,0.5,1.0,0.11316710083108199,0.5
2024,1,UCF Knights,0.1577147642771403,-0.496504105340976,0.56,0.23076923076923078,8.533333333333333,3.269230769230769,3.4375,0.17647058823529413,0.5,,0.30192118589995337,0.36363636363636365
2024,1,UCLA Bruins,-0.18423933418173538,-0.23734833811010633,0.3508771929824561,0.34285714285714286,6.017543859649122,3.9714285714285715,1.3333333333333333,1.0833333333333333,0.0,0.3333333333333333,-0.14907229082150894,0.3076923076923077
2024,1,UConn Huskies,-0.027972775353835178,0.09859429734448592,0.4076923076923077,0.475,5.1923076923076925,6.766666666666667,0.9310344827586207,2.3703703703703702,0.4,0.5714285714285714,-0.052057997621211806,0.41935483870967744
2024,1,UNLV Rebels,-0.07950179615746374,-0.22844628813780016,0.3652173913043478,0.3680555555555556,5.6869565217391305,4.479166666666667,1.5185185185185186,0.4482758620689655,0.4,0.3333333333333333,-0.09797293631469502,0.2857142857142857
2024,1,USC Trojans,0.16514610533530896,0.16174565458341555,0.5307692307692308,0.5,6.7384615384615385,6.5588235294117645,2.0,1.25,0.6666666666666666,0.6,0.2543682871020843,0.36363636363636365
2024,1,UT Martin Skyhawks,-0.33399308974092656,0.21261760592460632,0.21818181818181817,0.5357142857142857,2.4363636363636365,8.285714285714286,0.46153846153846156,3.090909090909091,0.0,1.0,-0.49901325530127477,0.35294117647058826
2024,1,UTEP Miners,-0.1522620835651954,0.20168979555727487,0.3333333333333333,0.5060240963855421,5.020833333333333,6.096385542168675,0.5833333333333334,3.4545454545454546,,0.6,-0.10695085540795937,0.3333333333333333
2024,1,UTSA Roadrunners,0.10714580129694055,-0.1976821113909994,0.45185185185185184,0.3383458646616541,6.970370370370371,4.112781954887218,2.962962962962963,1.1481481481481481,0.6666666666666666,0.2,0.19709140778734133,0.2857142857142857
2024,1,Utah State Aggies,0.3115848836398894,-0.07161353890384947,0.532258064516129,0.4142857142857143,10.661290322580646,5.171428571428572,1.5333333333333334,0.875,0.4,,0.38202059211639255,0.3
2024,1,Utah Utes,0.3758578670601691,-0.3514095138834447,0.532258064516129,0.24489795918367346,8.064516129032258,3.6530612244897958,3.769230769230769,0.0,0.8,,0.2925181473078935,0.23076923076923078
2024,1,Vanderbilt Commodores,0.23119245717922846,0.17948072577329507,0.48333333333333334,0.48872180451127817,5.441666666666666,6.593984962406015,2.8181818181818183,2.5714285714285716,0.9,0.5,0.12024247081656204,0.34782608695652173
2024,1,Virginia Cavaliers,0.15677126012151205,-0.025755752871433894,0.4444444444444444,0.4166666666666667,7.761904761904762,4.783333333333333,3.090909090909091,1.1818181818181819,0.4,0.3333333333333333,0.26463734252112253,0.18181818181818182
2024,1,Virginia Tech Hokies,0.00288826460018754,0.248799130320549,0.4642857142857143,0.5,6.267857142857143,6.1171875,1.7619047619047619,2.9,0.2857142857142857,0.6666666666666666,0.04475048575096014,0.34615384615384615
2024,1,Wake Forest Demon Deacons,0.3404693825921016,0.01650820294584053,0.582089552238806,0.5072463768115942,7.208955223880597,5.521739130434782,2.4,1.3,0.6666666666666666,,0.30541950247504496,0.5454545454545454
2024,1,Washington Huskies,0.2467915270088324,-0.04633710028663758,0.5223880597014925,0.3548387096774194,7.373134328358209,5.169354838709677,2.76,1.1481481481481481,1.0,0.75,0.3060883794711015,0.44
2024,1,Washington State Cougars,0.44446892840940444,0.2638764897136823,0.5163934426229508,0.46808510638297873,9.336065573770492,8.198581560283689,3.68,2.6153846153846154,0.5,0.75,0.30955579813490525,0.391304347826087
2024,1,Weber State Wildcats,-0.1835648795562004,0.28706623884764587,0.31343283582089554,0.5454545454545454,4.0,7.5,0.25,3.1818181818181817,0.0,1.0,-0.22238892187242923,0.25
2024,1,West Virginia Mountaineers,0.046820282302004225,0.32178112786749136,0.49645390070921985,0.41739130434782606,5.539007092198582,8.252173913043478,2.0416666666666665,3.3043478260869565,0.6666666666666666,0.875,0.011821351597242267,0.3333333333333333
2024,1,Western Carolina Catamounts,0.010383164296384717,0.2579261510529452,0.4918032786885246,0.5,6.295081967213115,7.263888888888889,1.75,3.4545454545454546,0.6,0.75,0.05801589025391473,0.2857142857142857
2024,1,Western Illinois Leathernecks,0.00410891606889922,0.5463851146076036,0.3620689655172414,0.6956521739130435,4.672413793103448,11.565217391304348,1.3076923076923077,3.5,,0.7142857142857143,-0.028676880442577858,0.16666666666666666
2024,1,Western Kentucky Hilltoppers,-0.3193218522365131,0.2798062086556897,0.2777777777777778,0.49242424242424243,4.380952380952381,7.537878787878788,0.6538461538461539,3.3333333333333335,0.3333333333333333,0.6666666666666666,-0.3707004396075552,0.18181818181818182
2024,1,Western Michigan Broncos,-0.011792640359896535,0.30223139541612254,0.4339622641509434,0.5899280575539568,4.943396226415095,6.748201438848921,1.9473684210526316,2.3181818181818183,0.6666666666666666,0.375,-0.01565505862236023,0.2857142857142857
2024,1,Wisconsin Badgers,0.20123017422946882,0.006460658059670375,0.5925925925925926,0.40384615384615385,4.716049382716049,5.019230769230769,3.111111111111111,2.0,0.5,1.0,0.0846848776564002,0.5625
2024,1,Wyoming Cowboys,-0.4512327295892379,0.20601689983421648,0.2549019607843137,0.4788732394366197,3.4705882352941178,7.352112676056338,0.5384615384615384,2.8181818181818183,1.0,0.4,-0.5530260213323541,0.15384615384615385
2024,2,Air Force Falcons,-0.3668701850450956,-0.08234767904204707,0.3076923076923077,0.3870967741935484,2.9692307692307693,5.112903225806452,0.0,0.9444444444444444,0.5,0.5,-0.2756653224880045,0.1875
2024,2,Akron Zips,0.042381812867365386,0.33843855424360797,0.3684210526315789,0.5757575757575758,5.7368421052631575,7.818181818181818,1.4166666666666667,3.8181818181818183,0.0,1.0,-0.12819647823655328,0.42857142857142855
2024,2,Alabama Crimson Tide,0.05411517709048826,-0.21020173953800667,0.417910447761194,0.3170731707317073,5.597014925373134,4.2926829268292686,2.4705882352941178,0.5294117647058824,0.75,0.25,0.16452244807172706,0.23076923076923078
2024,2,Alcorn State Braves,-0.6851390142266344,0.27345301912111397,0.17073170731707318,0.5490196078431373,2.7804878048780486,6.549019607843137,0.0,3.727272727272727,,0.8,-0.5160843893404929,0.1
2024,2,App State Mountaineers,0.07903242374167722,0.42881879251297206,0.4852941176470588,0.5068493150684932,5.632352941176471,9.73972602739726,1.1764705882352942,4.214285714285714,0.4,0.8,0.0465488572205816,0.25
2024,2,Arizona State Sun Devils,0.14762242943853945,0.11796266778751656,0.5,0.48148148148148145,5.472972972972973,6.203703703703703,3.3333333333333335,2.090909090909091,0.5,0.6666666666666666,0.14195848818410906,0.35714285714285715
2024,2,Arizona Wildcats,-0.057001663026986296,-0.4408039445022367,0.3888888888888889,0.32075471698113206,6.648148148148148,2.641509433962264,1.6666666666666667,0.7692307692307693,0.3333333333333333,,0.18206560814922507,0.0
2024,2,Arkansas Razorbacks,0.07463718646316118,0.08730540958208007,0.4838709677419355,0.44594594594594594,7.752688172043011,5.162162162162162,2.066666666666667,2.1333333333333333,0.5,0.42857142857142855,0.08902778890397814,0.5789473684210527
2024,2,Arkansas State Red Wolves,0.10936735721601956,0.0016269277781248092,0.4057971014492754,0.48333333333333334,5.855072463768116,6.033333333333333,0.5,0.875,1.0,0.6666666666666666,0.04946588851370901,0.4666666666666667
2024,2,Army Black Knights,0.2760931633669755,-0.18686245023100465,0.46551724137931033,0.4444444444444444,8.03448275862069,4.685185185185185,1.7,0.875,0.6666666666666666,0.5,0.19120090811148935,0.45454545454545453
2024,2,Auburn Tigers,-0.2979564642799752,0.034625802782998566,0.42857142857142855,0.463768115942029,5.285714285714286,4.840579710144928,1.0,1.6153846153846154,0.5,0.6666666666666666,-0.4779565542936325,0.4
2024,2,BYU Cougars,-0.25712503989537555,-0.36250542311204803,0.36666666666666664,0.3194444444444444,6.266666666666667,3.8333333333333335,1.125,1.0,0.6666666666666666,0.0,-0.33172590836234717,0.09090909090909091
2024,2,Ball State Cardinals,0.040148080140352246,-0.08733727410435677,0.4125,0.48333333333333334,6.5,5.533333333333333,2.8,1.9285714285714286,0.6666666666666666,1.0,-0.24960376086987948,0.45
2024,2,Baylor Bears,-0.25336872896210094,-0.05855758880314074,0.3442622950819672,0.2982456140350877,3.6557377049180326,5.228070175438597,0.9230769230769231,1.3076923076923077,0.0,0.3333333333333333,-0.17676697635069127,0.25
2024,2,Boise State Broncos,0.0763677650441726,-0.04183721000497991,0.3888888888888889,0.45454545454545453,5.263888888888889,6.618181818181818,2.125,1.8125,0.6,0.5,0.03327194766865836,0.4444444444444444
2024,2,Boston College Eagles,0.4620336509984115,-0.346954247219996,0.5517241379310345,0.23636363636363636,9.431034482758621,3.5090909090909093,4.083333333333333,0.0,0.75,0.0,0.5673356755920078,0.4
2024,2,Bowling Green Falcons,0.05612986385822296,0.29489787481725216,0.46153846153846156,0.4642857142857143,5.8,7.875,2.0,2.8333333333333335,0.6666666666666666,0.5,0.049305806159973146,0.42857142857142855
2024,2,Buffalo Bulls,-0.3991814340966252,0.26619712535927936,0.23076923076923078,0.6219512195121951,3.5384615384615383,6.195121951219512,0.0,3.4545454545454546,,1.0,-0.16928174920581482,0.08333333333333333
2024,2,Cal Poly Mustangs,-0.09185684061780268,0.18468021271658724,0.40816326530612246,0.5081967213114754,4.959183673469388,7.081967213114754,0.6363636363636364,3.7777777777777777,0.0,0.5714285714285714,-0.04289216212928295,0.2222222222222222
2024,2,California Golden Bears,0.034625802782998566,-0.2979564642799752,0.463768115942029,0.42857142857142855,4.840579710144928,5.285714285714286,1.6153846153846154,1.0,0.6666666666666666,0.5,-0.009851112961769104,0.42105263157894735
2024,2,Central Michigan Chippewas,-0.09787833008421473,0.09353519558906555,0.4578313253012048,0.34,5.771084337349397,6.2,1.1428571428571428,3.0,0.5,0.75,-0.11321934080514752,0.4444444444444444
2024,2,Chattanooga Mocs,-0.09753070917783999,0.02334720931119389,0.39215686274509803,0.4861111111111111,6.03921568627451,5.458333333333333,1.6153846153846154,1.8461538461538463,1.0,0.6666666666666666,-0.025795243489436615,0.18181818181818182
2024,2,Cincinnati Bearcats,0.16891752263984164,0.17907923990578362,0.43243243243243246,0.48484848484848486,6.04054054054054,7.03030303030303,2.4545454545454546,2.5454545454545454,0.4,0.5,0.04166444926931147,0.3125
2024,2,Clemson Tigers,0.42881879251297206,0.07903242374167722,0.5068493150684932,0.4852941176470588,9.73972602739726,5.632352941176471,4.214285714285714,1.1764705882352942,0.8,0.4,0.1913889667083477,0.08333333333333333
2024,2,Coastal Carolina Chanticleers,0.06822231587241678,-0.00784987397491932,0.4852941176470588,0.39705882352941174,6.588235294117647,5.132352941176471,2.75,1.6153846153846154,0.6,1.0,0.21680542261436067,0.2
2024,2,Colorado Buffaloes,-0.10060567665295522,-0.024448955059051515,0.39344262295081966,0.35384615384615387,4.508196721311475,5.092307692307692,0.7692307692307693,1.75,0.3333333333333333,0.6,-0.1778099276125431,0.2857142857142857
2024,2,Colorado State Rams,0.0801419395666856,-0.03718776055374893,0.5076923076923077,0.3559322033898305,6.430769230769231,5.0508474576271185,2.8181818181818183,1.3076923076923077,0.75,1.0,0.2258128523826599,0.42857142857142855
2024,2,Duke Blue Devils,-0.07723908277525418,-0.2211357152296437,0.4057971014492754,0.375,4.594202898550725,4.0,1.8571428571428572,0.8947368421052632,0.5,0.4,0.10877044864420621,0.26666666666666666
2024,2,Duquesne Dukes,-0.346954247219996,0.4620336509984115,0.23636363636363636,0.5517241379310345,3.5090909090909093,9.431034482758621,0.0,4.083333333333333,0.0,0.75,-0.1537498667143112,0.09090909090909091
2024,2,East Carolina Pirates,-0.09999723414356788,-0.06823296224077542,0.3707865168539326,0.4166666666666667,5.741573033707865,3.888888888888889,0.875,0.9333333333333333,0.0,1.0,-0.22516458826278574,0.5
2024,2,Eastern Kentucky Colonels,-0.09605528141061465,0.21175483590172184,0.43333333333333335,0.5,5.166666666666667,7.693548387096774,0.0,3.1,0.0,0.5714285714285714,-0.09555935895159132,0.26666666666666666
2024,2,Eastern Michigan Eagles,-0.2876982083544135,0.3620225050087486,0.359375,0.6071428571428571,3.484375,10.607142857142858,0.9,3.0,0.0,0.6666666666666666,-0.2911184912032269,0.21428571428571427
2024,2,Florida A&M Rattlers,-0.2970707512532289,0.36117299922874996,0.28846153846153844,0.6,4.384615384615385,7.8428571428571425,0.75,3.5,0.0,0.625,-0.11588524759579928,0.23076923076923078
2024,2,Florida Atlantic Owls,-0.18686245023100465,0.2760931633669755,0.4444444444444444,0.46551724137931033,4.685185185185185,8.03448275862069,0.875,1.7,0.5,0.6666666666666666,0.018752164766192438,0.3
2024,2,Florida Gators,0.34303654682251716,-0.25021032908788093,0.5806451612903226,0.3076923076923077,10.193548387096774,2.9384615384615387,3.75,0.0,0.5,1.0,0.3983926611642043,0.36363636363636365
2024,2,Florida International Panthers,0.09353519558906555,-0.09787833008421473,0.34,0.4578313253012048,6.2,5.771084337349397,3.0,1.1428571428571428,0.75,0.5,0.10381747390094556,0.09090909090909091
2024,2,Fresno State Bulldogs,0.0873126791088612,-0.07397507826487223,0.42857142857142855,0.36,6.805194805194805,6.28,2.2941176470588234,1.7647058823529411,0.6666666666666666,0.4,0.08961843143580324,0.4117647058823529
2024,2,Gardner-Webb Runnin' Bulldogs,-0.2279386045411229,-0.052056082508020234,0.3125,0.5087719298245614,4.15625,5.175438596491228,0.6,1.3,0.0,0.5,-0.15677683020746985,0.13333333333333333
2024,2,Georgia Bulldogs,0.3990185558795929,-0.33658183981543,0.5833333333333334,0.34782608695652173,8.15,2.152173913043478,3.1538461538461537,0.3,0.6,0.0,0.3518074407261245,0.3333333333333333
2024,2,Georgia Southern Eagles,0.001220072399486195,0.0810866283873717,0.36363636363636365,0.49333333333333335,4.836363636363636,6.573333333333333,2.0,1.5454545454545454,0.0,0.6666666666666666,0.07891357739766439,0.2
2024,2,Georgia State Panthers,0.02334720931119389,-0.09753070917783999,0.4861111111111111,0.39215686274509803,5.458333333333333,6.03921568627451,1.8461538461538463,1.6153846153846154,0.6666666666666666,1.0,0.11945540308952332,0.375
2024,2,Georgia Tech Yellow Jackets,0.24011087090923236,0.2865277604211735,0.47692307692307695,0.4810126582278481,6.046153846153846,6.265822784810126,3.5,3.1,1.0,0.8,0.133496670014396,0.42857142857142855
2024,2,Houston Cougars,-0.0882450788640059,-0.15444731005167556,0.46153846153846156,0.3389830508474576,5.246153846153846,4.288135593220339,1.0,1.1666666666666667,0.0,1.0,-0.11139182104392255,0.3125
2024,2,Idaho Vandals,-0.21297126301264357,-0.2106117054388143,0.3728813559322034,0.30434782608695654,3.847457627118644,3.9130434782608696,1.3076923076923077,1.0833333333333333,1.0,0.5,-0.057114612224490144,0.08333333333333333
2024,2,Illinois Fighting Illini,-0.049207209530523266,-0.007503827174122517,0.3898305084745763,0.49230769230769234,4.966101694915254,5.4,1.7777777777777777,1.5454545454545454,0.3333333333333333,0.6666666666666666,-0.12249796889549078,0.4
2024,2,Indiana Hoosiers,0.6180554532737874,-0.5205002753780439,0.7014925373134329,0.28846153846153844,10.492537313432836,2.8846153846153846,5.384615384615385,0.23076923076923078,0.75,0.0,0.5334390159696341,0.5555555555555556
2024,2,Iowa Hawkeyes,-0.28110107957427183,-0.039316658629104495,0.34328358208955223,0.4375,4.597014925373134,5.71875,1.2666666666666666,1.25,0.3333333333333333,1.0,-0.13999658644199373,0.35294117647058826
2024,2,Iowa State Cyclones,-0.039316658629104495,-0.28110107957427183,0.4375,0.34328358208955223,5.71875,4.597014925373134,1.25,1.2666666666666666,1.0,0.3333333333333333,0.15081081181764602,0.07142857142857142
2024,2,Jacksonville State Gamecocks,-0.021754781156778334,0.4980761655739376,0.31666666666666665,0.6142857142857143,4.833333333333333,8.728571428571428,0.5833333333333334,3.769230769230769,0.6666666666666666,0.8,0.1030067652463913,0.16666666666666666
2024,2,James Madison Dukes,-0.052056082508020234,-0.2279386045411229,0.5087719298245614,0.3125,5.175438596491228,4.15625,1.3,0.6,0.5,0.0,-0.023666790940544823,0.18181818181818182
2024,2,Kansas Jayhawks,-0.007503827174122517,-0.049207209530523266,0.49230769230769234,0.3898305084745763,5.4,4.966101694915254,1.5454545454545454,1.7777777777777777,0.6666666666666666,0.3333333333333333,0.11205376695841551,0.46153846153846156
2024,2,Kansas State Wildcats,0.2798897850242528,0.0775406410296758,0.509090909090909,0.4090909090909091,7.218181818181818,8.818181818181818,2.25,2.25,0.6666666666666666,0.3333333333333333,0.25456874326548795,0.1
2024,2,Kennesaw State Owls,-0.0010787175626170878,0.4969663029270513,0.3469387755102041,0.6071428571428571,4.1020408163265305,8.035714285714286,1.4285714285714286,3.7777777777777777,0.5,0.5714285714285714,-0.19750646523066928,0.3333333333333333
2024,2,Kent State Golden Flashes,-0.24984041624702513,-0.08544140157924182,0.375,0.391304347826087,4.875,6.260869565217392,1.2142857142857142,1.5333333333333334,0.25,0.5,-0.1074172534669439,0.07692307692307693
2024,2,Kentucky Wildcats,-0.4140018377275694,-0.06093331302205721,0.3968253968253968,0.3125,3.507936507936508,5.4375,0.5,1.8461538461538463,0.0,0.5,-0.1705838494161342,0.21428571428571427
2024,2,LSU Tigers,0.35339664453167025,0.06578901615636103,0.576271186440678,0.3448275862068966,6.576271186440678,5.982758620689655,3.8181818181818183,1.9090909090909092,1.0,1.0,0.36593826449647243,0.3333333333333333
2024,2,Liberty Flames,0.13184270216868474,-0.3110161087205333,0.4153846153846154,0.3709677419354839,7.323076923076923,4.903225806451613,1.5,0.5882352941176471,0.0,0.6666666666666666,0.36567868876690957,0.08333333333333333
2024,2,Long Island University Sharks,-0.26063469451453003,0.2266800194533903,0.2857142857142857,0.5074626865671642,3.1964285714285716,7.119402985074627,0.0,3.4615384615384617,0.0,1.0,-0.3044583315127774,0.29411764705882354
2024,2,Louisiana Ragin' Cajuns,0.4969663029270513,-0.0010787175626170878,0.6071428571428571,0.3469387755102041,8.035714285714286,4.1020408163265305,3.7777777777777777,1.4285714285714286,0.5714285714285714,0.5,0.4558522448591564,0.375
2024,2,Louisville Cardinals,0.4980761655739376,-0.021754781156778334,0.6142857142857143,0.31666666666666665,8.728571428571428,4.833333333333333,3.769230769230769,0.5833333333333334,0.8,0.6666666666666666,0.4221726879477501,0.6153846153846154
2024,2,Marshall Thundering Herd,-0.22502551657649186,-0.08950770025451978,0.28846153846153844,0.4,4.846153846153846,4.833333333333333,0.875,1.0,0.6666666666666666,0.6,-0.15684297970599598,0.21428571428571427
2024,2,Maryland Terrapins,0.13706582692953256,0.15332355818656437,0.4,0.47058823529411764,5.384615384615385,7.25,2.0,2.4545454545454546,1.0,0.3333333333333333,-0.12820415819684663,0.6470588235294118
2024,2,Massachusetts Minutemen,-0.10718370931244445,-0.15031498074531555,0.41379310344827586,0.3,4.425287356321839,6.275,1.6428571428571428,2.533333333333333,0.4,0.6666666666666666,-0.0025177831994369626,0.2631578947368421
2024,2,McNeese Cowboys,0.04622978249848899,0.47449111181592185,0.4067796610169492,0.6825396825396826,5.0,8.396825396825397,1.0,5.2,0.5,0.8571428571428571,-0.18007247682128633,0.4
2024,2,Memphis Tigers,0.20926201343536377,-0.010569017252017712,0.5172413793103449,0.4482758620689655,6.206896551724138,4.258620689655173,3.4545454545454546,1.7,0.8,0.6666666666666666,0.17156373500823974,0.5
2024,2,Merrimack Warriors,0.06177142442300402,0.45460264453521143,0.3620689655172414,0.5076923076923077,5.0,9.538461538461538,1.2142857142857142,4.2,0.0,1.0,-0.07529469139196655,0.21428571428571427
2024,2,Miami Hurricanes,0.36117299922874996,-0.2970707512532289,0.6,0.28846153846153844,7.8428571428571425,4.384615384615385,3.5,0.75,0.625,0.0,0.2836876580757754,0.5
2024,2,Michigan State Spartans,0.15332355818656437,0.13706582692953256,0.47058823529411764,0.4,7.25,5.384615384615385,2.4545454545454546,2.0,0.3333333333333333,1.0,0.14189361777495255,0.46153846153846156
2024,2,Michigan Wolverines,-0.13472831552779233,0.22038627328241572,0.4074074074074074,0.4117647058823529,5.333333333333333,5.720588235294118,1.2,2.8181818181818183,0.5,0.75,-0.02993126901296469,0.25
2024,2,Middle Tennessee Blue Raiders,-0.17177332867868245,0.4806279625950588,0.359375,0.6388888888888888,4.5,9.027777777777779,0.3,4.7272727272727275,0.0,0.875,-0.09836920909583569,0.2857142857142857
2024,2,Minnesota Golden Gophers,0.30217509202554194,-0.507369459030174,0.5774647887323944,0.23809523809523808,5.830985915492958,3.9523809523809526,4.555555555555555,0.0,0.8,,0.24756085872650146,0.45454545454545453
2024,2,Mississippi State Bulldogs,0.11796266778751656,0.14762242943853945,0.48148148148148145,0.5,6.203703703703703,5.472972972972973,2.090909090909091,3.3333333333333335,0.6666666666666666,0.5,0.37644872282232555,0.3
2024,2,Missouri State Bears,-0.08733727410435677,0.040148080140352246,0.48333333333333334,0.4125,5.533333333333333,6.5,1.9285714285714286,2.8,1.0,0.6666666666666666,-0.0029225309068957963,0.25
2024,2,Missouri Tigers,0.26619712535927936,-0.3991814340966252,0.6219512195121951,0.23076923076923078,6.195121951219512,3.5384615384615383,3.4545454545454546,0.0,1.0,,0.24862827044544797,0.4666666666666667
2024,2,NC State Wolfpack,-0.6720804411172867,0.04219374038390259,0.34,0.4626865671641791,4.86,8.611940298507463,0.25,3.3846153846153846,0.0,0.5,-0.7651469599869516,0.25
2024,2,Navy Midshipmen,0.12821756682153476,-0.13570811610955458,0.423728813559322,0.38461538461538464,6.9491525423728815,5.138461538461539,2.769230769230769,0.8461538461538461,1.0,0.0,0.25837491181763733,0.38461538461538464
2024,2,Nebraska Cornhuskers,-0.024448955059051515,-0.10060567665295522,0.35384615384615387,0.39344262295081966,5.092307692307692,4.508196721311475,1.75,0.7692307692307693,0.6,0.3333333333333333,0.05905213264318613,0.23076923076923078
2024,2,Nevada Wolf Pack,0.0810866283873717,0.001220072399486195,0.49333333333333335,0.36363636363636365,6.573333333333333,4.836363636363636,1.5454545454545454,2.0,0.6666666666666666,0.0,-0.04924701586631792,0.5882352941176471
2024,2,New Mexico State Aggies,-0.3110161087205333,0.13184270216868474,0.3709677419354839,0.4153846153846154,4.903225806451613,7.323076923076923,0.5882352941176471,1.5,0.6666666666666666,0.0,0.02001515891816881,0.2
2024,2,Nicholls Colonels,0.06578901615636103,0.35339664453167025,0.3448275862068966,0.576271186440678,5.982758620689655,6.576271186440678,1.9090909090909092,3.8181818181818183,1.0,1.0,0.06394887822014945,0.46153846153846156
2024,2,North Dakota State Bison,0.37350046303537154,-0.3606348462262244,0.5555555555555556,0.3018867924528302,6.587301587301587,3.5283018867924527,2.111111111111111,0.21428571428571427,1.0,0.0,0.2611419880876736,0.4166666666666667
2024,2,North Texas Mean Green,0.003483497613185161,-0.43333574611207715,0.40540540540540543,0.2463768115942029,8.54054054054054,3.63768115942029,1.8421052631578947,0.8125,0.6666666666666666,0.0,0.04137389639676627,0.23076923076923078
2024,2,Northern Arizona Lumberjacks,-0.4408039445022367,-0.057001663026986296,0.32075471698113206,0.3888888888888889,2.641509433962264,6.648148148148148,0.7692307692307693,1.6666666666666667,,0.3333333333333333,-0.23398100675606145,0.2
2024,2,Northern Colorado Bears,-0.03718776055374893,0.0801419395666856,0.3559322033898305,0.5076923076923077,5.0508474576271185,6.430769230769231,1.3076923076923077,2.8181818181818183,1.0,0.75,0.059901569016455186,0.3333333333333333
2024,2,Northern Illinois Huskies,0.04012091318145394,-0.029066097540933578,0.421875,0.5409836065573771,6.015625,5.655737704918033,1.2307692307692308,0.875,0.0,1.0,0.20665963771550552,0.375
2024,2,Northwestern Wildcats,-0.2211357152296437,-0.07723908277525418,0.375,0.4057971014492754,4.0,4.594202898550725,0.8947368421052632,1.8571428571428572,0.4,0.5,0.05672365914691578,0.1875
2024,2,Notre Dame Fighting Irish,-0.029066097540933578,0.04012091318145394,0.5409836065573771,0.421875,5.655737704918033,6.015625,0.875,1.2307692307692308,1.0,0.0,-0.02205212116241455,0.36363636363636365
2024,2,Ohio Bobcats,0.09777723951265216,0.12161008004219301,0.515625,0.45161290322580644,6.328125,5.209677419354839,1.3333333333333333,0.7692307692307693,0.6666666666666666,0.6666666666666666,0.06339336597189611,0.42857142857142855
2024,2,Ohio State Buckeyes,0.48542295543240827,-0.33193977177143097,0.6338028169014085,0.22916666666666666,10.52112676056338,2.9375,4.384615384615385,0.0,1.0,,0.42571647465229034,0.2222222222222222
2024,2,Oklahoma Sooners,-0.15444731005167556,-0.0882450788640059,0.3389830508474576,0.46153846153846156,4.288135593220339,5.246153846153846,1.1666666666666667,1.0,1.0,0.0,-0.18635127337082572,0.23076923076923078
2024,2,Oklahoma State Cowboys,0.08730540958208007,0.07463718646316118,0.44594594594594594,0.4838709677419355,5.162162162162162,7.752688172043011,2.1333333333333333,2.066666666666667,0.42857142857142855,0.5,0.1273095297760197,0.25
2024,2,Old Dominion Monarchs,-0.06823296224077542,-0.09999723414356788,0.4166666666666667,0.3707865168539326,3.888888888888889,5.741573033707865,0.9333333333333333,0.875,1.0,0.0,-0.08389899300204383,0.25
2024,2,Ole Miss Rebels,0.4806279625950588,-0.17177332867868245,0.6388888888888888,0.359375,9.027777777777779,4.5,4.7272727272727275,0.3,0.875,0.0,0.3843910543908996,0.5555555555555556
2024,2,Oregon Ducks,-0.04183721000497991,0.0763677650441726,0.45454545454545453,0.3888888888888889,6.618181818181818,5.263888888888889,1.8125,2.125,0.5,0.6,-0.07536005973815918,0.25
2024,2,Oregon State Beavers,0.13013812125503244,-0.30114221178433476,0.4805194805194805,0.3137254901960784,5.584415584415584,4.1568627450980395,1.9090909090909092,0.0,1.0,0.0,0.05171095207333565,0.4444444444444444
2024,2,Penn State Nittany Lions,0.29489787481725216,0.05612986385822296,0.4642857142857143,0.46153846153846156,7.875,5.8,2.8333333333333335,2.0,0.5,0.6666666666666666,0.399406131842862,0.2222222222222222
2024,2,Pittsburgh Panthers,0.17907923990578362,0.16891752263984164,0.48484848484848486,0.43243243243243246,7.03030303030303,6.04054054054054,2.5454545454545454,2.4545454545454546,0.5,0.4,0.15019703572088816,0.2727272727272727
2024,2,Rhode Island Rams,-0.507369459030174,0.30217509202554194,0.23809523809523808,0.5774647887323944,3.9523809523809526,5.830985915492958,0.0,4.555555555555555,,0.8,-0.602235595881939,0.25
2024,2,Rice Owls,0.40684879691370074,-0.3648403215349889,0.5645161290322581,0.21568627450980393,8.564516129032258,2.843137254901961,3.9285714285714284,0.5,0.8,1.0,0.3994149508384558,0.375
2024,2,Rutgers Scarlet Knights,0.33843855424360797,0.042381812867365386,0.5757575757575758,0.3684210526315789,7.818181818181818,5.7368421052631575,3.8181818181818183,1.4166666666666667,1.0,0.0,0.30174278787204195,0.4444444444444444
2024,2,SE Louisiana Lions,-0.25372130862654074,0.04355081543326378,0.3698630136986301,0.39285714285714285,4.575342465753424,6.428571428571429,0.5,1.4,0.5,1.0,-0.16038948016346627,0.3333333333333333
2024,2,SMU Mustangs,-0.36250542311204803,-0.25712503989537555,0.3194444444444444,0.36666666666666664,3.8333333333333335,6.266666666666667,1.0,1.125,0.0,0.6666666666666666,-0.3143426770201096,0.1875
2024,2,Sacramento State Hornets,-0.07397507826487223,0.0873126791088612,0.36,0.42857142857142855,6.28,6.805194805194805,1.7647058823529411,2.2941176470588234,0.4,0.6666666666666666,0.024347305297851562,0.21428571428571427
2024,2,Sam Houston Bearkats,-0.014628447738348269,0.3058299816943504,0.3137254901960784,0.6621621621621622,6.372549019607843,7.486486486486487,1.1666666666666667,3.75,1.0,0.8333333333333334,-0.14577529216424012,0.3333333333333333
2024,2,Samford Bulldogs,-0.25021032908788093,0.34303654682251716,0.3076923076923077,0.5806451612903226,2.9384615384615387,10.193548387096774,0.0,3.75,1.0,0.5,-0.23166724428534508,0.4
2024,2,San Diego State Aztecs,-0.30114221178433476,0.13013812125503244,0.3137254901960784,0.4805194805194805,4.1568627450980395,5.584415584415584,0.0,1.9090909090909092,0.0,1.0,-0.09115764596744587,0.16666666666666666
2024,2,San José State Spartans,-0.08234767904204707,-0.3668701850450956,0.3870967741935484,0.3076923076923077,5.112903225806452,2.9692307692307693,0.9444444444444444,0.0,0.5,0.5,-0.0295106293039119,0.3333333333333333
2024,2,South Alabama Jaguars,0.12161008004219301,0.09777723951265216,0.45161290322580644,0.515625,5.209677419354839,6.328125,0.7692307692307693,1.3333333333333333,0.6666666666666666,0.6666666666666666,0.05323252988898236,0.3333333333333333
2024,2,South Carolina Gamecocks,-0.06093331302205721,-0.4140018377275694,0.3125,0.3968253968253968,5.4375,3.507936507936508,1.8461538461538463,0.5,0.5,0.0,-0.16354226281768397,0.3
2024,2,South Dakota Coyotes,-0.06306864023208618,0.20705213616876042,0.32,0.4852941176470588,4.78,6.102941176470588,1.1818181818181819,2.7,0.0,0.5,0.07191335696440476,0.18181818181818182
2024,2,South Florida Bulls,-0.21020173953800667,0.05411517709048826,0.3170731707317073,0.417910447761194,4.2926829268292686,5.597014925373134,0.5294117647058824,2.4705882352941178,0.25,0.75,-0.018209094001400854,0.16666666666666666
2024,2,Southern Miss Golden Eagles,0.04355081543326378,-0.25372130862654074,0.39285714285714285,0.3698630136986301,6.428571428571429,4.575342465753424,1.4,0.5,1.0,0.5,-0.020561935461085777,0.4
2024,2,Southern Utah Thunderbirds,0.21580288272637588,0.26660847663879395,0.4461538461538462,0.5606060606060606,5.923076923076923,6.409090909090909,1.9090909090909092,0.9090909090909091,0.3333333333333333,0.5,0.1023553866147995,0.4666666666666667
2024,2,St. Francis (PA) Red Flash,-0.08544140157924182,-0.24984041624702513,0.391304347826087,0.375,6.260869565217392,4.875,1.5333333333333334,1.2142857142857142,0.5,0.25,-0.16144130393289602,0.23529411764705882
2024,2,Stanford Cardinal,0.18468021271658724,-0.09185684061780268,0.5081967213114754,0.40816326530612246,7.081967213114754,4.959183673469388,3.7777777777777777,0.6363636363636364,0.5714285714285714,0.0,0.07848405962189038,0.3
2024,2,Stephen F. Austin Lumberjacks,-0.43333574611207715,0.003483497613185161,0.2463768115942029,0.40540540540540543,3.63768115942029,8.54054054054054,0.8125,1.8421052631578947,0.0,0.6666666666666666,-0.27700910296129144,0.11764705882352941
2024,2,Syracuse Orange,0.2865277604211735,0.24011087090923236,0.4810126582278481,0.47692307692307695,6.265822784810126,6.046153846153846,3.1,3.5,0.8,1.0,0.07689027388890585,0.5294117647058824
2024,2,TCU Horned Frogs,0.2266800194533903,-0.26063469451453003,0.5074626865671642,0.2857142857142857,7.119402985074627,3.1964285714285716,3.4615384615384617,0.0,1.0,0.0,0.23167371363551528,0.2727272727272727
2024,2,Temple Owls,-0.13570811610955458,0.12821756682153476,0.38461538461538464,0.423728813559322,5.138461538461539,6.9491525423728815,0.8461538461538461,2.769230769230769,0.0,1.0,-0.268983984881259,0.21428571428571427
2024,2,Tennessee State Tigers,-0.3606348462262244,0.37350046303537154,0.3018867924528302,0.5555555555555556,3.5283018867924527,6.587301587301587,0.21428571428571427,2.111111111111111,0.0,1.0,-0.2702279774806438,0.2857142857142857
2024,2,Tennessee Tech Golden Eagles,-0.33658183981543,0.3990185558795929,0.34782608695652173,0.5833333333333334,2.152173913043478,8.15,0.3,3.1538461538461537,0.0,0.6,-0.4720478861620932,0.25
2024,2,Tennessee Volunteers,0.04219374038390259,-0.6720804411172867,0.4626865671641791,0.34,8.611940298507463,4.86,3.3846153846153846,0.25,0.5,0.0,-0.1827230932047734,0.35714285714285715
2024,2,Texas A&M Aggies,0.47449111181592185,0.04622978249848899,0.6825396825396826,0.4067796610169492,8.396825396825397,5.0,5.2,1.0,0.8571428571428571,0.5,0.5291192284170186,0.625
2024,2,Texas Longhorns,0.22038627328241572,-0.13472831552779233,0.4117647058823529,0.4074074074074074,5.720588235294118,5.333333333333333,2.8181818181818183,1.2,0.75,0.5,0.013924531065500699,0.5
2024,2,Texas Southern Tigers,-0.3648403215349889,0.40684879691370074,0.21568627450980393,0.5645161290322581,2.843137254901961,8.564516129032258,0.5,3.9285714285714284,1.0,0.8,-0.388317496188589,0.2857142857142857
2024,2,Texas Tech Red Raiders,-0.09465133924694623,-0.06301610870286822,0.47058823529411764,0.359375,5.952941176470588,6.4375,1.0,2.642857142857143,0.5,0.6,-0.19296967042762725,0.5263157894736842
2024,2,Toledo Rockets,-0.15031498074531555,-0.10718370931244445,0.3,0.41379310344827586,6.275,4.425287356321839,2.533333333333333,1.6428571428571428,0.6666666666666666,0.4,0.0780314618143542,0.1
2024,2,Troy Trojans,-0.010569017252017712,0.20926201343536377,0.4482758620689655,0.5172413793103449,4.258620689655173,6.206896551724138,1.7,3.4545454545454546,0.6666666666666666,0.8,-0.198878380159537,0.4666666666666667
2024,2,Tulane Green Wave,0.0775406410296758,0.2798897850242528,0.4090909090909091,0.509090909090909,8.818181818181818,7.218181818181818,2.25,2.25,0.3333333333333333,0.6666666666666666,0.018724083316092398,0.3076923076923077
2024,2,Tulsa Golden Hurricane,0.0016269277781248092,0.10936735721601956,0.48333333333333334,0.4057971014492754,6.033333333333333,5.855072463768116,0.875,0.5,0.6666666666666666,1.0,0.028812966606718428,0.38461538461538464
2024,2,UAB Blazers,-0.2690649442947828,-0.06144130902905618,0.4461538461538462,0.3870967741935484,4.630769230769231,4.580645161290323,0.42857142857142855,1.6666666666666667,0.0,0.3333333333333333,-0.31496070116758346,0.46153846153846156
2024,2,UAlbany Great Danes,0.03557340093977647,0.5154033986004916,0.3698630136986301,0.6181818181818182,5.095890410958904,8.872727272727273,1.4,5.444444444444445,0.25,1.0,-0.03677539756664863,0.4375
2024,2,UCF Knights,0.3058299816943504,-0.014628447738348269,0.6621621621621622,0.3137254901960784,7.486486486486487,6.372549019607843,3.75,1.1666666666666667,0.8333333333333334,1.0,0.2508735737558139,0.5384615384615384
2024,2,UConn Huskies,0.45460264453521143,0.06177142442300402,0.5076923076923077,0.3620689655172414,9.538461538461538,5.0,4.2,1.2142857142857142,1.0,0.0,0.4655909333743301,0.36363636363636365
2024,2,UL Monroe Warhawks,-0.06144130902905618,-0.2690649442947828,0.3870967741935484,0.4461538461538462,4.580645161290323,4.630769230769231,1.6666666666666667,0.42857142857142855,0.3333333333333333,0.0,0.0025892536277356353,0.35714285714285715
2024,2,UNLV Rebels,0.5388567000627518,-0.12657043594738532,0.6493506493506493,0.3103448275862069,9.0,5.482758620689655,4.8,0.9333333333333333,0.625,0.5,0.4304307207930833,0.36363636363636365
2024,2,USC Trojans,0.37004632314046226,-0.3220176374912262,0.56,0.42,7.24,4.2,3.4545454545454546,0.0,0.625,0.0,0.33176360465586185,0.5
2024,2,UTEP Miners,0.26660847663879395,0.21580288272637588,0.5606060606060606,0.4461538461538462,6.409090909090909,5.923076923076923,0.9090909090909091,1.9090909090909092,0.5,0.3333333333333333,0.2133701853454113,0.25
2024,2,Utah State Aggies,-0.3220176374912262,0.37004632314046226,0.42,0.56,4.2,7.24,0.0,3.4545454545454546,0.0,0.625,-0.05837336585328386,0.18181818181818182
2024,2,Utah Tech Trailblazers,-0.12657043594738532,0.5388567000627518,0.3103448275862069,0.6493506493506493,5.482758620689655,9.0,0.9333333333333333,4.8,0.5,0.625,-0.1077420691649119,0.08333333333333333
2024,2,Utah Utes,-0.05855758880314074,-0.25336872896210094,0.2982456140350877,0.3442622950819672,5.228070175438597,3.6557377049180326,1.3076923076923077,0.9230769230769231,0.3333333333333333,0.0,0.08591592176394029,0.3076923076923077
2024,2,Vanderbilt Commodores,0.27345301912111397,-0.6851390142266344,0.5490196078431373,0.17073170731707318,6.549019607843137,2.7804878048780486,3.727272727272727,0.0,0.8,,0.2561588687140767,0.6
2024,2,Virginia Cavaliers,0.1047059779720647,0.06409618832978857,0.44285714285714284,0.4457831325301205,6.371428571428571,6.421686746987952,2.3846153846153846,1.5333333333333334,0.6666666666666666,0.6,0.22296426276553352,0.21428571428571427
2024,2,Virginia Tech Hokies,-0.08950770025451978,-0.22502551657649186,0.4,0.28846153846153844,4.833333333333333,4.846153846153846,1.0,0.875,0.6,0.6666666666666666,0.02909009291066064,0.3076923076923077
2024,2,Wake Forest Demon Deacons,0.06409618832978857,0.1047059779720647,0.4457831325301205,0.44285714285714284,6.421686746987952,6.371428571428571,1.5333333333333334,2.3846153846153846,0.6,0.6666666666666666,0.1302601182833314,0.3333333333333333
2024,2,Washington Huskies,0.3620225050087486,-0.2876982083544135,0.6071428571428571,0.359375,10.607142857142858,3.484375,3.0,0.9,0.6666666666666666,0.0,0.41993082185154373,0.4444444444444444
2024,2,Washington State Cougars,-0.06301610870286822,-0.09465133924694623,0.359375,0.47058823529411764,6.4375,5.952941176470588,2.642857142857143,1.0,0.6,0.5,0.07448829680073019,0.23076923076923078
2024,2,West Virginia Mountaineers,0.5154033986004916,0.03557340093977647,0.6181818181818182,0.3698630136986301,8.872727272727273,5.095890410958904,5.444444444444445,1.4,1.0,0.25,0.46476089193465864,0.2
2024,2,Western Illinois Leathernecks,-0.5205002753780439,0.6180554532737874,0.28846153846153844,0.7014925373134329,2.8846153846153846,10.492537313432836,0.23076923076923078,5.384615384615385,0.0,0.75,-0.5437515103503278,0.21428571428571427
2024,2,Western Kentucky Hilltoppers,0.21175483590172184,-0.09605528141061465,0.5,0.43333333333333335,7.693548387096774,5.166666666666667,3.1,0.0,0.5714285714285714,0.0,0.1729711836576462,0.5
2024,2,Western Michigan Broncos,-0.33193977177143097,0.48542295543240827,0.22916666666666666,0.6338028169014085,2.9375,10.52112676056338,0.0,4.384615384615385,,1.0,-0.24498832406419696,0.2
2024,2,William & Mary Tribe,-0.00784987397491932,0.06822231587241678,0.39705882352941174,0.4852941176470588,5.132352941176471,6.588235294117647,1.6153846153846154,2.75,1.0,0.6,-0.04637352243065834,0.3125
2024,2,Wisconsin Badgers,0.20705213616876042,-0.06306864023208618,0.4852941176470588,0.32,6.102941176470588,4.78,2.7,1.1818181818181819,0.5,0.0,0.1536466490547612,0.42857142857142855
2024,2,Wyoming Cowboys,-0.2106117054388143,-0.21297126301264357,0.30434782608695654,0.3728813559322034,3.9130434782608696,3.847457627118644,1.0833333333333333,1.3076923076923077,0.5,1.0,-0.18103630533989737,0.3125
2024,3,Air Force Falcons,-0.297066465835087,0.03516268730163574,0.328125,0.5573770491803278,3.984375,7.278688524590164,0.25,2.5833333333333335,0.0,0.5,-0.371689566665075,0.35294117647058826
2024,3,Akron Zips,0.030643689167963995,-0.2545031290205698,0.42857142857142855,0.31746031746031744,5.402597402597403,3.9206349206349205,2.3846153846153846,1.4285714285714286,0.5,1.0,-0.0746346284945806,0.3125
2024,3,Alabama Crimson Tide,0.3169395641556808,-0.1652156002043436,0.5,0.4305555555555556,7.267857142857143,4.027777777777778,3.230769230769231,0.5384615384615384,1.0,1.0,0.28456216411931173,0.35714285714285715
2024,3,App State Mountaineers,0.07400651662438004,-0.12744628413227096,0.38271604938271603,0.43103448275862066,6.9753086419753085,5.948275862068965,1.6153846153846154,1.0833333333333333,0.25,0.0,-0.01888584423421034,0.42857142857142855
2024,3,Arizona Wildcats,-0.08309717377026876,0.15410838312790043,0.48333333333333334,0.45901639344262296,5.8,6.344262295081967,0.7777777777777778,2.6666666666666665,1.0,0.6,0.06503779943599257,0.38461538461538464
2024,3,Arkansas Razorbacks,0.23233942359180773,0.10032516311515462,0.5254237288135594,0.4090909090909091,7.47457627118644,5.515151515151516,2.6153846153846154,2.25,0.6666666666666666,0.3333333333333333,0.049968435409221246,0.45454545454545453
2024,3,Arkansas State Red Wolves,-0.008410550114037334,0.11981959518839101,0.391304347826087,0.5901639344262295,4.27536231884058,7.852459016393443,1.5,2.3333333333333335,0.0,1.0,-0.09601908028125763,0.3684210526315789
2024,3,Auburn Tigers,0.3678615007083863,0.10818592919146314,0.59375,0.47058823529411764,7.84375,6.794117647058823,4.090909090909091,1.0909090909090908,0.6666666666666666,0.4,0.46803069583795687,0.3333333333333333
2024,3,BYU Cougars,0.22467794302684158,-0.15189721092345224,0.47761194029850745,0.30158730158730157,6.835820895522388,3.4285714285714284,2.6153846153846154,1.1666666666666667,0.75,1.0,0.24305402051727726,0.18181818181818182
2024,3,Ball State Cardinals,-0.5014099662120526,0.6343297185241312,0.25,0.5797101449275363,2.269230769230769,10.782608695652174,0.0,2.95,,0.4,-0.3437143014027522,0.08333333333333333
2024,3,Baylor Bears,0.03516268730163574,-0.297066465835087,0.5573770491803278,0.328125,7.278688524590164,3.984375,2.5833333333333335,0.25,0.5,0.0,0.15902845621109007,0.3333333333333333
2024,3,Bethune-Cookman Wildcats,-0.10433641515794348,0.6141144715506455,0.3770491803278688,0.6551724137931034,4.016393442622951,11.431034482758621,2.3846153846153846,4.214285714285714,1.0,0.75,-0.016627749671106754,0.14285714285714285
2024,3,Boston College Eagles,0.09788717108744162,0.19324441594736916,0.37037037037037035,0.42857142857142855,6.203703703703703,6.314285714285714,2.3333333333333335,3.090909090909091,1.0,0.4,-0.13353095725178718,0.4166666666666667
2024,3,Buffalo Bulls,0.001730033258597056,-0.23941878885475557,0.3333333333333333,0.31343283582089554,5.35,4.447761194029851,1.6666666666666667,0.23076923076923078,0.5,0.0,-0.18664665655656296,0.4666666666666667
2024,3,Central Michigan Chippewas,-0.08096467520369859,0.1669035117174017,0.4426229508196721,0.46551724137931033,5.098360655737705,6.879310344827586,0.9,3.0,0.0,0.75,-0.008717249682609072,0.38461538461538464
2024,3,Charlotte 49ers,-0.12864922944988524,-0.0037338514671181188,0.42857142857142855,0.36363636363636365,7.160714285714286,5.833333333333333,1.9285714285714286,1.4615384615384615,0.3333333333333333,0.3333333333333333,0.21780378168279474,0.2
2024,3,Cincinnati Bearcats,-0.03603732597195741,-0.15556027765075367,0.4696969696969697,0.4666666666666667,5.075757575757576,6.15,1.3,0.75,0.3333333333333333,0.3333333333333333,-0.07151061668992043,0.4666666666666667
2024,3,Coastal Carolina Chanticleers,0.09311409341910529,-0.06640463493397979,0.4603174603174603,0.4098360655737705,4.555555555555555,5.721311475409836,2.1,2.0,1.0,0.6666666666666666,0.10974677636915324,0.5384615384615384
2024,3,Colgate Raiders,-0.2545031290205698,0.030643689167963995,0.31746031746031744,0.42857142857142855,3.9206349206349205,5.402597402597403,1.4285714285714286,2.3846153846153846,1.0,0.5,-0.22988464003023895,0.21428571428571427
2024,3,Colorado Buffaloes,0.0495272134289597,-0.17374667436329286,0.45454545454545453,0.3880597014925373,6.045454545454546,4.835820895522388,2.1538461538461537,0.75,0.6666666666666666,0.25,0.06665297901188885,0.45454545454545453
2024,3,Colorado State Rams,-0.17374667436329286,0.0495272134289597,0.3880597014925373,0.45454545454545453,4.835820895522388,6.045454545454546,0.75,2.1538461538461537,0.25,0.6666666666666666,-0.49692622882624465,0.21428571428571427
2024,3,Delaware Blue Hens,0.10766987599335708,-0.33398062953582175,0.4675324675324675,0.4153846153846154,7.7272727272727275,3.9076923076923076,3.5,0.5,1.0,0.0,0.020528204128390452,0.23076923076923078
2024,3,Duke Blue Devils,-0.11105285527614447,-0.05650995189652724,0.4358974358974359,0.39705882352941174,6.17948717948718,4.838235294117647,1.625,1.0,0.5,0.6666666666666666,-0.07007812038064003,0.29411764705882354
2024,3,East Carolina Pirates,-0.12744628413227096,0.07400651662438004,0.43103448275862066,0.38271604938271603,5.948275862068965,6.9753086419753085,1.0833333333333333,1.6153846153846154,0.0,0.25,-0.06809898821843995,0.38461538461538464
2024,3,East Tennessee State Buccaneers,0.3591546947663685,0.2713995301409772,0.5094339622641509,0.5394736842105263,7.132075471698113,6.078947368421052,3.5,3.4545454545454546,1.0,0.8333333333333334,0.2796544315559523,0.4444444444444444
2024,3,Eastern Illinois Panthers,-0.014699487050749221,0.2528090582174413,0.39622641509433965,0.5294117647058824,4.188679245283019,6.397058823529412,0.6363636363636364,2.8,0.3333333333333333,1.0,0.03051531333476305,0.18181818181818182
2024,3,Eastern Michigan Eagles,0.15135543710655636,0.12449129751095404,0.5222222222222223,0.49230769230769234,5.044444444444444,6.2153846153846155,2.3125,2.066666666666667,0.25,0.25,0.15313156518866033,0.5263157894736842
2024,3,Florida Atlantic Owls,0.16456292491210134,-0.22787916862358482,0.40789473684210525,0.4576271186440678,5.565789473684211,6.3559322033898304,2.533333333333333,1.3333333333333333,0.5714285714285714,0.3333333333333333,-0.00029598830039041085,0.2
2024,3,Florida Gators,0.058604277946330885,0.30977134049778254,0.5185185185185185,0.4647887323943662,6.87037037037037,7.070422535211268,2.0,2.111111111111111,1.0,0.0,0.16897984957972237,0.1111111111111111
2024,3,Florida International Panthers,-0.22787916862358482,0.16456292491210134,0.4576271186440678,0.40789473684210525,6.3559322033898304,5.565789473684211,1.3333333333333333,2.533333333333333,0.3333333333333333,0.5714285714285714,-0.24955999612808227,0.2857142857142857
2024,3,Florida State Seminoles,-0.10901945693926378,0.03242224992977248,0.4,0.4444444444444444,4.327272727272727,4.722222222222222,1.2,1.8181818181818181,0.5,0.5,-0.16535692550241948,0.16666666666666666
2024,3,Fresno State Bulldogs,0.12116096386542687,-0.46647870744247055,0.46153846153846156,0.2542372881355932,7.015384615384615,2.6440677966101696,3.0,0.0,0.8333333333333334,,0.3043498442723201,0.16666666666666666
2024,3,Gardner-Webb Runnin' Bulldogs,-0.0037338514671181188,-0.12864922944988524,0.36363636363636365,0.42857142857142855,5.833333333333333,7.160714285714286,1.4615384615384615,1.9285714285714286,0.3333333333333333,0.3333333333333333,-0.14829136492038258,0.2857142857142857
2024,3,Georgia Bulldogs,-0.029246214988096705,-0.10207708190156989,0.41509433962264153,0.4794520547945205,4.7924528301886795,3.8904109589041096,1.3,0.9,0.3333333333333333,0.0,-0.024143732339143752,0.3076923076923077
2024,3,Georgia Southern Eagles,0.20118107619108977,-0.03088814970375835,0.5185185185185185,0.36231884057971014,6.518518518518518,5.478260869565218,2.9166666666666665,1.2727272727272727,0.8333333333333334,0.6666666666666666,0.19787141409787265,0.4444444444444444
2024,3,Georgia State Panthers,0.08799346566200256,0.142135983476272,0.4,0.49230769230769234,5.56,5.938461538461539,3.1666666666666665,2.4615384615384617,0.6666666666666666,0.8,-0.09459016754709441,0.4375
2024,3,Georgia Tech Yellow Jackets,0.3943338608369231,-0.44507354001204175,0.609375,0.2222222222222222,8.1875,2.533333333333333,3.933333333333333,0.5,0.8333333333333334,1.0,0.4643303242596713,0.375
2024,3,Hawai'i Rainbow Warriors,-0.04817190363270338,0.09263614521307104,0.39344262295081966,0.45588235294117646,4.737704918032787,6.5,1.1818181818181819,2.8181818181818183,0.3333333333333333,0.6,-0.20780127079680907,0.14285714285714285
2024,3,Houston Cougars,0.08244793645797237,-0.35641867786645887,0.3387096774193548,0.3,6.193548387096774,3.2,1.4615384615384615,0.5384615384615384,0.3333333333333333,1.0,0.03881804232901715,0.46153846153846156
2024,3,Illinois Fighting Illini,0.1669035117174017,-0.08096467520369859,0.46551724137931033,0.4426229508196721,6.879310344827586,5.098360655737705,3.0,0.9,0.75,0.0,0.19733644762764807,0.36363636363636365
2024,3,Indiana Hoosiers,0.36128808973265475,-0.1815528787520467,0.5573770491803278,0.46938775510204084,6.950819672131147,5.122448979591836,3.888888888888889,1.3,1.0,0.3333333333333333,0.1341791246086359,0.5833333333333334
2024,3,Iowa Hawkeyes,0.1995952646521961,-0.12940686560691672,0.5294117647058824,0.3617021276595745,6.75,5.9787234042553195,2.5833333333333335,1.1666666666666667,0.6666666666666666,,0.2005930300112124,0.38461538461538464
2024,3,Jacksonville State Gamecocks,0.12449129751095404,0.15135543710655636,0.49230769230769234,0.5222222222222223,6.2153846153846155,5.044444444444444,2.066666666666667,2.3125,0.25,0.25,0.3149765005707741,0.25
2024,3,Kansas Jayhawks,0.0023800965215339037,-0.01802717504047212,0.45901639344262296,0.38095238095238093,6.19672131147541,4.428571428571429,2.0,2.090909090909091,0.3333333333333333,0.2,0.01243941327358814,0.3333333333333333
2024,3,Kansas State Wildcats,0.15410838312790043,-0.08309717377026876,0.45901639344262296,0.48333333333333334,6.344262295081967,5.8,2.6666666666666665,0.7777777777777778,0.6,1.0,0.05376247839724764,0.5384615384615384
2024,3,Kennesaw State Owls,-0.34404459547611976,0.1065648579206623,0.24193548387096775,0.47540983606557374,2.9193548387096775,6.918032786885246,0.7692307692307693,2.75,0.5,0.5,-0.518904773252351,0.42105263157894735
2024,3,Kent State Golden Flashes,-0.2904312652018335,0.5739085229113698,0.28888888888888886,0.6125,4.644444444444445,9.3,0.0,5.75,,0.625,-0.1616762072286185,0.18181818181818182
2024,3,Kentucky Wildcats,-0.10207708190156989,-0.029246214988096705,0.4794520547945205,0.41509433962264153,3.8904109589041096,4.7924528301886795,0.9,1.3,0.0,0.3333333333333333,-0.1862705050591837,0.5625
2024,3,LSU Tigers,0.08239506247142951,0.05557284711814318,0.4444444444444444,0.4262295081967213,6.416666666666667,7.032786885245901,2.5714285714285716,1.9285714285714286,0.5,0.6666666666666666,0.17421478320632064,0.21428571428571427
2024,3,Liberty Flames,0.06926624476909637,-0.23583753488651693,0.5,0.3835616438356164,6.816666666666666,5.219178082191781,1.4,0.7142857142857143,0.8,0.0,0.11771608019868533,0.4166666666666667
2024,3,Lindenwood Lions,-0.016133069545030593,0.21691820533438164,0.5,0.5909090909090909,6.68,7.409090909090909,1.4,2.5454545454545454,1.0,0.75,-0.09744980339056407,0.2727272727272727
2024,3,Louisiana Tech Bulldogs,-0.18337345773523503,0.1371804856337034,0.32727272727272727,0.4307692307692308,6.963636363636364,5.8,1.8181818181818181,2.090909090909091,0.5,0.5,0.0019080513402035361,0.4375
2024,3,Maryland Terrapins,0.11747215879269135,-0.22692238750742444,0.48717948717948717,0.417910447761194,5.153846153846154,6.746268656716418,1.8,0.9285714285714286,0.5,0.25,0.12745665667349831,0.3684210526315789
2024,3,Massachusetts Minutemen,-0.23941878885475557,0.001730033258597056,0.31343283582089554,0.3333333333333333,4.447761194029851,5.35,0.23076923076923078,1.6666666666666667,0.0,0.5,-0.09587919236497676,0.2222222222222222
2024,3,Memphis Tigers,0.03242224992977248,-0.10901945693926378,0.4444444444444444,0.4,4.722222222222222,4.327272727272727,1.8181818181818181,1.2,0.5,0.5,-0.03245462076022075,0.29411764705882354
2024,3,Miami (OH) RedHawks,-0.15556027765075367,-0.03603732597195741,0.4666666666666667,0.4696969696969697,6.15,5.075757575757576,0.75,1.3,0.3333333333333333,0.3333333333333333,0.047854330552660904,0.3333333333333333
2024,3,Miami Hurricanes,0.6343297185241312,-0.5014099662120526,0.5797101449275363,0.25,10.782608695652174,2.269230769230769,2.95,0.0,0.4,,0.6265138225597248,0.6363636363636364
2024,3,Michigan State Spartans,0.36408855680559504,-0.35775852896446403,0.5573770491803278,0.3023255813953488,7.573770491803279,5.790697674418604,2.8333333333333335,0.0,0.6,0.0,0.10730799674987793,0.5454545454545454
2024,3,Michigan Wolverines,0.11981959518839101,-0.008410550114037334,0.5901639344262295,0.391304347826087,7.852459016393443,4.27536231884058,2.3333333333333335,1.5,1.0,0.0,-0.08147851849088864,0.75
2024,3,Middle Tennessee Blue Raiders,0.38005531031005785,0.4996812814387722,0.5283018867924528,0.6231884057971014,9.641509433962264,8.971014492753623,2.3333333333333335,5.444444444444445,0.3333333333333333,0.8333333333333334,0.5622832104563713,0.5
2024,3,Minnesota Golden Gophers,0.11795198225549289,-0.38512274966228244,0.5178571428571429,0.3137254901960784,7.178571428571429,3.6862745098039214,1.5,0.0,0.2857142857142857,0.0,0.19684245572848755,0.36363636363636365
2024,3,Mississippi State Bulldogs,0.14016385536927442,0.217936751846638,0.4307692307692308,0.5277777777777778,5.584615384615384,6.222222222222222,1.5454545454545454,4.1,0.5,0.7142857142857143,0.05970417810421364,0.4166666666666667
2024,3,Missouri State Bears,0.21691820533438164,-0.016133069545030593,0.5909090909090909,0.5,7.409090909090909,6.68,2.5454545454545454,1.4,0.75,1.0,0.2625791534781456,0.5
2024,3,Missouri Tigers,0.19324441594736916,0.09788717108744162,0.42857142857142855,0.37037037037037035,6.314285714285714,6.203703703703703,3.090909090909091,2.3333333333333335,0.4,1.0,-0.013537037968635559,0.47368421052631576
2024,3,Morgan State Bears,-0.3009269926391664,-0.08667461096115832,0.26229508196721313,0.4716981132075472,3.4262295081967213,6.320754716981132,0.2,1.1666666666666667,0.0,1.0,-0.11168947751107423,0.15384615384615385
2024,3,NC State Wolfpack,0.1371804856337034,-0.18337345773523503,0.4307692307692308,0.32727272727272727,5.8,6.963636363636364,2.090909090909091,1.8181818181818181,0.5,0.5,0.06599055746426949,0.5384615384615384
2024,3,Nebraska Cornhuskers,0.34113905424217006,-0.07610959822640699,0.5849056603773585,0.36764705882352944,8.69811320754717,4.779411764705882,3.0,0.3333333333333333,0.5,0.0,0.37546824978457555,0.42857142857142855
2024,3,Nevada Wolf Pack,-0.38512274966228244,0.11795198225549289,0.3137254901960784,0.5178571428571429,3.6862745098039214,7.178571428571429,0.0,1.5,0.0,0.2857142857142857,-0.32297542184177375,0.4
2024,3,New Mexico Lobos,0.10818592919146314,0.3678615007083863,0.47058823529411764,0.59375,6.794117647058823,7.84375,1.0909090909090908,4.090909090909091,0.4,0.6666666666666666,0.12936877079729764,0.3076923076923077
2024,3,New Mexico State Aggies,-0.46647870744247055,0.12116096386542687,0.2542372881355932,0.46153846153846156,2.6440677966101696,7.015384615384615,0.0,3.0,,0.8333333333333334,-0.4480254480038725,0.2
2024,3,Nicholls Colonels,-0.40048811970085935,-0.005505421431735158,0.29310344827586204,0.453125,3.206896551724138,7.078125,0.0,2.4285714285714284,0.0,0.5,-0.1944809097510118,0.25
2024,3,North Carolina A&T Aggies,-0.33398062953582175,0.10766987599335708,0.4153846153846154,0.4675324675324675,3.9076923076923076,7.7272727272727275,0.5,3.5,0.0,1.0,-0.48115073641141254,0.5
2024,3,North Carolina Central Eagles,-0.3003842941785263,0.24429036847182684,0.23728813559322035,0.5571428571428572,2.9152542372881354,7.442857142857143,0.8333333333333334,3.4615384615384617,0.5,0.8333333333333334,-0.28126807057339215,0.23076923076923078
2024,3,North Carolina Tar Heels,0.24429036847182684,-0.3003842941785263,0.5571428571428572,0.23728813559322035,7.442857142857143,2.9152542372881354,3.4615384615384617,0.8333333333333334,0.8333333333333334,0.5,0.18864011391997337,0.4166666666666667
2024,3,North Dakota State Bison,0.2713995301409772,0.3591546947663685,0.5394736842105263,0.5094339622641509,6.078947368421052,7.132075471698113,3.4545454545454546,3.5,0.8333333333333334,1.0,0.14325208280046106,0.35714285714285715
2024,3,North Texas Mean Green,-0.16971125252663144,0.35151924256767547,0.3333333333333333,0.4857142857142857,6.063492063492063,8.857142857142858,1.3125,3.7333333333333334,0.5,0.8333333333333334,-0.3570635402980058,0.2857142857142857
2024,3,Northern Iowa Panthers,-0.07610959822640699,0.34113905424217006,0.36764705882352944,0.5849056603773585,4.779411764705882,8.69811320754717,0.3333333333333333,3.0,0.0,0.5,-0.19897734435896078,0.375
2024,3,Northwestern State Demons,-0.4347567730225049,0.8034598302780366,0.2692307692307692,0.673469387755102,5.3076923076923075,13.306122448979592,0.5,5.214285714285714,0.0,0.8,-0.23174588146962619,0.21428571428571427
2024,3,Northwestern Wildcats,0.2528090582174413,-0.014699487050749221,0.5294117647058824,0.39622641509433965,6.397058823529412,4.188679245283019,2.8,0.6363636363636364,1.0,0.3333333333333333,0.35050673593174325,0.36363636363636365
2024,3,Notre Dame Fighting Irish,0.3957675116649572,-0.48974477374279984,0.4927536231884058,0.22448979591836735,8.405797101449275,4.081632653061225,3.6875,0.4375,1.0,1.0,0.31523176975417555,0.5833333333333334
2024,3,Ohio Bobcats,-0.08667461096115832,-0.3009269926391664,0.4716981132075472,0.26229508196721313,6.320754716981132,3.4262295081967213,1.1666666666666667,0.2,1.0,0.0,-0.196312315762043,0.4444444444444444
2024,3,Oklahoma Sooners,-0.017848672899040015,-0.12162390877218808,0.43243243243243246,0.3382352941176471,5.1891891891891895,4.352941176470588,2.4285714285714284,1.0833333333333333,0.6,1.0,-0.11188656811056466,0.4375
2024,3,Oklahoma State Cowboys,0.3644013033337789,-0.15001413312511166,0.5068493150684932,0.3188405797101449,7.958904109589041,5.579710144927536,3.2142857142857144,0.8333333333333334,1.0,0.3333333333333333,0.2721287166433675,0.5
2024,3,Old Dominion Monarchs,-0.29706423422869516,0.051720969475709,0.29411764705882354,0.4025974025974026,4.549019607843137,6.441558441558442,0.7692307692307693,2.642857142857143,0.5,0.4,-0.22523089851203718,0.07692307692307693
2024,3,Ole Miss Rebels,0.35902792563686126,-0.25527225638905615,0.5714285714285714,0.3424657534246575,8.493506493506494,4.191780821917808,3.3333333333333335,0.5,0.25,0.0,0.3482578211661541,0.3333333333333333
2024,3,Oregon Ducks,0.6168205158276991,0.01264242229588104,0.5818181818181818,0.3787878787878788,9.981818181818182,4.409090909090909,4.9,1.5555555555555556,0.75,1.0,0.5098582804203033,0.5
2024,3,Oregon State Beavers,0.01264242229588104,0.6168205158276991,0.3787878787878788,0.5818181818181818,4.409090909090909,9.981818181818182,1.5555555555555556,4.9,1.0,0.75,-7.221490765611331e-05,0.4666666666666667
2024,3,Pittsburgh Panthers,0.2146795120155602,0.18401216646035512,0.45614035087719296,0.4266666666666667,6.87719298245614,5.346666666666667,2.5833333333333335,2.6153846153846154,0.8,0.75,0.44160949332373484,0.14285714285714285
2024,3,Prairie View A&M Panthers,-0.35775852896446403,0.36408855680559504,0.3023255813953488,0.5573770491803278,5.790697674418604,7.573770491803279,0.0,2.8333333333333335,0.0,0.6,-0.592590032145381,0.36363636363636365
2024,3,Purdue Boilermakers,-0.48974477374279984,0.3957675116649572,0.22448979591836735,0.4927536231884058,4.081632653061225,8.405797101449275,0.4375,3.6875,1.0,1.0,-0.4622233490873542,0.08333333333333333
2024,3,Rice Owls,-0.35641867786645887,0.08244793645797237,0.3,0.3387096774193548,3.2,6.193548387096774,0.5384615384615384,1.4615384615384615,1.0,0.3333333333333333,-0.32760976296332145,0.15384615384615385
2024,3,Sacramento State Hornets,-0.005505421431735158,-0.40048811970085935,0.453125,0.29310344827586204,7.078125,3.206896551724138,2.4285714285714284,0.0,0.5,0.0,-0.030810921788215637,0.23076923076923078
2024,3,Sam Houston Bearkats,0.09263614521307104,-0.04817190363270338,0.45588235294117646,0.39344262295081966,6.5,4.737704918032787,2.8181818181818183,1.1818181818181819,0.6,0.3333333333333333,0.050184900944049544,0.42857142857142855
2024,3,San José State Spartans,0.1065648579206623,-0.34404459547611976,0.47540983606557374,0.24193548387096775,6.918032786885246,2.9193548387096775,2.75,0.7692307692307693,0.5,0.5,0.12216566956561545,0.38461538461538464
2024,3,South Alabama Jaguars,0.8034598302780366,-0.4347567730225049,0.673469387755102,0.2692307692307692,13.306122448979592,5.3076923076923075,5.214285714285714,0.5,0.8,0.0,0.6797119499268857,0.2
2024,3,South Carolina Gamecocks,0.05557284711814318,0.08239506247142951,0.4262295081967213,0.4444444444444444,7.032786885245901,6.416666666666667,1.9285714285714286,2.5714285714285716,0.6666666666666666,0.5,0.2782967205469807,0.16666666666666666
2024,3,South Carolina State Bulldogs,-0.03088814970375835,0.20118107619108977,0.36231884057971014,0.5185185185185185,5.478260869565218,6.518518518518518,1.2727272727272727,2.9166666666666665,0.6666666666666666,0.8333333333333334,-0.18795834569370046,0.375
2024,3,South Florida Bulls,0.25783532027956807,0.012623676022545237,0.5443037974683544,0.4098360655737705,7.151898734177215,7.983606557377049,2.7222222222222223,0.6666666666666666,1.0,0.4,0.12586349639736238,0.5333333333333333
2024,3,Southern Miss Golden Eagles,0.012623676022545237,0.25783532027956807,0.4098360655737705,0.5443037974683544,7.983606557377049,7.151898734177215,0.6666666666666666,2.7222222222222223,0.4,1.0,0.2019985294342041,0.1
2024,3,TCU Horned Frogs,0.2578593170642853,0.42859003208577634,0.5066666666666667,0.5625,6.8,5.975,2.75,2.125,0.375,0.5,0.10228650196123931,0.625
2024,3,Temple Owls,-0.06640463493397979,0.09311409341910529,0.4098360655737705,0.4603174603174603,5.721311475409836,4.555555555555555,2.0,2.1,0.6666666666666666,1.0,-0.22987311264110166,0.4
2024,3,Tennessee Volunteers,0.5739085229113698,-0.2904312652018335,0.6125,0.28888888888888886,9.3,4.644444444444445,5.75,0.0,0.625,,0.42449455207488573,0.4
2024,3,Texas A&M Aggies,0.30977134049778254,0.058604277946330885,0.4647887323943662,0.5185185185185185,7.070422535211268,6.87037037037037,2.111111111111111,2.0,0.0,1.0,0.26865961828402113,0.38461538461538464
2024,3,Texas Longhorns,0.24210354018567212,-0.36613925341246784,0.47761194029850745,0.34782608695652173,9.328358208955224,4.202898550724638,3.0,0.4375,0.8,0.0,0.29421764612197876,0.2
2024,3,Texas Tech Red Raiders,0.35151924256767547,-0.16971125252663144,0.4857142857142857,0.3333333333333333,8.857142857142858,6.063492063492063,3.7333333333333334,1.3125,0.8333333333333334,0.5,0.21145071333104914,0.2857142857142857
2024,3,Toledo Rockets,0.217936751846638,0.14016385536927442,0.5277777777777778,0.4307692307692308,6.222222222222222,5.584615384615384,4.1,1.5454545454545454,0.7142857142857143,0.5,0.16191062291986064,0.5384615384615384
2024,3,Troy Trojans,-0.12940686560691672,0.1995952646521961,0.3617021276595745,0.5294117647058824,5.9787234042553195,6.75,1.1666666666666667,2.5833333333333335,,0.6666666666666666,0.02401071275983538,0.3333333333333333
2024,3,Tulane Green Wave,-0.12162390877218808,-0.017848672899040015,0.3382352941176471,0.43243243243243246,4.352941176470588,5.1891891891891895,1.0833333333333333,2.4285714285714284,1.0,0.6,-0.1371580356359482,0.3333333333333333
2024,3,Tulsa Golden Hurricane,-0.15001413312511166,0.3644013033337789,0.3188405797101449,0.5068493150684932,5.579710144927536,7.958904109589041,0.8333333333333334,3.2142857142857144,0.3333333333333333,1.0,-0.10866343259811401,0.3125
2024,3,UAB Blazers,0.10032516311515462,0.23233942359180773,0.4090909090909091,0.5254237288135594,5.515151515151516,7.47457627118644,2.25,2.6153846153846154,0.3333333333333333,0.6666666666666666,0.006889738142490387,0.26666666666666666
2024,3,UCF Knights,0.42859003208577634,0.2578593170642853,0.5625,0.5066666666666667,5.975,6.8,2.125,2.75,0.5,0.375,0.2790892422199249,0.5882352941176471
2024,3,UCLA Bruins,-0.1815528787520467,0.36128808973265475,0.46938775510204084,0.5573770491803278,5.122448979591836,6.950819672131147,1.3,3.888888888888889,0.3333333333333333,1.0,-0.21432261541485786,0.25
2024,3,UConn Huskies,-0.05650995189652724,-0.11105285527614447,0.39705882352941174,0.4358974358974359,4.838235294117647,6.17948717948718,1.0,1.625,0.6666666666666666,0.5,0.06585340231072669,0.29411764705882354
2024,3,UNLV Rebels,-0.01802717504047212,0.0023800965215339037,0.38095238095238093,0.45901639344262296,4.428571428571429,6.19672131147541,2.090909090909091,2.0,0.2,0.3333333333333333,-0.022512506931386095,0.15384615384615385
2024,3,UTEP Miners,-0.23583753488651693,0.06926624476909637,0.3835616438356164,0.5,5.219178082191781,6.816666666666666,0.7142857142857143,1.4,0.0,0.8,-0.045998697036079,0.21428571428571427
2024,3,UTSA Roadrunners,-0.36613925341246784,0.24210354018567212,0.34782608695652173,0.47761194029850745,4.202898550724638,9.328358208955224,0.4375,3.0,0.0,0.8,-0.018129815347492695,0.11764705882352941
2024,3,Utah State Aggies,-0.06459159933138585,0.08233106674419509,0.37681159420289856,0.5555555555555556,6.188405797101449,6.625,1.4,2.533333333333333,0.75,0.5714285714285714,-0.092829631951948,0.1875
2024,3,Utah Utes,0.08233106674419509,-0.06459159933138585,0.5555555555555556,0.37681159420289856,6.625,6.188405797101449,2.533333333333333,1.4,0.5714285714285714,0.75,0.19380422964178282,0.16666666666666666
2024,3,VMI Keydets,-0.44507354001204175,0.3943338608369231,0.2222222222222222,0.609375,2.533333333333333,8.1875,0.5,3.933333333333333,1.0,0.8333333333333334,-0.4472311105458967,0.07692307692307693
2024,3,Vanderbilt Commodores,0.142135983476272,0.08799346566200256,0.49230769230769234,0.4,5.938461538461539,5.56,2.4615384615384617,3.1666666666666665,0.8,0.6666666666666666,0.2302364757657051,0.38461538461538464
2024,3,Virginia Cavaliers,-0.22692238750742444,0.11747215879269135,0.417910447761194,0.48717948717948717,6.746268656716418,5.153846153846154,0.9285714285714286,1.8,0.25,0.5,0.15947465919980816,0.2
2024,3,Virginia Tech Hokies,0.051720969475709,-0.29706423422869516,0.4025974025974026,0.29411764705882354,6.441558441558442,4.549019607843137,2.642857142857143,0.7692307692307693,0.4,0.5,0.011069383014712417,0.3888888888888889
2024,3,Wake Forest Demon Deacons,-0.25527225638905615,0.35902792563686126,0.3424657534246575,0.5714285714285714,4.191780821917808,8.493506493506494,0.5,3.3333333333333335,0.0,0.25,-0.1885220525929561,0.23529411764705882
2024,3,Washington Huskies,0.12766419901297643,0.03429672650752529,0.46153846153846156,0.43548387096774194,7.138461538461539,6.5,1.7272727272727273,2.1818181818181817,0.0,0.5,0.25931264956792194,0.3076923076923077
2024,3,Washington State Cougars,0.03429672650752529,0.12766419901297643,0.43548387096774194,0.46153846153846156,6.5,7.138461538461539,2.1818181818181817,1.7272727272727273,0.5,0.0,0.015969542216281503,0.4166666666666667
2024,3,West Virginia Mountaineers,0.18401216646035512,0.2146795120155602,0.4266666666666667,0.45614035087719296,5.346666666666667,6.87719298245614,2.6153846153846154,2.5833333333333335,0.75,0.8,0.07634825324803068,0.07142857142857142
2024,3,Western Kentucky Hilltoppers,0.4996812814387722,0.38005531031005785,0.6231884057971014,0.5283018867924528,8.971014492753623,9.641509433962264,5.444444444444445,2.3333333333333335,0.8333333333333334,0.3333333333333333,0.37742761043565615,0.4
2024,3,Western Michigan Broncos,0.6141144715506455,-0.10433641515794348,0.6551724137931034,0.3770491803278688,11.431034482758621,4.016393442622951,4.214285714285714,2.3846153846153846,0.75,1.0,0.692161881006681,0.16666666666666666
2024,3,Wisconsin Badgers,-0.1652156002043436,0.3169395641556808,0.4305555555555556,0.5,4.027777777777778,7.267857142857143,0.5384615384615384,3.230769230769231,1.0,1.0,-0.17189253911513974,0.21428571428571427
2024,3,Wyoming Cowboys,-0.15189721092345224,0.22467794302684158,0.30158730158730157,0.47761194029850745,3.4285714285714284,6.835820895522388,1.1666666666666667,2.6153846153846154,1.0,0.75,-0.3321291750127619,0.4117647058823529
2024,4,Akron Zips,-0.33596994134844566,0.3882115217326563,0.2857142857142857,0.5189873417721519,3.4081632653061225,6.987341772151899,0.3888888888888889,3.3076923076923075,,1.0,-0.22172263181871837,0.23076923076923078
2024,4,App State Mountaineers,-0.03135484163508271,0.36040467768907547,0.4393939393939394,0.5625,6.181818181818182,8.015625,0.9333333333333333,4.0,0.25,1.0,0.036874489749179166,0.23076923076923078
2024,4,Arizona State Sun Devils,-0.08286734826084394,0.0031868738013428525,0.4626865671641791,0.38961038961038963,5.567164179104478,4.428571428571429,1.5714285714285714,1.3333333333333333,0.6,0.6,0.19986272574055428,0.3076923076923077
2024,4,Arkansas Razorbacks,-0.00893050910514078,-0.10568390566794598,0.4074074074074074,0.4426229508196721,4.716049382716049,7.573770491803279,1.8461538461538463,1.0,0.5,1.0,-0.229484463046337,0.3157894736842105
2024,4,Arkansas State Red Wolves,-0.30407304323294704,0.254898769987954,0.2982456140350877,0.5277777777777778,3.8771929824561404,7.097222222222222,0.5,2.5789473684210527,,0.7777777777777778,-0.6132166090288332,0.3076923076923077
2024,4,Army Black Knights,0.12361978474309888,0.0645277203535134,0.5423728813559322,0.4716981132075472,5.779661016949152,5.566037735849057,0.25,0.0,0.0,0.0,0.08242882788181305,0.6153846153846154
2024,4,Auburn Tigers,-0.10568390566794598,-0.00893050910514078,0.4426229508196721,0.4074074074074074,7.573770491803279,4.716049382716049,1.0,1.8461538461538463,1.0,0.5,-0.2238758555118074,0.45454545454545453
2024,4,BYU Cougars,0.11182812244995781,-0.0315802465710375,0.43478260869565216,0.4861111111111111,5.282608695652174,5.777777777777778,2.6666666666666665,0.8181818181818182,0.5,0.0,-0.0072808828618791364,0.2222222222222222
2024,4,Ball State Cardinals,0.1829559232791265,0.4012870877567265,0.49333333333333335,0.42592592592592593,6.306666666666667,10.907407407407407,2.8333333333333335,3.0833333333333335,0.6666666666666666,0.8333333333333334,0.19316701015882326,0.26666666666666666
2024,4,Baylor Bears,-0.0623438315045449,0.17384853158146144,0.3870967741935484,0.475,5.048387096774194,5.4,2.142857142857143,2.533333333333333,0.0,1.0,-0.20006923689398654,0.4117647058823529
2024,4,Boise State Broncos,0.44539357326699025,0.03567878143829212,0.6666666666666666,0.3684210526315789,9.227272727272727,4.754385964912281,4.3076923076923075,1.0769230769230769,1.0,0.5,0.3821148298946874,0.5
2024,4,Boston College Eagles,0.0087687699840619,0.020006912635333503,0.4423076923076923,0.4626865671641791,5.673076923076923,5.492537313432836,1.7692307692307692,1.7272727272727273,0.25,0.3333333333333333,-0.0531398112836637,0.3333333333333333
2024,4,Bowling Green Falcons,0.03018669386704763,0.16452857702970505,0.4,0.5142857142857142,5.616666666666666,5.857142857142857,1.7,2.3636363636363638,0.0,0.25,0.015890336554983387,0.25
2024,4,Buffalo Bulls,-0.2793708042222626,-0.15472474166109593,0.2653061224489796,0.3291139240506329,3.938775510204082,4.810126582278481,1.5333333333333334,1.3333333333333333,0.0,0.5,-0.20588021206133295,0.07142857142857142
2024,4,California Golden Bears,0.08809194755223063,0.058423011533675656,0.3888888888888889,0.41935483870967744,6.125,5.112903225806452,0.8181818181818182,1.2727272727272727,0.0,0.5,0.0813698177987879,0.3333333333333333
2024,4,Central Connecticut Blue Devils,-0.10653416991233826,0.1635597124695778,0.36,0.5,4.88,6.708333333333333,1.9375,2.1875,0.6666666666666666,0.8,0.16612326941992106,0.18181818181818182
2024,4,Central Michigan Chippewas,0.4012870877567265,0.1829559232791265,0.42592592592592593,0.49333333333333335,10.907407407407407,6.306666666666667,3.0833333333333335,2.8333333333333335,0.8333333333333334,0.6666666666666666,0.6251411272516084,0.2222222222222222
2024,4,Charlotte 49ers,-0.12463856339454651,0.3819096472227212,0.4,0.5606060606060606,4.6909090909090905,7.757575757575758,1.1666666666666667,3.4615384615384617,1.0,0.8333333333333334,-0.22120443597818032,0.23076923076923078
2024,4,Cincinnati Bearcats,0.229076378995722,-0.2746426351368427,0.509090909090909,0.3333333333333333,6.618181818181818,4.333333333333333,3.090909090909091,0.0,0.75,0.0,0.25112771175124426,0.4
2024,4,Clemson Tigers,0.2984512595029978,0.16709896231043167,0.5230769230769231,0.5362318840579711,7.2153846153846155,7.043478260869565,3.2142857142857144,2.5,0.8,1.0,0.408173254403201,0.2
2024,4,Coastal Carolina Chanticleers,0.06509319001010486,0.19256408003312123,0.3392857142857143,0.5316455696202531,6.75,6.620253164556962,2.0,3.076923076923077,0.5,0.6666666666666666,0.08440375862977444,0.15384615384615385
2024,4,Colorado Buffaloes,0.17384853158146144,-0.0623438315045449,0.475,0.3870967741935484,5.4,5.048387096774194,2.533333333333333,2.142857142857143,1.0,0.0,-0.02310330726084162,0.3333333333333333
2024,4,Colorado State Rams,-0.06281064427088177,-0.098483189292576,0.4444444444444444,0.34782608695652173,5.714285714285714,4.681159420289855,1.7333333333333334,1.1333333333333333,0.6666666666666666,0.0,0.1598150200313992,0.14285714285714285
2024,4,Delaware Blue Hens,0.229865292708079,0.048146899117798105,0.49206349206349204,0.4098360655737705,6.126984126984127,6.114754098360656,2.4166666666666665,2.0,0.5,0.6,0.06458910757845099,0.4
2024,4,Duke Blue Devils,0.026667888634479962,-0.25291808112843395,0.46153846153846156,0.3150684931506849,6.538461538461538,4.136986301369863,3.0,1.2142857142857142,0.8,0.5,0.17984786239408312,0.1
2024,4,East Carolina Pirates,-0.10274850870623733,0.23472575267155965,0.4090909090909091,0.48,5.621212121212121,5.92,1.0769230769230769,1.75,0.42857142857142855,1.0,-0.21256294904970655,0.3076923076923077
2024,4,East Texas A&M Lions,-0.50311904631812,0.012658378134851586,0.3103448275862069,0.4246575342465753,4.396551724137931,5.47945205479452,0.0,1.4210526315789473,0.0,0.3333333333333333,-0.4187047965824604,0.375
2024,4,Eastern Michigan Eagles,-0.056279538199305534,-0.6424378656734855,0.34375,0.288135593220339,5.15625,4.305084745762712,1.1578947368421053,0.0,0.25,0.0,-0.14667252784079693,0.2
2024,4,Eastern Washington Eagles,0.12151206272744364,0.5087832778260328,0.46774193548387094,0.6086956521739131,5.483870967741935,8.81159420289855,1.7777777777777777,4.454545454545454,0.5,0.8333333333333334,0.20260982230926552,0.5384615384615384
2024,4,Florida A&M Rattlers,-0.15554869663901627,0.30803158199578,0.359375,0.43859649122807015,5.390625,8.719298245614034,1.2,2.25,0.0,1.0,-0.11374570584545533,0.16666666666666666
2024,4,Florida Atlantic Owls,0.03277436080502301,0.2518311316453958,0.36585365853658536,0.5316455696202531,6.390243902439025,6.7215189873417724,1.8181818181818181,4.363636363636363,1.0,0.625,0.16761359256325345,0.125
2024,4,Florida Gators,0.37773748906329274,0.20283090505335066,0.65625,0.4777777777777778,7.84375,5.222222222222222,4.090909090909091,2.5454545454545454,1.0,0.6666666666666666,0.3122479422525926,0.4444444444444444
2024,4,Florida International Panthers,0.16633648926561528,0.10355278165901409,0.45454545454545453,0.4588235294117647,8.290909090909091,7.294117647058823,0.4375,1.9375,1.0,0.8,0.3362800104820982,0.0
2024,4,Florida State Seminoles,0.058423011533675656,0.08809194755223063,0.41935483870967744,0.3888888888888889,5.112903225806452,6.125,1.2727272727272727,0.8181818181818182,0.5,0.0,-0.16864390240775215,0.4
2024,4,Fresno State Bulldogs,0.1730949062621221,0.123209759409045,0.5,0.4691358024691358,5.34375,6.037037037037037,3.1666666666666665,1.1818181818181819,0.6,0.5,0.17192938372492791,0.16666666666666666
2024,4,Georgia Southern Eagles,-0.3137641183354638,0.3328882740891498,0.30303030303030304,0.5942028985507246,2.909090909090909,8.753623188405797,1.0,4.0,0.5,0.8,-0.25344615367551643,0.1875
2024,4,Georgia Tech Yellow Jackets,0.05924833843957132,0.24688623291115427,0.40298507462686567,0.4186046511627907,6.223880597014926,7.72093023255814,1.7,1.8888888888888888,0.3333333333333333,0.0,0.18762784885863462,0.2
2024,4,Hawai'i Rainbow Warriors,0.37087478302419186,-0.16378514111042022,0.640625,0.34,8.875,3.88,4.0,0.7777777777777778,1.0,1.0,0.37839379527352074,0.6666666666666666
2024,4,Houston Christian Huskies,-0.2534389548279621,0.31528198568126825,0.3333333333333333,0.6835443037974683,3.314814814814815,6.784810126582278,0.6363636363636364,4.090909090909091,0.5,0.7142857142857143,-0.07575751952826977,0.25
2024,4,Houston Cougars,-0.2746426351368427,0.229076378995722,0.3333333333333333,0.509090909090909,4.333333333333333,6.618181818181818,0.0,3.090909090909091,0.0,0.75,-0.09331745714754672,0.2857142857142857
2024,4,Illinois Fighting Illini,0.1894728154875338,0.15966162807308137,0.5,0.453125,6.34375,6.015625,2.8181818181818183,2.4,0.75,0.75,-0.10585334009312569,0.5384615384615384
2024,4,Indiana Hoosiers,0.3819096472227212,-0.12463856339454651,0.5606060606060606,0.4,7.757575757575758,4.6909090909090905,3.4615384615384617,1.1666666666666667,0.8333333333333334,1.0,0.28054400671411445,0.3333333333333333
2024,4,Iowa Hawkeyes,0.03766311245271936,-0.16201196765077525,0.4375,0.41379310344827586,5.453125,5.224137931034483,2.5833333333333335,1.1666666666666667,1.0,1.0,0.13179959232608476,0.3333333333333333
2024,4,Iowa State Cyclones,0.254898769987954,-0.30407304323294704,0.5277777777777778,0.2982456140350877,7.097222222222222,3.8771929824561404,2.5789473684210527,0.5,0.7777777777777778,,0.16689870216078678,0.36363636363636365
2024,4,Jacksonville State Gamecocks,0.26702396427431413,-0.438809006412824,0.5483870967741935,0.38333333333333336,8.387096774193548,4.283333333333333,3.142857142857143,0.5833333333333334,1.0,0.5,0.250157051226672,0.5454545454545454
2024,4,James Madison Dukes,0.29970650954378975,0.2513729070241635,0.4722222222222222,0.48717948717948717,8.833333333333334,9.192307692307692,3.4375,2.588235294117647,1.0,0.6,0.2285743188439754,0.35714285714285715
2024,4,Kansas Jayhawks,0.16369597294500896,0.20237861501593743,0.45714285714285713,0.45161290322580644,6.0285714285714285,7.290322580645161,2.3333333333333335,2.6666666666666665,1.0,0.8,0.10117598311467604,0.38461538461538464
2024,4,Kansas State Wildcats,-0.0315802465710375,0.11182812244995781,0.4861111111111111,0.43478260869565216,5.777777777777778,5.282608695652174,0.8181818181818182,2.6666666666666665,0.0,0.5,0.10604583930510741,0.47058823529411764
2024,4,Kent State Golden Flashes,-0.5625455098726401,0.4713533798485626,0.1951219512195122,0.6790123456790124,1.8048780487804879,9.024691358024691,0.0,5.090909090909091,,1.0,-0.341821097706755,0.09090909090909091
2024,4,Kentucky Wildcats,0.233352127804685,-0.25578299164772034,0.5671641791044776,0.37254901960784315,7.1940298507462686,4.862745098039215,3.7777777777777777,0.0,0.6,0.5,0.19593056405966097,0.5384615384615384
2024,4,LSU Tigers,0.2579065112160965,0.023978538554290246,0.5352112676056338,0.39655172413793105,6.408450704225352,4.827586206896552,3.4,1.8888888888888888,0.5,1.0,0.20228662978519094,0.6666666666666666
2024,4,Liberty Flames,0.23472575267155965,-0.10274850870623733,0.48,0.4090909090909091,5.92,5.621212121212121,1.75,1.0769230769230769,1.0,0.42857142857142855,-0.16012199615177355,0.5294117647058824
2024,4,Louisiana Ragin' Cajuns,0.039308602050427466,0.24567241795727465,0.45161290322580644,0.5245901639344263,7.32258064516129,5.737704918032787,3.3,3.4,0.6,0.5,0.2650809386372566,0.2222222222222222
2024,4,Louisiana Tech Bulldogs,-0.3341349052531379,-0.09070591307603396,0.34285714285714286,0.3076923076923077,4.185714285714286,5.153846153846154,1.25,1.3529411764705883,1.0,0.0,-0.40070983822698947,0.15384615384615385
2024,4,Louisville Cardinals,0.24688623291115427,0.05924833843957132,0.4186046511627907,0.40298507462686567,7.72093023255814,6.223880597014926,1.8888888888888888,1.7,0.0,0.3333333333333333,0.24912894867798863,0.25
2024,4,Maryland Terrapins,0.28202971583232284,-0.09400975750759244,0.5625,0.359375,8.140625,3.640625,3.8,1.8181818181818181,0.8333333333333334,0.4,0.11241531090916328,0.6
2024,4,Massachusetts Minutemen,0.1635597124695778,-0.10653416991233826,0.5,0.36,6.708333333333333,4.88,2.1875,1.9375,0.8,0.6666666666666666,0.24428522377683407,0.38461538461538464
2024,4,Memphis Tigers,0.2792106745063618,0.6764406994828638,0.5268817204301075,0.6226415094339622,7.806451612903226,11.056603773584905,2.642857142857143,4.2,0.6,1.0,-0.010911810398101806,0.5263157894736842
2024,4,Miami (OH) RedHawks,-0.3606110103428364,0.15569581370800734,0.390625,0.515625,3.578125,6.6875,0.0,1.5555555555555556,0.0,0.6666666666666666,-0.1750935117403666,0.16666666666666666
2024,4,Miami Hurricanes,0.5618081097801526,-0.09461650013923645,0.55,0.37333333333333335,9.583333333333334,5.066666666666666,4.166666666666667,1.5,0.8333333333333334,0.25,0.2974221636267269,0.5555555555555556
2024,4,Michigan State Spartans,0.020006912635333503,0.0087687699840619,0.4626865671641791,0.4423076923076923,5.492537313432836,5.673076923076923,1.7272727272727273,1.7692307692307692,0.3333333333333333,0.25,-0.07130705842784807,0.4666666666666667
2024,4,Michigan Wolverines,-0.05304138545404401,-0.11346659411306251,0.40350877192982454,0.3698630136986301,5.666666666666667,5.767123287671233,1.6153846153846154,1.3333333333333333,1.0,0.4,-0.11511399577825497,0.26666666666666666
2024,4,Middle Tennessee Blue Raiders,-0.25291808112843395,0.026667888634479962,0.3150684931506849,0.46153846153846156,4.136986301369863,6.538461538461538,1.2142857142857142,3.0,0.5,0.8,-0.2877669966331235,0.1875
2024,4,Minnesota Golden Gophers,-0.16201196765077525,0.03766311245271936,0.41379310344827586,0.4375,5.224137931034483,5.453125,1.1666666666666667,2.5833333333333335,1.0,1.0,-0.256254164285438,0.35714285714285715
2024,4,Mississippi State Bulldogs,0.20283090505335066,0.37773748906329274,0.4777777777777778,0.65625,5.222222222222222,7.84375,2.5454545454545454,4.090909090909091,0.6666666666666666,1.0,0.11680525052013682,0.5
2024,4,Missouri State Bears,0.11792228148694624,-0.04074110186869098,0.38596491228070173,0.3548387096774194,6.368421052631579,5.080645161290323,2.5833333333333335,2.0,0.6,0.75,0.10637569103551947,0.36363636363636365
2024,4,Missouri Tigers,0.06150030423151819,0.1091076593127167,0.4473684210526316,0.43859649122807015,5.4868421052631575,5.684210526315789,2.25,2.4285714285714284,0.4,0.5,0.08823327052182164,0.4117647058823529
2024,4,Monmouth Hawks,0.10355278165901409,0.16633648926561528,0.4588235294117647,0.45454545454545453,7.294117647058823,8.290909090909091,1.9375,0.4375,0.8,1.0,0.109690003952042,0.17647058823529413
2024,4,NC State Wolfpack,0.16709896231043167,0.2984512595029978,0.5362318840579711,0.5230769230769231,7.043478260869565,7.2153846153846155,2.5,3.2142857142857144,1.0,0.8,0.3280288775761922,0.2
2024,4,Navy Midshipmen,0.6764406994828638,0.2792106745063618,0.6226415094339622,0.5268817204301075,11.056603773584905,7.806451612903226,4.2,2.642857142857143,1.0,0.6,0.7305424891887827,0.5
2024,4,Nebraska Cornhuskers,0.15966162807308137,0.1894728154875338,0.453125,0.5,6.015625,6.34375,2.4,2.8181818181818183,0.75,0.75,0.1620155903697014,0.5714285714285714
2024,4,Nevada Wolf Pack,0.5087832778260328,0.12151206272744364,0.6086956521739131,0.46774193548387094,8.81159420289855,5.483870967741935,4.454545454545454,1.7777777777777777,0.8333333333333334,0.5,0.17752112448215485,0.5384615384615384
2024,4,New Mexico Lobos,0.123209759409045,0.1730949062621221,0.4691358024691358,0.5,6.037037037037037,5.34375,1.1818181818181819,3.1666666666666665,0.5,0.6,0.2522445195354521,0.35714285714285715
2024,4,North Carolina Tar Heels,0.2513729070241635,0.29970650954378975,0.48717948717948717,0.4722222222222222,9.192307692307692,8.833333333333334,2.588235294117647,3.4375,0.6,1.0,0.2799823376185754,0.1111111111111111
2024,4,North Dakota State Bison,0.1387093810098512,0.21975571152811146,0.6142857142857143,0.46938775510204084,5.714285714285714,6.979591836734694,3.090909090909091,0.5,0.5714285714285714,1.0,0.09967548549175262,0.3333333333333333
2024,4,North Texas Mean Green,0.3444719488422076,-0.1922589347794138,0.5277777777777778,0.3620689655172414,7.652777777777778,4.120689655172414,4.25,1.1666666666666667,0.6,0.0,0.27049549384550614,0.23076923076923078
2024,4,Northern Illinois Huskies,-0.15472474166109593,-0.2793708042222626,0.3291139240506329,0.2653061224489796,4.810126582278481,3.938775510204082,1.3333333333333333,1.5333333333333334,0.5,0.0,-0.32696553798658506,0.38095238095238093
2024,4,Northern Iowa Panthers,-0.16378514111042022,0.37087478302419186,0.34,0.640625,3.88,8.875,0.7777777777777778,4.0,1.0,1.0,-0.3196663551032543,0.5
2024,4,Northwestern Wildcats,-0.5985628406588848,0.06246270572961266,0.2692307692307692,0.5671641791044776,2.4615384615384617,6.223880597014926,0.25,1.8461538461538463,0.0,0.5,-0.4802245866311224,0.16666666666666666
2024,4,Notre Dame Fighting Irish,0.15569581370800734,-0.3606110103428364,0.515625,0.390625,6.6875,3.578125,1.5555555555555556,0.0,0.6666666666666666,0.0,0.08303978513268863,0.45454545454545453
2024,4,Ohio Bobcats,-0.25578299164772034,0.233352127804685,0.37254901960784315,0.5671641791044776,4.862745098039215,7.1940298507462686,0.0,3.7777777777777777,0.5,0.6,-0.2617556956552324,0.3333333333333333
2024,4,Oklahoma Sooners,-0.4571093942093499,-0.17296669928178396,0.3382352941176471,0.3150684931506849,3.5588235294117645,4.890410958904109,0.5625,1.3529411764705883,0.5,0.3333333333333333,-0.4982008419930935,0.2
2024,4,Oklahoma State Cowboys,-0.11269072522172484,-0.05394511603856388,0.3220338983050847,0.4050632911392405,4.830508474576271,5.7594936708860756,0.7333333333333333,1.375,0.5,0.25,-0.05513017645783045,0.26666666666666666
2024,4,Ole Miss Rebels,0.3328882740891498,-0.3137641183354638,0.5942028985507246,0.30303030303030304,8.753623188405797,2.909090909090909,4.0,1.0,0.8,0.5,0.4810997984911266,0.5
2024,4,Oregon State Beavers,0.1658393330361745,-0.21946373898932275,0.5068493150684932,0.40425531914893614,6.1506849315068495,7.212765957446808,2.0,1.6153846153846154,0.6,0.5,0.22638007971857274,0.42857142857142855
2024,4,Penn State Nittany Lions,0.4713533798485626,-0.5625455098726401,0.6790123456790124,0.1951219512195122,9.024691358024691,1.8048780487804879,5.090909090909091,0.0,1.0,,0.4024736686071879,0.8
2024,4,Pennsylvania Quakers,0.048146899117798105,0.229865292708079,0.4098360655737705,0.49206349206349204,6.114754098360656,6.126984126984127,2.0,2.4166666666666665,0.6,0.5,-0.17438081436687045,0.42857142857142855
2024,4,Pittsburgh Panthers,0.5845660150051117,-0.060167163668666035,0.5666666666666667,0.390625,10.216666666666667,5.203125,6.0,1.3076923076923077,1.0,0.0,0.39826235904985546,0.3333333333333333
2024,4,Portland State Vikings,0.03567878143829212,0.44539357326699025,0.3684210526315789,0.6666666666666666,4.754385964912281,9.227272727272727,1.0769230769230769,4.3076923076923075,0.5,1.0,-0.14706755265956972,0.375
2024,4,Purdue Boilermakers,-0.21946373898932275,0.1658393330361745,0.40425531914893614,0.5068493150684932,7.212765957446808,6.1506849315068495,1.6153846153846154,2.0,0.5,0.6,0.17491106771760517,0.2222222222222222
2024,4,Rice Owls,0.0645277203535134,0.12361978474309888,0.4716981132075472,0.5423728813559322,5.566037735849057,5.779661016949152,0.0,0.25,0.0,0.0,0.043501222594862894,0.4444444444444444
2024,4,Rutgers Scarlet Knights,-0.027512061752771075,-0.056444203963986146,0.47368421052631576,0.3888888888888889,5.842105263157895,5.925925925925926,1.8461538461538463,1.9166666666666667,0.3333333333333333,1.0,-0.029812588773924727,0.35294117647058826
2024,4,SMU Mustangs,0.2226653967438073,0.16492466824619392,0.5,0.4473684210526316,6.413793103448276,7.565789473684211,4.090909090909091,3.230769230769231,1.0,1.0,0.08132747213045756,0.4166666666666667
2024,4,Sacramento State Hornets,0.012658378134851586,-0.50311904631812,0.4246575342465753,0.3103448275862069,5.47945205479452,4.396551724137931,1.4210526315789473,0.0,0.3333333333333333,0.0,0.047211009609912126,0.4375
2024,4,San José State Spartans,0.27340038503343994,0.2874518595635891,0.5135135135135135,0.5,6.662162162162162,7.223404255319149,3.25,3.6,0.8571428571428571,0.8571428571428571,0.3213568825660081,0.38461538461538464
2024,4,South Alabama Jaguars,0.36040467768907547,-0.03135484163508271,0.5625,0.4393939393939394,8.015625,6.181818181818182,4.0,0.9333333333333333,1.0,0.25,0.2257278045782676,0.5454545454545454
2024,4,South Carolina Gamecocks,0.3882115217326563,-0.33596994134844566,0.5189873417721519,0.2857142857142857,6.987341772151899,3.4081632653061225,3.3076923076923075,0.3888888888888889,1.0,,0.3323946105937163,0.2857142857142857
2024,4,South Florida Bulls,-0.09461650013923645,0.5618081097801526,0.37333333333333335,0.55,5.066666666666666,9.583333333333334,1.5,4.166666666666667,0.25,0.8333333333333334,-0.14622373695959123,0.4117647058823529
2024,4,Southern Miss Golden Eagles,-0.438809006412824,0.26702396427431413,0.38333333333333336,0.5483870967741935,4.283333333333333,8.387096774193548,0.5833333333333334,3.142857142857143,0.5,1.0,-0.360166368332315,0.0
2024,4,St. Francis (PA) Red Flash,-0.6424378656734855,-0.056279538199305534,0.288135593220339,0.34375,4.305084745762712,5.15625,0.0,1.1578947368421053,0.0,0.25,-0.6513286427009938,0.21428571428571427
2024,4,Stanford Cardinal,-0.054218904886926926,-0.03208130130828437,0.4857142857142857,0.4406779661016949,5.014285714285714,7.389830508474576,1.5833333333333333,2.0,0.25,0.6666666666666666,-0.14811330647380264,0.2857142857142857
2024,4,Syracuse Orange,-0.03208130130828437,-0.054218904886926926,0.4406779661016949,0.4857142857142857,7.389830508474576,5.014285714285714,2.0,1.5833333333333333,0.6666666666666666,0.25,-0.02241607123742933,0.3076923076923077
2024,4,TCU Horned Frogs,0.16492466824619392,0.2226653967438073,0.4473684210526316,0.5,7.565789473684211,6.413793103448276,3.230769230769231,4.090909090909091,1.0,1.0,0.11492707527109555,0.4375
2024,4,Temple Owls,0.3518929396992299,0.1353628261934353,0.47761194029850745,0.45569620253164556,6.791044776119403,6.025316455696203,2.7142857142857144,2.0714285714285716,1.0,0.5,0.11454325972818862,0.5
2024,4,Tennessee Volunteers,-0.17296669928178396,-0.4571093942093499,0.3150684931506849,0.3382352941176471,4.890410958904109,3.5588235294117645,1.3529411764705883,0.5625,0.3333333333333333,0.5,0.009780628537690197,0.3157894736842105
2024,4,Texas A&M Aggies,0.16452857702970505,0.03018669386704763,0.5142857142857142,0.4,5.857142857142857,5.616666666666666,2.3636363636363638,1.7,0.25,0.0,0.038742166150499274,0.42857142857142855
2024,4,Texas Longhorns,0.12105096711052789,-0.366716625392437,0.5555555555555556,0.28,6.222222222222222,3.34,3.769230769230769,0.21428571428571427,1.0,0.0,0.0701026591387662,0.5384615384615384
2024,4,Texas Tech Red Raiders,0.0031868738013428525,-0.08286734826084394,0.38961038961038963,0.4626865671641791,4.428571428571429,5.567164179104478,1.3333333333333333,1.5714285714285714,0.6,0.6,-0.061272114515304565,0.4666666666666667
2024,4,Toledo Rockets,-0.18642220457394917,-0.11858800104108908,0.3333333333333333,0.4067796610169492,4.52,5.47457627118644,1.4,1.1333333333333333,0.5,0.6666666666666666,-0.4504622513497317,0.5
2024,4,Towson Tigers,0.21975571152811146,0.1387093810098512,0.46938775510204084,0.6142857142857143,6.979591836734694,5.714285714285714,0.5,3.090909090909091,1.0,0.5714285714285714,0.29552113451063633,0.4
2024,4,Troy Trojans,0.30803158199578,-0.15554869663901627,0.43859649122807015,0.359375,8.719298245614034,5.390625,2.25,1.2,1.0,0.0,0.2155129232189872,0.45454545454545453
2024,4,Tulane Green Wave,0.24567241795727465,0.039308602050427466,0.5245901639344263,0.45161290322580644,5.737704918032787,7.32258064516129,3.4,3.3,0.5,0.6,0.1207306093495825,0.6428571428571429
2024,4,Tulsa Golden Hurricane,-0.09070591307603396,-0.3341349052531379,0.3076923076923077,0.34285714285714286,5.153846153846154,4.185714285714286,1.3529411764705883,1.25,0.0,1.0,-0.06823981325237119,0.1875
2024,4,UCLA Bruins,0.023978538554290246,0.2579065112160965,0.39655172413793105,0.5352112676056338,4.827586206896552,6.408450704225352,1.8888888888888888,3.4,1.0,0.5,-0.19977261357837253,0.3333333333333333
2024,4,UConn Huskies,0.2518311316453958,0.03277436080502301,0.5316455696202531,0.36585365853658536,6.7215189873417724,6.390243902439025,4.363636363636363,1.8181818181818181,0.625,1.0,0.18660889810590603,0.5
2024,4,UL Monroe Warhawks,-0.366716625392437,0.12105096711052789,0.28,0.5555555555555556,3.34,6.222222222222222,0.21428571428571427,3.769230769230769,0.0,1.0,-0.349126547977731,0.16666666666666666
2024,4,USC Trojans,-0.11346659411306251,-0.05304138545404401,0.3698630136986301,0.40350877192982454,5.767123287671233,5.666666666666667,1.3333333333333333,1.6153846153846154,0.4,1.0,-0.1543673206612749,0.2631578947368421
2024,4,UT Martin Skyhawks,-0.04074110186869098,0.11792228148694624,0.3548387096774194,0.38596491228070173,5.080645161290323,6.368421052631579,2.0,2.5833333333333335,0.75,0.6,-0.09646739065647125,0.16666666666666666
2024,4,UTEP Miners,-0.098483189292576,-0.06281064427088177,0.34782608695652173,0.4444444444444444,4.681159420289855,5.714285714285714,1.1333333333333333,1.7333333333333334,0.0,0.6666666666666666,-0.18166591346263886,0.35294117647058826
2024,4,UTSA Roadrunners,0.31528198568126825,-0.2534389548279621,0.6835443037974683,0.3333333333333333,6.784810126582278,3.314814814814815,4.090909090909091,0.6363636363636364,0.7142857142857143,0.5,0.2690946504251281,0.6666666666666666
2024,4,Utah State Aggies,0.1353628261934353,0.3518929396992299,0.45569620253164556,0.47761194029850745,6.025316455696203,6.791044776119403,2.0714285714285716,2.7142857142857144,0.5,1.0,0.12138001043950358,0.3333333333333333
2024,4,Utah Utes,-0.05394511603856388,-0.11269072522172484,0.4050632911392405,0.3220338983050847,5.7594936708860756,4.830508474576271,1.375,0.7333333333333333,0.25,0.5,-0.08971465287501351,0.29411764705882354
2024,4,Vanderbilt Commodores,0.1091076593127167,0.06150030423151819,0.43859649122807015,0.4473684210526316,5.684210526315789,5.4868421052631575,2.4285714285714284,2.25,0.5,0.4,0.28275977421638576,0.2857142857142857
2024,4,Villanova Wildcats,-0.09400975750759244,0.28202971583232284,0.359375,0.5625,3.640625,8.140625,1.8181818181818181,3.8,0.4,0.8333333333333334,-0.0002914089329388677,0.3076923076923077
2024,4,Virginia Cavaliers,0.19256408003312123,0.06509319001010486,0.5316455696202531,0.3392857142857143,6.620253164556962,6.75,3.076923076923077,2.0,0.6666666666666666,0.5,0.14583767899151506,0.3333333333333333
2024,4,Virginia Tech Hokies,-0.056444203963986146,-0.027512061752771075,0.3888888888888889,0.47368421052631576,5.925925925925926,5.842105263157895,1.9166666666666667,1.8461538461538463,1.0,0.3333333333333333,-0.007594067603349686,0.3333333333333333
2024,4,Washington Huskies,0.06246270572961266,-0.5985628406588848,0.5671641791044776,0.2692307692307692,6.223880597014926,2.4615384615384617,1.8461538461538463,0.25,0.5,0.0,0.16409576426852834,0.5454545454545454
2024,4,Washington State Cougars,0.2874518595635891,0.27340038503343994,0.5,0.5135135135135135,7.223404255319149,6.662162162162162,3.6,3.25,0.8571428571428571,0.8571428571428571,0.17048799111084503,0.5333333333333333
2024,4,West Virginia Mountaineers,0.20237861501593743,0.16369597294500896,0.45161290322580644,0.45714285714285713,7.290322580645161,6.0285714285714285,2.6666666666666665,2.3333333333333335,0.8,1.0,0.057102082607646786,0.46153846153846156
2024,4,Western Kentucky Hilltoppers,-0.11858800104108908,-0.18642220457394917,0.4067796610169492,0.3333333333333333,5.47457627118644,4.52,1.1333333333333333,1.4,0.6666666666666666,0.5,-0.08676389176794823,0.18181818181818182
2024,4,Wyoming Cowboys,-0.1922589347794138,0.3444719488422076,0.3620689655172414,0.5277777777777778,4.120689655172414,7.652777777777778,1.1666666666666667,4.25,0.0,0.6,-0.1557819425332837,0.2857142857142857
2024,4,Youngstown State Penguins,-0.060167163668666035,0.5845660150051117,0.390625,0.5666666666666667,5.203125,10.216666666666667,1.3076923076923077,6.0,0.0,1.0,-0.19823979469947517,0.3333333333333333
2024,5,Air Force Falcons,0.007365200540115093,0.18516696641842526,0.39655172413793105,0.4166666666666667,5.672413793103448,6.083333333333333,2.111111111111111,2.8181818181818183,0.3333333333333333,0.8,0.12075178821881612,0.2727272727272727
2024,5,Akron Zips,-0.4231185918407781,-0.010438205590888636,0.35714285714285715,0.417910447761194,3.017857142857143,6.552238805970149,0.35,1.2352941176470589,0.5,1.0,-0.20559432042969597,0.09090909090909091
2024,5,Alabama Crimson Tide,0.43625125921133795,0.08800958038924576,0.5151515151515151,0.45454545454545453,8.333333333333334,7.363636363636363,3.2857142857142856,2.4285714285714284,0.6,0.8,0.5541511178016663,0.18181818181818182
2024,5,Arizona Wildcats,-0.011421386418598039,-0.20957284771344242,0.39285714285714285,0.4117647058823529,6.410714285714286,5.529411764705882,1.7692307692307692,0.8333333333333334,0.5,0.25,-0.1269064379686659,0.16666666666666666
2024,5,Arkansas Razorbacks,-0.1225306490357493,-0.03520366256354285,0.4084507042253521,0.4262295081967213,5.549295774647887,4.983606557377049,1.3076923076923077,1.5,1.0,1.0,-0.27791964979666584,0.26666666666666666
2024,5,Army Black Knights,0.4266107773873955,-0.06543153839615676,0.59375,0.28846153846153844,7.328125,4.211538461538462,3.8181818181818183,1.4,0.8,,0.4044865906238556,0.3333333333333333
2024,5,Auburn Tigers,0.02960135499636332,0.05796054798237821,0.5066666666666667,0.3404255319148936,7.266666666666667,6.191489361702128,1.75,1.9,0.3333333333333333,0.5,0.2127759020056641,0.21428571428571427
2024,5,BYU Cougars,0.053731312947486766,0.12005237181981404,0.40298507462686567,0.4266666666666667,5.940298507462686,5.453333333333333,2.6153846153846154,2.0,0.6666666666666666,1.0,0.08622330933246973,0.3076923076923077
2024,5,Ball State Cardinals,-0.2260191860333295,0.6113562165729461,0.38028169014084506,0.5967741935483871,4.464788732394366,8.306451612903226,0.7,5.7,1.0,1.0,-0.31121564030647275,0.4375
2024,5,Baylor Bears,0.12005237181981404,0.053731312947486766,0.4266666666666667,0.40298507462686567,5.453333333333333,5.940298507462686,2.0,2.6153846153846154,1.0,0.6666666666666666,-0.012710678577423095,0.23076923076923078
2024,5,Boise State Broncos,0.35669235207817773,0.04141630467615629,0.4727272727272727,0.4473684210526316,8.4,5.473684210526316,3.4615384615384617,2.0,0.6666666666666666,0.6666666666666666,0.2296064814855886,0.45454545454545453
2024,5,Boston College Eagles,-0.10948634285193223,-0.12560630393655678,0.38461538461538464,0.40789473684210525,4.7384615384615385,4.578947368421052,1.9090909090909092,1.8181818181818181,1.0,0.4,-0.33026738669358047,0.38461538461538464
2024,5,Bowling Green Falcons,0.021924645347254617,0.10623387319426383,0.38571428571428573,0.3709677419354839,6.285714285714286,5.370967741935484,2.25,2.5,0.75,1.0,-0.1328283201616544,0.4375
2024,5,Buffalo Bulls,-0.4414491646232144,0.16241674326561592,0.3387096774193548,0.5135135135135135,3.161290322580645,7.202702702702703,0.2,2.764705882352941,0.0,0.4,-0.07261311908562978,0.07142857142857142
2024,5,Central Michigan Chippewas,0.01684775779193098,-0.0019991755485534667,0.4090909090909091,0.35384615384615387,5.511363636363637,5.815384615384615,1.2307692307692308,1.4,0.5,0.5,-0.06082357993492713,0.3157894736842105
2024,5,Charlotte 49ers,-0.05087546316476969,0.10424148525510515,0.4,0.4142857142857143,5.2,7.2,1.75,1.0833333333333333,1.0,0.2,0.0757818674924327,0.2857142857142857
2024,5,Cincinnati Bearcats,0.2363034344532273,0.32654989109589505,0.5844155844155844,0.47692307692307695,7.766233766233766,7.415384615384616,2.8333333333333335,4.111111111111111,0.6,0.6,0.10135605564666172,0.5833333333333334
2024,5,Clemson Tigers,0.08528217673301697,-0.2406344581657732,0.3770491803278688,0.38028169014084506,6.639344262295082,5.295774647887324,2.6666666666666665,1.0,0.5,0.25,0.05026087104057779,0.3333333333333333
2024,5,Colorado Buffaloes,0.11675364267630656,-0.22651406969779578,0.4918032786885246,0.41025641025641024,5.967213114754099,6.730769230769231,2.9285714285714284,1.6153846153846154,0.75,0.4,0.14813432389614628,0.2222222222222222
2024,5,Delaware Blue Hens,0.22286947541040916,-0.3488820107007513,0.4657534246575342,0.2857142857142857,5.698630136986301,3.2448979591836733,4.2,0.0,0.8,0.0,-0.041952573590808444,0.6666666666666666
2024,5,Duke Blue Devils,0.05205518497179632,-0.05696575588817838,0.4383561643835616,0.379746835443038,5.383561643835616,5.215189873417722,1.4,1.4285714285714286,1.0,0.5,0.22591092450576916,0.14285714285714285
2024,5,East Carolina Pirates,-0.20616825743460318,-0.2412892850006328,0.30985915492957744,0.27058823529411763,5.014084507042254,5.411764705882353,1.875,1.7647058823529411,0.3333333333333333,0.25,-0.21451981988820162,0.3125
2024,5,Eastern Michigan Eagles,0.06414860798869022,-0.12667996910485355,0.5232558139534884,0.3787878787878788,6.162790697674419,6.378787878787879,3.0588235294117645,1.625,0.6666666666666666,1.0,0.12711668262879053,0.38461538461538464
2024,5,Florida International Panthers,-0.11674344002223405,-0.17432643679472115,0.36065573770491804,0.2923076923076923,4.737704918032787,4.476923076923077,0.6666666666666666,0.7692307692307693,0.5,0.3333333333333333,-0.16016620841432125,0.46153846153846156
2024,5,Florida State Seminoles,-0.22980777318017526,0.22744924305141836,0.3508771929824561,0.4492753623188406,6.964912280701754,6.550724637681159,1.2307692307692308,3.1818181818181817,0.5,0.8,0.09742005711252039,0.2727272727272727
2024,5,Fresno State Bulldogs,-0.20180739720662436,0.30636266101565623,0.4,0.5740740740740741,4.8933333333333335,8.074074074074074,1.0769230769230769,3.466666666666667,1.0,0.8571428571428571,-0.3042755055016485,0.42857142857142855
2024,5,Georgia Bulldogs,0.08800958038924576,0.43625125921133795,0.45454545454545453,0.5151515151515151,7.363636363636363,8.333333333333334,2.4285714285714284,3.2857142857142856,0.8,0.6,0.08358468298326459,0.2
2024,5,Georgia Southern Eagles,0.11977320982188713,-0.028459637736280758,0.47560975609756095,0.38333333333333336,5.939024390243903,6.55,1.7142857142857142,1.5,0.75,1.0,0.0347731944286462,0.5625
2024,5,Georgia State Panthers,-0.028459637736280758,0.11977320982188713,0.38333333333333336,0.47560975609756095,6.55,5.939024390243903,1.5,1.7142857142857142,1.0,0.75,0.10062673268839717,0.2727272727272727
2024,5,Holy Cross Crusaders,-0.27649791426253767,0.16373172402381897,0.2641509433962264,0.4891304347826087,4.452830188679245,6.086956521739131,1.0,2.5,,0.6,-0.05836185852163717,0.14285714285714285
2024,5,Houston Cougars,-0.3857970787419213,0.1339954404216824,0.3111111111111111,0.3939393939393939,4.977777777777778,5.954545454545454,0.0,2.0,,0.25,-0.058536279727430904,0.1111111111111111
2024,5,Illinois Fighting Illini,-0.10762367645899455,0.26484108436852694,0.3888888888888889,0.609375,5.296296296296297,5.875,0.875,2.3333333333333335,0.5,0.75,-0.11996518111810452,0.45454545454545453
2024,5,Illinois State Redbirds,-0.07208507632215817,0.41101408609445544,0.3541666666666667,0.6521739130434783,4.5,7.681159420289855,1.0,4.2,0.5,0.8,-0.12345995174513923,0.36363636363636365
2024,5,Indiana Hoosiers,0.13963376905988245,-0.011563096633728813,0.5147058823529411,0.39705882352941174,7.794117647058823,5.8088235294117645,1.9444444444444444,1.4736842105263157,0.8333333333333334,1.0,0.11911291256546974,0.5833333333333334
2024,5,Iowa State Cyclones,0.1339954404216824,-0.3857970787419213,0.3939393939393939,0.3111111111111111,5.954545454545454,4.977777777777778,2.0,0.0,0.25,,0.06171328984961218,0.47058823529411764
2024,5,James Madison Dukes,0.6113562165729461,-0.2260191860333295,0.5967741935483871,0.38028169014084506,8.306451612903226,4.464788732394366,5.7,0.7,1.0,1.0,0.3394800313547546,0.8
2024,5,Kansas Jayhawks,0.05928765734036764,0.1711390976394926,0.3484848484848485,0.5571428571428572,5.666666666666667,7.242857142857143,1.9285714285714286,2.3846153846153846,0.75,0.6666666666666666,-0.15717070177197456,0.47058823529411764
2024,5,Kansas State Wildcats,0.32532458901405337,-0.04043971057981253,0.5076923076923077,0.4125,8.830769230769231,6.125,2.8,1.3333333333333333,1.0,0.25,0.40621862808863324,0.16666666666666666
2024,5,Kennesaw State Owls,-0.34356625630305365,-0.0980013462535122,0.35384615384615387,0.43859649122807015,4.3538461538461535,5.964912280701754,0.6,1.7,0.0,0.5,-0.4077454408009847,0.23529411764705882
2024,5,Kent State Golden Flashes,-0.12667996910485355,0.06414860798869022,0.3787878787878788,0.5232558139534884,6.378787878787879,6.162790697674419,1.625,3.0588235294117645,1.0,0.6666666666666666,-0.11511210545345589,0.2
2024,5,Kentucky Wildcats,0.004105242964339583,0.017675640593682016,0.3835616438356164,0.44642857142857145,4.589041095890411,6.303571428571429,1.8181818181818181,1.5454545454545454,0.6666666666666666,0.3333333333333333,-0.07247555581006136,0.26666666666666666
2024,5,LSU Tigers,0.46239525673614035,0.02766054688442138,0.5652173913043478,0.5,9.405797101449275,5.790322580645161,3.8181818181818183,0.9090909090909091,0.8,0.0,0.4706311532606681,0.6666666666666666
2024,5,Louisiana Ragin' Cajuns,0.3956813343235704,0.34558775223476784,0.5081967213114754,0.676056338028169,7.655737704918033,6.647887323943662,4.1,3.8,0.8,1.0,0.36125349005063373,0.5
2024,5,Louisiana Tech Bulldogs,-0.17432643679472115,-0.11674344002223405,0.2923076923076923,0.36065573770491804,4.476923076923077,4.737704918032787,0.7692307692307693,0.6666666666666666,0.3333333333333333,0.5,-0.10739067196846008,0.4
2024,5,Louisville Cardinals,-0.1659951949119568,-0.07806476148275229,0.4,0.36538461538461536,5.493333333333333,5.25,1.5,1.5,0.6666666666666666,1.0,-0.10416988381799662,0.29411764705882354
2024,5,Marshall Thundering Herd,0.14133800968291269,-0.03666427998400446,0.49206349206349204,0.43283582089552236,6.698412698412699,4.656716417910448,1.7142857142857142,1.0,0.3333333333333333,0.5,0.10263206481933594,0.4166666666666667
2024,5,Maryland Terrapins,-0.011563096633728813,0.13963376905988245,0.39705882352941174,0.5147058823529411,5.8088235294117645,7.794117647058823,1.4736842105263157,1.9444444444444444,1.0,0.8333333333333334,0.14895905882120133,0.3333333333333333
2024,5,Massachusetts Minutemen,0.13152402083752518,0.09082158548491341,0.4067796610169492,0.4642857142857143,5.779661016949152,6.946428571428571,2.0,1.9166666666666667,0.5,0.3333333333333333,-0.02909241235533426,0.4
2024,5,Memphis Tigers,0.0752069242298603,-0.13296065059575168,0.375,0.38181818181818183,5.777777777777778,5.672727272727273,2.0,0.5384615384615384,0.6,1.0,0.020465468024385387,0.3076923076923077
2024,5,Miami (OH) RedHawks,0.09082158548491341,0.13152402083752518,0.4642857142857143,0.4067796610169492,6.946428571428571,5.779661016949152,1.9166666666666667,2.0,0.3333333333333333,0.5,0.17344383074312794,0.14285714285714285
2024,5,Miami Hurricanes,0.22707098137055123,0.1154604617393378,0.5142857142857142,0.5151515151515151,8.685714285714285,6.0,2.8181818181818183,3.090909090909091,0.8,0.6666666666666666,0.08254319162301298,0.5
2024,5,Michigan State Spartans,-0.2723311639080445,0.24692627083924082,0.3958333333333333,0.4305555555555556,5.8125,7.041666666666667,0.5,2.235294117647059,0.3333333333333333,0.8,-0.09640908084417645,0.2222222222222222
2024,5,Michigan Wolverines,-0.0212391076549407,0.011370343142661495,0.41935483870967744,0.42028985507246375,3.806451612903226,4.478260869565218,1.8461538461538463,1.6153846153846154,0.6666666666666666,1.0,-0.17068002275798633,0.3333333333333333
2024,5,Middle Tennessee Blue Raiders,-0.13296065059575168,0.0752069242298603,0.38181818181818183,0.375,5.672727272727273,5.777777777777778,0.5384615384615384,2.0,1.0,0.6,-0.08943473946216494,0.36363636363636365
2024,5,Minnesota Golden Gophers,0.011370343142661495,-0.0212391076549407,0.42028985507246375,0.41935483870967744,4.478260869565218,3.806451612903226,1.6153846153846154,1.8461538461538463,1.0,0.6666666666666666,-0.07206826584011901,0.4
2024,5,Mississippi State Bulldogs,-0.09849658161912063,0.2613229340520398,0.410958904109589,0.5689655172413793,4.027397260273973,8.758620689655173,1.1818181818181819,3.1818181818181817,0.5,0.75,-0.12967702693674923,0.4117647058823529
2024,5,Missouri State Bears,0.5064743980765343,0.3239235604131544,0.5208333333333334,0.527027027027027,10.020833333333334,5.851351351351352,3.4545454545454546,3.1,0.6666666666666666,0.75,0.4094505737989377,0.6666666666666666
2024,5,NC State Wolfpack,-0.14294580268588933,0.018230054142146276,0.36363636363636365,0.3620689655172414,4.2727272727272725,4.689655172413793,1.5454545454545454,0.8333333333333334,0.6666666666666666,1.0,-0.0459610585010413,0.0
2024,5,Navy Midshipmen,0.4156367930711484,0.2544367418839381,0.6078431372549019,0.5384615384615384,8.862745098039216,6.2615384615384615,2.5,1.1,1.0,0.3333333333333333,0.35532938879589704,0.2857142857142857
2024,5,Nebraska Cornhuskers,0.23374905740773236,-0.1608556633645838,0.5,0.45454545454545453,6.87037037037037,4.745454545454545,2.1,0.8333333333333334,0.5,0.5,0.3411926786104838,0.0
2024,5,New Mexico Lobos,0.37709049451841065,0.23604973630299644,0.5616438356164384,0.4444444444444444,7.767123287671233,6.968253968253968,3.8461538461538463,2.857142857142857,0.8,0.75,0.23090922989343343,0.4666666666666667
2024,5,New Mexico State Aggies,0.23604973630299644,0.37709049451841065,0.4444444444444444,0.5616438356164384,6.968253968253968,7.767123287671233,2.857142857142857,3.8461538461538463,0.75,0.8,0.2484454001699175,0.38461538461538464
2024,5,North Carolina Tar Heels,-0.05696575588817838,0.05205518497179632,0.379746835443038,0.4383561643835616,5.215189873417722,5.383561643835616,1.4285714285714286,1.4,0.5,1.0,0.014642076194286346,0.2222222222222222
2024,5,North Dakota State Bison,0.41101408609445544,-0.07208507632215817,0.6521739130434783,0.3541666666666667,7.681159420289855,4.5,4.2,1.0,0.8,0.5,0.15917284813794222,0.6923076923076923
2024,5,North Texas Mean Green,0.3701770507683188,-0.14397746307606046,0.4915254237288136,0.3977272727272727,10.508474576271187,4.840909090909091,3.466666666666667,1.3333333333333333,0.8,0.6666666666666666,0.6206204878522995,0.3
2024,5,Northern Illinois Huskies,0.018230054142146276,-0.14294580268588933,0.3620689655172414,0.36363636363636365,4.689655172413793,4.2727272727272725,0.8333333333333334,1.5454545454545454,1.0,0.6666666666666666,0.026958109603987798,0.25
2024,5,Notre Dame Fighting Irish,-0.07806476148275229,-0.1659951949119568,0.36538461538461536,0.4,5.25,5.493333333333333,1.5,1.5,1.0,0.6666666666666666,0.00025375378437531303,0.2
2024,5,Ohio Bobcats,-0.010438205590888636,-0.4231185918407781,0.417910447761194,0.35714285714285715,6.552238805970149,3.017857142857143,1.2352941176470589,0.35,1.0,0.5,-0.026108584314022423,0.35714285714285715
2024,5,Ohio State Buckeyes,0.24692627083924082,-0.2723311639080445,0.4305555555555556,0.3958333333333333,7.041666666666667,5.8125,2.235294117647059,0.5,0.8,0.3333333333333333,0.18088181755122015,0.35294117647058826
2024,5,Oklahoma Sooners,0.05796054798237821,0.02960135499636332,0.3404255319148936,0.5066666666666667,6.191489361702128,7.266666666666667,1.9,1.75,0.5,0.3333333333333333,0.10848725310393742,0.18181818181818182
2024,5,Oklahoma State Cowboys,-0.04043971057981253,0.32532458901405337,0.4125,0.5076923076923077,6.125,8.830769230769231,1.3333333333333333,2.8,0.25,1.0,0.10551109741772374,0.35294117647058826
2024,5,Old Dominion Monarchs,0.10623387319426383,0.021924645347254617,0.3709677419354839,0.38571428571428573,5.370967741935484,6.285714285714286,2.5,2.25,1.0,0.75,0.0811880587235741,0.4
2024,5,Ole Miss Rebels,0.017675640593682016,0.004105242964339583,0.44642857142857145,0.3835616438356164,6.303571428571429,4.589041095890411,1.5454545454545454,1.8181818181818181,0.3333333333333333,0.6666666666666666,0.014953162521123886,0.1
2024,5,Oregon Ducks,0.13119378081850103,-0.38339800435177823,0.5405405405405406,0.2553191489361702,7.148648648648648,3.4893617021276597,3.090909090909091,0.6,0.6,0.0,0.16448313146829605,0.5
2024,5,Penn State Nittany Lions,0.26484108436852694,-0.10762367645899455,0.609375,0.3888888888888889,5.875,5.296296296296297,2.3333333333333335,0.875,0.75,0.5,0.2652814594598917,0.45454545454545453
2024,5,Purdue Boilermakers,-0.1608556633645838,0.23374905740773236,0.45454545454545453,0.5,4.745454545454545,6.87037037037037,0.8333333333333334,2.1,0.5,0.5,-0.36958779469132425,0.4
2024,5,Rice Owls,0.10424148525510515,-0.05087546316476969,0.4142857142857143,0.4,7.2,5.2,1.0833333333333333,1.75,0.2,1.0,0.12727677004010068,0.4117647058823529
2024,5,Rutgers Scarlet Knights,0.0863618108264187,0.2929746601730585,0.3684210526315789,0.578125,5.245614035087719,8.0625,2.1,1.5,1.0,0.2,0.02612054773739406,0.4
2024,5,SMU Mustangs,0.22744924305141836,-0.22980777318017526,0.4492753623188406,0.3508771929824561,6.550724637681159,6.964912280701754,3.1818181818181817,1.2307692307692308,0.8,0.5,0.043262648816202204,0.4
2024,5,Sacred Heart Pioneers,-0.3488820107007513,0.22286947541040916,0.2857142857142857,0.4657534246575342,3.2448979591836733,5.698630136986301,0.0,4.2,0.0,0.8,-0.29088536288057054,0.35714285714285715
2024,5,Sam Houston Bearkats,0.1526976939704683,0.1162621272144033,0.5416666666666666,0.5223880597014925,6.041666666666667,6.3283582089552235,3.076923076923077,2.2142857142857144,0.8333333333333334,0.8,0.18353173931439717,0.45454545454545453
2024,5,San Diego State Aztecs,-0.0019991755485534667,0.01684775779193098,0.35384615384615387,0.4090909090909091,5.815384615384615,5.511363636363637,1.4,1.2307692307692308,0.5,0.5,0.005214985536069286,0.4666666666666667
2024,5,South Alabama Jaguars,0.02766054688442138,0.46239525673614035,0.5,0.5652173913043478,5.790322580645161,9.405797101449275,0.9090909090909091,3.8181818181818183,0.0,0.8,0.3276236065379951,0.3076923076923077
2024,5,South Florida Bulls,-0.3180369641983284,0.3938705009572646,0.33962264150943394,0.5294117647058824,3.792452830188679,7.75,0.9090909090909091,3.75,0.5,0.6666666666666666,-0.5101744253665973,0.46153846153846156
2024,5,Stanford Cardinal,-0.2406344581657732,0.08528217673301697,0.38028169014084506,0.3770491803278688,5.295774647887324,6.639344262295082,1.0,2.6666666666666665,0.25,0.5,-0.13890070190616682,0.35294117647058826
2024,5,Syracuse Orange,0.16373172402381897,-0.27649791426253767,0.4891304347826087,0.2641509433962264,6.086956521739131,4.452830188679245,2.5,1.0,0.6,,0.13734653714584977,0.47058823529411764
2024,5,TCU Horned Frogs,0.1711390976394926,0.05928765734036764,0.5571428571428572,0.3484848484848485,7.242857142857143,5.666666666666667,2.3846153846153846,1.9285714285714286,0.6666666666666666,0.75,0.19285506472505373,0.45454545454545453
2024,5,Temple Owls,-0.06543153839615676,0.4266107773873955,0.28846153846153844,0.59375,4.211538461538462,7.328125,1.4,3.8181818181818183,,0.8,-0.3543277246256669,0.4
2024,5,Texas A&M Aggies,-0.03520366256354285,-0.1225306490357493,0.4262295081967213,0.4084507042253521,4.983606557377049,5.549295774647887,1.5,1.3076923076923077,1.0,1.0,0.041286526247859,0.3076923076923077
2024,5,Texas Longhorns,0.2613229340520398,-0.09849658161912063,0.5689655172413793,0.410958904109589,8.758620689655173,4.027397260273973,3.1818181818181817,1.1818181818181819,0.75,0.5,0.29853450992833014,0.18181818181818182
2024,5,Texas State Bobcats,0.1162621272144033,0.1526976939704683,0.5223880597014925,0.5416666666666666,6.3283582089552235,6.041666666666667,2.2142857142857144,3.076923076923077,0.8,0.8333333333333334,0.13419414466282106,0.45454545454545453
2024,5,Texas Tech Red Raiders,0.32654989109589505,0.2363034344532273,0.47692307692307695,0.5844155844155844,7.415384615384616,7.766233766233766,4.111111111111111,2.8333333333333335,0.6,0.6,0.11173998475074769,0.5
2024,5,Troy Trojans,-0.058352662144966844,0.013195464585689789,0.39622641509433965,0.40425531914893614,5.018867924528302,5.468085106382978,0.75,1.1818181818181819,0.0,0.5,0.0048442206731656706,0.36363636363636365
2024,5,Tulane Green Wave,0.3938705009572646,-0.3180369641983284,0.5294117647058824,0.33962264150943394,7.75,3.792452830188679,3.75,0.9090909090909091,0.6666666666666666,0.5,0.3573465765568248,0.7272727272727273
2024,5,Tulsa Golden Hurricane,-0.14397746307606046,0.3701770507683188,0.3977272727272727,0.4915254237288136,4.840909090909091,10.508474576271187,1.3333333333333333,3.466666666666667,0.6666666666666666,0.8,-0.0659917182647265,0.4
2024,5,UAB Blazers,0.2544367418839381,0.4156367930711484,0.5384615384615384,0.6078431372549019,6.2615384615384615,8.862745098039216,1.1,2.5,0.3333333333333333,1.0,0.2878787106275558,0.36363636363636365
2024,5,UCF Knights,-0.22651406969779578,0.11675364267630656,0.41025641025641024,0.4918032786885246,6.730769230769231,5.967213114754099,1.6153846153846154,2.9285714285714284,0.4,0.75,0.07098886530314173,0.3333333333333333
2024,5,UCLA Bruins,-0.38339800435177823,0.13119378081850103,0.2553191489361702,0.5405405405405406,3.4893617021276597,7.148648648648648,0.6,3.090909090909091,0.0,0.6,-0.2102270974881119,0.1
2024,5,UConn Huskies,0.16241674326561592,-0.4414491646232144,0.5135135135135135,0.3387096774193548,7.202702702702703,3.161290322580645,2.764705882352941,0.2,0.4,0.0,0.1938709493341117,0.3333333333333333
2024,5,UL Monroe Warhawks,0.013195464585689789,-0.058352662144966844,0.40425531914893614,0.39622641509433965,5.468085106382978,5.018867924528302,1.1818181818181819,0.75,0.5,0.0,-0.1672583316053663,0.36363636363636365
2024,5,UNLV Rebels,0.30636266101565623,-0.20180739720662436,0.5740740740740741,0.4,8.074074074074074,4.8933333333333335,3.466666666666667,1.0769230769230769,0.8571428571428571,1.0,0.4241971578862932,0.125
2024,5,USC Trojans,0.1987044483791163,-0.22345211889062608,0.48148148148148145,0.40816326530612246,5.839506172839506,7.142857142857143,2.3846153846153846,1.75,0.75,0.6666666666666666,-0.0875485731709388,0.5294117647058824
2024,5,UT Martin Skyhawks,-0.0980013462535122,-0.34356625630305365,0.43859649122807015,0.35384615384615387,5.964912280701754,4.3538461538461535,1.7,0.6,0.5,0.0,-0.15561234951019287,0.42857142857142855
2024,5,UTSA Roadrunners,-0.2412892850006328,-0.20616825743460318,0.27058823529411763,0.30985915492957744,5.411764705882353,5.014084507042254,1.7647058823529411,1.875,0.25,0.3333333333333333,-0.14841954334307525,0.23809523809523808
2024,5,Utah Utes,-0.20957284771344242,-0.011421386418598039,0.4117647058823529,0.39285714285714285,5.529411764705882,6.410714285714286,0.8333333333333334,1.7692307692307692,0.25,0.5,-0.11173244276825263,0.4
2024,5,Virginia Tech Hokies,0.1154604617393378,0.22707098137055123,0.5151515151515151,0.5142857142857142,6.0,8.685714285714285,3.090909090909091,2.8181818181818183,0.6666666666666666,0.8,-0.071246417129741,0.42857142857142855
2024,5,Wake Forest Demon Deacons,0.34558775223476784,0.3956813343235704,0.676056338028169,0.5081967213114754,6.647887323943662,7.655737704918033,3.8,4.1,1.0,0.8,0.1745604510818209,0.46153846153846156
2024,5,Washington Huskies,0.2929746601730585,0.0863618108264187,0.578125,0.3684210526315789,8.0625,5.245614035087719,1.5,2.1,0.2,1.0,0.4969835461427768,0.16666666666666666
2024,5,Washington State Cougars,0.04141630467615629,0.35669235207817773,0.4473684210526316,0.4727272727272727,5.473684210526316,8.4,2.0,3.4615384615384617,0.6666666666666666,0.6666666666666666,0.12091442169966521,0.35294117647058826
2024,5,Western Kentucky Hilltoppers,-0.12560630393655678,-0.10948634285193223,0.40789473684210525,0.38461538461538464,4.578947368421052,4.7384615384615385,1.8181818181818181,1.9090909090909092,0.4,1.0,-0.13421241695230657,0.26666666666666666
2024,5,Western Michigan Broncos,-0.03666427998400446,0.14133800968291269,0.43283582089552236,0.49206349206349204,4.656716417910448,6.698412698412699,1.0,1.7142857142857142,0.5,0.3333333333333333,0.037743733525276185,0.21428571428571427
2024,5,Wisconsin Badgers,-0.22345211889062608,0.1987044483791163,0.40816326530612246,0.48148148148148145,7.142857142857143,5.839506172839506,1.75,2.3846153846153846,0.6666666666666666,0.75,-0.021124354710704403,0.2222222222222222
2024,5,Wyoming Cowboys,0.18516696641842526,0.007365200540115093,0.4166666666666667,0.39655172413793105,6.083333333333333,5.672413793103448,2.8181818181818183,2.111111111111111,0.8,0.3333333333333333,0.07089571180668744,0.42857142857142855
2024,5,Youngstown State Penguins,0.3239235604131544,0.5064743980765343,0.527027027027027,0.5208333333333334,5.851351351351352,10.020833333333334,3.1,3.4545454545454546,0.75,0.6666666666666666,0.11147037198988058,0.5384615384615384
2024,6,Air Force Falcons,-0.16378539881922982,0.2738962443101974,0.34545454545454546,0.4603174603174603,5.345454545454546,7.349206349206349,0.5,1.7894736842105263,0.0,1.0,0.10921518541872502,0.16666666666666666
2024,6,Akron Zips,0.03674889714629562,0.1446093385634215,0.37037037037037035,0.5652173913043478,6.407407407407407,5.492753623188406,1.3,3.090909090909091,0.3333333333333333,0.6666666666666666,0.20601835634027207,0.2727272727272727
2024,6,Alabama Crimson Tide,0.4018830003386194,0.20550855545148458,0.5454545454545454,0.4246575342465753,9.659090909090908,5.63013698630137,3.1818181818181817,3.7777777777777777,0.8,0.75,0.27173225259458694,0.3333333333333333
2024,6,App State Mountaineers,0.12626822256460424,0.3752062904338042,0.4634146341463415,0.5208333333333334,5.646341463414634,7.5,1.5384615384615385,2.375,1.0,0.6666666666666666,-0.11607964961759505,0.21428571428571427
2024,6,Arizona State Sun Devils,0.3341778542314257,0.25558766410235434,0.6142857142857143,0.4838709677419355,7.6,6.935483870967742,2.8,2.8181818181818183,0.6,0.0,0.2354534248174247,0.5
2024,6,Arizona Wildcats,-0.1830144478724553,-0.13377006162296642,0.38461538461538464,0.4727272727272727,5.589743589743589,6.036363636363636,1.3571428571428572,1.75,0.25,0.6666666666666666,-0.061582414373274774,0.21428571428571427
2024,6,Arkansas Razorbacks,0.10906458595027663,0.043210603640629695,0.4794520547945205,0.4461538461538462,6.027397260273973,5.338461538461538,1.1818181818181819,1.2727272727272727,0.4,0.6666666666666666,0.18556764666680936,0.375
2024,6,Arkansas State Red Wolves,0.03025880455970764,0.16663154011920972,0.45588235294117646,0.5441176470588235,5.955882352941177,6.75,0.75,0.6923076923076923,0.2,0.3333333333333333,0.10128100638119679,0.2857142857142857
2024,6,Army Black Knights,0.6527236201193022,-0.15992828740605286,0.5217391304347826,0.37142857142857144,10.673913043478262,3.9571428571428573,5.444444444444445,0.7,1.0,1.0,0.5530089502399033,0.375
2024,6,Auburn Tigers,0.048944651052869596,0.29068163654301316,0.43103448275862066,0.515625,5.982758620689655,5.828125,1.4444444444444444,3.4444444444444446,0.0,1.0,0.09083937818095797,0.38461538461538464
2024,6,Ball State Cardinals,0.2289066081866622,0.28885974712444074,0.484375,0.5757575757575758,6.703125,7.03030303030303,3.230769230769231,3.7142857142857144,1.0,0.6666666666666666,-0.06868809834122658,0.46153846153846156
2024,6,Baylor Bears,0.06875137169845402,0.32928804670061385,0.4375,0.4714285714285714,5.265625,8.028571428571428,1.5,1.9333333333333333,1.0,0.5,0.08098614120737035,0.15384615384615385
2024,6,Boise State Broncos,0.3442693924250668,0.14983985643531825,0.5205479452054794,0.40540540540540543,8.232876712328768,6.851351351351352,4.428571428571429,2.142857142857143,0.8333333333333334,0.5,0.3759728215508542,0.38461538461538464
2024,6,Boston College Eagles,-0.10584699696507947,0.09095460224536157,0.5,0.43548387096774194,6.568965517241379,5.758064516129032,1.2727272727272727,1.4166666666666667,1.0,0.0,0.059851435727851336,0.46153846153846156
2024,6,Bowling Green Falcons,0.1446093385634215,0.03674889714629562,0.5652173913043478,0.37037037037037035,5.492753623188406,6.407407407407407,3.090909090909091,1.3,0.6666666666666666,0.3333333333333333,0.18181341267981618,0.5
2024,6,California Golden Bears,0.1676048693868021,0.332966304175994,0.3125,0.5529411764705883,8.083333333333334,7.2823529411764705,2.5833333333333335,3.0,0.6666666666666666,1.0,0.12052801892989212,0.2
2024,6,Charlotte 49ers,0.2350163874418839,-0.0683462418249396,0.42028985507246375,0.4098360655737705,7.463768115942029,6.688524590163935,2.4285714285714284,1.8461538461538463,0.6,0.5,0.25753577863960936,0.45454545454545453
2024,6,Clemson Tigers,0.16855983048269194,-0.019827977754175663,0.4931506849315068,0.359375,7.041095890410959,4.96875,2.6363636363636362,1.1818181818181819,0.0,1.0,0.23022336384345746,0.4
2024,6,Coastal Carolina Chanticleers,0.3300405373015711,0.08208286503950755,0.3548387096774194,0.44,8.03225806451613,6.44,3.1666666666666665,2.642857142857143,0.6666666666666666,0.75,0.19326584358164606,0.5
2024,6,Colorado State Rams,0.27127197363238403,0.2837636872132619,0.5217391304347826,0.5466666666666666,6.3478260869565215,5.306666666666667,2.923076923076923,4.0,0.5714285714285714,0.8,0.2593574201518839,0.25
2024,6,Delaware Blue Hens,0.33061190081548086,0.2782700146947588,0.4936708860759494,0.4603174603174603,7.8354430379746836,7.396825396825397,3.8181818181818183,2.25,0.5,1.0,0.36146296188235283,0.3333333333333333
2024,6,Duke Blue Devils,-0.08792137690618926,0.06473640284755013,0.35294117647058826,0.45454545454545453,5.764705882352941,5.2727272727272725,1.4,1.5454545454545454,0.5,0.75,0.028135308309605245,0.2727272727272727
2024,6,East Carolina Pirates,-0.0683462418249396,0.2350163874418839,0.4098360655737705,0.42028985507246375,6.688524590163935,7.463768115942029,1.8461538461538463,2.4285714285714284,0.5,0.6,0.23932239987577,0.25
2024,6,Florida Gators,0.23273939840377322,-0.04767645611649468,0.5238095238095238,0.4603174603174603,5.523809523809524,4.555555555555555,2.4,1.4444444444444444,0.75,0.3333333333333333,0.21003084487103402,0.4
2024,6,Florida State Seminoles,-0.019827977754175663,0.16855983048269194,0.359375,0.4931506849315068,4.96875,7.041095890410959,1.1818181818181819,2.6363636363636362,1.0,0.0,-0.2624287713657726,0.1875
2024,6,Georgia Bulldogs,0.29068163654301316,0.048944651052869596,0.515625,0.43103448275862066,5.828125,5.982758620689655,3.4444444444444446,1.4444444444444444,1.0,0.0,0.22277322877198458,0.42857142857142855
2024,6,Georgia Tech Yellow Jackets,0.06473640284755013,-0.08792137690618926,0.45454545454545453,0.35294117647058826,5.2727272727272725,5.764705882352941,1.5454545454545454,1.4,0.75,0.5,0.014009978053933484,0.375
2024,6,Hawai'i Rainbow Warriors,0.20797504753702217,0.06962702536221707,0.4305555555555556,0.3787878787878788,5.319444444444445,5.454545454545454,1.0,2.7,0.5,0.6,-0.03864477761089802,0.5
2024,6,Houston Cougars,0.10161925131274809,-0.08153269301026554,0.46774193548387094,0.4406779661016949,6.096774193548387,4.932203389830509,2.5,1.7272727272727273,0.4,1.0,0.15832935025294623,0.38461538461538464
2024,6,Indiana Hoosiers,0.41824626968457146,0.0805476650595665,0.6307692307692307,0.45,8.276923076923078,5.6,4.1,2.6666666666666665,0.7142857142857143,0.6666666666666666,0.48346415327654946,0.375
2024,6,Iowa State Cyclones,0.32928804670061385,0.06875137169845402,0.4714285714285714,0.4375,8.028571428571428,5.265625,1.9333333333333333,1.5,0.5,1.0,0.15731300200734818,0.4166666666666667
2024,6,Jacksonville State Gamecocks,0.3504553178423329,-0.13763903081417084,0.5921052631578947,0.4,7.5394736842105265,4.95,4.666666666666667,1.3076923076923077,0.875,0.6666666666666666,0.26594414671913524,0.5833333333333334
2024,6,James Madison Dukes,-0.13469910014558722,-0.04635608322539572,0.4444444444444444,0.3389830508474576,5.91358024691358,5.101694915254237,1.1875,1.0769230769230769,0.3333333333333333,1.0,-0.03500080307324727,0.375
2024,6,Kansas Jayhawks,0.25558766410235434,0.3341778542314257,0.4838709677419355,0.6142857142857143,6.935483870967742,7.6,2.8181818181818183,2.8,0.0,0.6,0.23377346485853195,0.5833333333333334
2024,6,Kennesaw State Owls,-0.13763903081417084,0.3504553178423329,0.4,0.5921052631578947,4.95,7.5394736842105265,1.3076923076923077,4.666666666666667,0.6666666666666666,0.875,-0.32204317214877104,0.4375
2024,6,Louisiana Ragin' Cajuns,0.1820899468401204,-0.21496512339665338,0.5217391304347826,0.3333333333333333,6.057971014492754,5.17948717948718,1.6428571428571428,1.1818181818181819,0.2,1.0,0.1189469975920824,0.4
2024,6,Louisville Cardinals,0.20463321245077884,0.34070297073701333,0.4393939393939394,0.5172413793103449,6.818181818181818,7.931034482758621,2.7,3.4,0.5,0.75,0.07394021391868591,0.25
2024,6,Marshall Thundering Herd,0.3752062904338042,0.12626822256460424,0.5208333333333334,0.4634146341463415,7.5,5.646341463414634,2.375,1.5384615384615385,0.6666666666666666,1.0,0.29596787244081496,0.375
2024,6,Massachusetts Minutemen,0.01016834185969445,0.25156440922329504,0.3709677419354839,0.6290322580645161,6.290322580645161,7.145161290322581,1.5384615384615385,2.6153846153846154,0.25,1.0,-0.0006090907946876857,0.38461538461538464
2024,6,Miami (OH) RedHawks,-0.0407917048124706,-0.07214949870931692,0.39705882352941174,0.4482758620689655,5.588235294117647,5.724137931034483,1.6666666666666667,1.7777777777777777,0.4,0.3333333333333333,-0.27224563896656034,0.5555555555555556
2024,6,Miami Hurricanes,0.332966304175994,0.1676048693868021,0.5529411764705883,0.3125,7.2823529411764705,8.083333333333334,3.0,2.5833333333333335,1.0,0.6666666666666666,0.25426579255324144,0.375
2024,6,Michigan State Spartans,-0.1225513345003128,0.24984071114896864,0.42,0.5072463768115942,5.06,7.086956521739131,0.8333333333333334,2.4,0.3333333333333333,0.6666666666666666,-0.2274227891419385,0.18181818181818182
2024,6,Michigan Wolverines,0.0032959741450125173,0.19602503794342724,0.532258064516129,0.5074626865671642,5.016129032258065,6.417910447761194,1.5454545454545454,2.4545454545454546,1.0,0.5,0.003950741522166194,0.4166666666666667
2024,6,Minnesota Golden Gophers,0.16794835159490848,0.16269819270218572,0.5344827586206896,0.6451612903225806,6.206896551724138,6.145161290322581,2.4,1.8888888888888888,0.75,1.0,0.2247990850980083,0.125
2024,6,Missouri Tigers,-0.11186852660335478,0.3738205864511687,0.29508196721311475,0.5,4.327868852459017,8.827586206896552,0.9090909090909091,3.727272727272727,0.0,0.8,-0.26552545385701315,0.26666666666666666
2024,6,Monmouth Hawks,0.2782700146947588,0.33061190081548086,0.4603174603174603,0.4936708860759494,7.396825396825397,7.8354430379746836,2.25,3.8181818181818183,1.0,0.5,0.3600684366327651,0.38461538461538464
2024,6,NC State Wolfpack,0.08332418799400329,0.17470237563053767,0.5733333333333334,0.4666666666666667,6.1466666666666665,5.466666666666667,2.5,2.6153846153846154,0.3333333333333333,0.5,0.18769637892643612,0.4666666666666667
2024,6,Navy Midshipmen,0.2738962443101974,-0.16378539881922982,0.4603174603174603,0.34545454545454546,7.349206349206349,5.345454545454546,1.7894736842105263,0.5,1.0,0.0,0.21690436005592345,0.2727272727272727
2024,6,Nevada Wolf Pack,0.29849877286313187,0.36766567381460274,0.4925373134328358,0.582089552238806,6.253731343283582,6.597014925373134,3.4444444444444446,3.5,0.8,1.0,0.22396344542503357,0.4666666666666667
2024,6,North Carolina Tar Heels,0.04207297254212295,0.15001541899668203,0.4177215189873418,0.4594594594594595,5.443037974683544,8.31081081081081,1.5454545454545454,2.6153846153846154,0.4,0.5,0.16912059280379066,0.26666666666666666
2024,6,North Dakota Fighting Hawks,0.04836488669773318,0.17445972561836243,0.49056603773584906,0.5074626865671642,4.981132075471698,6.08955223880597,1.2142857142857142,2.9285714285714284,0.6666666666666666,0.75,0.027602371715364,0.36363636363636365
2024,6,North Dakota State Bison,0.17445972561836243,0.04836488669773318,0.5074626865671642,0.49056603773584906,6.08955223880597,4.981132075471698,2.9285714285714284,1.2142857142857142,0.75,0.6666666666666666,0.12003343045711518,0.625
2024,6,Northern Illinois Huskies,0.25156440922329504,0.01016834185969445,0.6290322580645161,0.3709677419354839,7.145161290322581,6.290322580645161,2.6153846153846154,1.5384615384615385,1.0,0.25,0.1054876646399498,0.7272727272727273
2024,6,Northwestern Wildcats,0.0805476650595665,0.41824626968457146,0.45,0.6307692307692307,5.6,8.276923076923078,2.6666666666666665,4.1,0.6666666666666666,0.7142857142857143,0.060009111734953796,0.3076923076923077
2024,6,Oklahoma State Cowboys,-0.01501097631725398,0.35854295160197003,0.36363636363636365,0.4810126582278481,5.295454545454546,7.367088607594937,1.5555555555555556,4.222222222222222,1.0,0.7142857142857143,-0.18045569775682507,0.2222222222222222
2024,6,Old Dominion Monarchs,0.08208286503950755,0.3300405373015711,0.44,0.3548387096774194,6.44,8.03225806451613,2.642857142857143,3.1666666666666665,0.75,0.6666666666666666,-0.1275791057892013,0.5555555555555556
2024,6,Ole Miss Rebels,-0.0010270836637980903,-0.1945215618531955,0.40298507462686567,0.3815789473684211,6.7611940298507465,4.302631578947368,2.076923076923077,0.21428571428571427,0.75,0.0,0.15262004102651888,0.16666666666666666
2024,6,Oregon Ducks,0.24984071114896864,-0.1225513345003128,0.5072463768115942,0.42,7.086956521739131,5.06,2.4,0.8333333333333334,0.6666666666666666,0.3333333333333333,0.21192789812656967,0.4166666666666667
2024,6,Oregon State Beavers,0.2837636872132619,0.27127197363238403,0.5466666666666666,0.5217391304347826,5.306666666666667,6.3478260869565215,4.0,2.923076923076923,0.8,0.5714285714285714,-0.07326063838872042,0.4375
2024,6,Penn State Nittany Lions,0.15317546891478392,-0.03635004721581936,0.5384615384615384,0.3620689655172414,6.038461538461538,4.482758620689655,3.0,1.2222222222222223,0.75,0.3333333333333333,-0.012861081585288047,0.4166666666666667
2024,6,Pittsburgh Panthers,0.15001541899668203,0.04207297254212295,0.4594594594594595,0.4177215189873418,8.31081081081081,5.443037974683544,2.6153846153846154,1.5454545454545454,0.5,0.4,0.09337043187074494,0.4375
2024,6,Purdue Boilermakers,-0.3349578345709659,0.2845717937582069,0.3191489361702128,0.5277777777777778,4.617021276595745,8.13888888888889,0.25,3.4615384615384617,0.0,0.75,-0.1809529061946604,0.09090909090909091
2024,6,SMU Mustangs,0.34070297073701333,0.20463321245077884,0.5172413793103449,0.4393939393939394,7.931034482758621,6.818181818181818,3.4,2.7,0.75,0.5,0.30241418288399774,0.4
2024,6,Sam Houston Bearkats,0.03019068550459946,-0.20400740855163144,0.4177215189873418,0.3709677419354839,6.468354430379747,5.161290322580645,1.7894736842105263,0.4117647058823529,0.3333333333333333,0.5,0.024994989732901256,0.29411764705882354
2024,6,San Diego State Aztecs,0.06962702536221707,0.20797504753702217,0.3787878787878788,0.4305555555555556,5.454545454545454,5.319444444444445,2.7,1.0,0.6,0.5,-0.03157959149238911,0.3125
2024,6,San José State Spartans,0.36766567381460274,0.29849877286313187,0.582089552238806,0.4925373134328358,6.597014925373134,6.253731343283582,3.5,3.4444444444444446,1.0,0.8,0.2910679838171712,0.6666666666666666
2024,6,South Alabama Jaguars,0.16663154011920972,0.03025880455970764,0.5441176470588235,0.45588235294117646,6.75,5.955882352941177,0.6923076923076923,0.75,0.3333333333333333,0.2,0.11307404141099948,0.38461538461538464
2024,6,South Carolina Gamecocks,-0.1945215618531955,-0.0010270836637980903,0.3815789473684211,0.40298507462686567,4.302631578947368,6.7611940298507465,0.21428571428571427,2.076923076923077,0.0,0.75,-0.11491197001721178,0.3125
2024,6,Southern Miss Golden Eagles,-0.21496512339665338,0.1820899468401204,0.3333333333333333,0.5217391304347826,5.17948717948718,6.057971014492754,1.1818181818181819,1.6428571428571428,1.0,0.2,-0.17678857426489553,0.14285714285714285
2024,6,Stanford Cardinal,-0.10503286450649753,0.26663189611651683,0.45454545454545453,0.509090909090909,4.106060606060606,6.127272727272727,0.7,2.0,0.5,1.0,-0.2160675884783268,0.38461538461538464
2024,6,Syracuse Orange,0.24178986837354938,0.3962736924489339,0.5056179775280899,0.5555555555555556,5.651685393258427,8.11111111111111,4.0,2.8333333333333335,0.7142857142857143,0.8,0.07010025794015211,0.47058823529411764
2024,6,TCU Horned Frogs,-0.08153269301026554,0.10161925131274809,0.4406779661016949,0.46774193548387094,4.932203389830509,6.096774193548387,1.7272727272727273,2.5,1.0,0.4,-0.1948087999354238,0.2
2024,6,Temple Owls,-0.40390166039787123,-0.2638885315649117,0.3283582089552239,0.4050632911392405,5.776119402985074,5.253164556962025,0.7222222222222222,1.4375,0.25,0.3333333333333333,-0.16331374614189068,0.23529411764705882
2024,6,Tennessee Volunteers,0.043210603640629695,0.10906458595027663,0.4461538461538462,0.4794520547945205,5.338461538461538,6.027397260273973,1.2727272727272727,1.1818181818181819,0.6666666666666666,0.4,0.015905759436018924,0.4375
2024,6,Texas A&M Aggies,0.3738205864511687,-0.11186852660335478,0.5,0.29508196721311475,8.827586206896552,4.327868852459017,3.727272727272727,0.9090909090909091,0.8,0.0,0.2082986779834913,0.5833333333333334
2024,6,Texas State Bobcats,0.09346438131549141,-0.1224194843144644,0.48484848484848486,0.3492063492063492,6.636363636363637,5.444444444444445,3.1666666666666665,1.4166666666666667,1.0,1.0,0.15438690348104997,0.36363636363636365
2024,6,Texas Tech Red Raiders,-0.13377006162296642,-0.1830144478724553,0.4727272727272727,0.38461538461538464,6.036363636363636,5.589743589743589,1.75,1.3571428571428572,0.6666666666666666,0.25,0.10225843638181686,0.09090909090909091
2024,6,Toledo Rockets,-0.07214949870931692,-0.0407917048124706,0.4482758620689655,0.39705882352941174,5.724137931034483,5.588235294117647,1.7777777777777777,1.6666666666666667,0.3333333333333333,0.4,0.07601551646771638,0.2727272727272727
2024,6,Troy Trojans,-0.1224194843144644,0.09346438131549141,0.3492063492063492,0.48484848484848486,5.444444444444445,6.636363636363637,1.4166666666666667,3.1666666666666665,1.0,1.0,-0.08584837149828672,0.46153846153846156
2024,6,Tulane Green Wave,0.39003636512686224,-0.23544067961554374,0.6029411764705882,0.3548387096774194,7.367647058823529,5.612903225806452,3.625,1.3333333333333333,0.8333333333333334,0.3333333333333333,0.3875857771470629,0.25
2024,6,Tulsa Golden Hurricane,-0.15992828740605286,0.6527236201193022,0.37142857142857144,0.5217391304347826,3.9571428571428573,10.673913043478262,0.7,5.444444444444445,1.0,1.0,-0.12061639199964702,0.4117647058823529
2024,6,UAB Blazers,-0.23544067961554374,0.39003636512686224,0.3548387096774194,0.6029411764705882,5.612903225806452,7.367647058823529,1.3333333333333333,3.625,0.3333333333333333,0.8333333333333334,-0.2805510342121124,0.13333333333333333
2024,6,UCF Knights,-0.04767645611649468,0.23273939840377322,0.4603174603174603,0.5238095238095238,4.555555555555555,5.523809523809524,1.4444444444444444,2.4,0.3333333333333333,0.75,0.16749688101058102,0.3333333333333333
2024,6,UCLA Bruins,-0.03635004721581936,0.15317546891478392,0.3620689655172414,0.5384615384615384,4.482758620689655,6.038461538461538,1.2222222222222223,3.0,0.3333333333333333,0.75,0.018134012531775694,0.3333333333333333
2024,6,UConn Huskies,-0.2638885315649117,-0.40390166039787123,0.4050632911392405,0.3283582089552239,5.253164556962025,5.776119402985074,1.4375,0.7222222222222222,0.3333333333333333,0.25,-0.1177335042739287,0.21428571428571427
2024,6,UL Monroe Warhawks,-0.04635608322539572,-0.13469910014558722,0.3389830508474576,0.4444444444444444,5.101694915254237,5.91358024691358,1.0769230769230769,1.1875,1.0,0.3333333333333333,-0.15444098519427435,0.4
2024,6,UNLV Rebels,0.3962736924489339,0.24178986837354938,0.5555555555555556,0.5056179775280899,8.11111111111111,5.651685393258427,2.8333333333333335,4.0,0.8,0.7142857142857143,0.38213869333267214,0.6
2024,6,USC Trojans,0.16269819270218572,0.16794835159490848,0.6451612903225806,0.5344827586206896,6.145161290322581,6.206896551724138,1.8888888888888888,2.4,1.0,0.75,0.15866193905764936,0.6363636363636364
2024,6,UTEP Miners,-0.20400740855163144,0.03019068550459946,0.3709677419354839,0.4177215189873418,5.161290322580645,6.468354430379747,0.4117647058823529,1.7894736842105263,0.5,0.3333333333333333,0.03424969283135041,0.26666666666666666
2024,6,Utah State Aggies,0.14983985643531825,0.3442693924250668,0.40540540540540543,0.5205479452054794,6.851351351351352,8.232876712328768,2.142857142857143,4.428571428571429,0.5,0.8333333333333334,0.02811352636378545,0.47368421052631576
2024,6,Vanderbilt Commodores,0.20550855545148458,0.4018830003386194,0.4246575342465753,0.5454545454545454,5.63013698630137,9.659090909090908,3.7777777777777777,3.1818181818181817,0.75,0.8,-0.07906708825718273,0.47058823529411764
2024,6,Virginia Cavaliers,0.09095460224536157,-0.10584699696507947,0.43548387096774194,0.5,5.758064516129032,6.568965517241379,1.4166666666666667,1.2727272727272727,0.0,1.0,-0.013594639963573879,0.4666666666666667
2024,6,Virginia Tech Hokies,0.26663189611651683,-0.10503286450649753,0.509090909090909,0.45454545454545453,6.127272727272727,4.106060606060606,2.0,0.7,1.0,0.5,0.11016588658094406,0.25
2024,6,Wake Forest Demon Deacons,0.17470237563053767,0.08332418799400329,0.4666666666666667,0.5733333333333334,5.466666666666667,6.1466666666666665,2.6153846153846154,2.5,0.5,0.3333333333333333,0.09983502846697102,0.18181818181818182
2024,6,Washington Huskies,0.19602503794342724,0.0032959741450125173,0.5074626865671642,0.532258064516129,6.417910447761194,5.016129032258065,2.4545454545454546,1.5454545454545454,0.5,1.0,0.11961150488683156,0.2727272727272727
2024,6,West Virginia Mountaineers,0.35854295160197003,-0.01501097631725398,0.4810126582278481,0.36363636363636365,7.367088607594937,5.295454545454546,4.222222222222222,1.5555555555555556,0.7142857142857143,1.0,0.20859941939512888,0.5333333333333333
2024,6,Western Michigan Broncos,0.28885974712444074,0.2289066081866622,0.5757575757575758,0.484375,7.03030303030303,6.703125,3.7142857142857144,3.230769230769231,0.6666666666666666,1.0,0.31768965195207033,0.4166666666666667
2024,6,Wisconsin Badgers,0.2845717937582069,-0.3349578345709659,0.5277777777777778,0.3191489361702128,8.13888888888889,4.617021276595745,3.4615384615384617,0.25,0.75,0.0,0.24143725999614649,0.5
2024,7,Air Force Falcons,0.24475044704658885,0.40203639971358435,0.5352112676056338,0.5714285714285714,6.098591549295775,7.696428571428571,3.3636363636363638,4.5,1.0,0.8,0.12383190542459488,0.4117647058823529
2024,7,Akron Zips,0.0020976719079595623,0.05493804177299875,0.48484848484848486,0.4262295081967213,7.893939393939394,6.344262295081967,2.0,2.076923076923077,0.6,0.6666666666666666,0.141682130499528,0.46153846153846156
2024,7,Alabama Crimson Tide,0.041765584808881165,0.058991618139643064,0.5245901639344263,0.4788732394366197,5.639344262295082,5.887323943661972,2.4545454545454546,1.9166666666666667,0.75,0.5,0.008889303523667005,0.2727272727272727
2024,7,App State Mountaineers,-0.053355826359046135,0.2599347914968218,0.4605263157894737,0.5178571428571429,5.5131578947368425,6.375,2.0,2.4285714285714284,1.0,0.75,-0.20775135325603797,0.5
2024,7,Arizona State Sun Devils,0.17614517635420748,-0.05857138037681579,0.43859649122807015,0.35714285714285715,6.017543859649122,5.285714285714286,2.4545454545454546,1.9,1.0,0.25,0.15093281392644092,0.3076923076923077
2024,7,Arizona Wildcats,-0.11118073706273679,0.12498449925648963,0.4074074074074074,0.5254237288135594,5.037037037037037,6.728813559322034,1.1176470588235294,2.2666666666666666,0.6666666666666666,0.6,-0.2733262864680126,0.5263157894736842
2024,7,Arkansas State Red Wolves,-0.03970845169584516,0.4681890597849181,0.4788732394366197,0.6060606060606061,5.647887323943662,8.954545454545455,0.9,3.727272727272727,0.0,0.5,-0.1683094414337626,0.4117647058823529
2024,7,Army Black Knights,0.32001633598254275,-0.19178355927579105,0.5846153846153846,0.5,7.092307692307692,4.9375,2.5,0.9090909090909091,0.5,0.25,0.32375361417469223,0.42857142857142855
2024,7,BYU Cougars,0.12498449925648963,-0.11118073706273679,0.5254237288135594,0.4074074074074074,6.728813559322034,5.037037037037037,2.2666666666666666,1.1176470588235294,0.6,0.6666666666666666,0.2209459568591828,0.3
2024,7,Ball State Cardinals,0.15961171521080864,0.2869197821075266,0.4583333333333333,0.3787878787878788,5.888888888888889,7.196969696969697,3.0833333333333335,2.9166666666666665,0.5,1.0,0.18743608807617762,0.3125
2024,7,Boise State Broncos,0.30480706018786274,-0.06394013282606158,0.46774193548387094,0.3220338983050847,7.0,4.491525423728813,2.3333333333333335,0.875,0.25,0.3333333333333333,0.10409540886228735,0.4666666666666667
2024,7,Bowling Green Falcons,-0.3503077658739957,-0.10541295605725136,0.34545454545454546,0.37681159420289856,4.036363636363636,4.304347826086956,0.6363636363636364,1.4166666666666667,0.5,0.0,-0.22882532477378845,0.0
2024,7,Buffalo Bulls,0.009465513484818595,-0.1163702001305003,0.35714285714285715,0.34210526315789475,5.257142857142857,5.697368421052632,2.076923076923077,1.1538461538461537,0.8,0.5,-0.06608312834392895,0.4
2024,7,California Golden Bears,-0.0786059270431469,-0.11136134591969576,0.36363636363636365,0.38181818181818183,4.415584415584416,5.781818181818182,1.25,1.4166666666666667,1.0,1.0,-0.10455454389254253,0.375
2024,7,Central Michigan Chippewas,0.2516650409127275,0.08055900690848367,0.45,0.43859649122807015,5.4,8.157894736842104,2.0833333333333335,1.8461538461538463,0.6666666666666666,0.75,0.18548153382208613,0.3076923076923077
2024,7,Cincinnati Bearcats,-0.004109848397118704,0.04123382246683514,0.4857142857142857,0.47619047619047616,4.871428571428571,6.26984126984127,1.9,1.1818181818181819,0.4,0.3333333333333333,-0.18007246728213328,0.4375
2024,7,Clemson Tigers,0.3817973019821303,-0.20986513009196833,0.5714285714285714,0.3333333333333333,7.023809523809524,4.473684210526316,4.083333333333333,1.2727272727272727,1.0,1.0,0.2684149489634567,0.5454545454545454
2024,7,Coastal Carolina Chanticleers,-0.43091875826026876,0.09663857212838005,0.19607843137254902,0.4117647058823529,4.117647058823529,6.25,0.5,2.1333333333333333,,0.75,-0.3472758279861631,0.14285714285714285
2024,7,Colorado Buffaloes,0.18081679514476232,0.22646369475584763,0.4642857142857143,0.5230769230769231,7.142857142857143,7.6461538461538465,2.8,3.1,1.0,1.0,0.10717496140436693,0.2
2024,7,Colorado State Rams,0.10708431201055646,0.18363581810678756,0.609375,0.5079365079365079,8.5,6.73015873015873,2.3846153846153846,1.4166666666666667,0.6666666666666666,0.0,0.00852178183256411,0.5384615384615384
2024,7,Delaware Blue Hens,0.24115874383547534,-0.21214328881572275,0.5068493150684932,0.43137254901960786,6.273972602739726,5.450980392156863,3.7,1.75,0.6,1.0,0.23261849974331103,0.5
2024,7,Eastern Michigan Eagles,-0.08805453119339882,0.4019153215164362,0.45454545454545453,0.4418604651162791,3.987012987012987,9.093023255813954,0.9333333333333333,2.533333333333333,0.4,1.0,-0.0647683734523839,0.4375
2024,7,Eastern Washington Eagles,0.46007585834179604,0.29047258477658033,0.6285714285714286,0.515625,6.3428571428571425,5.703125,3.888888888888889,2.8,0.75,1.0,0.41619905709688154,0.5833333333333334
2024,7,Florida Atlantic Owls,0.32911249811518684,0.23311216192586082,0.5068493150684932,0.4714285714285714,7.671232876712328,7.1571428571428575,3.0833333333333335,2.9285714285714284,0.5,0.8,0.26574044400139857,0.5333333333333333
2024,7,Florida Gators,-0.16112723160121176,-0.05834576617116514,0.4444444444444444,0.4492753623188406,5.208333333333333,4.811594202898551,0.7142857142857143,1.6428571428571428,0.3333333333333333,0.6666666666666666,-0.12562057159163736,0.26666666666666666
2024,7,Florida International Panthers,0.004886489298384068,0.18391068731293533,0.4406779661016949,0.5454545454545454,5.440677966101695,6.045454545454546,1.411764705882353,0.9333333333333333,0.5,0.6666666666666666,0.0816521177237684,0.3333333333333333
2024,7,Georgia Bulldogs,0.3094798248924621,0.22608835706787725,0.6301369863013698,0.3387096774193548,8.273972602739725,6.17741935483871,3.4166666666666665,2.1818181818181817,0.6,1.0,0.24813864905326094,0.5
2024,7,Georgia Southern Eagles,-0.08017543537749185,-0.08428977166905123,0.4305555555555556,0.4411764705882353,5.930555555555555,5.544117647058823,1.0,1.6428571428571428,0.6666666666666666,0.5,-0.03165556734258478,0.3333333333333333
2024,7,Georgia State Panthers,-0.22636173131900864,0.0017573587478153289,0.35135135135135137,0.3968253968253968,4.283783783783784,5.555555555555555,1.0,1.5,0.5,1.0,-0.18228845102222344,0.3333333333333333
2024,7,Georgia Tech Yellow Jackets,0.3027902736630238,0.014225237509783576,0.5492957746478874,0.4411764705882353,7.309859154929577,6.529411764705882,3.1538461538461537,1.8,0.6666666666666666,0.75,0.3898464684685071,0.2727272727272727
2024,7,Hawai'i Rainbow Warriors,-0.06394013282606158,0.30480706018786274,0.3220338983050847,0.46774193548387094,4.491525423728813,7.0,0.875,2.3333333333333335,0.3333333333333333,0.25,-0.029730996560482753,0.35714285714285715
2024,7,Illinois State Redbirds,-0.20825563056368224,0.0760551244020462,0.4084507042253521,0.45714285714285713,6.084507042253521,6.428571428571429,0.5384615384615384,2.8333333333333335,0.5,0.5,0.01766771132295782,0.35714285714285715
2024,7,Iowa Hawkeyes,0.14013824937865138,-0.07374864863231778,0.5208333333333334,0.4,5.958333333333333,5.3125,3.6363636363636362,1.6,0.6,0.5,0.3318690774150384,0.4444444444444444
2024,7,Iowa State Cyclones,0.2941857221117918,0.09574128096065825,0.43478260869565216,0.5396825396825397,5.72463768115942,5.9523809523809526,3.111111111111111,2.0,0.75,0.6666666666666666,0.1257283405031798,0.5714285714285714
2024,7,Jacksonville State Gamecocks,0.34729645694747113,-0.12129240405203691,0.5151515151515151,0.43283582089552236,7.803030303030303,5.3283582089552235,3.857142857142857,0.9285714285714286,0.75,0.0,0.38649699091911316,0.38461538461538464
2024,7,James Madison Dukes,0.09663857212838005,-0.43091875826026876,0.4117647058823529,0.19607843137254902,6.25,4.117647058823529,2.1333333333333333,0.5,0.75,,0.06273483370359127,0.42857142857142855
2024,7,Kansas State Wildcats,0.22646369475584763,0.18081679514476232,0.5230769230769231,0.4642857142857143,7.6461538461538465,7.142857142857143,3.1,2.8,1.0,1.0,0.21016496770522175,0.45454545454545453
2024,7,Kent State Golden Flashes,0.2869197821075266,0.15961171521080864,0.3787878787878788,0.4583333333333333,7.196969696969697,5.888888888888889,2.9166666666666665,3.0833333333333335,1.0,0.5,0.2954495384985087,0.35714285714285715
2024,7,Kentucky Wildcats,0.024723685856135387,0.11242544593719336,0.5471698113207547,0.5,5.90566037735849,5.596153846153846,1.625,2.5,0.5,1.0,0.14168465246514575,0.4444444444444444
2024,7,LSU Tigers,0.07355006794134776,0.06458635753895862,0.4,0.39759036144578314,5.613333333333333,5.771084337349397,2.0714285714285716,1.7333333333333334,0.5,0.16666666666666666,-0.060073251969047954,0.375
2024,7,Liberty Flames,0.18391068731293533,0.004886489298384068,0.5454545454545454,0.4406779661016949,6.045454545454546,5.440677966101695,0.9333333333333333,1.411764705882353,0.6666666666666666,0.5,0.2992742587219585,0.36363636363636365
2024,7,Louisiana Ragin' Cajuns,0.2599347914968218,-0.053355826359046135,0.5178571428571429,0.4605263157894737,6.375,5.5131578947368425,2.4285714285714284,2.0,0.75,1.0,0.26133629537764047,0.3076923076923077
2024,7,Louisiana Tech Bulldogs,0.5144555235610289,-0.0029157346178745403,0.5735294117647058,0.46551724137931033,7.867647058823529,6.068965517241379,4.363636363636363,1.75,0.8571428571428571,0.6,0.20807016188023136,0.5
2024,7,Louisville Cardinals,0.1893238687919358,0.1002707249689393,0.4406779661016949,0.4146341463414634,7.016949152542373,5.719512195121951,1.7142857142857142,1.5384615384615385,0.5,0.25,0.33501335605978966,0.3
2024,7,Maine Black Bears,-0.21214328881572275,0.24115874383547534,0.43137254901960786,0.5068493150684932,5.450980392156863,6.273972602739726,1.75,3.7,1.0,0.6,-0.14320146292448044,0.375
2024,7,Marshall Thundering Herd,-0.08428977166905123,-0.08017543537749185,0.4411764705882353,0.4305555555555556,5.544117647058823,5.930555555555555,1.6428571428571428,1.0,0.5,0.6666666666666666,-0.11191066713244827,0.42857142857142855
2024,7,Maryland Terrapins,-0.24592415349824087,0.01332628483674964,0.4166666666666667,0.3469387755102041,4.785714285714286,5.959183673469388,0.7692307692307693,2.142857142857143,0.25,0.75,-0.1912818771142226,0.4
2024,7,Massachusetts Minutemen,-0.24111150340600448,0.3287144469157342,0.3090909090909091,0.4838709677419355,4.872727272727273,7.758064516129032,0.2727272727272727,3.75,0.0,0.75,-0.14197896644473076,0.21428571428571427
2024,7,Memphis Tigers,-0.13200515551843506,-0.5272059865295887,0.37681159420289856,0.26666666666666666,5.028985507246377,5.066666666666666,1.0,0.2,1.0,0.0,-0.006795459255880239,0.25
2024,7,Miami (OH) RedHawks,0.4019153215164362,-0.08805453119339882,0.4418604651162791,0.45454545454545453,9.093023255813954,3.987012987012987,2.533333333333333,0.9333333333333333,1.0,0.4,0.49364857112660127,0.2222222222222222
2024,7,Middle Tennessee Blue Raiders,-0.0029157346178745403,0.5144555235610289,0.46551724137931033,0.5735294117647058,6.068965517241379,7.867647058823529,1.75,4.363636363636363,0.6,0.8571428571428571,-0.10037440806627274,0.45454545454545453
2024,7,Minnesota Golden Gophers,-0.0058740895178358435,-0.0423418962426724,0.423728813559322,0.46774193548387094,3.9152542372881354,5.338709677419355,2.1,1.5454545454545454,1.0,0.5,-0.11615166576071219,0.3333333333333333
2024,7,Mississippi State Bulldogs,0.22608835706787725,0.3094798248924621,0.3387096774193548,0.6301369863013698,6.17741935483871,8.273972602739725,2.1818181818181817,3.4166666666666665,1.0,0.6,0.21144036853567083,0.08333333333333333
2024,7,Missouri State Bears,0.0760551244020462,-0.20825563056368224,0.45714285714285713,0.4084507042253521,6.428571428571429,6.084507042253521,2.8333333333333335,0.5384615384615384,0.5,0.5,0.04771643361219993,0.4666666666666667
2024,7,Missouri Tigers,0.3287144469157342,-0.24111150340600448,0.4838709677419355,0.3090909090909091,7.758064516129032,4.872727272727273,3.75,0.2727272727272727,0.75,0.0,0.32039522218937966,0.5
2024,7,NC State Wolfpack,0.2644342190840028,0.17973320345083874,0.45454545454545453,0.49333333333333335,9.522727272727273,6.013333333333334,2.125,2.6666666666666665,0.3333333333333333,0.3333333333333333,0.21868068543640343,0.16666666666666666
2024,7,Nevada Wolf Pack,0.47870876247232613,0.09054856995741527,0.5818181818181818,0.4880952380952381,7.672727272727273,7.5476190476190474,2.9166666666666665,2.727272727272727,0.75,0.7142857142857143,0.5430360449121353,0.42857142857142855
2024,7,New Mexico Lobos,0.40203639971358435,0.24475044704658885,0.5714285714285714,0.5352112676056338,7.696428571428571,6.098591549295775,4.5,3.3636363636363638,0.8,1.0,0.3283696079796011,0.5
2024,7,New Mexico State Aggies,-0.12129240405203691,0.34729645694747113,0.43283582089552236,0.5151515151515151,5.3283582089552235,7.803030303030303,0.9285714285714286,3.857142857142857,0.0,0.75,0.12644061933343226,0.23076923076923078
2024,7,North Carolina Tar Heels,0.014225237509783576,0.3027902736630238,0.4411764705882353,0.5492957746478874,6.529411764705882,7.309859154929577,1.8,3.1538461538461537,0.75,0.6666666666666666,0.0016954506144804113,0.21428571428571427
2024,7,North Dakota State Bison,0.11037084882828727,-0.3037411445379257,0.5671641791044776,0.32,5.417910447761194,4.28,2.6666666666666665,0.3333333333333333,0.6,0.0,0.18605072647333146,0.5333333333333333
2024,7,North Texas Mean Green,0.23311216192586082,0.32911249811518684,0.4714285714285714,0.5068493150684932,7.1571428571428575,7.671232876712328,2.9285714285714284,3.0833333333333335,0.8,0.5,0.30219657056861454,0.25
2024,7,Northern Illinois Huskies,-0.10541295605725136,-0.3503077658739957,0.37681159420289856,0.34545454545454546,4.304347826086956,4.036363636363636,1.4166666666666667,0.6363636363636364,0.0,0.5,-0.10525780784733155,0.375
2024,7,Northwestern Wildcats,0.01332628483674964,-0.24592415349824087,0.3469387755102041,0.4166666666666667,5.959183673469388,4.785714285714286,2.142857142857143,0.7692307692307693,0.75,0.25,0.05706387758255005,0.18181818181818182
2024,7,Notre Dame Fighting Irish,0.3966064651807149,-0.26341771873934516,0.5606060606060606,0.43103448275862066,7.2272727272727275,3.3448275862068964,2.8,0.5833333333333334,0.8571428571428571,1.0,0.23461446853784415,0.45454545454545453
2024,7,Ohio Bobcats,0.08055900690848367,0.2516650409127275,0.43859649122807015,0.45,8.157894736842104,5.4,1.8461538461538463,2.0833333333333335,0.75,0.6666666666666666,-0.032082806462826935,0.36363636363636365
2024,7,Ohio State Buckeyes,0.3300265930037,0.3301253500394523,0.5671641791044776,0.53125,7.3283582089552235,7.84375,2.5833333333333335,2.909090909090909,0.8,0.4,0.37490067926217924,0.3333333333333333
2024,7,Oklahoma Sooners,-0.2812189308597761,0.11671205133688255,0.38235294117647056,0.39344262295081966,3.4705882352941178,6.065573770491803,0.23076923076923078,2.8333333333333335,0.0,0.3333333333333333,-0.21020688980817795,0.25
2024,7,Old Dominion Monarchs,0.0017573587478153289,-0.22636173131900864,0.3968253968253968,0.35135135135135137,5.555555555555555,4.283783783783784,1.5,1.0,1.0,0.5,-0.007546186447143555,0.35714285714285715
2024,7,Ole Miss Rebels,0.06458635753895862,0.07355006794134776,0.39759036144578314,0.4,5.771084337349397,5.613333333333333,1.7333333333333334,2.0714285714285716,0.16666666666666666,0.5,-0.29493740046846456,0.45454545454545453
2024,7,Oregon Ducks,0.3301253500394523,0.3300265930037,0.53125,0.5671641791044776,7.84375,7.3283582089552235,2.909090909090909,2.5833333333333335,0.4,0.8,0.2440159364293019,0.2857142857142857
2024,7,Oregon State Beavers,0.09054856995741527,0.47870876247232613,0.4880952380952381,0.5818181818181818,7.5476190476190474,7.672727272727273,2.727272727272727,2.9166666666666665,0.7142857142857143,0.75,0.06267348019515767,0.7333333333333333
2024,7,Penn State Nittany Lions,0.18405808694660664,0.14426438561801253,0.5555555555555556,0.4827586206896552,7.944444444444445,7.431034482758621,2.357142857142857,2.5,0.3333333333333333,1.0,0.23025028895715188,0.3333333333333333
2024,7,Pittsburgh Panthers,-0.11136134591969576,-0.0786059270431469,0.38181818181818183,0.36363636363636365,5.781818181818182,4.415584415584416,1.4166666666666667,1.25,1.0,1.0,-0.15880492620351838,0.16666666666666666
2024,7,Rice Owls,0.1273298526214341,0.08866982239407378,0.4406779661016949,0.4155844155844156,6.677966101694915,5.324675324675325,0.6923076923076923,1.6666666666666667,0.75,0.6666666666666666,0.1487563835537952,0.16666666666666666
2024,7,Rutgers Scarlet Knights,-0.17440978938074253,0.18087095424935623,0.373134328358209,0.5135135135135135,4.164179104477612,7.445945945945946,0.4375,2.8,0.3333333333333333,0.8333333333333334,-0.07493689221640427,0.23529411764705882
2024,7,Sacramento State Hornets,0.29047258477658033,0.46007585834179604,0.515625,0.6285714285714286,5.703125,6.3428571428571425,2.8,3.888888888888889,1.0,0.75,0.09934843897819519,0.4166666666666667
2024,7,San Diego State Aztecs,-0.09891801928320239,-0.1904659801546265,0.3709677419354839,0.35294117647058826,5.838709677419355,6.632352941176471,1.5384615384615385,1.6,0.3333333333333333,0.5,-0.009717861811319986,0.15384615384615385
2024,7,San José State Spartans,0.18363581810678756,0.10708431201055646,0.5079365079365079,0.609375,6.73015873015873,8.5,1.4166666666666667,2.3846153846153846,0.0,0.6666666666666666,0.226949044028107,0.3333333333333333
2024,7,South Carolina Gamecocks,0.058991618139643064,0.041765584808881165,0.4788732394366197,0.5245901639344263,5.887323943661972,5.639344262295082,1.9166666666666667,2.4545454545454546,0.5,0.75,-0.08122176649393859,0.4666666666666667
2024,7,South Florida Bulls,-0.5272059865295887,-0.13200515551843506,0.26666666666666666,0.37681159420289856,5.066666666666666,5.028985507246377,0.2,1.0,0.0,1.0,-0.38421014767317546,0.07692307692307693
2024,7,Southern Illinois Salukis,-0.3037411445379257,0.11037084882828727,0.32,0.5671641791044776,4.28,5.417910447761194,0.3333333333333333,2.6666666666666665,0.0,0.6,-0.4313264511525631,0.4
2024,7,Southern Miss Golden Eagles,-0.19990635436261073,0.22479264160334053,0.40625,0.4067796610169492,5.59375,7.3559322033898304,0.42857142857142855,1.4736842105263157,0.25,1.0,0.006310832548014661,0.07692307692307693
2024,7,Stanford Cardinal,-0.26341771873934516,0.3966064651807149,0.43103448275862066,0.5606060606060606,3.3448275862068964,7.2272727272727275,0.5833333333333334,2.8,1.0,0.8571428571428571,-0.10661134193109911,0.18181818181818182
2024,7,Syracuse Orange,0.17973320345083874,0.2644342190840028,0.49333333333333335,0.45454545454545453,6.013333333333334,9.522727272727273,2.6666666666666665,2.125,0.3333333333333333,0.3333333333333333,0.09056966777505546,0.5
2024,7,Tennessee Volunteers,-0.05834576617116514,-0.16112723160121176,0.4492753623188406,0.4444444444444444,4.811594202898551,5.208333333333333,1.6428571428571428,0.7142857142857143,0.6666666666666666,0.3333333333333333,0.02933335992006155,0.26666666666666666
2024,7,Texas Longhorns,0.11671205133688255,-0.2812189308597761,0.39344262295081966,0.38235294117647056,6.065573770491803,3.4705882352941178,2.8333333333333335,0.23076923076923078,0.3333333333333333,0.0,0.13698212517068742,0.3076923076923077
2024,7,Texas State Bobcats,0.4681890597849181,-0.03970845169584516,0.6060606060606061,0.4788732394366197,8.954545454545455,5.647887323943662,3.727272727272727,0.9,0.5,0.0,0.40393118966709485,0.6
2024,7,Toledo Rockets,-0.1163702001305003,0.009465513484818595,0.34210526315789475,0.35714285714285715,5.697368421052632,5.257142857142857,1.1538461538461537,2.076923076923077,0.5,0.8,0.03521859022704038,0.25
2024,7,UAB Blazers,-0.19178355927579105,0.32001633598254275,0.5,0.5846153846153846,4.9375,7.092307692307692,0.9090909090909091,2.5,0.25,0.5,-0.11147261379907529,0.3076923076923077
2024,7,UCF Knights,0.04123382246683514,-0.004109848397118704,0.47619047619047616,0.4857142857142857,6.26984126984127,4.871428571428571,1.1818181818181819,1.9,0.3333333333333333,0.4,-0.07000443402757035,0.38461538461538464
2024,7,UCLA Bruins,-0.0423418962426724,-0.0058740895178358435,0.46774193548387094,0.423728813559322,5.338709677419355,3.9152542372881354,1.5454545454545454,2.1,0.5,1.0,-0.018775497873624165,0.46153846153846156
2024,7,UL Monroe Warhawks,0.22479264160334053,-0.19990635436261073,0.4067796610169492,0.40625,7.3559322033898304,5.59375,1.4736842105263157,0.42857142857142855,1.0,0.25,0.06248565277327662,0.38461538461538464
2024,7,UNLV Rebels,0.3032410405576229,0.206188022755505,0.546875,0.5056179775280899,8.53125,6.629213483146067,3.5714285714285716,2.4285714285714284,0.5,0.8,0.3099658863217223,0.2727272727272727
2024,7,USC Trojans,0.14426438561801253,0.18405808694660664,0.4827586206896552,0.5555555555555556,7.431034482758621,7.944444444444445,2.5,2.357142857142857,1.0,0.3333333333333333,0.26874187144827333,0.18181818181818182
2024,7,UTEP Miners,-0.06876998910537133,0.3155910739702965,0.4153846153846154,0.5522388059701493,5.615384615384615,7.343283582089552,1.5454545454545454,4.0,,0.6666666666666666,-0.05077713632837255,0.5333333333333333
2024,7,UTSA Roadrunners,0.08866982239407378,0.1273298526214341,0.4155844155844156,0.4406779661016949,5.324675324675325,6.677966101694915,1.6666666666666667,0.6923076923076923,0.6666666666666666,0.75,0.09930852851990996,0.4117647058823529
2024,7,Utah State Aggies,0.206188022755505,0.3032410405576229,0.5056179775280899,0.546875,6.629213483146067,8.53125,2.4285714285714284,3.5714285714285716,0.8,0.5,0.1012410894036293,0.47058823529411764
2024,7,Utah Utes,-0.05857138037681579,0.17614517635420748,0.35714285714285715,0.43859649122807015,5.285714285714286,6.017543859649122,1.9,2.4545454545454546,0.25,1.0,-0.0869382741274657,0.4
2024,7,Vanderbilt Commodores,0.11242544593719336,0.024723685856135387,0.5,0.5471698113207547,5.596153846153846,5.90566037735849,2.5,1.625,1.0,0.5,-0.06232519820332527,0.5833333333333334
2024,7,Virginia Cavaliers,0.1002707249689393,0.1893238687919358,0.4146341463414634,0.4406779661016949,5.719512195121951,7.016949152542373,1.5384615384615385,1.7142857142857142,0.25,0.5,-0.011546177541216214,0.42105263157894735
2024,7,Wake Forest Demon Deacons,-0.20986513009196833,0.3817973019821303,0.3333333333333333,0.5714285714285714,4.473684210526316,7.023809523809524,1.2727272727272727,4.083333333333333,1.0,1.0,-0.10390279988447824,0.18181818181818182
2024,7,Washington Huskies,-0.07374864863231778,0.14013824937865138,0.4,0.5208333333333334,5.3125,5.958333333333333,1.6,3.6363636363636362,0.5,0.6,-7.491457765385256e-05,0.3333333333333333
2024,7,West Virginia Mountaineers,0.09574128096065825,0.2941857221117918,0.5396825396825397,0.43478260869565216,5.9523809523809526,5.72463768115942,2.0,3.111111111111111,0.6666666666666666,0.75,-0.10193617403507232,0.6153846153846154
2024,7,Western Kentucky Hilltoppers,0.3155910739702965,-0.06876998910537133,0.5522388059701493,0.4153846153846154,7.343283582089552,5.615384615384615,4.0,1.5454545454545454,0.6666666666666666,,0.090448137819767,0.38461538461538464
2024,7,Western Michigan Broncos,0.05493804177299875,0.0020976719079595623,0.4262295081967213,0.48484848484848486,6.344262295081967,7.893939393939394,2.076923076923077,2.0,0.6666666666666666,0.6,0.0469807161225213,0.5
2024,7,Wisconsin Badgers,0.18087095424935623,-0.17440978938074253,0.5135135135135135,0.373134328358209,7.445945945945946,4.164179104477612,2.8,0.4375,0.8333333333333334,0.3333333333333333,0.13916614197068294,0.5
2024,7,Wyoming Cowboys,-0.1904659801546265,-0.09891801928320239,0.35294117647058826,0.3709677419354839,6.632352941176471,5.838709677419355,1.6,1.5384615384615385,0.5,0.3333333333333333,-0.3018501647389852,0.3333333333333333
2024,8,Air Force Falcons,-0.15011934502215324,-0.028122104447463464,0.3291139240506329,0.3620689655172414,4.417721518987341,7.0,0.35294117647058826,1.2352941176470589,1.0,0.5,-0.1758747594775977,0.3
2024,8,Alabama Crimson Tide,-0.27678867593988193,0.00870041845187749,0.36363636363636365,0.3972602739726027,4.467532467532467,6.890410958904109,1.2142857142857142,1.5,0.5,0.75,-0.24002278144242334,0.21428571428571427
2024,8,Arizona State Sun Devils,-0.11371122432812568,0.0720899971631857,0.46774193548387094,0.4461538461538462,5.564516129032258,5.815384615384615,1.1666666666666667,2.0,1.0,0.6666666666666666,0.08695970491195719,0.3333333333333333
2024,8,Arizona Wildcats,-0.2403502704228385,0.08586828112602234,0.3898305084745763,0.5285714285714286,5.1525423728813555,5.757142857142857,0.5384615384615384,2.4285714285714284,1.0,0.4444444444444444,-0.19626374511669079,0.2727272727272727
2024,8,Arkansas Razorbacks,-0.11957802295684815,0.19694548973015377,0.46,0.5285714285714286,5.6,5.514285714285714,0.8333333333333334,2.4285714285714284,,0.5,-0.14933229364999911,0.4444444444444444
2024,8,Arkansas State Red Wolves,0.254174401362737,0.04633645135075299,0.4927536231884058,0.5074626865671642,6.666666666666667,5.552238805970149,2.75,1.4,0.5714285714285714,0.8,0.23394809750949636,0.14285714285714285
2024,8,Army Black Knights,0.3287175926897261,0.23814095351202735,0.47619047619047616,0.41379310344827586,7.428571428571429,6.275862068965517,3.75,2.3333333333333335,0.7142857142857143,1.0,0.22972940094769,0.5
2024,8,Auburn Tigers,-0.23984894653161368,-0.10943212974313143,0.36507936507936506,0.35135135135135137,4.301587301587301,4.513513513513513,0.8333333333333334,1.5,0.0,0.6666666666666666,-0.07478579665933337,0.23076923076923078
2024,8,BYU Cougars,0.36287297040689737,0.30437238683754747,0.53125,0.5303030303030303,8.046875,7.151515151515151,3.8,3.5,1.0,1.0,0.289666775900584,0.4
2024,8,Ball State Cardinals,0.09067894313849655,0.27661258820444345,0.5098039215686274,0.4375,5.254901960784314,6.546875,1.5555555555555556,2.6666666666666665,1.0,0.25,0.19534952611458012,0.2222222222222222
2024,8,Baylor Bears,0.3800806049257517,0.19839892271591955,0.5625,0.46987951807228917,7.96875,5.493975903614458,4.214285714285714,2.5,0.8333333333333334,1.0,0.4103764763065413,0.2727272727272727
2024,8,Boston College Eagles,-0.018269247803333645,0.2686035790081535,0.4864864864864865,0.5892857142857143,5.297297297297297,9.017857142857142,1.6153846153846154,3.230769230769231,0.4,0.8,0.10092627609317953,0.375
2024,8,Bowling Green Falcons,0.13085088679488277,-0.35430173633190304,0.4788732394366197,0.2692307692307692,7.183098591549296,4.173076923076923,1.6666666666666667,0.5,0.4,0.0,0.29242199127163204,0.46153846153846156
2024,8,Buffalo Bulls,0.20193406691153845,0.2946510063090795,0.5277777777777778,0.5633802816901409,6.055555555555555,7.28169014084507,2.9285714285714284,4.230769230769231,0.6666666666666666,0.7142857142857143,0.1811216578148959,0.3333333333333333
2024,8,California Golden Bears,-0.04464835138388083,0.08499893452972174,0.5070422535211268,0.359375,5.830985915492958,5.8125,1.5333333333333334,1.6,0.2,0.5,0.11821470676728014,0.14285714285714285
2024,8,Central Michigan Chippewas,-0.17709563512887275,0.006232315913224831,0.4107142857142857,0.38461538461538464,6.392857142857143,6.5256410256410255,1.6875,1.2857142857142858,0.6666666666666666,0.4,0.07311360334808176,0.2
2024,8,Charlotte 49ers,-0.3964750427220549,0.024880234841947204,0.38571428571428573,0.42592592592592593,7.257142857142857,5.407407407407407,1.1333333333333333,2.8461538461538463,0.5,0.8,-0.08666450611569665,0.18181818181818182
2024,8,Cincinnati Bearcats,0.0720899971631857,-0.11371122432812568,0.4461538461538462,0.46774193548387094,5.815384615384615,5.564516129032258,2.0,1.1666666666666667,0.6666666666666666,1.0,0.17655128591200886,0.25
2024,8,Clemson Tigers,0.3387332905451177,0.18559822928710062,0.5070422535211268,0.47540983606557374,7.929577464788732,5.081967213114754,3.6923076923076925,1.3076923076923077,0.6,0.6666666666666666,0.038927822546274575,0.4666666666666667
2024,8,Coastal Carolina Chanticleers,0.20129720941185952,0.3368755921514498,0.5166666666666667,0.5138888888888888,6.6,7.152777777777778,2.4,3.090909090909091,0.6666666666666666,0.6666666666666666,0.25140422647414,0.25
2024,8,Colorado Buffaloes,0.08586828112602234,-0.2403502704228385,0.5285714285714286,0.3898305084745763,5.757142857142857,5.1525423728813555,2.4285714285714284,0.5384615384615384,0.4444444444444444,1.0,0.08247314598046097,0.47058823529411764
2024,8,Colorado State Rams,-0.028122104447463464,-0.15011934502215324,0.3620689655172414,0.3291139240506329,7.0,4.417721518987341,1.2352941176470589,0.35294117647058826,0.5,1.0,-0.07287920916334112,0.2727272727272727
2024,8,Delaware Blue Hens,-0.1631756963638159,0.09176677282039936,0.36923076923076925,0.47692307692307695,5.384615384615385,5.907692307692308,0.8181818181818182,2.5454545454545454,0.5,0.75,0.011244111073513826,0.38461538461538464
2024,8,Duke Blue Devils,-0.3101914030100618,-0.4521979129675663,0.26785714285714285,0.36363636363636365,3.3392857142857144,5.393939393939394,0.9285714285714286,1.1428571428571428,0.5,0.0,-0.21384280079450363,0.1875
2024,8,East Carolina Pirates,0.23814095351202735,0.3287175926897261,0.41379310344827586,0.47619047619047616,6.275862068965517,7.428571428571429,2.3333333333333335,3.75,1.0,0.7142857142857143,0.10411713407798247,0.18181818181818182
2024,8,Eastern Michigan Eagles,0.006232315913224831,-0.17709563512887275,0.38461538461538464,0.4107142857142857,6.5256410256410255,6.392857142857143,1.2857142857142858,1.6875,0.4,0.6666666666666666,-0.057067194889331686,0.35294117647058826
2024,8,Florida Atlantic Owls,-0.4045118160967557,-0.01959631086766035,0.24528301886792453,0.3793103448275862,4.132075471698113,6.551724137931035,1.2142857142857142,1.875,0.3333333333333333,0.6,-0.4154185542934819,0.14285714285714285
2024,8,Florida Gators,0.07921987080148288,-0.3332502957600266,0.5178571428571429,0.3880597014925373,8.767857142857142,5.82089552238806,2.9285714285714284,1.4285714285714286,0.7142857142857143,0.5,0.06497370484082596,0.4
2024,8,Florida International Panthers,-0.4403507287303607,-0.07813932624325823,0.3333333333333333,0.4626865671641791,6.15,6.044776119402985,1.1666666666666667,1.35,0.6666666666666666,0.6666666666666666,-0.3267627987596724,0.23076923076923078
2024,8,Florida State Seminoles,-0.4521979129675663,-0.3101914030100618,0.36363636363636365,0.26785714285714285,5.393939393939394,3.3392857142857144,1.1428571428571428,0.9285714285714286,0.0,0.5,-0.40681820256369455,0.14285714285714285
2024,8,Fresno State Bulldogs,0.007421650185153402,-0.07147778839361472,0.43103448275862066,0.39344262295081966,5.448275862068965,4.39344262295082,2.1818181818181817,1.9090909090909092,0.75,1.0,-0.01536679900316305,0.3333333333333333
2024,8,Georgia Bulldogs,-0.199579031571098,-0.26310340138642413,0.34782608695652173,0.3026315789473684,4.681159420289855,4.0,2.0,1.0714285714285714,0.6,0.6666666666666666,-0.13213700172947904,0.375
2024,8,Georgia Southern Eagles,-0.11700430749983028,-0.17436251478890577,0.42028985507246375,0.3888888888888889,6.478260869565218,3.5,1.4,0.6363636363636364,1.0,0.0,-0.4118616716177375,0.46153846153846156
2024,8,Georgia State Panthers,0.03794848525398214,0.24192944731352464,0.4788732394366197,0.5283018867924528,5.915492957746479,7.660377358490566,0.7142857142857143,2.1875,0.3333333333333333,0.5,0.2480929020453583,0.38461538461538464
2024,8,Georgia Tech Yellow Jackets,-0.17316489960208084,-0.024906753159281033,0.3484848484848485,0.47761194029850745,5.242424242424242,5.91044776119403,1.1818181818181819,2.1818181818181817,0.6666666666666666,0.75,-0.16462795436382294,0.2857142857142857
2024,8,Hawai'i Rainbow Warriors,-0.1551976570716271,0.3122733099566352,0.4230769230769231,0.532258064516129,6.461538461538462,7.016129032258065,1.0,3.8181818181818183,0.3333333333333333,1.0,0.1653355360031128,0.0
2024,8,Houston Cougars,-0.03524411091437707,0.5135728214301315,0.4,0.6078431372549019,5.507692307692308,9.92156862745098,1.4,3.8181818181818183,0.0,1.0,0.07683173392681365,0.35714285714285715
2024,8,Illinois Fighting Illini,0.03369709431079396,-0.14355421364307402,0.47368421052631576,0.4714285714285714,5.2105263157894735,4.814285714285714,2.1,0.7,0.5,0.3333333333333333,0.07559205117550763,0.2727272727272727
2024,8,Indiana Hoosiers,0.4912738152619066,-0.2636284183811497,0.6551724137931034,0.4189189189189189,8.482758620689655,5.22972972972973,1.6470588235294117,0.0,1.0,0.25,0.45747798557082814,0.5
2024,8,Indiana State Sycamores,0.1596026729862645,0.3893046979651307,0.4528301886792453,0.6212121212121212,5.433962264150943,7.742424242424242,1.9090909090909092,3.4545454545454546,0.75,0.75,-0.010485365986824036,0.36363636363636365
2024,8,Iowa Hawkeyes,-0.03495280543963115,0.23013993615613265,0.37777777777777777,0.5735294117647058,6.133333333333334,7.088235294117647,1.6666666666666667,1.0,1.0,0.3333333333333333,-0.12165427996831782,0.2727272727272727
2024,8,Iowa State Cyclones,0.01869202750293832,-0.018647442682314726,0.43157894736842106,0.4067796610169492,6.978947368421053,7.067796610169491,1.3478260869565217,1.105263157894737,0.8,1.0,-0.00284563811266259,0.2631578947368421
2024,8,James Madison Dukes,-0.17436251478890577,-0.11700430749983028,0.3888888888888889,0.42028985507246375,3.5,6.478260869565218,0.6363636363636364,1.4,0.0,1.0,-0.10903604737683839,0.3888888888888889
2024,8,Kansas Jayhawks,0.5135728214301315,-0.03524411091437707,0.6078431372549019,0.4,9.92156862745098,5.507692307692308,3.8181818181818183,1.4,1.0,0.0,0.5051698213399842,0.42857142857142855
2024,8,Kansas State Wildcats,0.2967383254249141,-0.2784219319656701,0.4528301886792453,0.29577464788732394,7.811320754716981,4.647887323943662,2.8181818181818183,0.9090909090909091,0.8,0.6666666666666666,0.13901943266391753,0.4166666666666667
2024,8,Kennesaw State Owls,-0.42532387052973114,-0.1947899695598718,0.26666666666666666,0.4090909090909091,4.1,4.606060606060606,0.21428571428571427,0.4666666666666667,0.0,0.5,-0.342951932965323,0.26666666666666666
2024,8,Kent State Golden Flashes,-0.35430173633190304,0.13085088679488277,0.2692307692307692,0.4788732394366197,4.173076923076923,7.183098591549296,0.5,1.6666666666666667,0.0,0.4,-0.10498581247197257,0.14285714285714285
2024,8,Kentucky Wildcats,-0.3332502957600266,0.07921987080148288,0.3880597014925373,0.5178571428571429,5.82089552238806,8.767857142857142,1.4285714285714286,2.9285714285714284,0.5,0.7142857142857143,-0.19031993345338472,0.3076923076923077
2024,8,LSU Tigers,0.19694548973015377,-0.11957802295684815,0.5285714285714286,0.46,5.514285714285714,5.6,2.4285714285714284,0.8333333333333334,0.5,,0.18886302221905102,0.5714285714285714
2024,8,Louisiana Ragin' Cajuns,0.3368755921514498,0.20129720941185952,0.5138888888888888,0.5166666666666667,7.152777777777778,6.6,3.090909090909091,2.4,0.6666666666666666,0.6666666666666666,0.1947370700795075,0.38461538461538464
2024,8,Louisiana Tech Bulldogs,0.08441264964640141,0.18196493826928686,0.425,0.4918032786885246,4.225,5.590163934426229,2.0,2.0,0.42857142857142855,0.75,-0.17349056977974742,0.45454545454545453
2024,8,Louisville Cardinals,0.3959135434157412,0.4275947031227575,0.4788732394366197,0.5362318840579711,6.661971830985915,7.840579710144928,3.1666666666666665,4.090909090909091,0.75,1.0,0.4153933860361576,0.16666666666666666
2024,8,Marshall Thundering Herd,0.24192944731352464,0.03794848525398214,0.5283018867924528,0.4788732394366197,7.660377358490566,5.915492957746479,2.1875,0.7142857142857143,0.5,0.3333333333333333,0.3051268067624834,0.14285714285714285
2024,8,Maryland Terrapins,0.17388578841131028,0.07547066962882264,0.4931506849315068,0.5205479452054794,5.890410958904109,6.424657534246576,2.230769230769231,2.0,0.8,1.0,0.26589907028458337,0.15384615384615385
2024,8,Memphis Tigers,0.3271893356527601,0.19749377683265923,0.4714285714285714,0.44329896907216493,7.514285714285714,6.731958762886598,3.25,2.588235294117647,0.8333333333333334,0.6,0.3758286561882287,0.38461538461538464
2024,8,Miami (OH) RedHawks,0.10125052227693446,-0.05686811347668235,0.45098039215686275,0.4189189189189189,6.745098039215686,3.7837837837837838,2.3076923076923075,1.0769230769230769,0.6666666666666666,1.0,0.33770594073504934,0.2
2024,8,Miami Hurricanes,0.4275947031227575,0.3959135434157412,0.5362318840579711,0.4788732394366197,7.840579710144928,6.661971830985915,4.090909090909091,3.1666666666666665,1.0,0.75,0.24181575370284747,0.5714285714285714
2024,8,Michigan State Spartans,0.23013993615613265,-0.03495280543963115,0.5735294117647058,0.37777777777777777,7.088235294117647,6.133333333333334,1.0,1.6666666666666667,0.3333333333333333,1.0,0.28963810964064163,0.38461538461538464
2024,8,Michigan Wolverines,-0.14355421364307402,0.03369709431079396,0.4714285714285714,0.47368421052631576,4.814285714285714,5.2105263157894735,0.7,2.1,0.3333333333333333,0.5,-0.26642713581140226,0.35714285714285715
2024,8,Middle Tennessee Blue Raiders,-0.1947899695598718,-0.42532387052973114,0.4090909090909091,0.26666666666666666,4.606060606060606,4.1,0.4666666666666667,0.21428571428571427,0.5,0.0,-0.15932645968028478,0.3333333333333333
2024,8,Mississippi State Bulldogs,0.004651818637337004,0.14706842479158622,0.37142857142857144,0.47540983606557374,4.9714285714285715,5.80327868852459,2.4,2.5833333333333335,0.75,0.8,-0.05582496143725454,0.26666666666666666
2024,8,Missouri State Bears,0.3893046979651307,0.1596026729862645,0.6212121212121212,0.4528301886792453,7.742424242424242,5.433962264150943,3.4545454545454546,1.9090909090909092,0.75,0.75,0.2902571266067439,0.625
2024,8,Missouri Tigers,-0.10943212974313143,-0.23984894653161368,0.35135135135135137,0.36507936507936506,4.513513513513513,4.301587301587301,1.5,0.8333333333333334,0.6666666666666666,0.0,-0.2263828996907581,0.4117647058823529
2024,8,NC State Wolfpack,0.08499893452972174,-0.04464835138388083,0.359375,0.5070422535211268,5.8125,5.830985915492958,1.6,1.5333333333333334,0.5,0.2,-0.3592948741383023,0.4117647058823529
2024,8,Navy Midshipmen,0.024880234841947204,-0.3964750427220549,0.42592592592592593,0.38571428571428573,5.407407407407407,7.257142857142857,2.8461538461538463,1.1333333333333333,0.8,0.5,0.02570573049922322,0.0
2024,8,Nebraska Cornhuskers,-0.2636284183811497,0.4912738152619066,0.4189189189189189,0.6551724137931034,5.22972972972973,8.482758620689655,0.0,1.6470588235294117,0.25,1.0,-0.03253991423912768,0.4375
2024,8,Nevada Wolf Pack,-0.07147778839361472,0.007421650185153402,0.39344262295081966,0.43103448275862066,4.39344262295082,5.448275862068965,1.9090909090909092,2.1818181818181817,1.0,0.75,-0.06634059358150401,0.2727272727272727
2024,8,New Mexico State Aggies,0.18196493826928686,0.08441264964640141,0.4918032786885246,0.425,5.590163934426229,4.225,2.0,2.0,0.75,0.42857142857142855,0.014587245384852092,0.4666666666666667
2024,8,North Dakota State Bison,0.0010210495246084112,0.023938716419281497,0.45614035087719296,0.45161290322580644,4.87719298245614,5.161290322580645,0.8666666666666667,0.6923076923076923,1.0,,0.13727419078350067,0.4166666666666667
2024,8,North Texas Mean Green,0.19749377683265923,0.3271893356527601,0.44329896907216493,0.4714285714285714,6.731958762886598,7.514285714285714,2.588235294117647,3.25,0.6,0.8333333333333334,0.208905944521998,0.4
2024,8,Northern Illinois Huskies,-0.19217761071479839,-0.20763050115877582,0.3695652173913043,0.4032258064516129,5.054347826086956,4.951612903225806,0.375,0.8666666666666667,0.0,0.0,-0.028086762176826596,0.25
2024,8,Northwestern Wildcats,-0.12826495672817584,-0.08620404429507977,0.2777777777777778,0.5151515151515151,3.888888888888889,5.606060606060606,0.21428571428571427,1.6153846153846154,0.0,0.6,-0.31787590564865814,0.14285714285714285
2024,8,Notre Dame Fighting Irish,-0.024906753159281033,-0.17316489960208084,0.47761194029850745,0.3484848484848485,5.91044776119403,5.242424242424242,2.1818181818181817,1.1818181818181819,0.75,0.6666666666666666,0.06663324377116035,0.25
2024,8,Ohio Bobcats,-0.05686811347668235,0.10125052227693446,0.4189189189189189,0.45098039215686275,3.7837837837837838,6.745098039215686,1.0769230769230769,2.3076923076923075,1.0,0.6666666666666666,-0.18641775000398442,0.5
2024,8,Oklahoma State Cowboys,0.30437238683754747,0.36287297040689737,0.5303030303030303,0.53125,7.151515151515151,8.046875,3.5,3.8,1.0,1.0,-0.049223137398560844,0.46153846153846156
2024,8,Oregon Ducks,0.3665321009200916,-0.19861972205719705,0.6140350877192983,0.4406779661016949,7.56140350877193,5.101694915254237,3.1818181818181817,0.0,1.0,0.0,0.30905237669746083,0.625
2024,8,Oregon State Beavers,0.042605338847800475,0.1796791099790317,0.4246575342465753,0.5074626865671642,4.972602739726027,5.8059701492537314,2.272727272727273,3.0,0.5,0.3333333333333333,-0.1422224983854114,0.26666666666666666
2024,8,Purdue Boilermakers,-0.19861972205719705,0.3665321009200916,0.4406779661016949,0.6140350877192983,5.101694915254237,7.56140350877193,0.0,3.1818181818181817,0.0,1.0,-0.018469168042594738,0.3333333333333333
2024,8,Rice Owls,-0.35772400479468086,-0.12251536311611297,0.3968253968253968,0.3968253968253968,5.9523809523809526,4.587301587301587,0.7142857142857143,1.3076923076923077,0.0,0.5,-0.4524560065902009,0.3076923076923077
2024,8,Richmond Spiders,0.09176677282039936,-0.1631756963638159,0.47692307692307695,0.36923076923076925,5.907692307692308,5.384615384615385,2.5454545454545454,0.8181818181818182,0.75,0.5,0.09446601481998668,0.5384615384615384
2024,8,Rutgers Scarlet Knights,0.2620909822912052,0.3916841700221553,0.5344827586206896,0.5757575757575758,7.448275862068965,7.333333333333333,3.2,2.8,0.8,1.0,0.1900456502121322,0.375
2024,8,SMU Mustangs,0.09339047037065029,-0.3447166785597801,0.453125,0.2857142857142857,7.84375,3.2857142857142856,2.533333333333333,0.0,1.0,1.0,0.20845778942108154,0.4166666666666667
2024,8,Sacramento State Hornets,0.22182047081320252,0.20742356324497657,0.5205479452054794,0.4050632911392405,8.575342465753424,6.506329113924051,4.133333333333334,4.5,0.6666666666666666,0.2,-0.055688222420626675,0.42857142857142855
2024,8,Sam Houston Bearkats,0.001987849282366889,0.10888888949239758,0.42857142857142855,0.4507042253521127,6.1571428571428575,6.169014084507042,1.1666666666666667,2.5833333333333335,0.0,1.0,-0.11644329299341957,0.26666666666666666
2024,8,San José State Spartans,0.12605465900513432,-0.15349587153744054,0.43548387096774194,0.3108108108108108,8.306451612903226,4.8108108108108105,1.6,0.4666666666666667,0.6666666666666666,0.3333333333333333,0.2559320470866035,0.2727272727272727
2024,8,South Alabama Jaguars,-0.023218116369740718,-0.4836111854890297,0.3448275862068966,0.3275862068965517,6.189655172413793,3.2241379310344827,1.6666666666666667,0.5625,0.0,0.5,-0.050205630618472434,0.26666666666666666
2024,8,South Dakota State Jackrabbits,0.023938716419281497,0.0010210495246084112,0.45161290322580644,0.45614035087719296,5.161290322580645,4.87719298245614,0.6923076923076923,0.8666666666666667,,1.0,-0.1643966695536738,0.4375
2024,8,South Florida Bulls,-0.018429872819355556,-0.16196161574787563,0.4,0.4,5.257142857142857,5.677777777777778,2.2222222222222223,1.75,0.75,0.5,-0.039703549100802496,0.29411764705882354
2024,8,Southern Miss Golden Eagles,0.04633645135075299,0.254174401362737,0.5074626865671642,0.4927536231884058,5.552238805970149,6.666666666666667,1.4,2.75,0.8,0.5714285714285714,-0.1284422078728676,0.38461538461538464
2024,8,Stanford Cardinal,-0.3447166785597801,0.09339047037065029,0.2857142857142857,0.453125,3.2857142857142856,7.84375,0.0,2.533333333333333,1.0,1.0,-0.3918004225866467,0.06666666666666667
2024,8,TCU Horned Frogs,-0.16205494893448694,-0.2569112891362885,0.4,0.288135593220339,5.757142857142857,4.779661016949152,0.8666666666666667,0.4666666666666667,0.2,,-0.06641469052377737,0.25
2024,8,Temple Owls,0.0719484642550752,-0.16109108213069184,0.4189189189189189,0.35714285714285715,5.472972972972973,4.571428571428571,1.6666666666666667,0.9090909090909091,0.5,,0.13962540080991842,0.35714285714285715
2024,8,Tennessee Volunteers,0.00870041845187749,-0.27678867593988193,0.3972602739726027,0.36363636363636365,6.890410958904109,4.467532467532467,1.5,1.2142857142857142,0.75,0.5,-0.15657246178179457,0.3125
2024,8,Texas A&M Aggies,0.14706842479158622,0.004651818637337004,0.47540983606557374,0.37142857142857144,5.80327868852459,4.9714285714285715,2.5833333333333335,2.4,0.8,0.75,-0.1692008636099227,0.6428571428571429
2024,8,Texas Longhorns,-0.26310340138642413,-0.199579031571098,0.3026315789473684,0.34782608695652173,4.0,4.681159420289855,1.0714285714285714,2.0,0.6666666666666666,0.6,0.009437247312494687,0.2
2024,8,Texas Tech Red Raiders,0.19839892271591955,0.3800806049257517,0.46987951807228917,0.5625,5.493975903614458,7.96875,2.5,4.214285714285714,1.0,0.8333333333333334,0.03941864644487699,0.35294117647058826
2024,8,Toledo Rockets,-0.20763050115877582,-0.19217761071479839,0.4032258064516129,0.3695652173913043,4.951612903225806,5.054347826086956,0.8666666666666667,0.375,0.0,0.0,0.016815831479818924,0.21428571428571427
2024,8,Troy Trojans,-0.4836111854890297,-0.023218116369740718,0.3275862068965517,0.3448275862068966,3.2241379310344827,6.189655172413793,0.5625,1.6666666666666667,0.5,0.0,-0.2857237756252289,0.3076923076923077
2024,8,Tulane Green Wave,-0.12251536311611297,-0.35772400479468086,0.3968253968253968,0.3968253968253968,4.587301587301587,5.9523809523809526,1.3076923076923077,0.7142857142857143,0.5,0.0,0.010553611685400423,0.4
2024,8,Tulsa Golden Hurricane,-0.16109108213069184,0.0719484642550752,0.35714285714285715,0.4189189189189189,4.571428571428571,5.472972972972973,0.9090909090909091,1.6666666666666667,,0.5,-0.057922713025364767,0.18181818181818182
2024,8,UAB Blazers,-0.16196161574787563,-0.018429872819355556,0.4,0.4,5.677777777777778,5.257142857142857,1.75,2.2222222222222223,0.5,0.75,-0.0396863447897362,0.2857142857142857
2024,8,UCF Knights,-0.018647442682314726,0.01869202750293832,0.4067796610169492,0.43157894736842106,7.067796610169491,6.978947368421053,1.105263157894737,1.3478260869565217,1.0,0.8,0.1697080931130876,0.25
2024,8,UCLA Bruins,0.3916841700221553,0.2620909822912052,0.5757575757575758,0.5344827586206896,7.333333333333333,7.448275862068965,2.8,3.2,1.0,0.8,0.39300827822595275,0.5
2024,8,UConn Huskies,-0.08664693412455646,-0.0631421984058537,0.3484848484848485,0.4383561643835616,4.666666666666667,4.8493150684931505,1.4285714285714286,1.7692307692307692,0.6666666666666666,0.3333333333333333,-0.12054225711189971,0.26666666666666666
2024,8,UNLV Rebels,0.1796791099790317,0.042605338847800475,0.5074626865671642,0.4246575342465753,5.8059701492537314,4.972602739726027,3.0,2.272727272727273,0.3333333333333333,0.5,0.11522914290428161,0.5
2024,8,USC Trojans,0.07547066962882264,0.17388578841131028,0.5205479452054794,0.4931506849315068,6.424657534246576,5.890410958904109,2.0,2.230769230769231,1.0,0.8,0.026842214559253893,0.42857142857142855
2024,8,UTEP Miners,-0.07813932624325823,-0.4403507287303607,0.4626865671641791,0.3333333333333333,6.044776119402985,6.15,1.35,1.1666666666666667,0.6666666666666666,0.6666666666666666,-0.0034506237850739406,0.21428571428571427
2024,8,UTSA Roadrunners,-0.01959631086766035,-0.4045118160967557,0.3793103448275862,0.24528301886792453,6.551724137931035,4.132075471698113,1.875,1.2142857142857142,0.6,0.3333333333333333,-0.2969700009075563,0.55
2024,8,Utah Utes,-0.2569112891362885,-0.16205494893448694,0.288135593220339,0.4,4.779661016949152,5.757142857142857,0.4666666666666667,0.8666666666666667,,0.2,-0.04913444426797685,0.13333333333333333
2024,8,Vanderbilt Commodores,0.27661258820444345,0.09067894313849655,0.4375,0.5098039215686274,6.546875,5.254901960784314,2.6666666666666665,1.5555555555555556,0.25,1.0,0.16233617424964905,0.5
2024,8,Virginia Cavaliers,0.18559822928710062,0.3387332905451177,0.47540983606557374,0.5070422535211268,5.081967213114754,7.929577464788732,1.3076923076923077,3.6923076923076925,0.6666666666666666,0.6,0.2217176997413238,0.38461538461538464
2024,8,Virginia Tech Hokies,0.2686035790081535,-0.018269247803333645,0.5892857142857143,0.4864864864864865,9.017857142857142,5.297297297297297,3.230769230769231,1.6153846153846154,0.8,0.4,0.2936104299581569,0.25
2024,8,Wake Forest Demon Deacons,-0.0631421984058537,-0.08664693412455646,0.4383561643835616,0.3484848484848485,4.8493150684931505,4.666666666666667,1.7692307692307692,1.4285714285714286,0.3333333333333333,0.6666666666666666,-0.04156330536151755,0.3333333333333333
2024,8,Washington State Cougars,0.3122733099566352,-0.1551976570716271,0.532258064516129,0.4230769230769231,7.016129032258065,6.461538461538462,3.8181818181818183,1.0,1.0,0.3333333333333333,0.271284007281065,0.6363636363636364
2024,8,Weber State Wildcats,0.20742356324497657,0.22182047081320252,0.4050632911392405,0.5205479452054794,6.506329113924051,8.575342465753424,4.5,4.133333333333334,0.2,0.6666666666666666,0.0328745927129473,0.47368421052631576
2024,8,West Virginia Mountaineers,-0.2784219319656701,0.2967383254249141,0.29577464788732394,0.4528301886792453,4.647887323943662,7.811320754716981,0.9090909090909091,2.8181818181818183,0.6666666666666666,0.8,-0.09501419104635715,0.25
2024,8,Western Kentucky Hilltoppers,0.10888888949239758,0.001987849282366889,0.4507042253521127,0.42857142857142855,6.169014084507042,6.1571428571428575,2.5833333333333335,1.1666666666666667,1.0,0.0,-0.037000063736483735,0.5
2024,8,Western Michigan Broncos,0.2946510063090795,0.20193406691153845,0.5633802816901409,0.5277777777777778,7.28169014084507,6.055555555555555,4.230769230769231,2.9285714285714284,0.7142857142857143,0.6666666666666666,0.15191415484462464,0.46153846153846156
2024,8,Wisconsin Badgers,-0.08620404429507977,-0.12826495672817584,0.5151515151515151,0.2777777777777778,5.606060606060606,3.888888888888889,1.6153846153846154,0.21428571428571427,0.6,0.0,0.058503992714971864,0.3333333333333333
2024,8,Wyoming Cowboys,-0.15349587153744054,0.12605465900513432,0.3108108108108108,0.43548387096774194,4.8108108108108105,8.306451612903226,0.4666666666666667,1.6,0.3333333333333333,0.6666666666666666,-0.11836972663987358,0.23529411764705882
2024,9,Akron Zips,0.0107447293496901,0.07089413493508245,0.4838709677419355,0.4146341463414634,3.903225806451613,4.878048780487805,2.272727272727273,2.6363636363636362,0.6666666666666666,1.0,0.03751837038526348,0.3
2024,9,Alabama Crimson Tide,0.22093374696042803,-0.3556293616928751,0.4444444444444444,0.42857142857142855,7.555555555555555,4.285714285714286,2.25,0.0,0.6,0.0,0.3770460257375682,0.2222222222222222
2024,9,App State Mountaineers,0.31992240343242884,0.20590520622553649,0.5,0.5370370370370371,7.5625,7.2592592592592595,2.0833333333333335,2.6,0.42857142857142855,0.6,0.25638552468556625,0.5
2024,9,Arizona Wildcats,0.27934033739364755,0.3719914868726569,0.4406779661016949,0.4576271186440678,6.5423728813559325,6.864406779661017,2.888888888888889,3.4444444444444446,1.0,1.0,0.015571781661775377,0.4166666666666667
2024,9,Arkansas Razorbacks,0.607842573097774,0.031101464253404865,0.6825396825396826,0.42028985507246375,10.698412698412698,6.36231884057971,4.461538461538462,1.9230769230769231,0.6666666666666666,0.25,0.6790653803131798,0.0
2024,9,Arkansas State Red Wolves,0.07950560813769698,0.1925859204360417,0.4625,0.5714285714285714,6.6375,6.6571428571428575,2.0,1.5,0.5,0.8,0.1870807862234494,0.4375
2024,9,Auburn Tigers,0.209846259198255,-0.3260619730319617,0.5277777777777778,0.3018867924528302,7.027777777777778,4.283018867924528,2.4,1.1111111111111112,0.3333333333333333,0.5,0.10536785878367343,0.5384615384615384
2024,9,BYU Cougars,0.23574169405869075,0.10666258439973549,0.5,0.4444444444444444,6.857142857142857,7.037037037037037,2.727272727272727,2.1818181818181817,0.4,0.6666666666666666,0.05515156279910694,0.3076923076923077
2024,9,Ball State Cardinals,0.14778000841269623,0.03635354606962916,0.5135135135135135,0.47761194029850745,5.445945945945946,6.044776119402985,1.8333333333333333,1.7692307692307692,0.5,1.0,0.09789020248821803,0.5
2024,9,Baylor Bears,0.4462985943664204,0.1408716336886088,0.45454545454545453,0.44,10.345454545454546,6.173333333333333,2.923076923076923,2.0,0.5,0.4,0.5587989396375158,0.375
2024,9,Boise State Broncos,0.16360489355728908,0.21192104003646156,0.4411764705882353,0.41818181818181815,5.352941176470588,6.8545454545454545,2.230769230769231,2.1818181818181817,0.5,0.6666666666666666,-0.010806827714630202,0.15384615384615385
2024,9,Boston College Eagles,-0.04221483805905218,0.20441064545336893,0.34782608695652173,0.5588235294117647,4.608695652173913,6.794117647058823,1.4285714285714286,2.3846153846153846,1.0,0.8,-0.09699853557221433,0.3888888888888889
2024,9,Bowling Green Falcons,0.10858032200485468,-0.02297610738506056,0.5,0.4657534246575342,5.921875,6.616438356164384,3.090909090909091,2.0,0.6666666666666666,0.6666666666666666,0.22233115531960312,0.38461538461538464
2024,9,Buffalo Bulls,0.0450208802308355,0.38906396041482183,0.42857142857142855,0.5084745762711864,5.228571428571429,8.288135593220339,0.6428571428571429,2.764705882352941,0.0,0.6666666666666666,-0.04648135459193817,0.5333333333333333
2024,9,California Golden Bears,0.39531231638210923,-0.21912454718893223,0.5671641791044776,0.2909090909090909,7.134328358208955,4.072727272727272,3.6666666666666665,0.5,0.625,0.5,0.3774741667288321,0.5
2024,9,Central Michigan Chippewas,-0.2122665411233902,0.40967804193496704,0.4,0.5,4.12,8.709677419354838,0.5384615384615384,4.181818181818182,1.0,0.42857142857142855,-0.27380643941854177,0.2727272727272727
2024,9,Charlotte 49ers,0.2127373471856117,0.10597505255953057,0.42,0.42857142857142855,6.26,5.467532467532467,1.75,2.5833333333333335,1.0,0.42857142857142855,0.013310012593865394,0.4
2024,9,Cincinnati Bearcats,0.13655280871469466,0.17432491992836568,0.4918032786885246,0.4925373134328358,5.737704918032787,5.7164179104477615,2.3,3.4,0.75,0.75,0.2484530620276928,0.3
2024,9,Colorado Buffaloes,0.17432491992836568,0.13655280871469466,0.4925373134328358,0.4918032786885246,5.7164179104477615,5.737704918032787,3.4,2.3,0.75,0.75,0.16654858047311957,0.5
2024,9,Colorado State Rams,0.0020780324935913085,-0.04334055350438969,0.4,0.47297297297297297,5.6909090909090905,6.283783783783784,1.0,0.5454545454545454,,0.0,0.07616712603458138,0.3333333333333333
2024,9,Delaware Blue Hens,0.1751102724317777,-0.02999072464612814,0.5084745762711864,0.4461538461538462,6.016949152542373,5.030769230769231,1.9090909090909092,1.4,0.6666666666666666,0.5,0.11190369101457817,0.42857142857142855
2024,9,Duke Blue Devils,0.15844020678808815,0.027438189420435164,0.5263157894736842,0.4583333333333333,5.092105263157895,6.638888888888889,1.5,2.1538461538461537,0.6666666666666666,0.5,0.16286418869577604,0.4375
2024,9,East Carolina Pirates,0.4436713530391943,0.21572608041436706,0.4426229508196721,0.3835616438356164,8.278688524590164,5.6438356164383565,3.769230769230769,1.8888888888888888,1.0,1.0,0.20350871850614963,0.35714285714285715
2024,9,Eastern Michigan Eagles,0.07089413493508245,0.0107447293496901,0.4146341463414634,0.4838709677419355,4.878048780487805,3.903225806451613,2.6363636363636362,2.272727272727273,1.0,0.6666666666666666,-0.09663952824970086,0.3333333333333333
2024,9,Florida International Panthers,-0.365919541567564,-0.24647344913213484,0.39285714285714285,0.3387096774193548,3.4107142857142856,3.3870967741935485,0.3888888888888889,0.7692307692307693,,0.25,-0.20650791102334073,0.15384615384615385
2024,9,Florida State Seminoles,-0.08876855671405792,0.2762051836864368,0.2833333333333333,0.47297297297297297,4.133333333333334,5.9324324324324325,0.7777777777777778,2.3076923076923075,1.0,0.8,-0.1259038396179676,0.15384615384615385
2024,9,Fresno State Bulldogs,0.07751382218721585,-0.2071576577556484,0.32051282051282054,0.4117647058823529,4.987179487179487,7.5588235294117645,1.9411764705882353,0.6666666666666666,0.5,0.0,-0.10568840056657791,0.5789473684210527
2024,9,Georgia Southern Eagles,0.23368805826737962,0.363674034967142,0.5,0.5735294117647058,7.310344827586207,8.441176470588236,1.3571428571428572,3.9166666666666665,1.0,0.8,0.1249543243776197,0.4166666666666667
2024,9,Georgia State Panthers,0.20590520622553649,0.31992240343242884,0.5370370370370371,0.5,7.2592592592592595,7.5625,2.6,2.0833333333333335,0.6,0.42857142857142855,0.41014615025209344,0.14285714285714285
2024,9,Georgia Tech Yellow Jackets,-0.2032538809919659,-0.20768418111677828,0.31645569620253167,0.3275862068965517,4.506329113924051,4.086206896551724,0.42857142857142855,1.4,0.0,1.0,-0.09942326734640769,0.2631578947368421
2024,9,Hawai'i Rainbow Warriors,0.19721447748522605,-0.01652611379440014,0.5483870967741935,0.4461538461538462,6.32258064516129,5.923076923076923,2.8333333333333335,1.3,0.6666666666666666,1.0,0.2190912599657096,0.45454545454545453
2024,9,Houston Cougars,-0.22018344474561286,-0.18118352563150467,0.3484848484848485,0.3387096774193548,4.515151515151516,4.774193548387097,1.2142857142857142,1.0769230769230769,0.0,1.0,0.033539954652177524,0.125
2024,9,Idaho State Bengals,0.30199620808873856,0.08105310576933401,0.45714285714285713,0.6481481481481481,7.571428571428571,9.12962962962963,2.3,2.7,0.0,1.0,0.29843243956565857,0.42857142857142855
2024,9,Illinois Fighting Illini,-0.16312140632759442,0.30350104285709895,0.42424242424242425,0.6119402985074627,4.378787878787879,7.865671641791045,0.8181818181818182,3.4545454545454546,0.25,1.0,-0.10381285407963921,0.4166666666666667
2024,9,Indiana Hoosiers,0.10279857489600111,0.02360561546289696,0.47761194029850745,0.41509433962264153,4.656716417910448,6.113207547169812,1.8461538461538463,1.1333333333333333,0.6666666666666666,0.6666666666666666,0.149213308095932,0.5333333333333333
2024,9,Iowa Hawkeyes,0.03298724706356342,-0.46322056889533997,0.38461538461538464,0.32,5.461538461538462,3.58,2.066666666666667,0.0,0.5,0.0,-0.08524347593386968,0.3125
2024,9,Jacksonville State Gamecocks,0.42788399372782027,0.14907129740874683,0.5714285714285714,0.4107142857142857,8.1,6.517857142857143,3.8181818181818183,2.0,0.8,0.3333333333333333,0.38665583259180974,0.5833333333333334
2024,9,James Madison Dukes,-0.08080004557730659,-0.25393252313137055,0.42857142857142855,0.30666666666666664,5.650793650793651,3.973333333333333,2.0,1.0,0.75,0.5,0.16998959256678212,0.08333333333333333
2024,9,Kansas Jayhawks,0.08047381043434143,0.0844718943471494,0.46774193548387094,0.43478260869565216,6.82258064516129,6.9855072463768115,1.25,2.0,1.0,0.6666666666666666,-0.05659272313117981,0.45454545454545453
2024,9,Kansas State Wildcats,0.0844718943471494,0.08047381043434143,0.43478260869565216,0.46774193548387094,6.9855072463768115,6.82258064516129,2.0,1.25,0.6666666666666666,1.0,0.09696319249441039,0.42857142857142855
2024,9,Kennesaw State Owls,0.06350691808808234,0.12458242368007051,0.3709677419354839,0.5072463768115942,5.209677419354839,5.3768115942028984,2.4545454545454546,0.7,0.6666666666666666,1.0,0.07648640427183598,0.42857142857142855
2024,9,Kent State Golden Flashes,0.04075254304487197,0.3819319466749827,0.39344262295081966,0.43333333333333335,4.081967213114754,9.65,1.5,3.25,0.75,0.8571428571428571,-0.040873297854610115,0.16666666666666666
2024,9,Kentucky Wildcats,-0.3260619730319617,0.209846259198255,0.3018867924528302,0.5277777777777778,4.283018867924528,7.027777777777778,1.1111111111111112,2.4,0.5,0.3333333333333333,-0.1535525679588318,0.25
2024,9,LSU Tigers,-0.14667172280892934,0.04403260350227356,0.3698630136986301,0.4117647058823529,6.273972602739726,5.176470588235294,1.6428571428571428,2.7142857142857144,0.6666666666666666,0.8333333333333334,-0.11892517518114161,0.4117647058823529
2024,9,Liberty Flames,0.12458242368007051,0.06350691808808234,0.5072463768115942,0.3709677419354839,5.3768115942028984,5.209677419354839,0.7,2.4545454545454546,1.0,0.6666666666666666,0.13745888541726506,0.23076923076923078
2024,9,Louisiana Tech Bulldogs,-0.20159080367663812,-0.27890584605639096,0.3448275862068966,0.3114754098360656,4.448275862068965,4.049180327868853,1.0,0.8333333333333334,0.5,,-0.3482826010483067,0.3125
2024,9,Louisville Cardinals,0.20441064545336893,-0.04221483805905218,0.5588235294117647,0.34782608695652173,6.794117647058823,4.608695652173913,2.3846153846153846,1.4285714285714286,0.8,1.0,0.3012380490177556,0.4
2024,9,Maryland Terrapins,0.14161742696395288,0.314022155538682,0.38461538461538464,0.5161290322580645,6.523076923076923,6.870967741935484,1.9166666666666667,3.4545454545454546,0.6666666666666666,0.6,0.11173632862616559,0.38461538461538464
2024,9,Massachusetts Minutemen,0.32975653674867417,-0.03886311043772781,0.5111111111111111,0.5087719298245614,7.555555555555555,4.4035087719298245,3.5,0.5833333333333334,1.0,0.5,0.2333221612749873,0.375
2024,9,Memphis Tigers,0.10597505255953057,0.2127373471856117,0.42857142857142855,0.42,5.467532467532467,6.26,2.5833333333333335,1.75,0.42857142857142855,1.0,0.03881768150287762,0.35294117647058826
2024,9,Miami (OH) RedHawks,0.40967804193496704,-0.2122665411233902,0.5,0.4,8.709677419354838,4.12,4.181818181818182,0.5384615384615384,0.42857142857142855,1.0,0.40912606034960064,0.18181818181818182
2024,9,Miami Hurricanes,0.2762051836864368,-0.08876855671405792,0.47297297297297297,0.2833333333333333,5.9324324324324325,4.133333333333334,2.3076923076923075,0.7777777777777778,0.8,1.0,0.06744747726540816,0.5714285714285714
2024,9,Michigan State Spartans,0.14273086899802798,0.12082874073701746,0.42857142857142855,0.43137254901960786,6.0,5.509803921568627,1.7,2.1818181818181817,0.5,0.6666666666666666,-0.05179912629334823,0.4666666666666667
2024,9,Michigan Wolverines,0.12082874073701746,0.14273086899802798,0.43137254901960786,0.42857142857142855,5.509803921568627,6.0,2.1818181818181817,1.7,0.6666666666666666,0.5,0.09773421134704198,0.5
2024,9,Middle Tennessee Blue Raiders,0.14907129740874683,0.42788399372782027,0.4107142857142857,0.5714285714285714,6.517857142857143,8.1,2.0,3.8181818181818183,0.3333333333333333,0.8,0.18121232337704518,0.38461538461538464
2024,9,Minnesota Golden Gophers,0.314022155538682,0.14161742696395288,0.5161290322580645,0.38461538461538464,6.870967741935484,6.523076923076923,3.4545454545454546,1.9166666666666667,0.6,0.6666666666666666,0.15398112486819832,0.5384615384615384
2024,9,Mississippi State Bulldogs,0.031101464253404865,0.607842573097774,0.42028985507246375,0.6825396825396826,6.36231884057971,10.698412698412698,1.9230769230769231,4.461538461538462,0.25,0.6666666666666666,0.027966426088000245,0.3333333333333333
2024,9,Missouri State Bears,0.5942233246669435,0.43088783939679465,0.631578947368421,0.5333333333333333,9.701754385964913,7.026666666666666,3.8181818181818183,5.6,1.0,1.0,0.6134829161067804,0.5
2024,9,Missouri Tigers,-0.3556293616928751,0.22093374696042803,0.42857142857142855,0.4444444444444444,4.285714285714286,7.555555555555555,0.0,2.25,0.0,0.6,-0.1567172911398265,0.23076923076923078
2024,9,Murray State Racers,-0.2634696076585822,0.3285262500246366,0.3972602739726027,0.45,4.561643835616438,7.7,0.46153846153846156,4.090909090909091,0.0,0.8571428571428571,-0.042680981169853895,0.35714285714285715
2024,9,Navy Midshipmen,0.012027937386717116,0.3973119813662309,0.44642857142857145,0.5846153846153846,6.482142857142857,7.1692307692307695,0.7,3.4545454545454546,0.3333333333333333,0.6666666666666666,-0.010266471476781936,0.36363636363636365
2024,9,Nebraska Cornhuskers,-0.09509589947186983,-0.09570333632555875,0.38461538461538464,0.5227272727272727,4.861538461538461,7.9772727272727275,1.4166666666666667,1.75,0.25,1.0,-0.1022223321100076,0.3125
2024,9,Nevada Wolf Pack,-0.01652611379440014,0.19721447748522605,0.4461538461538462,0.5483870967741935,5.923076923076923,6.32258064516129,1.3,2.8333333333333335,1.0,0.6666666666666666,0.03557270672172308,0.3333333333333333
2024,9,New Mexico Lobos,-0.04334055350438969,0.0020780324935913085,0.47297297297297297,0.4,6.283783783783784,5.6909090909090905,0.5454545454545454,1.0,0.0,,-0.1222043050719159,0.3333333333333333
2024,9,North Carolina Tar Heels,0.30717355933259516,-0.17221128854198733,0.45588235294117646,0.4492753623188406,6.926470588235294,5.797101449275362,2.6153846153846154,0.875,0.5,0.0,0.3056488447594193,0.5384615384615384
2024,9,North Dakota State Bison,0.3285262500246366,-0.2634696076585822,0.45,0.3972602739726027,7.7,4.561643835616438,4.090909090909091,0.46153846153846156,0.8571428571428571,0.0,0.31949461698532106,0.3333333333333333
2024,9,North Texas Mean Green,0.23602570556104183,0.2704842809973092,0.45,0.5344827586206896,6.75,8.137931034482758,2.642857142857143,3.2142857142857144,0.75,1.0,0.131072290001377,0.23076923076923078
2024,9,Northern Illinois Huskies,0.03635354606962916,0.14778000841269623,0.47761194029850745,0.5135135135135135,6.044776119402985,5.445945945945946,1.7692307692307692,1.8333333333333333,1.0,0.5,0.12932530298547926,0.46153846153846156
2024,9,Northern Iowa Panthers,0.43088783939679465,0.5942233246669435,0.5333333333333333,0.631578947368421,7.026666666666666,9.701754385964913,5.6,3.8181818181818183,1.0,1.0,0.34378674001463,0.3
2024,9,Northwestern Wildcats,-0.46322056889533997,0.03298724706356342,0.32,0.38461538461538464,3.58,5.461538461538462,0.0,2.066666666666667,0.0,0.5,-0.28449012574396637,0.16666666666666666
2024,9,Notre Dame Fighting Irish,0.3973119813662309,0.012027937386717116,0.5846153846153846,0.44642857142857145,7.1692307692307695,6.482142857142857,3.4545454545454546,0.7,0.6666666666666666,0.3333333333333333,0.26572711619676326,0.5384615384615384
2024,9,Ohio Bobcats,0.38906396041482183,0.0450208802308355,0.5084745762711864,0.42857142857142855,8.288135593220339,5.228571428571429,2.764705882352941,0.6428571428571429,0.6666666666666666,0.0,0.42492859893374973,0.5
2024,9,Ohio State Buckeyes,-0.09570333632555875,-0.09509589947186983,0.5227272727272727,0.38461538461538464,7.9772727272727275,4.861538461538461,1.75,1.4166666666666667,1.0,0.25,0.15009741710894037,0.1111111111111111
2024,9,Oklahoma Sooners,-0.1806214977055788,0.06119991763163421,0.425,0.4576271186440678,4.15,6.423728813559322,1.0,2.1666666666666665,0.5,0.5,-0.11553390402542918,0.2777777777777778
2024,9,Oklahoma State Cowboys,0.1408716336886088,0.4462985943664204,0.44,0.45454545454545453,6.173333333333333,10.345454545454546,2.0,2.923076923076923,0.4,0.5,0.05255210504197238,0.21428571428571427
2024,9,Old Dominion Monarchs,0.363674034967142,0.23368805826737962,0.5735294117647058,0.5,8.441176470588236,7.310344827586207,3.9166666666666665,1.3571428571428572,0.8,1.0,0.34601614800366487,0.46153846153846156
2024,9,Ole Miss Rebels,0.06119991763163421,-0.1806214977055788,0.4576271186440678,0.425,6.423728813559322,4.15,2.1666666666666665,1.0,0.5,0.5,0.21387326581911606,0.38461538461538464
2024,9,Oregon Ducks,0.30350104285709895,-0.16312140632759442,0.6119402985074627,0.42424242424242425,7.865671641791045,4.378787878787879,3.4545454545454546,0.8181818181818182,1.0,0.25,0.21009423666530186,0.36363636363636365
2024,9,Oregon State Beavers,-0.21912454718893223,0.39531231638210923,0.2909090909090909,0.5671641791044776,4.072727272727272,7.134328358208955,0.5,3.6666666666666665,0.5,0.625,-0.06682034581899643,0.08333333333333333
2024,9,Penn State Nittany Lions,0.21106582089807047,-0.17150628048440683,0.5454545454545454,0.3333333333333333,6.348484848484849,4.594202898550725,2.1,1.1818181818181819,1.0,0.3333333333333333,0.27089734258604986,0.5
2024,9,Pittsburgh Panthers,-0.10939697243950584,-0.20464850417388383,0.4318181818181818,0.3763440860215054,5.2727272727272725,4.881720430107527,2.0,1.0,1.0,0.6666666666666666,-0.002096489497593471,0.1111111111111111
2024,9,Rice Owls,-0.4483653929878454,-0.2296394845470786,0.29508196721311475,0.28125,2.918032786885246,4.734375,0.625,1.1333333333333333,0.0,0.5,-0.27979890832846815,0.125
2024,9,Rutgers Scarlet Knights,0.060067486104577086,0.46708840638399124,0.38372093023255816,0.68,5.093023255813954,8.86,2.0,3.8181818181818183,0.25,1.0,0.007981002583342084,0.5
2024,9,SMU Mustangs,0.027438189420435164,0.15844020678808815,0.4583333333333333,0.5263157894736842,6.638888888888889,5.092105263157895,2.1538461538461537,1.5,0.5,0.6666666666666666,0.027357615656771903,0.4166666666666667
2024,9,Sacramento State Hornets,0.08105310576933401,0.30199620808873856,0.6481481481481481,0.45714285714285713,9.12962962962963,7.571428571428571,2.7,2.3,1.0,0.0,0.29654342843138654,0.42857142857142855
2024,9,Sam Houston Bearkats,-0.24647344913213484,-0.365919541567564,0.3387096774193548,0.39285714285714285,3.3870967741935485,3.4107142857142856,0.7692307692307693,0.3888888888888889,0.25,,-0.0940819567312365,0.15384615384615385
2024,9,San Diego State Aztecs,0.08057142261947904,0.19928612819371316,0.5,0.47692307692307695,5.9,6.076923076923077,1.5833333333333333,2.4166666666666665,0.5,1.0,0.13578054115728097,0.2857142857142857
2024,9,San José State Spartans,-0.2071576577556484,0.07751382218721585,0.4117647058823529,0.32051282051282054,7.5588235294117645,4.987179487179487,0.6666666666666666,1.9411764705882353,0.0,0.5,-0.2899065148085356,0.35714285714285715
2024,9,South Alabama Jaguars,0.25213458553537144,-0.09347093105316162,0.6103896103896104,0.38333333333333336,6.857142857142857,6.65,2.7058823529411766,1.0,0.8333333333333334,0.0,0.38602019380778074,0.5384615384615384
2024,9,Southern Miss Golden Eagles,-0.25393252313137055,-0.08080004557730659,0.30666666666666664,0.42857142857142855,3.973333333333333,5.650793650793651,1.0,2.0,0.5,0.75,-0.34210459942167454,0.3888888888888889
2024,9,Stanford Cardinal,0.04567154302046849,0.007705004387338396,0.5692307692307692,0.5070422535211268,5.2153846153846155,6.535211267605634,0.7142857142857143,1.8,0.6666666666666666,0.25,-0.0171816638774342,0.5
2024,9,Syracuse Orange,-0.20464850417388383,-0.10939697243950584,0.3763440860215054,0.4318181818181818,4.881720430107527,5.2727272727272725,1.0,2.0,0.6666666666666666,1.0,-0.306081481729493,0.25
2024,9,TCU Horned Frogs,0.1535168179010941,0.08635742420499976,0.4745762711864407,0.42045454545454547,8.05084745762712,5.136363636363637,2.5,1.9285714285714286,1.0,0.6666666666666666,0.21816181041756455,0.3333333333333333
2024,9,Temple Owls,0.21572608041436706,0.4436713530391943,0.3835616438356164,0.4426229508196721,5.6438356164383565,8.278688524590164,1.8888888888888888,3.769230769230769,1.0,1.0,-0.04070804571663892,0.25
2024,9,Texas A&M Aggies,0.04403260350227356,-0.14667172280892934,0.4117647058823529,0.3698630136986301,5.176470588235294,6.273972602739726,2.7142857142857144,1.6428571428571428,0.8333333333333334,0.6666666666666666,0.10999853431053881,0.2857142857142857
2024,9,Texas Longhorns,0.12181917612369243,-0.06951943462093671,0.47692307692307695,0.4,5.846153846153846,4.433333333333334,2.076923076923077,1.4166666666666667,0.3333333333333333,1.0,-0.024492433071136476,0.5333333333333333
2024,9,Texas Tech Red Raiders,0.08635742420499976,0.1535168179010941,0.42045454545454547,0.4745762711864407,5.136363636363637,8.05084745762712,1.9285714285714286,2.5,0.6666666666666666,1.0,0.06147039297855261,0.35
2024,9,Toledo Rockets,-0.02297610738506056,0.10858032200485468,0.4657534246575342,0.5,6.616438356164384,5.921875,2.0,3.090909090909091,0.6666666666666666,0.6666666666666666,-0.080060494050645,0.42857142857142855
2024,9,Troy Trojans,0.1925859204360417,0.07950560813769698,0.5714285714285714,0.4625,6.6571428571428575,6.6375,1.5,2.0,0.8,0.5,0.10557299434093007,0.5
2024,9,Tulane Green Wave,0.2704842809973092,0.23602570556104183,0.5344827586206896,0.45,8.137931034482758,6.75,3.2142857142857144,2.642857142857143,1.0,0.75,0.40101470592174127,0.4
2024,9,Tulsa Golden Hurricane,0.02294736364974251,-0.09582490797923959,0.35443037974683544,0.358695652173913,6.151898734177215,6.5,1.3333333333333333,1.9473684210526316,0.75,0.6,-0.05073456441362699,0.3333333333333333
2024,9,UAlbany Great Danes,-0.02999072464612814,0.1751102724317777,0.4461538461538462,0.5084745762711864,5.030769230769231,6.016949152542373,1.4,1.9090909090909092,0.5,0.6666666666666666,0.018773327372512038,0.3076923076923077
2024,9,UCF Knights,0.10666258439973549,0.23574169405869075,0.4444444444444444,0.5,7.037037037037037,6.857142857142857,2.1818181818181817,2.727272727272727,0.6666666666666666,0.4,0.12925393063397633,0.2
2024,9,UConn Huskies,-0.2296394845470786,-0.4483653929878454,0.28125,0.29508196721311475,4.734375,2.918032786885246,1.1333333333333333,0.625,0.5,0.0,-0.058966380854447685,0.1875
2024,9,UL Monroe Warhawks,-0.09347093105316162,0.25213458553537144,0.38333333333333336,0.6103896103896104,6.65,6.857142857142857,1.0,2.7058823529411766,0.0,0.8333333333333334,-0.04557050292084857,0.2
2024,9,UNLV Rebels,0.21192104003646156,0.16360489355728908,0.41818181818181815,0.4411764705882353,6.8545454545454545,5.352941176470588,2.1818181818181817,2.230769230769231,0.6666666666666666,0.5,0.1553019235531489,0.3333333333333333
2024,9,USC Trojans,0.46708840638399124,0.060067486104577086,0.68,0.38372093023255816,8.86,5.093023255813954,3.8181818181818183,2.0,1.0,0.25,0.538965052163059,0.5
2024,9,UTEP Miners,-0.27890584605639096,-0.20159080367663812,0.3114754098360656,0.3448275862068966,4.049180327868853,4.448275862068965,0.8333333333333334,1.0,,0.5,-0.12601855050685795,0.07142857142857142
2024,9,UTSA Roadrunners,-0.09582490797923959,0.02294736364974251,0.358695652173913,0.35443037974683544,6.5,6.151898734177215,1.9473684210526316,1.3333333333333333,0.6,0.75,-0.10228841935378918,0.2631578947368421
2024,9,Utah State Aggies,0.022897385795351485,0.03436587091003145,0.4647887323943662,0.45714285714285713,5.323943661971831,6.957142857142857,2.25,2.0833333333333335,0.6666666666666666,0.25,0.12472788404141154,0.23076923076923078
2024,9,Utah Utes,-0.18118352563150467,-0.22018344474561286,0.3387096774193548,0.3484848484848485,4.774193548387097,4.515151515151516,1.0769230769230769,1.2142857142857142,1.0,0.0,-0.026223789321051703,0.1875
2024,9,Vanderbilt Commodores,-0.06951943462093671,0.12181917612369243,0.4,0.47692307692307695,4.433333333333334,5.846153846153846,1.4166666666666667,2.076923076923077,1.0,0.3333333333333333,0.015580447795598404,0.16666666666666666
2024,9,Virginia Cavaliers,-0.17221128854198733,0.30717355933259516,0.4492753623188406,0.45588235294117646,5.797101449275362,6.926470588235294,0.875,2.6153846153846154,0.0,0.5,-0.3564810133447834,0.3125
2024,9,Virginia Tech Hokies,-0.20768418111677828,-0.2032538809919659,0.3275862068965517,0.31645569620253167,4.086206896551724,4.506329113924051,1.4,0.42857142857142855,1.0,0.0,-0.03985665426697842,0.14285714285714285
2024,9,Wagner Seahawks,-0.03886311043772781,0.32975653674867417,0.5087719298245614,0.5111111111111111,4.4035087719298245,7.555555555555555,0.5833333333333334,3.5,0.5,1.0,-0.21047525182366372,0.6
2024,9,Wake Forest Demon Deacons,0.007705004387338396,0.04567154302046849,0.5070422535211268,0.5692307692307692,6.535211267605634,5.2153846153846155,1.8,0.7142857142857143,0.25,0.6666666666666666,-0.044508187366383414,0.46153846153846156
2024,9,Washington Huskies,0.02360561546289696,0.10279857489600111,0.41509433962264153,0.47761194029850745,6.113207547169812,4.656716417910448,1.1333333333333333,1.8461538461538463,0.6666666666666666,0.6666666666666666,0.17397310384889927,0.3333333333333333
2024,9,Washington State Cougars,0.19928612819371316,0.08057142261947904,0.47692307692307695,0.5,6.076923076923077,5.9,2.4166666666666665,1.5833333333333333,1.0,0.5,0.25482525451875787,0.4166666666666667
2024,9,West Virginia Mountaineers,0.3719914868726569,0.27934033739364755,0.4576271186440678,0.4406779661016949,6.864406779661017,6.5423728813559325,3.4444444444444446,2.888888888888889,1.0,1.0,0.06933601498603821,0.4666666666666667
2024,9,Western Michigan Broncos,0.3819319466749827,0.04075254304487197,0.43333333333333335,0.39344262295081966,9.65,4.081967213114754,3.25,1.5,0.8571428571428571,0.75,0.35396337509155273,0.4444444444444444
2024,9,Wisconsin Badgers,-0.17150628048440683,0.21106582089807047,0.3333333333333333,0.5454545454545454,4.594202898550725,6.348484848484849,1.1818181818181819,2.1,0.3333333333333333,1.0,-0.24223801866173744,0.3333333333333333
2024,9,Wyoming Cowboys,0.03436587091003145,0.022897385795351485,0.45714285714285713,0.4647887323943662,6.957142857142857,5.323943661971831,2.0833333333333335,2.25,0.25,0.6666666666666666,0.0020944219496515063,0.5
2024,10,Air Force Falcons,-0.27407790480012245,0.11382580972185322,0.41818181818181815,0.43137254901960786,3.7818181818181817,5.431372549019608,0.375,2.0,0.0,0.3333333333333333,-0.39371320457221604,0.35714285714285715
2024,10,Akron Zips,0.02698339179560945,0.07232918781893594,0.44594594594594594,0.42857142857142855,5.202702702702703,5.571428571428571,2.142857142857143,3.2,1.0,0.5714285714285714,0.0031273729567016873,0.35714285714285715
2024,10,App State Mountaineers,0.2836018909879944,0.07084123387530043,0.45614035087719296,0.5540540540540541,7.157894736842105,6.837837837837838,1.8666666666666667,1.8181818181818181,1.0,0.25,0.10787553580270873,0.45454545454545453
2024,10,Arizona State Sun Devils,0.36011183726323115,0.021716884591362694,0.5194805194805194,0.45454545454545453,6.883116883116883,4.927272727272728,3.8181818181818183,1.9090909090909092,1.0,1.0,0.15194879649049145,0.5
2024,10,Arizona Wildcats,-0.07172592703638406,0.5819568308916959,0.3620689655172414,0.6060606060606061,4.5,8.803030303030303,1.2,5.6,1.0,1.0,-0.2660233995249105,0.42857142857142855
2024,10,Arkansas Razorbacks,0.2025090311653912,0.5007290591142679,0.484375,0.5657894736842105,8.96875,9.18421052631579,1.631578947368421,3.769230769230769,1.0,0.8571428571428571,0.2551881305451663,0.36363636363636365
2024,10,Army Black Knights,0.11382580972185322,-0.27407790480012245,0.43137254901960786,0.41818181818181815,5.431372549019608,3.7818181818181817,2.0,0.375,0.3333333333333333,0.0,0.1402164234055413,0.3333333333333333
2024,10,Auburn Tigers,-0.12771489676730385,-0.19406739570971193,0.39655172413793105,0.25862068965517243,5.637931034482759,4.0,0.5384615384615384,1.4166666666666667,,0.5,-0.025904646586804164,0.15384615384615385
2024,10,Baylor Bears,0.36580600866522545,0.27378433644771577,0.5641025641025641,0.49230769230769234,6.423076923076923,6.938461538461539,2.1818181818181817,3.4,0.75,1.0,0.3166986575624982,0.5333333333333333
2024,10,Boise State Broncos,0.4438143391162157,0.03320062120578119,0.5875,0.30357142857142855,6.775,5.071428571428571,4.454545454545454,2.1818181818181817,1.0,0.5,0.29785416905696577,0.6923076923076923
2024,10,Buffalo Bulls,0.07232918781893594,0.02698339179560945,0.42857142857142855,0.44594594594594594,5.571428571428571,5.202702702702703,3.2,2.142857142857143,0.5714285714285714,1.0,0.20885493159294127,0.15384615384615385
2024,10,Charlotte 49ers,-0.46787502007050946,0.3078158837862504,0.2727272727272727,0.5256410256410257,4.636363636363637,5.794871794871795,0.3333333333333333,2.5,0.0,0.42857142857142855,-0.20632485672831535,0.1111111111111111
2024,10,Clemson Tigers,0.1645761763695443,0.15276735818992226,0.504950495049505,0.423728813559322,4.455445544554456,6.4576271186440675,1.75,3.0,0.75,0.6666666666666666,0.12199084502127436,0.43478260869565216
2024,10,Coastal Carolina Chanticleers,0.04136061094334868,0.35654035561224995,0.4262295081967213,0.5441176470588235,5.360655737704918,7.720588235294118,1.2142857142857142,3.4545454545454546,0.5,0.75,0.13044665635309435,0.23076923076923078
2024,10,Colorado State Rams,0.11593206542042586,0.14457071005408442,0.40384615384615385,0.5671641791044776,6.211538461538462,6.567164179104478,2.727272727272727,1.0769230769230769,0.6,0.75,-0.05998286016677555,0.38461538461538464
2024,10,Duke Blue Devils,0.04591395826462437,0.2901293333147613,0.4264705882352941,0.5211267605633803,6.926470588235294,7.422535211267606,2.066666666666667,3.533333333333333,0.75,0.6666666666666666,-0.07460301847390409,0.3076923076923077
2024,10,Eastern Michigan Eagles,-0.03133013178320492,-0.04759868383407593,0.43529411764705883,0.38461538461538464,5.364705882352941,6.3076923076923075,0.6842105263157895,1.0,0.6,0.5,-0.07242546494190509,0.45
2024,10,Florida Atlantic Owls,-0.10157125433789024,0.2610332508747642,0.3924050632911392,0.4864864864864865,6.367088607594937,7.094594594594595,1.5,2.933333333333333,0.3333333333333333,0.8,-0.07154322983854908,0.2
2024,10,Florida Gators,-0.28391750814283595,0.029927290148205228,0.3382352941176471,0.5138888888888888,3.485294117647059,7.208333333333333,1.3333333333333333,1.6875,0.5,0.75,-0.12323300105830033,0.1875
2024,10,Florida International Panthers,0.24390374097907752,-0.36620542651317156,0.38596491228070173,0.3770491803278688,7.543859649122807,4.704918032786885,0.4117647058823529,0.625,0.5,0.0,0.1647528915904289,0.23076923076923078
2024,10,Florida State Seminoles,-0.2005049599253613,0.3224526716189252,0.30434782608695654,0.4861111111111111,4.5,7.347222222222222,1.1,3.1818181818181817,,0.75,-0.2300817633376402,0.2
2024,10,Fresno State Bulldogs,-0.1409067009009567,-0.12338321082208348,0.37254901960784315,0.4482758620689655,3.1372549019607843,5.091954022988506,1.1818181818181819,1.9090909090909092,1.0,0.75,-0.12601253925225672,0.4166666666666667
2024,10,Georgia Bulldogs,0.029927290148205228,-0.28391750814283595,0.5138888888888888,0.3382352941176471,7.208333333333333,3.485294117647059,1.6875,1.3333333333333333,0.75,0.5,0.06672852742867391,0.2727272727272727
2024,10,Georgia Southern Eagles,0.15992098520783818,0.16407441870490116,0.45588235294117646,0.5074626865671642,5.485294117647059,6.970149253731344,2.125,2.142857142857143,1.0,0.3333333333333333,0.161964767302076,0.375
2024,10,Georgia State Panthers,0.10055613134588515,0.14148863404989243,0.45714285714285713,0.5357142857142857,5.871428571428571,6.160714285714286,2.4545454545454546,3.090909090909091,0.5,0.75,-0.12114135384559631,0.35294117647058826
2024,10,Hawai'i Rainbow Warriors,-0.12338321082208348,-0.1409067009009567,0.4482758620689655,0.37254901960784315,5.091954022988506,3.1372549019607843,1.9090909090909092,1.1818181818181819,0.75,1.0,-0.0076942776795476675,0.2631578947368421
2024,10,Houston Cougars,-0.20388989939409144,-0.14605723462394765,0.29411764705882354,0.3918918918918919,4.588235294117647,4.662162162162162,1.7142857142857142,1.4615384615384615,0.6666666666666666,0.6666666666666666,-0.22121001417572433,0.16666666666666666
2024,10,Illinois Fighting Illini,-0.08217102096926782,0.0727380500996814,0.46774193548387094,0.4117647058823529,5.903225806451613,5.338235294117647,1.5454545454545454,1.7272727272727273,0.0,0.3333333333333333,-0.16699627228081226,0.46153846153846156
2024,10,Indiana Hoosiers,0.26734776126927345,-0.28120125637900445,0.5517241379310345,0.3225806451612903,6.758620689655173,3.564516129032258,2.3529411764705883,0.7142857142857143,0.8571428571428571,0.5,0.35237046125087335,0.2222222222222222
2024,10,Iowa Hawkeyes,0.3798759066529812,-0.14317952655255795,0.5806451612903226,0.42857142857142855,7.0,5.357142857142857,3.5,0.9090909090909091,0.8571428571428571,1.0,0.2708268336513463,0.5
2024,10,Iowa State Cyclones,0.05043672652621018,0.008444783051271696,0.4473684210526316,0.43243243243243246,6.052631578947368,4.972972972972973,1.1578947368421053,1.2105263157894737,0.3333333333333333,0.6666666666666666,0.03966556335317677,0.25
2024,10,Jacksonville State Gamecocks,0.20885610580444336,0.009708801260242214,0.43859649122807015,0.42857142857142855,8.0,5.246753246753247,0.875,1.4,0.5,0.5,0.36228275919953984,0.2222222222222222
2024,10,Kansas State Wildcats,-0.14605723462394765,-0.20388989939409144,0.3918918918918919,0.29411764705882354,4.662162162162162,4.588235294117647,1.4615384615384615,1.7142857142857142,0.6666666666666666,0.6666666666666666,-0.075976037002843,0.35714285714285715
2024,10,Kennesaw State Owls,-0.002164747732788769,0.3379317684607072,0.40298507462686567,0.6181818181818182,4.373134328358209,8.781818181818181,1.1666666666666667,2.923076923076923,1.0,0.5,-0.05823025808614843,0.26666666666666666
2024,10,Kentucky Wildcats,-0.103145070374012,0.16375888994446508,0.375,0.5925925925925926,5.96875,5.950617283950617,0.7692307692307693,1.8666666666666667,0.3333333333333333,0.5,0.22877764577666918,0.2857142857142857
2024,10,Liberty Flames,0.009708801260242214,0.20885610580444336,0.42857142857142855,0.43859649122807015,5.246753246753247,8.0,1.4,0.875,0.5,0.5,-0.0011423711975415548,0.42857142857142855
2024,10,Louisiana Ragin' Cajuns,0.2295912811990644,0.06270772818889883,0.47540983606557374,0.5694444444444444,7.147540983606557,5.75,2.3,1.8888888888888888,0.3333333333333333,0.25,0.08482184752504876,0.46153846153846156
2024,10,Louisiana Tech Bulldogs,-0.31552540463737294,-0.27289308092810893,0.4430379746835443,0.38181818181818183,4.367088607594937,5.2,0.23076923076923078,0.5384615384615384,0.0,0.0,-0.20747436254711474,0.4375
2024,10,Louisville Cardinals,0.15276735818992226,0.1645761763695443,0.423728813559322,0.504950495049505,6.4576271186440675,4.455445544554456,3.0,1.75,0.6666666666666666,0.75,0.10440763387274235,0.25
2024,10,Maine Black Bears,-0.01805716889599959,0.5158212784822885,0.3333333333333333,0.5974025974025974,4.316666666666666,8.61038961038961,1.1666666666666667,5.363636363636363,0.6666666666666666,0.7777777777777778,-0.12861192734404045,0.2857142857142857
2024,10,Marshall Thundering Herd,0.11958720584710439,0.10716545686387179,0.4166666666666667,0.42105263157894735,6.183333333333334,6.859649122807017,2.1538461538461537,1.2142857142857142,0.6,0.5,0.1616897371908029,0.45454545454545453
2024,10,Massachusetts Minutemen,-0.018866586220728888,0.315567273719638,0.45454545454545453,0.5294117647058824,4.311688311688312,8.235294117647058,1.8181818181818181,4.090909090909091,0.5,0.75,0.020376109083493552,0.5294117647058824
2024,10,Memphis Tigers,-0.01901261823278078,0.1148629583103556,0.4647887323943662,0.4225352112676056,7.154929577464789,5.774647887323944,2.4,2.4444444444444446,0.75,0.8333333333333334,0.1584569898518649,0.25
2024,10,Miami Hurricanes,0.2901293333147613,0.04591395826462437,0.5211267605633803,0.4264705882352941,7.422535211267606,6.926470588235294,3.533333333333333,2.066666666666667,0.6666666666666666,0.75,0.29021154318825676,0.5
2024,10,Michigan State Spartans,-0.28120125637900445,0.26734776126927345,0.3225806451612903,0.5517241379310345,3.564516129032258,6.758620689655173,0.7142857142857143,2.3529411764705883,0.5,0.8571428571428571,-0.35025991838086734,0.26666666666666666
2024,10,Michigan Wolverines,0.011728025199669713,0.33980128001159343,0.37735849056603776,0.5070422535211268,5.9245283018867925,6.76056338028169,1.5454545454545454,4.222222222222222,0.5,0.8,0.005354927387088537,0.16666666666666666
2024,10,Middle Tennessee Blue Raiders,-0.1378477749324614,-0.20387904759910372,0.43548387096774194,0.4722222222222222,5.661290322580645,4.111111111111111,1.4285714285714286,0.8125,0.3333333333333333,0.25,0.025352031613389652,0.23076923076923078
2024,10,Minnesota Golden Gophers,0.0727380500996814,-0.08217102096926782,0.4117647058823529,0.46774193548387094,5.338235294117647,5.903225806451613,1.7272727272727273,1.5454545454545454,0.3333333333333333,0.0,0.0868978093449886,0.4666666666666667
2024,10,Mississippi State Bulldogs,0.315567273719638,-0.018866586220728888,0.5294117647058824,0.45454545454545453,8.235294117647058,4.311688311688312,4.090909090909091,1.8181818181818181,0.75,0.5,0.3852567201436952,0.5
2024,10,Missouri State Bears,0.012941289227455854,-0.18744130561381211,0.4375,0.35802469135802467,5.609375,4.308641975308642,2.7142857142857144,1.1333333333333333,0.6666666666666666,0.6666666666666666,0.02779661348232856,0.09090909090909091
2024,10,NC State Wolfpack,0.4381732098758221,0.2681403720920736,0.55,0.45454545454545453,9.0,8.254545454545454,4.538461538461538,2.3333333333333335,0.8571428571428571,0.6666666666666666,0.32681536704301833,0.4444444444444444
2024,10,Navy Midshipmen,-0.15616678776311094,0.025691106205894834,0.32786885245901637,0.4444444444444444,4.39344262295082,5.587301587301587,0.8333333333333334,2.0,0.3333333333333333,1.0,-0.07443896733051122,0.2857142857142857
2024,10,Nebraska Cornhuskers,-0.1076725468867355,0.1697247530575152,0.4305555555555556,0.42592592592592593,5.166666666666667,6.962962962962963,1.8181818181818181,2.0,0.75,0.3333333333333333,-0.03935046322070635,0.47058823529411764
2024,10,Nevada Wolf Pack,0.14457071005408442,0.11593206542042586,0.5671641791044776,0.40384615384615385,6.567164179104478,6.211538461538462,1.0769230769230769,2.727272727272727,0.75,0.6,0.2238303493050968,0.2727272727272727
2024,10,New Mexico Lobos,0.344014506538709,0.45379518395797774,0.5,0.5974025974025974,10.083333333333334,7.675324675324675,3.4615384615384617,3.230769230769231,0.6666666666666666,1.0,0.3523446202278137,0.2
2024,10,New Mexico State Aggies,-0.36620542651317156,0.24390374097907752,0.3770491803278688,0.38596491228070173,4.704918032786885,7.543859649122807,0.625,0.4117647058823529,0.0,0.5,-0.13368699078758559,0.18181818181818182
2024,10,North Carolina Tar Heels,0.3224526716189252,-0.2005049599253613,0.4861111111111111,0.30434782608695654,7.347222222222222,4.5,3.1818181818181817,1.1,0.75,,0.12306559499767092,0.5625
2024,10,North Dakota State Bison,0.38599573767610956,0.17486165014320407,0.5892857142857143,0.46551724137931033,7.428571428571429,5.931034482758621,2.6923076923076925,1.0,0.8571428571428571,0.3333333333333333,0.2693467187610539,0.7
2024,10,Northern Iowa Panthers,0.17486165014320407,0.38599573767610956,0.46551724137931033,0.5892857142857143,5.931034482758621,7.428571428571429,1.0,2.6923076923076925,0.3333333333333333,0.8571428571428571,0.16021518391925235,0.3333333333333333
2024,10,Northwestern Wildcats,0.2921048865389468,0.018055012301793173,0.47761194029850745,0.47619047619047616,6.298507462686567,5.349206349206349,2.1666666666666665,1.8181818181818181,0.5,0.4,0.09706037263480985,0.5
2024,10,Ohio State Buckeyes,0.014479843118498403,-0.09165004176913567,0.4838709677419355,0.41509433962264153,6.548387096774194,5.188679245283019,2.0,0.6666666666666666,0.0,0.0,-0.020787411369383335,0.5384615384615384
2024,10,Oklahoma Sooners,0.5158212784822885,-0.01805716889599959,0.5974025974025974,0.3333333333333333,8.61038961038961,4.316666666666666,5.363636363636363,1.1666666666666667,0.7777777777777778,0.6666666666666666,0.4019688519298053,0.6428571428571429
2024,10,Oklahoma State Cowboys,0.021716884591362694,0.36011183726323115,0.45454545454545453,0.5194805194805194,4.927272727272728,6.883116883116883,1.9090909090909092,3.8181818181818183,1.0,1.0,-0.025416101624326008,0.09090909090909091
2024,10,Old Dominion Monarchs,0.07084123387530043,0.2836018909879944,0.5540540540540541,0.45614035087719296,6.837837837837838,7.157894736842105,1.8181818181818181,1.8666666666666667,0.25,1.0,0.08593226236812139,0.5384615384615384
2024,10,Ole Miss Rebels,0.5007290591142679,0.2025090311653912,0.5657894736842105,0.484375,9.18421052631579,8.96875,3.769230769230769,1.631578947368421,0.8571428571428571,1.0,0.4701222792023518,0.3333333333333333
2024,10,Oregon Ducks,0.33980128001159343,0.011728025199669713,0.5070422535211268,0.37735849056603776,6.76056338028169,5.9245283018867925,4.222222222222222,1.5454545454545454,0.8,0.5,0.23906710371375084,0.5333333333333333
2024,10,Penn State Nittany Lions,-0.09165004176913567,0.014479843118498403,0.41509433962264153,0.4838709677419355,5.188679245283019,6.548387096774194,0.6666666666666666,2.0,0.0,0.0,0.04219471365213394,0.2727272727272727
2024,10,Pittsburgh Panthers,-0.07196198161063569,0.21282485540096577,0.4157303370786517,0.4307692307692308,4.966292134831461,7.138461538461539,1.7857142857142858,3.2,0.6,0.8,0.06703966672437778,0.3125
2024,10,Portland State Vikings,0.43356561856834513,0.30145334395946877,0.5394736842105263,0.5757575757575758,7.157894736842105,7.515151515151516,5.2727272727272725,3.4545454545454546,0.8571428571428571,1.0,0.14418584654728572,0.6
2024,10,Purdue Boilermakers,0.018055012301793173,0.2921048865389468,0.47619047619047616,0.47761194029850745,5.349206349206349,6.298507462686567,1.8181818181818181,2.1666666666666665,0.4,0.5,0.0011311620473861694,0.375
2024,10,Rice Owls,0.025691106205894834,-0.15616678776311094,0.4444444444444444,0.32786885245901637,5.587301587301587,4.39344262295082,2.0,0.8333333333333334,1.0,0.3333333333333333,-0.025635547935962677,0.35714285714285715
2024,10,SMU Mustangs,0.21282485540096577,-0.07196198161063569,0.4307692307692308,0.4157303370786517,7.138461538461539,4.966292134831461,3.2,1.7857142857142858,0.8,0.6,0.15558862101797963,0.35714285714285715
2024,10,Sacramento State Hornets,0.30145334395946877,0.43356561856834513,0.5757575757575758,0.5394736842105263,7.515151515151516,7.157894736842105,3.4545454545454546,5.2727272727272725,1.0,0.8571428571428571,0.293736435202035,0.5454545454545454
2024,10,Sam Houston Bearkats,-0.27289308092810893,-0.31552540463737294,0.38181818181818183,0.4430379746835443,5.2,4.367088607594937,0.5384615384615384,0.23076923076923078,0.0,0.0,-0.33733726367354394,0.35714285714285715
2024,10,San Diego State Aztecs,0.03320062120578119,0.4438143391162157,0.30357142857142855,0.5875,5.071428571428571,6.775,2.1818181818181817,4.454545454545454,0.5,1.0,-0.4113545092857546,0.07142857142857142
2024,10,South Alabama Jaguars,0.16407441870490116,0.15992098520783818,0.5074626865671642,0.45588235294117646,6.970149253731344,5.485294117647059,2.142857142857143,2.125,0.3333333333333333,1.0,0.22944327289203428,0.3333333333333333
2024,10,South Carolina Gamecocks,0.1780870965548924,-0.11441283813421277,0.45714285714285713,0.4782608695652174,8.3,5.333333333333333,3.142857142857143,1.3333333333333333,0.6666666666666666,1.0,0.242653413252397,0.23076923076923078
2024,10,South Florida Bulls,0.2610332508747642,-0.10157125433789024,0.4864864864864865,0.3924050632911392,7.094594594594595,6.367088607594937,2.933333333333333,1.5,0.8,0.3333333333333333,0.261873610448419,0.21428571428571427
2024,10,Southern Illinois Salukis,-0.18744130561381211,0.012941289227455854,0.35802469135802467,0.4375,4.308641975308642,5.609375,1.1333333333333333,2.7142857142857144,0.6666666666666666,0.6666666666666666,-0.27093179027239483,0.3157894736842105
2024,10,Stanford Cardinal,0.2681403720920736,0.4381732098758221,0.45454545454545453,0.55,8.254545454545454,9.0,2.3333333333333335,4.538461538461538,0.6666666666666666,0.8571428571428571,0.2973024924827177,0.2222222222222222
2024,10,Syracuse Orange,0.2498316644732632,0.044854063054789665,0.4925373134328358,0.5507246376811594,6.029850746268656,6.492753623188406,2.3846153846153846,2.066666666666667,1.0,0.6666666666666666,0.28536686638616166,0.46153846153846156
2024,10,TCU Horned Frogs,0.27378433644771577,0.36580600866522545,0.49230769230769234,0.5641025641025641,6.938461538461539,6.423076923076923,3.4,2.1818181818181817,1.0,0.75,0.33575622678971756,0.3333333333333333
2024,10,Tennessee Volunteers,0.16375888994446508,-0.103145070374012,0.5925925925925926,0.375,5.950617283950617,5.96875,1.8666666666666667,0.7692307692307693,0.5,0.3333333333333333,0.1236189149997451,0.42857142857142855
2024,10,Texas A&M Aggies,-0.11441283813421277,0.1780870965548924,0.4782608695652174,0.45714285714285713,5.333333333333333,8.3,1.3333333333333333,3.142857142857143,1.0,0.6666666666666666,-0.11029788559558344,0.2
2024,10,Texas State Bobcats,0.06270772818889883,0.2295912811990644,0.5694444444444444,0.47540983606557374,5.75,7.147540983606557,1.8888888888888888,2.3,0.25,0.3333333333333333,0.03326847686849792,0.5714285714285714
2024,10,Texas Tech Red Raiders,0.008444783051271696,0.05043672652621018,0.43243243243243246,0.4473684210526316,4.972972972972973,6.052631578947368,1.2105263157894737,1.1578947368421053,0.6666666666666666,0.3333333333333333,0.03343872046261503,0.3333333333333333
2024,10,Toledo Rockets,-0.04759868383407593,-0.03133013178320492,0.38461538461538464,0.43529411764705883,6.3076923076923075,5.364705882352941,1.0,0.6842105263157895,0.5,0.6,-0.04913800468250197,0.15384615384615385
2024,10,Troy Trojans,0.35654035561224995,0.04136061094334868,0.5441176470588235,0.4262295081967213,7.720588235294118,5.360655737704918,3.4545454545454546,1.2142857142857142,0.75,0.5,0.32477198947559704,0.36363636363636365
2024,10,Tulane Green Wave,0.3078158837862504,-0.46787502007050946,0.5256410256410257,0.2727272727272727,5.794871794871795,4.636363636363637,2.5,0.3333333333333333,0.42857142857142855,0.0,0.1048337236046791,0.5882352941176471
2024,10,Tulsa Golden Hurricane,0.1145116314291954,0.4514648282932023,0.4044943820224719,0.4745762711864407,4.921348314606742,8.966101694915254,1.3125,3.2142857142857144,0.6,1.0,-0.021725524798966944,0.42857142857142855
2024,10,UAB Blazers,0.4514648282932023,0.1145116314291954,0.4745762711864407,0.4044943820224719,8.966101694915254,4.921348314606742,3.2142857142857144,1.3125,1.0,0.6,0.45107791138192016,0.4
2024,10,UCF Knights,0.5819568308916959,-0.07172592703638406,0.6060606060606061,0.3620689655172414,8.803030303030303,4.5,5.6,1.2,1.0,1.0,0.4683016015772234,0.625
2024,10,UCLA Bruins,0.1697247530575152,-0.1076725468867355,0.42592592592592593,0.4305555555555556,6.962962962962963,5.166666666666667,2.0,1.8181818181818181,0.3333333333333333,0.75,0.049979832841128835,0.46153846153846156
2024,10,UConn Huskies,0.14148863404989243,0.10055613134588515,0.5357142857142857,0.45714285714285713,6.160714285714286,5.871428571428571,3.090909090909091,2.4545454545454546,0.75,0.5,0.09719656970765855,0.45454545454545453
2024,10,UL Monroe Warhawks,0.10716545686387179,0.11958720584710439,0.42105263157894735,0.4166666666666667,6.859649122807017,6.183333333333334,1.2142857142857142,2.1538461538461537,0.5,0.6,0.10950063914060593,0.2727272727272727
2024,10,USC Trojans,0.07153221116035799,0.08800369634557126,0.4810126582278481,0.43283582089552236,5.886075949367089,5.7164179104477615,1.9090909090909092,2.3636363636363638,0.5,0.75,0.01000986892288014,0.5
2024,10,UTEP Miners,-0.20387904759910372,-0.1378477749324614,0.4722222222222222,0.43548387096774194,4.111111111111111,5.661290322580645,0.8125,1.4285714285714286,0.25,0.3333333333333333,-0.08037462451241233,0.3333333333333333
2024,10,UTSA Roadrunners,0.1148629583103556,-0.01901261823278078,0.4225352112676056,0.4647887323943662,5.774647887323944,7.154929577464789,2.4444444444444446,2.4,0.8333333333333334,0.75,0.018898737545196827,0.23529411764705882
2024,10,Vanderbilt Commodores,-0.19406739570971193,-0.12771489676730385,0.25862068965517243,0.39655172413793105,4.0,5.637931034482759,1.4166666666666667,0.5384615384615384,0.5,,-0.1294095768105416,0.2
2024,10,Virginia Tech Hokies,0.044854063054789665,0.2498316644732632,0.5507246376811594,0.4925373134328358,6.492753623188406,6.029850746268656,2.066666666666667,2.3846153846153846,0.6666666666666666,1.0,0.06958813708404014,0.45454545454545453
2024,10,Washington Huskies,0.08800369634557126,0.07153221116035799,0.43283582089552236,0.4810126582278481,5.7164179104477615,5.886075949367089,2.3636363636363638,1.9090909090909092,0.75,0.5,0.08189389927714479,0.35714285714285715
2024,10,Western Kentucky Hilltoppers,0.3379317684607072,-0.002164747732788769,0.6181818181818182,0.40298507462686567,8.781818181818181,4.373134328358209,2.923076923076923,1.1666666666666667,0.5,1.0,0.406768488613042,0.2222222222222222
2024,10,Wisconsin Badgers,-0.14317952655255795,0.3798759066529812,0.42857142857142855,0.5806451612903226,5.357142857142857,7.0,0.9090909090909091,3.5,1.0,0.8571428571428571,-0.09877977317029779,0.18181818181818182
2024,10,Wyoming Cowboys,0.45379518395797774,0.344014506538709,0.5974025974025974,0.5,7.675324675324675,10.083333333333334,3.230769230769231,3.4615384615384617,1.0,0.6666666666666666,0.34218193318878043,0.5384615384615384
2024,11,Air Force Falcons,0.20032639713848338,0.11113423189601383,0.5294117647058824,0.4864864864864865,4.223529411764706,7.243243243243243,2.0,2.1,0.5714285714285714,1.0,0.06821770767370859,0.42105263157894735
2024,11,Alabama Crimson Tide,0.3371975486095135,-0.04475178185737494,0.5076923076923077,0.45454545454545453,6.476923076923077,5.409090909090909,4.2,1.3,1.0,0.3333333333333333,0.17205855542538212,0.6153846153846154
2024,11,App State Mountaineers,0.01657422275646873,0.2364578896335193,0.4492753623188406,0.5,6.086956521739131,6.357142857142857,1.5454545454545454,3.1666666666666665,0.5,0.8,-0.07698356405812867,0.4
2024,11,Arizona State Sun Devils,0.0006474410848958152,0.29199181606664376,0.42857142857142855,0.4411764705882353,4.892857142857143,5.882352941176471,2.1,2.5833333333333335,0.6,1.0,0.09765306611855824,0.5
2024,11,Arkansas State Red Wolves,0.12969249781025083,0.4357457309961319,0.5657894736842105,0.5245901639344263,5.276315789473684,10.885245901639344,1.4615384615384615,4.0,0.75,1.0,0.22663737184578372,0.46153846153846156
2024,11,Army Black Knights,0.07374449979800445,-0.18478961857882412,0.5230769230769231,0.4909090909090909,5.138461538461539,5.1454545454545455,2.0,0.5,0.6666666666666666,0.0,-0.11456583942077597,0.6923076923076923
2024,11,BYU Cougars,-0.04926062180445744,-0.049776303653533645,0.3384615384615385,0.4230769230769231,5.2153846153846155,4.980769230769231,1.8333333333333333,1.75,0.3333333333333333,1.0,0.12159714161180983,0.08333333333333333
2024,11,Ball State Cardinals,-0.010765073284254236,0.07033119514837104,0.4406779661016949,0.3898305084745763,6.169491525423729,6.576271186440678,1.4,2.4545454545454546,0.0,0.6666666666666666,0.03702359403605047,0.25
2024,11,Boise State Broncos,0.04461653874470638,-0.08351156541279384,0.46153846153846156,0.42857142857142855,5.984615384615385,5.571428571428571,2.0,1.6153846153846154,0.8,0.5,0.06772202361713756,0.3
2024,11,Boston College Eagles,0.16727437053261132,0.05183906761342532,0.4482758620689655,0.4931506849315068,6.431034482758621,6.205479452054795,2.6923076923076925,2.1538461538461537,0.8,0.8,0.036702323027632454,0.16666666666666666
2024,11,Bowling Green Falcons,0.20119039621204138,-0.207138991355896,0.4375,0.38,6.296875,4.8,2.090909090909091,1.0,0.2857142857142857,1.0,0.10352835901405501,0.26666666666666666
2024,11,California Golden Bears,0.14015134257428785,0.015462155680398684,0.5529411764705883,0.4594594594594595,6.2,5.5675675675675675,2.6,2.4,0.6666666666666666,0.75,0.20768450725246485,0.3076923076923077
2024,11,Central Michigan Chippewas,-0.207138991355896,0.20119039621204138,0.38,0.4375,4.8,6.296875,1.0,2.090909090909091,1.0,0.2857142857142857,-0.34600350856781004,0.3076923076923077
2024,11,Cincinnati Bearcats,-0.11903665294941468,-0.17273318341800145,0.46835443037974683,0.3333333333333333,6.860759493670886,5.928571428571429,1.6153846153846154,1.5454545454545454,0.5,0.6666666666666666,0.022272091779497363,0.4375
2024,11,Clemson Tigers,0.003115409380429751,-0.4118375907539679,0.36363636363636365,0.3103448275862069,5.025974025974026,3.9310344827586206,1.7142857142857142,0.5,0.5,1.0,-0.08686160518412005,0.42105263157894735
2024,11,Coastal Carolina Chanticleers,0.2364578896335193,0.01657422275646873,0.5,0.4492753623188406,6.357142857142857,6.086956521739131,3.1666666666666665,1.5454545454545454,0.8,0.5,0.19893055247223895,0.6
2024,11,Colorado Buffaloes,0.03600307203391019,-0.2111645666991963,0.4117647058823529,0.3764705882352941,5.044117647058823,4.91764705882353,2.4285714285714284,1.6875,0.6,0.4,0.16360469162464142,0.15384615384615385
2024,11,Delaware Blue Hens,0.002267084071333979,0.039371312881002624,0.4788732394366197,0.40816326530612246,5.830985915492958,5.959183673469388,2.0,1.2727272727272727,0.6666666666666666,0.5,-0.27296011796537434,0.4375
2024,11,Duke Blue Devils,-0.06972288036787952,-0.22731112203900777,0.35185185185185186,0.3492063492063492,5.648148148148148,4.285714285714286,1.8,1.2666666666666666,0.6666666666666666,0.16666666666666666,0.1519056843386756,0.0
2024,11,East Carolina Pirates,0.6855111359446137,0.05547128250201543,0.7037037037037037,0.4533333333333333,10.796296296296296,5.426666666666667,4.454545454545454,1.4,1.0,0.6666666666666666,0.6338989125357734,0.5
2024,11,Florida Atlantic Owls,0.05547128250201543,0.6855111359446137,0.4533333333333333,0.7037037037037037,5.426666666666667,10.796296296296296,1.4,4.454545454545454,0.6666666666666666,1.0,0.08428221954540772,0.26666666666666666
2024,11,Florida Gators,0.05140947889197956,0.4572446034068153,0.4696969696969697,0.5079365079365079,5.803030303030303,8.936507936507937,1.3076923076923077,3.769230769230769,0.5,0.5,0.04114712373568462,0.42857142857142855
2024,11,Florida State Seminoles,-0.4240297311242076,0.2859331488609314,0.3333333333333333,0.43333333333333335,4.159420289855072,6.95,0.2,2.0,0.0,0.8,-0.26434437856078147,0.17647058823529413
2024,11,Fresno State Bulldogs,0.11113423189601383,0.20032639713848338,0.4864864864864865,0.5294117647058824,7.243243243243243,4.223529411764706,2.1,2.0,1.0,0.5714285714285714,0.20005851118795334,0.0
2024,11,Georgia Bulldogs,-0.25107596601758686,0.10724280691809124,0.4444444444444444,0.3968253968253968,4.063492063492063,6.492063492063492,0.9090909090909091,2.5454545454545454,0.5,0.4,-0.2730030521102574,0.42857142857142855
2024,11,Georgia State Panthers,-0.18916933719188936,0.17763246884986536,0.4032258064516129,0.5074626865671642,4.048387096774194,6.611940298507463,0.5384615384615384,2.5833333333333335,0.5,0.6666666666666666,-0.04358343150880602,0.2857142857142857
2024,11,Georgia Tech Yellow Jackets,0.2271166960398356,0.10612643190792628,0.5,0.47619047619047616,6.05,6.920634920634921,2.5454545454545454,2.3,0.8,0.5,0.08693487847104986,0.46153846153846156
2024,11,Hawai'i Rainbow Warriors,-0.05435112804647476,0.06812325442159498,0.38095238095238093,0.3918918918918919,6.2063492063492065,6.216216216216216,1.6875,1.4,0.5,0.0,0.07875546178919204,0.21428571428571427
2024,11,Indiana Hoosiers,-0.1501807283680394,-0.23851842605150664,0.41509433962264153,0.3230769230769231,4.660377358490566,3.230769230769231,0.7647058823529411,1.4,0.5,0.3333333333333333,-0.034021600717451514,0.36363636363636365
2024,11,Iowa Hawkeyes,-0.2224379575914807,0.05275111299165538,0.35555555555555557,0.49295774647887325,5.888888888888889,5.915492957746479,1.7,2.0,0.6666666666666666,0.2,-0.27156849120344434,0.4
2024,11,Iowa State Cyclones,0.4134392652843819,0.44077034170428914,0.5081967213114754,0.5454545454545454,7.655737704918033,8.287878787878787,2.4166666666666665,3.4545454545454546,0.6666666666666666,0.8,0.5099626758268901,0.36363636363636365
2024,11,Jacksonville State Gamecocks,0.0013510532850442931,-0.010240387657414312,0.45348837209302323,0.463768115942029,5.104651162790698,5.884057971014493,2.75,2.3333333333333335,1.0,0.6,-0.1344355789647586,0.3333333333333333
2024,11,James Madison Dukes,0.17763246884986536,-0.18916933719188936,0.5074626865671642,0.4032258064516129,6.611940298507463,4.048387096774194,2.5833333333333335,0.5384615384615384,0.6666666666666666,0.5,0.08540267248948415,0.4117647058823529
2024,11,Kansas Jayhawks,0.44077034170428914,0.4134392652843819,0.5454545454545454,0.5081967213114754,8.287878787878787,7.655737704918033,3.4545454545454546,2.4166666666666665,0.8,0.6666666666666666,0.3088156968631126,0.4166666666666667
2024,11,Kennesaw State Owls,0.003933171276003122,0.08555732148734829,0.390625,0.4936708860759494,4.953125,5.734177215189874,1.75,1.7142857142857142,0.75,0.7142857142857143,0.10062245929494817,0.375
2024,11,Kent State Golden Flashes,-0.46137727468329315,0.12692045727196863,0.27450980392156865,0.5294117647058824,3.0588235294117645,6.073529411764706,0.0,3.090909090909091,,0.75,-0.43552630714007784,0.26666666666666666
2024,11,LSU Tigers,-0.04475178185737494,0.3371975486095135,0.45454545454545453,0.5076923076923077,5.409090909090909,6.476923076923077,1.3,4.2,0.3333333333333333,1.0,-0.1633561259629775,0.35714285714285715
2024,11,Liberty Flames,0.2964435705254155,0.02889798071823622,0.6451612903225806,0.49122807017543857,7.419354838709677,5.508771929824562,3.7,1.7,0.5,0.6666666666666666,0.21800571072984626,0.5
2024,11,Louisiana Ragin' Cajuns,0.4357457309961319,0.12969249781025083,0.5245901639344263,0.5657894736842105,10.885245901639344,5.276315789473684,4.0,1.4615384615384615,1.0,0.75,0.3162624779343605,0.45454545454545453
2024,11,Louisiana Tech Bulldogs,-0.010240387657414312,0.0013510532850442931,0.463768115942029,0.45348837209302323,5.884057971014493,5.104651162790698,2.3333333333333335,2.75,0.6,1.0,0.06886998536410155,0.3076923076923077
2024,11,Marshall Thundering Herd,0.09704632028727464,-0.4445741531792386,0.4225352112676056,0.3103448275862069,7.535211267605634,3.2413793103448274,1.85,0.2,0.3333333333333333,,0.09159839210601953,0.375
2024,11,Maryland Terrapins,-0.2565856988299383,0.14322291978169233,0.3150684931506849,0.40625,4.863013698630137,6.015625,1.3846153846153846,2.272727272727273,0.5,0.8,-0.10188857283232347,0.3333333333333333
2024,11,Memphis Tigers,0.10288896163304646,-0.02446732325340385,0.4492753623188406,0.3880597014925373,5.304347826086956,5.507462686567164,2.25,1.6666666666666667,1.0,0.25,0.13637735596242942,0.4666666666666667
2024,11,Miami (OH) RedHawks,0.07033119514837104,-0.010765073284254236,0.3898305084745763,0.4406779661016949,6.576271186440678,6.169491525423729,2.4545454545454546,1.4,0.6666666666666666,0.0,0.0841631790002187,0.3076923076923077
2024,11,Miami Hurricanes,0.10612643190792628,0.2271166960398356,0.47619047619047616,0.5,6.920634920634921,6.05,2.3,2.5454545454545454,0.5,0.8,0.32677106528866046,0.3
2024,11,Michigan Wolverines,-0.23851842605150664,-0.1501807283680394,0.3230769230769231,0.41509433962264153,3.230769230769231,4.660377358490566,1.4,0.7647058823529411,0.3333333333333333,0.5,-0.22297429790099463,0.3333333333333333
2024,11,Middle Tennessee Blue Raiders,0.02889798071823622,0.2964435705254155,0.49122807017543857,0.6451612903225806,5.508771929824562,7.419354838709677,1.7,3.7,0.6666666666666666,0.5,-0.0539503340565023,0.46153846153846156
2024,11,Minnesota Golden Gophers,-0.08590143445938353,-0.050148062866883,0.3333333333333333,0.34782608695652173,4.587301587301587,5.217391304347826,1.4615384615384615,1.7142857142857142,0.6666666666666666,0.5,-0.2638727084119269,0.375
2024,11,Mississippi State Bulldogs,-0.0750537627647,0.03214670079095023,0.3387096774193548,0.4935064935064935,4.435483870967742,6.077922077922078,0.4375,2.5384615384615383,1.0,0.0,-0.10297113754179167,0.3076923076923077
2024,11,Missouri State Bears,0.45819131086270015,-0.0550837162300013,0.5166666666666667,0.453125,9.8,5.609375,3.6875,2.2142857142857144,0.6666666666666666,1.0,0.38846703184147674,0.36363636363636365
2024,11,Missouri Tigers,-0.16005322112612527,-0.30905469050330503,0.3561643835616438,0.3064516129032258,4.3561643835616435,4.758064516129032,1.3076923076923077,1.3333333333333333,0.75,0.3333333333333333,-0.3471470202477473,0.47368421052631576
2024,11,Montana State Bobcats,0.4235359013080597,-0.09386644296107753,0.6166666666666667,0.4032258064516129,10.116666666666667,4.112903225806452,4.083333333333333,0.6363636363636364,1.0,0.0,0.3166225676735242,0.7272727272727273
2024,11,Murray State Racers,-0.0550837162300013,0.45819131086270015,0.453125,0.5166666666666667,5.609375,9.8,2.2142857142857144,3.6875,1.0,0.6666666666666666,-0.04889397954150122,0.2857142857142857
2024,11,NC State Wolfpack,-0.22731112203900777,-0.06972288036787952,0.3492063492063492,0.35185185185185186,4.285714285714286,5.648148148148148,1.2666666666666666,1.8,0.16666666666666666,0.6666666666666666,-0.18869704981239474,0.25
2024,11,Navy Midshipmen,0.07163667635641237,-0.20069643276840893,0.391304347826087,0.3880597014925373,5.521739130434782,5.7164179104477615,2.0,0.5833333333333334,1.0,0.3333333333333333,0.033726550936698914,0.4117647058823529
2024,11,Nevada Wolf Pack,-0.08351156541279384,0.04461653874470638,0.42857142857142855,0.46153846153846156,5.571428571428571,5.984615384615385,1.6153846153846154,2.0,0.5,0.8,-0.2577290001668428,0.14285714285714285
2024,11,New Mexico Lobos,0.3311550537390368,0.00131334072022244,0.5357142857142857,0.4069767441860465,8.5,4.395348837209302,2.1,1.6,0.5,0.25,0.40791970830072055,0.45454545454545453
2024,11,New Mexico State Aggies,-0.004485409368168224,0.08126839034018978,0.44155844155844154,0.45161290322580644,6.285714285714286,6.67741935483871,2.0,2.9285714285714284,0.6,1.0,-0.022494604686896007,0.5625
2024,11,North Texas Mean Green,-0.18478961857882412,0.07374449979800445,0.4909090909090909,0.5230769230769231,5.1454545454545455,5.138461538461539,0.5,2.0,0.0,0.6666666666666666,-0.30107547380985356,0.36363636363636365
2024,11,Northern Illinois Huskies,0.30430367484427334,0.11886118612592182,0.631578947368421,0.5396825396825397,7.2631578947368425,6.698412698412699,3.5,2.5454545454545454,1.0,0.75,0.33226876395444077,0.6666666666666666
2024,11,Notre Dame Fighting Irish,0.2859331488609314,-0.4240297311242076,0.43333333333333335,0.3333333333333333,6.95,4.159420289855072,2.0,0.2,0.8,0.0,0.2541243015451634,0.4166666666666667
2024,11,Ohio Bobcats,0.12692045727196863,-0.46137727468329315,0.5294117647058824,0.27450980392156865,6.073529411764706,3.0588235294117645,3.090909090909091,0.0,0.75,,0.07610596440456531,0.5384615384615384
2024,11,Ohio State Buckeyes,0.28315144393480185,-0.323548781419439,0.5757575757575758,0.4107142857142857,7.151515151515151,3.892857142857143,3.8,0.0,0.8333333333333334,0.0,0.22443830616333904,0.4166666666666667
2024,11,Oklahoma Sooners,-0.30905469050330503,-0.16005322112612527,0.3064516129032258,0.3561643835616438,4.758064516129032,4.3561643835616435,1.3333333333333333,1.3076923076923077,0.3333333333333333,0.75,-0.45347061233465064,0.26666666666666666
2024,11,Oklahoma State Cowboys,0.15498783536579297,0.4306158845241253,0.5507246376811594,0.6,5.884057971014493,7.4,1.3,4.222222222222222,0.6666666666666666,0.6666666666666666,0.10450246117331764,0.45454545454545453
2024,11,Ole Miss Rebels,0.10724280691809124,-0.25107596601758686,0.3968253968253968,0.4444444444444444,6.492063492063492,4.063492063492063,2.5454545454545454,0.9090909090909091,0.4,0.5,0.09087486580318334,0.23076923076923078
2024,11,Oregon Ducks,0.14322291978169233,-0.2565856988299383,0.40625,0.3150684931506849,6.015625,4.863013698630137,2.272727272727273,1.3846153846153846,0.8,0.5,0.02382381341379622,0.26666666666666666
2024,11,Oregon State Beavers,-0.13449057638645173,0.20067182049155236,0.4375,0.46,5.8125,9.6,1.3,1.7,0.2,0.25,0.08806395774982015,0.375
2024,11,Penn State Nittany Lions,0.26825305603552557,-0.2633652611236487,0.5362318840579711,0.35714285714285715,6.869565217391305,3.607142857142857,3.1818181818181817,0.75,0.8333333333333334,0.0,0.03353547943489892,0.5
2024,11,Pittsburgh Panthers,-0.11244766549630598,-0.1106284038344426,0.3787878787878788,0.417910447761194,5.257575757575758,5.253731343283582,1.4615384615384615,1.7142857142857142,1.0,0.6666666666666666,-0.09322057467586589,0.15384615384615385
2024,11,Purdue Boilermakers,-0.323548781419439,0.28315144393480185,0.4107142857142857,0.5757575757575758,3.892857142857143,7.151515151515151,0.0,3.8,0.0,0.8333333333333334,-0.14323989787074023,0.18181818181818182
2024,11,Rhode Island Rams,0.039371312881002624,0.002267084071333979,0.40816326530612246,0.4788732394366197,5.959183673469388,5.830985915492958,1.2727272727272727,2.0,0.5,0.6666666666666666,-0.0948431836931329,0.2727272727272727
2024,11,Rice Owls,-0.02446732325340385,0.10288896163304646,0.3880597014925373,0.4492753623188406,5.507462686567164,5.304347826086956,1.6666666666666667,2.25,0.25,1.0,-0.037748128175735474,0.375
2024,11,Rutgers Scarlet Knights,-0.050148062866883,-0.08590143445938353,0.34782608695652173,0.3333333333333333,5.217391304347826,4.587301587301587,1.7142857142857142,1.4615384615384615,0.5,0.6666666666666666,0.022552487001104175,0.2857142857142857
2024,11,Sacramento State Hornets,-0.09386644296107753,0.4235359013080597,0.4032258064516129,0.6166666666666667,4.112903225806452,10.116666666666667,0.6363636363636364,4.083333333333333,0.0,1.0,0.083646160364151,0.375
2024,11,San Diego State Aztecs,0.00131334072022244,0.3311550537390368,0.4069767441860465,0.5357142857142857,4.395348837209302,8.5,1.6,2.1,0.25,0.5,-0.07254602531479164,0.55
2024,11,San José State Spartans,0.20067182049155236,-0.13449057638645173,0.46,0.4375,9.6,5.8125,1.7,1.3,0.25,0.2,0.24072989951819182,0.4444444444444444
2024,11,South Carolina Gamecocks,0.3544415225748156,-0.15261223811214253,0.5573770491803278,0.3728813559322034,7.442622950819672,4.6440677966101696,2.3333333333333335,0.7777777777777778,0.6666666666666666,0.5,0.25889550058209165,0.75
2024,11,South Florida Bulls,-0.20069643276840893,0.07163667635641237,0.3880597014925373,0.391304347826087,5.7164179104477615,5.521739130434782,0.5833333333333334,2.0,0.3333333333333333,1.0,-0.39520217934433294,0.5
2024,11,Southern Miss Golden Eagles,-0.4445741531792386,0.09704632028727464,0.3103448275862069,0.4225352112676056,3.2413793103448274,7.535211267605634,0.2,1.85,,0.3333333333333333,-0.33861659658260834,0.07142857142857142
2024,11,Syracuse Orange,0.05183906761342532,0.16727437053261132,0.4931506849315068,0.4482758620689655,6.205479452054795,6.431034482758621,2.1538461538461537,2.6923076923076925,0.8,0.8,0.14771745842078637,0.4166666666666667
2024,11,TCU Horned Frogs,0.4306158845241253,0.15498783536579297,0.6,0.5507246376811594,7.4,5.884057971014493,4.222222222222222,1.3,0.6666666666666666,0.6666666666666666,0.35682497532279406,0.5
2024,11,Temple Owls,-0.3819754221899943,0.3341451354631006,0.25,0.5616438356164384,3.7045454545454546,8.150684931506849,0.42857142857142855,3.7142857142857144,0.0,0.8333333333333334,-0.14016418705383937,0.07692307692307693
2024,11,Tennessee Volunteers,0.03214670079095023,-0.0750537627647,0.4935064935064935,0.3387096774193548,6.077922077922078,4.435483870967742,2.5384615384615383,0.4375,0.0,1.0,0.1277270048856735,0.35714285714285715
2024,11,Texas Longhorns,0.4572446034068153,0.05140947889197956,0.5079365079365079,0.4696969696969697,8.936507936507937,5.803030303030303,3.769230769230769,1.3076923076923077,0.5,0.5,0.4200339782238007,0.36363636363636365
2024,11,Texas State Bobcats,0.13692900944839825,-0.08640111024890627,0.48484848484848486,0.3968253968253968,5.954545454545454,4.412698412698413,2.235294117647059,0.0,0.8,0.6666666666666666,0.21957154305917875,0.4
2024,11,Texas Tech Red Raiders,-0.2111645666991963,0.03600307203391019,0.3764705882352941,0.4117647058823529,4.91764705882353,5.044117647058823,1.6875,2.4285714285714284,0.4,0.6,-0.35122569626377476,0.3684210526315789
2024,11,Tulane Green Wave,0.3341451354631006,-0.3819754221899943,0.5616438356164384,0.25,8.150684931506849,3.7045454545454546,3.7142857142857144,0.42857142857142855,0.8333333333333334,0.0,0.21644997720917067,0.6153846153846154
2024,11,UAB Blazers,-0.1377544934685166,0.09629705989025009,0.40540540540540543,0.39436619718309857,5.391891891891892,5.183098591549296,1.6428571428571428,2.066666666666667,0.0,0.5,-0.22204450411455973,0.375
2024,11,UCF Knights,0.29199181606664376,0.0006474410848958152,0.4411764705882353,0.42857142857142855,5.882352941176471,4.892857142857143,2.5833333333333335,2.1,1.0,0.6,0.21610531435822541,0.5
2024,11,UCLA Bruins,0.05275111299165538,-0.2224379575914807,0.49295774647887325,0.35555555555555557,5.915492957746479,5.888888888888889,2.0,1.7,0.2,0.6666666666666666,-0.11958784806100946,0.5714285714285714
2024,11,UConn Huskies,0.09629705989025009,-0.1377544934685166,0.39436619718309857,0.40540540540540543,5.183098591549296,5.391891891891892,2.066666666666667,1.6428571428571428,0.5,0.0,-0.0264041697437113,0.4666666666666667
2024,11,UL Monroe Warhawks,-0.08640111024890627,0.13692900944839825,0.3968253968253968,0.48484848484848486,4.412698412698413,5.954545454545454,0.0,2.235294117647059,0.6666666666666666,0.8,-0.18074476916571053,0.2727272727272727
2024,11,UNLV Rebels,0.06812325442159498,-0.05435112804647476,0.3918918918918919,0.38095238095238093,6.216216216216216,6.2063492063492065,1.4,1.6875,0.0,0.5,0.017780865784044617,0.3684210526315789
2024,11,UTEP Miners,0.08555732148734829,0.003933171276003122,0.4936708860759494,0.390625,5.734177215189874,4.953125,1.7142857142857142,1.75,0.7142857142857143,0.75,0.06755406813601315,0.23529411764705882
2024,11,Utah State Aggies,0.17769580458601317,0.3491791960867969,0.4722222222222222,0.6060606060606061,5.569444444444445,7.090909090909091,2.3333333333333335,4.083333333333333,1.0,0.8571428571428571,-0.0046870735558596525,0.2857142857142857
2024,11,Utah Utes,-0.049776303653533645,-0.04926062180445744,0.4230769230769231,0.3384615384615385,4.980769230769231,5.2153846153846155,1.75,1.8333333333333333,1.0,0.3333333333333333,-0.13332236036658288,0.4166666666666667
2024,11,Vanderbilt Commodores,-0.15261223811214253,0.3544415225748156,0.3728813559322034,0.5573770491803278,4.6440677966101696,7.442622950819672,0.7777777777777778,2.3333333333333335,0.5,0.6666666666666666,-0.2569897696375847,0.38461538461538464
2024,11,Virginia Cavaliers,-0.1106284038344426,-0.11244766549630598,0.417910447761194,0.3787878787878788,5.253731343283582,5.257575757575758,1.7142857142857142,1.4615384615384615,0.6666666666666666,1.0,0.03793380564113833,0.3076923076923077
2024,11,Virginia Tech Hokies,-0.4118375907539679,0.003115409380429751,0.3103448275862069,0.36363636363636365,3.9310344827586206,5.025974025974026,0.5,1.7142857142857142,1.0,0.5,-0.3939795923374948,0.14285714285714285
2024,11,Wake Forest Demon Deacons,0.015462155680398684,0.14015134257428785,0.4594594594594595,0.5529411764705883,5.5675675675675675,6.2,2.4,2.6,0.75,0.6666666666666666,-0.11698930338025093,0.3333333333333333
2024,11,Washington Huskies,-0.2633652611236487,0.26825305603552557,0.35714285714285715,0.5362318840579711,3.607142857142857,6.869565217391305,0.75,3.1818181818181817,0.0,0.8333333333333334,-0.3822056261822581,0.3076923076923077
2024,11,Washington State Cougars,0.3491791960867969,0.17769580458601317,0.6060606060606061,0.4722222222222222,7.090909090909091,5.569444444444445,4.083333333333333,2.3333333333333335,0.8571428571428571,1.0,0.26043718881331956,0.3333333333333333
2024,11,West Virginia Mountaineers,-0.17273318341800145,-0.11903665294941468,0.3333333333333333,0.46835443037974683,5.928571428571429,6.860759493670886,1.5454545454545454,1.6153846153846154,0.6666666666666666,0.5,-0.1436622440814972,0.18181818181818182
2024,11,Western Kentucky Hilltoppers,0.08126839034018978,-0.004485409368168224,0.45161290322580644,0.44155844155844154,6.67741935483871,6.285714285714286,2.9285714285714284,2.0,1.0,0.6,-0.08003243674402652,0.4666666666666667
2024,11,Western Michigan Broncos,0.11886118612592182,0.30430367484427334,0.5396825396825397,0.631578947368421,6.698412698412699,7.2631578947368425,2.5454545454545454,3.5,0.75,1.0,0.1378614641726017,0.2
2024,12,Air Force Falcons,0.16380060894388548,-0.3771528825163841,0.5211267605633803,0.28888888888888886,5.774647887323944,3.888888888888889,2.3333333333333335,0.0,0.6666666666666666,,-0.004408151425164321,0.5833333333333334
2024,12,Akron Zips,-0.2514272291918059,0.10537542083433696,0.24324324324324326,0.3392857142857143,4.094594594594595,8.071428571428571,0.5625,1.3529411764705883,0.0,0.5,-0.2976430883774391,0.2777777777777778
2024,12,Alabama Crimson Tide,0.30942253303992284,-0.431565545582109,0.5324675324675324,0.35555555555555557,6.597402597402597,5.4222222222222225,3.0,0.5384615384615384,1.0,,0.18934607430029723,0.4666666666666667
2024,12,Arizona State Sun Devils,0.09233660471271461,0.023914708082492533,0.4647887323943662,0.5230769230769231,5.619718309859155,6.507692307692308,2.1818181818181817,1.2727272727272727,1.0,0.3333333333333333,-0.04363115717257772,0.5333333333333333
2024,12,Arizona Wildcats,-0.04991058335788008,-0.428755988256406,0.4492753623188406,0.3050847457627119,4.942028985507246,5.6440677966101696,2.076923076923077,0.25,0.5,0.0,-0.13343793621250227,0.5294117647058824
2024,12,Arkansas Razorbacks,-0.1621911379240327,0.01643336812655131,0.5084745762711864,0.4305555555555556,3.8983050847457625,4.25,0.9090909090909091,1.8181818181818181,1.0,0.6666666666666666,-0.15974273516776713,0.4166666666666667
2024,12,Arkansas State Red Wolves,0.07193937974553259,-0.060276452924164246,0.4603174603174603,0.38028169014084506,5.746031746031746,6.042253521126761,2.076923076923077,1.6666666666666667,1.0,1.0,0.23402404703199864,0.25
2024,12,Auburn Tigers,0.31968144629452677,-0.18206984779009452,0.5405405405405406,0.28846153846153844,6.878378378378378,3.9038461538461537,4.0,1.1666666666666667,0.6,1.0,0.10167737411601203,0.5882352941176471
2024,12,BYU Cougars,0.0011323226822747125,0.05455042695512577,0.4603174603174603,0.4897959183673469,5.714285714285714,5.081632653061225,1.4444444444444444,1.4166666666666667,0.0,0.6666666666666666,0.06556693128511018,0.3
2024,12,Ball State Cardinals,0.12069747292659652,0.29634868008334464,0.4647887323943662,0.47560975609756095,7.450704225352113,5.439024390243903,3.9285714285714284,3.4285714285714284,0.6,0.8571428571428571,-0.07090003602206707,0.46153846153846156
2024,12,Baylor Bears,0.48138709125273366,0.10177553462033923,0.5588235294117647,0.4659090909090909,7.588235294117647,5.670454545454546,4.083333333333333,2.9166666666666665,1.0,0.8,0.43935653153393006,0.6153846153846154
2024,12,Boise State Broncos,0.35566323866014893,0.06526447481968824,0.5652173913043478,0.45588235294117646,6.63768115942029,7.838235294117647,3.1818181818181817,1.9090909090909092,0.8,0.6,0.28987671678716487,0.6666666666666666
2024,12,Boston College Eagles,0.07977141721828564,0.31487229995189175,0.5540540540540541,0.4838709677419355,5.581081081081081,7.032258064516129,2.5454545454545454,3.1666666666666665,0.8,0.5,0.10765829626119362,0.3333333333333333
2024,12,Bowling Green Falcons,0.3210828056875265,-0.08413158400970347,0.5471698113207547,0.4117647058823529,7.679245283018868,4.544117647058823,2.8181818181818183,1.1818181818181819,1.0,0.6666666666666666,0.41166089120365323,0.5
2024,12,Buffalo Bulls,0.29634868008334464,0.12069747292659652,0.47560975609756095,0.4647887323943662,5.439024390243903,7.450704225352113,3.4285714285714284,3.9285714285714284,0.8571428571428571,0.6,0.18654961929176794,0.25
2024,12,Cal Poly Mustangs,0.1191248202489482,-0.03903825870818562,0.4305555555555556,0.4027777777777778,5.291666666666667,4.930555555555555,2.1666666666666665,1.7692307692307692,0.25,0.5,0.052321046590805054,0.25
2024,12,California Golden Bears,0.3286483979650906,0.2948090128409557,0.4642857142857143,0.47435897435897434,6.982142857142857,6.243589743589744,1.9230769230769231,2.75,1.0,0.5,0.16850616072499475,0.5384615384615384
2024,12,Campbell Fighting Camels,-0.05883159549509893,0.25865895223261703,0.32786885245901637,0.4925373134328358,5.737704918032787,8.328358208955224,1.5833333333333333,3.4166666666666665,0.5,1.0,-0.15231070754139922,0.26666666666666666
2024,12,Central Michigan Chippewas,-0.3645991812790594,-0.02388325128062018,0.3709677419354839,0.29310344827586204,4.532258064516129,4.741379310344827,0.8333333333333334,2.3076923076923075,0.3333333333333333,0.2,-0.42467379760234913,0.38461538461538464
2024,12,Charlotte 49ers,-0.12396665386957666,0.4023356962828867,0.3972602739726027,0.6451612903225806,5.47945205479452,8.661290322580646,1.5,2.3846153846153846,1.0,0.6666666666666666,-0.18162445158794008,0.2857142857142857
2024,12,Cincinnati Bearcats,0.09394145490867752,0.13616390375123508,0.42857142857142855,0.37681159420289856,5.982142857142857,5.594202898550725,0.7142857142857143,1.8,0.3333333333333333,0.6666666666666666,-0.001947824250568043,0.18181818181818182
2024,12,Clemson Tigers,-0.11545312229324789,-0.0074585426127773595,0.4411764705882353,0.41379310344827586,4.911764705882353,5.0344827586206895,1.6,1.25,1.0,0.5,-0.02380905930812542,0.4
2024,12,Coastal Carolina Chanticleers,-0.11030130435342658,-0.011790536225788177,0.3972602739726027,0.3492063492063492,5.109589041095891,4.031746031746032,1.0,1.5,0.2,1.0,-0.10922890793193471,0.5
2024,12,Colorado Buffaloes,-0.06480136066675186,-0.25522164727600527,0.38333333333333336,0.352112676056338,6.216666666666667,4.323943661971831,3.7333333333333334,1.5,1.0,0.3333333333333333,-0.2092108707478706,0.18181818181818182
2024,12,Colorado State Rams,0.08565927006430545,-0.2709733226469585,0.423728813559322,0.26785714285714285,7.576271186440678,4.25,1.7142857142857142,0.7142857142857143,0.5,1.0,0.3458816992199939,0.25
2024,12,Delaware Blue Hens,0.25865895223261703,-0.05883159549509893,0.4925373134328358,0.32786885245901637,8.328358208955224,5.737704918032787,3.4166666666666665,1.5833333333333333,1.0,0.5,0.07834996704785328,0.18181818181818182
2024,12,East Carolina Pirates,0.23836628158887227,-0.10584102887095827,0.4666666666666667,0.3484848484848485,6.906666666666666,5.848484848484849,2.375,1.8461538461538463,0.6,0.25,0.23172085921643143,0.3076923076923077
2024,12,Eastern Michigan Eagles,-0.30322683439590037,0.15653346791382758,0.34375,0.5,4.171875,6.951612903225806,0.5882352941176471,2.0588235294117645,0.5,0.8,-0.5879151927100288,0.35294117647058826
2024,12,Florida Atlantic Owls,-0.021132023608098266,0.019761461078336363,0.36065573770491804,0.4605263157894737,5.311475409836065,4.592105263157895,1.3636363636363635,1.5,0.6666666666666666,0.5,0.09301521778106689,0.08333333333333333
2024,12,Florida Gators,0.2203713297843933,-0.00296623632311821,0.45,0.3695652173913043,8.55,4.423913043478261,2.4545454545454546,1.6,1.0,0.0,0.29699048303788705,0.3333333333333333
2024,12,Florida International Panthers,0.13909856152178637,0.21038366262226887,0.5074626865671642,0.4794520547945205,6.373134328358209,6.109589041095891,2.5833333333333335,2.8333333333333335,0.75,0.5,0.10047619274029365,0.38461538461538464
2024,12,Georgia Bulldogs,0.3336157696587699,0.05021872454219394,0.45714285714285713,0.4583333333333333,6.628571428571429,4.430555555555555,3.1,1.7,0.8,1.0,0.21004385488075122,0.5384615384615384
2024,12,Georgia Southern Eagles,-0.07683582572226828,0.31902354065742755,0.46808510638297873,0.4861111111111111,5.127659574468085,6.305555555555555,2.2222222222222223,2.5454545454545454,0.6666666666666666,0.8,-0.02795044657511589,0.375
2024,12,Georgia State Panthers,-0.060276452924164246,0.07193937974553259,0.38028169014084506,0.4603174603174603,6.042253521126761,5.746031746031746,1.6666666666666667,2.076923076923077,1.0,1.0,0.11656914154688518,0.14285714285714285
2024,12,Hawai'i Rainbow Warriors,-0.211732471389557,0.22125747427344322,0.40298507462686567,0.5125,4.611940298507463,7.4375,0.625,3.466666666666667,0.0,0.6,-0.16645496195325485,0.2857142857142857
2024,12,Houston Cougars,-0.428755988256406,-0.04991058335788008,0.3050847457627119,0.4492753623188406,5.6440677966101696,4.942028985507246,0.25,2.076923076923077,0.0,0.5,-0.08500432656254879,0.16666666666666666
2024,12,Illinois Fighting Illini,0.28762486528965736,0.04440686987204985,0.4838709677419355,0.4090909090909091,6.209677419354839,5.318181818181818,3.1666666666666665,1.3333333333333333,0.8,0.5,0.2072963202777116,0.4
2024,12,Iowa State Cyclones,0.13616390375123508,0.09394145490867752,0.37681159420289856,0.42857142857142855,5.594202898550725,5.982142857142857,1.8,0.7142857142857143,0.6666666666666666,0.3333333333333333,-0.1763983952999115,0.375
2024,12,Jacksonville State Gamecocks,0.21038366262226887,0.13909856152178637,0.4794520547945205,0.5074626865671642,6.109589041095891,6.373134328358209,2.8333333333333335,2.5833333333333335,0.5,0.75,0.14343361691995102,0.3333333333333333
2024,12,James Madison Dukes,0.10141289710170692,0.07397710257454922,0.4166666666666667,0.38596491228070173,6.041666666666667,6.368421052631579,2.5,1.6,0.5,0.8,0.05146908082745292,0.23529411764705882
2024,12,Kansas Jayhawks,0.05455042695512577,0.0011323226822747125,0.4897959183673469,0.4603174603174603,5.081632653061225,5.714285714285714,1.4166666666666667,1.4444444444444444,0.6666666666666666,0.0,0.055287650889820524,0.3333333333333333
2024,12,Kansas State Wildcats,0.023914708082492533,0.09233660471271461,0.5230769230769231,0.4647887323943662,6.507692307692308,5.619718309859155,1.2727272727272727,2.1818181818181817,0.3333333333333333,1.0,-0.025863078112403553,0.5384615384615384
2024,12,Kennesaw State Owls,-0.14380979565056887,-0.03691520756238127,0.43636363636363634,0.3835616438356164,4.381818181818182,4.890410958904109,1.3076923076923077,1.6428571428571428,0.5,0.6666666666666666,-0.07568074254827066,0.18181818181818182
2024,12,Kentucky Wildcats,0.3148862228200242,-0.30274333889192007,0.5540540540540541,0.3018867924528302,8.08108108108108,4.547169811320755,3.4166666666666665,0.5,0.6666666666666666,0.0,0.1250381811720426,0.4
2024,12,LSU Tigers,-0.00296623632311821,0.2203713297843933,0.3695652173913043,0.45,4.423913043478261,8.55,1.6,2.4545454545454546,0.0,1.0,-0.2402547209057957,0.5
2024,12,Liberty Flames,0.30405727549204753,0.22170872881378925,0.6190476190476191,0.5070422535211268,6.746031746031746,5.929577464788732,2.1538461538461537,2.5833333333333335,1.0,0.6666666666666666,0.3751132912360705,0.36363636363636365
2024,12,Louisiana Ragin' Cajuns,0.13080532588655985,0.06504284518380318,0.42857142857142855,0.5,6.571428571428571,5.725806451612903,2.0,2.1818181818181817,0.2,0.75,0.09540956694146861,0.23076923076923078
2024,12,Louisiana Tech Bulldogs,-0.07633356197226432,-0.1582591711206639,0.4838709677419355,0.3404255319148936,4.564516129032258,4.851063829787234,1.2,0.875,0.0,0.5,0.07310776763102587,0.18181818181818182
2024,12,Louisville Cardinals,0.14971296308618603,0.1454502627463408,0.5303030303030303,0.43661971830985913,6.5606060606060606,5.929577464788732,1.5,1.6875,1.0,0.6666666666666666,0.23292549396002735,0.3
2024,12,Marshall Thundering Herd,-0.011790536225788177,-0.11030130435342658,0.3492063492063492,0.3972602739726027,4.031746031746032,5.109589041095891,1.5,1.0,1.0,0.2,-0.1500625084055231,0.3076923076923077
2024,12,Maryland Terrapins,0.07109998112044684,0.17836109324107094,0.47560975609756095,0.4603174603174603,5.573170731707317,5.111111111111111,1.5454545454545454,3.1,0.5,1.0,-0.02246933746135841,0.47058823529411764
2024,12,Massachusetts Minutemen,0.22170872881378925,0.30405727549204753,0.5070422535211268,0.6190476190476191,5.929577464788732,6.746031746031746,2.5833333333333335,2.1538461538461537,0.6666666666666666,1.0,0.26034718804192125,0.3076923076923077
2024,12,Memphis Tigers,0.36714784801006317,-0.045683000585995615,0.6216216216216216,0.421875,7.108108108108108,6.71875,4.416666666666667,1.5,0.875,0.5,0.3112666412951454,0.4
2024,12,Mercer Bears,-0.431565545582109,0.30942253303992284,0.35555555555555557,0.5324675324675324,5.4222222222222225,6.597402597402597,0.5384615384615384,3.0,,1.0,-0.03867652339653836,0.1111111111111111
2024,12,Michigan State Spartans,0.04440686987204985,0.28762486528965736,0.4090909090909091,0.4838709677419355,5.318181818181818,6.209677419354839,1.3333333333333333,3.1666666666666665,0.5,0.8,0.14809843798478445,0.13333333333333333
2024,12,Missouri State Bears,-0.05632889259493712,0.4455336634929363,0.42424242424242425,0.5076923076923077,5.454545454545454,8.846153846153847,1.6153846153846154,2.235294117647059,0.5,0.5714285714285714,-0.2472008392214775,0.4375
2024,12,Missouri Tigers,0.25437062511693187,0.2677620965987444,0.6119402985074627,0.4375,5.791044776119403,7.171875,2.3076923076923075,1.75,0.4,0.75,0.3257416517340711,0.1111111111111111
2024,12,Murray State Racers,-0.30274333889192007,0.3148862228200242,0.3018867924528302,0.5540540540540541,4.547169811320755,8.08108108108108,0.5,3.4166666666666665,0.0,0.6666666666666666,-0.19552667979151012,0.08333333333333333
2024,12,Navy Midshipmen,-0.5444651779201296,0.21694269825200566,0.26666666666666666,0.5245901639344263,2.488888888888889,6.049180327868853,0.0,3.5,,1.0,-0.39435651658042786,0.09090909090909091
2024,12,Nebraska Cornhuskers,0.060230403177199826,0.28560100661383736,0.5,0.5555555555555556,5.096774193548387,7.428571428571429,1.1818181818181819,2.5454545454545454,0.0,0.75,0.07467798764506976,0.38461538461538464
2024,12,New Mexico Lobos,0.4278403565491716,0.43852093337631937,0.547945205479452,0.582089552238806,7.315068493150685,8.343283582089553,2.8181818181818183,2.9166666666666665,0.6666666666666666,1.0,0.4405574227793742,0.38461538461538464
2024,12,New Mexico State Aggies,-0.26285801853163765,0.3472178022066752,0.3220338983050847,0.5466666666666666,3.559322033898305,7.586666666666667,0.25,3.4545454545454546,,0.6666666666666666,-0.22647036438764528,0.3333333333333333
2024,12,North Carolina Tar Heels,0.05196923101452035,-0.0008969512670787413,0.5211267605633803,0.417910447761194,5.450704225352113,5.358208955223881,1.6,1.2142857142857142,0.6,0.75,-0.005972360480915416,0.35714285714285715
2024,12,North Dakota State Bison,0.4455336634929363,-0.05632889259493712,0.5076923076923077,0.42424242424242425,8.846153846153847,5.454545454545454,2.235294117647059,1.6153846153846154,0.5714285714285714,0.5,0.25348205864429474,0.3333333333333333
2024,12,North Texas Mean Green,0.11263359521256118,0.23329967988861933,0.39344262295081966,0.5444444444444444,8.032786885245901,8.144444444444444,1.9285714285714286,2.823529411764706,0.3333333333333333,0.5714285714285714,0.406689543194241,0.18181818181818182
2024,12,Northern Illinois Huskies,0.10537542083433696,-0.2514272291918059,0.3392857142857143,0.24324324324324326,8.071428571428571,4.094594594594595,1.3529411764705883,0.5625,0.5,0.0,0.27649563409033273,0.16666666666666666
2024,12,Northwestern Wildcats,-0.1659891450061248,0.22890928178502803,0.2923076923076923,0.5087719298245614,3.8153846153846156,7.368421052631579,0.7777777777777778,3.4444444444444446,0.25,0.75,-0.17568251349859768,0.375
2024,12,Notre Dame Fighting Irish,0.04685449118123335,-0.23266716546087124,0.4411764705882353,0.29850746268656714,6.220588235294118,5.1940298507462686,1.6666666666666667,0.7777777777777778,0.6666666666666666,1.0,0.10160181040947254,0.08333333333333333
2024,12,Ohio Bobcats,0.15653346791382758,-0.30322683439590037,0.5,0.34375,6.951612903225806,4.171875,2.0588235294117645,0.5882352941176471,0.8,0.5,0.06580841997448279,0.46153846153846156
2024,12,Ohio State Buckeyes,0.22890928178502803,-0.1659891450061248,0.5087719298245614,0.2923076923076923,7.368421052631579,3.8153846153846156,3.4444444444444446,0.7777777777777778,0.75,0.25,0.1782970760356296,0.4
2024,12,Old Dominion Monarchs,0.07397710257454922,0.10141289710170692,0.38596491228070173,0.4166666666666667,6.368421052631579,6.041666666666667,1.6,2.5,0.8,0.5,0.34094273822104676,0.1
2024,12,Oregon Ducks,-0.07019110464713943,-0.30233732958634696,0.4084507042253521,0.35,5.126760563380282,3.35,1.0833333333333333,0.2727272727272727,0.2,0.3333333333333333,-0.06096535921096802,0.3333333333333333
2024,12,Oregon State Beavers,-0.3771528825163841,0.16380060894388548,0.28888888888888886,0.5211267605633803,3.888888888888889,5.774647887323944,0.0,2.3333333333333335,,0.6666666666666666,-0.2418352728409152,0.2
2024,12,Penn State Nittany Lions,0.47197835269521493,0.0034145836172432735,0.5901639344262295,0.41379310344827586,8.836065573770492,5.0,4.083333333333333,0.8333333333333334,1.0,0.5,0.3752201601215031,0.5
2024,12,Pittsburgh Panthers,-0.0074585426127773595,-0.11545312229324789,0.41379310344827586,0.4411764705882353,5.0344827586206895,4.911764705882353,1.25,1.6,0.5,1.0,-0.011022469445840637,0.3333333333333333
2024,12,Purdue Boilermakers,0.0034145836172432735,0.47197835269521493,0.41379310344827586,0.5901639344262295,5.0,8.836065573770492,0.8333333333333334,4.083333333333333,0.5,1.0,0.03444783931428736,0.2857142857142857
2024,12,Rutgers Scarlet Knights,0.17836109324107094,0.07109998112044684,0.4603174603174603,0.47560975609756095,5.111111111111111,5.573170731707317,3.1,1.5454545454545454,1.0,0.5,0.06993559391602226,0.35714285714285715
2024,12,SMU Mustangs,0.31487229995189175,0.07977141721828564,0.4838709677419355,0.5540540540540541,7.032258064516129,5.581081081081081,3.1666666666666665,2.5454545454545454,0.5,0.8,0.23034067853138998,0.4444444444444444
2024,12,Sacramento State Hornets,-0.03903825870818562,0.1191248202489482,0.4027777777777778,0.4305555555555556,4.930555555555555,5.291666666666667,1.7692307692307692,2.1666666666666665,0.5,0.25,-0.030069206196528215,0.3125
2024,12,Sam Houston Bearkats,-0.03691520756238127,-0.14380979565056887,0.3835616438356164,0.43636363636363634,4.890410958904109,4.381818181818182,1.6428571428571428,1.3076923076923077,0.6666666666666666,0.5,-0.021999421872590717,0.375
2024,12,San Diego State Aztecs,-0.06947048540626254,0.07143777269351331,0.39285714285714285,0.5063291139240507,4.803571428571429,6.6835443037974684,1.4285714285714286,2.9285714285714284,0.5,0.625,0.06800449039877915,0.25
2024,12,San José State Spartans,0.06526447481968824,0.35566323866014893,0.45588235294117646,0.5652173913043478,7.838235294117647,6.63768115942029,1.9090909090909092,3.1818181818181817,0.6,0.8,0.010969730360167367,0.2727272727272727
2024,12,South Alabama Jaguars,0.06504284518380318,0.13080532588655985,0.5,0.42857142857142855,5.725806451612903,6.571428571428571,2.1818181818181817,2.0,0.75,0.2,0.10833180741387971,0.36363636363636365
2024,12,South Carolina Gamecocks,0.2677620965987444,0.25437062511693187,0.4375,0.6119402985074627,7.171875,5.791044776119403,1.75,2.3076923076923075,0.75,0.4,0.3456961974805715,0.4
2024,12,South Florida Bulls,0.4023356962828867,-0.12396665386957666,0.6451612903225806,0.3972602739726027,8.661290322580646,5.47945205479452,2.3846153846153846,1.5,0.6666666666666666,1.0,0.41395193060823515,0.3333333333333333
2024,12,Southern Miss Golden Eagles,-0.3188382043119739,0.6094983586898217,0.25,0.5692307692307692,2.735294117647059,10.815384615384616,0.23076923076923078,5.2727272727272725,0.0,0.75,-0.2776827172686656,0.23529411764705882
2024,12,Stanford Cardinal,0.1454502627463408,0.14971296308618603,0.43661971830985913,0.5303030303030303,5.929577464788732,6.5606060606060606,1.6875,1.5,0.6666666666666666,1.0,0.08635907304974702,0.3125
2024,12,Syracuse Orange,0.2948090128409557,0.3286483979650906,0.47435897435897434,0.4642857142857143,6.243589743589744,6.982142857142857,2.75,1.9230769230769231,0.5,1.0,0.13655901352564495,0.5
2024,12,Temple Owls,0.019761461078336363,-0.021132023608098266,0.4605263157894737,0.36065573770491804,4.592105263157895,5.311475409836065,1.5,1.3636363636363635,0.5,0.6666666666666666,-0.06586788075843028,0.3888888888888889
2024,12,Tennessee Volunteers,0.05021872454219394,0.3336157696587699,0.4583333333333333,0.45714285714285713,4.430555555555555,6.628571428571429,1.7,3.1,1.0,0.8,0.01648922723073226,0.5
2024,12,Texas A&M Aggies,0.3472178022066752,-0.26285801853163765,0.5466666666666666,0.3220338983050847,7.586666666666667,3.559322033898305,3.4545454545454546,0.25,0.6666666666666666,,0.29839174689785125,0.6153846153846154
2024,12,Texas Longhorns,0.01643336812655131,-0.1621911379240327,0.4305555555555556,0.5084745762711864,4.25,3.8983050847457625,1.8181818181818181,0.9090909090909091,0.6666666666666666,1.0,0.03402143397501537,0.2857142857142857
2024,12,Texas State Bobcats,0.6094983586898217,-0.3188382043119739,0.5692307692307692,0.25,10.815384615384616,2.735294117647059,5.2727272727272725,0.23076923076923078,0.75,0.0,0.6245097529005121,0.6
2024,12,Toledo Rockets,-0.02388325128062018,-0.3645991812790594,0.29310344827586204,0.3709677419354839,4.741379310344827,4.532258064516129,2.3076923076923075,0.8333333333333334,0.2,0.3333333333333333,-0.2132242242495219,0.38461538461538464
2024,12,Troy Trojans,0.31902354065742755,-0.07683582572226828,0.4861111111111111,0.46808510638297873,6.305555555555555,5.127659574468085,2.5454545454545454,2.2222222222222223,0.8,0.6666666666666666,0.07255069371955149,0.6428571428571429
2024,12,Tulane Green Wave,0.21694269825200566,-0.5444651779201296,0.5245901639344263,0.26666666666666666,6.049180327868853,2.488888888888889,3.5,0.0,1.0,,0.0477301871522944,0.25
2024,12,Tulsa Golden Hurricane,-0.10584102887095827,0.23836628158887227,0.3484848484848485,0.4666666666666667,5.848484848484849,6.906666666666666,1.8461538461538463,2.375,0.25,0.6,-0.08141676260500538,0.13333333333333333
2024,12,UAB Blazers,-0.045683000585995615,0.36714784801006317,0.421875,0.6216216216216216,6.71875,7.108108108108108,1.5,4.416666666666667,0.5,0.875,-0.320240998485436,0.3333333333333333
2024,12,UCLA Bruins,0.05872938877496964,0.19505842084234412,0.46153846153846156,0.5636363636363636,4.512820512820513,5.818181818181818,1.7272727272727273,2.5833333333333335,0.4,1.0,-0.05867055110764085,0.5789473684210527
2024,12,UL Monroe Warhawks,-0.18206984779009452,0.31968144629452677,0.28846153846153844,0.5405405405405406,3.9038461538461537,6.878378378378378,1.1666666666666667,4.0,1.0,0.6,0.060949203130361194,0.16666666666666666
2024,12,UNLV Rebels,0.07143777269351331,-0.06947048540626254,0.5063291139240507,0.39285714285714285,6.6835443037974684,4.803571428571429,2.9285714285714284,1.4285714285714286,0.625,0.5,0.029466813216443923,0.375
2024,12,USC Trojans,0.28560100661383736,0.060230403177199826,0.5555555555555556,0.5,7.428571428571429,5.096774193548387,2.5454545454545454,1.1818181818181819,0.75,0.0,0.1628719311134488,0.5454545454545454
2024,12,UTSA Roadrunners,0.23329967988861933,0.11263359521256118,0.5444444444444444,0.39344262295081966,8.144444444444444,8.032786885245901,2.823529411764706,1.9285714285714286,0.5714285714285714,0.3333333333333333,0.21286024426070738,0.3888888888888889
2024,12,Utah State Aggies,0.22125747427344322,-0.211732471389557,0.5125,0.40298507462686567,7.4375,4.611940298507463,3.466666666666667,0.625,0.6,0.0,0.2702050872387425,0.375
2024,12,Utah Utes,-0.25522164727600527,-0.06480136066675186,0.352112676056338,0.38333333333333336,4.323943661971831,6.216666666666667,1.5,3.7333333333333334,0.3333333333333333,1.0,-0.2274061396436871,0.4117647058823529
2024,12,Virginia Cavaliers,-0.23266716546087124,0.04685449118123335,0.29850746268656714,0.4411764705882353,5.1940298507462686,6.220588235294118,0.7777777777777778,1.6666666666666667,1.0,0.6666666666666666,-0.3592409776880386,0.23529411764705882
2024,12,Wake Forest Demon Deacons,-0.0008969512670787413,0.05196923101452035,0.417910447761194,0.5211267605633803,5.358208955223881,5.450704225352113,1.2142857142857142,1.6,0.75,0.6,-0.02612428184387819,0.46153846153846156
2024,12,Washington Huskies,0.19505842084234412,0.05872938877496964,0.5636363636363636,0.46153846153846156,5.818181818181818,4.512820512820513,2.5833333333333335,1.7272727272727273,1.0,0.4,0.23897745136333548,0.375
2024,12,Washington State Cougars,0.43852093337631937,0.4278403565491716,0.582089552238806,0.547945205479452,8.343283582089553,7.315068493150685,2.9166666666666665,2.8181818181818183,1.0,0.6666666666666666,0.5161775090453917,0.2222222222222222
2024,12,West Virginia Mountaineers,0.10177553462033923,0.48138709125273366,0.4659090909090909,0.5588235294117647,5.670454545454546,7.588235294117647,2.9166666666666665,4.083333333333333,0.8,1.0,0.12654680545840943,0.3076923076923077
2024,12,Western Kentucky Hilltoppers,-0.1582591711206639,-0.07633356197226432,0.3404255319148936,0.4838709677419355,4.851063829787234,4.564516129032258,0.875,1.2,0.5,0.0,-0.08642146442875717,0.2727272727272727
2024,12,Western Michigan Broncos,-0.08413158400970347,0.3210828056875265,0.4117647058823529,0.5471698113207547,4.544117647058823,7.679245283018868,1.1818181818181819,2.8181818181818183,0.6666666666666666,1.0,-0.2371959832120449,0.26666666666666666
2024,12,Wisconsin Badgers,-0.30233732958634696,-0.07019110464713943,0.35,0.4084507042253521,3.35,5.126760563380282,0.2727272727272727,1.0833333333333333,0.3333333333333333,0.2,-0.11576891706344929,0.0
2024,12,Wyoming Cowboys,-0.2709733226469585,0.08565927006430545,0.26785714285714285,0.423728813559322,4.25,7.576271186440678,0.7142857142857143,1.7142857142857142,1.0,0.5,0.007224518060684204,0.14285714285714285
2024,13,Air Force Falcons,0.15972370128421223,0.05795581688483556,0.5588235294117647,0.43333333333333335,4.6911764705882355,6.683333333333334,2.2,2.111111111111111,1.0,0.0,0.060693721163947625,0.6
2024,13,Akron Zips,0.19367371303470513,-0.04472785426134413,0.4342105263157895,0.3181818181818182,7.078947368421052,6.2727272727272725,1.7692307692307692,0.8333333333333334,0.6666666666666666,0.0,0.08620035002628962,0.4
2024,13,Alabama Crimson Tide,-0.36738181199159536,0.0790230727964832,0.38596491228070173,0.46774193548387094,5.56140350877193,5.241935483870968,0.3,1.8888888888888888,0.0,0.5,-0.5793337492893139,0.5
2024,13,App State Mountaineers,0.03456451101549741,-0.042997844315863946,0.3620689655172414,0.4594594594594595,6.293103448275862,5.405405405405405,2.25,1.4285714285714286,0.6666666666666666,0.5,0.15985252301801334,0.16666666666666666
2024,13,Arizona State Sun Devils,0.2384156503460624,0.10633620445926985,0.5454545454545454,0.5166666666666667,6.257575757575758,7.583333333333333,2.1,1.7,0.4,1.0,0.21600627899169922,0.46153846153846156
2024,13,Arizona Wildcats,0.17206003765265146,0.2944984508137549,0.3787878787878788,0.532258064516129,5.075757575757576,8.85483870967742,1.9090909090909092,4.083333333333333,0.6666666666666666,1.0,-0.21803109280087732,0.47368421052631576
2024,13,Arkansas Razorbacks,0.08100462282026136,-0.19662744491486936,0.5,0.2702702702702703,6.45945945945946,3.2027027027027026,2.3333333333333335,0.8235294117647058,1.0,0.6666666666666666,0.18022372257911554,0.09090909090909091
2024,13,Arkansas State Red Wolves,0.16008716845704662,0.08668776241869762,0.45161290322580644,0.41379310344827586,5.709677419354839,6.448275862068965,1.4,0.5833333333333334,1.0,0.5,-0.016614821045956712,0.08333333333333333
2024,13,Army Black Knights,-0.1614584780451077,0.5844250165897867,0.44776119402985076,0.6304347826086957,3.7611940298507465,10.08695652173913,1.4,3.8181818181818183,1.0,0.6666666666666666,-0.15010669697885928,0.4117647058823529
2024,13,Auburn Tigers,0.13345852380411494,0.236168509721756,0.4722222222222222,0.5411764705882353,6.569444444444445,5.6,2.375,2.7142857142857144,0.5714285714285714,0.8,0.1604176835532774,0.35714285714285715
2024,13,BYU Cougars,0.10633620445926985,0.2384156503460624,0.5166666666666667,0.5454545454545454,7.583333333333333,6.257575757575758,1.7,2.1,1.0,0.4,-0.017839307383615142,0.6
2024,13,Ball State Cardinals,-0.2651355194468652,0.12313778084867141,0.27419354838709675,0.47058823529411764,4.629032258064516,5.338235294117647,1.1538461538461537,1.9230769230769231,0.5,0.75,-0.34767636318098416,0.26666666666666666
2024,13,Baylor Bears,-0.16015585150037492,-0.17070813564693227,0.44285714285714284,0.39215686274509803,5.514285714285714,4.7254901960784315,1.6666666666666667,0.3,0.5,0.0,-0.04436035950978597,0.2
2024,13,Boise State Broncos,0.015756601095199586,-0.11898474299138592,0.45454545454545453,0.3709677419354839,6.418181818181818,5.080645161290323,1.4166666666666667,1.1818181818181819,0.5,0.3333333333333333,0.30041861601851205,0.1111111111111111
2024,13,Boston College Eagles,0.04057362778433438,-0.23567412752244207,0.39080459770114945,0.3888888888888889,5.126436781609195,5.888888888888889,2.5833333333333335,1.5,0.5,1.0,-0.005902186967432499,0.4117647058823529
2024,13,Bowling Green Falcons,0.12313778084867141,-0.2651355194468652,0.47058823529411764,0.27419354838709675,5.338235294117647,4.629032258064516,1.9230769230769231,1.1538461538461537,0.75,0.5,0.13201876927395256,0.35294117647058826
2024,13,Buffalo Bulls,0.0586979458136345,-0.04506630091262715,0.3582089552238806,0.4857142857142857,5.940298507462686,7.671428571428572,0.7222222222222222,1.0,1.0,0.3333333333333333,0.11619072726794652,0.375
2024,13,California Golden Bears,0.1888734336082752,-0.08116784867118387,0.46153846153846156,0.39705882352941174,5.892307692307693,3.6323529411764706,2.0,1.6153846153846154,0.5,0.75,-0.032022241751352945,0.35294117647058826
2024,13,Central Michigan Chippewas,-0.029872477551301322,-0.20799812060945175,0.45,0.3333333333333333,5.133333333333334,3.9215686274509802,1.2307692307692308,0.5833333333333334,0.3333333333333333,1.0,-0.13341416716575621,0.5333333333333333
2024,13,Charleston Southern Buccaneers,-0.12251165460367672,0.3796858262004597,0.36065573770491804,0.5357142857142857,5.442622950819672,7.785714285714286,0.7,3.727272727272727,0.3333333333333333,0.6666666666666666,-0.13254546374082565,0.25
2024,13,Charlotte 49ers,0.1686166635915345,0.007538812183257606,0.29411764705882354,0.4166666666666667,8.803921568627452,6.166666666666667,2.909090909090909,1.6666666666666667,0.0,0.0,-0.1028712995954462,0.25
2024,13,Cincinnati Bearcats,-0.15346559374660684,0.26619456093462684,0.42028985507246375,0.49206349206349204,5.6521739130434785,6.634920634920635,1.1538461538461537,3.4166666666666665,1.0,0.6,0.24513042703844035,0.25
2024,13,Clemson Tigers,0.44931699618183335,0.03928045725020079,0.5517241379310345,0.4307692307692308,9.431034482758621,6.569230769230769,3.7,1.2727272727272727,0.75,0.3333333333333333,0.24468357417177647,0.4444444444444444
2024,13,Coastal Carolina Chanticleers,-0.40115200375968757,-0.04995121257869821,0.2909090909090909,0.40789473684210525,6.527272727272727,5.078947368421052,0.5,2.0,0.0,0.16666666666666666,-0.13572933968333972,0.16666666666666666
2024,13,Colorado Buffaloes,0.2746900492688505,0.44638256947199506,0.5121951219512195,0.6266666666666667,7.536585365853658,7.173333333333333,2.625,4.625,0.5,0.42857142857142855,0.5285093018319458,0.42857142857142855
2024,13,Colorado State Rams,0.05290651792966867,0.07497243962045443,0.3924050632911392,0.4406779661016949,5.10126582278481,6.0,0.9333333333333333,2.3333333333333335,0.75,0.75,-0.06624412405909154,0.29411764705882354
2024,13,Delaware Blue Hens,-0.04419178668766806,0.0034091879924138388,0.4520547945205479,0.4166666666666667,5.958904109589041,5.7,2.0,2.3846153846153846,0.75,0.6666666666666666,-0.0033728969948632376,0.42857142857142855
2024,13,Duke Blue Devils,-0.02134747830805955,-0.12971469777894307,0.3148148148148148,0.39759036144578314,7.62962962962963,4.481927710843373,1.9375,1.1666666666666667,0.5,0.0,-0.023340367647104485,0.09090909090909091
2024,13,East Carolina Pirates,0.219389641398116,-0.12934537922463765,0.569620253164557,0.4634146341463415,7.481012658227848,4.926829268292683,2.6666666666666665,2.1538461538461537,0.4,0.6666666666666666,0.41794610567509183,0.5
2024,13,Eastern Michigan Eagles,-0.04506630091262715,0.0586979458136345,0.4857142857142857,0.3582089552238806,7.671428571428572,5.940298507462686,1.0,0.7222222222222222,0.3333333333333333,1.0,-0.015278006402345804,0.2857142857142857
2024,13,Florida Atlantic Owls,0.007538812183257606,0.1686166635915345,0.4166666666666667,0.29411764705882354,6.166666666666667,8.803921568627452,1.6666666666666667,2.909090909090909,0.0,0.0,-0.021362555458357458,0.46153846153846156
2024,13,Florida Gators,-0.019312989807897998,0.0393152434330482,0.4032258064516129,0.5064935064935064,5.564516129032258,6.220779220779221,1.7142857142857142,1.4166666666666667,1.0,0.0,-0.04935765646873636,0.4
2024,13,Florida International Panthers,0.02767162670691808,0.05229581982800455,0.4666666666666667,0.3939393939393939,6.683333333333334,5.303030303030303,1.7333333333333334,1.6,0.4,0.6,0.14055454399850634,0.2857142857142857
2024,13,Florida State Seminoles,0.3796858262004597,-0.12251165460367672,0.5357142857142857,0.36065573770491804,7.785714285714286,5.442622950819672,3.727272727272727,0.7,0.6666666666666666,0.3333333333333333,0.30070940183198197,0.5555555555555556
2024,13,Fresno State Bulldogs,0.07497243962045443,0.05290651792966867,0.4406779661016949,0.3924050632911392,6.0,5.10126582278481,2.3333333333333335,0.9333333333333333,0.75,0.75,0.20754347244898477,0.3076923076923077
2024,13,Georgia Bulldogs,0.40497578974341003,0.0301434434296792,0.5774647887323944,0.47368421052631576,7.056338028169014,6.7894736842105265,5.2,1.9090909090909092,1.0,0.5,0.30648900645560234,0.3333333333333333
2024,13,Georgia Southern Eagles,-0.04995121257869821,-0.40115200375968757,0.40789473684210525,0.2909090909090909,5.078947368421052,6.527272727272727,2.0,0.5,0.16666666666666666,0.0,-0.16969010435928733,0.47058823529411764
2024,13,Georgia State Panthers,0.36313546575032746,0.09631978140936957,0.49230769230769234,0.49382716049382713,7.953846153846154,6.037037037037037,3.466666666666667,3.8461538461538463,0.75,0.8333333333333334,0.3553934541513335,0.36363636363636365
2024,13,Georgia Tech Yellow Jackets,0.00396078411075804,-0.004564575219558457,0.375,0.4406779661016949,6.013888888888889,7.237288135593221,1.7692307692307692,2.0714285714285716,0.5,1.0,0.06757111298410516,0.35714285714285715
2024,13,Houston Cougars,-0.17070813564693227,-0.16015585150037492,0.39215686274509803,0.44285714285714284,4.7254901960784315,5.514285714285714,0.3,1.6666666666666667,0.0,0.5,-0.22465768232941627,0.3
2024,13,Illinois Fighting Illini,0.31156290358593386,0.1423667699098587,0.4838709677419355,0.525,7.67741935483871,4.8375,3.8,3.4444444444444446,0.75,0.8,0.15419575761930615,0.3333333333333333
2024,13,Indiana Hoosiers,-0.1627628420447481,0.14283763495358553,0.4482758620689655,0.4909090909090909,2.6379310344827585,5.5636363636363635,1.3636363636363635,3.4444444444444446,1.0,0.6666666666666666,-0.10530829961810793,0.42857142857142855
2024,13,Iowa Hawkeyes,0.007925786716597421,-0.16930442755775793,0.42857142857142855,0.375,5.1571428571428575,4.053571428571429,1.8333333333333333,1.0833333333333333,0.25,1.0,0.016879214481873947,0.2857142857142857
2024,13,Iowa State Cyclones,-0.015648168722788493,-0.14846069642970727,0.4533333333333333,0.3953488372093023,6.133333333333334,5.372093023255814,2.5833333333333335,1.3,0.5714285714285714,0.3333333333333333,-0.16838619318501702,0.3333333333333333
2024,13,Jacksonville State Gamecocks,0.09868279010502261,-0.0019493574897448223,0.4626865671641791,0.42424242424242425,4.6716417910447765,3.9242424242424243,2.625,1.0,1.0,0.0,-0.05732111819088459,0.5625
2024,13,James Madison Dukes,-0.042997844315863946,0.03456451101549741,0.4594594594594595,0.3620689655172414,5.405405405405405,6.293103448275862,1.4285714285714286,2.25,0.5,0.6666666666666666,-0.014788462647369929,0.3333333333333333
2024,13,Kansas Jayhawks,0.44638256947199506,0.2746900492688505,0.6266666666666667,0.5121951219512195,7.173333333333333,7.536585365853658,4.625,2.625,0.42857142857142855,0.5,0.33774721723491863,0.5
2024,13,Kansas State Wildcats,0.26619456093462684,-0.15346559374660684,0.49206349206349204,0.42028985507246375,6.634920634920635,5.6521739130434785,3.4166666666666665,1.1538461538461537,0.6,1.0,0.25355363044203544,0.3333333333333333
2024,13,Kennesaw State Owls,0.05229581982800455,0.02767162670691808,0.3939393939393939,0.4666666666666667,5.303030303030303,6.683333333333334,1.6,1.7333333333333334,0.6,0.4,-0.0044528830509919385,0.35714285714285715
2024,13,Kent State Golden Flashes,-0.04472785426134413,0.19367371303470513,0.3181818181818182,0.4342105263157895,6.2727272727272725,7.078947368421052,0.8333333333333334,1.7692307692307692,0.0,0.6666666666666666,-0.037384918919115356,0.0
2024,13,Kentucky Wildcats,-0.2020382743190836,0.039154882493772004,0.37037037037037035,0.5394736842105263,4.296296296296297,6.223684210526316,0.6363636363636364,2.5833333333333335,0.5,0.8,-0.30253282114863395,0.18181818181818182
2024,13,LSU Tigers,0.3250647365595355,0.12710484738151231,0.5606060606060606,0.4375,7.181818181818182,6.416666666666667,2.6666666666666665,2.125,0.4,0.5,0.2481319235236037,0.6153846153846154
2024,13,Liberty Flames,0.2962066976202501,0.07421698272228242,0.6351351351351351,0.45,7.405405405405405,6.2,2.7142857142857144,0.0,0.8,0.6,0.359028146681139,0.6153846153846154
2024,13,Louisiana Ragin' Cajuns,0.3118398991914896,0.09839183416886207,0.4807692307692308,0.5128205128205128,8.307692307692308,5.051282051282051,3.4,2.3076923076923075,0.8,1.0,0.3340181803161448,0.125
2024,13,Louisiana Tech Bulldogs,-0.19662744491486936,0.08100462282026136,0.2702702702702703,0.5,3.2027027027027026,6.45945945945946,0.8235294117647058,2.3333333333333335,0.6666666666666666,1.0,-0.2620824861283205,0.15789473684210525
2024,13,Louisville Cardinals,0.2023218628289043,-0.3010465050897291,0.4927536231884058,0.3870967741935484,7.492753623188406,4.274193548387097,3.0833333333333335,0.5833333333333334,0.5,0.5,0.14823325616972788,0.4166666666666667
2024,13,Marshall Thundering Herd,0.27586322656044593,0.27771363146119304,0.46153846153846156,0.5194805194805194,7.246153846153846,6.662337662337662,3.0,2.6923076923076925,0.5,1.0,0.3030524355060649,0.25
2024,13,Maryland Terrapins,-0.16930442755775793,0.007925786716597421,0.375,0.42857142857142855,4.053571428571429,5.1571428571428575,1.0833333333333333,1.8333333333333333,1.0,0.25,-0.27056485622428184,0.25
2024,13,Massachusetts Minutemen,0.0301434434296792,0.40497578974341003,0.47368421052631576,0.5774647887323944,6.7894736842105265,7.056338028169014,1.9090909090909092,5.2,0.5,1.0,-0.03260292251442754,0.2727272727272727
2024,13,Miami (OH) RedHawks,0.06150423983732859,-0.1414390886957581,0.4166666666666667,0.4189189189189189,7.020833333333333,3.3513513513513513,1.0833333333333333,0.2727272727272727,0.3333333333333333,1.0,0.09552798362878653,0.2222222222222222
2024,13,Miami Hurricanes,0.3111745440534183,-0.4005621582792516,0.5571428571428572,0.3157894736842105,7.257142857142857,4.719298245614035,2.6923076923076925,1.0,0.6666666666666666,0.3333333333333333,0.2906052590958003,0.4166666666666667
2024,13,Michigan State Spartans,0.004977472231421672,0.11143685482880648,0.4225352112676056,0.4411764705882353,4.535211267605634,5.411764705882353,2.1,2.0,1.0,0.5,-0.014182170232137045,0.4
2024,13,Michigan Wolverines,0.24556337296962738,-0.3232309596335634,0.5428571428571428,0.3191489361702128,6.1571428571428575,2.8085106382978724,4.363636363636363,0.5454545454545454,0.8571428571428571,0.0,0.1074487178955438,0.5625
2024,13,Middle Tennessee Blue Raiders,0.12878221834767356,0.25694606646343515,0.4931506849315068,0.5,6.534246575342466,7.074074074074074,2.1,3.2222222222222223,1.0,0.6,0.1764310220425779,0.5
2024,13,Minnesota Golden Gophers,-0.13779870189469437,0.017837066804209063,0.39655172413793105,0.5161290322580645,5.362068965517241,5.82258064516129,1.6666666666666667,1.5333333333333334,0.5,0.4,-0.19715640942255655,0.4166666666666667
2024,13,Mississippi State Bulldogs,-0.11866580632825692,0.2950449080930816,0.5208333333333334,0.5,8.395833333333334,7.097222222222222,2.0,3.2,0.25,0.6,0.18603259921073914,0.2
2024,13,Missouri State Bears,-0.31210717388935255,0.2806547735543812,0.2631578947368421,0.4852941176470588,3.9298245614035086,7.0,0.6923076923076923,3.75,0.0,0.8333333333333334,-0.4201405255123973,0.14285714285714285
2024,13,Missouri Tigers,0.2950449080930816,-0.11866580632825692,0.5,0.5208333333333334,7.097222222222222,8.395833333333334,3.2,2.0,0.6,0.25,0.0744735688533423,0.47058823529411764
2024,13,NC State Wolfpack,-0.004564575219558457,0.00396078411075804,0.4406779661016949,0.375,7.237288135593221,6.013888888888889,2.0714285714285716,1.7692307692307692,1.0,0.5,-0.037853484568388565,0.25
2024,13,Nebraska Cornhuskers,0.23435633948871068,0.25745580387565326,0.5857142857142857,0.5094339622641509,6.785714285714286,7.849056603773585,3.0833333333333335,1.9230769230769231,0.7142857142857143,0.3333333333333333,0.2374725236046699,0.375
2024,13,Nevada Wolf Pack,0.05795581688483556,0.15972370128421223,0.43333333333333335,0.5588235294117647,6.683333333333334,4.6911764705882355,2.111111111111111,2.2,0.0,1.0,0.1058974526029952,0.3333333333333333
2024,13,New Mexico State Aggies,0.25694606646343515,0.12878221834767356,0.5,0.4931506849315068,7.074074074074074,6.534246575342466,3.2222222222222223,2.1,0.6,1.0,0.20259889179751986,0.5
2024,13,North Carolina Tar Heels,-0.23567412752244207,0.04057362778433438,0.3888888888888889,0.39080459770114945,5.888888888888889,5.126436781609195,1.5,2.5833333333333335,1.0,0.5,-0.2843098825751207,0.25
2024,13,North Dakota State Bison,0.21968173301395247,0.2727484642449072,0.47058823529411764,0.4915254237288136,5.397058823529412,6.508474576271187,2.8,2.3,1.0,0.75,0.11920583160484538,0.4666666666666667
2024,13,North Texas Mean Green,-0.12934537922463765,0.219389641398116,0.4634146341463415,0.569620253164557,4.926829268292683,7.481012658227848,2.1538461538461537,2.6666666666666665,0.6666666666666666,0.4,0.05204379270153661,0.4375
2024,13,Northern Illinois Huskies,-0.1414390886957581,0.06150423983732859,0.4189189189189189,0.4166666666666667,3.3513513513513513,7.020833333333333,0.2727272727272727,1.0833333333333333,1.0,0.3333333333333333,-0.18553440659134476,0.5555555555555556
2024,13,Northwestern Wildcats,-0.3232309596335634,0.24556337296962738,0.3191489361702128,0.5428571428571428,2.8085106382978724,6.1571428571428575,0.5454545454545454,4.363636363636363,0.0,0.8571428571428571,-0.3217644849792123,0.35714285714285715
2024,13,Notre Dame Fighting Irish,0.5844250165897867,-0.1614584780451077,0.6304347826086957,0.44776119402985076,10.08695652173913,3.7611940298507465,3.8181818181818183,1.4,0.6666666666666666,1.0,0.6179570585489274,0.2
2024,13,Ohio Bobcats,-0.018484520030693268,-0.44420951802511605,0.36619718309859156,0.32653061224489793,5.098591549295775,3.673469387755102,1.5333333333333334,0.0,0.6,,-0.20513772818387724,0.25
2024,13,Ohio State Buckeyes,0.14283763495358553,-0.1627628420447481,0.4909090909090909,0.4482758620689655,5.5636363636363635,2.6379310344827585,3.4444444444444446,1.3636363636363635,0.6666666666666666,1.0,0.07108296126854129,0.18181818181818182
2024,13,Oklahoma Sooners,0.0790230727964832,-0.36738181199159536,0.46774193548387094,0.38596491228070173,5.241935483870968,5.56140350877193,1.8888888888888888,0.3,0.5,0.0,0.16540897929150125,0.4
2024,13,Oklahoma State Cowboys,0.360724932222224,0.23354607427513208,0.5223880597014925,0.5054945054945055,8.373134328358208,6.164835164835165,2.3333333333333335,3.2666666666666666,1.0,1.0,0.36677923053503036,0.2222222222222222
2024,13,Old Dominion Monarchs,0.27771363146119304,0.27586322656044593,0.5194805194805194,0.46153846153846156,6.662337662337662,7.246153846153846,2.6923076923076925,3.0,1.0,0.5,0.0770188368856907,0.5
2024,13,Ole Miss Rebels,0.0393152434330482,-0.019312989807897998,0.5064935064935064,0.4032258064516129,6.220779220779221,5.564516129032258,1.4166666666666667,1.7142857142857142,0.0,1.0,0.26240345633636086,0.21428571428571427
2024,13,Oregon State Beavers,0.16826039858353445,0.40836747527122497,0.5128205128205128,0.66,6.435897435897436,7.74,3.727272727272727,3.1,1.0,0.6666666666666666,-0.023665814564145845,0.3333333333333333
2024,13,Penn State Nittany Lions,0.017837066804209063,-0.13779870189469437,0.5161290322580645,0.39655172413793105,5.82258064516129,5.362068965517241,1.5333333333333334,1.6666666666666667,0.4,0.5,0.31061017642850464,0.09090909090909091
2024,13,Pittsburgh Panthers,-0.3010465050897291,0.2023218628289043,0.3870967741935484,0.4927536231884058,4.274193548387097,7.492753623188406,0.5833333333333334,3.0833333333333335,0.5,0.5,-0.34540876746177673,0.3333333333333333
2024,13,Purdue Boilermakers,0.11143685482880648,0.004977472231421672,0.4411764705882353,0.4225352112676056,5.411764705882353,4.535211267605634,2.0,2.1,0.5,1.0,-0.10755645235379536,0.42857142857142855
2024,13,Rice Owls,-0.2452522583612024,0.13192461543488052,0.410958904109589,0.5094339622641509,6.164383561643835,6.830188679245283,1.0769230769230769,2.0,0.4,0.6666666666666666,-0.1936918279087102,0.4
2024,13,Rutgers Scarlet Knights,0.1423667699098587,0.31156290358593386,0.525,0.4838709677419355,4.8375,7.67741935483871,3.4444444444444446,3.8,0.8,0.75,0.1605764374588475,0.5384615384615384
2024,13,SMU Mustangs,0.1432652688201736,-0.2542800402099436,0.39705882352941174,0.3333333333333333,6.4411764705882355,2.4696969696969697,2.75,0.4666666666666667,0.6666666666666666,0.3333333333333333,0.07254528613002212,0.42857142857142855
2024,13,Sacramento State Hornets,0.14747104276385573,0.28130610585212706,0.5138888888888888,0.47692307692307695,6.347222222222222,7.846153846153846,2.4615384615384617,3.0,0.6,1.0,0.37772062394235817,0.2857142857142857
2024,13,Sam Houston Bearkats,-0.0019493574897448223,0.09868279010502261,0.42424242424242425,0.4626865671641791,3.9242424242424243,4.6716417910447765,1.0,2.625,0.0,1.0,-0.18832580618401792,0.375
2024,13,San Diego State Aztecs,0.003539329465431503,0.29826849420865376,0.43037974683544306,0.56,5.012658227848101,6.973333333333334,1.5384615384615385,3.1538461538461537,0.4,1.0,0.07549738248840707,0.3125
2024,13,San José State Spartans,-0.5482721305555768,-0.0783821447395984,0.24444444444444444,0.35802469135802467,2.2666666666666666,4.481481481481482,0.6363636363636364,2.076923076923077,0.0,0.5,-0.5736988388440188,0.09090909090909091
2024,13,South Alabama Jaguars,0.2685876640677452,-0.20518043441207787,0.42,0.3684210526315789,7.54,4.605263157894737,2.0,1.0769230769230769,0.6666666666666666,0.3333333333333333,0.4191185157746077,0.3
2024,13,South Carolina Gamecocks,0.5513282615977985,-0.15611190817974233,0.6666666666666666,0.2777777777777778,8.051282051282051,4.814814814814815,5.090909090909091,0.375,1.0,0.3333333333333333,0.45824975125265843,0.75
2024,13,South Dakota Coyotes,0.2727484642449072,0.21968173301395247,0.4915254237288136,0.47058823529411764,6.508474576271187,5.397058823529412,2.3,2.8,0.75,1.0,0.11210605890854546,0.4166666666666667
2024,13,South Dakota State Jackrabbits,0.2806547735543812,-0.31210717388935255,0.4852941176470588,0.2631578947368421,7.0,3.9298245614035086,3.75,0.6923076923076923,0.8333333333333334,0.0,0.16223596588329034,0.3076923076923077
2024,13,South Florida Bulls,0.3053086953030692,-0.1615294161954044,0.5222222222222223,0.4444444444444444,7.955555555555556,6.049382716049383,3.5,1.5789473684210527,1.0,0.5714285714285714,0.2452165672223862,0.47058823529411764
2024,13,Southern Miss Golden Eagles,-0.20518043441207787,0.2685876640677452,0.3684210526315789,0.42,4.605263157894737,7.54,1.0769230769230769,2.0,0.3333333333333333,0.6666666666666666,-0.1305286953491824,0.23529411764705882
2024,13,Stanford Cardinal,-0.08116784867118387,0.1888734336082752,0.39705882352941174,0.46153846153846156,3.6323529411764706,5.892307692307693,1.6153846153846154,2.0,0.75,0.5,-0.13549696529905,0.26666666666666666
2024,13,Syracuse Orange,0.20815900529359843,0.024971377744805068,0.5454545454545454,0.390625,7.090909090909091,5.46875,2.3846153846153846,2.1818181818181817,0.6,1.0,0.2097118761518906,0.5
2024,13,TCU Horned Frogs,0.2944984508137549,0.17206003765265146,0.532258064516129,0.3787878787878788,8.85483870967742,5.075757575757576,4.083333333333333,1.9090909090909092,1.0,0.6666666666666666,0.19941075704991817,0.4166666666666667
2024,13,Temple Owls,-0.38804038455992035,0.05197705281898379,0.24242424242424243,0.4375,3.8333333333333335,8.28125,1.4210526315789473,2.8333333333333335,0.5,0.5,-0.16293500515879417,0.07142857142857142
2024,13,Tennessee Volunteers,0.3192594147780362,-0.22329238975701265,0.5882352941176471,0.3424657534246575,6.764705882352941,3.5205479452054793,4.0,0.0,1.0,,0.3307432479092053,0.3333333333333333
2024,13,Texas A&M Aggies,0.236168509721756,0.13345852380411494,0.5411764705882353,0.4722222222222222,5.6,6.569444444444445,2.7142857142857144,2.375,0.8,0.5714285714285714,0.1859689732082188,0.47368421052631576
2024,13,Texas Longhorns,0.039154882493772004,-0.2020382743190836,0.5394736842105263,0.37037037037037035,6.223684210526316,4.296296296296297,2.5833333333333335,0.6363636363636364,0.8,0.5,-0.05819159150123596,0.38461538461538464
2024,13,Texas State Bobcats,0.09631978140936957,0.36313546575032746,0.49382716049382713,0.49230769230769234,6.037037037037037,7.953846153846154,3.8461538461538463,3.466666666666667,0.8333333333333334,0.75,0.09774931688462535,0.23076923076923078
2024,13,Texas Tech Red Raiders,0.23354607427513208,0.360724932222224,0.5054945054945055,0.5223880597014925,6.164835164835165,8.373134328358208,3.2666666666666666,2.3333333333333335,1.0,1.0,0.031516549262133514,0.5909090909090909
2024,13,The Citadel Bulldogs,0.03928045725020079,0.44931699618183335,0.4307692307692308,0.5517241379310345,6.569230769230769,9.431034482758621,1.2727272727272727,3.7,0.3333333333333333,0.75,0.027958251734046227,0.47058823529411764
2024,13,Toledo Rockets,-0.44420951802511605,-0.018484520030693268,0.32653061224489793,0.36619718309859156,3.673469387755102,5.098591549295775,0.0,1.5333333333333334,,0.6,-0.3710084227578981,0.3076923076923077
2024,13,Troy Trojans,0.09839183416886207,0.3118398991914896,0.5128205128205128,0.4807692307692308,5.051282051282051,8.307692307692308,2.3076923076923075,3.4,1.0,0.8,0.12474233846543199,0.3333333333333333
2024,13,Tulsa Golden Hurricane,-0.1615294161954044,0.3053086953030692,0.4444444444444444,0.5222222222222223,6.049382716049383,7.955555555555556,1.5789473684210527,3.5,0.5714285714285714,1.0,-0.12125622960975614,0.25
2024,13,UAB Blazers,0.13192461543488052,-0.2452522583612024,0.5094339622641509,0.410958904109589,6.830188679245283,6.164383561643835,2.0,1.0769230769230769,0.6666666666666666,0.4,0.09682359633057616,0.3
2024,13,UC Davis Aggies,0.28130610585212706,0.14747104276385573,0.47692307692307695,0.5138888888888888,7.846153846153846,6.347222222222222,3.0,2.4615384615384617,1.0,0.6,0.22569022032449831,0.45454545454545453
2024,13,UCF Knights,0.1664871496182901,0.060228741003407374,0.5,0.3888888888888889,6.648148148148148,4.486111111111111,1.6153846153846154,2.5833333333333335,1.0,0.6666666666666666,0.24294581385545952,0.3333333333333333
2024,13,UCLA Bruins,-0.08430011407895521,-0.05120756098481476,0.38181818181818183,0.4918032786885246,6.836363636363636,5.426229508196721,1.1818181818181819,1.9,0.5,0.2,0.2280384138589952,0.2727272727272727
2024,13,UConn Huskies,0.024971377744805068,0.20815900529359843,0.390625,0.5454545454545454,5.46875,7.090909090909091,2.1818181818181817,2.3846153846153846,1.0,0.6,0.03994084125820627,0.3333333333333333
2024,13,UL Monroe Warhawks,0.08668776241869762,0.16008716845704662,0.41379310344827586,0.45161290322580644,6.448275862068965,5.709677419354839,0.5833333333333334,1.4,0.5,1.0,0.10575610399246216,0.3
2024,13,UNLV Rebels,-0.0783821447395984,-0.5482721305555768,0.35802469135802467,0.24444444444444444,4.481481481481482,2.2666666666666666,2.076923076923077,0.6363636363636364,0.5,0.0,-0.22632831753345958,0.45
2024,13,USC Trojans,-0.05120756098481476,-0.08430011407895521,0.4918032786885246,0.38181818181818183,5.426229508196721,6.836363636363636,1.9,1.1818181818181819,0.2,0.5,0.12738652592119964,0.3076923076923077
2024,13,UTEP Miners,-0.22329238975701265,0.3192594147780362,0.3424657534246575,0.5882352941176471,3.5205479452054793,6.764705882352941,0.0,4.0,,1.0,-0.2711938421886701,0.4444444444444444
2024,13,UTSA Roadrunners,0.05197705281898379,-0.38804038455992035,0.4375,0.24242424242424243,8.28125,3.8333333333333335,2.8333333333333335,1.4210526315789473,0.5,0.5,0.37260001480579374,0.23076923076923078
2024,13,Utah State Aggies,0.29826849420865376,0.003539329465431503,0.56,0.43037974683544306,6.973333333333334,5.012658227848101,3.1538461538461537,1.5384615384615385,1.0,0.4,0.37456225901842116,0.46153846153846156
2024,13,Utah Utes,-0.14846069642970727,-0.015648168722788493,0.3953488372093023,0.4533333333333333,5.372093023255814,6.133333333333334,1.3,2.5833333333333335,0.3333333333333333,0.5714285714285714,-0.17331251750389734,0.3
2024,13,Vanderbilt Commodores,0.12710484738151231,0.3250647365595355,0.4375,0.5606060606060606,6.416666666666667,7.181818181818182,2.125,2.6666666666666665,0.5,0.4,0.19612940890448435,0.2
2024,13,Villanova Wildcats,0.0034091879924138388,-0.04419178668766806,0.4166666666666667,0.4520547945205479,5.7,5.958904109589041,2.3846153846153846,2.0,0.6666666666666666,0.75,0.04925259250275632,0.4166666666666667
2024,13,Virginia Cavaliers,-0.2542800402099436,0.1432652688201736,0.3333333333333333,0.39705882352941174,2.4696969696969697,6.4411764705882355,0.4666666666666667,2.75,0.3333333333333333,0.6666666666666666,-0.18487486826336902,0.1875
2024,13,Virginia Tech Hokies,-0.12971469777894307,-0.02134747830805955,0.39759036144578314,0.3148148148148148,4.481927710843373,7.62962962962963,1.1666666666666667,1.9375,0.0,0.5,-0.025496099571712682,0.3157894736842105
2024,13,Wake Forest Demon Deacons,-0.4005621582792516,0.3111745440534183,0.3157894736842105,0.5571428571428572,4.719298245614035,7.257142857142857,1.0,2.6923076923076925,0.3333333333333333,0.6666666666666666,-0.40965955150433075,0.2857142857142857
2024,13,Washington State Cougars,0.40836747527122497,0.16826039858353445,0.66,0.5128205128205128,7.74,6.435897435897436,3.1,3.727272727272727,0.6666666666666666,1.0,0.47064305132343653,0.2857142857142857
2024,13,West Virginia Mountaineers,0.060228741003407374,0.1664871496182901,0.3888888888888889,0.5,4.486111111111111,6.648148148148148,2.5833333333333335,1.6153846153846154,0.6666666666666666,1.0,-0.2579133148286857,0.35294117647058826
2024,13,Western Kentucky Hilltoppers,0.07421698272228242,0.2962066976202501,0.45,0.6351351351351351,6.2,7.405405405405405,0.0,2.7142857142857144,0.6,0.8,-0.09334882348775864,0.6
2024,13,Western Michigan Broncos,-0.20799812060945175,-0.029872477551301322,0.3333333333333333,0.45,3.9215686274509802,5.133333333333334,0.5833333333333334,1.2307692307692308,1.0,0.3333333333333333,-0.06774044882606815,0.16666666666666666
2024,13,Wisconsin Badgers,0.25745580387565326,0.23435633948871068,0.5094339622641509,0.5857142857142857,7.849056603773585,6.785714285714286,1.9230769230769231,3.0833333333333335,0.3333333333333333,0.7142857142857143,0.40361917382333334,0.3
2024,13,Wofford Terriers,-0.15611190817974233,0.5513282615977985,0.2777777777777778,0.6666666666666666,4.814814814814815,8.051282051282051,0.375,5.090909090909091,0.3333333333333333,1.0,-0.02305045865830921,0.09090909090909091
2024,13,Wyoming Cowboys,-0.11898474299138592,0.015756601095199586,0.3709677419354839,0.45454545454545453,5.080645161290323,6.418181818181818,1.1818181818181819,1.4166666666666667,0.3333333333333333,0.5,-0.11521508253138998,0.3076923076923077
2024,14,Air Force Falcons,0.46723998580665255,0.20578352684405313,0.6153846153846154,0.4925373134328358,8.134615384615385,5.507462686567164,3.875,2.857142857142857,0.75,0.75,0.32907799595620396,0.6666666666666666
2024,14,Akron Zips,0.11178144564231236,0.18946325460846505,0.43859649122807015,0.5730337078651685,5.9298245614035086,5.820224719101123,1.9090909090909092,2.5454545454545454,1.0,0.3333333333333333,0.24244904399595477,0.38461538461538464
2024,14,Alabama Crimson Tide,0.0492272028675327,0.04016339297478016,0.4935064935064935,0.4153846153846154,5.8311688311688314,6.630769230769231,2.3333333333333335,1.1666666666666667,1.0,0.0,-0.10602831537440671,0.5
2024,14,App State Mountaineers,0.14368874599804748,0.16034241475291172,0.5540540540540541,0.576271186440678,6.283783783783784,5.983050847457627,1.1666666666666667,2.6363636363636362,0.5,1.0,0.09946186532234323,0.5384615384615384
2024,14,Arizona State Sun Devils,0.5192352081338565,-0.17559643320996185,0.6166666666666667,0.3448275862068966,10.416666666666666,3.896551724137931,4.083333333333333,0.6363636363636364,0.8,,0.4547394734621048,0.42857142857142855
2024,14,Arizona Wildcats,-0.17559643320996185,0.5192352081338565,0.3448275862068966,0.6166666666666667,3.896551724137931,10.416666666666666,0.6363636363636364,4.083333333333333,,0.8,-0.0876389340985389,0.4
2024,14,Arkansas Razorbacks,0.07135737775003209,0.1474707634611563,0.6176470588235294,0.4696969696969697,5.352941176470588,5.363636363636363,2.1,2.8,1.0,0.5,0.14157293222167275,0.3
2024,14,Arkansas State Red Wolves,0.13977338252840815,0.3082973444070972,0.43243243243243246,0.4918032786885246,5.527027027027027,8.721311475409836,1.9333333333333333,2.6666666666666665,0.6666666666666666,1.0,-0.05994349404385215,0.35714285714285715
2024,14,Army Black Knights,0.17722376028696696,0.05616795906314143,0.44,0.5185185185185185,5.466666666666667,7.222222222222222,2.6363636363636362,2.1818181818181817,0.3333333333333333,0.6666666666666666,-0.007563178269368298,0.47058823529411764
2024,14,Auburn Tigers,0.04016339297478016,0.0492272028675327,0.4153846153846154,0.4935064935064935,6.630769230769231,5.8311688311688314,1.1666666666666667,2.3333333333333335,0.0,1.0,0.1287656526726026,0.3333333333333333
2024,14,BYU Cougars,0.016336691790613634,-0.2125623961452578,0.5,0.45901639344262296,6.206896551724138,4.508196721311475,2.076923076923077,0.8461538461538461,0.5,0.5,0.10079235218940898,0.3
2024,14,Ball State Cardinals,-0.05965196817285485,0.3297798297621987,0.375,0.5272727272727272,5.111111111111111,8.636363636363637,1.4,2.3333333333333335,0.5,0.6666666666666666,-0.28778750575938317,0.5294117647058824
2024,14,Baylor Bears,0.4016674056649208,0.18411564433349753,0.6125,0.49056603773584906,7.5625,9.075471698113208,3.4545454545454546,1.7,1.0,0.3333333333333333,0.2473220352142576,0.5882352941176471
2024,14,Boise State Broncos,0.14668862968683244,0.036949557318751304,0.5,0.32142857142857145,5.8375,6.160714285714286,3.090909090909091,1.5,0.6666666666666666,0.3333333333333333,0.036141703205723914,0.4
2024,14,Boston College Eagles,0.0041952064586064175,-0.18067404058049708,0.3492063492063492,0.3382352941176471,6.142857142857143,5.588235294117647,2.076923076923077,1.7692307692307692,0.6,1.0,-0.036841289180776345,0.2857142857142857
2024,14,Bowling Green Falcons,-0.27328507466749713,0.08928313937324744,0.36363636363636365,0.4230769230769231,3.9545454545454546,7.365384615384615,0.7692307692307693,2.0,1.0,0.3333333333333333,-0.12785372495651245,0.21428571428571427
2024,14,Buffalo Bulls,0.15058601732495464,-0.3277001217851099,0.46835443037974683,0.3584905660377358,6.0886075949367084,3.943396226415094,3.3076923076923075,0.5,0.7142857142857143,,-0.05968794373215222,0.47058823529411764
2024,14,California Golden Bears,-0.33020590558269264,0.2236235153580469,0.2711864406779661,0.47619047619047616,4.406779661016949,6.380952380952381,0.46153846153846156,3.1666666666666665,0.0,1.0,-0.3535295126604892,0.21428571428571427
2024,14,Central Michigan Chippewas,-0.2342090188411244,-0.026684675897870744,0.3508771929824561,0.4,5.315789473684211,5.5285714285714285,1.3333333333333333,2.0,0.6666666666666666,0.6666666666666666,-0.3223930044872005,0.3333333333333333
2024,14,Charlotte 49ers,-0.0716312512755394,0.06645823466150384,0.38333333333333336,0.5263157894736842,5.6,5.921052631578948,1.5714285714285714,2.076923076923077,0.4,0.5,0.08437106075386207,0.25
2024,14,Cincinnati Bearcats,0.041271133398687515,-0.0349790667420003,0.4864864864864865,0.3880597014925373,5.054054054054054,5.014925373134329,0.6363636363636364,1.8181818181818181,0.6666666666666666,0.4,-0.24941585435156235,0.4
2024,14,Clemson Tigers,0.07180633147557576,0.10213816556774202,0.4927536231884058,0.45901639344262296,6.260869565217392,6.688524590163935,1.1666666666666667,1.4166666666666667,0.5,0.25,0.12915812854496939,0.4666666666666667
2024,14,Coastal Carolina Chanticleers,0.2792233637940716,-0.05767874679868183,0.6338028169014085,0.3968253968253968,6.71830985915493,8.031746031746032,3.1538461538461537,2.25,0.6666666666666666,0.6,0.13174859301320144,0.6428571428571429
2024,14,Colorado Buffaloes,0.0742662616179023,-0.5146098737533276,0.5211267605633803,0.26153846153846155,7.042253521126761,2.5538461538461537,2.8125,0.0,0.5714285714285714,0.0,0.03172499249721396,0.25
2024,14,Colorado State Rams,0.1597075594323022,0.07697673638661702,0.37142857142857144,0.5066666666666667,6.885714285714286,6.4,2.625,2.142857142857143,0.5,0.6666666666666666,0.021657560793858655,0.14285714285714285
2024,14,Duke Blue Devils,-0.005129152163863182,0.019082771792803724,0.48333333333333334,0.3972602739726027,5.55,4.47945205479452,1.7692307692307692,1.3076923076923077,1.0,0.6666666666666666,0.02218794362976196,0.3076923076923077
2024,14,East Carolina Pirates,-0.17115761749986289,0.15704134238116882,0.3333333333333333,0.45588235294117646,5.434782608695652,7.014705882352941,1.4285714285714286,2.4285714285714284,0.25,0.5,-0.06882525308459413,0.2
2024,14,Florida Atlantic Owls,0.27397485055140597,-0.19729254096746446,0.44776119402985076,0.35,10.104477611940299,4.8875,2.8823529411764706,0.7368421052631579,1.0,0.3333333333333333,0.03824362383698517,0.46153846153846156
2024,14,Florida Gators,-0.021514506158182175,-0.21109901681758356,0.423728813559322,0.43478260869565216,5.135593220338983,3.608695652173913,1.7142857142857142,0.25,0.75,0.0,0.14071506715339163,0.3076923076923077
2024,14,Florida International Panthers,0.26421228097751737,0.18423677248055817,0.46875,0.45901639344262296,7.5,6.081967213114754,2.5,2.4545454545454546,0.6666666666666666,0.3333333333333333,0.2533961443268523,0.3333333333333333
2024,14,Florida State Seminoles,-0.21109901681758356,-0.021514506158182175,0.43478260869565216,0.423728813559322,3.608695652173913,5.135593220338983,0.25,1.7142857142857142,0.0,0.75,-0.4013961319218982,0.5384615384615384
2024,14,Fresno State Bulldogs,-0.04027947783470154,0.0409958433937019,0.36363636363636365,0.4225352112676056,4.927272727272728,5.140845070422535,1.0833333333333333,1.8181818181818181,1.0,0.4,-0.15052012279629706,0.2857142857142857
2024,14,Georgia Bulldogs,0.26146313568224777,0.4696911507182651,0.5675675675675675,0.5666666666666667,5.135135135135135,6.477777777777778,3.0,1.6111111111111112,0.4166666666666667,0.35714285714285715,0.30317268495758376,0.5
2024,14,Georgia Southern Eagles,0.16034241475291172,0.14368874599804748,0.576271186440678,0.5540540540540541,5.983050847457627,6.283783783783784,2.6363636363636362,1.1666666666666667,1.0,0.5,0.1402979090492776,0.45454545454545453
2024,14,Georgia State Panthers,-0.05767874679868183,0.2792233637940716,0.3968253968253968,0.6338028169014085,8.031746031746032,6.71830985915493,2.25,3.1538461538461537,0.6,0.6666666666666666,-0.07446771115064621,0.4166666666666667
2024,14,Georgia Tech Yellow Jackets,0.4696911507182651,0.26146313568224777,0.5666666666666667,0.5675675675675675,6.477777777777778,5.135135135135135,1.6111111111111112,3.0,0.35714285714285715,0.4166666666666667,0.5418548252847459,0.4
2024,14,Hawai'i Rainbow Warriors,0.3048985346599861,0.23425046163491714,0.5185185185185185,0.6410256410256411,7.209876543209877,6.0,3.4545454545454546,2.727272727272727,0.5714285714285714,0.8,0.1699706945154402,0.5625
2024,14,Houston Cougars,-0.2125623961452578,0.016336691790613634,0.45901639344262296,0.5,4.508196721311475,6.206896551724138,0.8461538461538461,2.076923076923077,0.5,0.5,-0.21573103964328766,0.4166666666666667
2024,14,Illinois Fighting Illini,0.11126700639724732,-0.07486513819959428,0.46,0.4444444444444444,8.22,5.311111111111111,2.533333333333333,1.6153846153846154,0.5,0.2857142857142857,0.15067721285471103,0.3333333333333333
2024,14,Indiana Hoosiers,0.472414525018798,-0.7524546547369524,0.5694444444444444,0.18181818181818182,7.875,1.5227272727272727,2.227272727272727,0.0,0.75,,0.4436263031646854,0.3
2024,14,Iowa Hawkeyes,-0.3771594083163796,-0.054352899523157826,0.24390243902439024,0.47368421052631576,3.951219512195122,4.394736842105263,0.9285714285714286,0.9090909090909091,0.0,0.3333333333333333,-0.05413259854239802,0.0
2024,14,Iowa State Cyclones,-0.14048351425873606,-0.13426032351950803,0.34210526315789475,0.2833333333333333,3.8552631578947367,6.433333333333334,0.8421052631578947,1.0,0.375,0.3333333333333333,-0.13449721378192567,0.1875
2024,14,Jacksonville State Gamecocks,-0.1251657250005815,-0.061322935280345735,0.4067796610169492,0.39285714285714285,5.813559322033898,5.285714285714286,1.1333333333333333,1.3571428571428572,1.0,0.0,0.19704622845682834,0.15384615384615385
2024,14,James Madison Dukes,-0.010287626413628459,-0.02439833703366193,0.515625,0.4,5.953125,4.163636363636364,2.727272727272727,1.7,0.75,0.5,0.005708276348955491,0.3333333333333333
2024,14,Kansas Jayhawks,0.18411564433349753,0.4016674056649208,0.49056603773584906,0.6125,9.075471698113208,7.5625,1.7,3.4545454545454546,0.3333333333333333,1.0,0.15538326118673598,0.5
2024,14,Kansas State Wildcats,-0.13426032351950803,-0.14048351425873606,0.2833333333333333,0.34210526315789475,6.433333333333334,3.8552631578947367,1.0,0.8421052631578947,0.3333333333333333,0.375,-0.11781106906574826,0.15384615384615385
2024,14,Kennesaw State Owls,-0.3491063088710819,0.12570340931415558,0.2857142857142857,0.5285714285714286,2.892857142857143,6.485714285714286,0.0,1.8461538461538463,0.0,1.0,-0.22942819580053672,0.25
2024,14,Kent State Golden Flashes,-0.3277001217851099,0.15058601732495464,0.3584905660377358,0.46835443037974683,3.943396226415094,6.0886075949367084,0.5,3.3076923076923075,,0.7142857142857143,-0.08687441274523736,0.09090909090909091
2024,14,Kentucky Wildcats,-0.24349854751066727,0.07455686891256873,0.36363636363636365,0.43283582089552236,5.8,7.149253731343284,0.9333333333333333,2.4285714285714284,0.5,0.25,-0.09769589216151137,0.0
2024,14,LSU Tigers,0.06294706605729602,-0.09013531950570769,0.4126984126984127,0.4067796610169492,6.428571428571429,5.220338983050848,3.3636363636363638,0.9090909090909091,0.25,0.5,0.05785430514294168,0.3333333333333333
2024,14,Liberty Flames,-0.1632576510310173,-0.11997634830412926,0.39705882352941174,0.33766233766233766,3.911764705882353,4.233766233766234,1.1428571428571428,1.4285714285714286,0.3333333333333333,0.5,0.045033723736802735,0.26666666666666666
2024,14,Louisiana Ragin' Cajuns,0.17159887359422796,0.036452244628559456,0.5,0.45454545454545453,6.411764705882353,5.636363636363637,1.7647058823529411,1.2142857142857142,0.6666666666666666,0.4,0.031822080319782474,0.3333333333333333
2024,14,Louisiana Tech Bulldogs,0.12570340931415558,-0.3491063088710819,0.5285714285714286,0.2857142857142857,6.485714285714286,2.892857142857143,1.8461538461538463,0.0,1.0,0.0,0.11929798283075031,0.46153846153846156
2024,14,Louisville Cardinals,0.07455686891256873,-0.24349854751066727,0.43283582089552236,0.36363636363636365,7.149253731343284,5.8,2.4285714285714284,0.9333333333333333,0.25,0.5,0.1405436556648325,0.3076923076923077
2024,14,Marshall Thundering Herd,-0.02439833703366193,-0.010287626413628459,0.4,0.515625,4.163636363636364,5.953125,1.7,2.727272727272727,0.5,0.75,0.08373396825932321,0.18181818181818182
2024,14,Maryland Terrapins,-0.5214718901797345,0.10694433692135388,0.3157894736842105,0.5569620253164557,4.614035087719298,5.215189873417722,0.0,2.933333333333333,,0.8571428571428571,-0.26765249045782313,0.16666666666666666
2024,14,Massachusetts Minutemen,0.18616848894291455,0.11296792805660516,0.3888888888888889,0.5,5.680555555555555,6.765625,2.3333333333333335,1.6875,1.0,0.75,0.054969054247651784,0.21428571428571427
2024,14,Memphis Tigers,0.2628128352974142,0.17088610839610005,0.45454545454545453,0.39215686274509803,5.896103896103896,7.627450980392157,3.090909090909091,1.7,0.3333333333333333,1.0,0.003176308423280716,0.4375
2024,14,Miami (OH) RedHawks,0.08928313937324744,-0.27328507466749713,0.4230769230769231,0.36363636363636365,7.365384615384615,3.9545454545454546,2.0,0.7692307692307693,0.3333333333333333,1.0,0.2459740111740624,0.4
2024,14,Miami Hurricanes,0.28074374156338827,0.39860851307437845,0.5428571428571428,0.5205479452054794,8.228571428571428,6.972602739726027,5.8,3.5,0.8333333333333334,1.0,0.33684716674319487,0.46153846153846156
2024,14,Michigan State Spartans,-0.08291054020325343,0.23352035212872632,0.4166666666666667,0.44776119402985076,5.270833333333333,5.507462686567164,0.7777777777777778,2.125,0.5,0.5714285714285714,0.09667412605550554,0.2222222222222222
2024,14,Michigan Wolverines,-0.23874684364387863,-0.2019346245264603,0.3508771929824561,0.3389830508474576,4.333333333333333,4.4576271186440675,1.1818181818181819,1.0,0.25,0.2,-0.3475274611264467,0.5
2024,14,Middle Tennessee Blue Raiders,0.18423677248055817,0.26421228097751737,0.45901639344262296,0.46875,6.081967213114754,7.5,2.4545454545454546,2.5,0.3333333333333333,0.6666666666666666,0.2590981109274758,0.2857142857142857
2024,14,Minnesota Golden Gophers,0.10610561398789287,-0.278333369228575,0.5,0.24074074074074073,5.75,3.2777777777777777,1.75,0.5384615384615384,1.0,0.5,0.1339811007587277,0.4666666666666667
2024,14,Mississippi State Bulldogs,-0.08737739518521324,0.0537476921081543,0.36507936507936506,0.41333333333333333,5.634920634920635,5.293333333333333,1.2727272727272727,1.4615384615384615,0.5,1.0,-0.1279486786912788,0.26666666666666666
2024,14,Missouri Tigers,0.1474707634611563,0.07135737775003209,0.4696969696969697,0.6176470588235294,5.363636363636363,5.352941176470588,2.8,2.1,0.5,1.0,0.2160484530031681,0.3333333333333333
2024,14,NC State Wolfpack,0.187685704517823,0.11869743075527128,0.5846153846153846,0.36065573770491804,7.3076923076923075,7.19672131147541,2.4615384615384617,2.3846153846153846,0.6666666666666666,0.5,0.26798114852447597,0.1111111111111111
2024,14,Navy Midshipmen,0.15704134238116882,-0.17115761749986289,0.45588235294117646,0.3333333333333333,7.014705882352941,5.434782608695652,2.4285714285714284,1.4285714285714286,0.5,0.25,0.2584379344594245,0.4666666666666667
2024,14,Nebraska Cornhuskers,-0.054352899523157826,-0.3771594083163796,0.47368421052631576,0.24390243902439024,4.394736842105263,3.951219512195122,0.9090909090909091,0.9285714285714286,0.3333333333333333,0.0,-0.06860784655910428,0.47058823529411764
2024,14,Nevada Wolf Pack,0.03083631140179932,0.36501212418079376,0.5,0.6129032258064516,5.5625,8.387096774193548,1.4,3.1,0.5,0.6666666666666666,0.14957575929852632,0.2
2024,14,New Mexico Lobos,0.23425046163491714,0.3048985346599861,0.6410256410256411,0.5185185185185185,6.0,7.209876543209877,2.727272727272727,3.4545454545454546,0.8,0.5714285714285714,0.2581603483511851,0.36363636363636365
2024,14,New Mexico State Aggies,-0.08569358008087806,-0.113231161236763,0.36792452830188677,0.34545454545454546,5.9245283018867925,5.254545454545455,1.8333333333333333,1.75,0.3333333333333333,1.0,0.01581646464765072,0.391304347826087
2024,14,North Carolina Tar Heels,0.11869743075527128,0.187685704517823,0.36065573770491804,0.5846153846153846,7.19672131147541,7.3076923076923075,2.3846153846153846,2.4615384615384617,0.5,0.6666666666666666,0.22212564297344373,0.14285714285714285
2024,14,North Texas Mean Green,-0.0631766885141783,-0.3748060772950585,0.3291139240506329,0.2702702702702703,5.3544303797468356,4.6891891891891895,2.411764705882353,0.9444444444444444,0.3333333333333333,0.4,-0.03154863947528904,0.3157894736842105
2024,14,Northern Illinois Huskies,-0.026684675897870744,-0.2342090188411244,0.4,0.3508771929824561,5.5285714285714285,5.315789473684211,2.0,1.3333333333333333,0.6666666666666666,0.6666666666666666,0.09524013715631821,0.35714285714285715
2024,14,Northwestern Wildcats,-0.07486513819959428,0.11126700639724732,0.4444444444444444,0.46,5.311111111111111,8.22,1.6153846153846154,2.533333333333333,0.2857142857142857,0.5,-0.015390054242951529,0.47368421052631576
2024,14,Notre Dame Fighting Irish,0.1954887246681472,-0.0029873735718912893,0.5254237288135594,0.5064935064935064,7.576271186440678,9.818181818181818,2.9166666666666665,2.6923076923076925,0.75,0.8333333333333334,0.10598975039542989,0.3333333333333333
2024,14,Ohio Bobcats,0.3297798297621987,-0.05965196817285485,0.5272727272727272,0.375,8.636363636363637,5.111111111111111,2.3333333333333335,1.4,0.6666666666666666,0.5,0.2569009025891622,0.6
2024,14,Ohio State Buckeyes,-0.2019346245264603,-0.23874684364387863,0.3389830508474576,0.3508771929824561,4.4576271186440675,4.333333333333333,1.0,1.1818181818181819,0.2,0.25,-0.1307717459957774,0.375
2024,14,Oklahoma Sooners,-0.09013531950570769,0.06294706605729602,0.4067796610169492,0.4126984126984127,5.220338983050848,6.428571428571429,0.9090909090909091,3.3636363636363638,0.5,0.25,-0.06202382076045741,0.4166666666666667
2024,14,Oklahoma State Cowboys,-0.5146098737533276,0.0742662616179023,0.26153846153846155,0.5211267605633803,2.5538461538461537,7.042253521126761,0.0,2.8125,0.0,0.5714285714285714,-0.4623140917748821,0.2
2024,14,Old Dominion Monarchs,0.3082973444070972,0.13977338252840815,0.4918032786885246,0.43243243243243246,8.721311475409836,5.527027027027027,2.6666666666666665,1.9333333333333333,1.0,0.6666666666666666,0.4459126914540927,0.5
2024,14,Ole Miss Rebels,0.0537476921081543,-0.08737739518521324,0.41333333333333333,0.36507936507936506,5.293333333333333,5.634920634920635,1.4615384615384615,1.2727272727272727,1.0,0.5,-0.0016568595712835139,0.3333333333333333
2024,14,Oregon Ducks,0.43061254312426356,-0.031308647833372415,0.711864406779661,0.38596491228070173,8.0,4.5964912280701755,3.8181818181818183,1.9090909090909092,1.0,0.3333333333333333,0.5037693544649161,0.7142857142857143
2024,14,Oregon State Beavers,0.036949557318751304,0.14668862968683244,0.32142857142857145,0.5,6.160714285714286,5.8375,1.5,3.090909090909091,0.3333333333333333,0.6666666666666666,0.1794557430041142,0.23076923076923078
2024,14,Penn State Nittany Lions,0.10694433692135388,-0.5214718901797345,0.5569620253164557,0.3157894736842105,5.215189873417722,4.614035087719298,2.933333333333333,0.0,0.8571428571428571,,0.027498198767839852,0.3333333333333333
2024,14,Pittsburgh Panthers,-0.18067404058049708,0.0041952064586064175,0.3382352941176471,0.3492063492063492,5.588235294117647,6.142857142857143,1.7692307692307692,2.076923076923077,1.0,0.6,-0.39438698182300647,0.4117647058823529
2024,14,Purdue Boilermakers,-0.7524546547369524,0.472414525018798,0.18181818181818182,0.5694444444444444,1.5227272727272727,7.875,0.0,2.227272727272727,,0.75,-0.638553697051424,0.0
2024,14,Rice Owls,0.14085765985342172,0.20589242378870645,0.3717948717948718,0.4166666666666667,7.256410256410256,6.083333333333333,2.3333333333333335,1.3125,0.25,1.0,0.21056951069441,0.26666666666666666
2024,14,Rutgers Scarlet Knights,0.23352035212872632,-0.08291054020325343,0.44776119402985076,0.4166666666666667,5.507462686567164,5.270833333333333,2.125,0.7777777777777778,0.5714285714285714,0.5,0.11980673614537941,0.46153846153846156
2024,14,SMU Mustangs,0.2236235153580469,-0.33020590558269264,0.47619047619047616,0.2711864406779661,6.380952380952381,4.406779661016949,3.1666666666666665,0.46153846153846156,1.0,0.0,0.23380435918861964,0.3333333333333333
2024,14,Sam Houston Bearkats,-0.11997634830412926,-0.1632576510310173,0.33766233766233766,0.39705882352941174,4.233766233766234,3.911764705882353,1.4285714285714286,1.1428571428571428,0.5,0.3333333333333333,-0.11792733533340588,0.29411764705882354
2024,14,San Diego State Aztecs,0.20578352684405313,0.46723998580665255,0.4925373134328358,0.6153846153846154,5.507462686567164,8.134615384615385,2.857142857142857,3.875,0.75,0.75,0.15394904966257056,0.5384615384615384
2024,14,San José State Spartans,0.1005516609419947,0.028697174619620954,0.5507246376811594,0.49295774647887325,7.405797101449275,5.507042253521127,2.4285714285714284,2.4,0.5714285714285714,0.6,0.17159857509428994,0.45454545454545453
2024,14,South Alabama Jaguars,-0.00418544367507652,0.14541419678264195,0.48148148148148145,0.5061728395061729,7.7592592592592595,6.9753086419753085,1.75,1.9,0.6666666666666666,0.5714285714285714,-0.16470845298069278,0.3
2024,14,South Carolina Gamecocks,0.10213816556774202,0.07180633147557576,0.45901639344262296,0.4927536231884058,6.688524590163935,6.260869565217392,1.4166666666666667,1.1666666666666667,0.25,0.5,-0.039443772666308344,0.5
2024,14,South Florida Bulls,0.20589242378870645,0.14085765985342172,0.4166666666666667,0.3717948717948718,6.083333333333333,7.256410256410256,1.3125,2.3333333333333335,1.0,0.25,0.12528326938737114,0.26666666666666666
2024,14,Southern Miss Golden Eagles,-0.34646903773148857,0.32007410906363226,0.31666666666666665,0.4492753623188406,5.85,6.6521739130434785,1.4285714285714286,3.4615384615384617,1.0,0.8,-0.23815976305210845,0.25
2024,14,Stanford Cardinal,0.028697174619620954,0.1005516609419947,0.49295774647887325,0.5507246376811594,5.507042253521127,7.405797101449275,2.4,2.4285714285714284,0.6,0.5714285714285714,-0.10075631387093488,0.4
2024,14,Syracuse Orange,0.39860851307437845,0.28074374156338827,0.5205479452054794,0.5428571428571428,6.972602739726027,8.228571428571428,3.5,5.8,1.0,0.8333333333333334,0.2939070281335863,0.6153846153846154
2024,14,TCU Horned Frogs,-0.0349790667420003,0.041271133398687515,0.3880597014925373,0.4864864864864865,5.014925373134329,5.054054054054054,1.8181818181818181,0.6363636363636364,0.4,0.6666666666666666,-0.06101486325263977,0.26666666666666666
2024,14,Temple Owls,-0.3748060772950585,-0.0631766885141783,0.2702702702702703,0.3291139240506329,4.6891891891891895,5.3544303797468356,0.9444444444444444,2.411764705882353,0.4,0.3333333333333333,-0.014638378091578214,0.16666666666666666
2024,14,Tennessee Volunteers,0.2829082440840055,-0.024808164685964584,0.6164383561643836,0.3958333333333333,7.1506849315068495,4.75,3.090909090909091,2.090909090909091,0.6666666666666666,0.5,0.2806219704318465,0.6666666666666666
2024,14,Texas A&M Aggies,-0.2947506392211245,-0.010459005048400477,0.42105263157894735,0.4868421052631579,4.350877192982456,7.407894736842105,0.0,0.9090909090909091,0.0,0.4,-0.08665121502654496,0.36363636363636365
2024,14,Texas Longhorns,-0.010459005048400477,-0.2947506392211245,0.4868421052631579,0.42105263157894735,7.407894736842105,4.350877192982456,0.9090909090909091,0.0,0.4,0.0,0.03178089270826246,0.5
2024,14,Texas State Bobcats,0.14541419678264195,-0.00418544367507652,0.5061728395061729,0.48148148148148145,6.9753086419753085,7.7592592592592595,1.9,1.75,0.5714285714285714,0.6666666666666666,0.13762602020823766,0.5294117647058824
2024,14,Texas Tech Red Raiders,0.3607306353849907,0.023394255017912067,0.6027397260273972,0.44594594594594594,7.506849315068493,5.135135135135135,4.7272727272727275,1.3636363636363635,0.5714285714285714,0.5,0.3167371989273634,0.6666666666666666
2024,14,Toledo Rockets,0.18946325460846505,0.11178144564231236,0.5730337078651685,0.43859649122807015,5.820224719101123,5.9298245614035086,2.5454545454545454,1.9090909090909092,0.3333333333333333,1.0,0.17640797793865204,0.3333333333333333
2024,14,Troy Trojans,0.32007410906363226,-0.34646903773148857,0.4492753623188406,0.31666666666666665,6.6521739130434785,5.85,3.4615384615384617,1.4285714285714286,0.8,1.0,0.18898611114575312,0.5
2024,14,Tulane Green Wave,0.17088610839610005,0.2628128352974142,0.39215686274509803,0.45454545454545453,7.627450980392157,5.896103896103896,1.7,3.090909090909091,1.0,0.3333333333333333,-0.02487606890499592,0.45454545454545453
2024,14,Tulsa Golden Hurricane,-0.19729254096746446,0.27397485055140597,0.35,0.44776119402985076,4.8875,10.104477611940299,0.7368421052631579,2.8823529411764706,0.3333333333333333,1.0,0.0271860566632501,0.2631578947368421
2024,14,UAB Blazers,0.06645823466150384,-0.0716312512755394,0.5263157894736842,0.38333333333333336,5.921052631578948,5.6,2.076923076923077,1.5714285714285714,0.5,0.4,0.007180532471078341,0.23076923076923078
2024,14,UCF Knights,-0.212705594408943,-0.15703539820570572,0.4578313253012048,0.3333333333333333,5.385542168674699,3.8823529411764706,1.0769230769230769,1.1666666666666667,1.0,0.3333333333333333,-0.084244931086165,0.29411764705882354
2024,14,UCLA Bruins,0.0409958433937019,-0.04027947783470154,0.4225352112676056,0.36363636363636365,5.140845070422535,4.927272727272728,1.8181818181818181,1.0833333333333333,0.4,1.0,0.036177815662489995,0.4375
2024,14,UConn Huskies,0.11296792805660516,0.18616848894291455,0.5,0.3888888888888889,6.765625,5.680555555555555,1.6875,2.3333333333333335,0.75,1.0,0.16715974226593971,0.46153846153846156
2024,14,UL Monroe Warhawks,0.036452244628559456,0.17159887359422796,0.45454545454545453,0.5,5.636363636363637,6.411764705882353,1.2142857142857142,1.7647058823529411,0.4,0.6666666666666666,-0.015628838539123537,0.4
2024,14,UNLV Rebels,0.36501212418079376,0.03083631140179932,0.6129032258064516,0.5,8.387096774193548,5.5625,3.1,1.4,0.6666666666666666,0.5,0.16424508423221354,0.6666666666666666
2024,14,USC Trojans,-0.0029873735718912893,0.1954887246681472,0.5064935064935064,0.5254237288135594,9.818181818181818,7.576271186440678,2.6923076923076925,2.9166666666666665,0.8333333333333334,0.75,0.16922919356053875,0.3333333333333333
2024,14,UTEP Miners,-0.113231161236763,-0.08569358008087806,0.34545454545454546,0.36792452830188677,5.254545454545455,5.9245283018867925,1.75,1.8333333333333333,1.0,0.3333333333333333,-0.025821390060278084,0.38461538461538464
2024,14,UTSA Roadrunners,0.05616795906314143,0.17722376028696696,0.5185185185185185,0.44,7.222222222222222,5.466666666666667,2.1818181818181817,2.6363636363636362,0.6666666666666666,0.3333333333333333,-0.09591011554002762,0.5
2024,14,Utah State Aggies,0.07697673638661702,0.1597075594323022,0.5066666666666667,0.37142857142857144,6.4,6.885714285714286,2.142857142857143,2.625,0.6666666666666666,0.5,0.0370906268135976,0.4666666666666667
2024,14,Utah Utes,-0.15703539820570572,-0.212705594408943,0.3333333333333333,0.4578313253012048,3.8823529411764706,5.385542168674699,1.1666666666666667,1.0769230769230769,0.3333333333333333,1.0,-0.11036438323758743,0.15384615384615385
2024,14,Vanderbilt Commodores,-0.024808164685964584,0.2829082440840055,0.3958333333333333,0.6164383561643836,4.75,7.1506849315068495,2.090909090909091,3.090909090909091,0.5,0.6666666666666666,0.10301335598971392,0.4
2024,14,Virginia Cavaliers,-0.043077968173857895,0.31086611800026476,0.42424242424242425,0.5614035087719298,4.984848484848484,7.7894736842105265,1.5454545454545454,3.0833333333333335,0.6666666666666666,0.4,-0.01337063999152651,0.4166666666666667
2024,14,Virginia Tech Hokies,0.31086611800026476,-0.043077968173857895,0.5614035087719298,0.42424242424242425,7.7894736842105265,4.984848484848484,3.0833333333333335,1.5454545454545454,0.4,0.6666666666666666,0.2836343818240695,0.4166666666666667
2024,14,Wake Forest Demon Deacons,0.019082771792803724,-0.005129152163863182,0.3972602739726027,0.48333333333333334,4.47945205479452,5.55,1.3076923076923077,1.7692307692307692,0.6666666666666666,1.0,-0.1565406380428208,0.47368421052631576
2024,14,Washington Huskies,-0.031308647833372415,0.43061254312426356,0.38596491228070173,0.711864406779661,4.5964912280701755,8.0,1.9090909090909092,3.8181818181818183,0.3333333333333333,1.0,-0.0769858793778853,0.3333333333333333
2024,14,Washington State Cougars,-0.20568004140147456,-0.09409440515769853,0.3888888888888889,0.4027777777777778,5.388888888888889,4.486111111111111,1.2727272727272727,1.25,1.0,0.3333333333333333,0.09649027316343217,0.1
2024,14,West Virginia Mountaineers,0.023394255017912067,0.3607306353849907,0.44594594594594594,0.6027397260273972,5.135135135135135,7.506849315068493,1.3636363636363635,4.7272727272727275,0.5,0.5714285714285714,0.06592921966856176,0.5
2024,14,Western Kentucky Hilltoppers,-0.061322935280345735,-0.1251657250005815,0.39285714285714285,0.4067796610169492,5.285714285714286,5.813559322033898,1.3571428571428572,1.1333333333333333,0.0,1.0,0.057898607518937856,0.35
2024,14,Wisconsin Badgers,-0.278333369228575,0.10610561398789287,0.24074074074074073,0.5,3.2777777777777777,5.75,0.5384615384615384,1.75,0.5,1.0,-0.18852011412382125,0.23076923076923078
2024,14,Wyoming Cowboys,-0.09409440515769853,-0.20568004140147456,0.4027777777777778,0.3888888888888889,4.486111111111111,5.388888888888889,1.25,1.2727272727272727,0.3333333333333333,1.0,-0.027503409710797396,0.3333333333333333
2024,15,Abilene Christian Wildcats,-0.25009883818079215,0.10339424271008064,0.4262295081967213,0.5,6.770491803278689,6.896551724137931,1.6470588235294117,1.588235294117647,0.75,0.3333333333333333,-0.22142314248614842,0.38461538461538464
2024,15,Arizona State Sun Devils,0.4501243379983035,-0.04515460814748492,0.509090909090909,0.4714285714285714,8.472727272727273,5.2,4.090909090909091,1.7272727272727273,0.8,0.3333333333333333,0.3684779936220588,0.18181818181818182
2024,15,Army Black Knights,0.3553092772407191,0.20998845432164534,0.48214285714285715,0.5660377358490566,6.428571428571429,6.264150943396227,4.375,2.0,0.8333333333333334,0.25,0.27048236912205104,0.2222222222222222
2024,15,Boise State Broncos,0.09261844294970153,-0.06643105310107035,0.4918032786885246,0.3492063492063492,5.983606557377049,5.190476190476191,1.4,0.4375,1.0,0.0,0.1391084777272266,0.35714285714285715
2024,15,Clemson Tigers,-0.023088180736915487,0.13474424972253687,0.4189189189189189,0.4588235294117647,3.7567567567567566,5.235294117647059,2.125,2.2142857142857144,1.0,0.75,-0.027739094304186956,0.29411764705882354
2024,15,Georgia Bulldogs,-0.023122495234902226,0.018869648209294758,0.4626865671641791,0.4189189189189189,5.014925373134329,5.351351351351352,1.3333333333333333,1.7272727272727273,0.5,0.0,0.10947009444236755,0.3333333333333333
2024,15,Iowa State Cyclones,-0.04515460814748492,0.4501243379983035,0.4714285714285714,0.509090909090909,5.2,8.472727272727273,1.7272727272727273,4.090909090909091,0.3333333333333333,0.8,-0.14604726000265641,0.5
2024,15,Jacksonville State Gamecocks,0.44831506950514655,-0.23821718205105175,0.5,0.43636363636363634,7.914285714285715,4.163636363636364,5.2,1.0909090909090908,0.8333333333333334,,0.38635818129878935,0.4444444444444444
2024,15,Louisiana Ragin' Cajuns,-0.34084433168172834,0.21245200506278447,0.26666666666666666,0.4714285714285714,4.283333333333333,5.928571428571429,0.2727272727272727,2.1818181818181817,0.0,0.75,-0.3399398366087361,0.125
2024,15,Marshall Thundering Herd,0.21245200506278447,-0.34084433168172834,0.4714285714285714,0.26666666666666666,5.928571428571429,4.283333333333333,2.1818181818181817,0.2727272727272727,0.75,0.0,0.12420516819865615,0.4666666666666667
2024,15,Miami (OH) RedHawks,-0.1545626001155123,0.368859032375945,0.44680851063829785,0.6666666666666666,4.042553191489362,6.5,0.375,4.75,0.0,0.6666666666666666,-0.2069106277297525,0.36363636363636365
2024,15,North Dakota State Bison,0.10339424271008064,-0.25009883818079215,0.5,0.4262295081967213,6.896551724137931,6.770491803278689,1.588235294117647,1.6470588235294117,0.3333333333333333,0.75,0.19219046387266606,0.1111111111111111
2024,15,Ohio Bobcats,0.368859032375945,-0.1545626001155123,0.6666666666666666,0.44680851063829785,6.5,4.042553191489362,4.75,0.375,0.6666666666666666,0.0,0.3384281131438911,0.75
2024,15,Oregon Ducks,0.3218750788553341,0.3759295155067702,0.527027027027027,0.527027027027027,6.72972972972973,7.581081081081081,3.75,3.0833333333333335,0.8333333333333334,0.75,0.2707793515617565,0.38461538461538464
2024,15,Penn State Nittany Lions,0.3759295155067702,0.3218750788553341,0.527027027027027,0.527027027027027,7.581081081081081,6.72972972972973,3.0833333333333335,3.75,0.75,0.8333333333333334,0.21665573675753708,0.5384615384615384
2024,15,SMU Mustangs,0.13474424972253687,-0.023088180736915487,0.4588235294117647,0.4189189189189189,5.235294117647059,3.7567567567567566,2.2142857142857144,2.125,0.75,1.0,0.13317756048020193,0.4117647058823529
2024,15,Texas Longhorns,0.018869648209294758,-0.023122495234902226,0.4189189189189189,0.4626865671641791,5.351351351351352,5.014925373134329,1.7272727272727273,1.3333333333333333,0.0,0.5,-0.18009155754137923,0.2777777777777778
2024,15,Tulane Green Wave,0.20998845432164534,0.3553092772407191,0.5660377358490566,0.48214285714285715,6.264150943396227,6.428571428571429,2.0,4.375,0.25,0.8333333333333334,0.26300161121747434,0.5
2024,15,UNLV Rebels,-0.06643105310107035,0.09261844294970153,0.3492063492063492,0.4918032786885246,5.190476190476191,5.983606557377049,0.4375,1.4,0.0,1.0,-0.045092399730238805,0.3125
2024,15,Western Kentucky Hilltoppers,-0.23821718205105175,0.44831506950514655,0.43636363636363634,0.5,4.163636363636364,7.914285714285715,1.0909090909090908,5.2,,0.8333333333333334,-0.37979915276879356,0.2727272727272727
2024,16,Army Black Knights,-0.19000561985204806,0.3515228558989132,0.37735849056603776,0.5098039215686274,3.4150943396226414,7.411764705882353,1.4444444444444444,3.4444444444444446,0.0,0.75,-0.2412574971849854,0.35714285714285715
2024,16,Mercer Bears,-0.382167192066417,0.07833876093821739,0.2549019607843137,0.44776119402985076,3.823529411764706,5.985074626865671,0.5384615384615384,2.0,,0.6666666666666666,-0.20622817152424863,0.09090909090909091
2024,16,Navy Midshipmen,0.3515228558989132,-0.19000561985204806,0.5098039215686274,0.37735849056603776,7.411764705882353,3.4150943396226414,3.4444444444444446,1.4444444444444444,0.75,0.0,0.10182842841515174,0.36363636363636365
2024,16,North Dakota State Bison,0.07833876093821739,-0.382167192066417,0.44776119402985076,0.2549019607843137,5.985074626865671,3.823529411764706,2.0,0.5384615384615384,0.6666666666666666,,0.004553674459457397,0.4117647058823529
