season,season_type,week,game_id,game_date,game_time,away_team,home_team,neutral_site,stadium,roof,surface,home_timezone,away_timezone,game_timezone
2021,2,1,401282049,2021-08-28,19:30,UTEP Miners,New Mexico State Aggies,0,Aggie Memorial Stadium,open_air,Artificial,America/Denver,America/Denver,America/Denver
2021,2,1,401282714,2021-08-28,12:20,Nebraska Cornhuskers,Illinois Fighting Illini,0,"Memorial Stadium (Champaign, IL)",open_air,Artificial,America/Chicago,America/Chicago,America/Chicago
2021,2,1,401286187,2021-08-28,11:00,UConn Huskies,Fresno State Bulldogs,0,Valley Children's Stadium,open_air,Artificial,America/Los_Angeles,America/New_York,America/Los_Angeles
2021,2,1,401309833,2021-08-28,12:30,Hawai'i Rainbow Warriors,UCLA Bruins,0,Rose Bowl,open_air,Grass,America/Los_Angeles,Pacific/Honolulu,America/Los_Angeles
2021,2,1,401310693,2021-08-28,19:00,Southern Utah Thunderbirds,San José State Spartans,0,CEFCU Stadium,open_air,Artificial,America/Los_Angeles,,America/Los_Angeles
2021,2,1,401282050,2021-09-01,23:30,UAB Blazers,Jacksonville State Gamecocks,1,Cramton Bowl,,,America/Chicago,America/Chicago,
2021,2,1,401281952,2021-09-02,20:00,Bowling Green Falcons,Tennessee Volunteers,0,Neyland Stadium,open_air,Grass,America/New_York,America/New_York,America/New_York
2021,2,1,401282051,2021-09-02,20:05,Long Island University Sharks,Florida International Panthers,0,FIU Stadium,open_air,Artificial,America/New_York,,America/New_York
2021,2,1,401282180,2021-09-02,19:00,UT Martin Skyhawks,Western Kentucky Hilltoppers,0,Houchens Industries-L.T. Smith Stadium,open_air,Artificial,America/Chicago,,America/Chicago
2021,2,1,401282607,2021-09-02,19:30,South Florida Bulls,NC State Wolfpack,0,Carter-Finley Stadium,open_air,Grass,America/New_York,America/New_York,America/New_York
2021,2,1,401282789,2021-09-02,19:00,Ohio State Buckeyes,Minnesota Golden Gophers,0,Huntington Bank Stadium,open_air,Artificial,America/Chicago,America/New_York,America/Chicago
2021,2,1,401300993,2021-09-02,23:30,East Carolina Pirates,App State Mountaineers,1,Bank of America Stadium,,,America/New_York,America/New_York,
2021,2,1,401300994,2021-09-02,18:30,UC Davis Aggies,Tulsa Golden Hurricane,0,Chapman Stadium,open_air,Artificial,America/Chicago,,America/Chicago
2021,2,1,401300995,2021-09-02,19:00,Boise State Broncos,UCF Knights,0,FBC Mortgage Stadium,open_air,Grass,America/New_York,America/Boise,America/New_York
2021,2,1,401309540,2021-09-02,19:00,Western Illinois Leathernecks,Ball State Cardinals,0,Scheumann Stadium,open_air,Artificial,America/Indiana/Indianapolis,,America/Indiana/Indianapolis
2021,2,1,401309542,2021-09-02,19:00,Wagner Seahawks,Buffalo Bulls,0,UB Stadium,open_air,Artificial,America/New_York,,America/New_York
2021,2,1,401309834,2021-09-02,17:30,Weber State Wildcats,Utah Utes,0,Rice-Eccles Stadium,open_air,Artificial,America/Denver,,America/Denver
2021,2,1,401309835,2021-09-02,19:30,Southern Utah Thunderbirds,Arizona State Sun Devils,0,Mountain America Stadium,open_air,Grass,America/Phoenix,,America/Phoenix
2021,2,1,401310694,2021-09-02,19:00,Eastern Washington Eagles,UNLV Rebels,0,Allegiant Stadium,fixed_roof,Artificial,America/Los_Angeles,,America/Los_Angeles
2021,2,1,401310696,2021-09-02,18:00,Houston Baptist Huskies,New Mexico Lobos,0,University Stadium (NM),open_air,Artificial,America/Denver,,America/Denver
2021,2,1,401328545,2021-09-02,19:00,The Citadel Bulldogs,Coastal Carolina Chanticleers,0,Brooks Stadium (SC),open_air,Artificial,America/New_York,,America/New_York
2021,2,1,401282052,2021-09-03,19:00,Duke Blue Devils,Charlotte 49ers,0,Jerry Richardson Stadium,open_air,Artificial,America/New_York,America/New_York,America/New_York
2021,2,1,401282608,2021-09-03,19:00,Old Dominion Monarchs,Wake Forest Demon Deacons,0,Allegacy Federal Credit Union Stadium,open_air,Artificial,America/New_York,America/New_York,America/New_York
2021,2,1,401282782,2021-09-03,20:00,Michigan State Spartans,Northwestern Wildcats,0,Ryan Field,open_air,Grass,America/Chicago,America/Detroit,America/Chicago
2021,2,1,401287888,2021-09-03,19:00,South Dakota Coyotes,Kansas Jayhawks,0,Memorial Stadium,open_air,Artificial,America/Chicago,,America/Chicago
2021,2,1,401309541,2021-09-03,19:00,St. Francis (PA) Red Flash,Eastern Michigan Eagles,0,Rynearson Stadium,open_air,Artificial,America/Detroit,,America/Detroit
2021,2,1,401309836,2021-09-03,19:00,Northern Colorado Bears,Colorado Buffaloes,0,Folsom Field,open_air,Grass,America/Denver,,America/Denver
2021,2,1,401309937,2021-09-03,18:00,North Carolina Tar Heels,Virginia Tech Hokies,0,Lane Stadium,open_air,Grass,America/New_York,America/New_York,America/New_York
2021,2,1,401310695,2021-09-03,19:00,South Dakota State Jackrabbits,Colorado State Rams,0,Canvas Stadium,open_air,Artificial,America/Denver,,America/Denver
2021,2,1,401281942,2021-09-04,19:30,Alabama Crimson Tide,Miami Hurricanes,1,Mercedes-Benz Stadium,,,America/New_York,America/Chicago,
2021,2,1,401281943,2021-09-04,13:00,Rice Owls,Arkansas Razorbacks,0,Razorback Stadium,open_air,Artificial,America/Chicago,America/Chicago,America/Chicago
2021,2,1,401281944,2021-09-04,18:00,Akron Zips,Auburn Tigers,0,Jordan-Hare Stadium,open_air,Grass,America/Chicago,America/New_York,America/Chicago
2021,2,1,401281945,2021-09-04,19:30,Florida Atlantic Owls,Florida Gators,0,Ben Hill Griffin Stadium,open_air,Grass,America/New_York,America/New_York,America/New_York
2021,2,1,401281946,2021-09-04,23:30,Georgia Bulldogs,Clemson Tigers,1,Bank of America Stadium,,,America/New_York,America/New_York,
2021,2,1,401281947,2021-09-04,12:00,UL Monroe Warhawks,Kentucky Wildcats,0,Kroger Field,open_air,Artificial,America/New_York,America/Chicago,America/New_York
2021,2,1,401281948,2021-09-04,17:30,LSU Tigers,UCLA Bruins,0,Rose Bowl,open_air,Grass,America/Los_Angeles,America/Chicago,America/Los_Angeles
2021,2,1,401281949,2021-09-04,15:00,Louisiana Tech Bulldogs,Mississippi State Bulldogs,0,Davis Wade Stadium,open_air,Grass,America/Chicago,America/Chicago,America/Chicago
2021,2,1,401281950,2021-09-04,15:00,Central Michigan Chippewas,Missouri Tigers,0,Memorial Stadium,open_air,Artificial,America/Chicago,America/Detroit,America/Chicago
2021,2,1,401281951,2021-09-04,19:00,Eastern Illinois Panthers,South Carolina Gamecocks,0,Williams-Brice Stadium,open_air,Grass,America/New_York,,America/New_York
2021,2,1,401282053,2021-09-04,19:00,Kent State Golden Flashes,Texas A&M Aggies,0,Kyle Field,open_air,Grass,America/Chicago,America/New_York,America/Chicago
2021,2,1,401282054,2021-09-04,19:00,East Tennessee State Buccaneers,Vanderbilt Commodores,0,FirstBank Stadium,open_air,Artificial,America/Chicago,,America/Chicago
2021,2,1,401282173,2021-09-04,18:00,Monmouth Hawks,Middle Tennessee Blue Raiders,0,"Johnny ""Red"" Floyd Stadium",open_air,Artificial,America/Chicago,,America/Chicago
2021,2,1,401282174,2021-09-04,15:30,Marshall Thundering Herd,Navy Midshipmen,0,Navy-Marine Corps Memorial Stadium,open_air,Artificial,America/New_York,America/New_York,America/New_York
2021,2,1,401282175,2021-09-04,18:30,Northwestern State Demons,North Texas Mean Green,0,DATCU Stadium,open_air,Artificial,America/Chicago,,America/Chicago
2021,2,1,401282177,2021-09-04,19:00,Southern Miss Golden Eagles,South Alabama Jaguars,0,Hancock Whitney Stadium,open_air,Artificial,America/Chicago,America/Chicago,America/Chicago
2021,2,1,401282178,2021-09-04,19:00,Bethune-Cookman Wildcats,UTEP Miners,0,Sun Bowl,open_air,Artificial,America/Denver,,America/Denver
2021,2,1,401282179,2021-09-04,18:30,UTSA Roadrunners,Illinois Fighting Illini,0,"Memorial Stadium (Champaign, IL)",open_air,Artificial,America/Chicago,America/Chicago,America/Chicago
2021,2,1,401282609,2021-09-04,12:00,Colgate Raiders,Boston College Eagles,0,"Alumni Stadium (Chestnut Hill, MA)",open_air,Artificial,America/New_York,,America/New_York
2021,2,1,401282610,2021-09-04,19:30,Northern Illinois Huskies,Georgia Tech Yellow Jackets,0,Bobby Dodd Stadium,open_air,Artificial,America/New_York,America/Chicago,America/New_York
2021,2,1,401282611,2021-09-04,19:00,Syracuse Orange,Ohio Bobcats,0,Peden Stadium,open_air,Artificial,America/New_York,America/New_York,America/New_York
2021,2,1,401282612,2021-09-04,16:00,Massachusetts Minutemen,Pittsburgh Panthers,0,Acrisure Stadium,open_air,Grass,America/New_York,America/New_York,America/New_York
2021,2,1,401282613,2021-09-04,19:30,William & Mary Tribe,Virginia Cavaliers,0,Scott Stadium,open_air,Grass,America/New_York,,America/New_York
2021,2,1,401282723,2021-09-04,14:30,Indiana Hoosiers,Iowa Hawkeyes,0,Kinnick Stadium,open_air,Artificial,America/Chicago,America/Indiana/Indianapolis,America/Chicago
2021,2,1,401282764,2021-09-04,15:30,West Virginia Mountaineers,Maryland Terrapins,0,SECU Stadium,open_air,Artificial,America/New_York,America/New_York,America/New_York
2021,2,1,401282772,2021-09-04,12:00,Western Michigan Broncos,Michigan Wolverines,0,Michigan Stadium,open_air,Artificial,America/Detroit,America/Detroit,America/Detroit
2021,2,1,401282815,2021-09-04,11:00,Penn State Nittany Lions,Wisconsin Badgers,0,Camp Randall Stadium,open_air,Artificial,America/Chicago,America/New_York,America/Chicago
2021,2,1,401282819,2021-09-04,19:00,Oregon State Beavers,Purdue Boilermakers,0,Ross-Ade Stadium,open_air,Grass,America/Indiana/Indianapolis,America/Los_Angeles,America/Indiana/Indianapolis
2021,2,1,401282822,2021-09-04,12:00,Temple Owls,Rutgers Scarlet Knights,0,SHI Stadium,open_air,Artificial,America/New_York,America/New_York,America/New_York
2021,2,1,401286188,2021-09-04,12:00,Holy Cross Crusaders,UConn Huskies,0,Pratt & Whitney Stadium,open_air,Grass,America/New_York,,America/New_York
2021,2,1,401286294,2021-09-04,18:00,Campbell Fighting Camels,Liberty Flames,0,Williams Stadium (VA),open_air,Artificial,America/New_York,,America/New_York
2021,2,1,401287886,2021-09-04,23:00,Texas Tech Red Raiders,Houston Cougars,1,NRG Stadium,,,America/Chicago,America/Chicago,
2021,2,1,401287887,2021-09-04,15:30,Northern Iowa Panthers,Iowa State Cyclones,0,Jack Trice Stadium,open_air,Grass,America/Chicago,,America/Chicago
2021,2,1,401287889,2021-09-04,16:00,Stanford Cardinal,Kansas State Wildcats,1,AT&T Stadium,,,America/Chicago,America/Los_Angeles,
2021,2,1,401287890,2021-09-04,18:00,Missouri State Bears,Oklahoma State Cowboys,0,Boone Pickens Stadium,open_air,Artificial,America/Chicago,America/Chicago,America/Chicago
2021,2,1,401287891,2021-09-04,19:00,Duquesne Dukes,TCU Horned Frogs,0,Amon G. Carter Stadium,open_air,Grass,America/Chicago,,America/Chicago
2021,2,1,401287892,2021-09-04,15:30,Louisiana Ragin' Cajuns,Texas Longhorns,0,DKR-Texas Memorial Stadium,open_air,Artificial,America/Chicago,America/Chicago,America/Chicago
2021,2,1,401287893,2021-09-04,18:00,Baylor Bears,Texas State Bobcats,0,Bobcat Stadium (TX),open_air,Artificial,America/Chicago,America/Chicago,America/Chicago
2021,2,1,401287894,2021-09-04,11:00,Tulane Green Wave,Oklahoma Sooners,0,"Memorial Stadium (Norman, OK)",open_air,Grass,America/Chicago,America/Chicago,America/Chicago
2021,2,1,401300996,2021-09-04,15:30,Miami (OH) RedHawks,Cincinnati Bearcats,0,Nippert Stadium,open_air,Artificial,America/New_York,America/New_York,America/New_York
2021,2,1,401300997,2021-09-04,18:00,Nicholls Colonels,Memphis Tigers,0,Simmons Bank Liberty Stadium,open_air,Artificial,America/Chicago,,America/Chicago
2021,2,1,401300998,2021-09-04,18:00,Abilene Christian Wildcats,SMU Mustangs,0,Gerald J. Ford Stadium,open_air,Artificial,America/Chicago,,America/Chicago
2021,2,1,401309543,2021-09-04,19:00,Norfolk State Spartans,Toledo Rockets,0,Glass Bowl,open_air,Artificial,America/New_York,,America/New_York
2021,2,1,401309598,2021-09-04,18:00,Central Arkansas Bears,Arkansas State Red Wolves,0,Centennial Bank Stadium,open_air,Artificial,America/Chicago,,America/Chicago
2021,2,1,401309600,2021-09-04,18:00,Gardner-Webb Runnin' Bulldogs,Georgia Southern Eagles,0,Allen E. Paulson Stadium,open_air,Artificial,America/New_York,,America/New_York
2021,2,1,401309601,2021-09-04,12:00,Army Black Knights,Georgia State Panthers,0,Center Parc Stadium,open_air,Artificial,America/New_York,America/New_York,America/New_York
2021,2,1,401309602,2021-09-04,18:00,Southern Jaguars,Troy Trojans,0,Veterans Memorial Stadium (AL),open_air,Artificial,America/Chicago,,America/Chicago
2021,2,1,401309837,2021-09-04,19:30,Nevada Wolf Pack,California Golden Bears,0,California Memorial Stadium,open_air,Artificial,America/Los_Angeles,America/Los_Angeles,America/Los_Angeles
2021,2,1,401309838,2021-09-04,11:00,Fresno State Bulldogs,Oregon Ducks,0,Autzen Stadium,open_air,Artificial,America/Los_Angeles,America/Los_Angeles,America/Los_Angeles
2021,2,1,401309839,2021-09-04,17:00,Montana Grizzlies,Washington Huskies,0,Husky Stadium,open_air,Artificial,America/Los_Angeles,,America/Los_Angeles
2021,2,1,401309840,2021-09-04,20:00,Utah State Aggies,Washington State Cougars,0,Gesa Field,open_air,Artificial,America/Los_Angeles,America/Denver,America/Los_Angeles
2021,2,1,401309841,2021-09-04,19:30,BYU Cougars,Arizona Wildcats,1,Allegiant Stadium,fixed_roof,Artificial,America/Phoenix,America/Denver,America/Los_Angeles
2021,2,1,401309842,2021-09-04,14:00,San José State Spartans,USC Trojans,0,Los Angeles Memorial Coliseum,open_air,Grass,America/Los_Angeles,America/Los_Angeles,America/Los_Angeles
2021,2,1,401310697,2021-09-04,14:00,Montana State Bobcats,Wyoming Cowboys,0,War Memorial Stadium,open_air,Artificial,America/Denver,,America/Denver
2021,2,1,401310698,2021-09-04,17:59,Portland State Vikings,Hawai'i Rainbow Warriors,0,Clarence T.C. Ching Athletics Complex,open_air,Grass,Pacific/Honolulu,,Pacific/Honolulu
2021,2,1,401310699,2021-09-04,19:30,New Mexico State Aggies,San Diego State Aztecs,0,Snapdragon Stadium,open_air,Grass,America/Los_Angeles,America/Denver,America/Los_Angeles
2021,2,1,401310861,2021-09-04,12:00,Lafayette Leopards,Air Force Falcons,0,Falcon Stadium,open_air,Artificial,America/Denver,,America/Denver
2021,2,1,401327913,2021-09-04,11:00,Fordham Rams,Nebraska Cornhuskers,0,"Memorial Stadium (Lincoln, NE)",open_air,Artificial,America/Chicago,,America/Chicago
2021,2,1,401282614,2021-09-05,19:30,Notre Dame Fighting Irish,Florida State Seminoles,0,Doak Campbell Stadium,open_air,Grass,America/New_York,America/Indiana/Indianapolis,America/New_York
2021,2,1,401282055,2021-09-07,00:00,Louisville Cardinals,Ole Miss Rebels,1,Mercedes-Benz Stadium,,,America/Chicago,America/Kentucky/Louisville,
2021,2,2,401282191,2021-09-10,19:30,UTEP Miners,Boise State Broncos,0,Albertsons Stadium,open_air,Artificial,America/Boise,America/Denver,America/Boise
2021,2,2,401282616,2021-09-10,20:00,North Carolina A&T Aggies,Duke Blue Devils,0,Wallace Wade Stadium,open_air,Grass,America/New_York,,America/New_York
2021,2,2,401287896,2021-09-10,19:30,Kansas Jayhawks,Coastal Carolina Chanticleers,0,Brooks Stadium (SC),open_air,Artificial,America/New_York,America/Chicago,America/New_York
2021,2,2,401310701,2021-09-10,20:20,North Dakota Fighting Hawks,Utah State Aggies,0,Maverik Stadium,open_air,Artificial,America/Denver,,America/Denver
2021,2,2,401282056,2021-09-11,15:00,Mercer Bears,Alabama Crimson Tide,0,Bryant-Denny Stadium,open_air,Grass,America/Chicago,,America/Chicago
2021,2,2,401282057,2021-09-11,18:00,Texas Longhorns,Arkansas Razorbacks,0,Razorback Stadium,open_air,Artificial,America/Chicago,America/Chicago,America/Chicago
2021,2,2,401282058,2021-09-11,11:00,Alabama State Hornets,Auburn Tigers,0,Jordan-Hare Stadium,open_air,Grass,America/Chicago,,America/Chicago
2021,2,2,401282059,2021-09-11,13:00,Florida Gators,South Florida Bulls,0,Raymond James Stadium,open_air,Grass,America/New_York,America/New_York,America/New_York
2021,2,2,401282060,2021-09-11,15:30,UAB Blazers,Georgia Bulldogs,0,Sanford Stadium,open_air,Grass,America/New_York,America/Chicago,America/New_York
2021,2,2,401282061,2021-09-11,19:30,Missouri Tigers,Kentucky Wildcats,0,Kroger Field,open_air,Artificial,America/New_York,America/Chicago,America/New_York
2021,2,2,401282062,2021-09-11,19:00,McNeese Cowboys,LSU Tigers,0,Tiger Stadium (LA),open_air,Grass,America/Chicago,,America/Chicago
2021,2,2,401282063,2021-09-11,18:30,Austin Peay Governors,Ole Miss Rebels,0,Vaught-Hemingway Stadium,open_air,Grass,America/Chicago,,America/Chicago
2021,2,2,401282064,2021-09-11,18:00,NC State Wolfpack,Mississippi State Bulldogs,0,Davis Wade Stadium,open_air,Grass,America/Chicago,America/New_York,America/Chicago
2021,2,2,401282065,2021-09-11,12:00,South Carolina Gamecocks,East Carolina Pirates,0,Dowdy-Ficklen Stadium,open_air,Grass,America/New_York,America/New_York,America/New_York
2021,2,2,401282066,2021-09-11,12:00,Pittsburgh Panthers,Tennessee Volunteers,0,Neyland Stadium,open_air,Grass,America/New_York,America/New_York,America/New_York
2021,2,2,401282067,2021-09-11,19:30,Texas A&M Aggies,Colorado Buffaloes,1,Empower Field at Mile High,,,America/Denver,America/Chicago,
2021,2,2,401282068,2021-09-11,20:00,Vanderbilt Commodores,Colorado State Rams,0,Canvas Stadium,open_air,Artificial,America/Denver,America/Chicago,America/Denver
2021,2,2,401282181,2021-09-11,18:00,Gardner-Webb Runnin' Bulldogs,Charlotte 49ers,0,Jerry Richardson Stadium,open_air,Artificial,America/New_York,,America/New_York
2021,2,2,401282182,2021-09-11,19:00,Texas State Bobcats,Florida International Panthers,0,FIU Stadium,open_air,Artificial,America/New_York,America/Chicago,America/New_York
2021,2,2,401282183,2021-09-11,15:30,Georgia Southern Eagles,Florida Atlantic Owls,0,FAU Stadium,open_air,Artificial,America/New_York,America/New_York,America/New_York
2021,2,2,401282184,2021-09-11,18:00,SE Louisiana Lions,Louisiana Tech Bulldogs,0,Joe Aillet Stadium,open_air,Artificial,America/Chicago,,America/Chicago
2021,2,2,401282185,2021-09-11,18:30,North Carolina Central Eagles,Marshall Thundering Herd,0,Joan C. Edwards Stadium,open_air,Artificial,America/New_York,,America/New_York
2021,2,2,401282186,2021-09-11,14:00,Middle Tennessee Blue Raiders,Virginia Tech Hokies,0,Lane Stadium,open_air,Grass,America/New_York,America/Chicago,America/New_York
2021,2,2,401282187,2021-09-11,18:00,North Texas Mean Green,SMU Mustangs,0,Gerald J. Ford Stadium,open_air,Artificial,America/Chicago,America/Chicago,America/Chicago
2021,2,2,401282188,2021-09-11,19:00,Hampton Pirates,Old Dominion Monarchs,0,S.B. Ballard Stadium,open_air,Artificial,America/New_York,,America/New_York
2021,2,2,401282189,2021-09-11,17:30,Houston Cougars,Rice Owls,0,Rice Stadium,open_air,Artificial,America/Chicago,America/Chicago,America/Chicago
2021,2,2,401282190,2021-09-11,18:00,Grambling Tigers,Southern Miss Golden Eagles,0,M. M. Roberts Stadium,open_air,Artificial,America/Chicago,,America/Chicago
2021,2,2,401282192,2021-09-11,17:00,Lamar Cardinals,UTSA Roadrunners,0,Alamodome,dome,Artificial,America/Chicago,,America/Chicago
2021,2,2,401282193,2021-09-11,11:30,Western Kentucky Hilltoppers,Army Black Knights,0,Michie Stadium,open_air,Artificial,America/New_York,America/Chicago,America/New_York
2021,2,2,401282615,2021-09-11,17:00,South Carolina State Bulldogs,Clemson Tigers,0,"Memorial Stadium (Clemson, SC)",open_air,Grass,America/New_York,,America/New_York
2021,2,2,401282617,2021-09-11,20:00,Jacksonville State Gamecocks,Florida State Seminoles,0,Doak Campbell Stadium,open_air,Grass,America/New_York,America/Chicago,America/New_York
2021,2,2,401282618,2021-09-11,12:00,Kennesaw State Owls,Georgia Tech Yellow Jackets,0,Bobby Dodd Stadium,open_air,Artificial,America/New_York,America/New_York,America/New_York
2021,2,2,401282619,2021-09-11,19:00,Eastern Kentucky Colonels,Louisville Cardinals,0,L&N Federal Credit Union Stadium,open_air,Artificial,America/Kentucky/Louisville,,America/Kentucky/Louisville
2021,2,2,401282620,2021-09-11,19:00,App State Mountaineers,Miami Hurricanes,0,Hard Rock Stadium,open_air,Artificial,America/New_York,America/New_York,America/New_York
2021,2,2,401282621,2021-09-11,19:30,Georgia State Panthers,North Carolina Tar Heels,0,Kenan Stadium,open_air,Artificial,America/New_York,America/New_York,America/New_York
2021,2,2,401282622,2021-09-11,14:00,Rutgers Scarlet Knights,Syracuse Orange,0,JMA Wireless Dome,dome,Artificial,America/New_York,America/New_York,America/New_York
2021,2,2,401282623,2021-09-11,15:30,Boston College Eagles,Massachusetts Minutemen,0,Warren McGuirk Alumni Stadium,open_air,Artificial,America/New_York,America/New_York,America/New_York
2021,2,2,401282624,2021-09-11,11:00,Illinois Fighting Illini,Virginia Cavaliers,0,Scott Stadium,open_air,Grass,America/New_York,America/Chicago,America/New_York
2021,2,2,401282625,2021-09-11,12:00,Norfolk State Spartans,Wake Forest Demon Deacons,0,Allegacy Federal Credit Union Stadium,open_air,Artificial,America/New_York,,America/New_York
2021,2,2,401282705,2021-09-11,14:30,Toledo Rockets,Notre Dame Fighting Irish,0,Notre Dame Stadium,open_air,Artificial,America/Indiana/Indianapolis,America/New_York,America/Indiana/Indianapolis
2021,2,2,401282724,2021-09-11,19:30,Idaho Vandals,Indiana Hoosiers,0,"Memorial Stadium (Bloomington, IN)",open_air,Artificial,America/Indiana/Indianapolis,,America/Indiana/Indianapolis
2021,2,2,401282754,2021-09-11,15:30,Iowa Hawkeyes,Iowa State Cyclones,0,Jack Trice Stadium,open_air,Grass,America/Chicago,America/Chicago,America/Chicago
2021,2,2,401282773,2021-09-11,20:00,Washington Huskies,Michigan Wolverines,0,Michigan Stadium,open_air,Artificial,America/Detroit,America/Los_Angeles,America/Detroit
2021,2,2,401282783,2021-09-11,12:00,Youngstown State Penguins,Michigan State Spartans,0,Spartan Stadium,open_air,Grass,America/Detroit,,America/Detroit
2021,2,2,401282790,2021-09-11,11:00,Miami (OH) RedHawks,Minnesota Golden Gophers,0,Huntington Bank Stadium,open_air,Artificial,America/Chicago,America/New_York,America/Chicago
2021,2,2,401282797,2021-09-11,14:30,Buffalo Bulls,Nebraska Cornhuskers,0,"Memorial Stadium (Lincoln, NE)",open_air,Artificial,America/Chicago,America/New_York,America/Chicago
2021,2,2,401282804,2021-09-11,11:00,Indiana State Sycamores,Northwestern Wildcats,0,Ryan Field,open_air,Grass,America/Chicago,,America/Chicago
2021,2,2,401282809,2021-09-11,12:00,Oregon Ducks,Ohio State Buckeyes,0,Ohio Stadium,open_air,Artificial,America/New_York,America/Los_Angeles,America/New_York
2021,2,2,401282816,2021-09-11,15:30,Ball State Cardinals,Penn State Nittany Lions,0,Beaver Stadium,open_air,Grass,America/New_York,America/Indiana/Indianapolis,America/New_York
2021,2,2,401282820,2021-09-11,15:00,Purdue Boilermakers,UConn Huskies,0,Pratt & Whitney Stadium,open_air,Grass,America/New_York,America/Indiana/Indianapolis,America/New_York
2021,2,2,401282825,2021-09-11,18:00,Eastern Michigan Eagles,Wisconsin Badgers,0,Camp Randall Stadium,open_air,Artificial,America/Chicago,America/Detroit,America/Chicago
2021,2,2,401286207,2021-09-11,19:30,Howard Bison,Maryland Terrapins,0,SECU Stadium,open_air,Artificial,America/New_York,,America/New_York
2021,2,2,401286295,2021-09-11,18:00,Liberty Flames,Troy Trojans,0,Veterans Memorial Stadium (AL),open_air,Artificial,America/Chicago,America/New_York,America/Chicago
2021,2,2,401287895,2021-09-11,18:00,Texas Southern Tigers,Baylor Bears,0,McLane Stadium,open_air,Artificial,America/Chicago,,America/Chicago
2021,2,2,401287897,2021-09-11,18:00,Southern Illinois Salukis,Kansas State Wildcats,0,Bill Snyder Family Stadium,open_air,Artificial,America/Chicago,,America/Chicago
2021,2,2,401287898,2021-09-11,18:00,Western Carolina Catamounts,Oklahoma Sooners,0,"Memorial Stadium (Norman, OK)",open_air,Grass,America/Chicago,,America/Chicago
2021,2,2,401287899,2021-09-11,11:00,Tulsa Golden Hurricane,Oklahoma State Cowboys,0,Boone Pickens Stadium,open_air,Artificial,America/Chicago,America/Chicago,America/Chicago
2021,2,2,401287900,2021-09-11,14:30,California Golden Bears,TCU Horned Frogs,0,Amon G. Carter Stadium,open_air,Grass,America/Chicago,America/Los_Angeles,America/Chicago
2021,2,2,401287901,2021-09-11,18:00,Stephen F. Austin Lumberjacks,Texas Tech Red Raiders,0,Jones AT&T Stadium,open_air,Artificial,America/Chicago,,America/Chicago
2021,2,2,401287902,2021-09-11,17:00,Long Island University Sharks,West Virginia Mountaineers,0,Milan Puskar Stadium,open_air,Artificial,America/New_York,,America/New_York
2021,2,2,401300999,2021-09-11,15:30,Temple Owls,Akron Zips,0,InfoCision Stadium,open_air,Artificial,America/New_York,America/New_York,America/New_York
2021,2,2,401301000,2021-09-11,12:00,Morgan State Bears,Tulane Green Wave,0,Yulman Stadium,open_air,Artificial,America/Chicago,,America/Chicago
2021,2,2,401301001,2021-09-11,18:30,Bethune-Cookman Wildcats,UCF Knights,0,FBC Mortgage Stadium,open_air,Grass,America/New_York,,America/New_York
2021,2,2,401301002,2021-09-11,15:30,Murray State Racers,Cincinnati Bearcats,0,Nippert Stadium,open_air,Artificial,America/New_York,,America/New_York
2021,2,2,401301003,2021-09-11,18:00,Memphis Tigers,Arkansas State Red Wolves,0,Centennial Bank Stadium,open_air,Artificial,America/Chicago,America/Chicago,America/Chicago
2021,2,2,401301004,2021-09-11,15:30,Air Force Falcons,Navy Midshipmen,0,Navy-Marine Corps Memorial Stadium,open_air,Artificial,America/New_York,America/Denver,America/New_York
2021,2,2,401309544,2021-09-11,17:00,Illinois State Redbirds,Western Michigan Broncos,0,Waldo Stadium,open_air,Artificial,America/Detroit,,America/Detroit
2021,2,2,401309545,2021-09-11,11:30,VMI Keydets,Kent State Golden Flashes,0,Dix Stadium,open_air,Artificial,America/New_York,,America/New_York
2021,2,2,401309546,2021-09-11,16:00,South Alabama Jaguars,Bowling Green Falcons,0,Doyt L. Perry Stadium,open_air,Artificial,America/New_York,America/Chicago,America/New_York
2021,2,2,401309547,2021-09-11,12:30,Wyoming Cowboys,Northern Illinois Huskies,0,Huskie Stadium,open_air,Artificial,America/Chicago,America/Denver,America/Chicago
2021,2,2,401309548,2021-09-11,15:00,Robert Morris Colonials,Central Michigan Chippewas,0,Kelly/Shorts Stadium,open_air,Artificial,America/Detroit,,America/Detroit
2021,2,2,401309603,2021-09-11,18:00,Nicholls Colonels,Louisiana Ragin' Cajuns,0,Cajun Field,open_air,Artificial,America/Chicago,,America/Chicago
2021,2,2,401309753,2021-09-11,14:00,Duquesne Dukes,Ohio Bobcats,0,Peden Stadium,open_air,Artificial,America/New_York,,America/New_York
2021,2,2,401309843,2021-09-11,19:30,Stanford Cardinal,USC Trojans,0,Los Angeles Memorial Coliseum,open_air,Grass,America/Los_Angeles,America/Los_Angeles,America/Los_Angeles
2021,2,2,401309844,2021-09-11,20:00,Hawai'i Rainbow Warriors,Oregon State Beavers,0,Reser Stadium,open_air,Artificial,America/Los_Angeles,Pacific/Honolulu,America/Los_Angeles
2021,2,2,401309845,2021-09-11,15:00,Portland State Vikings,Washington State Cougars,0,Gesa Field,open_air,Artificial,America/Los_Angeles,,America/Los_Angeles
2021,2,2,401309846,2021-09-11,19:00,San Diego State Aztecs,Arizona Wildcats,0,Arizona Stadium,open_air,Artificial,America/Phoenix,America/Los_Angeles,America/Phoenix
2021,2,2,401309847,2021-09-11,19:30,UNLV Rebels,Arizona State Sun Devils,0,Mountain America Stadium,open_air,Grass,America/Phoenix,America/Los_Angeles,America/Phoenix
2021,2,2,401309848,2021-09-11,20:15,Utah Utes,BYU Cougars,0,LaVell Edwards Stadium,open_air,Grass,America/Denver,America/Denver,America/Denver
2021,2,2,401310700,2021-09-11,17:00,New Mexico State Aggies,New Mexico Lobos,0,University Stadium (NM),open_air,Artificial,America/Denver,America/Denver,America/Denver
2021,2,2,401310702,2021-09-11,19:00,Cal Poly Mustangs,Fresno State Bulldogs,0,Valley Children's Stadium,open_air,Artificial,America/Los_Angeles,,America/Los_Angeles
2021,2,2,401310703,2021-09-11,19:30,Idaho State Bengals,Nevada Wolf Pack,0,Mackay Stadium,open_air,Artificial,America/Los_Angeles,,America/Los_Angeles
2021,2,3,401309606,2021-09-16,19:00,Ohio Bobcats,Louisiana Ragin' Cajuns,0,Cajun Field,open_air,Artificial,America/Chicago,America/New_York,America/Chicago
2021,2,3,401282626,2021-09-17,19:30,UCF Knights,Louisville Cardinals,0,L&N Federal Credit Union Stadium,open_air,Artificial,America/Kentucky/Louisville,America/New_York,America/Kentucky/Louisville
2021,2,3,401282715,2021-09-17,20:00,Maryland Terrapins,Illinois Fighting Illini,0,"Memorial Stadium (Champaign, IL)",open_air,Artificial,America/Chicago,America/New_York,America/Chicago
2021,2,3,401282069,2021-09-18,15:00,Georgia Southern Eagles,Arkansas Razorbacks,0,Razorback Stadium,open_air,Artificial,America/Chicago,America/New_York,America/Chicago
2021,2,3,401282070,2021-09-18,19:30,Auburn Tigers,Penn State Nittany Lions,0,Beaver Stadium,open_air,Grass,America/New_York,America/Chicago,America/New_York
2021,2,3,401282071,2021-09-18,15:30,Alabama Crimson Tide,Florida Gators,0,Ben Hill Griffin Stadium,open_air,Grass,America/New_York,America/Chicago,America/New_York
2021,2,3,401282072,2021-09-18,19:10,South Carolina Gamecocks,Georgia Bulldogs,0,Sanford Stadium,open_air,Grass,America/New_York,America/New_York,America/New_York
2021,2,3,401282073,2021-09-18,12:00,Chattanooga Mocs,Kentucky Wildcats,0,Kroger Field,open_air,Artificial,America/New_York,,America/New_York
2021,2,3,401282074,2021-09-18,18:30,Central Michigan Chippewas,LSU Tigers,0,Tiger Stadium (LA),open_air,Grass,America/Chicago,America/Detroit,America/Chicago
2021,2,3,401282075,2021-09-18,19:00,Tulane Green Wave,Ole Miss Rebels,0,Vaught-Hemingway Stadium,open_air,Grass,America/Chicago,America/Chicago,America/Chicago
2021,2,3,401282076,2021-09-18,15:00,Mississippi State Bulldogs,Memphis Tigers,0,Simmons Bank Liberty Stadium,open_air,Artificial,America/Chicago,America/Chicago,America/Chicago
2021,2,3,401282077,2021-09-18,11:00,Southeast Missouri State Redhawks,Missouri Tigers,0,Memorial Stadium,open_air,Artificial,America/Chicago,,America/Chicago
2021,2,3,401282078,2021-09-18,12:00,Tennessee Tech Golden Eagles,Tennessee Volunteers,0,Neyland Stadium,open_air,Grass,America/New_York,,America/New_York
2021,2,3,401282079,2021-09-18,11:00,New Mexico Lobos,Texas A&M Aggies,0,Kyle Field,open_air,Grass,America/Chicago,America/Denver,America/Chicago
2021,2,3,401282080,2021-09-18,19:00,Stanford Cardinal,Vanderbilt Commodores,0,FirstBank Stadium,open_air,Artificial,America/Chicago,America/Los_Angeles,America/Chicago
2021,2,3,401282194,2021-09-18,17:00,Middle Tennessee Blue Raiders,UTSA Roadrunners,0,Alamodome,dome,Artificial,America/Chicago,America/Chicago,America/Chicago
2021,2,3,401282195,2021-09-18,18:30,UAB Blazers,North Texas Mean Green,0,DATCU Stadium,open_air,Artificial,America/Chicago,America/Chicago,America/Chicago
2021,2,3,401282196,2021-09-18,19:00,Charlotte 49ers,Georgia State Panthers,0,Center Parc Stadium,open_air,Artificial,America/New_York,America/New_York,America/New_York
2021,2,3,401282197,2021-09-18,18:00,Florida International Panthers,Texas Tech Red Raiders,0,Jones AT&T Stadium,open_air,Artificial,America/Chicago,America/New_York,America/Chicago
2021,2,3,401282198,2021-09-18,18:00,Fordham Rams,Florida Atlantic Owls,0,FAU Stadium,open_air,Artificial,America/New_York,,America/New_York
2021,2,3,401282199,2021-09-18,14:30,SMU Mustangs,Louisiana Tech Bulldogs,0,Joe Aillet Stadium,open_air,Artificial,America/Chicago,America/Chicago,America/Chicago
2021,2,3,401282200,2021-09-18,18:00,East Carolina Pirates,Marshall Thundering Herd,0,Joan C. Edwards Stadium,open_air,Artificial,America/New_York,America/New_York,America/New_York
2021,2,3,401282201,2021-09-18,18:00,Old Dominion Monarchs,Liberty Flames,0,Williams Stadium (VA),open_air,Artificial,America/New_York,America/New_York,America/New_York
2021,2,3,401282202,2021-09-18,19:00,Rice Owls,Texas Longhorns,0,DKR-Texas Memorial Stadium,open_air,Artificial,America/Chicago,America/Chicago,America/Chicago
2021,2,3,401282203,2021-09-18,18:00,Troy Trojans,Southern Miss Golden Eagles,0,M. M. Roberts Stadium,open_air,Artificial,America/Chicago,America/Chicago,America/Chicago
2021,2,3,401282627,2021-09-18,15:41,Georgia Tech Yellow Jackets,Clemson Tigers,0,"Memorial Stadium (Clemson, SC)",open_air,Grass,America/New_York,America/New_York,America/New_York
2021,2,3,401282628,2021-09-18,16:00,Northwestern Wildcats,Duke Blue Devils,0,Wallace Wade Stadium,open_air,Grass,America/New_York,America/Chicago,America/New_York
2021,2,3,401282629,2021-09-18,12:00,Michigan State Spartans,Miami Hurricanes,0,Hard Rock Stadium,open_air,Artificial,America/New_York,America/Detroit,America/New_York
2021,2,3,401282630,2021-09-18,19:30,Furman Paladins,NC State Wolfpack,0,Carter-Finley Stadium,open_air,Grass,America/New_York,,America/New_York
2021,2,3,401282631,2021-09-18,19:40,Virginia Cavaliers,North Carolina Tar Heels,0,Kenan Stadium,open_air,Artificial,America/New_York,America/New_York,America/New_York
2021,2,3,401282632,2021-09-18,12:00,Western Michigan Broncos,Pittsburgh Panthers,0,Acrisure Stadium,open_air,Grass,America/New_York,America/Detroit,America/New_York
2021,2,3,401282633,2021-09-18,12:00,Albany Great Danes,Syracuse Orange,0,JMA Wireless Dome,dome,Artificial,America/New_York,,America/New_York
2021,2,3,401282634,2021-09-18,12:00,Boston College Eagles,Temple Owls,0,Lincoln Financial Field,open_air,Artificial,America/New_York,America/New_York,America/New_York
2021,2,3,401282635,2021-09-18,15:35,Florida State Seminoles,Wake Forest Demon Deacons,0,Allegacy Federal Credit Union Stadium,open_air,Artificial,America/New_York,America/New_York,America/New_York
2021,2,3,401282636,2021-09-18,12:00,Virginia Tech Hokies,West Virginia Mountaineers,0,Milan Puskar Stadium,open_air,Artificial,America/New_York,America/New_York,America/New_York
2021,2,3,401282706,2021-09-18,14:30,Purdue Boilermakers,Notre Dame Fighting Irish,0,Notre Dame Stadium,open_air,Artificial,America/Indiana/Indianapolis,America/Indiana/Indianapolis,America/Indiana/Indianapolis
2021,2,3,401282725,2021-09-18,12:00,Cincinnati Bearcats,Indiana Hoosiers,0,"Memorial Stadium (Bloomington, IN)",open_air,Artificial,America/Indiana/Indianapolis,America/New_York,America/Indiana/Indianapolis
2021,2,3,401282755,2021-09-18,14:30,Kent State Golden Flashes,Iowa Hawkeyes,0,Kinnick Stadium,open_air,Artificial,America/Chicago,America/New_York,America/Chicago
2021,2,3,401282774,2021-09-18,12:00,Northern Illinois Huskies,Michigan Wolverines,0,Michigan Stadium,open_air,Artificial,America/Detroit,America/Chicago,America/Detroit
2021,2,3,401282791,2021-09-18,11:00,Minnesota Golden Gophers,Colorado Buffaloes,0,Folsom Field,open_air,Grass,America/Denver,America/Chicago,America/Denver
2021,2,3,401282798,2021-09-18,11:00,Nebraska Cornhuskers,Oklahoma Sooners,0,"Memorial Stadium (Norman, OK)",open_air,Grass,America/Chicago,America/Chicago,America/Chicago
2021,2,3,401282810,2021-09-18,15:30,Tulsa Golden Hurricane,Ohio State Buckeyes,0,Ohio Stadium,open_air,Artificial,America/New_York,America/Chicago,America/New_York
2021,2,3,401282823,2021-09-18,15:30,Delaware Blue Hens,Rutgers Scarlet Knights,0,SHI Stadium,open_air,Artificial,America/New_York,America/New_York,America/New_York
2021,2,3,401286189,2021-09-18,12:00,UConn Huskies,Army Black Knights,0,Michie Stadium,open_air,Artificial,America/New_York,America/New_York,America/New_York
2021,2,3,401286300,2021-09-18,15:30,Eastern Michigan Eagles,Massachusetts Minutemen,0,Warren McGuirk Alumni Stadium,open_air,Artificial,America/New_York,America/Detroit,America/New_York
2021,2,3,401287903,2021-09-18,19:00,Oklahoma State Cowboys,Boise State Broncos,0,Albertsons Stadium,open_air,Artificial,America/Boise,America/Chicago,America/Boise
2021,2,3,401287904,2021-09-18,14:30,Baylor Bears,Kansas Jayhawks,0,Memorial Stadium,open_air,Artificial,America/Chicago,America/Chicago,America/Chicago
2021,2,3,401287905,2021-09-18,13:00,Nevada Wolf Pack,Kansas State Wildcats,0,Bill Snyder Family Stadium,open_air,Artificial,America/Chicago,America/Los_Angeles,America/Chicago
2021,2,3,401287906,2021-09-18,19:30,Iowa State Cyclones,UNLV Rebels,0,Allegiant Stadium,fixed_roof,Artificial,America/Los_Angeles,America/Chicago,America/Los_Angeles
2021,2,3,401301005,2021-09-18,18:00,Grambling Tigers,Houston Cougars,0,TDECU Stadium,open_air,Artificial,America/Chicago,,America/Chicago
2021,2,3,401301006,2021-09-18,19:00,Florida A&M Rattlers,South Florida Bulls,0,Raymond James Stadium,open_air,Grass,America/New_York,,America/New_York
2021,2,3,401308843,2021-09-18,15:30,Long Island University Sharks,Miami (OH) RedHawks,0,Yager Stadium,open_air,Artificial,America/New_York,,America/New_York
2021,2,3,401309549,2021-09-18,14:00,Ball State Cardinals,Wyoming Cowboys,0,War Memorial Stadium,open_air,Artificial,America/Denver,America/Indiana/Indianapolis,America/Denver
2021,2,3,401309550,2021-09-18,15:30,Bryant Bulldogs,Akron Zips,0,InfoCision Stadium,open_air,Artificial,America/New_York,,America/New_York
2021,2,3,401309551,2021-09-18,17:00,Murray State Racers,Bowling Green Falcons,0,Doyt L. Perry Stadium,open_air,Artificial,America/New_York,,America/New_York
2021,2,3,401309552,2021-09-18,12:00,Coastal Carolina Chanticleers,Buffalo Bulls,0,UB Stadium,open_air,Artificial,America/New_York,America/New_York,America/New_York
2021,2,3,401309553,2021-09-18,16:00,Colorado State Rams,Toledo Rockets,0,Glass Bowl,open_air,Artificial,America/New_York,America/Denver,America/New_York
2021,2,3,401309604,2021-09-18,15:30,Elon Phoenix,App State Mountaineers,0,Kidd Brewer Stadium,open_air,Artificial,America/New_York,,America/New_York
2021,2,3,401309605,2021-09-18,13:15,Arkansas State Red Wolves,Washington Huskies,0,Husky Stadium,open_air,Artificial,America/Los_Angeles,America/Chicago,America/Los_Angeles
2021,2,3,401309607,2021-09-18,19:00,Jackson State Tigers,UL Monroe Warhawks,0,Malone Stadium,open_air,Artificial,America/Chicago,,America/Chicago
2021,2,3,401309608,2021-09-18,19:00,Alcorn State Braves,South Alabama Jaguars,0,Hancock Whitney Stadium,open_air,Artificial,America/Chicago,,America/Chicago
2021,2,3,401309609,2021-09-18,18:00,Incarnate Word Cardinals,Texas State Bobcats,0,Bobcat Stadium (TX),open_air,Artificial,America/Chicago,,America/Chicago
2021,2,3,401309849,2021-09-18,13:00,Sacramento State Hornets,California Golden Bears,0,California Memorial Stadium,open_air,Artificial,America/Los_Angeles,America/Los_Angeles,America/Los_Angeles
2021,2,3,401309850,2021-09-18,16:30,Stony Brook Seawolves,Oregon Ducks,0,Autzen Stadium,open_air,Artificial,America/Los_Angeles,,America/Los_Angeles
2021,2,3,401309851,2021-09-18,12:30,Idaho Vandals,Oregon State Beavers,0,Reser Stadium,open_air,Artificial,America/Los_Angeles,,America/Los_Angeles
2021,2,3,401309852,2021-09-18,12:30,USC Trojans,Washington State Cougars,0,Gesa Field,open_air,Artificial,America/Los_Angeles,America/Los_Angeles,America/Los_Angeles
2021,2,3,401309853,2021-09-18,19:00,Northern Arizona Lumberjacks,Arizona Wildcats,0,Arizona Stadium,open_air,Artificial,America/Phoenix,,America/Phoenix
2021,2,3,401309854,2021-09-18,20:15,Arizona State Sun Devils,BYU Cougars,0,LaVell Edwards Stadium,open_air,Grass,America/Denver,America/Phoenix,America/Denver
2021,2,3,401309855,2021-09-18,19:45,Fresno State Bulldogs,UCLA Bruins,0,Rose Bowl,open_air,Grass,America/Los_Angeles,America/Los_Angeles,America/Los_Angeles
2021,2,3,401309856,2021-09-18,16:00,Utah Utes,San Diego State Aztecs,0,Snapdragon Stadium,open_air,Grass,America/Los_Angeles,America/Denver,America/Los_Angeles
2021,2,3,401310704,2021-09-18,17:30,Utah State Aggies,Air Force Falcons,0,Falcon Stadium,open_air,Artificial,America/Denver,America/Denver,America/Denver
2021,2,3,401310705,2021-09-18,18:30,San José State Spartans,Hawai'i Rainbow Warriors,0,Clarence T.C. Ching Athletics Complex,open_air,Grass,Pacific/Honolulu,America/Los_Angeles,Pacific/Honolulu
2021,2,3,401319455,2021-09-18,18:00,South Carolina State Bulldogs,New Mexico State Aggies,0,Aggie Memorial Stadium,open_air,Artificial,America/Denver,,America/Denver
2021,2,4,401282208,2021-09-23,19:30,Marshall Thundering Herd,App State Mountaineers,0,Kidd Brewer Stadium,open_air,Artificial,America/New_York,America/New_York,America/New_York
2021,2,4,401282204,2021-09-24,18:30,Middle Tennessee Blue Raiders,Charlotte 49ers,0,Jerry Richardson Stadium,open_air,Artificial,America/New_York,America/Chicago,America/New_York
2021,2,4,401282637,2021-09-24,20:00,Liberty Flames,Syracuse Orange,0,JMA Wireless Dome,dome,Artificial,America/New_York,America/New_York,America/New_York
2021,2,4,401282638,2021-09-24,19:00,Wake Forest Demon Deacons,Virginia Cavaliers,0,Scott Stadium,open_air,Grass,America/New_York,America/New_York,America/New_York
2021,2,4,401310707,2021-09-24,19:00,UNLV Rebels,Fresno State Bulldogs,0,Valley Children's Stadium,open_air,Artificial,America/Los_Angeles,America/Los_Angeles,America/Los_Angeles
2021,2,4,401282081,2021-09-25,18:30,Southern Miss Golden Eagles,Alabama Crimson Tide,0,Bryant-Denny Stadium,open_air,Grass,America/Chicago,America/Chicago,America/Chicago
2021,2,4,401282082,2021-09-25,19:30,Texas A&M Aggies,Arkansas Razorbacks,1,AT&T Stadium,,,America/Chicago,America/Chicago,
2021,2,4,401282083,2021-09-25,15:00,Georgia State Panthers,Auburn Tigers,0,Jordan-Hare Stadium,open_air,Grass,America/Chicago,America/New_York,America/Chicago
2021,2,4,401282084,2021-09-25,19:00,Tennessee Volunteers,Florida Gators,0,Ben Hill Griffin Stadium,open_air,Grass,America/New_York,America/New_York,America/New_York
2021,2,4,401282085,2021-09-25,11:00,LSU Tigers,Mississippi State Bulldogs,0,Davis Wade Stadium,open_air,Grass,America/Chicago,America/Chicago,America/Chicago
2021,2,4,401282086,2021-09-25,12:00,Missouri Tigers,Boston College Eagles,0,"Alumni Stadium (Chestnut Hill, MA)",open_air,Artificial,America/New_York,America/Chicago,America/New_York
2021,2,4,401282087,2021-09-25,19:00,Kentucky Wildcats,South Carolina Gamecocks,0,Williams-Brice Stadium,open_air,Grass,America/New_York,America/New_York,America/New_York
2021,2,4,401282088,2021-09-25,11:00,Georgia Bulldogs,Vanderbilt Commodores,0,FirstBank Stadium,open_air,Artificial,America/Chicago,America/New_York,America/Chicago
2021,2,4,401282205,2021-09-25,18:00,North Texas Mean Green,Louisiana Tech Bulldogs,0,Joe Aillet Stadium,open_air,Artificial,America/Chicago,America/Chicago,America/Chicago
2021,2,4,401282206,2021-09-25,12:00,Florida International Panthers,Central Michigan Chippewas,0,Kelly/Shorts Stadium,open_air,Artificial,America/Detroit,America/New_York,America/Detroit
2021,2,4,401282207,2021-09-25,18:00,Florida Atlantic Owls,Air Force Falcons,0,Falcon Stadium,open_air,Artificial,America/Denver,America/New_York,America/Denver
2021,2,4,401282209,2021-09-25,18:00,Buffalo Bulls,Old Dominion Monarchs,0,S.B. Ballard Stadium,open_air,Artificial,America/New_York,America/New_York,America/New_York
2021,2,4,401282210,2021-09-25,17:30,Texas Southern Tigers,Rice Owls,0,Rice Stadium,open_air,Artificial,America/Chicago,,America/Chicago
2021,2,4,401282211,2021-09-25,19:00,UAB Blazers,Tulane Green Wave,0,Yulman Stadium,open_air,Artificial,America/Chicago,America/Chicago,America/Chicago
2021,2,4,401282212,2021-09-25,19:00,New Mexico Lobos,UTEP Miners,0,Sun Bowl,open_air,Artificial,America/Denver,America/Denver,America/Denver
2021,2,4,401282213,2021-09-25,14:35,UTSA Roadrunners,Memphis Tigers,0,Simmons Bank Liberty Stadium,open_air,Artificial,America/Chicago,America/Chicago,America/Chicago
2021,2,4,401282214,2021-09-25,19:00,Indiana Hoosiers,Western Kentucky Hilltoppers,0,Houchens Industries-L.T. Smith Stadium,open_air,Artificial,America/Chicago,America/Indiana/Indianapolis,America/Chicago
2021,2,4,401282639,2021-09-25,16:00,Kansas Jayhawks,Duke Blue Devils,0,Wallace Wade Stadium,open_air,Grass,America/New_York,America/Chicago,America/New_York
2021,2,4,401282640,2021-09-25,15:35,Louisville Cardinals,Florida State Seminoles,0,Doak Campbell Stadium,open_air,Grass,America/New_York,America/Kentucky/Louisville,America/New_York
2021,2,4,401282641,2021-09-25,23:30,North Carolina Tar Heels,Georgia Tech Yellow Jackets,1,Mercedes-Benz Stadium,,,America/New_York,America/New_York,
2021,2,4,401282642,2021-09-25,12:30,Central Connecticut Blue Devils,Miami Hurricanes,0,Hard Rock Stadium,open_air,Artificial,America/New_York,,America/New_York
2021,2,4,401282643,2021-09-25,15:35,Clemson Tigers,NC State Wolfpack,0,Carter-Finley Stadium,open_air,Grass,America/New_York,America/New_York,America/New_York
2021,2,4,401282644,2021-09-25,12:00,New Hampshire Wildcats,Pittsburgh Panthers,0,Acrisure Stadium,open_air,Grass,America/New_York,,America/New_York
2021,2,4,401282645,2021-09-25,12:00,Richmond Spiders,Virginia Tech Hokies,0,Lane Stadium,open_air,Grass,America/New_York,,America/New_York
2021,2,4,401282707,2021-09-25,16:00,Notre Dame Fighting Irish,Wisconsin Badgers,1,Soldier Field,,,America/Chicago,America/Indiana/Indianapolis,
2021,2,4,401282716,2021-09-25,15:30,Illinois Fighting Illini,Purdue Boilermakers,0,Ross-Ade Stadium,open_air,Grass,America/Indiana/Indianapolis,America/Chicago,America/Indiana/Indianapolis
2021,2,4,401282756,2021-09-25,14:30,Colorado State Rams,Iowa Hawkeyes,0,Kinnick Stadium,open_air,Artificial,America/Chicago,America/Denver,America/Chicago
2021,2,4,401282765,2021-09-25,15:30,Kent State Golden Flashes,Maryland Terrapins,0,SECU Stadium,open_air,Artificial,America/New_York,America/New_York,America/New_York
2021,2,4,401282775,2021-09-25,15:41,Rutgers Scarlet Knights,Michigan Wolverines,0,Michigan Stadium,open_air,Artificial,America/Detroit,America/New_York,America/Detroit
2021,2,4,401282784,2021-09-25,19:00,Nebraska Cornhuskers,Michigan State Spartans,0,Spartan Stadium,open_air,Grass,America/Detroit,America/Chicago,America/Detroit
2021,2,4,401282792,2021-09-25,11:00,Bowling Green Falcons,Minnesota Golden Gophers,0,Huntington Bank Stadium,open_air,Artificial,America/Chicago,America/New_York,America/Chicago
2021,2,4,401282805,2021-09-25,11:00,Ohio Bobcats,Northwestern Wildcats,0,Ryan Field,open_air,Grass,America/Chicago,America/New_York,America/Chicago
2021,2,4,401282811,2021-09-25,19:30,Akron Zips,Ohio State Buckeyes,0,Ohio Stadium,open_air,Artificial,America/New_York,America/New_York,America/New_York
2021,2,4,401282817,2021-09-25,12:00,Villanova Wildcats,Penn State Nittany Lions,0,Beaver Stadium,open_air,Grass,America/New_York,,America/New_York
2021,2,4,401286190,2021-09-25,15:30,Wyoming Cowboys,UConn Huskies,0,Pratt & Whitney Stadium,open_air,Grass,America/New_York,America/Denver,America/New_York
2021,2,4,401286301,2021-09-25,13:00,Massachusetts Minutemen,Coastal Carolina Chanticleers,0,Brooks Stadium (SC),open_air,Artificial,America/New_York,America/New_York,America/New_York
2021,2,4,401287907,2021-09-25,14:30,Iowa State Cyclones,Baylor Bears,0,McLane Stadium,open_air,Artificial,America/Chicago,America/Chicago,America/Chicago
2021,2,4,401287908,2021-09-25,18:30,West Virginia Mountaineers,Oklahoma Sooners,0,"Memorial Stadium (Norman, OK)",open_air,Grass,America/Chicago,America/New_York,America/Chicago
2021,2,4,401287909,2021-09-25,18:00,Kansas State Wildcats,Oklahoma State Cowboys,0,Boone Pickens Stadium,open_air,Artificial,America/Chicago,America/Chicago,America/Chicago
2021,2,4,401287910,2021-09-25,11:00,SMU Mustangs,TCU Horned Frogs,0,Amon G. Carter Stadium,open_air,Grass,America/Chicago,America/Chicago,America/Chicago
2021,2,4,401287911,2021-09-25,11:00,Texas Tech Red Raiders,Texas Longhorns,0,DKR-Texas Memorial Stadium,open_air,Artificial,America/Chicago,America/Chicago,America/Chicago
2021,2,4,401301007,2021-09-25,18:00,Charleston Southern Buccaneers,East Carolina Pirates,0,Dowdy-Ficklen Stadium,open_air,Grass,America/New_York,,America/New_York
2021,2,4,401301008,2021-09-25,18:00,Navy Midshipmen,Houston Cougars,0,TDECU Stadium,open_air,Artificial,America/Chicago,America/New_York,America/Chicago
2021,2,4,401301009,2021-09-25,20:15,South Florida Bulls,BYU Cougars,0,LaVell Edwards Stadium,open_air,Grass,America/Denver,America/New_York,America/Denver
2021,2,4,401301010,2021-09-25,12:00,Wagner Seahawks,Temple Owls,0,Lincoln Financial Field,open_air,Artificial,America/New_York,,America/New_York
2021,2,4,401301011,2021-09-25,16:00,Arkansas State Red Wolves,Tulsa Golden Hurricane,0,Chapman Stadium,open_air,Artificial,America/Chicago,America/Chicago,America/Chicago
2021,2,4,401308834,2021-09-25,12:00,Miami (OH) RedHawks,Army Black Knights,0,Michie Stadium,open_air,Artificial,America/New_York,America/New_York,America/New_York
2021,2,4,401309554,2021-09-25,14:00,San José State Spartans,Western Michigan Broncos,0,Waldo Stadium,open_air,Artificial,America/Detroit,America/Los_Angeles,America/Detroit
2021,2,4,401309555,2021-09-25,14:00,Toledo Rockets,Ball State Cardinals,0,Scheumann Stadium,open_air,Artificial,America/Indiana/Indianapolis,America/New_York,America/Indiana/Indianapolis
2021,2,4,401309556,2021-09-25,13:30,Maine Black Bears,Northern Illinois Huskies,0,Huskie Stadium,open_air,Artificial,America/Chicago,,America/Chicago
2021,2,4,401309557,2021-09-25,14:00,Texas State Bobcats,Eastern Michigan Eagles,0,Rynearson Stadium,open_air,Artificial,America/Detroit,America/Chicago,America/Detroit
2021,2,4,401309610,2021-09-25,18:00,Louisiana Ragin' Cajuns,Georgia Southern Eagles,0,Allen E. Paulson Stadium,open_air,Artificial,America/New_York,America/Chicago,America/New_York
2021,2,4,401309611,2021-09-25,19:00,Troy Trojans,UL Monroe Warhawks,0,Malone Stadium,open_air,Artificial,America/Chicago,America/Chicago,America/Chicago
2021,2,4,401309857,2021-09-25,18:30,California Golden Bears,Washington Huskies,0,Husky Stadium,open_air,Artificial,America/Los_Angeles,America/Los_Angeles,America/Los_Angeles
2021,2,4,401309858,2021-09-25,15:00,UCLA Bruins,Stanford Cardinal,0,Stanford Stadium,open_air,Grass,America/Los_Angeles,America/Los_Angeles,America/Los_Angeles
2021,2,4,401309859,2021-09-25,19:30,Arizona Wildcats,Oregon Ducks,0,Autzen Stadium,open_air,Artificial,America/Los_Angeles,America/Phoenix,America/Los_Angeles
2021,2,4,401309860,2021-09-25,19:30,Oregon State Beavers,USC Trojans,0,Los Angeles Memorial Coliseum,open_air,Grass,America/Los_Angeles,America/Los_Angeles,America/Los_Angeles
2021,2,4,401309861,2021-09-25,12:30,Washington State Cougars,Utah Utes,0,Rice-Eccles Stadium,open_air,Artificial,America/Denver,America/Los_Angeles,America/Denver
2021,2,4,401309862,2021-09-25,19:30,Colorado Buffaloes,Arizona State Sun Devils,0,Mountain America Stadium,open_air,Grass,America/Phoenix,America/Denver,America/Phoenix
2021,2,4,401310706,2021-09-25,10:00,Boise State Broncos,Utah State Aggies,0,Maverik Stadium,open_air,Artificial,America/Denver,America/Boise,America/Denver
2021,2,4,401310708,2021-09-25,18:00,Hawai'i Rainbow Warriors,New Mexico State Aggies,0,Aggie Memorial Stadium,open_air,Artificial,America/Denver,Pacific/Honolulu,America/Denver
2021,2,4,401310709,2021-09-25,12:30,Towson Tigers,San Diego State Aztecs,0,Snapdragon Stadium,open_air,Grass,America/Los_Angeles,,America/Los_Angeles
2021,2,5,401282646,2021-09-30,19:30,Virginia Cavaliers,Miami Hurricanes,0,Hard Rock Stadium,open_air,Artificial,America/New_York,America/New_York,America/New_York
2021,2,5,401282759,2021-10-01,20:00,Iowa Hawkeyes,Maryland Terrapins,0,SECU Stadium,open_air,Artificial,America/New_York,America/Chicago,America/New_York
2021,2,5,401301012,2021-10-01,18:30,Houston Cougars,Tulsa Golden Hurricane,0,Chapman Stadium,open_air,Artificial,America/Chicago,America/Chicago,America/Chicago
2021,2,5,401309912,2021-10-01,19:00,BYU Cougars,Utah State Aggies,0,Maverik Stadium,open_air,Artificial,America/Denver,America/Denver,America/Denver
2021,2,5,401282089,2021-10-02,14:30,Ole Miss Rebels,Alabama Crimson Tide,0,Bryant-Denny Stadium,open_air,Grass,America/Chicago,America/Chicago,America/Chicago
2021,2,5,401282090,2021-10-02,12:00,Arkansas Razorbacks,Georgia Bulldogs,0,Sanford Stadium,open_air,Grass,America/New_York,America/Chicago,America/New_York
2021,2,5,401282091,2021-10-02,18:00,Florida Gators,Kentucky Wildcats,0,Kroger Field,open_air,Artificial,America/New_York,America/New_York,America/New_York
2021,2,5,401282092,2021-10-02,20:00,Auburn Tigers,LSU Tigers,0,Tiger Stadium (LA),open_air,Grass,America/Chicago,America/Chicago,America/Chicago
2021,2,5,401282093,2021-10-02,11:00,Tennessee Volunteers,Missouri Tigers,0,Memorial Stadium,open_air,Artificial,America/Chicago,America/New_York,America/Chicago
2021,2,5,401282094,2021-10-02,15:30,Troy Trojans,South Carolina Gamecocks,0,Williams-Brice Stadium,open_air,Grass,America/New_York,America/Chicago,America/New_York
2021,2,5,401282095,2021-10-02,18:00,Mississippi State Bulldogs,Texas A&M Aggies,0,Kyle Field,open_air,Grass,America/Chicago,America/Chicago,America/Chicago
2021,2,5,401282096,2021-10-02,18:30,UConn Huskies,Vanderbilt Commodores,0,FirstBank Stadium,open_air,Artificial,America/Chicago,America/New_York,America/Chicago
2021,2,5,401282215,2021-10-02,15:30,Florida International Panthers,Florida Atlantic Owls,0,FAU Stadium,open_air,Artificial,America/New_York,America/New_York,America/New_York
2021,2,5,401282216,2021-10-02,18:00,Marshall Thundering Herd,Middle Tennessee Blue Raiders,0,"Johnny ""Red"" Floyd Stadium",open_air,Artificial,America/Chicago,America/New_York,America/Chicago
2021,2,5,401282217,2021-10-02,19:00,Old Dominion Monarchs,UTEP Miners,0,Sun Bowl,open_air,Artificial,America/Denver,America/New_York,America/Denver
2021,2,5,401282218,2021-10-02,17:30,Southern Miss Golden Eagles,Rice Owls,0,Rice Stadium,open_air,Artificial,America/Chicago,America/Chicago,America/Chicago
2021,2,5,401282219,2021-10-02,11:00,Charlotte 49ers,Illinois Fighting Illini,0,"Memorial Stadium (Champaign, IL)",open_air,Artificial,America/Chicago,America/New_York,America/Chicago
2021,2,5,401282220,2021-10-02,18:00,Louisiana Tech Bulldogs,NC State Wolfpack,0,Carter-Finley Stadium,open_air,Grass,America/New_York,America/Chicago,America/New_York
2021,2,5,401282221,2021-10-02,18:00,Liberty Flames,UAB Blazers,0,Protective Stadium,open_air,Artificial,America/Chicago,America/New_York,America/Chicago
2021,2,5,401282222,2021-10-02,17:00,UNLV Rebels,UTSA Roadrunners,0,Alamodome,dome,Artificial,America/Chicago,America/Los_Angeles,America/Chicago
2021,2,5,401282223,2021-10-02,19:30,Western Kentucky Hilltoppers,Michigan State Spartans,0,Spartan Stadium,open_air,Grass,America/Detroit,America/Chicago,America/Detroit
2021,2,5,401282647,2021-10-02,19:30,Boston College Eagles,Clemson Tigers,0,"Memorial Stadium (Clemson, SC)",open_air,Grass,America/New_York,America/New_York,America/New_York
2021,2,5,401282648,2021-10-02,15:30,Syracuse Orange,Florida State Seminoles,0,Doak Campbell Stadium,open_air,Grass,America/New_York,America/New_York,America/New_York
2021,2,5,401282649,2021-10-02,12:00,Pittsburgh Panthers,Georgia Tech Yellow Jackets,0,Bobby Dodd Stadium,open_air,Artificial,America/New_York,America/New_York,America/New_York
2021,2,5,401282650,2021-10-02,12:00,Duke Blue Devils,North Carolina Tar Heels,0,Kenan Stadium,open_air,Artificial,America/New_York,America/New_York,America/New_York
2021,2,5,401282651,2021-10-02,12:30,Louisville Cardinals,Wake Forest Demon Deacons,0,Allegacy Federal Credit Union Stadium,open_air,Artificial,America/New_York,America/Kentucky/Louisville,America/New_York
2021,2,5,401282708,2021-10-02,14:30,Cincinnati Bearcats,Notre Dame Fighting Irish,0,Notre Dame Stadium,open_air,Artificial,America/Indiana/Indianapolis,America/New_York,America/Indiana/Indianapolis
2021,2,5,401282729,2021-10-02,19:30,Indiana Hoosiers,Penn State Nittany Lions,0,Beaver Stadium,open_air,Grass,America/New_York,America/Indiana/Indianapolis,America/New_York
2021,2,5,401282776,2021-10-02,11:00,Michigan Wolverines,Wisconsin Badgers,0,Camp Randall Stadium,open_air,Artificial,America/Chicago,America/Detroit,America/Chicago
2021,2,5,401282793,2021-10-02,12:00,Minnesota Golden Gophers,Purdue Boilermakers,0,Ross-Ade Stadium,open_air,Grass,America/Indiana/Indianapolis,America/Chicago,America/Indiana/Indianapolis
2021,2,5,401282800,2021-10-02,18:30,Northwestern Wildcats,Nebraska Cornhuskers,0,"Memorial Stadium (Lincoln, NE)",open_air,Artificial,America/Chicago,America/Chicago,America/Chicago
2021,2,5,401282813,2021-10-02,15:30,Ohio State Buckeyes,Rutgers Scarlet Knights,0,SHI Stadium,open_air,Artificial,America/New_York,America/New_York,America/New_York
2021,2,5,401286302,2021-10-02,12:00,Toledo Rockets,Massachusetts Minutemen,0,Warren McGuirk Alumni Stadium,open_air,Artificial,America/New_York,America/New_York,America/New_York
2021,2,5,401287912,2021-10-02,18:00,Kansas Jayhawks,Iowa State Cyclones,0,Jack Trice Stadium,open_air,Grass,America/Chicago,America/Chicago,America/Chicago
2021,2,5,401287913,2021-10-02,14:30,Oklahoma Sooners,Kansas State Wildcats,0,Bill Snyder Family Stadium,open_air,Artificial,America/Chicago,America/Chicago,America/Chicago
2021,2,5,401287914,2021-10-02,18:00,Baylor Bears,Oklahoma State Cowboys,0,Boone Pickens Stadium,open_air,Artificial,America/Chicago,America/Chicago,America/Chicago
2021,2,5,401287915,2021-10-02,11:00,Texas Longhorns,TCU Horned Frogs,0,Amon G. Carter Stadium,open_air,Grass,America/Chicago,America/Chicago,America/Chicago
2021,2,5,401287916,2021-10-02,15:30,Texas Tech Red Raiders,West Virginia Mountaineers,0,Milan Puskar Stadium,open_air,Artificial,America/New_York,America/Chicago,America/New_York
2021,2,5,401301013,2021-10-02,15:30,UCF Knights,Navy Midshipmen,0,Navy-Marine Corps Memorial Stadium,open_air,Artificial,America/New_York,America/New_York,America/New_York
2021,2,5,401301014,2021-10-02,15:30,Tulane Green Wave,East Carolina Pirates,0,Dowdy-Ficklen Stadium,open_air,Grass,America/New_York,America/Chicago,America/New_York
2021,2,5,401301015,2021-10-02,12:00,Memphis Tigers,Temple Owls,0,Lincoln Financial Field,open_air,Artificial,America/New_York,America/Chicago,America/New_York
2021,2,5,401301016,2021-10-02,15:00,South Florida Bulls,SMU Mustangs,0,Gerald J. Ford Stadium,open_air,Artificial,America/Chicago,America/New_York,America/Chicago
2021,2,5,401308835,2021-10-02,15:30,Central Michigan Chippewas,Miami (OH) RedHawks,0,Yager Stadium,open_air,Artificial,America/New_York,America/Detroit,America/New_York
2021,2,5,401309558,2021-10-02,13:30,Eastern Michigan Eagles,Northern Illinois Huskies,0,Huskie Stadium,open_air,Artificial,America/Chicago,America/Detroit,America/Chicago
2021,2,5,401309559,2021-10-02,17:00,Army Black Knights,Ball State Cardinals,0,Scheumann Stadium,open_air,Artificial,America/Indiana/Indianapolis,America/New_York,America/Indiana/Indianapolis
2021,2,5,401309560,2021-10-02,15:30,Ohio Bobcats,Akron Zips,0,InfoCision Stadium,open_air,Artificial,America/New_York,America/New_York,America/New_York
2021,2,5,401309561,2021-10-02,12:00,Western Michigan Broncos,Buffalo Bulls,0,UB Stadium,open_air,Artificial,America/New_York,America/Detroit,America/New_York
2021,2,5,401309562,2021-10-02,15:30,Bowling Green Falcons,Kent State Golden Flashes,0,Dix Stadium,open_air,Artificial,America/New_York,America/New_York,America/New_York
2021,2,5,401309612,2021-10-02,14:00,App State Mountaineers,Georgia State Panthers,0,Center Parc Stadium,open_air,Artificial,America/New_York,America/New_York,America/New_York
2021,2,5,401309613,2021-10-02,16:00,Arkansas State Red Wolves,Georgia Southern Eagles,0,Allen E. Paulson Stadium,open_air,Artificial,America/New_York,America/Chicago,America/New_York
2021,2,5,401309614,2021-10-02,14:30,UL Monroe Warhawks,Coastal Carolina Chanticleers,0,Brooks Stadium (SC),open_air,Artificial,America/New_York,America/Chicago,America/New_York
2021,2,5,401309615,2021-10-02,19:00,Louisiana Ragin' Cajuns,South Alabama Jaguars,0,Hancock Whitney Stadium,open_air,Artificial,America/Chicago,America/Chicago,America/Chicago
2021,2,5,401309863,2021-10-02,14:30,Washington State Cougars,California Golden Bears,0,California Memorial Stadium,open_air,Artificial,America/Los_Angeles,America/Los_Angeles,America/Los_Angeles
2021,2,5,401309864,2021-10-02,12:30,Oregon Ducks,Stanford Cardinal,0,Stanford Stadium,open_air,Grass,America/Los_Angeles,America/Los_Angeles,America/Los_Angeles
2021,2,5,401309865,2021-10-02,18:00,Washington Huskies,Oregon State Beavers,0,Reser Stadium,open_air,Artificial,America/Los_Angeles,America/Los_Angeles,America/Los_Angeles
2021,2,5,401309866,2021-10-02,19:30,Arizona State Sun Devils,UCLA Bruins,0,Rose Bowl,open_air,Grass,America/Los_Angeles,America/Phoenix,America/Los_Angeles
2021,2,5,401309867,2021-10-02,12:00,USC Trojans,Colorado Buffaloes,0,Folsom Field,open_air,Grass,America/Denver,America/Los_Angeles,America/Denver
2021,2,5,401310710,2021-10-02,16:30,Air Force Falcons,New Mexico Lobos,0,University Stadium (NM),open_air,Artificial,America/Denver,America/Denver,America/Denver
2021,2,5,401310711,2021-10-02,13:30,Nevada Wolf Pack,Boise State Broncos,0,Albertsons Stadium,open_air,Artificial,America/Boise,America/Los_Angeles,America/Boise
2021,2,5,401310712,2021-10-02,17:00,Fresno State Bulldogs,Hawai'i Rainbow Warriors,0,Clarence T.C. Ching Athletics Complex,open_air,Grass,Pacific/Honolulu,America/Los_Angeles,Pacific/Honolulu
2021,2,5,401310713,2021-10-02,19:30,New Mexico State Aggies,San José State Spartans,0,CEFCU Stadium,open_air,Artificial,America/Los_Angeles,America/Denver,America/Los_Angeles
2021,2,6,401301017,2021-10-07,18:30,Houston Cougars,Tulane Green Wave,0,Yulman Stadium,open_air,Artificial,America/Chicago,America/Chicago,America/Chicago
2021,2,6,401309616,2021-10-07,18:30,Coastal Carolina Chanticleers,Arkansas State Red Wolves,0,Centennial Bank Stadium,open_air,Artificial,America/Chicago,America/New_York,America/Chicago
2021,2,6,401282224,2021-10-08,19:00,Charlotte 49ers,Florida International Panthers,0,FIU Stadium,open_air,Artificial,America/New_York,America/New_York,America/New_York
2021,2,6,401301018,2021-10-08,19:00,Temple Owls,Cincinnati Bearcats,0,Nippert Stadium,open_air,Artificial,America/New_York,America/New_York,America/New_York
2021,2,6,401309868,2021-10-08,19:30,Stanford Cardinal,Arizona State Sun Devils,0,Mountain America Stadium,open_air,Grass,America/Phoenix,America/Los_Angeles,America/Phoenix
2021,2,6,401282097,2021-10-09,14:30,Georgia Bulldogs,Auburn Tigers,0,Jordan-Hare Stadium,open_air,Grass,America/Chicago,America/New_York,America/Chicago
2021,2,6,401282098,2021-10-09,12:00,Vanderbilt Commodores,Florida Gators,0,Ben Hill Griffin Stadium,open_air,Grass,America/New_York,America/Chicago,America/New_York
2021,2,6,401282099,2021-10-09,19:30,LSU Tigers,Kentucky Wildcats,0,Kroger Field,open_air,Artificial,America/New_York,America/Chicago,America/New_York
2021,2,6,401282100,2021-10-09,11:00,Arkansas Razorbacks,Ole Miss Rebels,0,Vaught-Hemingway Stadium,open_air,Grass,America/Chicago,America/Chicago,America/Chicago
2021,2,6,401282101,2021-10-09,15:00,North Texas Mean Green,Missouri Tigers,0,Memorial Stadium,open_air,Artificial,America/Chicago,America/Chicago,America/Chicago
2021,2,6,401282102,2021-10-09,12:00,South Carolina Gamecocks,Tennessee Volunteers,0,Neyland Stadium,open_air,Grass,America/New_York,America/New_York,America/New_York
2021,2,6,401282103,2021-10-09,19:00,Alabama Crimson Tide,Texas A&M Aggies,0,Kyle Field,open_air,Grass,America/Chicago,America/Chicago,America/Chicago
2021,2,6,401282225,2021-10-09,14:30,Florida Atlantic Owls,UAB Blazers,0,Protective Stadium,open_air,Artificial,America/Chicago,America/New_York,America/Chicago
2021,2,6,401282226,2021-10-09,14:00,Old Dominion Monarchs,Marshall Thundering Herd,0,Joan C. Edwards Stadium,open_air,Artificial,America/New_York,America/New_York,America/New_York
2021,2,6,401282227,2021-10-09,18:00,UTEP Miners,Southern Miss Golden Eagles,0,M. M. Roberts Stadium,open_air,Artificial,America/Chicago,America/Denver,America/Chicago
2021,2,6,401282228,2021-10-09,18:00,UTSA Roadrunners,Western Kentucky Hilltoppers,0,Houchens Industries-L.T. Smith Stadium,open_air,Artificial,America/Chicago,America/Chicago,America/Chicago
2021,2,6,401282229,2021-10-09,15:30,Middle Tennessee Blue Raiders,Liberty Flames,0,Williams Stadium (VA),open_air,Artificial,America/New_York,America/Chicago,America/New_York
2021,2,6,401282652,2021-10-09,12:30,Georgia Tech Yellow Jackets,Duke Blue Devils,0,Wallace Wade Stadium,open_air,Grass,America/New_York,America/New_York,America/New_York
2021,2,6,401282653,2021-10-09,15:00,Virginia Cavaliers,Louisville Cardinals,0,L&N Federal Credit Union Stadium,open_air,Artificial,America/Kentucky/Louisville,America/New_York,America/Kentucky/Louisville
2021,2,6,401282654,2021-10-09,15:30,Florida State Seminoles,North Carolina Tar Heels,0,Kenan Stadium,open_air,Artificial,America/New_York,America/New_York,America/New_York
2021,2,6,401282655,2021-10-09,15:30,Wake Forest Demon Deacons,Syracuse Orange,0,JMA Wireless Dome,dome,Artificial,America/New_York,America/New_York,America/New_York
2021,2,6,401282656,2021-10-09,19:30,Notre Dame Fighting Irish,Virginia Tech Hokies,0,Lane Stadium,open_air,Grass,America/New_York,America/Indiana/Indianapolis,America/New_York
2021,2,6,401282718,2021-10-09,14:30,Wisconsin Badgers,Illinois Fighting Illini,0,"Memorial Stadium (Champaign, IL)",open_air,Artificial,America/Chicago,America/Chicago,America/Chicago
2021,2,6,401282758,2021-10-09,15:00,Penn State Nittany Lions,Iowa Hawkeyes,0,Kinnick Stadium,open_air,Artificial,America/Chicago,America/New_York,America/Chicago
2021,2,6,401282769,2021-10-09,12:00,Maryland Terrapins,Ohio State Buckeyes,0,Ohio Stadium,open_air,Artificial,America/New_York,America/New_York,America/New_York
2021,2,6,401282778,2021-10-09,18:30,Michigan Wolverines,Nebraska Cornhuskers,0,"Memorial Stadium (Lincoln, NE)",open_air,Artificial,America/Chicago,America/Detroit,America/Chicago
2021,2,6,401282788,2021-10-09,12:00,Michigan State Spartans,Rutgers Scarlet Knights,0,SHI Stadium,open_air,Artificial,America/New_York,America/Detroit,America/New_York
2021,2,6,401286191,2021-10-09,15:30,UConn Huskies,Massachusetts Minutemen,0,Warren McGuirk Alumni Stadium,open_air,Artificial,America/New_York,America/New_York,America/New_York
2021,2,6,401287917,2021-10-09,11:00,West Virginia Mountaineers,Baylor Bears,0,McLane Stadium,open_air,Artificial,America/Chicago,America/New_York,America/Chicago
2021,2,6,401287918,2021-10-09,16:00,Oklahoma Sooners,Texas Longhorns,1,Cotton Bowl,,,America/Chicago,America/Chicago,
2021,2,6,401287919,2021-10-09,18:00,TCU Horned Frogs,Texas Tech Red Raiders,0,Jones AT&T Stadium,open_air,Artificial,America/Chicago,America/Chicago,America/Chicago
2021,2,6,401301019,2021-10-09,18:00,East Carolina Pirates,UCF Knights,0,FBC Mortgage Stadium,open_air,Grass,America/New_York,America/New_York,America/New_York
2021,2,6,401301020,2021-10-09,20:00,Memphis Tigers,Tulsa Golden Hurricane,0,Chapman Stadium,open_air,Artificial,America/Chicago,America/Chicago,America/Chicago
2021,2,6,401301021,2021-10-09,15:30,SMU Mustangs,Navy Midshipmen,0,Navy-Marine Corps Memorial Stadium,open_air,Artificial,America/New_York,America/Chicago,America/New_York
2021,2,6,401308836,2021-10-09,15:30,Miami (OH) RedHawks,Eastern Michigan Eagles,0,Rynearson Stadium,open_air,Artificial,America/Detroit,America/New_York,America/Detroit
2021,2,6,401309563,2021-10-09,15:30,Ball State Cardinals,Western Michigan Broncos,0,Waldo Stadium,open_air,Artificial,America/Detroit,America/Indiana/Indianapolis,America/Detroit
2021,2,6,401309564,2021-10-09,12:00,Northern Illinois Huskies,Toledo Rockets,0,Glass Bowl,open_air,Artificial,America/New_York,America/Chicago,America/New_York
2021,2,6,401309565,2021-10-09,19:00,Buffalo Bulls,Kent State Golden Flashes,0,Dix Stadium,open_air,Artificial,America/New_York,America/New_York,America/New_York
2021,2,6,401309566,2021-10-09,12:00,Akron Zips,Bowling Green Falcons,0,Doyt L. Perry Stadium,open_air,Artificial,America/New_York,America/New_York,America/New_York
2021,2,6,401309567,2021-10-09,15:30,Central Michigan Chippewas,Ohio Bobcats,0,Peden Stadium,open_air,Artificial,America/New_York,America/Detroit,America/New_York
2021,2,6,401309617,2021-10-09,18:00,Georgia Southern Eagles,Troy Trojans,0,Veterans Memorial Stadium (AL),open_air,Artificial,America/Chicago,America/New_York,America/Chicago
2021,2,6,401309618,2021-10-09,19:00,Georgia State Panthers,UL Monroe Warhawks,0,Malone Stadium,open_air,Artificial,America/Chicago,America/New_York,America/Chicago
2021,2,6,401309619,2021-10-09,18:00,South Alabama Jaguars,Texas State Bobcats,0,Bobcat Stadium (TX),open_air,Artificial,America/Chicago,America/Chicago,America/Chicago
2021,2,6,401309869,2021-10-09,13:00,Oregon State Beavers,Washington State Cougars,0,Gesa Field,open_air,Artificial,America/Los_Angeles,America/Los_Angeles,America/Los_Angeles
2021,2,6,401309870,2021-10-09,19:30,UCLA Bruins,Arizona Wildcats,0,Arizona Stadium,open_air,Artificial,America/Phoenix,America/Los_Angeles,America/Phoenix
2021,2,6,401309871,2021-10-09,17:00,Utah Utes,USC Trojans,0,Los Angeles Memorial Coliseum,open_air,Grass,America/Los_Angeles,America/Denver,America/Los_Angeles
2021,2,6,401309913,2021-10-09,13:30,Boise State Broncos,BYU Cougars,0,LaVell Edwards Stadium,open_air,Grass,America/Denver,America/Boise,America/Denver
2021,2,6,401310714,2021-10-09,17:00,Wyoming Cowboys,Air Force Falcons,0,Falcon Stadium,open_air,Artificial,America/Denver,America/Denver,America/Denver
2021,2,6,401310715,2021-10-09,13:30,San José State Spartans,Colorado State Rams,0,Canvas Stadium,open_air,Artificial,America/Denver,America/Los_Angeles,America/Denver
2021,2,6,401310716,2021-10-09,18:00,New Mexico Lobos,San Diego State Aztecs,0,Snapdragon Stadium,open_air,Grass,America/Los_Angeles,America/Denver,America/Los_Angeles
2021,2,6,401310717,2021-10-09,19:30,New Mexico State Aggies,Nevada Wolf Pack,0,Mackay Stadium,open_air,Artificial,America/Los_Angeles,America/Denver,America/Los_Angeles
2021,2,7,401309620,2021-10-12,18:30,App State Mountaineers,Louisiana Ragin' Cajuns,0,Cajun Field,open_air,Artificial,America/Chicago,America/New_York,America/Chicago
2021,2,7,401301022,2021-10-14,18:30,Navy Midshipmen,Memphis Tigers,0,Simmons Bank Liberty Stadium,open_air,Artificial,America/Chicago,America/New_York,America/Chicago
2021,2,7,401309621,2021-10-14,18:30,Georgia Southern Eagles,South Alabama Jaguars,0,Hancock Whitney Stadium,open_air,Artificial,America/Chicago,America/New_York,America/Chicago
2021,2,7,401282231,2021-10-15,18:00,Marshall Thundering Herd,North Texas Mean Green,0,DATCU Stadium,open_air,Artificial,America/Chicago,America/New_York,America/Chicago
2021,2,7,401282657,2021-10-15,19:00,Clemson Tigers,Syracuse Orange,0,JMA Wireless Dome,dome,Artificial,America/New_York,America/New_York,America/New_York
2021,2,7,401309872,2021-10-15,19:30,California Golden Bears,Oregon Ducks,0,Autzen Stadium,open_air,Artificial,America/Los_Angeles,America/Los_Angeles,America/Los_Angeles
2021,2,7,401310723,2021-10-15,19:30,San Diego State Aztecs,San José State Spartans,0,CEFCU Stadium,open_air,Artificial,America/Los_Angeles,America/Los_Angeles,America/Los_Angeles
2021,2,7,401282104,2021-10-16,11:00,Auburn Tigers,Arkansas Razorbacks,0,Razorback Stadium,open_air,Artificial,America/Chicago,America/Chicago,America/Chicago
2021,2,7,401282105,2021-10-16,15:30,Kentucky Wildcats,Georgia Bulldogs,0,Sanford Stadium,open_air,Grass,America/New_York,America/New_York,America/New_York
2021,2,7,401282106,2021-10-16,11:00,Florida Gators,LSU Tigers,0,Tiger Stadium (LA),open_air,Grass,America/Chicago,America/New_York,America/Chicago
2021,2,7,401282107,2021-10-16,18:00,Alabama Crimson Tide,Mississippi State Bulldogs,0,Davis Wade Stadium,open_air,Grass,America/Chicago,America/Chicago,America/Chicago
2021,2,7,401282108,2021-10-16,11:00,Texas A&M Aggies,Missouri Tigers,0,Memorial Stadium,open_air,Artificial,America/Chicago,America/Chicago,America/Chicago
2021,2,7,401282109,2021-10-16,16:00,Vanderbilt Commodores,South Carolina Gamecocks,0,Williams-Brice Stadium,open_air,Grass,America/New_York,America/Chicago,America/New_York
2021,2,7,401282110,2021-10-16,19:30,Ole Miss Rebels,Tennessee Volunteers,0,Neyland Stadium,open_air,Grass,America/New_York,America/Chicago,America/New_York
2021,2,7,401282230,2021-10-16,19:00,Louisiana Tech Bulldogs,UTEP Miners,0,Sun Bowl,open_air,Artificial,America/Denver,America/Chicago,America/Denver
2021,2,7,401282232,2021-10-16,15:30,Western Kentucky Hilltoppers,Old Dominion Monarchs,0,S.B. Ballard Stadium,open_air,Artificial,America/New_York,America/Chicago,America/New_York
2021,2,7,401282233,2021-10-16,17:00,Rice Owls,UTSA Roadrunners,0,Alamodome,dome,Artificial,America/Chicago,America/Chicago,America/Chicago
2021,2,7,401282234,2021-10-16,14:30,UAB Blazers,Southern Miss Golden Eagles,0,M. M. Roberts Stadium,open_air,Artificial,America/Chicago,America/Chicago,America/Chicago
2021,2,7,401282658,2021-10-16,19:30,NC State Wolfpack,Boston College Eagles,0,"Alumni Stadium (Chestnut Hill, MA)",open_air,Artificial,America/New_York,America/New_York,America/New_York
2021,2,7,401282659,2021-10-16,15:30,Miami Hurricanes,North Carolina Tar Heels,0,Kenan Stadium,open_air,Artificial,America/New_York,America/New_York,America/New_York
2021,2,7,401282660,2021-10-16,12:30,Duke Blue Devils,Virginia Cavaliers,0,Scott Stadium,open_air,Grass,America/New_York,America/New_York,America/New_York
2021,2,7,401282661,2021-10-16,15:30,Pittsburgh Panthers,Virginia Tech Hokies,0,Lane Stadium,open_air,Grass,America/New_York,America/New_York,America/New_York
2021,2,7,401282731,2021-10-16,12:00,Michigan State Spartans,Indiana Hoosiers,0,"Memorial Stadium (Bloomington, IN)",open_air,Artificial,America/Indiana/Indianapolis,America/Detroit,America/Indiana/Indianapolis
2021,2,7,401282760,2021-10-16,14:30,Purdue Boilermakers,Iowa Hawkeyes,0,Kinnick Stadium,open_air,Artificial,America/Chicago,America/Indiana/Indianapolis,America/Chicago
2021,2,7,401282796,2021-10-16,11:00,Nebraska Cornhuskers,Minnesota Golden Gophers,0,Huntington Bank Stadium,open_air,Artificial,America/Chicago,America/Chicago,America/Chicago
2021,2,7,401282807,2021-10-16,11:00,Rutgers Scarlet Knights,Northwestern Wildcats,0,Ryan Field,open_air,Grass,America/Chicago,America/New_York,America/Chicago
2021,2,7,401282826,2021-10-16,19:00,Army Black Knights,Wisconsin Badgers,0,Camp Randall Stadium,open_air,Artificial,America/Chicago,America/New_York,America/Chicago
2021,2,7,401286192,2021-10-16,12:00,Yale Bulldogs,UConn Huskies,0,Pratt & Whitney Stadium,open_air,Grass,America/New_York,,America/New_York
2021,2,7,401286296,2021-10-16,18:00,Liberty Flames,UL Monroe Warhawks,0,Malone Stadium,open_air,Artificial,America/Chicago,America/New_York,America/Chicago
2021,2,7,401287920,2021-10-16,14:40,BYU Cougars,Baylor Bears,0,McLane Stadium,open_air,Artificial,America/Chicago,America/Denver,America/Chicago
2021,2,7,401287921,2021-10-16,15:00,Texas Tech Red Raiders,Kansas Jayhawks,0,Memorial Stadium,open_air,Artificial,America/Chicago,America/Chicago,America/Chicago
2021,2,7,401287922,2021-10-16,18:30,Iowa State Cyclones,Kansas State Wildcats,0,Bill Snyder Family Stadium,open_air,Artificial,America/Chicago,America/Chicago,America/Chicago
2021,2,7,401287923,2021-10-16,18:30,TCU Horned Frogs,Oklahoma Sooners,0,"Memorial Stadium (Norman, OK)",open_air,Grass,America/Chicago,America/Chicago,America/Chicago
2021,2,7,401287924,2021-10-16,11:00,Oklahoma State Cowboys,Texas Longhorns,0,DKR-Texas Memorial Stadium,open_air,Artificial,America/Chicago,America/Chicago,America/Chicago
2021,2,7,401301023,2021-10-16,12:00,UCF Knights,Cincinnati Bearcats,0,Nippert Stadium,open_air,Artificial,America/New_York,America/New_York,America/New_York
2021,2,7,401301024,2021-10-16,12:00,Tulsa Golden Hurricane,South Florida Bulls,0,Raymond James Stadium,open_air,Grass,America/New_York,America/Chicago,America/New_York
2021,2,7,401308837,2021-10-16,14:30,Akron Zips,Miami (OH) RedHawks,0,Yager Stadium,open_air,Artificial,America/New_York,America/New_York,America/New_York
2021,2,7,401309568,2021-10-16,14:00,Ball State Cardinals,Eastern Michigan Eagles,0,Rynearson Stadium,open_air,Artificial,America/Detroit,America/Indiana/Indianapolis,America/Detroit
2021,2,7,401309569,2021-10-16,15:30,Toledo Rockets,Central Michigan Chippewas,0,Kelly/Shorts Stadium,open_air,Artificial,America/Detroit,America/New_York,America/Detroit
2021,2,7,401309570,2021-10-16,14:30,Bowling Green Falcons,Northern Illinois Huskies,0,Huskie Stadium,open_air,Artificial,America/Chicago,America/New_York,America/Chicago
2021,2,7,401309571,2021-10-16,12:00,Ohio Bobcats,Buffalo Bulls,0,UB Stadium,open_air,Artificial,America/New_York,America/New_York,America/New_York
2021,2,7,401309572,2021-10-16,15:30,Kent State Golden Flashes,Western Michigan Broncos,0,Waldo Stadium,open_air,Artificial,America/Detroit,America/New_York,America/Detroit
2021,2,7,401309622,2021-10-16,14:00,Troy Trojans,Texas State Bobcats,0,Bobcat Stadium (TX),open_air,Artificial,America/Chicago,America/Chicago,America/Chicago
2021,2,7,401309873,2021-10-16,16:30,Stanford Cardinal,Washington State Cougars,0,Gesa Field,open_air,Artificial,America/Los_Angeles,America/Los_Angeles,America/Los_Angeles
2021,2,7,401309874,2021-10-16,17:30,UCLA Bruins,Washington Huskies,0,Husky Stadium,open_air,Artificial,America/Los_Angeles,America/Los_Angeles,America/Los_Angeles
2021,2,7,401309875,2021-10-16,13:30,Arizona Wildcats,Colorado Buffaloes,0,Folsom Field,open_air,Grass,America/Denver,America/Phoenix,America/Denver
2021,2,7,401309876,2021-10-16,20:00,Arizona State Sun Devils,Utah Utes,0,Rice-Eccles Stadium,open_air,Artificial,America/Denver,America/Phoenix,America/Denver
2021,2,7,401310718,2021-10-16,19:00,Air Force Falcons,Boise State Broncos,0,Albertsons Stadium,open_air,Artificial,America/Boise,America/Denver,America/Boise
2021,2,7,401310719,2021-10-16,17:00,Colorado State Rams,New Mexico Lobos,0,University Stadium (NM),open_air,Artificial,America/Denver,America/Denver,America/Denver
2021,2,7,401310720,2021-10-16,16:00,Utah State Aggies,UNLV Rebels,0,Allegiant Stadium,fixed_roof,Artificial,America/Los_Angeles,America/Denver,America/Los_Angeles
2021,2,7,401310721,2021-10-16,13:30,Fresno State Bulldogs,Wyoming Cowboys,0,War Memorial Stadium,open_air,Artificial,America/Denver,America/Los_Angeles,America/Denver
2021,2,7,401310722,2021-10-16,19:30,Hawai'i Rainbow Warriors,Nevada Wolf Pack,0,Mackay Stadium,open_air,Artificial,America/Los_Angeles,Pacific/Honolulu,America/Los_Angeles
2021,2,8,401309623,2021-10-20,19:30,Coastal Carolina Chanticleers,App State Mountaineers,0,Kidd Brewer Stadium,open_air,Artificial,America/New_York,America/New_York,America/New_York
2021,2,8,401282235,2021-10-21,19:30,Florida Atlantic Owls,Charlotte 49ers,0,Jerry Richardson Stadium,open_air,Artificial,America/New_York,America/New_York,America/New_York
2021,2,8,401301025,2021-10-21,18:30,Tulane Green Wave,SMU Mustangs,0,Gerald J. Ford Stadium,open_air,Artificial,America/Chicago,America/Chicago,America/Chicago
2021,2,8,401309624,2021-10-21,18:30,Louisiana Ragin' Cajuns,Arkansas State Red Wolves,0,Centennial Bank Stadium,open_air,Artificial,America/Chicago,America/Chicago,America/Chicago
2021,2,8,401310729,2021-10-21,20:00,San José State Spartans,UNLV Rebels,0,Allegiant Stadium,fixed_roof,Artificial,America/Los_Angeles,America/Los_Angeles,America/Los_Angeles
2021,2,8,401282239,2021-10-22,18:00,Middle Tennessee Blue Raiders,UConn Huskies,0,Pratt & Whitney Stadium,open_air,Grass,America/New_York,America/Chicago,America/New_York
2021,2,8,401301026,2021-10-22,19:00,Memphis Tigers,UCF Knights,0,FBC Mortgage Stadium,open_air,Grass,America/New_York,America/Chicago,America/New_York
2021,2,8,401309877,2021-10-22,19:30,Washington Huskies,Arizona Wildcats,0,Arizona Stadium,open_air,Artificial,America/Phoenix,America/Los_Angeles,America/Phoenix
2021,2,8,401310725,2021-10-22,19:30,Colorado State Rams,Utah State Aggies,0,Maverik Stadium,open_air,Artificial,America/Denver,America/Denver,America/Denver
2021,2,8,401282111,2021-10-23,18:00,Tennessee Volunteers,Alabama Crimson Tide,0,Bryant-Denny Stadium,open_air,Grass,America/Chicago,America/New_York,America/Chicago
2021,2,8,401282112,2021-10-23,11:00,Arkansas-Pine Bluff Golden Lions,Arkansas Razorbacks,0,Razorback Stadium,open_air,Artificial,America/Chicago,,America/Chicago
2021,2,8,401282113,2021-10-23,14:30,LSU Tigers,Ole Miss Rebels,0,Vaught-Hemingway Stadium,open_air,Grass,America/Chicago,America/Chicago,America/Chicago
2021,2,8,401282114,2021-10-23,18:30,South Carolina Gamecocks,Texas A&M Aggies,0,Kyle Field,open_air,Grass,America/Chicago,America/New_York,America/Chicago
2021,2,8,401282115,2021-10-23,15:00,Mississippi State Bulldogs,Vanderbilt Commodores,0,FirstBank Stadium,open_air,Artificial,America/Chicago,America/Chicago,America/Chicago
2021,2,8,401282236,2021-10-23,19:00,Western Kentucky Hilltoppers,Florida International Panthers,0,FIU Stadium,open_air,Artificial,America/New_York,America/Chicago,America/New_York
2021,2,8,401282237,2021-10-23,18:00,UTSA Roadrunners,Louisiana Tech Bulldogs,0,Joe Aillet Stadium,open_air,Artificial,America/Chicago,America/Chicago,America/Chicago
2021,2,8,401282238,2021-10-23,14:30,Rice Owls,UAB Blazers,0,Protective Stadium,open_air,Artificial,America/Chicago,America/Chicago,America/Chicago
2021,2,8,401282240,2021-10-23,15:00,Liberty Flames,North Texas Mean Green,0,DATCU Stadium,open_air,Artificial,America/Chicago,America/New_York,America/Chicago
2021,2,8,401282662,2021-10-23,12:00,Wake Forest Demon Deacons,Army Black Knights,0,Michie Stadium,open_air,Artificial,America/New_York,America/New_York,America/New_York
2021,2,8,401282663,2021-10-23,12:00,Massachusetts Minutemen,Florida State Seminoles,0,Doak Campbell Stadium,open_air,Grass,America/New_York,America/New_York,America/New_York
2021,2,8,401282664,2021-10-23,16:00,Boston College Eagles,Louisville Cardinals,0,L&N Federal Credit Union Stadium,open_air,Artificial,America/Kentucky/Louisville,America/New_York,America/Kentucky/Louisville
2021,2,8,401282665,2021-10-23,19:30,NC State Wolfpack,Miami Hurricanes,0,Hard Rock Stadium,open_air,Artificial,America/New_York,America/New_York,America/New_York
2021,2,8,401282666,2021-10-23,15:30,Clemson Tigers,Pittsburgh Panthers,0,Acrisure Stadium,open_air,Grass,America/New_York,America/New_York,America/New_York
2021,2,8,401282667,2021-10-23,19:30,Georgia Tech Yellow Jackets,Virginia Cavaliers,0,Scott Stadium,open_air,Grass,America/New_York,America/New_York,America/New_York
2021,2,8,401282668,2021-10-23,12:30,Syracuse Orange,Virginia Tech Hokies,0,Lane Stadium,open_air,Grass,America/New_York,America/New_York,America/New_York
2021,2,8,401282709,2021-10-23,19:30,USC Trojans,Notre Dame Fighting Irish,0,Notre Dame Stadium,open_air,Artificial,America/Indiana/Indianapolis,America/Los_Angeles,America/Indiana/Indianapolis
2021,2,8,401282717,2021-10-23,12:00,Illinois Fighting Illini,Penn State Nittany Lions,0,Beaver Stadium,open_air,Grass,America/New_York,America/Chicago,America/New_York
2021,2,8,401282730,2021-10-23,19:30,Ohio State Buckeyes,Indiana Hoosiers,0,"Memorial Stadium (Bloomington, IN)",open_air,Artificial,America/Indiana/Indianapolis,America/New_York,America/Indiana/Indianapolis
2021,2,8,401282767,2021-10-23,14:30,Maryland Terrapins,Minnesota Golden Gophers,0,Huntington Bank Stadium,open_air,Artificial,America/Chicago,America/New_York,America/Chicago
2021,2,8,401282779,2021-10-23,12:00,Northwestern Wildcats,Michigan Wolverines,0,Michigan Stadium,open_air,Artificial,America/Detroit,America/Chicago,America/Detroit
2021,2,8,401282821,2021-10-23,15:00,Wisconsin Badgers,Purdue Boilermakers,0,Ross-Ade Stadium,open_air,Grass,America/Indiana/Indianapolis,America/Chicago,America/Indiana/Indianapolis
2021,2,8,401287925,2021-10-23,14:30,Oklahoma State Cowboys,Iowa State Cyclones,0,Jack Trice Stadium,open_air,Grass,America/Chicago,America/Chicago,America/Chicago
2021,2,8,401287926,2021-10-23,11:00,Oklahoma Sooners,Kansas Jayhawks,0,Memorial Stadium,open_air,Artificial,America/Chicago,America/Chicago,America/Chicago
2021,2,8,401287927,2021-10-23,18:30,West Virginia Mountaineers,TCU Horned Frogs,0,Amon G. Carter Stadium,open_air,Grass,America/Chicago,America/New_York,America/Chicago
2021,2,8,401287928,2021-10-23,11:00,Kansas State Wildcats,Texas Tech Red Raiders,0,Jones AT&T Stadium,open_air,Artificial,America/Chicago,America/Chicago,America/Chicago
2021,2,8,401301027,2021-10-23,12:00,Cincinnati Bearcats,Navy Midshipmen,0,Navy-Marine Corps Memorial Stadium,open_air,Artificial,America/New_York,America/New_York,America/New_York
2021,2,8,401301028,2021-10-23,15:00,East Carolina Pirates,Houston Cougars,0,TDECU Stadium,open_air,Artificial,America/Chicago,America/New_York,America/Chicago
2021,2,8,401301029,2021-10-23,19:00,Temple Owls,South Florida Bulls,0,Raymond James Stadium,open_air,Grass,America/New_York,America/New_York,America/New_York
2021,2,8,401308838,2021-10-23,15:30,Miami (OH) RedHawks,Ball State Cardinals,0,Scheumann Stadium,open_air,Artificial,America/Indiana/Indianapolis,America/New_York,America/Indiana/Indianapolis
2021,2,8,401309573,2021-10-23,15:30,Western Michigan Broncos,Toledo Rockets,0,Glass Bowl,open_air,Artificial,America/New_York,America/Detroit,America/New_York
2021,2,8,401309574,2021-10-23,12:00,Eastern Michigan Eagles,Bowling Green Falcons,0,Doyt L. Perry Stadium,open_air,Artificial,America/New_York,America/Detroit,America/New_York
2021,2,8,401309575,2021-10-23,15:30,Buffalo Bulls,Akron Zips,0,InfoCision Stadium,open_air,Artificial,America/New_York,America/New_York,America/New_York
2021,2,8,401309576,2021-10-23,13:00,Kent State Golden Flashes,Ohio Bobcats,0,Peden Stadium,open_air,Artificial,America/New_York,America/New_York,America/New_York
2021,2,8,401309577,2021-10-23,12:00,Northern Illinois Huskies,Central Michigan Chippewas,0,Kelly/Shorts Stadium,open_air,Artificial,America/Detroit,America/Chicago,America/Detroit
2021,2,8,401309625,2021-10-23,14:00,Texas State Bobcats,Georgia State Panthers,0,Center Parc Stadium,open_air,Artificial,America/New_York,America/Chicago,America/New_York
2021,2,8,401309626,2021-10-23,18:00,South Alabama Jaguars,UL Monroe Warhawks,0,Malone Stadium,open_air,Artificial,America/Chicago,America/Chicago,America/Chicago
2021,2,8,401309878,2021-10-23,12:30,Colorado Buffaloes,California Golden Bears,0,California Memorial Stadium,open_air,Artificial,America/Los_Angeles,America/Denver,America/Los_Angeles
2021,2,8,401309879,2021-10-23,12:41,Oregon Ducks,UCLA Bruins,0,Rose Bowl,open_air,Grass,America/Los_Angeles,America/Los_Angeles,America/Los_Angeles
2021,2,8,401309880,2021-10-23,16:30,Utah Utes,Oregon State Beavers,0,Reser Stadium,open_air,Artificial,America/Los_Angeles,America/Denver,America/Los_Angeles
2021,2,8,401309881,2021-10-23,12:30,BYU Cougars,Washington State Cougars,0,Gesa Field,open_air,Artificial,America/Los_Angeles,America/Denver,America/Los_Angeles
2021,2,8,401310724,2021-10-23,17:00,San Diego State Aztecs,Air Force Falcons,0,Falcon Stadium,open_air,Artificial,America/Denver,America/Los_Angeles,America/Denver
2021,2,8,401310726,2021-10-23,13:30,New Mexico Lobos,Wyoming Cowboys,0,War Memorial Stadium,open_air,Artificial,America/Denver,America/Denver,America/Denver
2021,2,8,401310727,2021-10-23,16:00,Nevada Wolf Pack,Fresno State Bulldogs,0,Valley Children's Stadium,open_air,Artificial,America/Los_Angeles,America/Los_Angeles,America/Los_Angeles
2021,2,8,401310728,2021-10-23,17:59,New Mexico State Aggies,Hawai'i Rainbow Warriors,0,Clarence T.C. Ching Athletics Complex,open_air,Grass,Pacific/Honolulu,America/Denver,Pacific/Honolulu
2021,2,9,401301033,2021-10-28,19:30,South Florida Bulls,East Carolina Pirates,0,Dowdy-Ficklen Stadium,open_air,Grass,America/New_York,America/New_York,America/New_York
2021,2,9,401309627,2021-10-28,19:30,Troy Trojans,Coastal Carolina Chanticleers,0,Brooks Stadium (SC),open_air,Artificial,America/New_York,America/Chicago,America/New_York
2021,2,9,401301030,2021-10-29,18:30,Navy Midshipmen,Tulsa Golden Hurricane,0,Chapman Stadium,open_air,Artificial,America/Chicago,America/New_York,America/Chicago
2021,2,9,401310734,2021-10-29,19:00,UNLV Rebels,Nevada Wolf Pack,0,Mackay Stadium,open_air,Artificial,America/Los_Angeles,America/Los_Angeles,America/Los_Angeles
2021,2,9,401282116,2021-10-30,18:00,Ole Miss Rebels,Auburn Tigers,0,Jordan-Hare Stadium,open_air,Grass,America/Chicago,America/Chicago,America/Chicago
2021,2,9,401282117,2021-10-30,19:30,Georgia Bulldogs,Florida Gators,1,EverBank Stadium,,,America/New_York,America/New_York,
2021,2,9,401282118,2021-10-30,18:00,Kentucky Wildcats,Mississippi State Bulldogs,0,Davis Wade Stadium,open_air,Grass,America/Chicago,America/New_York,America/Chicago
2021,2,9,401282119,2021-10-30,14:00,Missouri Tigers,Vanderbilt Commodores,0,FirstBank Stadium,open_air,Artificial,America/Chicago,America/Chicago,America/Chicago
2021,2,9,401282241,2021-10-30,15:00,Charlotte 49ers,Western Kentucky Hilltoppers,0,Houchens Industries-L.T. Smith Stadium,open_air,Artificial,America/Chicago,America/New_York,America/Chicago
2021,2,9,401282242,2021-10-30,15:30,Florida International Panthers,Marshall Thundering Herd,0,Joan C. Edwards Stadium,open_air,Artificial,America/New_York,America/New_York,America/New_York
2021,2,9,401282243,2021-10-30,18:00,UTEP Miners,Florida Atlantic Owls,0,FAU Stadium,open_air,Artificial,America/New_York,America/Denver,America/New_York
2021,2,9,401282244,2021-10-30,15:30,Louisiana Tech Bulldogs,Old Dominion Monarchs,0,S.B. Ballard Stadium,open_air,Artificial,America/New_York,America/Chicago,America/New_York
2021,2,9,401282245,2021-10-30,14:30,Southern Miss Golden Eagles,Middle Tennessee Blue Raiders,0,"Johnny ""Red"" Floyd Stadium",open_air,Artificial,America/Chicago,America/Chicago,America/Chicago
2021,2,9,401282246,2021-10-30,13:00,North Texas Mean Green,Rice Owls,0,Rice Stadium,open_air,Artificial,America/Chicago,America/Chicago,America/Chicago
2021,2,9,401282669,2021-10-30,20:15,Virginia Cavaliers,BYU Cougars,0,LaVell Edwards Stadium,open_air,Grass,America/Denver,America/New_York,America/Denver
2021,2,9,401282670,2021-10-30,15:30,Florida State Seminoles,Clemson Tigers,0,"Memorial Stadium (Clemson, SC)",open_air,Grass,America/New_York,America/New_York,America/New_York
2021,2,9,401282671,2021-10-30,12:00,Virginia Tech Hokies,Georgia Tech Yellow Jackets,0,Bobby Dodd Stadium,open_air,Artificial,America/New_York,America/New_York,America/New_York
2021,2,9,401282672,2021-10-30,19:30,Louisville Cardinals,NC State Wolfpack,0,Carter-Finley Stadium,open_air,Grass,America/New_York,America/Kentucky/Louisville,America/New_York
2021,2,9,401282673,2021-10-30,19:30,North Carolina Tar Heels,Notre Dame Fighting Irish,0,Notre Dame Stadium,open_air,Artificial,America/Indiana/Indianapolis,America/New_York,America/Indiana/Indianapolis
2021,2,9,401282674,2021-10-30,12:00,Miami Hurricanes,Pittsburgh Panthers,0,Acrisure Stadium,open_air,Grass,America/New_York,America/New_York,America/New_York
2021,2,9,401282675,2021-10-30,15:30,Boston College Eagles,Syracuse Orange,0,JMA Wireless Dome,dome,Artificial,America/New_York,America/New_York,America/New_York
2021,2,9,401282676,2021-10-30,16:00,Duke Blue Devils,Wake Forest Demon Deacons,0,Allegacy Federal Credit Union Stadium,open_air,Artificial,America/New_York,America/New_York,America/New_York
2021,2,9,401282719,2021-10-30,11:00,Rutgers Scarlet Knights,Illinois Fighting Illini,0,"Memorial Stadium (Champaign, IL)",open_air,Artificial,America/Chicago,America/New_York,America/Chicago
2021,2,9,401282726,2021-10-30,12:00,Indiana Hoosiers,Maryland Terrapins,0,SECU Stadium,open_air,Artificial,America/New_York,America/Indiana/Indianapolis,America/New_York
2021,2,9,401282763,2021-10-30,11:00,Iowa Hawkeyes,Wisconsin Badgers,0,Camp Randall Stadium,open_air,Artificial,America/Chicago,America/Chicago,America/Chicago
2021,2,9,401282777,2021-10-30,12:00,Michigan Wolverines,Michigan State Spartans,0,Spartan Stadium,open_air,Grass,America/Detroit,America/Detroit,America/Detroit
2021,2,9,401282795,2021-10-30,14:30,Minnesota Golden Gophers,Northwestern Wildcats,0,Ryan Field,open_air,Grass,America/Chicago,America/Chicago,America/Chicago
2021,2,9,401282801,2021-10-30,14:30,Purdue Boilermakers,Nebraska Cornhuskers,0,"Memorial Stadium (Lincoln, NE)",open_air,Artificial,America/Chicago,America/Indiana/Indianapolis,America/Chicago
2021,2,9,401282814,2021-10-30,19:30,Penn State Nittany Lions,Ohio State Buckeyes,0,Ohio Stadium,open_air,Artificial,America/New_York,America/New_York,America/New_York
2021,2,9,401286297,2021-10-30,12:00,Massachusetts Minutemen,Liberty Flames,0,Williams Stadium (VA),open_air,Artificial,America/New_York,America/New_York,America/New_York
2021,2,9,401287929,2021-10-30,11:00,Texas Longhorns,Baylor Bears,0,McLane Stadium,open_air,Artificial,America/Chicago,America/Chicago,America/Chicago
2021,2,9,401287930,2021-10-30,14:30,TCU Horned Frogs,Kansas State Wildcats,0,Bill Snyder Family Stadium,open_air,Artificial,America/Chicago,America/Chicago,America/Chicago
2021,2,9,401287931,2021-10-30,14:30,Texas Tech Red Raiders,Oklahoma Sooners,0,"Memorial Stadium (Norman, OK)",open_air,Grass,America/Chicago,America/Chicago,America/Chicago
2021,2,9,401287932,2021-10-30,18:00,Kansas Jayhawks,Oklahoma State Cowboys,0,Boone Pickens Stadium,open_air,Artificial,America/Chicago,America/Chicago,America/Chicago
2021,2,9,401287933,2021-10-30,14:00,Iowa State Cyclones,West Virginia Mountaineers,0,Milan Puskar Stadium,open_air,Artificial,America/New_York,America/Chicago,America/New_York
2021,2,9,401301031,2021-10-30,12:00,UCF Knights,Temple Owls,0,Lincoln Financial Field,open_air,Artificial,America/New_York,America/New_York,America/New_York
2021,2,9,401301032,2021-10-30,11:00,Cincinnati Bearcats,Tulane Green Wave,0,Yulman Stadium,open_air,Artificial,America/Chicago,America/New_York,America/Chicago
2021,2,9,401301034,2021-10-30,18:00,SMU Mustangs,Houston Cougars,0,TDECU Stadium,open_air,Artificial,America/Chicago,America/Chicago,America/Chicago
2021,2,9,401309578,2021-10-30,12:00,Bowling Green Falcons,Buffalo Bulls,0,UB Stadium,open_air,Artificial,America/New_York,America/New_York,America/New_York
2021,2,9,401309628,2021-10-30,15:30,UL Monroe Warhawks,App State Mountaineers,0,Kidd Brewer Stadium,open_air,Artificial,America/New_York,America/Chicago,America/New_York
2021,2,9,401309629,2021-10-30,16:00,Arkansas State Red Wolves,South Alabama Jaguars,0,Hancock Whitney Stadium,open_air,Artificial,America/Chicago,America/Chicago,America/Chicago
2021,2,9,401309630,2021-10-30,18:00,Georgia State Panthers,Georgia Southern Eagles,0,Allen E. Paulson Stadium,open_air,Artificial,America/New_York,America/New_York,America/New_York
2021,2,9,401309631,2021-10-30,11:00,Texas State Bobcats,Louisiana Ragin' Cajuns,0,Cajun Field,open_air,Artificial,America/Chicago,America/Chicago,America/Chicago
2021,2,9,401309882,2021-10-30,16:00,Oregon State Beavers,California Golden Bears,0,California Memorial Stadium,open_air,Artificial,America/Los_Angeles,America/Los_Angeles,America/Los_Angeles
2021,2,9,401309883,2021-10-30,19:30,Washington Huskies,Stanford Cardinal,0,Stanford Stadium,open_air,Grass,America/Los_Angeles,America/Los_Angeles,America/Los_Angeles
2021,2,9,401309884,2021-10-30,12:30,Colorado Buffaloes,Oregon Ducks,0,Autzen Stadium,open_air,Artificial,America/Los_Angeles,America/Denver,America/Los_Angeles
2021,2,9,401309885,2021-10-30,12:00,Washington State Cougars,Arizona State Sun Devils,0,Mountain America Stadium,open_air,Grass,America/Phoenix,America/Los_Angeles,America/Phoenix
2021,2,9,401309886,2021-10-30,16:00,Arizona Wildcats,USC Trojans,0,Los Angeles Memorial Coliseum,open_air,Grass,America/Los_Angeles,America/Phoenix,America/Los_Angeles
2021,2,9,401309887,2021-10-30,20:00,UCLA Bruins,Utah Utes,0,Rice-Eccles Stadium,open_air,Artificial,America/Denver,America/Los_Angeles,America/Denver
2021,2,9,401310730,2021-10-30,17:00,Boise State Broncos,Colorado State Rams,0,Canvas Stadium,open_air,Artificial,America/Denver,America/Boise,America/Denver
2021,2,9,401310731,2021-10-30,13:00,Hawai'i Rainbow Warriors,Utah State Aggies,0,Maverik Stadium,open_air,Artificial,America/Denver,Pacific/Honolulu,America/Denver
2021,2,9,401310732,2021-10-30,13:00,Wyoming Cowboys,San José State Spartans,0,CEFCU Stadium,open_air,Artificial,America/Los_Angeles,America/Denver,America/Los_Angeles
2021,2,9,401310733,2021-10-30,19:30,Fresno State Bulldogs,San Diego State Aztecs,0,Snapdragon Stadium,open_air,Grass,America/Los_Angeles,America/Los_Angeles,America/Los_Angeles
2021,2,10,401308839,2021-11-02,19:30,Miami (OH) RedHawks,Ohio Bobcats,0,Peden Stadium,open_air,Artificial,America/New_York,America/New_York,America/New_York
2021,2,10,401309579,2021-11-02,19:00,Ball State Cardinals,Akron Zips,0,InfoCision Stadium,open_air,Artificial,America/New_York,America/Indiana/Indianapolis,America/New_York
2021,2,10,401309580,2021-11-02,19:30,Eastern Michigan Eagles,Toledo Rockets,0,Glass Bowl,open_air,Artificial,America/New_York,America/Detroit,America/New_York
2021,2,10,401309581,2021-11-03,19:00,Central Michigan Chippewas,Western Michigan Broncos,0,Waldo Stadium,open_air,Artificial,America/Detroit,America/Detroit,America/Detroit
2021,2,10,401309582,2021-11-03,19:00,Northern Illinois Huskies,Kent State Golden Flashes,0,Dix Stadium,open_air,Artificial,America/New_York,America/Chicago,America/New_York
2021,2,10,401309632,2021-11-04,18:30,Georgia State Panthers,Louisiana Ragin' Cajuns,0,Cajun Field,open_air,Artificial,America/Chicago,America/New_York,America/Chicago
2021,2,10,401282677,2021-11-05,19:30,Virginia Tech Hokies,Boston College Eagles,0,"Alumni Stadium (Chestnut Hill, MA)",open_air,Artificial,America/New_York,America/New_York,America/New_York
2021,2,10,401309888,2021-11-05,19:30,Utah Utes,Stanford Cardinal,0,Stanford Stadium,open_air,Grass,America/Los_Angeles,America/Denver,America/Los_Angeles
2021,2,10,401282120,2021-11-06,18:00,LSU Tigers,Alabama Crimson Tide,0,Bryant-Denny Stadium,open_air,Grass,America/Chicago,America/Chicago,America/Chicago
2021,2,10,401282121,2021-11-06,15:00,Mississippi State Bulldogs,Arkansas Razorbacks,0,Razorback Stadium,open_air,Artificial,America/Chicago,America/Chicago,America/Chicago
2021,2,10,401282122,2021-11-06,12:00,Missouri Tigers,Georgia Bulldogs,0,Sanford Stadium,open_air,Grass,America/New_York,America/Chicago,America/New_York
2021,2,10,401282123,2021-11-06,19:00,Tennessee Volunteers,Kentucky Wildcats,0,Kroger Field,open_air,Artificial,America/New_York,America/New_York,America/New_York
2021,2,10,401282124,2021-11-06,11:00,Liberty Flames,Ole Miss Rebels,0,Vaught-Hemingway Stadium,open_air,Grass,America/Chicago,America/New_York,America/Chicago
2021,2,10,401282125,2021-11-06,19:30,Florida Gators,South Carolina Gamecocks,0,Williams-Brice Stadium,open_air,Grass,America/New_York,America/New_York,America/New_York
2021,2,10,401282126,2021-11-06,14:30,Auburn Tigers,Texas A&M Aggies,0,Kyle Field,open_air,Grass,America/Chicago,America/Chicago,America/Chicago
2021,2,10,401282247,2021-11-06,15:30,Rice Owls,Charlotte 49ers,0,Jerry Richardson Stadium,open_air,Artificial,America/New_York,America/Chicago,America/New_York
2021,2,10,401282248,2021-11-06,19:00,Old Dominion Monarchs,Florida International Panthers,0,FIU Stadium,open_air,Artificial,America/New_York,America/New_York,America/New_York
2021,2,10,401282249,2021-11-06,18:00,Marshall Thundering Herd,Florida Atlantic Owls,0,FAU Stadium,open_air,Artificial,America/New_York,America/New_York,America/New_York
2021,2,10,401282250,2021-11-06,11:00,Louisiana Tech Bulldogs,UAB Blazers,0,Protective Stadium,open_air,Artificial,America/Chicago,America/Chicago,America/Chicago
2021,2,10,401282251,2021-11-06,14:30,Middle Tennessee Blue Raiders,Western Kentucky Hilltoppers,0,Houchens Industries-L.T. Smith Stadium,open_air,Artificial,America/Chicago,America/Chicago,America/Chicago
2021,2,10,401282252,2021-11-06,14:00,North Texas Mean Green,Southern Miss Golden Eagles,0,M. M. Roberts Stadium,open_air,Artificial,America/Chicago,America/Chicago,America/Chicago
2021,2,10,401282253,2021-11-06,20:15,UTSA Roadrunners,UTEP Miners,0,Sun Bowl,open_air,Artificial,America/Denver,America/Chicago,America/Denver
2021,2,10,401282678,2021-11-06,12:00,Pittsburgh Panthers,Duke Blue Devils,0,Wallace Wade Stadium,open_air,Grass,America/New_York,America/New_York,America/New_York
2021,2,10,401282679,2021-11-06,16:00,NC State Wolfpack,Florida State Seminoles,0,Doak Campbell Stadium,open_air,Grass,America/New_York,America/New_York,America/New_York
2021,2,10,401282680,2021-11-06,19:30,Clemson Tigers,Louisville Cardinals,0,L&N Federal Credit Union Stadium,open_air,Artificial,America/Kentucky/Louisville,America/New_York,America/Kentucky/Louisville
2021,2,10,401282681,2021-11-06,12:30,Georgia Tech Yellow Jackets,Miami Hurricanes,0,Hard Rock Stadium,open_air,Artificial,America/New_York,America/New_York,America/New_York
2021,2,10,401282682,2021-11-06,12:00,Wake Forest Demon Deacons,North Carolina Tar Heels,0,Kenan Stadium,open_air,Artificial,America/New_York,America/New_York,America/New_York
2021,2,10,401282710,2021-11-06,15:30,Navy Midshipmen,Notre Dame Fighting Irish,0,Notre Dame Stadium,open_air,Artificial,America/Indiana/Indianapolis,America/New_York,America/Indiana/Indianapolis
2021,2,10,401282720,2021-11-06,11:00,Illinois Fighting Illini,Minnesota Golden Gophers,0,Huntington Bank Stadium,open_air,Artificial,America/Chicago,America/Chicago,America/Chicago
2021,2,10,401282727,2021-11-06,19:30,Indiana Hoosiers,Michigan Wolverines,0,Michigan Stadium,open_air,Artificial,America/Detroit,America/Indiana/Indianapolis,America/Detroit
2021,2,10,401282757,2021-11-06,18:00,Iowa Hawkeyes,Northwestern Wildcats,0,Ryan Field,open_air,Grass,America/Chicago,America/Chicago,America/Chicago
2021,2,10,401282768,2021-11-06,15:30,Penn State Nittany Lions,Maryland Terrapins,0,SECU Stadium,open_air,Artificial,America/New_York,America/New_York,America/New_York
2021,2,10,401282787,2021-11-06,15:41,Michigan State Spartans,Purdue Boilermakers,0,Ross-Ade Stadium,open_air,Grass,America/Indiana/Indianapolis,America/Detroit,America/Indiana/Indianapolis
2021,2,10,401282799,2021-11-06,11:00,Ohio State Buckeyes,Nebraska Cornhuskers,0,"Memorial Stadium (Lincoln, NE)",open_air,Artificial,America/Chicago,America/New_York,America/Chicago
2021,2,10,401282824,2021-11-06,15:30,Wisconsin Badgers,Rutgers Scarlet Knights,0,SHI Stadium,open_air,Artificial,America/New_York,America/Chicago,America/New_York
2021,2,10,401286303,2021-11-06,15:30,Rhode Island Rams,Massachusetts Minutemen,0,Warren McGuirk Alumni Stadium,open_air,Artificial,America/New_York,,America/New_York
2021,2,10,401287934,2021-11-06,18:30,Texas Longhorns,Iowa State Cyclones,0,Jack Trice Stadium,open_air,Grass,America/Chicago,America/Chicago,America/Chicago
2021,2,10,401287935,2021-11-06,11:00,Kansas State Wildcats,Kansas Jayhawks,0,Memorial Stadium,open_air,Artificial,America/Chicago,America/Chicago,America/Chicago
2021,2,10,401287936,2021-11-06,14:30,Baylor Bears,TCU Horned Frogs,0,Amon G. Carter Stadium,open_air,Grass,America/Chicago,America/Chicago,America/Chicago
2021,2,10,401287937,2021-11-06,15:30,Oklahoma State Cowboys,West Virginia Mountaineers,0,Milan Puskar Stadium,open_air,Artificial,America/New_York,America/Chicago,America/New_York
2021,2,10,401301035,2021-11-06,15:00,Temple Owls,East Carolina Pirates,0,Dowdy-Ficklen Stadium,open_air,Grass,America/New_York,America/New_York,America/New_York
2021,2,10,401301036,2021-11-06,16:07,Tulane Green Wave,UCF Knights,0,FBC Mortgage Stadium,open_air,Grass,America/New_York,America/Chicago,America/New_York
2021,2,10,401301037,2021-11-06,15:30,Tulsa Golden Hurricane,Cincinnati Bearcats,0,Nippert Stadium,open_air,Artificial,America/New_York,America/Chicago,America/New_York
2021,2,10,401301038,2021-11-06,19:30,Houston Cougars,South Florida Bulls,0,Raymond James Stadium,open_air,Grass,America/New_York,America/Chicago,America/New_York
2021,2,10,401301039,2021-11-06,11:00,SMU Mustangs,Memphis Tigers,0,Simmons Bank Liberty Stadium,open_air,Artificial,America/Chicago,America/Chicago,America/Chicago
2021,2,10,401309633,2021-11-06,13:00,App State Mountaineers,Arkansas State Red Wolves,0,Centennial Bank Stadium,open_air,Artificial,America/Chicago,America/New_York,America/Chicago
2021,2,10,401309634,2021-11-06,18:00,Coastal Carolina Chanticleers,Georgia Southern Eagles,0,Allen E. Paulson Stadium,open_air,Artificial,America/New_York,America/New_York,America/New_York
2021,2,10,401309635,2021-11-06,14:00,UL Monroe Warhawks,Texas State Bobcats,0,Bobcat Stadium (TX),open_air,Artificial,America/Chicago,America/Chicago,America/Chicago
2021,2,10,401309636,2021-11-06,14:30,South Alabama Jaguars,Troy Trojans,0,Veterans Memorial Stadium (AL),open_air,Artificial,America/Chicago,America/Chicago,America/Chicago
2021,2,10,401309889,2021-11-06,12:00,California Golden Bears,Arizona Wildcats,0,Arizona Stadium,open_air,Artificial,America/Phoenix,America/Los_Angeles,America/Phoenix
2021,2,10,401309890,2021-11-06,16:30,Oregon Ducks,Washington Huskies,0,Husky Stadium,open_air,Artificial,America/Los_Angeles,America/Los_Angeles,America/Los_Angeles
2021,2,10,401309891,2021-11-06,17:00,Oregon State Beavers,Colorado Buffaloes,0,Folsom Field,open_air,Grass,America/Denver,America/Los_Angeles,America/Denver
2021,2,10,401309892,2021-11-06,19:30,USC Trojans,Arizona State Sun Devils,0,Mountain America Stadium,open_air,Grass,America/Phoenix,America/Los_Angeles,America/Phoenix
2021,2,10,401309914,2021-11-06,13:30,Idaho State Bengals,BYU Cougars,0,LaVell Edwards Stadium,open_air,Grass,America/Denver,,America/Denver
2021,2,10,401310253,2021-11-06,15:30,Army Black Knights,Air Force Falcons,1,Choctaw Stadium,,,America/Denver,America/New_York,
2021,2,10,401310735,2021-11-06,16:00,Boise State Broncos,Fresno State Bulldogs,0,Valley Children's Stadium,open_air,Artificial,America/Los_Angeles,America/Boise,America/Los_Angeles
2021,2,10,401310736,2021-11-06,13:30,Colorado State Rams,Wyoming Cowboys,0,War Memorial Stadium,open_air,Artificial,America/Denver,America/Denver,America/Denver
2021,2,10,401310737,2021-11-06,17:00,UNLV Rebels,New Mexico Lobos,0,University Stadium (NM),open_air,Artificial,America/Denver,America/Los_Angeles,America/Denver
2021,2,10,401310738,2021-11-06,14:00,Utah State Aggies,New Mexico State Aggies,0,Aggie Memorial Stadium,open_air,Artificial,America/Denver,America/Denver,America/Denver
2021,2,10,401310739,2021-11-06,17:00,San Diego State Aztecs,Hawai'i Rainbow Warriors,0,Clarence T.C. Ching Athletics Complex,open_air,Grass,Pacific/Honolulu,America/Los_Angeles,Pacific/Honolulu
2021,2,10,401310740,2021-11-06,19:00,San José State Spartans,Nevada Wolf Pack,0,Mackay Stadium,open_air,Artificial,America/Los_Angeles,America/Los_Angeles,America/Los_Angeles
2021,2,11,401308840,2021-11-09,19:00,Buffalo Bulls,Miami (OH) RedHawks,0,Yager Stadium,open_air,Artificial,America/New_York,America/New_York,America/New_York
2021,2,11,401309583,2021-11-09,20:00,Ohio Bobcats,Eastern Michigan Eagles,0,Rynearson Stadium,open_air,Artificial,America/Detroit,America/New_York,America/Detroit
2021,2,11,401309584,2021-11-09,19:00,Akron Zips,Western Michigan Broncos,0,Waldo Stadium,open_air,Artificial,America/Detroit,America/New_York,America/Detroit
2021,2,11,401309585,2021-11-10,19:00,Toledo Rockets,Bowling Green Falcons,0,Doyt L. Perry Stadium,open_air,Artificial,America/New_York,America/New_York,America/New_York
2021,2,11,401309586,2021-11-10,20:00,Kent State Golden Flashes,Central Michigan Chippewas,0,Kelly/Shorts Stadium,open_air,Artificial,America/Detroit,America/New_York,America/Detroit
2021,2,11,401309587,2021-11-10,18:00,Ball State Cardinals,Northern Illinois Huskies,0,Huskie Stadium,open_air,Artificial,America/Chicago,America/Indiana/Indianapolis,America/Chicago
2021,2,11,401282683,2021-11-11,19:30,North Carolina Tar Heels,Pittsburgh Panthers,0,Acrisure Stadium,open_air,Grass,America/New_York,America/New_York,America/New_York
2021,2,11,401301040,2021-11-12,18:00,Cincinnati Bearcats,South Florida Bulls,0,Raymond James Stadium,open_air,Grass,America/New_York,America/New_York,America/New_York
2021,2,11,401310742,2021-11-12,19:00,Wyoming Cowboys,Boise State Broncos,0,Albertsons Stadium,open_air,Artificial,America/Boise,America/Denver,America/Boise
2021,2,11,401282127,2021-11-13,11:00,New Mexico State Aggies,Alabama Crimson Tide,0,Bryant-Denny Stadium,open_air,Grass,America/Chicago,America/Denver,America/Chicago
2021,2,11,401282128,2021-11-13,11:00,Mississippi State Bulldogs,Auburn Tigers,0,Jordan-Hare Stadium,open_air,Grass,America/Chicago,America/Chicago,America/Chicago
2021,2,11,401282129,2021-11-13,12:00,Samford Bulldogs,Florida Gators,0,Ben Hill Griffin Stadium,open_air,Grass,America/New_York,,America/New_York
2021,2,11,401282130,2021-11-13,18:30,Arkansas Razorbacks,LSU Tigers,0,Tiger Stadium (LA),open_air,Grass,America/Chicago,America/Chicago,America/Chicago
2021,2,11,401282131,2021-11-13,18:00,Texas A&M Aggies,Ole Miss Rebels,0,Vaught-Hemingway Stadium,open_air,Grass,America/Chicago,America/Chicago,America/Chicago
2021,2,11,401282132,2021-11-13,15:00,South Carolina Gamecocks,Missouri Tigers,0,Memorial Stadium,open_air,Artificial,America/Chicago,America/New_York,America/Chicago
2021,2,11,401282133,2021-11-13,15:30,Georgia Bulldogs,Tennessee Volunteers,0,Neyland Stadium,open_air,Grass,America/New_York,America/New_York,America/New_York
2021,2,11,401282134,2021-11-13,18:00,Kentucky Wildcats,Vanderbilt Commodores,0,FirstBank Stadium,open_air,Artificial,America/Chicago,America/New_York,America/Chicago
2021,2,11,401282254,2021-11-13,14:30,Charlotte 49ers,Louisiana Tech Bulldogs,0,Joe Aillet Stadium,open_air,Artificial,America/Chicago,America/New_York,America/Chicago
2021,2,11,401282255,2021-11-13,14:30,Florida International Panthers,Middle Tennessee Blue Raiders,0,"Johnny ""Red"" Floyd Stadium",open_air,Artificial,America/Chicago,America/New_York,America/Chicago
2021,2,11,401282256,2021-11-13,15:30,Florida Atlantic Owls,Old Dominion Monarchs,0,S.B. Ballard Stadium,open_air,Artificial,America/New_York,America/New_York,America/New_York
2021,2,11,401282257,2021-11-13,15:30,UAB Blazers,Marshall Thundering Herd,0,Joan C. Edwards Stadium,open_air,Artificial,America/New_York,America/Chicago,America/New_York
2021,2,11,401282258,2021-11-13,15:00,UTEP Miners,North Texas Mean Green,0,DATCU Stadium,open_air,Artificial,America/Chicago,America/Denver,America/Chicago
2021,2,11,401282259,2021-11-13,13:00,Western Kentucky Hilltoppers,Rice Owls,0,Rice Stadium,open_air,Artificial,America/Chicago,America/Chicago,America/Chicago
2021,2,11,401282260,2021-11-13,14:30,Southern Miss Golden Eagles,UTSA Roadrunners,0,Alamodome,dome,Artificial,America/Chicago,America/Chicago,America/Chicago
2021,2,11,401282684,2021-11-13,12:00,UConn Huskies,Clemson Tigers,0,"Memorial Stadium (Clemson, SC)",open_air,Grass,America/New_York,America/New_York,America/New_York
2021,2,11,401282685,2021-11-13,15:30,Miami Hurricanes,Florida State Seminoles,0,Doak Campbell Stadium,open_air,Grass,America/New_York,America/New_York,America/New_York
2021,2,11,401282686,2021-11-13,15:30,Boston College Eagles,Georgia Tech Yellow Jackets,0,Bobby Dodd Stadium,open_air,Artificial,America/New_York,America/New_York,America/New_York
2021,2,11,401282687,2021-11-13,12:00,Syracuse Orange,Louisville Cardinals,0,L&N Federal Credit Union Stadium,open_air,Artificial,America/Kentucky/Louisville,America/New_York,America/Kentucky/Louisville
2021,2,11,401282688,2021-11-13,19:30,Notre Dame Fighting Irish,Virginia Cavaliers,0,Scott Stadium,open_air,Grass,America/New_York,America/Indiana/Indianapolis,America/New_York
2021,2,11,401282689,2021-11-13,15:30,Duke Blue Devils,Virginia Tech Hokies,0,Lane Stadium,open_air,Grass,America/New_York,America/New_York,America/New_York
2021,2,11,401282690,2021-11-13,19:30,NC State Wolfpack,Wake Forest Demon Deacons,0,Allegacy Federal Credit Union Stadium,open_air,Artificial,America/New_York,America/New_York,America/New_York
2021,2,11,401282728,2021-11-13,12:00,Rutgers Scarlet Knights,Indiana Hoosiers,0,"Memorial Stadium (Bloomington, IN)",open_air,Artificial,America/Indiana/Indianapolis,America/New_York,America/Indiana/Indianapolis
2021,2,11,401282762,2021-11-13,14:30,Minnesota Golden Gophers,Iowa Hawkeyes,0,Kinnick Stadium,open_air,Artificial,America/Chicago,America/Chicago,America/Chicago
2021,2,11,401282771,2021-11-13,16:00,Maryland Terrapins,Michigan State Spartans,0,Spartan Stadium,open_air,Grass,America/Detroit,America/New_York,America/Detroit
2021,2,11,401282780,2021-11-13,12:00,Michigan Wolverines,Penn State Nittany Lions,0,Beaver Stadium,open_air,Grass,America/New_York,America/Detroit,America/New_York
2021,2,11,401282806,2021-11-13,11:00,Northwestern Wildcats,Wisconsin Badgers,0,Camp Randall Stadium,open_air,Artificial,America/Chicago,America/Chicago,America/Chicago
2021,2,11,401282812,2021-11-13,15:30,Purdue Boilermakers,Ohio State Buckeyes,0,Ohio Stadium,open_air,Artificial,America/New_York,America/Indiana/Indianapolis,America/New_York
2021,2,11,401286304,2021-11-13,12:00,Maine Black Bears,Massachusetts Minutemen,0,Warren McGuirk Alumni Stadium,open_air,Artificial,America/New_York,,America/New_York
2021,2,11,401287938,2021-11-13,11:00,Oklahoma Sooners,Baylor Bears,0,McLane Stadium,open_air,Artificial,America/Chicago,America/Chicago,America/Chicago
2021,2,11,401287939,2021-11-13,11:00,West Virginia Mountaineers,Kansas State Wildcats,0,Bill Snyder Family Stadium,open_air,Artificial,America/Chicago,America/New_York,America/Chicago
2021,2,11,401287940,2021-11-13,19:00,TCU Horned Frogs,Oklahoma State Cowboys,0,Boone Pickens Stadium,open_air,Artificial,America/Chicago,America/Chicago,America/Chicago
2021,2,11,401287941,2021-11-13,18:30,Kansas Jayhawks,Texas Longhorns,0,DKR-Texas Memorial Stadium,open_air,Artificial,America/Chicago,America/Chicago,America/Chicago
2021,2,11,401287942,2021-11-13,14:30,Iowa State Cyclones,Texas Tech Red Raiders,0,Jones AT&T Stadium,open_air,Artificial,America/Chicago,America/Chicago,America/Chicago
2021,2,11,401301041,2021-11-13,11:00,UCF Knights,SMU Mustangs,0,Gerald J. Ford Stadium,open_air,Artificial,America/Chicago,America/New_York,America/Chicago
2021,2,11,401301042,2021-11-13,11:00,East Carolina Pirates,Memphis Tigers,0,Simmons Bank Liberty Stadium,open_air,Artificial,America/Chicago,America/New_York,America/Chicago
2021,2,11,401301043,2021-11-13,12:00,Houston Cougars,Temple Owls,0,Lincoln Financial Field,open_air,Artificial,America/New_York,America/Chicago,America/New_York
2021,2,11,401301044,2021-11-13,15:00,Tulsa Golden Hurricane,Tulane Green Wave,0,Yulman Stadium,open_air,Artificial,America/Chicago,America/Chicago,America/Chicago
2021,2,11,401309637,2021-11-13,14:30,South Alabama Jaguars,App State Mountaineers,0,Kidd Brewer Stadium,open_air,Artificial,America/New_York,America/Chicago,America/New_York
2021,2,11,401309638,2021-11-13,16:00,Arkansas State Red Wolves,UL Monroe Warhawks,0,Malone Stadium,open_air,Artificial,America/Chicago,America/Chicago,America/Chicago
2021,2,11,401309639,2021-11-13,14:00,Georgia State Panthers,Coastal Carolina Chanticleers,0,Brooks Stadium (SC),open_air,Artificial,America/New_York,America/New_York,America/New_York
2021,2,11,401309640,2021-11-13,14:00,Georgia Southern Eagles,Texas State Bobcats,0,Bobcat Stadium (TX),open_air,Artificial,America/Chicago,America/New_York,America/Chicago
2021,2,11,401309641,2021-11-13,14:30,Louisiana Ragin' Cajuns,Troy Trojans,0,Veterans Memorial Stadium (AL),open_air,Artificial,America/Chicago,America/Chicago,America/Chicago
2021,2,11,401309893,2021-11-13,12:30,USC Trojans,California Golden Bears,0,California Memorial Stadium,open_air,Artificial,America/Los_Angeles,America/Los_Angeles,America/Los_Angeles
2021,2,11,401309894,2021-11-13,14:30,Stanford Cardinal,Oregon State Beavers,0,Reser Stadium,open_air,Artificial,America/Los_Angeles,America/Los_Angeles,America/Los_Angeles
2021,2,11,401309895,2021-11-13,19:30,Washington State Cougars,Oregon Ducks,0,Autzen Stadium,open_air,Artificial,America/Los_Angeles,America/Los_Angeles,America/Los_Angeles
2021,2,11,401309896,2021-11-13,12:00,Utah Utes,Arizona Wildcats,0,Arizona Stadium,open_air,Artificial,America/Phoenix,America/Denver,America/Phoenix
2021,2,11,401309897,2021-11-13,16:00,Arizona State Sun Devils,Washington Huskies,0,Husky Stadium,open_air,Artificial,America/Los_Angeles,America/Phoenix,America/Los_Angeles
2021,2,11,401309898,2021-11-13,18:00,Colorado Buffaloes,UCLA Bruins,0,Rose Bowl,open_air,Grass,America/Los_Angeles,America/Denver,America/Los_Angeles
2021,2,11,401310254,2021-11-13,12:00,Bucknell Bison,Army Black Knights,0,Michie Stadium,open_air,Artificial,America/New_York,,America/New_York
2021,2,11,401310741,2021-11-13,17:00,Air Force Falcons,Colorado State Rams,0,Canvas Stadium,open_air,Artificial,America/Denver,America/Denver,America/Denver
2021,2,11,401310743,2021-11-13,16:00,New Mexico Lobos,Fresno State Bulldogs,0,Valley Children's Stadium,open_air,Artificial,America/Los_Angeles,America/Denver,America/Los_Angeles
2021,2,11,401310744,2021-11-13,19:30,Utah State Aggies,San José State Spartans,0,CEFCU Stadium,open_air,Artificial,America/Los_Angeles,America/Denver,America/Los_Angeles
2021,2,11,401310745,2021-11-13,13:00,Hawai'i Rainbow Warriors,UNLV Rebels,0,Allegiant Stadium,fixed_roof,Artificial,America/Los_Angeles,Pacific/Honolulu,America/Los_Angeles
2021,2,11,401310746,2021-11-13,19:30,Nevada Wolf Pack,San Diego State Aztecs,0,Snapdragon Stadium,open_air,Grass,America/Los_Angeles,America/Los_Angeles,America/Los_Angeles
2021,2,12,401308841,2021-11-16,20:00,Bowling Green Falcons,Miami (OH) RedHawks,0,Yager Stadium,open_air,Artificial,America/New_York,America/New_York,America/New_York
2021,2,12,401309588,2021-11-16,19:30,Western Michigan Broncos,Eastern Michigan Eagles,0,Rynearson Stadium,open_air,Artificial,America/Detroit,America/Detroit,America/Detroit
2021,2,12,401309589,2021-11-16,19:00,Toledo Rockets,Ohio Bobcats,0,Peden Stadium,open_air,Artificial,America/New_York,America/New_York,America/New_York
2021,2,12,401309590,2021-11-17,19:00,Northern Illinois Huskies,Buffalo Bulls,0,UB Stadium,open_air,Artificial,America/New_York,America/Chicago,America/New_York
2021,2,12,401309591,2021-11-17,19:00,Central Michigan Chippewas,Ball State Cardinals,0,Scheumann Stadium,open_air,Artificial,America/Indiana/Indianapolis,America/Detroit,America/Indiana/Indianapolis
2021,2,12,401282691,2021-11-18,19:30,Louisville Cardinals,Duke Blue Devils,0,Wallace Wade Stadium,open_air,Grass,America/New_York,America/Kentucky/Louisville,America/New_York
2021,2,12,401282264,2021-11-19,19:00,Southern Miss Golden Eagles,Louisiana Tech Bulldogs,0,Joe Aillet Stadium,open_air,Artificial,America/Chicago,America/Chicago,America/Chicago
2021,2,12,401301045,2021-11-19,20:00,Memphis Tigers,Houston Cougars,0,TDECU Stadium,open_air,Artificial,America/Chicago,America/Chicago,America/Chicago
2021,2,12,401309899,2021-11-19,18:00,Arizona Wildcats,Washington State Cougars,0,Gesa Field,open_air,Artificial,America/Los_Angeles,America/Phoenix,America/Los_Angeles
2021,2,12,401310747,2021-11-19,18:00,Air Force Falcons,Nevada Wolf Pack,0,Mackay Stadium,open_air,Artificial,America/Los_Angeles,America/Denver,America/Los_Angeles
2021,2,12,401310751,2021-11-19,20:30,San Diego State Aztecs,UNLV Rebels,0,Allegiant Stadium,fixed_roof,Artificial,America/Los_Angeles,America/Los_Angeles,America/Los_Angeles
2021,2,12,401282135,2021-11-20,14:30,Arkansas Razorbacks,Alabama Crimson Tide,0,Bryant-Denny Stadium,open_air,Grass,America/Chicago,America/Chicago,America/Chicago
2021,2,12,401282136,2021-11-20,12:00,Charleston Southern Buccaneers,Georgia Bulldogs,0,Sanford Stadium,open_air,Grass,America/New_York,,America/New_York
2021,2,12,401282137,2021-11-20,12:00,New Mexico State Aggies,Kentucky Wildcats,0,Kroger Field,open_air,Artificial,America/New_York,America/Denver,America/New_York
2021,2,12,401282138,2021-11-20,20:00,UL Monroe Warhawks,LSU Tigers,0,Tiger Stadium (LA),open_air,Grass,America/Chicago,America/Chicago,America/Chicago
2021,2,12,401282139,2021-11-20,18:30,Vanderbilt Commodores,Ole Miss Rebels,0,Vaught-Hemingway Stadium,open_air,Grass,America/Chicago,America/Chicago,America/Chicago
2021,2,12,401282140,2021-11-20,11:00,Tennessee State Tigers,Mississippi State Bulldogs,0,Davis Wade Stadium,open_air,Grass,America/Chicago,,America/Chicago
2021,2,12,401282141,2021-11-20,15:00,Florida Gators,Missouri Tigers,0,Memorial Stadium,open_air,Artificial,America/Chicago,America/New_York,America/Chicago
2021,2,12,401282142,2021-11-20,19:00,Auburn Tigers,South Carolina Gamecocks,0,Williams-Brice Stadium,open_air,Grass,America/New_York,America/Chicago,America/New_York
2021,2,12,401282143,2021-11-20,19:30,South Alabama Jaguars,Tennessee Volunteers,0,Neyland Stadium,open_air,Grass,America/New_York,America/Chicago,America/New_York
2021,2,12,401282144,2021-11-20,11:00,Prairie View A&M Panthers,Texas A&M Aggies,0,Kyle Field,open_air,Grass,America/Chicago,,America/Chicago
2021,2,12,401282261,2021-11-20,15:30,Marshall Thundering Herd,Charlotte 49ers,0,Jerry Richardson Stadium,open_air,Artificial,America/New_York,America/New_York,America/New_York
2021,2,12,401282262,2021-11-20,19:00,North Texas Mean Green,Florida International Panthers,0,FIU Stadium,open_air,Artificial,America/New_York,America/Chicago,America/New_York
2021,2,12,401282263,2021-11-20,11:00,Florida Atlantic Owls,Western Kentucky Hilltoppers,0,Houchens Industries-L.T. Smith Stadium,open_air,Artificial,America/Chicago,America/New_York,America/Chicago
2021,2,12,401282265,2021-11-20,14:30,Old Dominion Monarchs,Middle Tennessee Blue Raiders,0,"Johnny ""Red"" Floyd Stadium",open_air,Artificial,America/Chicago,America/New_York,America/Chicago
2021,2,12,401282266,2021-11-20,14:00,Rice Owls,UTEP Miners,0,Sun Bowl,open_air,Artificial,America/Denver,America/Chicago,America/Denver
2021,2,12,401282267,2021-11-20,14:30,UAB Blazers,UTSA Roadrunners,0,Alamodome,dome,Artificial,America/Chicago,America/Chicago,America/Chicago
2021,2,12,401282692,2021-11-20,12:00,Florida State Seminoles,Boston College Eagles,0,"Alumni Stadium (Chestnut Hill, MA)",open_air,Artificial,America/New_York,America/New_York,America/New_York
2021,2,12,401282693,2021-11-20,12:00,Wake Forest Demon Deacons,Clemson Tigers,0,"Memorial Stadium (Clemson, SC)",open_air,Grass,America/New_York,America/New_York,America/New_York
2021,2,12,401282694,2021-11-20,19:30,Virginia Tech Hokies,Miami Hurricanes,0,Hard Rock Stadium,open_air,Artificial,America/New_York,America/New_York,America/New_York
2021,2,12,401282695,2021-11-20,16:00,Syracuse Orange,NC State Wolfpack,0,Carter-Finley Stadium,open_air,Grass,America/New_York,America/New_York,America/New_York
2021,2,12,401282696,2021-11-20,12:00,Wofford Terriers,North Carolina Tar Heels,0,Kenan Stadium,open_air,Artificial,America/New_York,,America/New_York
2021,2,12,401282697,2021-11-20,14:30,Georgia Tech Yellow Jackets,Notre Dame Fighting Irish,0,Notre Dame Stadium,open_air,Artificial,America/Indiana/Indianapolis,America/New_York,America/Indiana/Indianapolis
2021,2,12,401282698,2021-11-20,15:30,Virginia Cavaliers,Pittsburgh Panthers,0,Acrisure Stadium,open_air,Grass,America/New_York,America/New_York,America/New_York
2021,2,12,401282721,2021-11-20,13:00,Illinois Fighting Illini,Iowa Hawkeyes,0,Kinnick Stadium,open_air,Artificial,America/Chicago,America/Chicago,America/Chicago
2021,2,12,401282732,2021-11-20,15:30,Minnesota Golden Gophers,Indiana Hoosiers,0,"Memorial Stadium (Bloomington, IN)",open_air,Artificial,America/Indiana/Indianapolis,America/Chicago,America/Indiana/Indianapolis
2021,2,12,401282770,2021-11-20,15:30,Michigan Wolverines,Maryland Terrapins,0,SECU Stadium,open_air,Artificial,America/New_York,America/Detroit,America/New_York
2021,2,12,401282786,2021-11-20,12:00,Michigan State Spartans,Ohio State Buckeyes,0,Ohio Stadium,open_air,Artificial,America/New_York,America/Detroit,America/New_York
2021,2,12,401282803,2021-11-20,14:30,Nebraska Cornhuskers,Wisconsin Badgers,0,Camp Randall Stadium,open_air,Artificial,America/Chicago,America/Chicago,America/Chicago
2021,2,12,401282808,2021-11-20,17:00,Purdue Boilermakers,Northwestern Wildcats,1,Wrigley Field,,,America/Chicago,America/Indiana/Indianapolis,
2021,2,12,401282818,2021-11-20,12:00,Rutgers Scarlet Knights,Penn State Nittany Lions,0,Beaver Stadium,open_air,Grass,America/New_York,America/New_York,America/New_York
2021,2,12,401286293,2021-11-20,16:00,UConn Huskies,UCF Knights,0,FBC Mortgage Stadium,open_air,Grass,America/New_York,America/New_York,America/New_York
2021,2,12,401286298,2021-11-20,16:00,Louisiana Ragin' Cajuns,Liberty Flames,0,Williams Stadium (VA),open_air,Artificial,America/New_York,America/Chicago,America/New_York
2021,2,12,401286305,2021-11-20,12:00,Massachusetts Minutemen,Army Black Knights,0,Michie Stadium,open_air,Artificial,America/New_York,America/New_York,America/New_York
2021,2,12,401287943,2021-11-20,16:30,Baylor Bears,Kansas State Wildcats,0,Bill Snyder Family Stadium,open_air,Artificial,America/Chicago,America/Chicago,America/Chicago
2021,2,12,401287944,2021-11-20,11:00,Iowa State Cyclones,Oklahoma Sooners,0,"Memorial Stadium (Norman, OK)",open_air,Grass,America/Chicago,America/Chicago,America/Chicago
2021,2,12,401287945,2021-11-20,15:00,Kansas Jayhawks,TCU Horned Frogs,0,Amon G. Carter Stadium,open_air,Grass,America/Chicago,America/Chicago,America/Chicago
2021,2,12,401287946,2021-11-20,19:00,Oklahoma State Cowboys,Texas Tech Red Raiders,0,Jones AT&T Stadium,open_air,Artificial,America/Chicago,America/Chicago,America/Chicago
2021,2,12,401287947,2021-11-20,12:00,Texas Longhorns,West Virginia Mountaineers,0,Milan Puskar Stadium,open_air,Artificial,America/New_York,America/Chicago,America/New_York
2021,2,12,401301046,2021-11-20,15:40,SMU Mustangs,Cincinnati Bearcats,0,Nippert Stadium,open_air,Artificial,America/New_York,America/Chicago,America/New_York
2021,2,12,401301047,2021-11-20,15:30,East Carolina Pirates,Navy Midshipmen,0,Navy-Marine Corps Memorial Stadium,open_air,Artificial,America/New_York,America/New_York,America/New_York
2021,2,12,401301048,2021-11-20,11:00,South Florida Bulls,Tulane Green Wave,0,Yulman Stadium,open_air,Artificial,America/Chicago,America/New_York,America/Chicago
2021,2,12,401301049,2021-11-20,15:00,Temple Owls,Tulsa Golden Hurricane,0,Chapman Stadium,open_air,Artificial,America/Chicago,America/New_York,America/Chicago
2021,2,12,401309592,2021-11-20,12:00,Kent State Golden Flashes,Akron Zips,0,InfoCision Stadium,open_air,Artificial,America/New_York,America/New_York,America/New_York
2021,2,12,401309642,2021-11-20,14:30,App State Mountaineers,Troy Trojans,0,Veterans Memorial Stadium (AL),open_air,Artificial,America/Chicago,America/New_York,America/Chicago
2021,2,12,401309643,2021-11-20,14:00,Arkansas State Red Wolves,Georgia State Panthers,0,Center Parc Stadium,open_air,Artificial,America/New_York,America/Chicago,America/New_York
2021,2,12,401309644,2021-11-20,13:00,Texas State Bobcats,Coastal Carolina Chanticleers,0,Brooks Stadium (SC),open_air,Artificial,America/New_York,America/Chicago,America/New_York
2021,2,12,401309645,2021-11-20,16:00,BYU Cougars,Georgia Southern Eagles,0,Allen E. Paulson Stadium,open_air,Artificial,America/New_York,America/Denver,America/New_York
2021,2,12,401309900,2021-11-20,16:00,California Golden Bears,Stanford Cardinal,0,Stanford Stadium,open_air,Grass,America/Los_Angeles,America/Los_Angeles,America/Los_Angeles
2021,2,12,401309901,2021-11-20,17:30,Oregon Ducks,Utah Utes,0,Rice-Eccles Stadium,open_air,Artificial,America/Denver,America/Los_Angeles,America/Denver
2021,2,12,401309902,2021-11-20,19:30,Arizona State Sun Devils,Oregon State Beavers,0,Reser Stadium,open_air,Artificial,America/Los_Angeles,America/Phoenix,America/Los_Angeles
2021,2,12,401309903,2021-11-20,13:00,Washington Huskies,Colorado Buffaloes,0,Folsom Field,open_air,Grass,America/Denver,America/Los_Angeles,America/Denver
2021,2,12,401309904,2021-11-20,13:00,UCLA Bruins,USC Trojans,0,Los Angeles Memorial Coliseum,open_air,Grass,America/Los_Angeles,America/Los_Angeles,America/Los_Angeles
2021,2,12,401310748,2021-11-20,19:00,New Mexico Lobos,Boise State Broncos,0,Albertsons Stadium,open_air,Artificial,America/Boise,America/Denver,America/Boise
2021,2,12,401310749,2021-11-20,18:00,Colorado State Rams,Hawai'i Rainbow Warriors,0,Clarence T.C. Ching Athletics Complex,open_air,Grass,Pacific/Honolulu,America/Denver,Pacific/Honolulu
2021,2,12,401310750,2021-11-20,18:00,Wyoming Cowboys,Utah State Aggies,0,Maverik Stadium,open_air,Artificial,America/Denver,America/Denver,America/Denver
2021,2,13,401309593,2021-11-23,19:00,Buffalo Bulls,Ball State Cardinals,0,Scheumann Stadium,open_air,Artificial,America/Indiana/Indianapolis,America/New_York,America/Indiana/Indianapolis
2021,2,13,401309594,2021-11-23,18:00,Western Michigan Broncos,Northern Illinois Huskies,0,Huskie Stadium,open_air,Artificial,America/Chicago,America/Detroit,America/Chicago
2021,2,13,401282151,2021-11-25,18:30,Ole Miss Rebels,Mississippi State Bulldogs,0,Davis Wade Stadium,open_air,Grass,America/Chicago,America/Chicago,America/Chicago
2021,2,13,401310757,2021-11-25,12:30,Fresno State Bulldogs,San José State Spartans,0,CEFCU Stadium,open_air,Artificial,America/Los_Angeles,America/Los_Angeles,America/Los_Angeles
2021,2,13,401282145,2021-11-26,14:30,Missouri Tigers,Arkansas Razorbacks,0,Razorback Stadium,open_air,Artificial,America/Chicago,America/Chicago,America/Chicago
2021,2,13,401282274,2021-11-26,13:00,UTEP Miners,UAB Blazers,0,Protective Stadium,open_air,Artificial,America/Chicago,America/Denver,America/Chicago
2021,2,13,401282699,2021-11-26,19:00,North Carolina Tar Heels,NC State Wolfpack,0,Carter-Finley Stadium,open_air,Grass,America/New_York,America/New_York,America/New_York
2021,2,13,401282761,2021-11-26,12:30,Iowa Hawkeyes,Nebraska Cornhuskers,0,"Memorial Stadium (Lincoln, NE)",open_air,Artificial,America/Chicago,America/Chicago,America/Chicago
2021,2,13,401287949,2021-11-26,15:30,TCU Horned Frogs,Iowa State Cyclones,0,Jack Trice Stadium,open_air,Grass,America/Chicago,America/Chicago,America/Chicago
2021,2,13,401287952,2021-11-26,11:00,Kansas State Wildcats,Texas Longhorns,0,DKR-Texas Memorial Stadium,open_air,Artificial,America/Chicago,America/Chicago,America/Chicago
2021,2,13,401301050,2021-11-26,15:30,South Florida Bulls,UCF Knights,0,FBC Mortgage Stadium,open_air,Grass,America/New_York,America/New_York,America/New_York
2021,2,13,401301051,2021-11-26,15:50,Cincinnati Bearcats,East Carolina Pirates,0,Dowdy-Ficklen Stadium,open_air,Grass,America/New_York,America/New_York,America/New_York
2021,2,13,401309595,2021-11-26,12:00,Eastern Michigan Eagles,Central Michigan Chippewas,0,Kelly/Shorts Stadium,open_air,Artificial,America/Detroit,America/Detroit,America/Detroit
2021,2,13,401309596,2021-11-26,12:00,Ohio Bobcats,Bowling Green Falcons,0,Doyt L. Perry Stadium,open_air,Artificial,America/New_York,America/New_York,America/New_York
2021,2,13,401309648,2021-11-26,14:30,Coastal Carolina Chanticleers,South Alabama Jaguars,0,Hancock Whitney Stadium,open_air,Artificial,America/Chicago,America/New_York,America/Chicago
2021,2,13,401309905,2021-11-26,17:00,Washington State Cougars,Washington Huskies,0,Husky Stadium,open_air,Artificial,America/Los_Angeles,America/Los_Angeles,America/Los_Angeles
2021,2,13,401309906,2021-11-26,14:00,Colorado Buffaloes,Utah Utes,0,Rice-Eccles Stadium,open_air,Artificial,America/Denver,America/Denver,America/Denver
2021,2,13,401310752,2021-11-26,13:30,UNLV Rebels,Air Force Falcons,0,Falcon Stadium,open_air,Artificial,America/Denver,America/Los_Angeles,America/Denver
2021,2,13,401310753,2021-11-26,09:00,Boise State Broncos,San Diego State Aztecs,0,Snapdragon Stadium,open_air,Grass,America/Los_Angeles,America/Boise,America/Los_Angeles
2021,2,13,401310755,2021-11-26,11:00,Utah State Aggies,New Mexico Lobos,0,University Stadium (NM),open_air,Artificial,America/Denver,America/Denver,America/Denver
2021,2,13,401282146,2021-11-27,14:30,Alabama Crimson Tide,Auburn Tigers,0,Jordan-Hare Stadium,open_air,Grass,America/Chicago,America/Chicago,America/Chicago
2021,2,13,401282147,2021-11-27,12:00,Florida State Seminoles,Florida Gators,0,Ben Hill Griffin Stadium,open_air,Grass,America/New_York,America/New_York,America/New_York
2021,2,13,401282148,2021-11-27,12:00,Georgia Bulldogs,Georgia Tech Yellow Jackets,0,Bobby Dodd Stadium,open_air,Artificial,America/New_York,America/New_York,America/New_York
2021,2,13,401282149,2021-11-27,19:30,Kentucky Wildcats,Louisville Cardinals,0,L&N Federal Credit Union Stadium,open_air,Artificial,America/Kentucky/Louisville,America/New_York,America/Kentucky/Louisville
2021,2,13,401282150,2021-11-27,18:00,Texas A&M Aggies,LSU Tigers,0,Tiger Stadium (LA),open_air,Grass,America/Chicago,America/Chicago,America/Chicago
2021,2,13,401282152,2021-11-27,19:30,Clemson Tigers,South Carolina Gamecocks,0,Williams-Brice Stadium,open_air,Grass,America/New_York,America/New_York,America/New_York
2021,2,13,401282153,2021-11-27,15:45,Vanderbilt Commodores,Tennessee Volunteers,0,Neyland Stadium,open_air,Grass,America/New_York,America/Chicago,America/New_York
2021,2,13,401282268,2021-11-27,14:00,Charlotte 49ers,Old Dominion Monarchs,0,S.B. Ballard Stadium,open_air,Artificial,America/New_York,America/New_York,America/New_York
2021,2,13,401282269,2021-11-27,14:00,Florida International Panthers,Southern Miss Golden Eagles,0,M. M. Roberts Stadium,open_air,Artificial,America/Chicago,America/New_York,America/Chicago
2021,2,13,401282270,2021-11-27,19:00,Middle Tennessee Blue Raiders,Florida Atlantic Owls,0,FAU Stadium,open_air,Artificial,America/New_York,America/Chicago,America/New_York
2021,2,13,401282271,2021-11-27,12:00,Louisiana Tech Bulldogs,Rice Owls,0,Rice Stadium,open_air,Artificial,America/Chicago,America/Chicago,America/Chicago
2021,2,13,401282272,2021-11-27,15:30,Western Kentucky Hilltoppers,Marshall Thundering Herd,0,Joan C. Edwards Stadium,open_air,Artificial,America/New_York,America/Chicago,America/New_York
2021,2,13,401282273,2021-11-27,13:00,UTSA Roadrunners,North Texas Mean Green,0,DATCU Stadium,open_air,Artificial,America/Chicago,America/Chicago,America/Chicago
2021,2,13,401282700,2021-11-27,12:00,Wake Forest Demon Deacons,Boston College Eagles,0,"Alumni Stadium (Chestnut Hill, MA)",open_air,Artificial,America/New_York,America/New_York,America/New_York
2021,2,13,401282701,2021-11-27,12:30,Miami Hurricanes,Duke Blue Devils,0,Wallace Wade Stadium,open_air,Grass,America/New_York,America/New_York,America/New_York
2021,2,13,401282702,2021-11-27,19:30,Pittsburgh Panthers,Syracuse Orange,0,JMA Wireless Dome,dome,Artificial,America/New_York,America/New_York,America/New_York
2021,2,13,401282703,2021-11-27,15:45,Virginia Tech Hokies,Virginia Cavaliers,0,Scott Stadium,open_air,Grass,America/New_York,America/New_York,America/New_York
2021,2,13,401282711,2021-11-27,17:00,Notre Dame Fighting Irish,Stanford Cardinal,0,Stanford Stadium,open_air,Grass,America/Los_Angeles,America/Indiana/Indianapolis,America/Los_Angeles
2021,2,13,401282722,2021-11-27,14:30,Northwestern Wildcats,Illinois Fighting Illini,0,"Memorial Stadium (Champaign, IL)",open_air,Artificial,America/Chicago,America/Chicago,America/Chicago
2021,2,13,401282753,2021-11-27,15:30,Indiana Hoosiers,Purdue Boilermakers,0,Ross-Ade Stadium,open_air,Grass,America/Indiana/Indianapolis,America/Indiana/Indianapolis,America/Indiana/Indianapolis
2021,2,13,401282766,2021-11-27,12:00,Maryland Terrapins,Rutgers Scarlet Knights,0,SHI Stadium,open_air,Artificial,America/New_York,America/New_York,America/New_York
2021,2,13,401282781,2021-11-27,12:00,Ohio State Buckeyes,Michigan Wolverines,0,Michigan Stadium,open_air,Artificial,America/Detroit,America/New_York,America/Detroit
2021,2,13,401282785,2021-11-27,15:30,Penn State Nittany Lions,Michigan State Spartans,0,Spartan Stadium,open_air,Grass,America/Detroit,America/New_York,America/Detroit
2021,2,13,401282794,2021-11-27,15:00,Wisconsin Badgers,Minnesota Golden Gophers,0,Huntington Bank Stadium,open_air,Artificial,America/Chicago,America/Chicago,America/Chicago
2021,2,13,401286299,2021-11-27,12:00,Army Black Knights,Liberty Flames,0,Williams Stadium (VA),open_air,Artificial,America/New_York,America/New_York,America/New_York
2021,2,13,401286306,2021-11-27,13:00,Massachusetts Minutemen,New Mexico State Aggies,0,Aggie Memorial Stadium,open_air,Artificial,America/Denver,America/New_York,America/Denver
2021,2,13,401287948,2021-11-27,11:00,Texas Tech Red Raiders,Baylor Bears,0,McLane Stadium,open_air,Artificial,America/Chicago,America/Chicago,America/Chicago
2021,2,13,401287950,2021-11-27,18:00,West Virginia Mountaineers,Kansas Jayhawks,0,Memorial Stadium,open_air,Artificial,America/Chicago,America/New_York,America/Chicago
2021,2,13,401287951,2021-11-27,18:30,Oklahoma Sooners,Oklahoma State Cowboys,0,Boone Pickens Stadium,open_air,Artificial,America/Chicago,America/Chicago,America/Chicago
2021,2,13,401301052,2021-11-27,12:00,Houston Cougars,UConn Huskies,0,Pratt & Whitney Stadium,open_air,Grass,America/New_York,America/Chicago,America/New_York
2021,2,13,401301053,2021-11-27,18:30,Tulane Green Wave,Memphis Tigers,0,Simmons Bank Liberty Stadium,open_air,Artificial,America/Chicago,America/Chicago,America/Chicago
2021,2,13,401301054,2021-11-27,12:00,Navy Midshipmen,Temple Owls,0,Lincoln Financial Field,open_air,Artificial,America/New_York,America/New_York,America/New_York
2021,2,13,401301055,2021-11-27,15:00,Tulsa Golden Hurricane,SMU Mustangs,0,Gerald J. Ford Stadium,open_air,Artificial,America/Chicago,America/Chicago,America/Chicago
2021,2,13,401308842,2021-11-27,12:00,Miami (OH) RedHawks,Kent State Golden Flashes,0,Dix Stadium,open_air,Artificial,America/New_York,America/New_York,America/New_York
2021,2,13,401309597,2021-11-27,12:00,Akron Zips,Toledo Rockets,0,Glass Bowl,open_air,Artificial,America/New_York,America/New_York,America/New_York
2021,2,13,401309646,2021-11-27,14:30,Georgia Southern Eagles,App State Mountaineers,0,Kidd Brewer Stadium,open_air,Artificial,America/New_York,America/New_York,America/New_York
2021,2,13,401309647,2021-11-27,13:00,Texas State Bobcats,Arkansas State Red Wolves,0,Centennial Bank Stadium,open_air,Artificial,America/Chicago,America/Chicago,America/Chicago
2021,2,13,401309649,2021-11-27,14:00,Troy Trojans,Georgia State Panthers,0,Center Parc Stadium,open_air,Artificial,America/New_York,America/Chicago,America/New_York
2021,2,13,401309650,2021-11-27,15:00,UL Monroe Warhawks,Louisiana Ragin' Cajuns,0,Cajun Field,open_air,Artificial,America/Chicago,America/Chicago,America/Chicago
2021,2,13,401309907,2021-11-27,19:30,California Golden Bears,UCLA Bruins,0,Rose Bowl,open_air,Grass,America/Los_Angeles,America/Los_Angeles,America/Los_Angeles
2021,2,13,401309908,2021-11-27,12:30,Oregon State Beavers,Oregon Ducks,0,Autzen Stadium,open_air,Artificial,America/Los_Angeles,America/Los_Angeles,America/Los_Angeles
2021,2,13,401309909,2021-11-27,14:00,Arizona Wildcats,Arizona State Sun Devils,0,Mountain America Stadium,open_air,Grass,America/Phoenix,America/Phoenix,America/Phoenix
2021,2,13,401309910,2021-11-27,19:30,BYU Cougars,USC Trojans,0,Los Angeles Memorial Coliseum,open_air,Grass,America/Los_Angeles,America/Denver,America/Los_Angeles
2021,2,13,401310754,2021-11-27,19:00,Nevada Wolf Pack,Colorado State Rams,0,Canvas Stadium,open_air,Artificial,America/Denver,America/Los_Angeles,America/Denver
2021,2,13,401310756,2021-11-27,13:00,Hawai'i Rainbow Warriors,Wyoming Cowboys,0,War Memorial Stadium,open_air,Artificial,America/Denver,Pacific/Honolulu,America/Denver
2021,2,14,401282156,2021-12-03,18:00,Western Kentucky Hilltoppers,UTSA Roadrunners,0,Alamodome,dome,Artificial,America/Chicago,America/Chicago,America/Chicago
2021,2,14,401331159,2021-12-03,17:00,Oregon Ducks,Utah Utes,1,Allegiant Stadium,fixed_roof,Artificial,America/Denver,America/Los_Angeles,America/Los_Angeles
2021,2,14,401282154,2021-12-04,21:00,Georgia Bulldogs,Alabama Crimson Tide,1,Mercedes-Benz Stadium,,,America/Chicago,America/New_York,
2021,2,14,401287953,2021-12-04,17:00,Baylor Bears,Oklahoma State Cowboys,1,AT&T Stadium,,,America/Chicago,America/Chicago,
2021,2,14,401310676,2021-12-04,12:00,Utah State Aggies,San Diego State Aztecs,0,Snapdragon Stadium,open_air,Grass,America/Los_Angeles,America/Denver,America/Los_Angeles
2021,2,14,401331160,2021-12-04,17:00,Kent State Golden Flashes,Northern Illinois Huskies,1,Ford Field,,,America/Chicago,America/New_York,
2021,2,14,401331161,2021-12-04,14:30,App State Mountaineers,Louisiana Ragin' Cajuns,0,Cajun Field,open_air,Artificial,America/Chicago,America/New_York,America/Chicago
2021,2,14,401331162,2021-12-04,16:00,Houston Cougars,Cincinnati Bearcats,0,Nippert Stadium,open_air,Artificial,America/New_York,America/Chicago,America/New_York
2021,2,14,401387250,2021-12-04,20:00,USC Trojans,California Golden Bears,0,California Memorial Stadium,open_air,Artificial,America/Los_Angeles,America/Los_Angeles,America/Los_Angeles
2021,2,14,401331163,2021-12-05,01:00,Pittsburgh Panthers,Wake Forest Demon Deacons,1,Bank of America Stadium,,,America/New_York,America/New_York,
2021,2,14,401331447,2021-12-05,01:00,Michigan Wolverines,Iowa Hawkeyes,1,Lucas Oil Stadium,,,America/Chicago,America/Detroit,
2021,2,15,401301056,2021-12-11,20:00,Army Black Knights,Navy Midshipmen,1,MetLife Stadium,,,America/New_York,America/New_York,
