season,season_type,week,game_id,game_date,game_time,away_team,home_team,neutral_site,stadium,roof,surface,home_timezone,away_timezone,game_timezone
2024,2,1,401635525,2024-08-24,16:00,Florida State Seminoles,Georgia Tech Yellow Jackets,1,Aviva Stadium,,,America/New_York,America/New_York,
2024,2,1,401643696,2024-08-24,17:00,SMU Mustangs,Nevada Wolf Pack,0,Mackay Stadium,open_air,Artificial,America/Los_Angeles,America/Chicago,America/Los_Angeles
2024,2,1,401643697,2024-08-24,14:00,Montana State Bobcats,New Mexico Lobos,0,University Stadium (NM),open_air,Artificial,America/Denver,,America/Denver
2024,2,1,401643858,2024-08-24,17:59,Delaware State Hornets,Hawai'i Rainbow Warriors,0,Clarence T.C. Ching Athletics Complex,open_air,Grass,Pacific/Honolulu,,Pacific/Honolulu
2024,2,1,401628320,2024-08-29,23:30,Arkansas-Pine Bluff Golden Lions,Arkansas Razorbacks,1,War Memorial Stadium (AR),,,America/Chicago,,
2024,2,1,401628327,2024-08-29,19:00,Murray State Racers,Missouri Tigers,0,Memorial Stadium,open_air,Artificial,America/Chicago,,America/Chicago
2024,2,1,401628448,2024-08-29,20:00,North Carolina Tar Heels,Minnesota Golden Gophers,0,Huntington Bank Stadium,open_air,Artificial,America/Chicago,America/New_York,America/Chicago
2024,2,1,401628458,2024-08-29,18:00,Howard Bison,Rutgers Scarlet Knights,0,SHI Stadium,open_air,Artificial,America/New_York,,America/New_York
2024,2,1,401628579,2024-08-29,19:00,Bryant Bulldogs,Delaware Blue Hens,0,Delaware Stadium,open_air,Artificial,America/New_York,,America/New_York
2024,2,1,401628581,2024-08-29,19:00,North Carolina A&T Aggies,Wake Forest Demon Deacons,0,Allegacy Federal Credit Union Stadium,open_air,Artificial,America/New_York,,America/New_York
2024,2,1,401628582,2024-08-29,19:00,New Hampshire Wildcats,UCF Knights,0,FBC Mortgage Stadium,open_air,Grass,America/New_York,,America/New_York
2024,2,1,401634206,2024-08-29,18:00,North Dakota State Bison,Colorado Buffaloes,0,Folsom Field,open_air,Grass,America/Denver,America/Chicago,America/Denver
2024,2,1,401634299,2024-08-29,19:32,Western Carolina Catamounts,NC State Wolfpack,0,Carter-Finley Stadium,open_air,Grass,America/New_York,,America/New_York
2024,2,1,401636387,2024-08-29,20:00,Jackson State Tigers,UL Monroe Warhawks,0,Malone Stadium,open_air,Artificial,America/Chicago,,America/Chicago
2024,2,1,401636606,2024-08-29,19:00,Lindenwood Lions,Kansas Jayhawks,0,Memorial Stadium,open_air,Artificial,America/Chicago,,America/Chicago
2024,2,1,401636607,2024-08-29,19:00,Southern Utah Thunderbirds,Utah Utes,0,Rice-Eccles Stadium,open_air,Artificial,America/Denver,,America/Denver
2024,2,1,401640998,2024-08-29,19:00,Coastal Carolina Chanticleers,Jacksonville State Gamecocks,0,AmFirst Stadium,open_air,Artificial,America/Chicago,America/New_York,America/Chicago
2024,2,1,401643698,2024-08-29,19:00,Sacramento State Hornets,San José State Spartans,0,CEFCU Stadium,open_air,Artificial,America/Los_Angeles,America/Los_Angeles,America/Los_Angeles
2024,2,1,401644727,2024-08-29,19:00,Lafayette Leopards,Buffalo Bulls,0,UB Stadium,open_air,Artificial,America/New_York,,America/New_York
2024,2,1,401644728,2024-08-29,19:30,Duquesne Dukes,Toledo Rockets,0,Glass Bowl,open_air,Artificial,America/New_York,,America/New_York
2024,2,1,401644729,2024-08-29,19:00,Fordham Rams,Bowling Green Falcons,0,Doyt L. Perry Stadium,open_air,Artificial,America/New_York,,America/New_York
2024,2,1,401644730,2024-08-29,19:00,Central Connecticut Blue Devils,Central Michigan Chippewas,0,Kelly/Shorts Stadium,open_air,Artificial,America/Detroit,,America/Detroit
2024,2,1,401645316,2024-08-29,19:00,Alcorn State Braves,UAB Blazers,0,Protective Stadium,open_air,Artificial,America/Chicago,,America/Chicago
2024,2,1,401645317,2024-08-29,19:00,SE Louisiana Lions,Tulane Green Wave,0,Yulman Stadium,open_air,Artificial,America/Chicago,,America/Chicago
2024,2,1,401645318,2024-08-29,19:00,Northwestern State Demons,Tulsa Golden Hurricane,0,Chapman Stadium,open_air,Artificial,America/Chicago,,America/Chicago
2024,2,1,401654845,2024-08-29,20:15,Eastern Illinois Panthers,Illinois Fighting Illini,0,"Memorial Stadium (Champaign, IL)",open_air,Artificial,America/Chicago,,America/Chicago
2024,2,1,401628328,2024-08-30,18:00,Temple Owls,Oklahoma Sooners,0,"Memorial Stadium (Norman, OK)",open_air,Grass,America/Chicago,America/New_York,America/Chicago
2024,2,1,401628453,2024-08-30,19:00,Florida Atlantic Owls,Michigan State Spartans,0,Spartan Stadium,open_air,Grass,America/Detroit,America/New_York,America/Detroit
2024,2,1,401628461,2024-08-30,20:00,Western Michigan Broncos,Wisconsin Badgers,0,Camp Randall Stadium,open_air,Artificial,America/Chicago,America/Detroit,America/Chicago
2024,2,1,401628584,2024-08-30,19:30,Elon Phoenix,Duke Blue Devils,0,Wallace Wade Stadium,open_air,Grass,America/New_York,,America/New_York
2024,2,1,401634300,2024-08-30,19:30,TCU Horned Frogs,Stanford Cardinal,0,Stanford Stadium,open_air,Grass,America/Los_Angeles,America/Chicago,America/Los_Angeles
2024,2,1,401645319,2024-08-30,18:00,Lehigh Mountain Hawks,Army Black Knights,0,Michie Stadium,open_air,Artificial,America/New_York,,America/New_York
2024,2,1,401628319,2024-08-31,18:00,Western Kentucky Hilltoppers,Alabama Crimson Tide,0,Bryant-Denny Stadium,open_air,Grass,America/Chicago,America/Chicago,America/Chicago
2024,2,1,401628321,2024-08-31,18:30,Alabama A&M Bulldogs,Auburn Tigers,0,Jordan-Hare Stadium,open_air,Grass,America/Chicago,,America/Chicago
2024,2,1,401628322,2024-08-31,15:30,Miami Hurricanes,Florida Gators,0,Ben Hill Griffin Stadium,open_air,Grass,America/New_York,America/New_York,America/New_York
2024,2,1,401628323,2024-08-31,16:00,Clemson Tigers,Georgia Bulldogs,1,Mercedes-Benz Stadium,,,America/New_York,America/New_York,
2024,2,1,401628324,2024-08-31,19:45,Southern Miss Golden Eagles,Kentucky Wildcats,0,Kroger Field,open_air,Artificial,America/New_York,America/Chicago,America/New_York
2024,2,1,401628325,2024-08-31,18:00,Furman Paladins,Ole Miss Rebels,0,Vaught-Hemingway Stadium,open_air,Grass,America/Chicago,,America/Chicago
2024,2,1,401628326,2024-08-31,17:00,Eastern Kentucky Colonels,Mississippi State Bulldogs,0,Davis Wade Stadium,open_air,Grass,America/Chicago,,America/Chicago
2024,2,1,401628329,2024-08-31,16:15,Old Dominion Monarchs,South Carolina Gamecocks,0,Williams-Brice Stadium,open_air,Grass,America/New_York,America/New_York,America/New_York
2024,2,1,401628330,2024-08-31,12:45,Chattanooga Mocs,Tennessee Volunteers,0,Neyland Stadium,open_air,Grass,America/New_York,,America/New_York
2024,2,1,401628331,2024-08-31,14:30,Colorado State Rams,Texas Longhorns,0,DKR-Texas Memorial Stadium,open_air,Artificial,America/Chicago,America/Denver,America/Chicago
2024,2,1,401628332,2024-08-31,18:30,Notre Dame Fighting Irish,Texas A&M Aggies,0,Kyle Field,open_air,Grass,America/Chicago,America/Indiana/Indianapolis,America/Chicago
2024,2,1,401628333,2024-08-31,11:00,Virginia Tech Hokies,Vanderbilt Commodores,0,FirstBank Stadium,open_air,Artificial,America/Chicago,America/New_York,America/Chicago
2024,2,1,401628449,2024-08-31,15:30,Florida International Panthers,Indiana Hoosiers,0,"Memorial Stadium (Bloomington, IN)",open_air,Artificial,America/Indiana/Indianapolis,America/New_York,America/Indiana/Indianapolis
2024,2,1,401628450,2024-08-31,11:00,Illinois State Redbirds,Iowa Hawkeyes,0,Kinnick Stadium,open_air,Artificial,America/Chicago,,America/Chicago
2024,2,1,401628451,2024-08-31,12:00,UConn Huskies,Maryland Terrapins,0,SECU Stadium,open_air,Artificial,America/New_York,America/New_York,America/New_York
2024,2,1,401628452,2024-08-31,19:30,Fresno State Bulldogs,Michigan Wolverines,0,Michigan Stadium,open_air,Artificial,America/Detroit,America/Los_Angeles,America/Detroit
2024,2,1,401628454,2024-08-31,14:30,UTEP Miners,Nebraska Cornhuskers,0,"Memorial Stadium (Lincoln, NE)",open_air,Artificial,America/Chicago,America/Denver,America/Chicago
2024,2,1,401628455,2024-08-31,15:30,Akron Zips,Ohio State Buckeyes,0,Ohio Stadium,open_air,Artificial,America/New_York,America/New_York,America/New_York
2024,2,1,401628456,2024-08-31,16:30,Idaho Vandals,Oregon Ducks,0,Autzen Stadium,open_air,Artificial,America/Los_Angeles,,America/Los_Angeles
2024,2,1,401628457,2024-08-31,12:00,Penn State Nittany Lions,West Virginia Mountaineers,0,Milan Puskar Stadium,open_air,Artificial,America/New_York,America/New_York,America/New_York
2024,2,1,401628459,2024-08-31,13:30,UCLA Bruins,Hawai'i Rainbow Warriors,0,Clarence T.C. Ching Athletics Complex,open_air,Grass,Pacific/Honolulu,America/Los_Angeles,Pacific/Honolulu
2024,2,1,401628460,2024-08-31,20:00,Weber State Wildcats,Washington Huskies,0,Husky Stadium,open_air,Artificial,America/Los_Angeles,,America/Los_Angeles
2024,2,1,401628586,2024-08-31,18:00,Campbell Fighting Camels,Liberty Flames,0,Williams Stadium (VA),open_air,Artificial,America/New_York,,America/New_York
2024,2,1,401628589,2024-08-31,18:00,Richmond Spiders,Virginia Cavaliers,0,Scott Stadium,open_air,Grass,America/New_York,,America/New_York
2024,2,1,401628590,2024-08-31,17:00,Stony Brook Seawolves,Marshall Thundering Herd,0,Joan C. Edwards Stadium,open_air,Artificial,America/New_York,,America/New_York
2024,2,1,401628591,2024-08-31,14:30,Towson Tigers,Cincinnati Bearcats,0,Nippert Stadium,open_air,Artificial,America/New_York,,America/New_York
2024,2,1,401629039,2024-08-31,15:30,Eastern Michigan Eagles,Massachusetts Minutemen,0,Warren McGuirk Alumni Stadium,open_air,Artificial,America/New_York,America/Detroit,America/New_York
2024,2,1,401632062,2024-08-31,12:00,Austin Peay Governors,Louisville Cardinals,0,L&N Federal Credit Union Stadium,open_air,Artificial,America/Kentucky/Louisville,,America/Kentucky/Louisville
2024,2,1,401632064,2024-08-31,18:00,Central Arkansas Bears,Arkansas State Red Wolves,0,Centennial Bank Stadium,open_air,Artificial,America/Chicago,,America/Chicago
2024,2,1,401634133,2024-08-31,15:30,East Tennessee State Buccaneers,App State Mountaineers,0,Kidd Brewer Stadium,open_air,Artificial,America/New_York,,America/New_York
2024,2,1,401634169,2024-08-31,12:00,Indiana State Sycamores,Purdue Boilermakers,0,Ross-Ade Stadium,open_air,Grass,America/Indiana/Indianapolis,,America/Indiana/Indianapolis
2024,2,1,401634197,2024-08-31,14:30,North Dakota Fighting Hawks,Iowa State Cyclones,0,Jack Trice Stadium,open_air,Grass,America/Chicago,,America/Chicago
2024,2,1,401634212,2024-08-31,13:00,South Dakota State Jackrabbits,Oklahoma State Cowboys,0,Boone Pickens Stadium,open_air,Artificial,America/Chicago,,America/Chicago
2024,2,1,401634240,2024-08-31,18:00,Southern Illinois Salukis,BYU Cougars,0,LaVell Edwards Stadium,open_air,Grass,America/Denver,,America/Denver
2024,2,1,401634301,2024-08-31,14:00,UC Davis Aggies,California Golden Bears,0,California Memorial Stadium,open_air,Artificial,America/Los_Angeles,,America/Los_Angeles
2024,2,1,401634302,2024-08-31,20:00,Georgia State Panthers,Georgia Tech Yellow Jackets,0,Bobby Dodd Stadium,open_air,Artificial,America/New_York,America/New_York,America/New_York
2024,2,1,401634303,2024-08-31,19:00,Houston Christian Huskies,SMU Mustangs,0,Gerald J. Ford Stadium,open_air,Artificial,America/Chicago,,America/Chicago
2024,2,1,401634304,2024-08-31,15:30,Ohio Bobcats,Syracuse Orange,0,JMA Wireless Dome,dome,Artificial,America/New_York,America/New_York,America/New_York
2024,2,1,401634305,2024-08-31,12:00,Kent State Golden Flashes,Pittsburgh Panthers,0,Acrisure Stadium,open_air,Grass,America/New_York,America/New_York,America/New_York
2024,2,1,401636363,2024-08-31,19:00,Bethune-Cookman Wildcats,South Florida Bulls,0,Raymond James Stadium,open_air,Grass,America/New_York,,America/New_York
2024,2,1,401636380,2024-08-31,19:00,Grambling Tigers,Louisiana Ragin' Cajuns,0,Cajun Field,open_air,Artificial,America/Chicago,,America/Chicago
2024,2,1,401636608,2024-08-31,19:30,New Mexico Lobos,Arizona Wildcats,0,Arizona Stadium,open_air,Artificial,America/Phoenix,America/Denver,America/Phoenix
2024,2,1,401636609,2024-08-31,19:30,Wyoming Cowboys,Arizona State Sun Devils,0,Mountain America Stadium,open_air,Grass,America/Phoenix,America/Denver,America/Phoenix
2024,2,1,401636610,2024-08-31,18:00,Tarleton State Texans,Baylor Bears,0,McLane Stadium,open_air,Artificial,America/Chicago,,America/Chicago
2024,2,1,401636611,2024-08-31,18:00,UNLV Rebels,Houston Cougars,0,TDECU Stadium,open_air,Artificial,America/Chicago,America/Los_Angeles,America/Chicago
2024,2,1,401636612,2024-08-31,18:00,UT Martin Skyhawks,Kansas State Wildcats,0,Bill Snyder Family Stadium,open_air,Artificial,America/Chicago,,America/Chicago
2024,2,1,401636613,2024-08-31,18:30,Abilene Christian Wildcats,Texas Tech Red Raiders,0,Jones AT&T Stadium,open_air,Artificial,America/Chicago,,America/Chicago
2024,2,1,401637159,2024-08-31,12:00,Portland State Vikings,Washington State Cougars,0,Gesa Field,open_air,Artificial,America/Los_Angeles,,America/Los_Angeles
2024,2,1,401641007,2024-08-31,19:00,Nicholls Colonels,Louisiana Tech Bulldogs,0,Joe Aillet Stadium,open_air,Artificial,America/Chicago,,America/Chicago
2024,2,1,401641015,2024-08-31,14:30,Kennesaw State Owls,UTSA Roadrunners,0,Alamodome,dome,Artificial,America/Chicago,America/New_York,America/Chicago
2024,2,1,401641023,2024-08-31,18:00,Tennessee Tech Golden Eagles,Middle Tennessee Blue Raiders,0,"Johnny ""Red"" Floyd Stadium",open_air,Artificial,America/Chicago,,America/Chicago
2024,2,1,401641032,2024-08-31,19:00,Southeast Missouri State Redhawks,New Mexico State Aggies,0,Aggie Memorial Stadium,open_air,Artificial,America/Denver,,America/Denver
2024,2,1,401641039,2024-08-31,18:00,Sam Houston Bearkats,Rice Owls,0,Rice Stadium,open_air,Artificial,America/Chicago,America/Chicago,America/Chicago
2024,2,1,401643699,2024-08-31,13:30,Merrimack Warriors,Air Force Falcons,0,Falcon Stadium,open_air,Artificial,America/Denver,,America/Denver
2024,2,1,401643700,2024-08-31,16:00,Boise State Broncos,Georgia Southern Eagles,0,Allen E. Paulson Stadium,open_air,Artificial,America/New_York,America/Boise,America/New_York
2024,2,1,401643701,2024-08-31,18:00,Nevada Wolf Pack,Troy Trojans,0,Veterans Memorial Stadium (AL),open_air,Artificial,America/Chicago,America/Los_Angeles,America/Chicago
2024,2,1,401643702,2024-08-31,17:00,East Texas A&M Lions,San Diego State Aztecs,0,Snapdragon Stadium,open_air,Grass,America/Los_Angeles,,America/Los_Angeles
2024,2,1,401643703,2024-08-31,18:00,Robert Morris Colonials,Utah State Aggies,0,Maverik Stadium,open_air,Artificial,America/Denver,,America/Denver
2024,2,1,401643704,2024-08-31,15:30,Idaho State Bengals,Oregon State Beavers,0,Reser Stadium,open_air,Artificial,America/Los_Angeles,,America/Los_Angeles
2024,2,1,401643774,2024-08-31,20:00,James Madison Dukes,Charlotte 49ers,0,Jerry Richardson Stadium,open_air,Artificial,America/New_York,America/New_York,America/New_York
2024,2,1,401643775,2024-08-31,16:00,North Texas Mean Green,South Alabama Jaguars,0,Hancock Whitney Stadium,open_air,Artificial,America/Chicago,America/Chicago,America/Chicago
2024,2,1,401643776,2024-08-31,19:00,Lamar Cardinals,Texas State Bobcats,0,Bobcat Stadium (TX),open_air,Artificial,America/Chicago,,America/Chicago
2024,2,1,401644683,2024-08-31,14:30,Miami (OH) RedHawks,Northwestern Wildcats,0,Ryan Field,open_air,Grass,America/Chicago,America/New_York,America/Chicago
2024,2,1,401644731,2024-08-31,14:30,Western Illinois Leathernecks,Northern Illinois Huskies,0,Huskie Stadium,open_air,Artificial,America/Chicago,,America/Chicago
2024,2,1,401645320,2024-08-31,18:00,Norfolk State Spartans,East Carolina Pirates,0,Dowdy-Ficklen Stadium,open_air,Grass,America/New_York,,America/New_York
2024,2,1,401645321,2024-08-31,18:00,North Alabama Lions,Memphis Tigers,0,Simmons Bank Liberty Stadium,open_air,Artificial,America/Chicago,,America/Chicago
2024,2,1,401645322,2024-08-31,12:00,Bucknell Bison,Navy Midshipmen,0,Navy-Marine Corps Memorial Stadium,open_air,Artificial,America/New_York,,America/New_York
2024,2,1,401628334,2024-09-01,16:30,USC Trojans,LSU Tigers,1,Allegiant Stadium,fixed_roof,Artificial,America/Chicago,America/Los_Angeles,America/Los_Angeles
2024,2,1,401634180,2024-09-01,01:00,Missouri State Bears,Montana Grizzlies,0,Washington-Grizzly Stadium,,,,America/Chicago,
2024,2,1,401634306,2024-09-02,19:30,Boston College Eagles,Florida State Seminoles,0,Doak Campbell Stadium,open_air,Grass,America/New_York,America/New_York,America/New_York
2024,2,2,401628463,2024-09-06,19:00,Western Illinois Leathernecks,Indiana Hoosiers,0,"Memorial Stadium (Bloomington, IN)",open_air,Artificial,America/Indiana/Indianapolis,,America/Indiana/Indianapolis
2024,2,2,401634765,2024-09-06,18:00,BYU Cougars,SMU Mustangs,0,Gerald J. Ford Stadium,open_air,Artificial,America/Chicago,America/Denver,America/Chicago
2024,2,2,401635533,2024-09-06,20:00,Duke Blue Devils,Northwestern Wildcats,0,Ryan Field,open_air,Grass,America/Chicago,America/New_York,America/Chicago
2024,2,2,401628335,2024-09-07,18:00,South Florida Bulls,Alabama Crimson Tide,0,Bryant-Denny Stadium,open_air,Grass,America/Chicago,America/New_York,America/Chicago
2024,2,2,401628336,2024-09-07,11:00,Arkansas Razorbacks,Oklahoma State Cowboys,0,Boone Pickens Stadium,open_air,Artificial,America/Chicago,America/Chicago,America/Chicago
2024,2,2,401628337,2024-09-07,14:30,California Golden Bears,Auburn Tigers,0,Jordan-Hare Stadium,open_air,Grass,America/Chicago,America/Los_Angeles,America/Chicago
2024,2,2,401628338,2024-09-07,19:00,Samford Bulldogs,Florida Gators,0,Ben Hill Griffin Stadium,open_air,Grass,America/New_York,,America/New_York
2024,2,2,401628339,2024-09-07,14:00,Tennessee Tech Golden Eagles,Georgia Bulldogs,0,Sanford Stadium,open_air,Grass,America/New_York,,America/New_York
2024,2,2,401628340,2024-09-07,15:30,South Carolina Gamecocks,Kentucky Wildcats,0,Kroger Field,open_air,Artificial,America/New_York,America/New_York,America/New_York
2024,2,2,401628341,2024-09-07,18:30,Nicholls Colonels,LSU Tigers,0,Tiger Stadium (LA),open_air,Grass,America/Chicago,,America/Chicago
2024,2,2,401628342,2024-09-07,15:15,Middle Tennessee Blue Raiders,Ole Miss Rebels,0,Vaught-Hemingway Stadium,open_air,Grass,America/Chicago,America/Chicago,America/Chicago
2024,2,2,401628343,2024-09-07,19:30,Mississippi State Bulldogs,Arizona State Sun Devils,0,Mountain America Stadium,open_air,Grass,America/Phoenix,America/Chicago,America/Phoenix
2024,2,2,401628344,2024-09-07,18:00,Buffalo Bulls,Missouri Tigers,0,Memorial Stadium,open_air,Artificial,America/Chicago,America/New_York,America/Chicago
2024,2,2,401628345,2024-09-07,18:45,Houston Cougars,Oklahoma Sooners,0,"Memorial Stadium (Norman, OK)",open_air,Grass,America/Chicago,America/Chicago,America/Chicago
2024,2,2,401628346,2024-09-07,23:30,Tennessee Volunteers,NC State Wolfpack,1,Bank of America Stadium,,,America/New_York,America/New_York,
2024,2,2,401628347,2024-09-07,12:00,Texas Longhorns,Michigan Wolverines,0,Michigan Stadium,open_air,Artificial,America/Detroit,America/Chicago,America/Detroit
2024,2,2,401628348,2024-09-07,11:45,McNeese Cowboys,Texas A&M Aggies,0,Kyle Field,open_air,Grass,America/Chicago,,America/Chicago
2024,2,2,401628349,2024-09-07,18:30,Alcorn State Braves,Vanderbilt Commodores,0,FirstBank Stadium,open_air,Artificial,America/Chicago,,America/Chicago
2024,2,2,401628462,2024-09-07,18:00,Kansas Jayhawks,Illinois Fighting Illini,0,"Memorial Stadium (Champaign, IL)",open_air,Artificial,America/Chicago,America/Chicago,America/Chicago
2024,2,2,401628464,2024-09-07,14:30,Iowa State Cyclones,Iowa Hawkeyes,0,Kinnick Stadium,open_air,Artificial,America/Chicago,America/Chicago,America/Chicago
2024,2,2,401628465,2024-09-07,15:30,Michigan State Spartans,Maryland Terrapins,0,SECU Stadium,open_air,Artificial,America/New_York,America/Detroit,America/New_York
2024,2,2,401628466,2024-09-07,11:00,Rhode Island Rams,Minnesota Golden Gophers,0,Huntington Bank Stadium,open_air,Artificial,America/Chicago,,America/Chicago
2024,2,2,401628467,2024-09-07,18:30,Colorado Buffaloes,Nebraska Cornhuskers,0,"Memorial Stadium (Lincoln, NE)",open_air,Artificial,America/Chicago,America/Denver,America/Chicago
2024,2,2,401628468,2024-09-07,19:30,Western Michigan Broncos,Ohio State Buckeyes,0,Ohio Stadium,open_air,Artificial,America/New_York,America/Detroit,America/New_York
2024,2,2,401628469,2024-09-07,19:00,Boise State Broncos,Oregon Ducks,0,Autzen Stadium,open_air,Artificial,America/Los_Angeles,America/Boise,America/Los_Angeles
2024,2,2,401628470,2024-09-07,12:00,Bowling Green Falcons,Penn State Nittany Lions,0,Beaver Stadium,open_air,Grass,America/New_York,America/New_York,America/New_York
2024,2,2,401628471,2024-09-07,12:00,Akron Zips,Rutgers Scarlet Knights,0,SHI Stadium,open_air,Artificial,America/New_York,America/New_York,America/New_York
2024,2,2,401628472,2024-09-07,20:00,Utah State Aggies,USC Trojans,0,Los Angeles Memorial Coliseum,open_air,Grass,America/Los_Angeles,America/Denver,America/Los_Angeles
2024,2,2,401628473,2024-09-07,12:30,Eastern Michigan Eagles,Washington Huskies,0,Husky Stadium,open_air,Artificial,America/Los_Angeles,America/Detroit,America/Los_Angeles
2024,2,2,401628474,2024-09-07,14:30,South Dakota Coyotes,Wisconsin Badgers,0,Camp Randall Stadium,open_air,Artificial,America/Chicago,,America/Chicago
2024,2,2,401628593,2024-09-07,18:00,UAlbany Great Danes,West Virginia Mountaineers,0,Milan Puskar Stadium,open_air,Artificial,America/New_York,,America/New_York
2024,2,2,401628603,2024-09-07,19:00,William & Mary Tribe,Coastal Carolina Chanticleers,0,Brooks Stadium (SC),open_air,Artificial,America/New_York,,America/New_York
2024,2,2,401628977,2024-09-07,15:30,Northern Illinois Huskies,Notre Dame Fighting Irish,0,Notre Dame Stadium,open_air,Artificial,America/Indiana/Indianapolis,America/Chicago,America/Indiana/Indianapolis
2024,2,2,401629040,2024-09-07,15:30,Massachusetts Minutemen,Toledo Rockets,0,Glass Bowl,open_air,Artificial,America/New_York,America/New_York,America/New_York
2024,2,2,401632068,2024-09-07,18:00,Eastern Kentucky Colonels,Western Kentucky Hilltoppers,0,Houchens Industries-L.T. Smith Stadium,open_air,Artificial,America/Chicago,,America/Chicago
2024,2,2,401632071,2024-09-07,12:00,Utah Tech Trailblazers,UNLV Rebels,0,Allegiant Stadium,fixed_roof,Artificial,America/Los_Angeles,,America/Los_Angeles
2024,2,2,401632072,2024-09-07,19:00,Southern Utah Thunderbirds,UTEP Miners,0,Sun Bowl,open_air,Artificial,America/Denver,,America/Denver
2024,2,2,401632459,2024-09-07,19:00,Chattanooga Mocs,Georgia State Panthers,0,Center Parc Stadium,open_air,Artificial,America/New_York,,America/New_York
2024,2,2,401634181,2024-09-07,14:00,Missouri State Bears,Ball State Cardinals,0,Scheumann Stadium,open_air,Artificial,America/Indiana/Indianapolis,America/Chicago,America/Indiana/Indianapolis
2024,2,2,401634207,2024-09-07,14:30,Tennessee State Tigers,North Dakota State Bison,0,Fargodome,dome,Artificial,America/Chicago,,America/Chicago
2024,2,2,401635531,2024-09-07,15:30,Duquesne Dukes,Boston College Eagles,0,"Alumni Stadium (Chestnut Hill, MA)",open_air,Artificial,America/New_York,,America/New_York
2024,2,2,401635532,2024-09-07,20:00,App State Mountaineers,Clemson Tigers,0,"Memorial Stadium (Clemson, SC)",open_air,Grass,America/New_York,America/New_York,America/New_York
2024,2,2,401635534,2024-09-07,12:00,Georgia Tech Yellow Jackets,Syracuse Orange,0,JMA Wireless Dome,dome,Artificial,America/New_York,America/New_York,America/New_York
2024,2,2,401635535,2024-09-07,15:30,Jacksonville State Gamecocks,Louisville Cardinals,0,L&N Federal Credit Union Stadium,open_air,Artificial,America/Kentucky/Louisville,America/Chicago,America/Kentucky/Louisville
2024,2,2,401635536,2024-09-07,18:00,Florida A&M Rattlers,Miami Hurricanes,0,Hard Rock Stadium,open_air,Artificial,America/New_York,,America/New_York
2024,2,2,401635537,2024-09-07,15:30,Charlotte 49ers,North Carolina Tar Heels,0,Kenan Stadium,open_air,Artificial,America/New_York,America/New_York,America/New_York
2024,2,2,401635538,2024-09-07,12:00,Pittsburgh Panthers,Cincinnati Bearcats,0,Nippert Stadium,open_air,Artificial,America/New_York,America/New_York,America/New_York
2024,2,2,401635539,2024-09-07,16:00,Cal Poly Mustangs,Stanford Cardinal,0,Stanford Stadium,open_air,Grass,America/Los_Angeles,,America/Los_Angeles
2024,2,2,401635540,2024-09-07,16:30,Marshall Thundering Herd,Virginia Tech Hokies,0,Lane Stadium,open_air,Grass,America/New_York,America/New_York,America/New_York
2024,2,2,401635639,2024-09-07,19:00,Virginia Cavaliers,Wake Forest Demon Deacons,0,Allegacy Federal Credit Union Stadium,open_air,Artificial,America/New_York,America/New_York,America/New_York
2024,2,2,401636614,2024-09-07,19:00,Northern Arizona Lumberjacks,Arizona Wildcats,0,Arizona Stadium,open_air,Artificial,America/Phoenix,,America/Phoenix
2024,2,2,401636615,2024-09-07,19:00,Long Island University Sharks,TCU Horned Frogs,0,Amon G. Carter Stadium,open_air,Grass,America/Chicago,,America/Chicago
2024,2,2,401636616,2024-09-07,11:00,Kansas State Wildcats,Tulane Green Wave,0,Yulman Stadium,open_air,Artificial,America/Chicago,America/Chicago,America/Chicago
2024,2,2,401636617,2024-09-07,19:02,Sam Houston Bearkats,UCF Knights,0,FBC Mortgage Stadium,open_air,Grass,America/New_York,America/Chicago,America/New_York
2024,2,2,401636618,2024-09-07,13:30,Baylor Bears,Utah Utes,0,Rice-Eccles Stadium,open_air,Artificial,America/Denver,America/Chicago,America/Denver
2024,2,2,401636859,2024-09-07,19:00,Texas Tech Red Raiders,Washington State Cougars,0,Gesa Field,open_air,Artificial,America/Los_Angeles,America/Chicago,America/Los_Angeles
2024,2,2,401636999,2024-09-07,12:00,Merrimack Warriors,UConn Huskies,0,Pratt & Whitney Stadium,open_air,Grass,America/New_York,,America/New_York
2024,2,2,401640979,2024-09-07,18:00,Central Michigan Chippewas,Florida International Panthers,0,FIU Stadium,open_air,Artificial,America/New_York,America/Detroit,America/New_York
2024,2,2,401640989,2024-09-07,20:15,Liberty Flames,New Mexico State Aggies,0,Aggie Memorial Stadium,open_air,Artificial,America/Denver,America/New_York,America/Denver
2024,2,2,401641016,2024-09-07,19:00,Louisiana Ragin' Cajuns,Kennesaw State Owls,0,Fifth Third Stadium,open_air,,America/New_York,America/Chicago,America/New_York
2024,2,2,401643705,2024-09-07,17:00,San José State Spartans,Air Force Falcons,0,Falcon Stadium,open_air,Artificial,America/Denver,America/Los_Angeles,America/Denver
2024,2,2,401643706,2024-09-07,17:00,Northern Colorado Bears,Colorado State Rams,0,Canvas Stadium,open_air,Artificial,America/Denver,,America/Denver
2024,2,2,401643707,2024-09-07,19:00,Sacramento State Hornets,Fresno State Bulldogs,0,Valley Children's Stadium,open_air,Artificial,America/Los_Angeles,America/Los_Angeles,America/Los_Angeles
2024,2,2,401643708,2024-09-07,16:00,Georgia Southern Eagles,Nevada Wolf Pack,0,Mackay Stadium,open_air,Artificial,America/Los_Angeles,America/New_York,America/Los_Angeles
2024,2,2,401643709,2024-09-07,19:30,Oregon State Beavers,San Diego State Aztecs,0,Snapdragon Stadium,open_air,Grass,America/Los_Angeles,America/Los_Angeles,America/Los_Angeles
2024,2,2,401643710,2024-09-07,13:30,Idaho Vandals,Wyoming Cowboys,0,War Memorial Stadium,open_air,Artificial,America/Denver,,America/Denver
2024,2,2,401643777,2024-09-07,18:00,Gardner-Webb Runnin' Bulldogs,James Madison Dukes,0,Bridgeforth Stadium,open_air,Artificial,America/New_York,,America/New_York
2024,2,2,401643778,2024-09-07,18:00,East Carolina Pirates,Old Dominion Monarchs,0,S.B. Ballard Stadium,open_air,Artificial,America/New_York,America/New_York,America/New_York
2024,2,2,401643779,2024-09-07,18:00,Tulsa Golden Hurricane,Arkansas State Red Wolves,0,Centennial Bank Stadium,open_air,Artificial,America/Chicago,America/Chicago,America/Chicago
2024,2,2,401643780,2024-09-07,18:00,UAB Blazers,UL Monroe Warhawks,0,Malone Stadium,open_air,Artificial,America/Chicago,America/Chicago,America/Chicago
2024,2,2,401643781,2024-09-07,18:00,South Alabama Jaguars,Ohio Bobcats,0,Peden Stadium,open_air,Artificial,America/New_York,America/Chicago,America/New_York
2024,2,2,401643782,2024-09-07,18:00,SE Louisiana Lions,Southern Miss Golden Eagles,0,M. M. Roberts Stadium,open_air,Artificial,America/Chicago,,America/Chicago
2024,2,2,401643783,2024-09-07,15:00,UTSA Roadrunners,Texas State Bobcats,0,Bobcat Stadium (TX),open_air,Artificial,America/Chicago,America/Chicago,America/Chicago
2024,2,2,401643784,2024-09-07,11:00,Troy Trojans,Memphis Tigers,0,Simmons Bank Liberty Stadium,open_air,Artificial,America/Chicago,America/Chicago,America/Chicago
2024,2,2,401644732,2024-09-07,14:30,St. Francis (PA) Red Flash,Kent State Golden Flashes,0,Dix Stadium,open_air,Artificial,America/New_York,,America/New_York
2024,2,2,401645323,2024-09-07,12:00,Army Black Knights,Florida Atlantic Owls,0,FAU Stadium,open_air,Artificial,America/New_York,America/New_York,America/New_York
2024,2,2,401645324,2024-09-07,15:30,Temple Owls,Navy Midshipmen,0,Navy-Marine Corps Memorial Stadium,open_air,Artificial,America/New_York,America/New_York,America/New_York
2024,2,2,401645325,2024-09-07,18:30,Stephen F. Austin Lumberjacks,North Texas Mean Green,0,DATCU Stadium,open_air,Artificial,America/Chicago,,America/Chicago
2024,2,2,401645326,2024-09-07,18:00,Texas Southern Tigers,Rice Owls,0,Rice Stadium,open_air,Artificial,America/Chicago,,America/Chicago
2024,2,3,401636867,2024-09-12,18:30,Arizona State Sun Devils,Texas State Bobcats,0,Bobcat Stadium (TX),open_air,Artificial,America/Chicago,America/Phoenix,America/Chicago
2024,2,3,401643788,2024-09-12,18:30,Northwestern State Demons,South Alabama Jaguars,0,Hancock Whitney Stadium,open_air,Artificial,America/Chicago,,America/Chicago
2024,2,3,401636863,2024-09-13,18:00,UNLV Rebels,Kansas Jayhawks,0,Memorial Stadium,open_air,Artificial,America/Chicago,America/Los_Angeles,America/Chicago
2024,2,3,401636864,2024-09-13,19:00,Arizona Wildcats,Kansas State Wildcats,0,Bill Snyder Family Stadium,open_air,Artificial,America/Chicago,America/Phoenix,America/Chicago
2024,2,3,401628350,2024-09-14,11:00,Alabama Crimson Tide,Wisconsin Badgers,0,Camp Randall Stadium,open_air,Artificial,America/Chicago,America/Chicago,America/Chicago
2024,2,3,401628351,2024-09-14,15:15,UAB Blazers,Arkansas Razorbacks,0,Razorback Stadium,open_air,Artificial,America/Chicago,America/Chicago,America/Chicago
2024,2,3,401628352,2024-09-14,18:30,New Mexico Lobos,Auburn Tigers,0,Jordan-Hare Stadium,open_air,Grass,America/Chicago,America/Denver,America/Chicago
2024,2,3,401628353,2024-09-14,15:30,Texas A&M Aggies,Florida Gators,0,Ben Hill Griffin Stadium,open_air,Grass,America/New_York,America/Chicago,America/New_York
2024,2,3,401628354,2024-09-14,19:30,Georgia Bulldogs,Kentucky Wildcats,0,Kroger Field,open_air,Artificial,America/New_York,America/New_York,America/New_York
2024,2,3,401628355,2024-09-14,18:30,Ole Miss Rebels,Wake Forest Demon Deacons,0,Allegacy Federal Credit Union Stadium,open_air,Artificial,America/New_York,America/Chicago,America/New_York
2024,2,3,401628356,2024-09-14,18:30,Toledo Rockets,Mississippi State Bulldogs,0,Davis Wade Stadium,open_air,Grass,America/Chicago,America/New_York,America/Chicago
2024,2,3,401628357,2024-09-14,11:45,Boston College Eagles,Missouri Tigers,0,Memorial Stadium,open_air,Artificial,America/Chicago,America/New_York,America/Chicago
2024,2,3,401628358,2024-09-14,14:30,Tulane Green Wave,Oklahoma Sooners,0,"Memorial Stadium (Norman, OK)",open_air,Grass,America/Chicago,America/Chicago,America/Chicago
2024,2,3,401628359,2024-09-14,12:00,LSU Tigers,South Carolina Gamecocks,0,Williams-Brice Stadium,open_air,Grass,America/New_York,America/Chicago,America/New_York
2024,2,3,401628360,2024-09-14,19:45,Kent State Golden Flashes,Tennessee Volunteers,0,Neyland Stadium,open_air,Grass,America/New_York,America/New_York,America/New_York
2024,2,3,401628361,2024-09-14,18:00,UTSA Roadrunners,Texas Longhorns,0,DKR-Texas Memorial Stadium,open_air,Artificial,America/Chicago,America/Chicago,America/Chicago
2024,2,3,401628362,2024-09-14,19:00,Vanderbilt Commodores,Georgia State Panthers,0,Center Parc Stadium,open_air,Artificial,America/New_York,America/Chicago,America/New_York
2024,2,3,401628475,2024-09-14,11:00,Central Michigan Chippewas,Illinois Fighting Illini,0,"Memorial Stadium (Champaign, IL)",open_air,Artificial,America/Chicago,America/Detroit,America/Chicago
2024,2,3,401628476,2024-09-14,16:30,Indiana Hoosiers,UCLA Bruins,0,Rose Bowl,open_air,Grass,America/Los_Angeles,America/Indiana/Indianapolis,America/Los_Angeles
2024,2,3,401628477,2024-09-14,15:00,Troy Trojans,Iowa Hawkeyes,0,Kinnick Stadium,open_air,Artificial,America/Chicago,America/Chicago,America/Chicago
2024,2,3,401628478,2024-09-14,20:00,Maryland Terrapins,Virginia Cavaliers,0,Scott Stadium,open_air,Grass,America/New_York,America/New_York,America/New_York
2024,2,3,401628479,2024-09-14,12:00,Arkansas State Red Wolves,Michigan Wolverines,0,Michigan Stadium,open_air,Artificial,America/Detroit,America/Chicago,America/Detroit
2024,2,3,401628480,2024-09-14,15:30,Prairie View A&M Panthers,Michigan State Spartans,0,Spartan Stadium,open_air,Grass,America/Detroit,,America/Detroit
2024,2,3,401628481,2024-09-14,14:30,Nevada Wolf Pack,Minnesota Golden Gophers,0,Huntington Bank Stadium,open_air,Artificial,America/Chicago,America/Los_Angeles,America/Chicago
2024,2,3,401628482,2024-09-14,18:30,Northern Iowa Panthers,Nebraska Cornhuskers,0,"Memorial Stadium (Lincoln, NE)",open_air,Artificial,America/Chicago,,America/Chicago
2024,2,3,401628483,2024-09-14,12:30,Oregon Ducks,Oregon State Beavers,0,Reser Stadium,open_air,Artificial,America/Los_Angeles,America/Los_Angeles,America/Los_Angeles
2024,2,3,401628484,2024-09-14,19:30,Washington State Cougars,Washington Huskies,1,Lumen Field,,,America/Los_Angeles,America/Los_Angeles,
2024,2,3,401628609,2024-09-14,17:00,Delaware Blue Hens,North Carolina A&T Aggies,0,Truist Stadium,,,,America/New_York,
2024,2,3,401628978,2024-09-14,15:30,Notre Dame Fighting Irish,Purdue Boilermakers,0,Ross-Ade Stadium,open_air,Grass,America/Indiana/Indianapolis,America/Indiana/Indianapolis,America/Indiana/Indianapolis
2024,2,3,401629030,2024-09-14,18:00,UConn Huskies,Duke Blue Devils,0,Wallace Wade Stadium,open_air,Grass,America/New_York,America/New_York,America/New_York
2024,2,3,401629041,2024-09-14,13:00,Massachusetts Minutemen,Buffalo Bulls,0,UB Stadium,open_air,Artificial,America/New_York,America/New_York,America/New_York
2024,2,3,401634135,2024-09-14,21:30,North Dakota State Bison,East Tennessee State Buccaneers,0,William B. Greene Jr. Stadium,,,,America/Chicago,
2024,2,3,401634182,2024-09-14,18:00,Lindenwood Lions,Missouri State Bears,0,Plaster Sports Complex,open_air,Artificial,America/Chicago,,America/Chicago
2024,2,3,401635541,2024-09-14,19:30,San Diego State Aztecs,California Golden Bears,0,California Memorial Stadium,open_air,Artificial,America/Los_Angeles,America/Los_Angeles,America/Los_Angeles
2024,2,3,401635542,2024-09-14,12:00,Memphis Tigers,Florida State Seminoles,0,Doak Campbell Stadium,open_air,Grass,America/New_York,America/Chicago,America/New_York
2024,2,3,401635543,2024-09-14,15:30,VMI Keydets,Georgia Tech Yellow Jackets,0,Bobby Dodd Stadium,open_air,Artificial,America/New_York,,America/New_York
2024,2,3,401635544,2024-09-14,17:55,Ball State Cardinals,Miami Hurricanes,0,Hard Rock Stadium,open_air,Artificial,America/New_York,America/Indiana/Indianapolis,America/New_York
2024,2,3,401635545,2024-09-14,18:00,North Carolina Central Eagles,North Carolina Tar Heels,0,Kenan Stadium,open_air,Artificial,America/New_York,,America/New_York
2024,2,3,401635546,2024-09-14,12:00,Louisiana Tech Bulldogs,NC State Wolfpack,0,Carter-Finley Stadium,open_air,Grass,America/New_York,America/Chicago,America/New_York
2024,2,3,401635547,2024-09-14,15:30,West Virginia Mountaineers,Pittsburgh Panthers,0,Acrisure Stadium,open_air,Grass,America/New_York,America/New_York,America/New_York
2024,2,3,401635548,2024-09-14,18:00,Virginia Tech Hokies,Old Dominion Monarchs,0,S.B. Ballard Stadium,open_air,Artificial,America/New_York,America/New_York,America/New_York
2024,2,3,401636364,2024-09-14,18:30,Bethune-Cookman Wildcats,Western Michigan Broncos,0,Waldo Stadium,open_air,Artificial,America/Detroit,,America/Detroit
2024,2,3,401636860,2024-09-14,18:30,Air Force Falcons,Baylor Bears,0,McLane Stadium,open_air,Artificial,America/Chicago,America/Denver,America/Chicago
2024,2,3,401636861,2024-09-14,17:30,Colorado Buffaloes,Colorado State Rams,0,Canvas Stadium,open_air,Artificial,America/Denver,America/Denver,America/Denver
2024,2,3,401636862,2024-09-14,19:00,Rice Owls,Houston Cougars,0,TDECU Stadium,open_air,Artificial,America/Chicago,America/Chicago,America/Chicago
2024,2,3,401636865,2024-09-14,12:00,Cincinnati Bearcats,Miami (OH) RedHawks,0,Yager Stadium,open_air,Artificial,America/New_York,America/New_York,America/New_York
2024,2,3,401636866,2024-09-14,18:30,UCF Knights,TCU Horned Frogs,0,Amon G. Carter Stadium,open_air,Grass,America/Chicago,America/New_York,America/Chicago
2024,2,3,401636868,2024-09-14,11:00,North Texas Mean Green,Texas Tech Red Raiders,0,Jones AT&T Stadium,open_air,Artificial,America/Chicago,America/Chicago,America/Chicago
2024,2,3,401636869,2024-09-14,11:00,Oklahoma State Cowboys,Tulsa Golden Hurricane,0,Chapman Stadium,open_air,Artificial,America/Chicago,America/Chicago,America/Chicago
2024,2,3,401636870,2024-09-14,14:30,Utah Utes,Utah State Aggies,0,Maverik Stadium,open_air,Artificial,America/Denver,America/Denver,America/Denver
2024,2,3,401636871,2024-09-14,19:00,BYU Cougars,Wyoming Cowboys,0,War Memorial Stadium,open_air,Artificial,America/Denver,America/Denver,America/Denver
2024,2,3,401640980,2024-09-14,19:42,Florida International Panthers,Florida Atlantic Owls,0,FAU Stadium,open_air,Artificial,America/New_York,America/New_York,America/New_York
2024,2,3,401640990,2024-09-14,18:00,UTEP Miners,Liberty Flames,0,Williams Stadium (VA),open_air,Artificial,America/New_York,America/Denver,America/New_York
2024,2,3,401640999,2024-09-14,19:00,Jacksonville State Gamecocks,Eastern Michigan Eagles,0,Rynearson Stadium,open_air,Artificial,America/Detroit,America/Chicago,America/Detroit
2024,2,3,401641017,2024-09-14,16:00,Kennesaw State Owls,San José State Spartans,0,CEFCU Stadium,open_air,Artificial,America/Los_Angeles,America/New_York,America/Los_Angeles
2024,2,3,401641024,2024-09-14,18:00,Western Kentucky Hilltoppers,Middle Tennessee Blue Raiders,0,"Johnny ""Red"" Floyd Stadium",open_air,Artificial,America/Chicago,America/Chicago,America/Chicago
2024,2,3,401641033,2024-09-14,19:30,New Mexico State Aggies,Fresno State Bulldogs,0,Valley Children's Stadium,open_air,Artificial,America/Los_Angeles,America/Denver,America/Los_Angeles
2024,2,3,401641040,2024-09-14,18:00,Hawai'i Rainbow Warriors,Sam Houston Bearkats,0,Elliott T. Bowers Stadium,open_air,Artificial,America/Chicago,Pacific/Honolulu,America/Chicago
2024,2,3,401643785,2024-09-14,16:00,App State Mountaineers,East Carolina Pirates,0,Dowdy-Ficklen Stadium,open_air,Grass,America/New_York,America/New_York,America/New_York
2024,2,3,401643786,2024-09-14,14:00,Coastal Carolina Chanticleers,Temple Owls,0,Lincoln Financial Field,open_air,Artificial,America/New_York,America/New_York,America/New_York
2024,2,3,401643787,2024-09-14,18:00,South Carolina State Bulldogs,Georgia Southern Eagles,0,Allen E. Paulson Stadium,open_air,Artificial,America/New_York,,America/New_York
2024,2,3,401643789,2024-09-14,18:00,South Florida Bulls,Southern Miss Golden Eagles,0,M. M. Roberts Stadium,open_air,Artificial,America/Chicago,America/New_York,America/Chicago
2024,2,3,401644733,2024-09-14,18:00,Colgate Raiders,Akron Zips,0,InfoCision Stadium,open_air,Artificial,America/New_York,,America/New_York
2024,2,3,401644734,2024-09-14,15:30,Morgan State Bears,Ohio Bobcats,0,Peden Stadium,open_air,Artificial,America/New_York,,America/New_York
2024,2,3,401645327,2024-09-14,18:00,Gardner-Webb Runnin' Bulldogs,Charlotte 49ers,0,Jerry Richardson Stadium,open_air,Artificial,America/New_York,,America/New_York
2024,2,3,401655618,2024-09-14,18:00,Nicholls Colonels,Sacramento State Hornets,0,Hornet Stadium,open_air,Artificial,America/Los_Angeles,,America/Los_Angeles
2024,2,3,401655632,2024-09-14,18:30,Eastern Illinois Panthers,Northwestern Wildcats,0,Ryan Field,open_air,Grass,America/Chicago,,America/Chicago
2024,2,4,401643790,2024-09-19,19:30,South Alabama Jaguars,App State Mountaineers,0,Kidd Brewer Stadium,open_air,Artificial,America/New_York,America/Chicago,America/New_York
2024,2,4,401628485,2024-09-20,19:00,Illinois Fighting Illini,Nebraska Cornhuskers,0,"Memorial Stadium (Lincoln, NE)",open_air,Artificial,America/Chicago,America/Chicago,America/Chicago
2024,2,4,401634766,2024-09-20,19:30,Stanford Cardinal,Syracuse Orange,0,JMA Wireless Dome,dome,Artificial,America/New_York,America/Los_Angeles,America/New_York
2024,2,4,401643714,2024-09-20,19:00,San José State Spartans,Washington State Cougars,0,Gesa Field,open_air,Artificial,America/Los_Angeles,America/Los_Angeles,America/Los_Angeles
2024,2,4,401628363,2024-09-21,14:30,Arkansas Razorbacks,Auburn Tigers,0,Jordan-Hare Stadium,open_air,Grass,America/Chicago,America/Chicago,America/Chicago
2024,2,4,401628364,2024-09-21,12:45,Ohio Bobcats,Kentucky Wildcats,0,Kroger Field,open_air,Artificial,America/New_York,America/New_York,America/New_York
2024,2,4,401628365,2024-09-21,14:30,UCLA Bruins,LSU Tigers,0,Tiger Stadium (LA),open_air,Grass,America/Chicago,America/Los_Angeles,America/Chicago
2024,2,4,401628366,2024-09-21,18:45,Georgia Southern Eagles,Ole Miss Rebels,0,Vaught-Hemingway Stadium,open_air,Grass,America/Chicago,America/New_York,America/Chicago
2024,2,4,401628367,2024-09-21,11:00,Florida Gators,Mississippi State Bulldogs,0,Davis Wade Stadium,open_air,Grass,America/Chicago,America/New_York,America/Chicago
2024,2,4,401628368,2024-09-21,15:15,Vanderbilt Commodores,Missouri Tigers,0,Memorial Stadium,open_air,Artificial,America/Chicago,America/Chicago,America/Chicago
2024,2,4,401628369,2024-09-21,18:30,Tennessee Volunteers,Oklahoma Sooners,0,"Memorial Stadium (Norman, OK)",open_air,Grass,America/Chicago,America/New_York,America/Chicago
2024,2,4,401628370,2024-09-21,19:30,Akron Zips,South Carolina Gamecocks,0,Williams-Brice Stadium,open_air,Grass,America/New_York,America/New_York,America/New_York
2024,2,4,401628371,2024-09-21,19:00,UL Monroe Warhawks,Texas Longhorns,0,DKR-Texas Memorial Stadium,open_air,Artificial,America/Chicago,America/Chicago,America/Chicago
2024,2,4,401628372,2024-09-21,18:30,Bowling Green Falcons,Texas A&M Aggies,0,Kyle Field,open_air,Grass,America/Chicago,America/New_York,America/Chicago
2024,2,4,401628486,2024-09-21,12:00,Charlotte 49ers,Indiana Hoosiers,0,"Memorial Stadium (Bloomington, IN)",open_air,Artificial,America/Indiana/Indianapolis,America/New_York,America/Indiana/Indianapolis
2024,2,4,401628487,2024-09-21,18:30,Iowa Hawkeyes,Minnesota Golden Gophers,0,Huntington Bank Stadium,open_air,Artificial,America/Chicago,America/Chicago,America/Chicago
2024,2,4,401628488,2024-09-21,12:00,Villanova Wildcats,Maryland Terrapins,0,SECU Stadium,open_air,Artificial,America/New_York,,America/New_York
2024,2,4,401628489,2024-09-21,15:30,USC Trojans,Michigan Wolverines,0,Michigan Stadium,open_air,Artificial,America/Detroit,America/Los_Angeles,America/Detroit
2024,2,4,401628490,2024-09-21,20:00,Michigan State Spartans,Boston College Eagles,0,"Alumni Stadium (Chestnut Hill, MA)",open_air,Artificial,America/New_York,America/Detroit,America/New_York
2024,2,4,401628491,2024-09-21,16:00,Northwestern Wildcats,Washington Huskies,0,Husky Stadium,open_air,Artificial,America/Los_Angeles,America/Chicago,America/Los_Angeles
2024,2,4,401628492,2024-09-21,12:00,Marshall Thundering Herd,Ohio State Buckeyes,0,Ohio Stadium,open_air,Artificial,America/New_York,America/New_York,America/New_York
2024,2,4,401628493,2024-09-21,15:30,Kent State Golden Flashes,Penn State Nittany Lions,0,Beaver Stadium,open_air,Grass,America/New_York,America/New_York,America/New_York
2024,2,4,401628494,2024-09-21,15:30,Rutgers Scarlet Knights,Virginia Tech Hokies,0,Lane Stadium,open_air,Grass,America/New_York,America/New_York,America/New_York
2024,2,4,401628621,2024-09-21,18:00,Pennsylvania Quakers,Delaware Blue Hens,0,Delaware Stadium,open_air,Artificial,America/New_York,,America/New_York
2024,2,4,401628625,2024-09-21,18:00,Monmouth Hawks,Florida International Panthers,0,FIU Stadium,open_air,Artificial,America/New_York,,America/New_York
2024,2,4,401628629,2024-09-21,13:00,Towson Tigers,North Dakota State Bison,0,Fargodome,dome,Artificial,America/Chicago,,America/Chicago
2024,2,4,401628979,2024-09-21,15:30,Miami (OH) RedHawks,Notre Dame Fighting Irish,0,Notre Dame Stadium,open_air,Artificial,America/Indiana/Indianapolis,America/New_York,America/Indiana/Indianapolis
2024,2,4,401629031,2024-09-21,19:00,Florida Atlantic Owls,UConn Huskies,0,Pratt & Whitney Stadium,open_air,Grass,America/New_York,America/New_York,America/New_York
2024,2,4,401629042,2024-09-21,15:30,Central Connecticut Blue Devils,Massachusetts Minutemen,0,Warren McGuirk Alumni Stadium,open_air,Artificial,America/New_York,,America/New_York
2024,2,4,401634183,2024-09-21,23:00,Missouri State Bears,UT Martin Skyhawks,0,Hardy M. Graham Stadium,,,,America/Chicago,
2024,2,4,401634247,2024-09-21,15:30,Youngstown State Penguins,Pittsburgh Panthers,0,Acrisure Stadium,open_air,Grass,America/New_York,,America/New_York
2024,2,4,401635551,2024-09-21,19:00,California Golden Bears,Florida State Seminoles,0,Doak Campbell Stadium,open_air,Grass,America/New_York,America/Los_Angeles,America/New_York
2024,2,4,401635552,2024-09-21,12:00,NC State Wolfpack,Clemson Tigers,0,"Memorial Stadium (Clemson, SC)",open_air,Grass,America/New_York,America/New_York,America/New_York
2024,2,4,401635553,2024-09-21,15:00,Duke Blue Devils,Middle Tennessee Blue Raiders,0,"Johnny ""Red"" Floyd Stadium",open_air,Artificial,America/Chicago,America/New_York,America/Chicago
2024,2,4,401635554,2024-09-21,15:30,Georgia Tech Yellow Jackets,Louisville Cardinals,0,L&N Federal Credit Union Stadium,open_air,Artificial,America/Kentucky/Louisville,America/New_York,America/Kentucky/Louisville
2024,2,4,401635555,2024-09-21,19:00,Miami Hurricanes,South Florida Bulls,0,Raymond James Stadium,open_air,Grass,America/New_York,America/New_York,America/New_York
2024,2,4,401635556,2024-09-21,12:00,James Madison Dukes,North Carolina Tar Heels,0,Kenan Stadium,open_air,Artificial,America/New_York,America/New_York,America/New_York
2024,2,4,401635557,2024-09-21,16:00,TCU Horned Frogs,SMU Mustangs,0,Gerald J. Ford Stadium,open_air,Artificial,America/Chicago,America/Chicago,America/Chicago
2024,2,4,401635558,2024-09-21,14:00,Virginia Cavaliers,Coastal Carolina Chanticleers,0,Brooks Stadium (SC),open_air,Artificial,America/New_York,America/New_York,America/New_York
2024,2,4,401636374,2024-09-21,18:00,Florida A&M Rattlers,Troy Trojans,0,Veterans Memorial Stadium (AL),open_air,Artificial,America/Chicago,,America/Chicago
2024,2,4,401636872,2024-09-21,20:30,Kansas State Wildcats,BYU Cougars,0,LaVell Edwards Stadium,open_air,Grass,America/Denver,America/Chicago,America/Denver
2024,2,4,401636873,2024-09-21,12:00,Houston Cougars,Cincinnati Bearcats,0,Nippert Stadium,open_air,Artificial,America/New_York,America/Chicago,America/New_York
2024,2,4,401636874,2024-09-21,18:00,Baylor Bears,Colorado Buffaloes,0,Folsom Field,open_air,Grass,America/Denver,America/Chicago,America/Denver
2024,2,4,401636875,2024-09-21,13:00,Arkansas State Red Wolves,Iowa State Cyclones,0,Jack Trice Stadium,open_air,Grass,America/Chicago,America/Chicago,America/Chicago
2024,2,4,401636876,2024-09-21,15:00,Utah Utes,Oklahoma State Cowboys,0,Boone Pickens Stadium,open_air,Artificial,America/Chicago,America/Denver,America/Chicago
2024,2,4,401636877,2024-09-21,14:30,Arizona State Sun Devils,Texas Tech Red Raiders,0,Jones AT&T Stadium,open_air,Artificial,America/Chicago,America/Phoenix,America/Chicago
2024,2,4,401636879,2024-09-21,12:00,Kansas Jayhawks,West Virginia Mountaineers,0,Milan Puskar Stadium,open_air,Artificial,America/New_York,America/Chicago,America/New_York
2024,2,4,401637162,2024-09-21,19:45,Portland State Vikings,Boise State Broncos,0,Albertsons Stadium,open_air,Artificial,America/Boise,,America/Boise
2024,2,4,401640991,2024-09-21,18:00,East Carolina Pirates,Liberty Flames,0,Williams Stadium (VA),open_air,Artificial,America/New_York,America/New_York,America/New_York
2024,2,4,401641000,2024-09-21,14:00,Southern Miss Golden Eagles,Jacksonville State Gamecocks,0,AmFirst Stadium,open_air,Artificial,America/Chicago,America/Chicago,America/Chicago
2024,2,4,401641008,2024-09-21,18:00,Tulsa Golden Hurricane,Louisiana Tech Bulldogs,0,Joe Aillet Stadium,open_air,Artificial,America/Chicago,America/Chicago,America/Chicago
2024,2,4,401641028,2024-09-21,15:00,UTEP Miners,Colorado State Rams,0,Canvas Stadium,open_air,Artificial,America/Denver,America/Denver,America/Denver
2024,2,4,401641034,2024-09-21,18:00,New Mexico State Aggies,Sam Houston Bearkats,0,Elliott T. Bowers Stadium,open_air,Artificial,America/Chicago,America/Denver,America/Chicago
2024,2,4,401641037,2024-09-21,18:00,Toledo Rockets,Western Kentucky Hilltoppers,0,Houchens Industries-L.T. Smith Stadium,open_air,Artificial,America/Chicago,America/New_York,America/Chicago
2024,2,4,401643711,2024-09-21,18:30,Fresno State Bulldogs,New Mexico Lobos,0,University Stadium (NM),open_air,Artificial,America/Denver,America/Los_Angeles,America/Denver
2024,2,4,401643712,2024-09-21,17:59,Northern Iowa Panthers,Hawai'i Rainbow Warriors,0,Clarence T.C. Ching Athletics Complex,open_air,Grass,Pacific/Honolulu,,Pacific/Honolulu
2024,2,4,401643713,2024-09-21,12:00,Eastern Washington Eagles,Nevada Wolf Pack,0,Mackay Stadium,open_air,Artificial,America/Los_Angeles,,America/Los_Angeles
2024,2,4,401643715,2024-09-21,14:00,Utah State Aggies,Temple Owls,0,Lincoln Financial Field,open_air,Artificial,America/New_York,America/Denver,America/New_York
2024,2,4,401643716,2024-09-21,18:00,Wyoming Cowboys,North Texas Mean Green,0,DATCU Stadium,open_air,Artificial,America/Chicago,America/Denver,America/Chicago
2024,2,4,401643717,2024-09-21,17:30,Purdue Boilermakers,Oregon State Beavers,0,Reser Stadium,open_air,Artificial,America/Los_Angeles,America/Indiana/Indianapolis,America/Los_Angeles
2024,2,4,401643791,2024-09-21,11:00,Tulane Green Wave,Louisiana Ragin' Cajuns,0,Cajun Field,open_air,Artificial,America/Chicago,America/Chicago,America/Chicago
2024,2,4,401644735,2024-09-21,13:00,Ball State Cardinals,Central Michigan Chippewas,0,Kelly/Shorts Stadium,open_air,Artificial,America/Detroit,America/Indiana/Indianapolis,America/Detroit
2024,2,4,401644736,2024-09-21,14:30,Buffalo Bulls,Northern Illinois Huskies,0,Huskie Stadium,open_air,Artificial,America/Chicago,America/New_York,America/Chicago
2024,2,4,401644737,2024-09-21,14:00,St. Francis (PA) Red Flash,Eastern Michigan Eagles,0,Rynearson Stadium,open_air,Artificial,America/Detroit,,America/Detroit
2024,2,4,401645328,2024-09-21,12:00,Rice Owls,Army Black Knights,0,Michie Stadium,open_air,Artificial,America/New_York,America/Chicago,America/New_York
2024,2,4,401645329,2024-09-21,15:30,Memphis Tigers,Navy Midshipmen,0,Navy-Marine Corps Memorial Stadium,open_air,Artificial,America/New_York,America/Chicago,America/New_York
2024,2,4,401645330,2024-09-21,14:30,Houston Christian Huskies,UTSA Roadrunners,0,Alamodome,dome,Artificial,America/Chicago,,America/Chicago
2024,2,4,401654851,2024-09-21,23:00,Sacramento State Hornets,East Texas A&M Lions,0,"Memorial Stadium (Commerce, TX)",,,,America/Los_Angeles,
2024,2,5,401645331,2024-09-26,19:30,Army Black Knights,Temple Owls,0,Lincoln Financial Field,open_air,Artificial,America/New_York,America/New_York,America/New_York
2024,2,5,401628501,2024-09-27,20:00,Washington Huskies,Rutgers Scarlet Knights,0,SHI Stadium,open_air,Artificial,America/New_York,America/Los_Angeles,America/New_York
2024,2,5,401634767,2024-09-27,19:30,Virginia Tech Hokies,Miami Hurricanes,0,Hard Rock Stadium,open_air,Artificial,America/New_York,America/New_York,America/New_York
2024,2,5,401628373,2024-09-28,19:30,Arkansas Razorbacks,Texas A&M Aggies,1,AT&T Stadium,,,America/Chicago,America/Chicago,
2024,2,5,401628374,2024-09-28,18:30,Georgia Bulldogs,Alabama Crimson Tide,0,Bryant-Denny Stadium,open_air,Grass,America/Chicago,America/New_York,America/Chicago
2024,2,5,401628375,2024-09-28,14:30,Oklahoma Sooners,Auburn Tigers,0,Jordan-Hare Stadium,open_air,Grass,America/Chicago,America/Chicago,America/Chicago
2024,2,5,401628376,2024-09-28,18:45,South Alabama Jaguars,LSU Tigers,0,Tiger Stadium (LA),open_air,Grass,America/Chicago,America/Chicago,America/Chicago
2024,2,5,401628377,2024-09-28,11:00,Kentucky Wildcats,Ole Miss Rebels,0,Vaught-Hemingway Stadium,open_air,Grass,America/Chicago,America/New_York,America/Chicago
2024,2,5,401628378,2024-09-28,15:15,Mississippi State Bulldogs,Texas Longhorns,0,DKR-Texas Memorial Stadium,open_air,Artificial,America/Chicago,America/Chicago,America/Chicago
2024,2,5,401628495,2024-09-28,19:30,Illinois Fighting Illini,Penn State Nittany Lions,0,Beaver Stadium,open_air,Grass,America/New_York,America/Chicago,America/New_York
2024,2,5,401628496,2024-09-28,12:00,Maryland Terrapins,Indiana Hoosiers,0,"Memorial Stadium (Bloomington, IN)",open_air,Artificial,America/Indiana/Indianapolis,America/New_York,America/Indiana/Indianapolis
2024,2,5,401628497,2024-09-28,12:00,Minnesota Golden Gophers,Michigan Wolverines,0,Michigan Stadium,open_air,Artificial,America/Detroit,America/Chicago,America/Detroit
2024,2,5,401628498,2024-09-28,19:30,Ohio State Buckeyes,Michigan State Spartans,0,Spartan Stadium,open_air,Grass,America/Detroit,America/New_York,America/Detroit
2024,2,5,401628499,2024-09-28,12:00,Nebraska Cornhuskers,Purdue Boilermakers,0,Ross-Ade Stadium,open_air,Grass,America/Indiana/Indianapolis,America/Chicago,America/Indiana/Indianapolis
2024,2,5,401628500,2024-09-28,20:00,Oregon Ducks,UCLA Bruins,0,Rose Bowl,open_air,Grass,America/Los_Angeles,America/Los_Angeles,America/Los_Angeles
2024,2,5,401628502,2024-09-28,12:30,Wisconsin Badgers,USC Trojans,0,Los Angeles Memorial Coliseum,open_air,Grass,America/Los_Angeles,America/Chicago,America/Los_Angeles
2024,2,5,401628635,2024-09-28,15:30,Sacred Heart Pioneers,Delaware Blue Hens,0,Delaware Stadium,open_air,Artificial,America/New_York,,America/New_York
2024,2,5,401628980,2024-09-28,15:30,Louisville Cardinals,Notre Dame Fighting Irish,0,Notre Dame Stadium,open_air,Artificial,America/Indiana/Indianapolis,America/Kentucky/Louisville,America/Indiana/Indianapolis
2024,2,5,401629032,2024-09-28,12:00,Buffalo Bulls,UConn Huskies,0,Pratt & Whitney Stadium,open_air,Grass,America/New_York,America/New_York,America/New_York
2024,2,5,401629043,2024-09-28,15:30,Massachusetts Minutemen,Miami (OH) RedHawks,0,Yager Stadium,open_air,Artificial,America/New_York,America/New_York,America/New_York
2024,2,5,401634050,2024-09-28,20:00,Sacramento State Hornets,Northern Arizona Lumberjacks,0,J. Lawrence Walkup Skydome,,,,America/Los_Angeles,
2024,2,5,401634161,2024-09-28,19:00,North Dakota State Bison,Illinois State Redbirds,0,Hancock Stadium,,,,America/Chicago,
2024,2,5,401634184,2024-09-28,14:00,Youngstown State Penguins,Missouri State Bears,0,Plaster Sports Complex,open_air,Artificial,America/Chicago,,America/Chicago
2024,2,5,401635560,2024-09-28,12:00,Western Kentucky Hilltoppers,Boston College Eagles,0,"Alumni Stadium (Chestnut Hill, MA)",open_air,Artificial,America/New_York,America/Chicago,America/New_York
2024,2,5,401635561,2024-09-28,19:00,Stanford Cardinal,Clemson Tigers,0,"Memorial Stadium (Clemson, SC)",open_air,Grass,America/New_York,America/Los_Angeles,America/New_York
2024,2,5,401635562,2024-09-28,16:00,North Carolina Tar Heels,Duke Blue Devils,0,Wallace Wade Stadium,open_air,Grass,America/New_York,America/New_York,America/New_York
2024,2,5,401635563,2024-09-28,19:00,Florida State Seminoles,SMU Mustangs,0,Gerald J. Ford Stadium,open_air,Artificial,America/Chicago,America/New_York,America/Chicago
2024,2,5,401635564,2024-09-28,12:00,Northern Illinois Huskies,NC State Wolfpack,0,Carter-Finley Stadium,open_air,Grass,America/New_York,America/Chicago,America/New_York
2024,2,5,401635565,2024-09-28,12:00,Holy Cross Crusaders,Syracuse Orange,0,JMA Wireless Dome,dome,Artificial,America/New_York,,America/New_York
2024,2,5,401635659,2024-09-28,15:30,Louisiana Ragin' Cajuns,Wake Forest Demon Deacons,0,Allegacy Federal Credit Union Stadium,open_air,Artificial,America/New_York,America/Chicago,America/New_York
2024,2,5,401636880,2024-09-28,11:00,BYU Cougars,Baylor Bears,0,McLane Stadium,open_air,Artificial,America/Chicago,America/Denver,America/Chicago
2024,2,5,401636881,2024-09-28,18:00,Iowa State Cyclones,Houston Cougars,0,TDECU Stadium,open_air,Artificial,America/Chicago,America/Chicago,America/Chicago
2024,2,5,401636882,2024-09-28,14:30,TCU Horned Frogs,Kansas Jayhawks,0,Memorial Stadium,open_air,Artificial,America/Chicago,America/Chicago,America/Chicago
2024,2,5,401636883,2024-09-28,11:00,Oklahoma State Cowboys,Kansas State Wildcats,0,Bill Snyder Family Stadium,open_air,Artificial,America/Chicago,America/Chicago,America/Chicago
2024,2,5,401636884,2024-09-28,19:00,Cincinnati Bearcats,Texas Tech Red Raiders,0,Jones AT&T Stadium,open_air,Artificial,America/Chicago,America/New_York,America/Chicago
2024,2,5,401636885,2024-09-28,16:20,Colorado Buffaloes,UCF Knights,0,FBC Mortgage Stadium,open_air,Grass,America/New_York,America/Denver,America/New_York
2024,2,5,401636886,2024-09-28,20:15,Arizona Wildcats,Utah Utes,0,Rice-Eccles Stadium,open_air,Artificial,America/Denver,America/Phoenix,America/Denver
2024,2,5,401640981,2024-09-28,18:00,Louisiana Tech Bulldogs,Florida International Panthers,0,FIU Stadium,open_air,Artificial,America/New_York,America/Chicago,America/New_York
2024,2,5,401640992,2024-09-28,15:30,Liberty Flames,App State Mountaineers,0,Kidd Brewer Stadium,open_air,Artificial,America/New_York,America/New_York,America/New_York
2024,2,5,401641018,2024-09-28,18:00,UT Martin Skyhawks,Kennesaw State Owls,0,Fifth Third Stadium,open_air,,America/New_York,,America/New_York
2024,2,5,401641025,2024-09-28,18:30,Middle Tennessee Blue Raiders,Memphis Tigers,0,Simmons Bank Liberty Stadium,open_air,Artificial,America/Chicago,America/Chicago,America/Chicago
2024,2,5,401641035,2024-09-28,18:00,New Mexico Lobos,New Mexico State Aggies,0,Aggie Memorial Stadium,open_air,Artificial,America/Denver,America/Denver,America/Denver
2024,2,5,401641041,2024-09-28,19:00,Texas State Bobcats,Sam Houston Bearkats,1,NRG Stadium,,,America/Chicago,America/Chicago,
2024,2,5,401643718,2024-09-28,18:00,Air Force Falcons,Wyoming Cowboys,0,War Memorial Stadium,open_air,Artificial,America/Denver,America/Denver,America/Denver
2024,2,5,401643719,2024-09-28,20:00,Washington State Cougars,Boise State Broncos,0,Albertsons Stadium,open_air,Artificial,America/Boise,America/Los_Angeles,America/Boise
2024,2,5,401643720,2024-09-28,12:30,Fresno State Bulldogs,UNLV Rebels,0,Allegiant Stadium,fixed_roof,Artificial,America/Los_Angeles,America/Los_Angeles,America/Los_Angeles
2024,2,5,401643721,2024-09-28,15:30,San Diego State Aztecs,Central Michigan Chippewas,0,Kelly/Shorts Stadium,open_air,Artificial,America/Detroit,America/Los_Angeles,America/Detroit
2024,2,5,401643792,2024-09-28,15:30,Georgia Southern Eagles,Georgia State Panthers,0,Center Parc Stadium,open_air,Artificial,America/New_York,America/New_York,America/New_York
2024,2,5,401643793,2024-09-28,13:30,Ball State Cardinals,James Madison Dukes,0,Bridgeforth Stadium,open_air,Artificial,America/New_York,America/Indiana/Indianapolis,America/New_York
2024,2,5,401643794,2024-09-28,15:30,Western Michigan Broncos,Marshall Thundering Herd,0,Joan C. Edwards Stadium,open_air,Artificial,America/New_York,America/Detroit,America/New_York
2024,2,5,401643795,2024-09-28,17:00,Old Dominion Monarchs,Bowling Green Falcons,0,Doyt L. Perry Stadium,open_air,Artificial,America/New_York,America/New_York,America/New_York
2024,2,5,401643796,2024-09-28,18:00,UL Monroe Warhawks,Troy Trojans,0,Veterans Memorial Stadium (AL),open_air,Artificial,America/Chicago,America/Chicago,America/Chicago
2024,2,5,401644738,2024-09-28,15:30,Akron Zips,Ohio Bobcats,0,Peden Stadium,open_air,Artificial,America/New_York,America/New_York,America/New_York
2024,2,5,401644739,2024-09-28,15:30,Eastern Michigan Eagles,Kent State Golden Flashes,0,Dix Stadium,open_air,Artificial,America/New_York,America/Detroit,America/New_York
2024,2,5,401645332,2024-09-28,11:00,Navy Midshipmen,UAB Blazers,0,Protective Stadium,open_air,Artificial,America/Chicago,America/New_York,America/Chicago
2024,2,5,401645333,2024-09-28,18:00,Charlotte 49ers,Rice Owls,0,Rice Stadium,open_air,Artificial,America/Chicago,America/New_York,America/Chicago
2024,2,5,401645334,2024-09-28,16:00,UTSA Roadrunners,East Carolina Pirates,0,Dowdy-Ficklen Stadium,open_air,Grass,America/New_York,America/Chicago,America/New_York
2024,2,5,401645335,2024-09-28,18:00,Wagner Seahawks,Florida Atlantic Owls,0,FAU Stadium,open_air,Artificial,America/New_York,,America/New_York
2024,2,5,401645336,2024-09-28,18:00,Tulsa Golden Hurricane,North Texas Mean Green,0,DATCU Stadium,open_air,Artificial,America/Chicago,America/Chicago,America/Chicago
2024,2,5,401645337,2024-09-28,11:00,South Florida Bulls,Tulane Green Wave,0,Yulman Stadium,open_air,Artificial,America/Chicago,America/New_York,America/Chicago
2024,2,6,401641029,2024-10-03,19:00,Sam Houston Bearkats,UTEP Miners,0,Sun Bowl,open_air,Artificial,America/Denver,America/Chicago,America/Denver
2024,2,6,401643797,2024-10-03,18:00,Texas State Bobcats,Troy Trojans,0,Veterans Memorial Stadium (AL),open_air,Artificial,America/Chicago,America/Chicago,America/Chicago
2024,2,6,401628506,2024-10-04,18:00,Michigan State Spartans,Oregon Ducks,0,Autzen Stadium,open_air,Artificial,America/Los_Angeles,America/Detroit,America/Los_Angeles
2024,2,6,401634779,2024-10-04,18:00,Syracuse Orange,UNLV Rebels,0,Allegiant Stadium,fixed_roof,Artificial,America/Los_Angeles,America/New_York,America/Los_Angeles
2024,2,6,401636891,2024-10-04,18:30,Houston Cougars,TCU Horned Frogs,0,Amon G. Carter Stadium,open_air,Grass,America/Chicago,America/Chicago,America/Chicago
2024,2,6,401641001,2024-10-04,19:00,Jacksonville State Gamecocks,Kennesaw State Owls,0,Fifth Third Stadium,open_air,,America/New_York,America/Chicago,America/New_York
2024,2,6,401628379,2024-10-05,18:30,Tennessee Volunteers,Arkansas Razorbacks,0,Razorback Stadium,open_air,Artificial,America/Chicago,America/New_York,America/Chicago
2024,2,6,401628380,2024-10-05,19:45,UCF Knights,Florida Gators,0,Ben Hill Griffin Stadium,open_air,Grass,America/New_York,America/New_York,America/New_York
2024,2,6,401628381,2024-10-05,15:30,Auburn Tigers,Georgia Bulldogs,0,Sanford Stadium,open_air,Grass,America/New_York,America/Chicago,America/New_York
2024,2,6,401628382,2024-10-05,15:30,Ole Miss Rebels,South Carolina Gamecocks,0,Williams-Brice Stadium,open_air,Grass,America/New_York,America/Chicago,America/New_York
2024,2,6,401628383,2024-10-05,11:00,Missouri Tigers,Texas A&M Aggies,0,Kyle Field,open_air,Grass,America/Chicago,America/Chicago,America/Chicago
2024,2,6,401628384,2024-10-05,15:15,Alabama Crimson Tide,Vanderbilt Commodores,0,FirstBank Stadium,open_air,Artificial,America/Chicago,America/Chicago,America/Chicago
2024,2,6,401628503,2024-10-05,14:30,Indiana Hoosiers,Northwestern Wildcats,0,Ryan Field,open_air,Grass,America/Chicago,America/Indiana/Indianapolis,America/Chicago
2024,2,6,401628504,2024-10-05,15:30,Iowa Hawkeyes,Ohio State Buckeyes,0,Ohio Stadium,open_air,Artificial,America/New_York,America/Chicago,America/New_York
2024,2,6,401628505,2024-10-05,16:30,Michigan Wolverines,Washington Huskies,0,Husky Stadium,open_air,Artificial,America/Los_Angeles,America/Detroit,America/Los_Angeles
2024,2,6,401628507,2024-10-05,18:30,USC Trojans,Minnesota Golden Gophers,0,Huntington Bank Stadium,open_air,Artificial,America/Chicago,America/Los_Angeles,America/Chicago
2024,2,6,401628508,2024-10-05,15:00,Rutgers Scarlet Knights,Nebraska Cornhuskers,0,"Memorial Stadium (Lincoln, NE)",open_air,Artificial,America/Chicago,America/New_York,America/Chicago
2024,2,6,401628509,2024-10-05,11:00,Purdue Boilermakers,Wisconsin Badgers,0,Camp Randall Stadium,open_air,Artificial,America/Chicago,America/Indiana/Indianapolis,America/Chicago
2024,2,6,401628510,2024-10-05,12:00,UCLA Bruins,Penn State Nittany Lions,0,Beaver Stadium,open_air,Grass,America/New_York,America/Los_Angeles,America/New_York
2024,2,6,401628640,2024-10-05,17:00,Delaware Blue Hens,Monmouth Hawks,0,Kessler Stadium,,,,America/New_York,
2024,2,6,401629033,2024-10-05,15:30,Temple Owls,UConn Huskies,0,Pratt & Whitney Stadium,open_air,Grass,America/New_York,America/New_York,America/New_York
2024,2,6,401629044,2024-10-05,11:00,Massachusetts Minutemen,Northern Illinois Huskies,0,Huskie Stadium,open_air,Artificial,America/Chicago,America/New_York,America/Chicago
2024,2,6,401634201,2024-10-05,14:30,North Dakota Fighting Hawks,North Dakota State Bison,0,Fargodome,dome,Artificial,America/Chicago,,America/Chicago
2024,2,6,401635567,2024-10-05,12:00,Boston College Eagles,Virginia Cavaliers,0,Scott Stadium,open_air,Grass,America/New_York,America/New_York,America/New_York
2024,2,6,401635568,2024-10-05,19:30,Miami Hurricanes,California Golden Bears,0,California Memorial Stadium,open_air,Artificial,America/Los_Angeles,America/New_York,America/Los_Angeles
2024,2,6,401635569,2024-10-05,19:00,Clemson Tigers,Florida State Seminoles,0,Doak Campbell Stadium,open_air,Grass,America/New_York,America/New_York,America/New_York
2024,2,6,401635570,2024-10-05,20:00,Duke Blue Devils,Georgia Tech Yellow Jackets,0,Bobby Dodd Stadium,open_air,Artificial,America/New_York,America/New_York,America/New_York
2024,2,6,401635571,2024-10-05,12:00,SMU Mustangs,Louisville Cardinals,0,L&N Federal Credit Union Stadium,open_air,Artificial,America/Kentucky/Louisville,America/Chicago,America/Kentucky/Louisville
2024,2,6,401635572,2024-10-05,12:00,Pittsburgh Panthers,North Carolina Tar Heels,0,Kenan Stadium,open_air,Artificial,America/New_York,America/New_York,America/New_York
2024,2,6,401635573,2024-10-05,12:30,Virginia Tech Hokies,Stanford Cardinal,0,Stanford Stadium,open_air,Grass,America/Los_Angeles,America/New_York,America/Los_Angeles
2024,2,6,401635638,2024-10-05,12:00,Wake Forest Demon Deacons,NC State Wolfpack,0,Carter-Finley Stadium,open_air,Grass,America/New_York,America/New_York,America/New_York
2024,2,6,401636887,2024-10-05,20:00,Texas Tech Red Raiders,Arizona Wildcats,0,Arizona Stadium,open_air,Artificial,America/Phoenix,America/Chicago,America/Phoenix
2024,2,6,401636888,2024-10-05,17:00,Kansas Jayhawks,Arizona State Sun Devils,0,Mountain America Stadium,open_air,Grass,America/Phoenix,America/Chicago,America/Phoenix
2024,2,6,401636889,2024-10-05,18:30,Baylor Bears,Iowa State Cyclones,0,Jack Trice Stadium,open_air,Grass,America/Chicago,America/Chicago,America/Chicago
2024,2,6,401636890,2024-10-05,15:00,West Virginia Mountaineers,Oklahoma State Cowboys,0,Boone Pickens Stadium,open_air,Artificial,America/Chicago,America/New_York,America/Chicago
2024,2,6,401643722,2024-10-05,10:00,Navy Midshipmen,Air Force Falcons,0,Falcon Stadium,open_air,Artificial,America/Denver,America/New_York,America/Denver
2024,2,6,401643723,2024-10-05,17:00,Utah State Aggies,Boise State Broncos,0,Albertsons Stadium,open_air,Artificial,America/Boise,America/Denver,America/Boise
2024,2,6,401643724,2024-10-05,15:30,Colorado State Rams,Oregon State Beavers,0,Reser Stadium,open_air,Artificial,America/Los_Angeles,America/Denver,America/Los_Angeles
2024,2,6,401643725,2024-10-05,17:00,Hawai'i Rainbow Warriors,San Diego State Aztecs,0,Snapdragon Stadium,open_air,Grass,America/Los_Angeles,Pacific/Honolulu,America/Los_Angeles
2024,2,6,401643726,2024-10-05,16:30,Nevada Wolf Pack,San José State Spartans,0,CEFCU Stadium,open_air,Artificial,America/Los_Angeles,America/Los_Angeles,America/Los_Angeles
2024,2,6,401643798,2024-10-05,19:00,Old Dominion Monarchs,Coastal Carolina Chanticleers,0,Brooks Stadium (SC),open_air,Artificial,America/New_York,America/New_York,America/New_York
2024,2,6,401643799,2024-10-05,15:30,App State Mountaineers,Marshall Thundering Herd,0,Joan C. Edwards Stadium,open_air,Artificial,America/New_York,America/New_York,America/New_York
2024,2,6,401643800,2024-10-05,18:00,South Alabama Jaguars,Arkansas State Red Wolves,0,Centennial Bank Stadium,open_air,Artificial,America/Chicago,America/Chicago,America/Chicago
2024,2,6,401643801,2024-10-05,18:00,James Madison Dukes,UL Monroe Warhawks,0,Malone Stadium,open_air,Artificial,America/Chicago,America/New_York,America/Chicago
2024,2,6,401643802,2024-10-05,18:00,Louisiana Ragin' Cajuns,Southern Miss Golden Eagles,0,M. M. Roberts Stadium,open_air,Artificial,America/Chicago,America/Chicago,America/Chicago
2024,2,6,401644684,2024-10-05,15:30,Miami (OH) RedHawks,Toledo Rockets,0,Glass Bowl,open_air,Artificial,America/New_York,America/New_York,America/New_York
2024,2,6,401644740,2024-10-05,15:30,Bowling Green Falcons,Akron Zips,0,InfoCision Stadium,open_air,Artificial,America/New_York,America/New_York,America/New_York
2024,2,6,401644741,2024-10-05,14:00,Western Michigan Broncos,Ball State Cardinals,0,Scheumann Stadium,open_air,Artificial,America/Indiana/Indianapolis,America/Detroit,America/Indiana/Indianapolis
2024,2,6,401645338,2024-10-05,12:00,Tulane Green Wave,UAB Blazers,0,Protective Stadium,open_air,Artificial,America/Chicago,America/Chicago,America/Chicago
2024,2,6,401645339,2024-10-05,11:00,Army Black Knights,Tulsa Golden Hurricane,0,Chapman Stadium,open_air,Artificial,America/Chicago,America/New_York,America/Chicago
2024,2,6,401645340,2024-10-05,15:30,East Carolina Pirates,Charlotte 49ers,0,Jerry Richardson Stadium,open_air,Artificial,America/New_York,America/New_York,America/New_York
2024,2,7,401640982,2024-10-08,19:00,Florida International Panthers,Liberty Flames,0,Williams Stadium (VA),open_air,Artificial,America/New_York,America/New_York,America/New_York
2024,2,7,401641002,2024-10-09,18:30,New Mexico State Aggies,Jacksonville State Gamecocks,0,AmFirst Stadium,open_air,Artificial,America/Chicago,America/Denver,America/Chicago
2024,2,7,401641009,2024-10-10,19:00,Middle Tennessee Blue Raiders,Louisiana Tech Bulldogs,0,Joe Aillet Stadium,open_air,Artificial,America/Chicago,America/Chicago,America/Chicago
2024,2,7,401641030,2024-10-10,19:00,UTEP Miners,Western Kentucky Hilltoppers,0,Houchens Industries-L.T. Smith Stadium,open_air,Artificial,America/Chicago,America/Denver,America/Chicago
2024,2,7,401643803,2024-10-10,19:30,Coastal Carolina Chanticleers,James Madison Dukes,0,Bridgeforth Stadium,open_air,Artificial,America/New_York,America/New_York,America/New_York
2024,2,7,401628513,2024-10-11,20:00,Northwestern Wildcats,Maryland Terrapins,0,SECU Stadium,open_air,Artificial,America/New_York,America/Chicago,America/New_York
2024,2,7,401636892,2024-10-11,19:30,Utah Utes,Arizona State Sun Devils,0,Mountain America Stadium,open_air,Grass,America/Phoenix,America/Denver,America/Phoenix
2024,2,7,401643733,2024-10-11,19:00,UNLV Rebels,Utah State Aggies,0,Maverik Stadium,open_air,Artificial,America/Denver,America/Los_Angeles,America/Denver
2024,2,7,401628385,2024-10-12,11:00,South Carolina Gamecocks,Alabama Crimson Tide,0,Bryant-Denny Stadium,open_air,Grass,America/Chicago,America/New_York,America/Chicago
2024,2,7,401628386,2024-10-12,16:15,Mississippi State Bulldogs,Georgia Bulldogs,0,Sanford Stadium,open_air,Grass,America/New_York,America/Chicago,America/New_York
2024,2,7,401628387,2024-10-12,19:55,Vanderbilt Commodores,Kentucky Wildcats,0,Kroger Field,open_air,Artificial,America/New_York,America/Chicago,America/New_York
2024,2,7,401628388,2024-10-12,18:30,Ole Miss Rebels,LSU Tigers,0,Tiger Stadium (LA),open_air,Grass,America/Chicago,America/Chicago,America/Chicago
2024,2,7,401628389,2024-10-12,12:00,Missouri Tigers,Massachusetts Minutemen,0,Warren McGuirk Alumni Stadium,open_air,Artificial,America/New_York,America/Chicago,America/New_York
2024,2,7,401628390,2024-10-12,19:30,Texas Longhorns,Oklahoma Sooners,1,Cotton Bowl,,,America/Chicago,America/Chicago,
2024,2,7,401628391,2024-10-12,19:00,Florida Gators,Tennessee Volunteers,0,Neyland Stadium,open_air,Grass,America/New_York,America/New_York,America/New_York
2024,2,7,401628511,2024-10-12,14:30,Purdue Boilermakers,Illinois Fighting Illini,0,"Memorial Stadium (Champaign, IL)",open_air,Artificial,America/Chicago,America/Indiana/Indianapolis,America/Chicago
2024,2,7,401628512,2024-10-12,11:00,Washington Huskies,Iowa Hawkeyes,0,Kinnick Stadium,open_air,Artificial,America/Chicago,America/Los_Angeles,America/Chicago
2024,2,7,401628514,2024-10-12,18:00,Minnesota Golden Gophers,UCLA Bruins,0,Rose Bowl,open_air,Grass,America/Los_Angeles,America/Chicago,America/Los_Angeles
2024,2,7,401628515,2024-10-12,16:30,Ohio State Buckeyes,Oregon Ducks,0,Autzen Stadium,open_air,Artificial,America/Los_Angeles,America/New_York,America/Los_Angeles
2024,2,7,401628516,2024-10-12,12:30,Penn State Nittany Lions,USC Trojans,0,Los Angeles Memorial Coliseum,open_air,Grass,America/Los_Angeles,America/New_York,America/Los_Angeles
2024,2,7,401628517,2024-10-12,12:00,Wisconsin Badgers,Rutgers Scarlet Knights,0,SHI Stadium,open_air,Artificial,America/New_York,America/Chicago,America/New_York
2024,2,7,401628650,2024-10-12,13:00,Maine Black Bears,Delaware Blue Hens,0,Delaware Stadium,open_air,Artificial,America/New_York,,America/New_York
2024,2,7,401628981,2024-10-12,15:30,Stanford Cardinal,Notre Dame Fighting Irish,0,Notre Dame Stadium,open_air,Artificial,America/Indiana/Indianapolis,America/Los_Angeles,America/Indiana/Indianapolis
2024,2,7,401634057,2024-10-12,18:00,Eastern Washington Eagles,Sacramento State Hornets,0,Hornet Stadium,open_air,Artificial,America/Los_Angeles,,America/Los_Angeles
2024,2,7,401634163,2024-10-12,17:00,Missouri State Bears,Illinois State Redbirds,0,Hancock Stadium,,,,America/Chicago,
2024,2,7,401634208,2024-10-12,19:00,North Dakota State Bison,Southern Illinois Salukis,0,Saluki Stadium,,,,America/Chicago,
2024,2,7,401635574,2024-10-12,20:00,Syracuse Orange,NC State Wolfpack,0,Carter-Finley Stadium,open_air,Grass,America/New_York,America/New_York,America/New_York
2024,2,7,401635575,2024-10-12,15:30,California Golden Bears,Pittsburgh Panthers,0,Acrisure Stadium,open_air,Grass,America/New_York,America/Los_Angeles,America/New_York
2024,2,7,401635576,2024-10-12,12:00,Clemson Tigers,Wake Forest Demon Deacons,0,Allegacy Federal Credit Union Stadium,open_air,Artificial,America/New_York,America/New_York,America/New_York
2024,2,7,401635577,2024-10-12,12:00,Georgia Tech Yellow Jackets,North Carolina Tar Heels,0,Kenan Stadium,open_air,Artificial,America/New_York,America/New_York,America/New_York
2024,2,7,401635578,2024-10-12,15:30,Louisville Cardinals,Virginia Cavaliers,0,Scott Stadium,open_air,Grass,America/New_York,America/Kentucky/Louisville,America/New_York
2024,2,7,401636893,2024-10-12,14:00,Arizona Wildcats,BYU Cougars,0,LaVell Edwards Stadium,open_air,Grass,America/Denver,America/Phoenix,America/Denver
2024,2,7,401636894,2024-10-12,20:25,Kansas State Wildcats,Colorado Buffaloes,0,Folsom Field,open_air,Grass,America/Denver,America/Chicago,America/Denver
2024,2,7,401636895,2024-10-12,15:30,Cincinnati Bearcats,UCF Knights,0,FBC Mortgage Stadium,open_air,Grass,America/New_York,America/New_York,America/New_York
2024,2,7,401636896,2024-10-12,20:00,Iowa State Cyclones,West Virginia Mountaineers,0,Milan Puskar Stadium,open_air,Artificial,America/New_York,America/Chicago,America/New_York
2024,2,7,401643727,2024-10-12,17:00,Air Force Falcons,New Mexico Lobos,0,University Stadium (NM),open_air,Artificial,America/Denver,America/Denver,America/Denver
2024,2,7,401643728,2024-10-12,17:00,Boise State Broncos,Hawai'i Rainbow Warriors,0,Clarence T.C. Ching Athletics Complex,open_air,Grass,Pacific/Honolulu,America/Boise,Pacific/Honolulu
2024,2,7,401643729,2024-10-12,13:30,San José State Spartans,Colorado State Rams,0,Canvas Stadium,open_air,Artificial,America/Denver,America/Los_Angeles,America/Denver
2024,2,7,401643730,2024-10-12,16:00,Washington State Cougars,Fresno State Bulldogs,0,Valley Children's Stadium,open_air,Artificial,America/Los_Angeles,America/Los_Angeles,America/Los_Angeles
2024,2,7,401643731,2024-10-12,16:30,Oregon State Beavers,Nevada Wolf Pack,0,Mackay Stadium,open_air,Artificial,America/Los_Angeles,America/Los_Angeles,America/Los_Angeles
2024,2,7,401643732,2024-10-12,13:30,San Diego State Aztecs,Wyoming Cowboys,0,War Memorial Stadium,open_air,Artificial,America/Denver,America/Los_Angeles,America/Denver
2024,2,7,401643804,2024-10-12,20:00,Marshall Thundering Herd,Georgia Southern Eagles,0,Allen E. Paulson Stadium,open_air,Artificial,America/New_York,America/New_York,America/New_York
2024,2,7,401643805,2024-10-12,15:30,Old Dominion Monarchs,Georgia State Panthers,0,Center Parc Stadium,open_air,Artificial,America/New_York,America/New_York,America/New_York
2024,2,7,401643806,2024-10-12,18:30,App State Mountaineers,Louisiana Ragin' Cajuns,0,Cajun Field,open_air,Artificial,America/Chicago,America/New_York,America/Chicago
2024,2,7,401643807,2024-10-12,16:00,Southern Miss Golden Eagles,UL Monroe Warhawks,0,Malone Stadium,open_air,Artificial,America/Chicago,America/Chicago,America/Chicago
2024,2,7,401643808,2024-10-12,18:00,Arkansas State Red Wolves,Texas State Bobcats,0,Bobcat Stadium (TX),open_air,Artificial,America/Chicago,America/Chicago,America/Chicago
2024,2,7,401644685,2024-10-12,14:00,Miami (OH) RedHawks,Eastern Michigan Eagles,0,Rynearson Stadium,open_air,Artificial,America/Detroit,America/New_York,America/Detroit
2024,2,7,401644742,2024-10-12,15:30,Akron Zips,Western Michigan Broncos,0,Waldo Stadium,open_air,Artificial,America/Detroit,America/New_York,America/Detroit
2024,2,7,401644743,2024-10-12,12:00,Ball State Cardinals,Kent State Golden Flashes,0,Dix Stadium,open_air,Artificial,America/New_York,America/Indiana/Indianapolis,America/New_York
2024,2,7,401644744,2024-10-12,15:30,Northern Illinois Huskies,Bowling Green Falcons,0,Doyt L. Perry Stadium,open_air,Artificial,America/New_York,America/Chicago,America/New_York
2024,2,7,401644745,2024-10-12,12:00,Toledo Rockets,Buffalo Bulls,0,UB Stadium,open_air,Artificial,America/New_York,America/New_York,America/New_York
2024,2,7,401644746,2024-10-12,16:00,Ohio Bobcats,Central Michigan Chippewas,0,Kelly/Shorts Stadium,open_air,Artificial,America/Detroit,America/New_York,America/Detroit
2024,2,7,401645341,2024-10-12,15:30,Memphis Tigers,South Florida Bulls,0,Raymond James Stadium,open_air,Grass,America/New_York,America/Chicago,America/New_York
2024,2,7,401645342,2024-10-12,12:00,UAB Blazers,Army Black Knights,0,Michie Stadium,open_air,Artificial,America/New_York,America/Chicago,America/New_York
2024,2,7,401645343,2024-10-12,19:00,North Texas Mean Green,Florida Atlantic Owls,0,FAU Stadium,open_air,Artificial,America/New_York,America/Chicago,America/New_York
2024,2,7,401645344,2024-10-12,18:00,UTSA Roadrunners,Rice Owls,0,Rice Stadium,open_air,Artificial,America/Chicago,America/Chicago,America/Chicago
2024,2,8,401641010,2024-10-15,19:00,Louisiana Tech Bulldogs,New Mexico State Aggies,0,Aggie Memorial Stadium,open_air,Artificial,America/Denver,America/Chicago,America/Denver
2024,2,8,401641019,2024-10-15,19:00,Kennesaw State Owls,Middle Tennessee Blue Raiders,0,"Johnny ""Red"" Floyd Stadium",open_air,Artificial,America/Chicago,America/New_York,America/Chicago
2024,2,8,401643809,2024-10-15,18:30,Troy Trojans,South Alabama Jaguars,0,Hancock Whitney Stadium,open_air,Artificial,America/Chicago,America/Chicago,America/Chicago
2024,2,8,401640983,2024-10-16,19:00,Florida International Panthers,UTEP Miners,0,Sun Bowl,open_air,Artificial,America/Denver,America/New_York,America/Denver
2024,2,8,401641038,2024-10-16,18:00,Western Kentucky Hilltoppers,Sam Houston Bearkats,0,Elliott T. Bowers Stadium,open_air,Artificial,America/Chicago,America/Chicago,America/Chicago
2024,2,8,401634768,2024-10-17,19:30,Boston College Eagles,Virginia Tech Hokies,0,Lane Stadium,open_air,Grass,America/New_York,America/New_York,America/New_York
2024,2,8,401643810,2024-10-17,19:00,Georgia State Panthers,Marshall Thundering Herd,0,Joan C. Edwards Stadium,open_air,Artificial,America/New_York,America/New_York,America/New_York
2024,2,8,401628523,2024-10-18,20:00,Oregon Ducks,Purdue Boilermakers,0,Ross-Ade Stadium,open_air,Grass,America/Indiana/Indianapolis,America/Los_Angeles,America/Indiana/Indianapolis
2024,2,8,401634769,2024-10-18,19:00,Florida State Seminoles,Duke Blue Devils,0,Wallace Wade Stadium,open_air,Grass,America/New_York,America/New_York,America/New_York
2024,2,8,401636898,2024-10-18,20:15,Oklahoma State Cowboys,BYU Cougars,0,LaVell Edwards Stadium,open_air,Grass,America/Denver,America/Chicago,America/Denver
2024,2,8,401643735,2024-10-18,19:30,Fresno State Bulldogs,Nevada Wolf Pack,0,Mackay Stadium,open_air,Artificial,America/Los_Angeles,America/Los_Angeles,America/Los_Angeles
2024,2,8,401628392,2024-10-19,18:00,LSU Tigers,Arkansas Razorbacks,0,Razorback Stadium,open_air,Artificial,America/Chicago,America/Chicago,America/Chicago
2024,2,8,401628393,2024-10-19,19:45,Kentucky Wildcats,Florida Gators,0,Ben Hill Griffin Stadium,open_air,Grass,America/New_York,America/New_York,America/New_York
2024,2,8,401628394,2024-10-19,15:15,Texas A&M Aggies,Mississippi State Bulldogs,0,Davis Wade Stadium,open_air,Grass,America/Chicago,America/Chicago,America/Chicago
2024,2,8,401628395,2024-10-19,11:00,Auburn Tigers,Missouri Tigers,0,Memorial Stadium,open_air,Artificial,America/Chicago,America/Chicago,America/Chicago
2024,2,8,401628396,2024-10-19,11:45,South Carolina Gamecocks,Oklahoma Sooners,0,"Memorial Stadium (Norman, OK)",open_air,Grass,America/Chicago,America/New_York,America/Chicago
2024,2,8,401628397,2024-10-19,15:30,Alabama Crimson Tide,Tennessee Volunteers,0,Neyland Stadium,open_air,Grass,America/New_York,America/Chicago,America/New_York
2024,2,8,401628398,2024-10-19,18:49,Georgia Bulldogs,Texas Longhorns,0,DKR-Texas Memorial Stadium,open_air,Artificial,America/Chicago,America/New_York,America/Chicago
2024,2,8,401628399,2024-10-19,18:00,Ball State Cardinals,Vanderbilt Commodores,0,FirstBank Stadium,open_air,Artificial,America/Chicago,America/Indiana/Indianapolis,America/Chicago
2024,2,8,401628518,2024-10-19,14:30,Michigan Wolverines,Illinois Fighting Illini,0,"Memorial Stadium (Champaign, IL)",open_air,Artificial,America/Chicago,America/Detroit,America/Chicago
2024,2,8,401628519,2024-10-19,12:00,Nebraska Cornhuskers,Indiana Hoosiers,0,"Memorial Stadium (Bloomington, IN)",open_air,Artificial,America/Indiana/Indianapolis,America/Chicago,America/Indiana/Indianapolis
2024,2,8,401628520,2024-10-19,19:30,Iowa Hawkeyes,Michigan State Spartans,0,Spartan Stadium,open_air,Grass,America/Detroit,America/Chicago,America/Detroit
2024,2,8,401628521,2024-10-19,16:00,USC Trojans,Maryland Terrapins,0,SECU Stadium,open_air,Artificial,America/New_York,America/Los_Angeles,America/New_York
2024,2,8,401628522,2024-10-19,11:00,Wisconsin Badgers,Northwestern Wildcats,0,Ryan Field,open_air,Grass,America/Chicago,America/Chicago,America/Chicago
2024,2,8,401628524,2024-10-19,12:00,UCLA Bruins,Rutgers Scarlet Knights,0,SHI Stadium,open_air,Artificial,America/New_York,America/Los_Angeles,America/New_York
2024,2,8,401628658,2024-10-19,19:30,Delaware Blue Hens,Richmond Spiders,0,Robins Stadium,,,,America/New_York,
2024,2,8,401628982,2024-10-19,19:30,Notre Dame Fighting Irish,Georgia Tech Yellow Jackets,1,Mercedes-Benz Stadium,,,America/New_York,America/Indiana/Indianapolis,
2024,2,8,401629034,2024-10-19,12:00,Wake Forest Demon Deacons,UConn Huskies,0,Pratt & Whitney Stadium,open_air,Grass,America/New_York,America/New_York,America/New_York
2024,2,8,401634106,2024-10-19,18:00,Weber State Wildcats,Sacramento State Hornets,0,Hornet Stadium,open_air,Artificial,America/Los_Angeles,,America/Los_Angeles
2024,2,8,401634175,2024-10-19,14:00,Indiana State Sycamores,Missouri State Bears,0,Plaster Sports Complex,open_air,Artificial,America/Chicago,,America/Chicago
2024,2,8,401634209,2024-10-19,19:00,South Dakota State Jackrabbits,North Dakota State Bison,0,Fargodome,dome,Artificial,America/Chicago,,America/Chicago
2024,2,8,401635587,2024-10-19,12:30,NC State Wolfpack,California Golden Bears,0,California Memorial Stadium,open_air,Artificial,America/Los_Angeles,America/New_York,America/Los_Angeles
2024,2,8,401635588,2024-10-19,12:00,Virginia Cavaliers,Clemson Tigers,0,"Memorial Stadium (Clemson, SC)",open_air,Grass,America/New_York,America/New_York,America/New_York
2024,2,8,401635589,2024-10-19,12:00,Miami Hurricanes,Louisville Cardinals,0,L&N Federal Credit Union Stadium,open_air,Artificial,America/Kentucky/Louisville,America/New_York,America/Kentucky/Louisville
2024,2,8,401635590,2024-10-19,17:00,SMU Mustangs,Stanford Cardinal,0,Stanford Stadium,open_air,Grass,America/Los_Angeles,America/Chicago,America/Los_Angeles
2024,2,8,401636897,2024-10-19,13:00,Colorado Buffaloes,Arizona Wildcats,0,Arizona Stadium,open_air,Artificial,America/Phoenix,America/Denver,America/Phoenix
2024,2,8,401636899,2024-10-19,12:00,Arizona State Sun Devils,Cincinnati Bearcats,0,Nippert Stadium,open_air,Artificial,America/New_York,America/Phoenix,America/New_York
2024,2,8,401636900,2024-10-19,18:30,UCF Knights,Iowa State Cyclones,0,Jack Trice Stadium,open_air,Grass,America/Chicago,America/New_York,America/Chicago
2024,2,8,401636901,2024-10-19,14:30,Houston Cougars,Kansas Jayhawks,0,Memorial Stadium,open_air,Artificial,America/Chicago,America/Chicago,America/Chicago
2024,2,8,401636902,2024-10-19,15:00,Baylor Bears,Texas Tech Red Raiders,0,Jones AT&T Stadium,open_air,Artificial,America/Chicago,America/Chicago,America/Chicago
2024,2,8,401636903,2024-10-19,20:30,TCU Horned Frogs,Utah Utes,0,Rice-Eccles Stadium,open_air,Artificial,America/Denver,America/Chicago,America/Denver
2024,2,8,401636904,2024-10-19,19:30,Kansas State Wildcats,West Virginia Mountaineers,0,Milan Puskar Stadium,open_air,Artificial,America/New_York,America/Chicago,America/New_York
2024,2,8,401643734,2024-10-19,18:00,Colorado State Rams,Air Force Falcons,0,Falcon Stadium,open_air,Artificial,America/Denver,America/Denver,America/Denver
2024,2,8,401643736,2024-10-19,12:30,Hawai'i Rainbow Warriors,Washington State Cougars,0,Gesa Field,open_air,Artificial,America/Los_Angeles,Pacific/Honolulu,America/Los_Angeles
2024,2,8,401643737,2024-10-19,14:00,New Mexico Lobos,Utah State Aggies,0,Maverik Stadium,open_air,Artificial,America/Denver,America/Denver,America/Denver
2024,2,8,401643738,2024-10-19,13:00,Wyoming Cowboys,San José State Spartans,0,CEFCU Stadium,open_air,Artificial,America/Los_Angeles,America/Denver,America/Los_Angeles
2024,2,8,401643739,2024-10-19,19:00,UNLV Rebels,Oregon State Beavers,0,Reser Stadium,open_air,Artificial,America/Los_Angeles,America/Los_Angeles,America/Los_Angeles
2024,2,8,401643811,2024-10-19,12:00,Louisiana Ragin' Cajuns,Coastal Carolina Chanticleers,0,Brooks Stadium (SC),open_air,Artificial,America/New_York,America/Chicago,America/New_York
2024,2,8,401643812,2024-10-19,16:00,James Madison Dukes,Georgia Southern Eagles,0,Allen E. Paulson Stadium,open_air,Artificial,America/New_York,America/New_York,America/New_York
2024,2,8,401643813,2024-10-19,15:30,Texas State Bobcats,Old Dominion Monarchs,0,S.B. Ballard Stadium,open_air,Artificial,America/New_York,America/Chicago,America/New_York
2024,2,8,401643814,2024-10-19,18:00,Arkansas State Red Wolves,Southern Miss Golden Eagles,0,M. M. Roberts Stadium,open_air,Artificial,America/Chicago,America/Chicago,America/Chicago
2024,2,8,401644686,2024-10-19,15:30,Ohio Bobcats,Miami (OH) RedHawks,0,Yager Stadium,open_air,Artificial,America/New_York,America/New_York,America/New_York
2024,2,8,401644748,2024-10-19,15:30,Kent State Golden Flashes,Bowling Green Falcons,0,Doyt L. Perry Stadium,open_air,Artificial,America/New_York,America/New_York,America/New_York
2024,2,8,401644749,2024-10-19,15:30,Western Michigan Broncos,Buffalo Bulls,0,UB Stadium,open_air,Artificial,America/New_York,America/Detroit,America/New_York
2024,2,8,401644750,2024-10-19,14:00,Central Michigan Chippewas,Eastern Michigan Eagles,0,Rynearson Stadium,open_air,Artificial,America/Detroit,America/Detroit,America/Detroit
2024,2,8,401644751,2024-10-19,14:30,Toledo Rockets,Northern Illinois Huskies,0,Huskie Stadium,open_air,Artificial,America/Chicago,America/New_York,America/Chicago
2024,2,8,401645345,2024-10-19,15:30,UAB Blazers,South Florida Bulls,0,Raymond James Stadium,open_air,Grass,America/New_York,America/Chicago,America/New_York
2024,2,8,401645346,2024-10-19,12:00,East Carolina Pirates,Army Black Knights,0,Michie Stadium,open_air,Artificial,America/New_York,America/New_York,America/New_York
2024,2,8,401645347,2024-10-19,15:30,Charlotte 49ers,Navy Midshipmen,0,Navy-Marine Corps Memorial Stadium,open_air,Artificial,America/New_York,America/New_York,America/New_York
2024,2,8,401645348,2024-10-19,14:30,Florida Atlantic Owls,UTSA Roadrunners,0,Alamodome,dome,Artificial,America/Chicago,America/New_York,America/Chicago
2024,2,8,401645349,2024-10-19,18:30,North Texas Mean Green,Memphis Tigers,0,Simmons Bank Liberty Stadium,open_air,Artificial,America/Chicago,America/Chicago,America/Chicago
2024,2,8,401645350,2024-10-19,14:30,Rice Owls,Tulane Green Wave,0,Yulman Stadium,open_air,Artificial,America/Chicago,America/Chicago,America/Chicago
2024,2,8,401645351,2024-10-19,14:00,Tulsa Golden Hurricane,Temple Owls,0,Lincoln Financial Field,open_air,Artificial,America/New_York,America/Chicago,America/New_York
2024,2,9,401640984,2024-10-22,19:30,Sam Houston Bearkats,Florida International Panthers,0,FIU Stadium,open_air,Artificial,America/New_York,America/Chicago,America/New_York
2024,2,9,401641011,2024-10-22,19:00,UTEP Miners,Louisiana Tech Bulldogs,0,Joe Aillet Stadium,open_air,Artificial,America/Chicago,America/Denver,America/Chicago
2024,2,9,401640993,2024-10-23,19:00,Liberty Flames,Kennesaw State Owls,0,Fifth Third Stadium,open_air,,America/New_York,America/New_York,America/New_York
2024,2,9,401641003,2024-10-23,18:30,Middle Tennessee Blue Raiders,Jacksonville State Gamecocks,0,AmFirst Stadium,open_air,Artificial,America/Chicago,America/Chicago,America/Chicago
2024,2,9,401634770,2024-10-24,19:30,Syracuse Orange,Pittsburgh Panthers,0,Acrisure Stadium,open_air,Grass,America/New_York,America/New_York,America/New_York
2024,2,9,401643815,2024-10-24,19:00,Georgia Southern Eagles,Old Dominion Monarchs,0,S.B. Ballard Stadium,open_air,Artificial,America/New_York,America/New_York,America/New_York
2024,2,9,401628532,2024-10-25,20:00,Rutgers Scarlet Knights,USC Trojans,0,Los Angeles Memorial Coliseum,open_air,Grass,America/Los_Angeles,America/New_York,America/Los_Angeles
2024,2,9,401634771,2024-10-25,19:30,Louisville Cardinals,Boston College Eagles,0,"Alumni Stadium (Chestnut Hill, MA)",open_air,Artificial,America/New_York,America/Kentucky/Louisville,America/New_York
2024,2,9,401643740,2024-10-25,19:30,Boise State Broncos,UNLV Rebels,0,Allegiant Stadium,fixed_roof,Artificial,America/Los_Angeles,America/Boise,America/Los_Angeles
2024,2,9,401628400,2024-10-26,14:30,Missouri Tigers,Alabama Crimson Tide,0,Bryant-Denny Stadium,open_air,Grass,America/Chicago,America/Chicago,America/Chicago
2024,2,9,401628401,2024-10-26,19:45,Auburn Tigers,Kentucky Wildcats,0,Kroger Field,open_air,Artificial,America/New_York,America/Chicago,America/New_York
2024,2,9,401628402,2024-10-26,11:00,Oklahoma Sooners,Ole Miss Rebels,0,Vaught-Hemingway Stadium,open_air,Grass,America/Chicago,America/Chicago,America/Chicago
2024,2,9,401628403,2024-10-26,11:45,Arkansas Razorbacks,Mississippi State Bulldogs,0,Davis Wade Stadium,open_air,Grass,America/Chicago,America/Chicago,America/Chicago
2024,2,9,401628404,2024-10-26,18:30,LSU Tigers,Texas A&M Aggies,0,Kyle Field,open_air,Grass,America/Chicago,America/Chicago,America/Chicago
2024,2,9,401628405,2024-10-26,15:15,Texas Longhorns,Vanderbilt Commodores,0,FirstBank Stadium,open_air,Artificial,America/Chicago,America/Chicago,America/Chicago
2024,2,9,401628525,2024-10-26,12:30,Illinois Fighting Illini,Oregon Ducks,0,Autzen Stadium,open_air,Artificial,America/Los_Angeles,America/Chicago,America/Los_Angeles
2024,2,9,401628526,2024-10-26,12:00,Washington Huskies,Indiana Hoosiers,0,"Memorial Stadium (Bloomington, IN)",open_air,Artificial,America/Indiana/Indianapolis,America/Los_Angeles,America/Indiana/Indianapolis
2024,2,9,401628527,2024-10-26,14:30,Northwestern Wildcats,Iowa Hawkeyes,0,Kinnick Stadium,open_air,Artificial,America/Chicago,America/Chicago,America/Chicago
2024,2,9,401628528,2024-10-26,14:30,Maryland Terrapins,Minnesota Golden Gophers,0,Huntington Bank Stadium,open_air,Artificial,America/Chicago,America/New_York,America/Chicago
2024,2,9,401628529,2024-10-26,19:30,Michigan State Spartans,Michigan Wolverines,0,Michigan Stadium,open_air,Artificial,America/Detroit,America/Detroit,America/Detroit
2024,2,9,401628530,2024-10-26,12:00,Nebraska Cornhuskers,Ohio State Buckeyes,0,Ohio Stadium,open_air,Artificial,America/New_York,America/Chicago,America/New_York
2024,2,9,401628531,2024-10-26,18:30,Penn State Nittany Lions,Wisconsin Badgers,0,Camp Randall Stadium,open_air,Artificial,America/Chicago,America/New_York,America/Chicago
2024,2,9,401628662,2024-10-26,15:00,UAlbany Great Danes,Delaware Blue Hens,0,Delaware Stadium,open_air,Artificial,America/New_York,,America/New_York
2024,2,9,401628983,2024-10-26,16:00,Notre Dame Fighting Irish,Navy Midshipmen,1,MetLife Stadium,,,America/New_York,America/Indiana/Indianapolis,
2024,2,9,401629035,2024-10-26,15:30,Rice Owls,UConn Huskies,0,Pratt & Whitney Stadium,open_air,Grass,America/New_York,America/Chicago,America/New_York
2024,2,9,401634108,2024-10-26,22:00,Sacramento State Hornets,Idaho State Bengals,0,ICCU Dome,,,,America/Los_Angeles,
2024,2,9,401634185,2024-10-26,21:00,Missouri State Bears,Northern Iowa Panthers,0,UNI-Dome,,,,America/Chicago,
2024,2,9,401634194,2024-10-26,18:00,North Dakota State Bison,Murray State Racers,0,Roy Stewart Stadium,,,,America/Chicago,
2024,2,9,401635594,2024-10-26,13:00,Oregon State Beavers,California Golden Bears,0,California Memorial Stadium,open_air,Artificial,America/Los_Angeles,America/Los_Angeles,America/Los_Angeles
2024,2,9,401635595,2024-10-26,20:00,SMU Mustangs,Duke Blue Devils,0,Wallace Wade Stadium,open_air,Grass,America/New_York,America/Chicago,America/New_York
2024,2,9,401635596,2024-10-26,19:00,Florida State Seminoles,Miami Hurricanes,0,Hard Rock Stadium,open_air,Artificial,America/New_York,America/New_York,America/New_York
2024,2,9,401635597,2024-10-26,12:00,Georgia Tech Yellow Jackets,Virginia Tech Hokies,0,Lane Stadium,open_air,Grass,America/New_York,America/New_York,America/New_York
2024,2,9,401635598,2024-10-26,12:00,North Carolina Tar Heels,Virginia Cavaliers,0,Scott Stadium,open_air,Grass,America/New_York,America/New_York,America/New_York
2024,2,9,401635599,2024-10-26,12:30,Wake Forest Demon Deacons,Stanford Cardinal,0,Stanford Stadium,open_air,Grass,America/Los_Angeles,America/New_York,America/Los_Angeles
2024,2,9,401636905,2024-10-26,16:00,West Virginia Mountaineers,Arizona Wildcats,0,Arizona Stadium,open_air,Artificial,America/Phoenix,America/New_York,America/Phoenix
2024,2,9,401636906,2024-10-26,14:30,Oklahoma State Cowboys,Baylor Bears,0,McLane Stadium,open_air,Artificial,America/Chicago,America/Chicago,America/Chicago
2024,2,9,401636907,2024-10-26,20:15,Cincinnati Bearcats,Colorado Buffaloes,0,Folsom Field,open_air,Grass,America/Denver,America/New_York,America/Denver
2024,2,9,401636908,2024-10-26,18:00,Utah Utes,Houston Cougars,0,TDECU Stadium,open_air,Artificial,America/Chicago,America/Denver,America/Chicago
2024,2,9,401636909,2024-10-26,19:00,Kansas Jayhawks,Kansas State Wildcats,0,Bill Snyder Family Stadium,open_air,Artificial,America/Chicago,America/Chicago,America/Chicago
2024,2,9,401636910,2024-10-26,14:30,Texas Tech Red Raiders,TCU Horned Frogs,0,Amon G. Carter Stadium,open_air,Grass,America/Chicago,America/Chicago,America/Chicago
2024,2,9,401636911,2024-10-26,15:30,BYU Cougars,UCF Knights,0,FBC Mortgage Stadium,open_air,Grass,America/New_York,America/Denver,America/New_York
2024,2,9,401643741,2024-10-26,15:00,New Mexico Lobos,Colorado State Rams,0,Canvas Stadium,open_air,Artificial,America/Denver,America/Denver,America/Denver
2024,2,9,401643742,2024-10-26,17:00,San José State Spartans,Fresno State Bulldogs,0,Valley Children's Stadium,open_air,Artificial,America/Los_Angeles,America/Los_Angeles,America/Los_Angeles
2024,2,9,401643743,2024-10-26,17:59,Nevada Wolf Pack,Hawai'i Rainbow Warriors,0,Clarence T.C. Ching Athletics Complex,open_air,Grass,Pacific/Honolulu,America/Los_Angeles,Pacific/Honolulu
2024,2,9,401643744,2024-10-26,19:30,Washington State Cougars,San Diego State Aztecs,0,Snapdragon Stadium,open_air,Grass,America/Los_Angeles,America/Los_Angeles,America/Los_Angeles
2024,2,9,401643745,2024-10-26,17:00,Utah State Aggies,Wyoming Cowboys,0,War Memorial Stadium,open_air,Artificial,America/Denver,America/Denver,America/Denver
2024,2,9,401643816,2024-10-26,13:00,Georgia State Panthers,App State Mountaineers,0,Kidd Brewer Stadium,open_air,Artificial,America/New_York,America/New_York,America/New_York
2024,2,9,401643817,2024-10-26,15:30,Southern Miss Golden Eagles,James Madison Dukes,0,Bridgeforth Stadium,open_air,Artificial,America/New_York,America/Chicago,America/New_York
2024,2,9,401643818,2024-10-26,18:00,Troy Trojans,Arkansas State Red Wolves,0,Centennial Bank Stadium,open_air,Artificial,America/Chicago,America/Chicago,America/Chicago
2024,2,9,401643819,2024-10-26,16:00,UL Monroe Warhawks,South Alabama Jaguars,0,Hancock Whitney Stadium,open_air,Artificial,America/Chicago,America/Chicago,America/Chicago
2024,2,9,401644687,2024-10-26,14:00,Central Michigan Chippewas,Miami (OH) RedHawks,0,Yager Stadium,open_air,Artificial,America/New_York,America/Detroit,America/New_York
2024,2,9,401644752,2024-10-26,15:30,Eastern Michigan Eagles,Akron Zips,0,InfoCision Stadium,open_air,Artificial,America/New_York,America/Detroit,America/New_York
2024,2,9,401644753,2024-10-26,15:30,Northern Illinois Huskies,Ball State Cardinals,0,Scheumann Stadium,open_air,Artificial,America/Indiana/Indianapolis,America/Chicago,America/Indiana/Indianapolis
2024,2,9,401644754,2024-10-26,15:30,Bowling Green Falcons,Toledo Rockets,0,Glass Bowl,open_air,Artificial,America/New_York,America/New_York,America/New_York
2024,2,9,401644755,2024-10-26,12:00,Buffalo Bulls,Ohio Bobcats,0,Peden Stadium,open_air,Artificial,America/New_York,America/New_York,America/New_York
2024,2,9,401644756,2024-10-26,15:30,Kent State Golden Flashes,Western Michigan Broncos,0,Waldo Stadium,open_air,Artificial,America/Detroit,America/New_York,America/Detroit
2024,2,9,401645308,2024-10-26,15:30,Wagner Seahawks,Massachusetts Minutemen,0,Warren McGuirk Alumni Stadium,open_air,Artificial,America/New_York,,America/New_York
2024,2,9,401645352,2024-10-26,14:00,Temple Owls,East Carolina Pirates,0,Dowdy-Ficklen Stadium,open_air,Grass,America/New_York,America/New_York,America/New_York
2024,2,9,401645353,2024-10-26,11:00,Charlotte 49ers,Memphis Tigers,0,Simmons Bank Liberty Stadium,open_air,Artificial,America/Chicago,America/New_York,America/Chicago
2024,2,9,401645354,2024-10-26,11:00,Tulane Green Wave,North Texas Mean Green,0,DATCU Stadium,open_air,Artificial,America/Chicago,America/Chicago,America/Chicago
2024,2,9,401645355,2024-10-26,14:30,UTSA Roadrunners,Tulsa Golden Hurricane,0,Chapman Stadium,open_air,Artificial,America/Chicago,America/Chicago,America/Chicago
2024,2,10,401640985,2024-10-29,19:00,New Mexico State Aggies,Florida International Panthers,0,FIU Stadium,open_air,Artificial,America/New_York,America/Denver,America/New_York
2024,2,10,401641012,2024-10-29,19:00,Louisiana Tech Bulldogs,Sam Houston Bearkats,0,Elliott T. Bowers Stadium,open_air,Artificial,America/Chicago,America/Chicago,America/Chicago
2024,2,10,401643820,2024-10-29,18:30,Louisiana Ragin' Cajuns,Texas State Bobcats,0,Bobcat Stadium (TX),open_air,Artificial,America/Chicago,America/Chicago,America/Chicago
2024,2,10,401640994,2024-10-30,19:00,Jacksonville State Gamecocks,Liberty Flames,0,Williams Stadium (VA),open_air,Artificial,America/New_York,America/Chicago,America/New_York
2024,2,10,401641020,2024-10-30,18:30,Kennesaw State Owls,Western Kentucky Hilltoppers,0,Houchens Industries-L.T. Smith Stadium,open_air,Artificial,America/Chicago,America/New_York,America/Chicago
2024,2,10,401645356,2024-10-31,19:30,Tulane Green Wave,Charlotte 49ers,0,Jerry Richardson Stadium,open_air,Artificial,America/New_York,America/Chicago,America/New_York
2024,2,10,401629036,2024-11-01,19:00,Georgia State Panthers,UConn Huskies,0,Pratt & Whitney Stadium,open_air,Grass,America/New_York,America/New_York,America/New_York
2024,2,10,401643747,2024-11-01,18:00,San Diego State Aztecs,Boise State Broncos,0,Albertsons Stadium,open_air,Artificial,America/Boise,America/Los_Angeles,America/Boise
2024,2,10,401645357,2024-11-01,19:30,South Florida Bulls,Florida Atlantic Owls,0,FAU Stadium,open_air,Artificial,America/New_York,America/New_York,America/New_York
2024,2,10,401628406,2024-11-02,11:00,Ole Miss Rebels,Arkansas Razorbacks,0,Razorback Stadium,open_air,Artificial,America/Chicago,America/Chicago,America/Chicago
2024,2,10,401628407,2024-11-02,11:45,Vanderbilt Commodores,Auburn Tigers,0,Jordan-Hare Stadium,open_air,Grass,America/Chicago,America/Chicago,America/Chicago
2024,2,10,401628408,2024-11-02,19:30,Florida Gators,Georgia Bulldogs,1,EverBank Stadium,,,America/New_York,America/New_York,
2024,2,10,401628409,2024-11-02,15:15,Massachusetts Minutemen,Mississippi State Bulldogs,0,Davis Wade Stadium,open_air,Grass,America/Chicago,America/New_York,America/Chicago
2024,2,10,401628410,2024-11-02,11:00,Maine Black Bears,Oklahoma Sooners,0,"Memorial Stadium (Norman, OK)",open_air,Grass,America/Chicago,,America/Chicago
2024,2,10,401628411,2024-11-02,19:30,Texas A&M Aggies,South Carolina Gamecocks,0,Williams-Brice Stadium,open_air,Grass,America/New_York,America/Chicago,America/New_York
2024,2,10,401628412,2024-11-02,19:45,Kentucky Wildcats,Tennessee Volunteers,0,Neyland Stadium,open_air,Grass,America/New_York,America/New_York,America/New_York
2024,2,10,401628533,2024-11-02,11:00,Minnesota Golden Gophers,Illinois Fighting Illini,0,"Memorial Stadium (Champaign, IL)",open_air,Artificial,America/Chicago,America/Chicago,America/Chicago
2024,2,10,401628534,2024-11-02,15:30,Indiana Hoosiers,Michigan State Spartans,0,Spartan Stadium,open_air,Grass,America/Detroit,America/Indiana/Indianapolis,America/Detroit
2024,2,10,401628535,2024-11-02,18:30,Wisconsin Badgers,Iowa Hawkeyes,0,Kinnick Stadium,open_air,Artificial,America/Chicago,America/Chicago,America/Chicago
2024,2,10,401628536,2024-11-02,15:30,Oregon Ducks,Michigan Wolverines,0,Michigan Stadium,open_air,Artificial,America/Detroit,America/Los_Angeles,America/Detroit
2024,2,10,401628537,2024-11-02,14:30,UCLA Bruins,Nebraska Cornhuskers,0,"Memorial Stadium (Lincoln, NE)",open_air,Artificial,America/Chicago,America/Los_Angeles,America/Chicago
2024,2,10,401628538,2024-11-02,12:00,Northwestern Wildcats,Purdue Boilermakers,0,Ross-Ade Stadium,open_air,Grass,America/Indiana/Indianapolis,America/Chicago,America/Indiana/Indianapolis
2024,2,10,401628539,2024-11-02,12:00,Ohio State Buckeyes,Penn State Nittany Lions,0,Beaver Stadium,open_air,Grass,America/New_York,America/New_York,America/New_York
2024,2,10,401628540,2024-11-02,16:30,USC Trojans,Washington Huskies,0,Husky Stadium,open_air,Artificial,America/Los_Angeles,America/Los_Angeles,America/Los_Angeles
2024,2,10,401634114,2024-11-02,18:00,Portland State Vikings,Sacramento State Hornets,0,Hornet Stadium,open_air,Artificial,America/Los_Angeles,,America/Los_Angeles
2024,2,10,401634186,2024-11-02,14:00,Southern Illinois Salukis,Missouri State Bears,0,Plaster Sports Complex,open_air,Artificial,America/Chicago,,America/Chicago
2024,2,10,401634210,2024-11-02,14:30,Northern Iowa Panthers,North Dakota State Bison,0,Fargodome,dome,Artificial,America/Chicago,,America/Chicago
2024,2,10,401635516,2024-11-02,12:00,Stanford Cardinal,NC State Wolfpack,0,Carter-Finley Stadium,open_air,Grass,America/New_York,America/Los_Angeles,America/New_York
2024,2,10,401635600,2024-11-02,19:30,Louisville Cardinals,Clemson Tigers,0,"Memorial Stadium (Clemson, SC)",open_air,Grass,America/New_York,America/Kentucky/Louisville,America/New_York
2024,2,10,401635601,2024-11-02,12:00,Duke Blue Devils,Miami Hurricanes,0,Hard Rock Stadium,open_air,Artificial,America/New_York,America/New_York,America/New_York
2024,2,10,401635602,2024-11-02,15:30,North Carolina Tar Heels,Florida State Seminoles,0,Doak Campbell Stadium,open_air,Grass,America/New_York,America/New_York,America/New_York
2024,2,10,401635604,2024-11-02,12:00,Virginia Tech Hokies,Syracuse Orange,0,JMA Wireless Dome,dome,Artificial,America/New_York,America/New_York,America/New_York
2024,2,10,401635627,2024-11-02,19:00,Pittsburgh Panthers,SMU Mustangs,0,Gerald J. Ford Stadium,open_air,Artificial,America/Chicago,America/New_York,America/Chicago
2024,2,10,401636912,2024-11-02,19:00,TCU Horned Frogs,Baylor Bears,0,McLane Stadium,open_air,Artificial,America/Chicago,America/Chicago,America/Chicago
2024,2,10,401636913,2024-11-02,14:30,Kansas State Wildcats,Houston Cougars,0,TDECU Stadium,open_air,Artificial,America/Chicago,America/Chicago,America/Chicago
2024,2,10,401636914,2024-11-02,14:30,Texas Tech Red Raiders,Iowa State Cyclones,0,Jack Trice Stadium,open_air,Grass,America/Chicago,America/Chicago,America/Chicago
2024,2,10,401636915,2024-11-02,14:30,Arizona State Sun Devils,Oklahoma State Cowboys,0,Boone Pickens Stadium,open_air,Artificial,America/Chicago,America/Phoenix,America/Chicago
2024,2,10,401636916,2024-11-02,15:30,Arizona Wildcats,UCF Knights,0,FBC Mortgage Stadium,open_air,Grass,America/New_York,America/Phoenix,America/New_York
2024,2,10,401641026,2024-11-02,13:30,Middle Tennessee Blue Raiders,UTEP Miners,0,Sun Bowl,open_air,Artificial,America/Denver,America/Chicago,America/Denver
2024,2,10,401643746,2024-11-02,12:00,Air Force Falcons,Army Black Knights,0,Michie Stadium,open_air,Artificial,America/New_York,America/Denver,America/New_York
2024,2,10,401643748,2024-11-02,17:00,Colorado State Rams,Nevada Wolf Pack,0,Mackay Stadium,open_air,Artificial,America/Los_Angeles,America/Denver,America/Los_Angeles
2024,2,10,401643749,2024-11-02,16:00,Hawai'i Rainbow Warriors,Fresno State Bulldogs,0,Valley Children's Stadium,open_air,Artificial,America/Los_Angeles,Pacific/Honolulu,America/Los_Angeles
2024,2,10,401643750,2024-11-02,14:00,Wyoming Cowboys,New Mexico Lobos,0,University Stadium (NM),open_air,Artificial,America/Denver,America/Denver,America/Denver
2024,2,10,401643821,2024-11-02,14:30,Old Dominion Monarchs,App State Mountaineers,0,Kidd Brewer Stadium,open_air,Artificial,America/New_York,America/New_York,America/New_York
2024,2,10,401643822,2024-11-02,15:30,UL Monroe Warhawks,Marshall Thundering Herd,0,Joan C. Edwards Stadium,open_air,Artificial,America/New_York,America/Chicago,America/New_York
2024,2,10,401643823,2024-11-02,18:30,Georgia Southern Eagles,South Alabama Jaguars,0,Hancock Whitney Stadium,open_air,Artificial,America/Chicago,America/New_York,America/Chicago
2024,2,10,401643824,2024-11-02,15:00,Coastal Carolina Chanticleers,Troy Trojans,0,Veterans Memorial Stadium (AL),open_air,Artificial,America/Chicago,America/New_York,America/Chicago
2024,2,10,401644757,2024-11-02,12:00,Buffalo Bulls,Akron Zips,0,InfoCision Stadium,open_air,Artificial,America/New_York,America/New_York,America/New_York
2024,2,10,401644758,2024-11-02,12:00,Toledo Rockets,Eastern Michigan Eagles,0,Rynearson Stadium,open_air,Artificial,America/Detroit,America/New_York,America/Detroit
2024,2,10,401645358,2024-11-02,13:30,Tulsa Golden Hurricane,UAB Blazers,0,Protective Stadium,open_air,Artificial,America/Chicago,America/Chicago,America/Chicago
2024,2,10,401645359,2024-11-02,11:00,Memphis Tigers,UTSA Roadrunners,0,Alamodome,dome,Artificial,America/Chicago,America/Chicago,America/Chicago
2024,2,10,401645360,2024-11-02,15:00,Navy Midshipmen,Rice Owls,0,Rice Stadium,open_air,Artificial,America/Chicago,America/New_York,America/Chicago
2024,2,11,401644688,2024-11-05,20:00,Miami (OH) RedHawks,Ball State Cardinals,0,Scheumann Stadium,open_air,Artificial,America/Indiana/Indianapolis,America/New_York,America/Indiana/Indianapolis
2024,2,11,401644760,2024-11-05,19:30,Bowling Green Falcons,Central Michigan Chippewas,0,Kelly/Shorts Stadium,open_air,Artificial,America/Detroit,America/New_York,America/Detroit
2024,2,11,401644761,2024-11-06,19:00,Ohio Bobcats,Kent State Golden Flashes,0,Dix Stadium,open_air,Artificial,America/New_York,America/New_York,America/New_York
2024,2,11,401644762,2024-11-06,19:00,Northern Illinois Huskies,Western Michigan Broncos,0,Waldo Stadium,open_air,Artificial,America/Detroit,America/Chicago,America/Detroit
2024,2,11,401643825,2024-11-07,20:00,App State Mountaineers,Coastal Carolina Chanticleers,0,Brooks Stadium (SC),open_air,Artificial,America/New_York,America/New_York,America/New_York
2024,2,11,401645361,2024-11-07,20:00,Florida Atlantic Owls,East Carolina Pirates,0,Dowdy-Ficklen Stadium,open_air,Grass,America/New_York,America/New_York,America/New_York
2024,2,11,401628542,2024-11-08,18:00,Iowa Hawkeyes,UCLA Bruins,0,Rose Bowl,open_air,Grass,America/Los_Angeles,America/Chicago,America/Los_Angeles
2024,2,11,401634773,2024-11-08,20:00,California Golden Bears,Wake Forest Demon Deacons,0,Allegacy Federal Credit Union Stadium,open_air,Artificial,America/New_York,America/Los_Angeles,America/New_York
2024,2,11,401643754,2024-11-08,19:30,New Mexico Lobos,San Diego State Aztecs,0,Snapdragon Stadium,open_air,Grass,America/Los_Angeles,America/Denver,America/Los_Angeles
2024,2,11,401645362,2024-11-08,20:00,Rice Owls,Memphis Tigers,0,Simmons Bank Liberty Stadium,open_air,Artificial,America/Chicago,America/Chicago,America/Chicago
2024,2,11,401628413,2024-11-09,18:30,Alabama Crimson Tide,LSU Tigers,0,Tiger Stadium (LA),open_air,Grass,America/Chicago,America/Chicago,America/Chicago
2024,2,11,401628414,2024-11-09,14:30,Georgia Bulldogs,Ole Miss Rebels,0,Vaught-Hemingway Stadium,open_air,Grass,America/Chicago,America/New_York,America/Chicago
2024,2,11,401628415,2024-11-09,18:45,Oklahoma Sooners,Missouri Tigers,0,Memorial Stadium,open_air,Artificial,America/Chicago,America/Chicago,America/Chicago
2024,2,11,401628416,2024-11-09,19:00,Mississippi State Bulldogs,Tennessee Volunteers,0,Neyland Stadium,open_air,Grass,America/New_York,America/Chicago,America/New_York
2024,2,11,401628417,2024-11-09,11:00,Florida Gators,Texas Longhorns,0,DKR-Texas Memorial Stadium,open_air,Artificial,America/Chicago,America/New_York,America/Chicago
2024,2,11,401628418,2024-11-09,15:15,South Carolina Gamecocks,Vanderbilt Commodores,0,FirstBank Stadium,open_air,Artificial,America/Chicago,America/New_York,America/Chicago
2024,2,11,401628541,2024-11-09,15:30,Michigan Wolverines,Indiana Hoosiers,0,"Memorial Stadium (Bloomington, IN)",open_air,Artificial,America/Indiana/Indianapolis,America/Detroit,America/Indiana/Indianapolis
2024,2,11,401628543,2024-11-09,16:00,Maryland Terrapins,Oregon Ducks,0,Autzen Stadium,open_air,Artificial,America/Los_Angeles,America/New_York,America/Los_Angeles
2024,2,11,401628544,2024-11-09,12:00,Minnesota Golden Gophers,Rutgers Scarlet Knights,0,SHI Stadium,open_air,Artificial,America/New_York,America/Chicago,America/New_York
2024,2,11,401628545,2024-11-09,12:00,Purdue Boilermakers,Ohio State Buckeyes,0,Ohio Stadium,open_air,Artificial,America/New_York,America/Indiana/Indianapolis,America/New_York
2024,2,11,401628546,2024-11-09,20:00,Washington Huskies,Penn State Nittany Lions,0,Beaver Stadium,open_air,Grass,America/New_York,America/Los_Angeles,America/New_York
2024,2,11,401628680,2024-11-09,13:00,Rhode Island Rams,Delaware Blue Hens,0,Delaware Stadium,open_air,Artificial,America/New_York,,America/New_York
2024,2,11,401628984,2024-11-09,19:30,Florida State Seminoles,Notre Dame Fighting Irish,0,Notre Dame Stadium,open_air,Artificial,America/Indiana/Indianapolis,America/New_York,America/Indiana/Indianapolis
2024,2,11,401629037,2024-11-09,13:30,UConn Huskies,UAB Blazers,0,Protective Stadium,open_air,Artificial,America/Chicago,America/New_York,America/Chicago
2024,2,11,401629045,2024-11-09,14:30,Army Black Knights,North Texas Mean Green,0,DATCU Stadium,open_air,Artificial,America/Chicago,America/New_York,America/Chicago
2024,2,11,401634120,2024-11-09,20:00,Sacramento State Hornets,Montana State Bobcats,0,Bobcat Stadium (MT),,,,America/Los_Angeles,
2024,2,11,401634187,2024-11-09,19:00,Missouri State Bears,Murray State Racers,0,Roy Stewart Stadium,,,,America/Chicago,
2024,2,11,401635606,2024-11-09,12:00,Syracuse Orange,Boston College Eagles,0,"Alumni Stadium (Chestnut Hill, MA)",open_air,Artificial,America/New_York,America/New_York,America/New_York
2024,2,11,401635607,2024-11-09,15:35,Clemson Tigers,Virginia Tech Hokies,0,Lane Stadium,open_air,Grass,America/New_York,America/New_York,America/New_York
2024,2,11,401635608,2024-11-09,15:30,Duke Blue Devils,NC State Wolfpack,0,Carter-Finley Stadium,open_air,Grass,America/New_York,America/New_York,America/New_York
2024,2,11,401635609,2024-11-09,12:00,Miami Hurricanes,Georgia Tech Yellow Jackets,0,Bobby Dodd Stadium,open_air,Artificial,America/New_York,America/New_York,America/New_York
2024,2,11,401635610,2024-11-09,20:00,Virginia Cavaliers,Pittsburgh Panthers,0,Acrisure Stadium,open_air,Grass,America/New_York,America/New_York,America/New_York
2024,2,11,401636917,2024-11-09,17:00,UCF Knights,Arizona State Sun Devils,0,Mountain America Stadium,open_air,Grass,America/Phoenix,America/New_York,America/Phoenix
2024,2,11,401636918,2024-11-09,12:00,West Virginia Mountaineers,Cincinnati Bearcats,0,Nippert Stadium,open_air,Artificial,America/New_York,America/New_York,America/New_York
2024,2,11,401636919,2024-11-09,14:30,Iowa State Cyclones,Kansas Jayhawks,0,Memorial Stadium,open_air,Artificial,America/Chicago,America/Chicago,America/Chicago
2024,2,11,401636920,2024-11-09,18:00,Oklahoma State Cowboys,TCU Horned Frogs,0,Amon G. Carter Stadium,open_air,Grass,America/Chicago,America/Chicago,America/Chicago
2024,2,11,401636921,2024-11-09,15:00,Colorado Buffaloes,Texas Tech Red Raiders,0,Jones AT&T Stadium,open_air,Artificial,America/Chicago,America/Denver,America/Chicago
2024,2,11,401636922,2024-11-09,20:15,BYU Cougars,Utah Utes,0,Rice-Eccles Stadium,open_air,Artificial,America/Denver,America/Denver,America/Denver
2024,2,11,401640995,2024-11-09,12:00,Liberty Flames,Middle Tennessee Blue Raiders,0,"Johnny ""Red"" Floyd Stadium",open_air,Artificial,America/Chicago,America/New_York,America/Chicago
2024,2,11,401641004,2024-11-09,15:30,Jacksonville State Gamecocks,Louisiana Tech Bulldogs,0,Joe Aillet Stadium,open_air,Artificial,America/Chicago,America/Chicago,America/Chicago
2024,2,11,401641021,2024-11-09,14:00,Kennesaw State Owls,UTEP Miners,0,Sun Bowl,open_air,Artificial,America/Denver,America/New_York,America/Denver
2024,2,11,401641036,2024-11-09,16:00,Western Kentucky Hilltoppers,New Mexico State Aggies,0,Aggie Memorial Stadium,open_air,Artificial,America/Denver,America/Chicago,America/Denver
2024,2,11,401643751,2024-11-09,19:45,Fresno State Bulldogs,Air Force Falcons,0,Falcon Stadium,open_air,Artificial,America/Denver,America/Los_Angeles,America/Denver
2024,2,11,401643752,2024-11-09,18:00,Nevada Wolf Pack,Boise State Broncos,0,Albertsons Stadium,open_air,Artificial,America/Boise,America/Los_Angeles,America/Boise
2024,2,11,401643753,2024-11-09,16:00,UNLV Rebels,Hawai'i Rainbow Warriors,0,Clarence T.C. Ching Athletics Complex,open_air,Grass,Pacific/Honolulu,America/Los_Angeles,Pacific/Honolulu
2024,2,11,401643755,2024-11-09,12:30,San José State Spartans,Oregon State Beavers,0,Reser Stadium,open_air,Artificial,America/Los_Angeles,America/Los_Angeles,America/Los_Angeles
2024,2,11,401643756,2024-11-09,19:30,Utah State Aggies,Washington State Cougars,0,Gesa Field,open_air,Artificial,America/Los_Angeles,America/Denver,America/Los_Angeles
2024,2,11,401643826,2024-11-09,15:30,Georgia State Panthers,James Madison Dukes,0,Bridgeforth Stadium,open_air,Artificial,America/New_York,America/New_York,America/New_York
2024,2,11,401643827,2024-11-09,16:00,Arkansas State Red Wolves,Louisiana Ragin' Cajuns,0,Cajun Field,open_air,Artificial,America/Chicago,America/Chicago,America/Chicago
2024,2,11,401643828,2024-11-09,11:00,Texas State Bobcats,UL Monroe Warhawks,0,Malone Stadium,open_air,Artificial,America/Chicago,America/Chicago,America/Chicago
2024,2,11,401643829,2024-11-09,14:00,Marshall Thundering Herd,Southern Miss Golden Eagles,0,M. M. Roberts Stadium,open_air,Artificial,America/Chicago,America/New_York,America/Chicago
2024,2,11,401645363,2024-11-09,12:00,Navy Midshipmen,South Florida Bulls,0,Raymond James Stadium,open_air,Grass,America/New_York,America/New_York,America/New_York
2024,2,11,401645364,2024-11-09,15:00,Temple Owls,Tulane Green Wave,0,Yulman Stadium,open_air,Artificial,America/Chicago,America/New_York,America/Chicago
2024,2,12,401644763,2024-11-12,19:00,Ball State Cardinals,Buffalo Bulls,0,UB Stadium,open_air,Artificial,America/New_York,America/Indiana/Indianapolis,America/New_York
2024,2,12,401644764,2024-11-12,19:00,Western Michigan Broncos,Bowling Green Falcons,0,Doyt L. Perry Stadium,open_air,Artificial,America/New_York,America/Detroit,America/New_York
2024,2,12,401644765,2024-11-12,19:00,Central Michigan Chippewas,Toledo Rockets,0,Glass Bowl,open_air,Artificial,America/New_York,America/Detroit,America/New_York
2024,2,12,401644689,2024-11-13,19:00,Kent State Golden Flashes,Miami (OH) RedHawks,0,Yager Stadium,open_air,Artificial,America/New_York,America/New_York,America/New_York
2024,2,12,401644766,2024-11-13,18:00,Akron Zips,Northern Illinois Huskies,0,Huskie Stadium,open_air,Artificial,America/Chicago,America/New_York,America/Chicago
2024,2,12,401644767,2024-11-13,19:00,Eastern Michigan Eagles,Ohio Bobcats,0,Peden Stadium,open_air,Artificial,America/New_York,America/Detroit,America/New_York
2024,2,12,401645365,2024-11-14,18:30,East Carolina Pirates,Tulsa Golden Hurricane,0,Chapman Stadium,open_air,Artificial,America/Chicago,America/New_York,America/Chicago
2024,2,12,401628553,2024-11-15,18:00,UCLA Bruins,Washington Huskies,0,Husky Stadium,open_air,Artificial,America/Los_Angeles,America/Los_Angeles,America/Los_Angeles
2024,2,12,401636923,2024-11-15,20:15,Houston Cougars,Arizona Wildcats,0,Arizona Stadium,open_air,Artificial,America/Phoenix,America/Chicago,America/Phoenix
2024,2,12,401643759,2024-11-15,18:00,Wyoming Cowboys,Colorado State Rams,0,Canvas Stadium,open_air,Artificial,America/Denver,America/Denver,America/Denver
2024,2,12,401645366,2024-11-15,19:00,North Texas Mean Green,UTSA Roadrunners,0,Alamodome,dome,Artificial,America/Chicago,America/Chicago,America/Chicago
2024,2,12,401628419,2024-11-16,11:00,Texas Longhorns,Arkansas Razorbacks,0,Razorback Stadium,open_air,Artificial,America/Chicago,America/Chicago,America/Chicago
2024,2,12,401628420,2024-11-16,15:30,LSU Tigers,Florida Gators,0,Ben Hill Griffin Stadium,open_air,Grass,America/New_York,America/Chicago,America/New_York
2024,2,12,401628421,2024-11-16,19:30,Tennessee Volunteers,Georgia Bulldogs,0,Sanford Stadium,open_air,Grass,America/New_York,America/New_York,America/New_York
2024,2,12,401628422,2024-11-16,13:30,Murray State Racers,Kentucky Wildcats,0,Kroger Field,open_air,Artificial,America/New_York,,America/New_York
2024,2,12,401628423,2024-11-16,16:15,Missouri Tigers,South Carolina Gamecocks,0,Williams-Brice Stadium,open_air,Grass,America/New_York,America/Chicago,America/New_York
2024,2,12,401628424,2024-11-16,18:45,New Mexico State Aggies,Texas A&M Aggies,0,Kyle Field,open_air,Grass,America/Chicago,America/Denver,America/Chicago
2024,2,12,401628425,2024-11-16,13:00,Mercer Bears,Alabama Crimson Tide,0,Bryant-Denny Stadium,open_air,Grass,America/Chicago,,America/Chicago
2024,2,12,401628426,2024-11-16,11:45,UL Monroe Warhawks,Auburn Tigers,0,Jordan-Hare Stadium,open_air,Grass,America/Chicago,America/Chicago,America/Chicago
2024,2,12,401628547,2024-11-16,13:30,Michigan State Spartans,Illinois Fighting Illini,0,"Memorial Stadium (Champaign, IL)",open_air,Artificial,America/Chicago,America/Detroit,America/Chicago
2024,2,12,401628548,2024-11-16,18:00,Rutgers Scarlet Knights,Maryland Terrapins,0,SECU Stadium,open_air,Artificial,America/New_York,America/New_York,America/New_York
2024,2,12,401628549,2024-11-16,13:00,Nebraska Cornhuskers,USC Trojans,0,Los Angeles Memorial Coliseum,open_air,Grass,America/Los_Angeles,America/Chicago,America/Los_Angeles
2024,2,12,401628550,2024-11-16,11:00,Ohio State Buckeyes,Northwestern Wildcats,0,Ryan Field,open_air,Grass,America/Chicago,America/New_York,America/Chicago
2024,2,12,401628551,2024-11-16,18:30,Oregon Ducks,Wisconsin Badgers,0,Camp Randall Stadium,open_air,Artificial,America/Chicago,America/Los_Angeles,America/Chicago
2024,2,12,401628552,2024-11-16,15:30,Penn State Nittany Lions,Purdue Boilermakers,0,Ross-Ade Stadium,open_air,Grass,America/Indiana/Indianapolis,America/New_York,America/Indiana/Indianapolis
2024,2,12,401628691,2024-11-16,13:00,Campbell Fighting Camels,Delaware Blue Hens,0,Delaware Stadium,open_air,Artificial,America/New_York,,America/New_York
2024,2,12,401628985,2024-11-16,15:30,Virginia Cavaliers,Notre Dame Fighting Irish,0,Notre Dame Stadium,open_air,Artificial,America/Indiana/Indianapolis,America/New_York,America/Indiana/Indianapolis
2024,2,12,401629046,2024-11-16,12:00,Liberty Flames,Massachusetts Minutemen,0,Warren McGuirk Alumni Stadium,open_air,Artificial,America/New_York,America/New_York,America/New_York
2024,2,12,401634121,2024-11-16,22:00,Sacramento State Hornets,Cal Poly Mustangs,0,Mustang Memorial Field,,,,America/Los_Angeles,
2024,2,12,401634188,2024-11-16,14:30,Missouri State Bears,North Dakota State Bison,0,Fargodome,dome,Artificial,America/Chicago,America/Chicago,America/Chicago
2024,2,12,401635517,2024-11-16,12:30,Louisville Cardinals,Stanford Cardinal,0,Stanford Stadium,open_air,Grass,America/Los_Angeles,America/Kentucky/Louisville,America/Los_Angeles
2024,2,12,401635580,2024-11-16,14:30,Boston College Eagles,SMU Mustangs,0,Gerald J. Ford Stadium,open_air,Artificial,America/Chicago,America/New_York,America/Chicago
2024,2,12,401635581,2024-11-16,12:00,Syracuse Orange,California Golden Bears,0,California Memorial Stadium,open_air,Artificial,America/Los_Angeles,America/New_York,America/Los_Angeles
2024,2,12,401635582,2024-11-16,12:00,Clemson Tigers,Pittsburgh Panthers,0,Acrisure Stadium,open_air,Grass,America/New_York,America/New_York,America/New_York
2024,2,12,401635583,2024-11-16,20:00,Wake Forest Demon Deacons,North Carolina Tar Heels,0,Kenan Stadium,open_air,Artificial,America/New_York,America/New_York,America/New_York
2024,2,12,401636924,2024-11-16,20:15,Kansas Jayhawks,BYU Cougars,0,LaVell Edwards Stadium,open_air,Grass,America/Denver,America/Chicago,America/Denver
2024,2,12,401636925,2024-11-16,10:00,Utah Utes,Colorado Buffaloes,0,Folsom Field,open_air,Grass,America/Denver,America/Denver,America/Denver
2024,2,12,401636926,2024-11-16,19:00,Cincinnati Bearcats,Iowa State Cyclones,0,Jack Trice Stadium,open_air,Grass,America/Chicago,America/New_York,America/Chicago
2024,2,12,401636927,2024-11-16,18:00,Arizona State Sun Devils,Kansas State Wildcats,0,Bill Snyder Family Stadium,open_air,Artificial,America/Chicago,America/Phoenix,America/Chicago
2024,2,12,401636929,2024-11-16,16:00,Baylor Bears,West Virginia Mountaineers,0,Milan Puskar Stadium,open_air,Artificial,America/New_York,America/Chicago,America/New_York
2024,2,12,401640986,2024-11-16,13:00,Florida International Panthers,Jacksonville State Gamecocks,0,AmFirst Stadium,open_air,Artificial,America/Chicago,America/New_York,America/Chicago
2024,2,12,401641013,2024-11-16,11:00,Louisiana Tech Bulldogs,Western Kentucky Hilltoppers,0,Houchens Industries-L.T. Smith Stadium,open_air,Artificial,America/Chicago,America/Chicago,America/Chicago
2024,2,12,401641022,2024-11-16,15:00,Sam Houston Bearkats,Kennesaw State Owls,0,Fifth Third Stadium,open_air,,America/New_York,America/Chicago,America/New_York
2024,2,12,401643757,2024-11-16,13:30,Oregon State Beavers,Air Force Falcons,0,Falcon Stadium,open_air,Artificial,America/Denver,America/Los_Angeles,America/Denver
2024,2,12,401643758,2024-11-16,16:00,Boise State Broncos,San José State Spartans,0,CEFCU Stadium,open_air,Artificial,America/Los_Angeles,America/Boise,America/Los_Angeles
2024,2,12,401643760,2024-11-16,13:00,Hawai'i Rainbow Warriors,Utah State Aggies,0,Maverik Stadium,open_air,Artificial,America/Denver,Pacific/Honolulu,America/Denver
2024,2,12,401643761,2024-11-16,19:30,Washington State Cougars,New Mexico Lobos,0,University Stadium (NM),open_air,Artificial,America/Denver,America/Los_Angeles,America/Denver
2024,2,12,401643762,2024-11-16,19:30,San Diego State Aztecs,UNLV Rebels,0,Allegiant Stadium,fixed_roof,Artificial,America/Los_Angeles,America/Los_Angeles,America/Los_Angeles
2024,2,12,401643830,2024-11-16,16:00,Troy Trojans,Georgia Southern Eagles,0,Allen E. Paulson Stadium,open_air,Artificial,America/New_York,America/Chicago,America/New_York
2024,2,12,401643831,2024-11-16,17:00,Arkansas State Red Wolves,Georgia State Panthers,0,Center Parc Stadium,open_air,Artificial,America/New_York,America/Chicago,America/New_York
2024,2,12,401643832,2024-11-16,13:00,Coastal Carolina Chanticleers,Marshall Thundering Herd,0,Joan C. Edwards Stadium,open_air,Artificial,America/New_York,America/New_York,America/New_York
2024,2,12,401643833,2024-11-16,16:00,James Madison Dukes,Old Dominion Monarchs,0,S.B. Ballard Stadium,open_air,Artificial,America/New_York,America/New_York,America/New_York
2024,2,12,401643834,2024-11-16,18:00,South Alabama Jaguars,Louisiana Ragin' Cajuns,0,Cajun Field,open_air,Artificial,America/Chicago,America/Chicago,America/Chicago
2024,2,12,401643835,2024-11-16,18:00,Southern Miss Golden Eagles,Texas State Bobcats,0,Bobcat Stadium (TX),open_air,Artificial,America/Chicago,America/Chicago,America/Chicago
2024,2,12,401645367,2024-11-16,19:00,UAB Blazers,Memphis Tigers,0,Simmons Bank Liberty Stadium,open_air,Artificial,America/Chicago,America/Chicago,America/Chicago
2024,2,12,401645368,2024-11-16,15:30,South Florida Bulls,Charlotte 49ers,0,Jerry Richardson Stadium,open_air,Artificial,America/New_York,America/New_York,America/New_York
2024,2,12,401645369,2024-11-16,14:00,Florida Atlantic Owls,Temple Owls,0,Lincoln Financial Field,open_air,Artificial,America/New_York,America/New_York,America/New_York
2024,2,12,401645370,2024-11-16,12:00,Tulane Green Wave,Navy Midshipmen,0,Navy-Marine Corps Memorial Stadium,open_air,Artificial,America/New_York,America/Chicago,America/New_York
2024,2,13,401644690,2024-11-19,20:00,Northern Illinois Huskies,Miami (OH) RedHawks,0,Yager Stadium,open_air,Artificial,America/New_York,America/Chicago,America/New_York
2024,2,13,401644769,2024-11-19,19:00,Akron Zips,Kent State Golden Flashes,0,Dix Stadium,open_air,Artificial,America/New_York,America/New_York,America/New_York
2024,2,13,401644770,2024-11-19,19:30,Western Michigan Broncos,Central Michigan Chippewas,0,Kelly/Shorts Stadium,open_air,Artificial,America/Detroit,America/Detroit,America/Detroit
2024,2,13,401644772,2024-11-20,19:00,Buffalo Bulls,Eastern Michigan Eagles,0,Rynearson Stadium,open_air,Artificial,America/Detroit,America/New_York,America/Detroit
2024,2,13,401644773,2024-11-20,19:00,Ohio Bobcats,Toledo Rockets,0,Glass Bowl,open_air,Artificial,America/New_York,America/New_York,America/New_York
2024,2,13,401634772,2024-11-21,19:30,NC State Wolfpack,Georgia Tech Yellow Jackets,0,Bobby Dodd Stadium,open_air,Artificial,America/New_York,America/New_York,America/New_York
2024,2,13,401628558,2024-11-22,20:00,Purdue Boilermakers,Michigan State Spartans,0,Spartan Stadium,open_air,Grass,America/Detroit,America/Indiana/Indianapolis,America/Detroit
2024,2,13,401643767,2024-11-22,19:00,UNLV Rebels,San José State Spartans,0,CEFCU Stadium,open_air,Artificial,America/Los_Angeles,America/Los_Angeles,America/Los_Angeles
2024,2,13,401645374,2024-11-22,18:00,Temple Owls,UTSA Roadrunners,0,Alamodome,dome,Artificial,America/Chicago,America/New_York,America/Chicago
2024,2,13,401628427,2024-11-23,15:00,Louisiana Tech Bulldogs,Arkansas Razorbacks,0,Razorback Stadium,open_air,Artificial,America/Chicago,America/Chicago,America/Chicago
2024,2,13,401628428,2024-11-23,18:30,Texas A&M Aggies,Auburn Tigers,0,Jordan-Hare Stadium,open_air,Grass,America/Chicago,America/Chicago,America/Chicago
2024,2,13,401628429,2024-11-23,12:00,Ole Miss Rebels,Florida Gators,0,Ben Hill Griffin Stadium,open_air,Grass,America/New_York,America/Chicago,America/New_York
2024,2,13,401628430,2024-11-23,12:45,Massachusetts Minutemen,Georgia Bulldogs,0,Sanford Stadium,open_air,Grass,America/New_York,America/New_York,America/New_York
2024,2,13,401628431,2024-11-23,18:45,Vanderbilt Commodores,LSU Tigers,0,Tiger Stadium (LA),open_air,Grass,America/Chicago,America/Chicago,America/Chicago
2024,2,13,401628432,2024-11-23,15:15,Missouri Tigers,Mississippi State Bulldogs,0,Davis Wade Stadium,open_air,Grass,America/Chicago,America/Chicago,America/Chicago
2024,2,13,401628433,2024-11-23,18:30,Alabama Crimson Tide,Oklahoma Sooners,0,"Memorial Stadium (Norman, OK)",open_air,Grass,America/Chicago,America/Chicago,America/Chicago
2024,2,13,401628434,2024-11-23,16:00,Wofford Terriers,South Carolina Gamecocks,0,Williams-Brice Stadium,open_air,Grass,America/New_York,,America/New_York
2024,2,13,401628435,2024-11-23,13:00,UTEP Miners,Tennessee Volunteers,0,Neyland Stadium,open_air,Grass,America/New_York,America/Denver,America/New_York
2024,2,13,401628436,2024-11-23,14:30,Kentucky Wildcats,Texas Longhorns,0,DKR-Texas Memorial Stadium,open_air,Artificial,America/Chicago,America/New_York,America/Chicago
2024,2,13,401628554,2024-11-23,12:00,Illinois Fighting Illini,Rutgers Scarlet Knights,0,SHI Stadium,open_air,Artificial,America/New_York,America/Chicago,America/New_York
2024,2,13,401628555,2024-11-23,12:00,Indiana Hoosiers,Ohio State Buckeyes,0,Ohio Stadium,open_air,Artificial,America/New_York,America/Indiana/Indianapolis,America/New_York
2024,2,13,401628556,2024-11-23,12:00,Iowa Hawkeyes,Maryland Terrapins,0,SECU Stadium,open_air,Artificial,America/New_York,America/Chicago,America/New_York
2024,2,13,401628557,2024-11-23,15:30,Northwestern Wildcats,Michigan Wolverines,0,Michigan Stadium,open_air,Artificial,America/Detroit,America/Chicago,America/Detroit
2024,2,13,401628559,2024-11-23,14:30,Penn State Nittany Lions,Minnesota Golden Gophers,0,Huntington Bank Stadium,open_air,Artificial,America/Chicago,America/New_York,America/Chicago
2024,2,13,401628560,2024-11-23,14:30,Wisconsin Badgers,Nebraska Cornhuskers,0,"Memorial Stadium (Lincoln, NE)",open_air,Artificial,America/Chicago,America/Chicago,America/Chicago
2024,2,13,401628561,2024-11-23,19:30,USC Trojans,UCLA Bruins,0,Rose Bowl,open_air,Grass,America/Los_Angeles,America/Los_Angeles,America/Los_Angeles
2024,2,13,401628572,2024-11-23,16:00,Washington State Cougars,Oregon State Beavers,0,Reser Stadium,open_air,Artificial,America/Los_Angeles,America/Los_Angeles,America/Los_Angeles
2024,2,13,401628694,2024-11-23,18:00,Delaware Blue Hens,Villanova Wildcats,0,Villanova Stadium,,,,America/New_York,
2024,2,13,401634132,2024-11-23,14:00,UC Davis Aggies,Sacramento State Hornets,0,Hornet Stadium,open_air,Artificial,America/Los_Angeles,,America/Los_Angeles
2024,2,13,401634189,2024-11-23,14:00,South Dakota State Jackrabbits,Missouri State Bears,0,Plaster Sports Complex,open_air,Artificial,America/Chicago,,America/Chicago
2024,2,13,401634211,2024-11-23,19:00,North Dakota State Bison,South Dakota Coyotes,0,The DakotaDome,,,,America/Chicago,
2024,2,13,401635518,2024-11-23,12:00,UConn Huskies,Syracuse Orange,0,JMA Wireless Dome,dome,Artificial,America/New_York,America/New_York,America/New_York
2024,2,13,401635612,2024-11-23,12:00,North Carolina Tar Heels,Boston College Eagles,0,"Alumni Stadium (Chestnut Hill, MA)",open_air,Artificial,America/New_York,America/New_York,America/New_York
2024,2,13,401635613,2024-11-23,12:30,Stanford Cardinal,California Golden Bears,0,California Memorial Stadium,open_air,Artificial,America/Los_Angeles,America/Los_Angeles,America/Los_Angeles
2024,2,13,401635614,2024-11-23,15:30,The Citadel Bulldogs,Clemson Tigers,0,"Memorial Stadium (Clemson, SC)",open_air,Grass,America/New_York,,America/New_York
2024,2,13,401635615,2024-11-23,20:00,Virginia Tech Hokies,Duke Blue Devils,0,Wallace Wade Stadium,open_air,Grass,America/New_York,America/New_York,America/New_York
2024,2,13,401635616,2024-11-23,13:30,Charleston Southern Buccaneers,Florida State Seminoles,0,Doak Campbell Stadium,open_air,Grass,America/New_York,,America/New_York
2024,2,13,401635617,2024-11-23,16:00,Pittsburgh Panthers,Louisville Cardinals,0,L&N Federal Credit Union Stadium,open_air,Artificial,America/Kentucky/Louisville,America/New_York,America/Kentucky/Louisville
2024,2,13,401635618,2024-11-23,12:00,Wake Forest Demon Deacons,Miami Hurricanes,0,Hard Rock Stadium,open_air,Artificial,America/New_York,America/New_York,America/New_York
2024,2,13,401635619,2024-11-23,12:00,SMU Mustangs,Virginia Cavaliers,0,Scott Stadium,open_air,Grass,America/New_York,America/Chicago,America/New_York
2024,2,13,401636930,2024-11-23,13:30,BYU Cougars,Arizona State Sun Devils,0,Mountain America Stadium,open_air,Grass,America/Phoenix,America/Denver,America/Phoenix
2024,2,13,401636931,2024-11-23,18:00,Baylor Bears,Houston Cougars,0,TDECU Stadium,open_air,Artificial,America/Chicago,America/Chicago,America/Chicago
2024,2,13,401636932,2024-11-23,14:30,Colorado Buffaloes,Kansas Jayhawks,0,Memorial Stadium,open_air,Artificial,America/Chicago,America/Denver,America/Chicago
2024,2,13,401636933,2024-11-23,19:00,Cincinnati Bearcats,Kansas State Wildcats,0,Bill Snyder Family Stadium,open_air,Artificial,America/Chicago,America/New_York,America/Chicago
2024,2,13,401636934,2024-11-23,14:30,Texas Tech Red Raiders,Oklahoma State Cowboys,0,Boone Pickens Stadium,open_air,Artificial,America/Chicago,America/Chicago,America/Chicago
2024,2,13,401636935,2024-11-23,14:00,Arizona Wildcats,TCU Horned Frogs,0,Amon G. Carter Stadium,open_air,Grass,America/Chicago,America/Phoenix,America/Chicago
2024,2,13,401636936,2024-11-23,17:30,Iowa State Cyclones,Utah Utes,0,Rice-Eccles Stadium,open_air,Artificial,America/Denver,America/Chicago,America/Denver
2024,2,13,401636937,2024-11-23,15:30,UCF Knights,West Virginia Mountaineers,0,Milan Puskar Stadium,open_air,Artificial,America/New_York,America/New_York,America/New_York
2024,2,13,401640987,2024-11-23,15:00,Florida International Panthers,Kennesaw State Owls,0,Fifth Third Stadium,open_air,,America/New_York,America/New_York,America/New_York
2024,2,13,401640996,2024-11-23,13:00,Western Kentucky Hilltoppers,Liberty Flames,0,Williams Stadium (VA),open_air,Artificial,America/New_York,America/Chicago,America/New_York
2024,2,13,401641005,2024-11-23,11:00,Sam Houston Bearkats,Jacksonville State Gamecocks,0,AmFirst Stadium,open_air,Artificial,America/Chicago,America/Chicago,America/Chicago
2024,2,13,401641027,2024-11-23,13:30,New Mexico State Aggies,Middle Tennessee Blue Raiders,0,"Johnny ""Red"" Floyd Stadium",open_air,Artificial,America/Chicago,America/Denver,America/Chicago
2024,2,13,401643763,2024-11-23,19:30,Air Force Falcons,Nevada Wolf Pack,0,Mackay Stadium,open_air,Artificial,America/Los_Angeles,America/Denver,America/Los_Angeles
2024,2,13,401643764,2024-11-23,17:00,Boise State Broncos,Wyoming Cowboys,0,War Memorial Stadium,open_air,Artificial,America/Denver,America/Boise,America/Denver
2024,2,13,401643765,2024-11-23,19:30,Colorado State Rams,Fresno State Bulldogs,0,Valley Children's Stadium,open_air,Artificial,America/Los_Angeles,America/Denver,America/Los_Angeles
2024,2,13,401643766,2024-11-23,13:30,San Diego State Aztecs,Utah State Aggies,0,Maverik Stadium,open_air,Artificial,America/Denver,America/Los_Angeles,America/Denver
2024,2,13,401643836,2024-11-23,14:30,James Madison Dukes,App State Mountaineers,0,Kidd Brewer Stadium,open_air,Artificial,America/New_York,America/New_York,America/New_York
2024,2,13,401643837,2024-11-23,15:30,Georgia Southern Eagles,Coastal Carolina Chanticleers,0,Brooks Stadium (SC),open_air,Artificial,America/New_York,America/New_York,America/New_York
2024,2,13,401643838,2024-11-23,19:30,Marshall Thundering Herd,Old Dominion Monarchs,0,S.B. Ballard Stadium,open_air,Artificial,America/New_York,America/New_York,America/New_York
2024,2,13,401643839,2024-11-23,14:00,UL Monroe Warhawks,Arkansas State Red Wolves,0,Centennial Bank Stadium,open_air,Artificial,America/Chicago,America/Chicago,America/Chicago
2024,2,13,401643840,2024-11-23,16:00,Troy Trojans,Louisiana Ragin' Cajuns,0,Cajun Field,open_air,Artificial,America/Chicago,America/Chicago,America/Chicago
2024,2,13,401643841,2024-11-23,14:00,South Alabama Jaguars,Southern Miss Golden Eagles,0,M. M. Roberts Stadium,open_air,Artificial,America/Chicago,America/Chicago,America/Chicago
2024,2,13,401643842,2024-11-23,18:00,Georgia State Panthers,Texas State Bobcats,0,Bobcat Stadium (TX),open_air,Artificial,America/Chicago,America/New_York,America/Chicago
2024,2,13,401644774,2024-11-23,14:00,Bowling Green Falcons,Ball State Cardinals,0,Scheumann Stadium,open_air,Artificial,America/Indiana/Indianapolis,America/New_York,America/Indiana/Indianapolis
2024,2,13,401645371,2024-11-23,15:00,Charlotte 49ers,Florida Atlantic Owls,0,FAU Stadium,open_air,Artificial,America/New_York,America/New_York,America/New_York
2024,2,13,401645372,2024-11-23,14:30,East Carolina Pirates,North Texas Mean Green,0,DATCU Stadium,open_air,Artificial,America/Chicago,America/New_York,America/Chicago
2024,2,13,401645373,2024-11-23,13:00,Rice Owls,UAB Blazers,0,Protective Stadium,open_air,Artificial,America/Chicago,America/Chicago,America/Chicago
2024,2,13,401645375,2024-11-23,15:30,Tulsa Golden Hurricane,South Florida Bulls,0,Raymond James Stadium,open_air,Grass,America/New_York,America/Chicago,America/New_York
2024,2,13,401640959,2024-11-24,00:00,Army Black Knights,Notre Dame Fighting Irish,1,Yankee Stadium,,,America/Indiana/Indianapolis,America/New_York,
2024,2,14,401644775,2024-11-26,19:00,Toledo Rockets,Akron Zips,0,InfoCision Stadium,open_air,Artificial,America/New_York,America/New_York,America/New_York
2024,2,14,401644776,2024-11-26,19:00,Kent State Golden Flashes,Buffalo Bulls,0,UB Stadium,open_air,Artificial,America/New_York,America/New_York,America/New_York
2024,2,14,401645376,2024-11-28,18:30,Memphis Tigers,Tulane Green Wave,0,Yulman Stadium,open_air,Artificial,America/Chicago,America/Chicago,America/Chicago
2024,2,14,401628439,2024-11-29,19:30,Georgia Tech Yellow Jackets,Georgia Bulldogs,0,Sanford Stadium,open_air,Grass,America/New_York,America/New_York,America/New_York
2024,2,14,401628442,2024-11-29,14:30,Mississippi State Bulldogs,Ole Miss Rebels,0,Vaught-Hemingway Stadium,open_air,Grass,America/Chicago,America/Chicago,America/Chicago
2024,2,14,401628562,2024-11-29,18:30,Nebraska Cornhuskers,Iowa Hawkeyes,0,Kinnick Stadium,open_air,Artificial,America/Chicago,America/Chicago,America/Chicago
2024,2,14,401628568,2024-11-29,11:00,Minnesota Golden Gophers,Wisconsin Badgers,0,Camp Randall Stadium,open_air,Artificial,America/Chicago,America/Chicago,America/Chicago
2024,2,14,401635625,2024-11-29,13:00,Stanford Cardinal,San José State Spartans,0,CEFCU Stadium,open_air,Artificial,America/Los_Angeles,America/Los_Angeles,America/Los_Angeles
2024,2,14,401636938,2024-11-29,10:00,Oklahoma State Cowboys,Colorado Buffaloes,0,Folsom Field,open_air,Grass,America/Denver,America/Chicago,America/Denver
2024,2,14,401636939,2024-11-29,20:00,Utah Utes,UCF Knights,0,FBC Mortgage Stadium,open_air,Grass,America/New_York,America/Denver,America/New_York
2024,2,14,401640997,2024-11-29,14:30,Liberty Flames,Sam Houston Bearkats,0,Elliott T. Bowers Stadium,open_air,Artificial,America/Chicago,America/New_York,America/Chicago
2024,2,14,401643769,2024-11-29,10:00,Oregon State Beavers,Boise State Broncos,0,Albertsons Stadium,open_air,Artificial,America/Boise,America/Los_Angeles,America/Boise
2024,2,14,401643770,2024-11-29,13:30,Utah State Aggies,Colorado State Rams,0,Canvas Stadium,open_air,Artificial,America/Denver,America/Denver,America/Denver
2024,2,14,401643843,2024-11-29,14:30,Texas State Bobcats,South Alabama Jaguars,0,Hancock Whitney Stadium,open_air,Artificial,America/Chicago,America/Chicago,America/Chicago
2024,2,14,401644691,2024-11-29,12:00,Miami (OH) RedHawks,Bowling Green Falcons,0,Doyt L. Perry Stadium,open_air,Artificial,America/New_York,America/New_York,America/New_York
2024,2,14,401644777,2024-11-29,12:00,Ball State Cardinals,Ohio Bobcats,0,Peden Stadium,open_air,Artificial,America/New_York,America/Indiana/Indianapolis,America/New_York
2024,2,14,401645379,2024-11-29,12:00,Navy Midshipmen,East Carolina Pirates,0,Dowdy-Ficklen Stadium,open_air,Grass,America/New_York,America/New_York,America/New_York
2024,2,14,401628437,2024-11-30,14:30,Auburn Tigers,Alabama Crimson Tide,0,Bryant-Denny Stadium,open_air,Grass,America/Chicago,America/Chicago,America/Chicago
2024,2,14,401628438,2024-11-30,19:00,Florida Gators,Florida State Seminoles,0,Doak Campbell Stadium,open_air,Grass,America/New_York,America/New_York,America/New_York
2024,2,14,401628440,2024-11-30,12:00,Louisville Cardinals,Kentucky Wildcats,0,Kroger Field,open_air,Artificial,America/New_York,America/Kentucky/Louisville,America/New_York
2024,2,14,401628441,2024-11-30,18:00,Oklahoma Sooners,LSU Tigers,0,Tiger Stadium (LA),open_air,Grass,America/Chicago,America/Chicago,America/Chicago
2024,2,14,401628443,2024-11-30,14:30,Arkansas Razorbacks,Missouri Tigers,0,Memorial Stadium,open_air,Artificial,America/Chicago,America/Chicago,America/Chicago
2024,2,14,401628444,2024-11-30,12:00,South Carolina Gamecocks,Clemson Tigers,0,"Memorial Stadium (Clemson, SC)",open_air,Grass,America/New_York,America/New_York,America/New_York
2024,2,14,401628445,2024-11-30,18:30,Texas Longhorns,Texas A&M Aggies,0,Kyle Field,open_air,Grass,America/Chicago,America/Chicago,America/Chicago
2024,2,14,401628446,2024-11-30,11:00,Tennessee Volunteers,Vanderbilt Commodores,0,FirstBank Stadium,open_air,Artificial,America/Chicago,America/New_York,America/Chicago
2024,2,14,401628563,2024-11-30,17:00,Illinois Fighting Illini,Northwestern Wildcats,1,Wrigley Field,,,America/Chicago,America/Chicago,
2024,2,14,401628564,2024-11-30,19:00,Purdue Boilermakers,Indiana Hoosiers,0,"Memorial Stadium (Bloomington, IN)",open_air,Artificial,America/Indiana/Indianapolis,America/Indiana/Indianapolis,America/Indiana/Indianapolis
2024,2,14,401628565,2024-11-30,15:30,Maryland Terrapins,Penn State Nittany Lions,0,Beaver Stadium,open_air,Grass,America/New_York,America/New_York,America/New_York
2024,2,14,401628566,2024-11-30,12:00,Michigan Wolverines,Ohio State Buckeyes,0,Ohio Stadium,open_air,Artificial,America/New_York,America/Detroit,America/New_York
2024,2,14,401628567,2024-11-30,15:30,Rutgers Scarlet Knights,Michigan State Spartans,0,Spartan Stadium,open_air,Grass,America/Detroit,America/New_York,America/Detroit
2024,2,14,401628569,2024-11-30,16:30,Washington Huskies,Oregon Ducks,0,Autzen Stadium,open_air,Artificial,America/Los_Angeles,America/Los_Angeles,America/Los_Angeles
2024,2,14,401628570,2024-11-30,12:30,Fresno State Bulldogs,UCLA Bruins,0,Rose Bowl,open_air,Grass,America/Los_Angeles,America/Los_Angeles,America/Los_Angeles
2024,2,14,401628571,2024-11-30,12:30,Notre Dame Fighting Irish,USC Trojans,0,Los Angeles Memorial Coliseum,open_air,Grass,America/Los_Angeles,America/Indiana/Indianapolis,America/Los_Angeles
2024,2,14,401629038,2024-11-30,12:00,UConn Huskies,Massachusetts Minutemen,0,Warren McGuirk Alumni Stadium,open_air,Artificial,America/New_York,America/New_York,America/New_York
2024,2,14,401635620,2024-11-30,15:00,Pittsburgh Panthers,Boston College Eagles,0,"Alumni Stadium (Chestnut Hill, MA)",open_air,Artificial,America/New_York,America/New_York,America/New_York
2024,2,14,401635621,2024-11-30,14:30,California Golden Bears,SMU Mustangs,0,Gerald J. Ford Stadium,open_air,Artificial,America/Chicago,America/Los_Angeles,America/Chicago
2024,2,14,401635622,2024-11-30,12:00,Duke Blue Devils,Wake Forest Demon Deacons,0,Allegacy Federal Credit Union Stadium,open_air,Artificial,America/New_York,America/New_York,America/New_York
2024,2,14,401635623,2024-11-30,15:30,Miami Hurricanes,Syracuse Orange,0,JMA Wireless Dome,dome,Artificial,America/New_York,America/New_York,America/New_York
2024,2,14,401635624,2024-11-30,15:30,NC State Wolfpack,North Carolina Tar Heels,0,Kenan Stadium,open_air,Artificial,America/New_York,America/New_York,America/New_York
2024,2,14,401635640,2024-11-30,20:00,Virginia Cavaliers,Virginia Tech Hokies,0,Lane Stadium,open_air,Grass,America/New_York,America/New_York,America/New_York
2024,2,14,401636940,2024-11-30,13:30,Arizona State Sun Devils,Arizona Wildcats,0,Arizona Stadium,open_air,Artificial,America/Phoenix,America/Phoenix,America/Phoenix
2024,2,14,401636941,2024-11-30,11:00,Kansas Jayhawks,Baylor Bears,0,McLane Stadium,open_air,Artificial,America/Chicago,America/Chicago,America/Chicago
2024,2,14,401636942,2024-11-30,20:15,Houston Cougars,BYU Cougars,0,LaVell Edwards Stadium,open_air,Grass,America/Denver,America/Chicago,America/Denver
2024,2,14,401636943,2024-11-30,18:00,TCU Horned Frogs,Cincinnati Bearcats,0,Nippert Stadium,open_air,Artificial,America/New_York,America/Chicago,America/New_York
2024,2,14,401636944,2024-11-30,18:30,Kansas State Wildcats,Iowa State Cyclones,0,Jack Trice Stadium,open_air,Grass,America/Chicago,America/Chicago,America/Chicago
2024,2,14,401636945,2024-11-30,11:00,West Virginia Mountaineers,Texas Tech Red Raiders,0,Jones AT&T Stadium,open_air,Artificial,America/Chicago,America/New_York,America/Chicago
2024,2,14,401640988,2024-11-30,14:00,Middle Tennessee Blue Raiders,Florida International Panthers,0,FIU Stadium,open_air,Artificial,America/New_York,America/Chicago,America/New_York
2024,2,14,401641006,2024-11-30,15:00,Jacksonville State Gamecocks,Western Kentucky Hilltoppers,0,Houchens Industries-L.T. Smith Stadium,open_air,Artificial,America/Chicago,America/Chicago,America/Chicago
2024,2,14,401641014,2024-11-30,15:00,Kennesaw State Owls,Louisiana Tech Bulldogs,0,Joe Aillet Stadium,open_air,Artificial,America/Chicago,America/New_York,America/Chicago
2024,2,14,401641031,2024-11-30,14:00,UTEP Miners,New Mexico State Aggies,0,Aggie Memorial Stadium,open_air,Artificial,America/Denver,America/Denver,America/Denver
2024,2,14,401643768,2024-11-30,19:30,Air Force Falcons,San Diego State Aztecs,0,Snapdragon Stadium,open_air,Grass,America/Los_Angeles,America/Denver,America/Los_Angeles
2024,2,14,401643771,2024-11-30,18:00,New Mexico Lobos,Hawai'i Rainbow Warriors,0,Clarence T.C. Ching Athletics Complex,open_air,Grass,Pacific/Honolulu,America/Denver,Pacific/Honolulu
2024,2,14,401643772,2024-11-30,17:00,Nevada Wolf Pack,UNLV Rebels,0,Allegiant Stadium,fixed_roof,Artificial,America/Los_Angeles,America/Los_Angeles,America/Los_Angeles
2024,2,14,401643773,2024-11-30,15:30,Wyoming Cowboys,Washington State Cougars,0,Gesa Field,open_air,Artificial,America/Los_Angeles,America/Denver,America/Los_Angeles
2024,2,14,401643844,2024-11-30,18:00,App State Mountaineers,Georgia Southern Eagles,0,Allen E. Paulson Stadium,open_air,Artificial,America/New_York,America/New_York,America/New_York
2024,2,14,401643845,2024-11-30,14:00,Coastal Carolina Chanticleers,Georgia State Panthers,0,Center Parc Stadium,open_air,Artificial,America/New_York,America/New_York,America/New_York
2024,2,14,401643846,2024-11-30,20:00,Marshall Thundering Herd,James Madison Dukes,0,Bridgeforth Stadium,open_air,Artificial,America/New_York,America/New_York,America/New_York
2024,2,14,401643847,2024-11-30,14:00,Old Dominion Monarchs,Arkansas State Red Wolves,0,Centennial Bank Stadium,open_air,Artificial,America/Chicago,America/New_York,America/Chicago
2024,2,14,401643848,2024-11-30,11:00,Louisiana Ragin' Cajuns,UL Monroe Warhawks,0,Malone Stadium,open_air,Artificial,America/Chicago,America/Chicago,America/Chicago
2024,2,14,401643849,2024-11-30,13:00,Southern Miss Golden Eagles,Troy Trojans,0,Veterans Memorial Stadium (AL),open_air,Artificial,America/Chicago,America/Chicago,America/Chicago
2024,2,14,401644779,2024-11-30,14:30,Central Michigan Chippewas,Northern Illinois Huskies,0,Huskie Stadium,open_air,Artificial,America/Chicago,America/Detroit,America/Chicago
2024,2,14,401644780,2024-11-30,13:30,Eastern Michigan Eagles,Western Michigan Broncos,0,Waldo Stadium,open_air,Artificial,America/Detroit,America/Detroit,America/Detroit
2024,2,14,401645377,2024-11-30,15:30,UAB Blazers,Charlotte 49ers,0,Jerry Richardson Stadium,open_air,Artificial,America/New_York,America/Chicago,America/New_York
2024,2,14,401645378,2024-11-30,12:00,UTSA Roadrunners,Army Black Knights,0,Michie Stadium,open_air,Artificial,America/New_York,America/Chicago,America/New_York
2024,2,14,401645380,2024-11-30,14:30,Florida Atlantic Owls,Tulsa Golden Hurricane,0,Chapman Stadium,open_air,Artificial,America/Chicago,America/New_York,America/Chicago
2024,2,14,401645381,2024-11-30,12:00,North Texas Mean Green,Temple Owls,0,Lincoln Financial Field,open_air,Artificial,America/New_York,America/Chicago,America/New_York
2024,2,14,401645382,2024-11-30,13:00,South Florida Bulls,Rice Owls,0,Rice Stadium,open_air,Artificial,America/Chicago,America/New_York,America/Chicago
2024,2,15,401673462,2024-12-06,20:00,Tulane Green Wave,Army Black Knights,0,Michie Stadium,open_air,Artificial,America/New_York,America/Chicago,America/New_York
2024,2,15,401673466,2024-12-06,18:00,Western Kentucky Hilltoppers,Jacksonville State Gamecocks,0,AmFirst Stadium,open_air,Artificial,America/Chicago,America/Chicago,America/Chicago
2024,2,15,401673468,2024-12-06,18:00,UNLV Rebels,Boise State Broncos,0,Albertsons Stadium,open_air,Artificial,America/Boise,America/Los_Angeles,America/Boise
2024,2,15,401673465,2024-12-07,17:00,Iowa State Cyclones,Arizona State Sun Devils,1,AT&T Stadium,,,America/Phoenix,America/Chicago,
2024,2,15,401673467,2024-12-07,17:00,Ohio Bobcats,Miami (OH) RedHawks,1,Ford Field,,,America/New_York,America/New_York,
2024,2,15,401673469,2024-12-07,21:00,Georgia Bulldogs,Texas Longhorns,1,Mercedes-Benz Stadium,,,America/Chicago,America/New_York,
2024,2,15,401673470,2024-12-07,18:30,Marshall Thundering Herd,Louisiana Ragin' Cajuns,0,Cajun Field,open_air,Artificial,America/Chicago,America/New_York,America/Chicago
2024,2,15,401729745,2024-12-07,14:00,Abilene Christian Wildcats,North Dakota State Bison,0,Fargodome,dome,Artificial,America/Chicago,,America/Chicago
2024,2,15,401673463,2024-12-08,01:00,Clemson Tigers,SMU Mustangs,1,Bank of America Stadium,,,America/Chicago,America/New_York,
2024,2,15,401673464,2024-12-08,01:00,Penn State Nittany Lions,Oregon Ducks,1,Lucas Oil Stadium,,,America/Los_Angeles,America/New_York,
2024,2,16,401645383,2024-12-14,20:00,Navy Midshipmen,Army Black Knights,1,Northwest Stadium,,,America/New_York,America/New_York,
2024,2,16,401729785,2024-12-14,14:30,Mercer Bears,North Dakota State Bison,0,Fargodome,dome,Artificial,America/Chicago,,America/Chicago
