season,season_type,week,game_id,game_date,game_time,kickoff_utc,away_team,home_team,stadium,neutral_site_flag,venue_resolution_status,venue_lat,venue_lon,venue_timezone,venue_country,away_home_lat,away_home_lon,away_home_timezone,away_miles_traveled,away_time_zone_change_hours,away_time_zones_crossed,away_east_to_west,away_west_to_east,home_home_lat,home_home_lon,home_home_timezone,home_miles_traveled,home_time_zone_change_hours,home_time_zones_crossed,home_east_to_west,home_west_to_east,international_flag,weather_timestep_utc,temperature,wind_speed,wind_gust,precip_probability,precipitation,rain,snowfall,rain_flag,snow_flag,humidity,weather_code,roof,roof_type,dome_flag,retractable_roof_flag,open_air_flag,weather_source,weather_status
2022,2,1,401403853,2022-08-27,16:30,2022-08-28T02:30:00+00:00,Vanderbilt Commodores,Hawai'i Rainbow Warriors,Clarence T.C. Ching Athletics Complex,0,resolved_schedule_stadium,21.294294,-157.819338,Pacific/Honolulu,USA,36.1440455,-86.8088942,America/Chicago,4330.5,-5.0,5.0,1,0,21.294294,-157.819338,Pacific/Honolulu,0.0,0.0,0.0,0,0,0,2022-08-28T02:00:00+00:00,26.5,8.32,13.2,,0.0,0.0,0.0,0,0,71,0,open_air,open_air,0,0,1,open-meteo-era5,ok
2022,2,1,401404146,2022-08-27,14:00,2022-08-27T20:00:00+00:00,UConn Huskies,Utah State Aggies,Maverik Stadium,0,resolved_schedule_stadium,41.7517394,-111.8116007,America/Denver,USA,41.7595675,-72.6187728,America/New_York,2002.3,-2.0,2.0,1,0,41.7517394,-111.8116007,America/Denver,0.0,0.0,0.0,0,0,0,2022-08-27T20:00:00+00:00,29.1,5.08,16.0,,0.0,0.0,0.0,0,0,26,1,open_air,open_air,0,0,1,open-meteo-era5,ok
2022,2,1,401405058,2022-08-27,15:00,2022-08-27T20:00:00+00:00,Wyoming Cowboys,Illinois Fighting Illini,"Memorial Stadium (Champaign, IL)",0,ambiguous_schedule_stadium,,,America/Chicago,,41.31161,-105.5681384,America/Denver,,,,,,40.0993268,-88.2359569,America/Chicago,,,,,,,,,,,,,,,,,,,open_air,,,,,,venue_unresolved
2022,2,1,401405059,2022-08-27,16:30,,Nebraska Cornhuskers,Northwestern Wildcats,Aviva Stadium,1,unresolved_neutral_venue,,,,,40.820682,-96.705594,America/Chicago,,,,,,42.0653994,-87.6924751,America/Chicago,,,,,,,,,,,,,,,,,,,,,,,,,venue_unresolved
2022,2,1,401409235,2022-08-27,20:00,2022-08-28T02:00:00+00:00,Nevada Wolf Pack,New Mexico State Aggies,Aggie Memorial Stadium,0,resolved_schedule_stadium,32.2796202,-106.7411148,America/Denver,USA,39.5469459,-119.8175435,America/Los_Angeles,886.0,1.0,1.0,0,1,32.2796202,-106.7411148,America/Denver,0.0,0.0,0.0,0,0,0,2022-08-28T02:00:00+00:00,26.6,0.9,2.4,,0.0,0.0,0.0,0,0,55,1,open_air,open_air,0,0,1,open-meteo-era5,ok
2022,2,1,401411090,2022-08-27,17:00,2022-08-27T21:00:00+00:00,Duquesne Dukes,Florida State Seminoles,Doak Campbell Stadium,0,resolved_schedule_stadium,30.4381692,-84.3044032,America/New_York,USA,,,,,,,,,30.4381692,-84.3044032,America/New_York,0.0,0.0,0.0,0,0,0,2022-08-27T21:00:00+00:00,28.8,0.28,4.2,,0.9,0.9,0.0,1,0,82,53,open_air,open_air,0,0,1,open-meteo-era5,ok
2022,2,1,401411091,2022-08-27,20:15,2022-08-28T00:15:00+00:00,Florida A&M Rattlers,North Carolina Tar Heels,Kenan Stadium,0,resolved_schedule_stadium,35.9069294,-79.0478889,America/New_York,USA,,,,,,,,,35.9069294,-79.0478889,America/New_York,0.0,0.0,0.0,0,0,0,2022-08-28T00:00:00+00:00,26.2,1.96,2.6,,0.3,0.3,0.0,1,0,84,51,open_air,open_air,0,0,1,open-meteo-era5,ok
2022,2,1,401413256,2022-08-27,12:30,2022-08-27T19:30:00+00:00,Idaho State Bengals,UNLV Rebels,Allegiant Stadium,0,resolved_schedule_stadium,36.0908,-115.1830,America/Los_Angeles,USA,,,,,,,,,36.0908,-115.1830,America/Los_Angeles,0.0,0.0,0.0,0,0,0,2022-08-27T19:00:00+00:00,37.1,2.56,7.9,,0.0,0.0,0.0,0,0,17,0,fixed_roof,fixed_roof,1,0,0,open-meteo-era5,ok
2022,2,1,401426530,2022-08-27,19:00,2022-08-27T23:00:00+00:00,Charlotte 49ers,Florida Atlantic Owls,FAU Stadium,0,resolved_schedule_stadium,26.3763763,-80.1015759,America/New_York,USA,35.3105033,-80.7401194,America/New_York,618.5,0.0,0.0,0,1,26.3763763,-80.1015759,America/New_York,0.0,0.0,0.0,0,0,0,2022-08-27T23:00:00+00:00,28.8,1.45,4.9,,0.6,0.6,0.0,1,0,77,53,open_air,open_air,0,0,1,open-meteo-era5,ok
2022,2,1,401426531,2022-08-27,20:00,2022-08-28T02:00:00+00:00,North Texas Mean Green,UTEP Miners,Sun Bowl,0,resolved_schedule_stadium,31.7733353,-106.507957,America/Denver,USA,33.203899,-97.159245,America/Chicago,553.5,-1.0,1.0,1,0,31.7733353,-106.507957,America/Denver,0.0,0.0,0.0,0,0,0,2022-08-28T02:00:00+00:00,25.6,0.97,3.2,,0.1,0.1,0.0,1,0,64,51,open_air,open_air,0,0,1,open-meteo-era5,ok
2022,2,1,401426532,2022-08-27,11:00,2022-08-27T16:00:00+00:00,Austin Peay Governors,Western Kentucky Hilltoppers,Houchens Industries-L.T. Smith Stadium,0,resolved_schedule_stadium,36.9847901,-86.4594041,America/Chicago,USA,,,,,,,,,36.9847901,-86.4594041,America/Chicago,0.0,0.0,0.0,0,0,0,2022-08-27T16:00:00+00:00,30.3,0.61,3.9,,0.0,0.0,0.0,0,0,59,0,open_air,open_air,0,0,1,open-meteo-era5,ok
2022,2,1,401403864,2022-09-01,19:00,2022-09-01T23:00:00+00:00,Ball State Cardinals,Tennessee Volunteers,Neyland Stadium,0,resolved_schedule_stadium,35.9550131,-83.9250128,America/New_York,USA,40.2159422,-85.4161148,America/Indiana/Indianapolis,305.4,0.0,0.0,0,1,35.9550131,-83.9250128,America/New_York,0.0,0.0,0.0,0,0,0,2022-09-01T23:00:00+00:00,30.4,1.98,4.0,,0.0,0.0,0.0,0,0,41,0,open_air,open_air,0,0,1,open-meteo-era5,ok
2022,2,1,401403965,2022-09-01,19:00,2022-09-02T02:00:00+00:00,Northern Arizona Lumberjacks,Arizona State Sun Devils,Mountain America Stadium,0,resolved_schedule_stadium,33.4264471,-111.9325005,America/Phoenix,USA,,,,,,,,,33.4264471,-111.9325005,America/Phoenix,0.0,0.0,0.0,0,0,0,2022-09-02T02:00:00+00:00,39.9,1.97,4.5,,0.0,0.0,0.0,0,0,22,2,open_air,open_air,0,0,1,open-meteo-era5,ok
2022,2,1,401405060,2022-09-01,20:00,2022-09-02T01:00:00+00:00,New Mexico State Aggies,Minnesota Golden Gophers,Huntington Bank Stadium,0,resolved_schedule_stadium,44.976525,-93.2245462,America/Chicago,USA,32.2796202,-106.7411148,America/Denver,1137.8,1.0,1.0,0,1,44.976525,-93.2245462,America/Chicago,0.0,0.0,0.0,0,0,0,2022-09-02T01:00:00+00:00,27.7,2.97,4.9,,0.0,0.0,0.0,0,0,67,0,open_air,open_air,0,0,1,open-meteo-era5,ok
2022,2,1,401405064,2022-09-01,20:00,2022-09-02T00:00:00+00:00,Penn State Nittany Lions,Purdue Boilermakers,Ross-Ade Stadium,0,resolved_schedule_stadium,40.4352253,-86.9186843,America/Indiana/Indianapolis,USA,40.8121958,-77.8561023,America/New_York,475.8,0.0,0.0,1,0,40.4352253,-86.9186843,America/Indiana/Indianapolis,0.0,0.0,0.0,0,0,0,2022-09-02T00:00:00+00:00,27.4,1.59,3.2,,0.0,0.0,0.0,0,0,54,3,open_air,open_air,0,0,1,open-meteo-era5,ok
2022,2,1,401411092,2022-09-01,19:00,2022-09-01T23:00:00+00:00,West Virginia Mountaineers,Pittsburgh Panthers,Acrisure Stadium,0,resolved_schedule_stadium,40.4467648,-80.0157603,America/New_York,USA,39.6502744,-79.9551873,America/New_York,55.1,0.0,0.0,1,0,40.4467648,-80.0157603,America/New_York,0.0,0.0,0.0,0,0,0,2022-09-01T23:00:00+00:00,26.8,1.65,2.3,,0.0,0.0,0.0,0,0,53,1,open_air,open_air,0,0,1,open-meteo-era5,ok
2022,2,1,401411093,2022-09-01,19:30,2022-09-01T23:30:00+00:00,VMI Keydets,Wake Forest Demon Deacons,Allegacy Federal Credit Union Stadium,0,resolved_schedule_stadium,36.1305507,-80.2545851,America/New_York,USA,,,,,,,,,36.1305507,-80.2545851,America/New_York,0.0,0.0,0.0,0,0,0,2022-09-01T23:00:00+00:00,28.5,1.1,0.8,,0.0,0.0,0.0,0,0,37,0,open_air,open_air,0,0,1,open-meteo-era5,ok
2022,2,1,401413224,2022-09-01,19:30,2022-09-02T02:30:00+00:00,Cal Poly Mustangs,Fresno State Bulldogs,Valley Children's Stadium,0,resolved_schedule_stadium,36.8143527,-119.7580092,America/Los_Angeles,USA,,,,,,,,,36.8143527,-119.7580092,America/Los_Angeles,0.0,0.0,0.0,0,0,0,2022-09-02T02:00:00+00:00,40.3,1.77,4.8,,0.0,0.0,0.0,0,0,14,0,open_air,open_air,0,0,1,open-meteo-era5,ok
2022,2,1,401415213,2022-09-01,19:30,2022-09-02T02:30:00+00:00,Portland State Vikings,San José State Spartans,CEFCU Stadium,0,resolved_schedule_stadium,37.3196675,-121.8682962,America/Los_Angeles,USA,,,,,,,,,37.3196675,-121.8682962,America/Los_Angeles,0.0,0.0,0.0,0,0,0,2022-09-02T02:00:00+00:00,30.8,1.87,4.1,,0.0,0.0,0.0,0,0,41,0,open_air,open_air,0,0,1,open-meteo-era5,ok
2022,2,1,401415610,2022-09-01,19:00,2022-09-01T23:00:00+00:00,South Carolina State Bulldogs,UCF Knights,FBC Mortgage Stadium,0,resolved_schedule_stadium,28.6079765,-81.1927233,America/New_York,USA,,,,,,,,,28.6079765,-81.1927233,America/New_York,0.0,0.0,0.0,0,0,0,2022-09-01T23:00:00+00:00,27.6,0.47,2.6,,0.0,0.0,0.0,0,0,77,3,open_air,open_air,0,0,1,open-meteo-era5,ok
2022,2,1,401416568,2022-09-01,18:00,2022-09-01T22:00:00+00:00,St. Francis (PA) Red Flash,Akron Zips,InfoCision Stadium,0,resolved_schedule_stadium,41.0725534,-81.5083408,America/New_York,USA,,,,,,,,,41.0725534,-81.5083408,America/New_York,0.0,0.0,0.0,0,0,0,2022-09-01T22:00:00+00:00,26.1,2.67,5.5,,0.0,0.0,0.0,0,0,50,0,open_air,open_air,0,0,1,open-meteo-era5,ok
2022,2,1,401416569,2022-09-01,18:00,2022-09-01T23:00:00+00:00,Central Michigan Chippewas,Oklahoma State Cowboys,Boone Pickens Stadium,0,resolved_schedule_stadium,36.125673,-97.066513,America/Chicago,USA,43.5777313,-84.7709904,America/Detroit,829.4,-1.0,1.0,1,0,36.125673,-97.066513,America/Chicago,0.0,0.0,0.0,0,0,0,2022-09-01T23:00:00+00:00,23.4,2.08,4.4,,0.3,0.3,0.0,1,0,93,51,open_air,open_air,0,0,1,open-meteo-era5,ok
2022,2,1,401416592,2022-09-01,19:00,2022-09-02T00:00:00+00:00,Eastern Illinois Panthers,Northern Illinois Huskies,Huskie Stadium,0,resolved_schedule_stadium,41.9339586,-88.7778357,America/Chicago,USA,,,,,,,,,41.9339586,-88.7778357,America/Chicago,0.0,0.0,0.0,0,0,0,2022-09-02T00:00:00+00:00,26.1,3.27,4.8,,0.0,0.0,0.0,0,0,60,3,open_air,open_air,0,0,1,open-meteo-era5,ok
2022,2,1,401426533,2022-09-01,19:00,2022-09-01T23:00:00+00:00,Bryant Bulldogs,Florida International Panthers,FIU Stadium,0,resolved_schedule_stadium,25.7525014,-80.3778912,America/New_York,USA,,,,,,,,,25.7525014,-80.3778912,America/New_York,0.0,0.0,0.0,0,0,0,2022-09-01T23:00:00+00:00,30.0,0.64,2.5,,0.0,0.0,0.0,0,0,64,3,open_air,open_air,0,0,1,open-meteo-era5,ok
2022,2,1,401426534,2022-09-01,19:00,2022-09-02T00:00:00+00:00,Alabama A&M Bulldogs,UAB Blazers,Protective Stadium,0,resolved_schedule_stadium,33.5206824,-86.8024326,America/Chicago,USA,,,,,,,,,33.5206824,-86.8024326,America/Chicago,0.0,0.0,0.0,0,0,0,2022-09-02T00:00:00+00:00,28.6,1.46,2.8,,0.0,0.0,0.0,0,0,49,0,open_air,open_air,0,0,1,open-meteo-era5,ok
2022,2,1,401426537,2022-09-01,19:00,2022-09-02T00:00:00+00:00,Louisiana Tech Bulldogs,Missouri Tigers,Memorial Stadium,0,ambiguous_schedule_stadium,,,America/Chicago,,32.5321487,-92.6560019,America/Chicago,,,,,,38.9358491,-92.3332009,America/Chicago,,,,,,,,,,,,,,,,,,,open_air,,,,,,venue_unresolved
2022,2,1,401441990,2022-09-01,19:00,2022-09-01T23:00:00+00:00,Long Island University Sharks,Toledo Rockets,Glass Bowl,0,resolved_schedule_stadium,41.6574777,-83.6135652,America/New_York,USA,,,,,,,,,41.6574777,-83.6135652,America/New_York,0.0,0.0,0.0,0,0,0,2022-09-01T23:00:00+00:00,26.7,1.76,4.3,,0.0,0.0,0.0,0,0,53,0,open_air,open_air,0,0,1,open-meteo-era5,ok
2022,2,1,401403966,2022-09-02,20:00,2022-09-03T02:00:00+00:00,TCU Horned Frogs,Colorado Buffaloes,Folsom Field,0,resolved_schedule_stadium,40.0094746,-105.266905,America/Denver,USA,32.7096604,-97.3680835,America/Chicago,668.4,-1.0,1.0,1,0,40.0094746,-105.266905,America/Denver,0.0,0.0,0.0,0,0,0,2022-09-03T02:00:00+00:00,25.1,1.52,4.5,,0.0,0.0,0.0,0,0,39,3,open_air,open_air,0,0,1,open-meteo-era5,ok
2022,2,1,401404052,2022-09-02,19:00,2022-09-03T00:00:00+00:00,Tennessee Tech Golden Eagles,Kansas Jayhawks,Memorial Stadium,0,ambiguous_schedule_stadium,,,America/Chicago,,,,,,,,,,38.9629418,-95.2463686,America/Chicago,,,,,,,,,,,,,,,,,,,open_air,,,,,,venue_unresolved
2022,2,1,401405061,2022-09-02,20:00,2022-09-03T00:00:00+00:00,Illinois Fighting Illini,Indiana Hoosiers,"Memorial Stadium (Bloomington, IN)",0,resolved_schedule_stadium_timezone,39.1808959,-86.5256217,America/Indiana/Indianapolis,USA,40.0993268,-88.2359569,America/Chicago,110.9,1.0,1.0,0,1,39.1808959,-86.5256217,America/Indiana/Indianapolis,0.0,0.0,0.0,0,0,0,2022-09-03T00:00:00+00:00,24.6,0.52,1.0,,0.0,0.0,0.0,0,0,87,3,open_air,open_air,0,0,1,open-meteo-era5,ok
2022,2,1,401411094,2022-09-02,19:30,2022-09-02T23:30:00+00:00,Temple Owls,Duke Blue Devils,Wallace Wade Stadium,0,resolved_schedule_stadium,35.9953688,-78.9417564,America/New_York,USA,39.9007995,-75.1675414,America/New_York,339.2,0.0,0.0,1,0,35.9953688,-78.9417564,America/New_York,0.0,0.0,0.0,0,0,0,2022-09-02T23:00:00+00:00,28.4,1.45,3.6,,0.0,0.0,0.0,0,0,57,0,open_air,open_air,0,0,1,open-meteo-era5,ok
2022,2,1,401416590,2022-09-02,19:00,2022-09-02T23:00:00+00:00,Eastern Kentucky Colonels,Eastern Michigan Eagles,Rynearson Stadium,0,resolved_schedule_stadium,42.256126,-83.647285,America/Detroit,USA,,,,,,,,,42.256126,-83.647285,America/Detroit,0.0,0.0,0.0,0,0,0,2022-09-02T23:00:00+00:00,27.0,2.64,5.8,,0.0,0.0,0.0,0,0,53,3,open_air,open_air,0,0,1,open-meteo-era5,ok
2022,2,1,401416591,2022-09-02,19:00,2022-09-02T23:00:00+00:00,Western Michigan Broncos,Michigan State Spartans,Spartan Stadium,0,resolved_schedule_stadium,42.7281474,-84.4848526,America/Detroit,USA,42.2860064,-85.6007573,America/Detroit,64.5,0.0,0.0,0,1,42.7281474,-84.4848526,America/Detroit,0.0,0.0,0.0,0,0,0,2022-09-02T23:00:00+00:00,26.5,2.75,4.9,,0.0,0.0,0.0,0,0,61,3,open_air,open_air,0,0,1,open-meteo-era5,ok
2022,2,1,401426330,2022-09-02,19:00,2022-09-02T23:00:00+00:00,Virginia Tech Hokies,Old Dominion Monarchs,S.B. Ballard Stadium,0,resolved_schedule_stadium,36.8889533,-76.3049175,America/New_York,USA,37.2199873,-80.4180643,America/New_York,227.9,0.0,0.0,0,1,36.8889533,-76.3049175,America/New_York,0.0,0.0,0.0,0,0,0,2022-09-02T23:00:00+00:00,27.2,3.42,6.4,,0.0,0.0,0.0,0,0,63,0,open_air,open_air,0,0,1,open-meteo-era5,ok
2022,2,1,401426535,2022-09-02,19:00,2022-09-02T23:00:00+00:00,William & Mary Tribe,Charlotte 49ers,Jerry Richardson Stadium,0,resolved_schedule_stadium,35.3105033,-80.7401194,America/New_York,USA,,,,,,,,,35.3105033,-80.7401194,America/New_York,0.0,0.0,0.0,0,0,0,2022-09-02T23:00:00+00:00,30.2,2.08,4.3,,0.0,0.0,0.0,0,0,44,0,open_air,open_air,0,0,1,open-meteo-era5,ok
2022,2,1,401403854,2022-09-03,18:30,2022-09-03T23:30:00+00:00,Utah State Aggies,Alabama Crimson Tide,Bryant-Denny Stadium,0,resolved_schedule_stadium,33.2082752,-87.5503836,America/Chicago,USA,41.7517394,-111.8116007,America/Denver,1448.8,1.0,1.0,0,1,33.2082752,-87.5503836,America/Chicago,0.0,0.0,0.0,0,0,0,2022-09-03T23:00:00+00:00,29.7,1.02,4.3,,0.0,0.0,0.0,0,0,72,3,open_air,open_air,0,0,1,open-meteo-era5,ok
2022,2,1,401403855,2022-09-03,14:30,2022-09-03T19:30:00+00:00,Cincinnati Bearcats,Arkansas Razorbacks,Razorback Stadium,0,resolved_schedule_stadium,36.0680662,-94.1789534,America/Chicago,USA,39.1312495,-84.5161913,America/New_York,569.4,-1.0,1.0,1,0,36.0680662,-94.1789534,America/Chicago,0.0,0.0,0.0,0,0,0,2022-09-03T19:00:00+00:00,27.6,3.2,8.5,,0.0,0.0,0.0,0,0,62,0,open_air,open_air,0,0,1,open-meteo-era5,ok
2022,2,1,401403856,2022-09-03,18:00,2022-09-03T23:00:00+00:00,Mercer Bears,Auburn Tigers,Jordan-Hare Stadium,0,resolved_schedule_stadium,32.6025532,-85.4897479,America/Chicago,USA,,,,,,,,,32.6025532,-85.4897479,America/Chicago,0.0,0.0,0.0,0,0,0,2022-09-03T23:00:00+00:00,29.0,1.6,4.9,,0.1,0.1,0.0,1,0,63,51,open_air,open_air,0,0,1,open-meteo-era5,ok
2022,2,1,401403857,2022-09-03,19:00,2022-09-03T23:00:00+00:00,Utah Utes,Florida Gators,Ben Hill Griffin Stadium,0,resolved_schedule_stadium,29.6499357,-82.3485788,America/New_York,USA,40.7599724,-111.8488255,America/Denver,1822.3,2.0,2.0,0,1,29.6499357,-82.3485788,America/New_York,0.0,0.0,0.0,0,0,0,2022-09-03T23:00:00+00:00,27.5,2.08,3.5,,4.0,4.0,0.0,1,0,81,63,open_air,open_air,0,0,1,open-meteo-era5,ok
2022,2,1,401403858,2022-09-03,19:30,,Oregon Ducks,Georgia Bulldogs,Mercedes-Benz Stadium,1,unresolved_neutral_venue,,,,,44.0582712,-123.0684883,America/Los_Angeles,,,,,,33.9498197,-83.3733813,America/New_York,,,,,,,,,,,,,,,,,,,,,,,,,venue_unresolved
2022,2,1,401403859,2022-09-03,19:00,2022-09-03T23:00:00+00:00,Miami (OH) RedHawks,Kentucky Wildcats,Kroger Field,0,resolved_schedule_stadium,38.0220905,-84.5053408,America/New_York,USA,39.5197009,-84.7330255,America/New_York,104.2,0.0,0.0,0,1,38.0220905,-84.5053408,America/New_York,0.0,0.0,0.0,0,0,0,2022-09-03T23:00:00+00:00,22.1,2.27,5.9,,0.6,0.6,0.0,1,0,91,53,open_air,open_air,0,0,1,open-meteo-era5,ok
2022,2,1,401403860,2022-09-03,15:00,2022-09-03T20:00:00+00:00,Troy Trojans,Ole Miss Rebels,Vaught-Hemingway Stadium,0,resolved_schedule_stadium,34.3619837,-89.5342076,America/Chicago,USA,31.7995565,-85.9518328,America/Chicago,272.7,0.0,0.0,1,0,34.3619837,-89.5342076,America/Chicago,0.0,0.0,0.0,0,0,0,2022-09-03T20:00:00+00:00,33.0,1.46,5.2,,0.0,0.0,0.0,0,0,45,1,open_air,open_air,0,0,1,open-meteo-era5,ok
2022,2,1,401403861,2022-09-03,18:30,2022-09-03T23:30:00+00:00,Memphis Tigers,Mississippi State Bulldogs,Davis Wade Stadium,0,resolved_schedule_stadium,33.4563403,-88.7933652,America/Chicago,USA,35.1209429,-89.977147,America/Chicago,133.4,0.0,0.0,0,1,33.4563403,-88.7933652,America/Chicago,0.0,0.0,0.0,0,0,0,2022-09-03T23:00:00+00:00,27.5,1.59,4.3,,0.0,0.0,0.0,0,0,71,2,open_air,open_air,0,0,1,open-meteo-era5,ok
2022,2,1,401403863,2022-09-03,19:30,2022-09-03T23:30:00+00:00,Georgia State Panthers,South Carolina Gamecocks,Williams-Brice Stadium,0,resolved_schedule_stadium,33.9730239,-81.0191726,America/New_York,USA,33.735267,-84.389949,America/New_York,194.1,0.0,0.0,0,1,33.9730239,-81.0191726,America/New_York,0.0,0.0,0.0,0,0,0,2022-09-03T23:00:00+00:00,26.3,1.68,5.0,,0.0,0.0,0.0,0,0,81,2,open_air,open_air,0,0,1,open-meteo-era5,ok
2022,2,1,401403865,2022-09-03,11:00,2022-09-03T16:00:00+00:00,Sam Houston Bearkats,Texas A&M Aggies,Kyle Field,0,resolved_schedule_stadium,30.6098891,-96.3403828,America/Chicago,USA,30.713926,-95.5419802,America/Chicago,48.0,0.0,0.0,1,0,30.6098891,-96.3403828,America/Chicago,0.0,0.0,0.0,0,0,0,2022-09-03T16:00:00+00:00,30.7,0.92,4.1,,0.3,0.3,0.0,1,0,71,51,open_air,open_air,0,0,1,open-meteo-era5,ok
2022,2,1,401403866,2022-09-03,18:00,2022-09-03T23:00:00+00:00,Elon Phoenix,Vanderbilt Commodores,FirstBank Stadium,0,resolved_schedule_stadium,36.1440455,-86.8088942,America/Chicago,USA,,,,,,,,,36.1440455,-86.8088942,America/Chicago,0.0,0.0,0.0,0,0,0,2022-09-03T23:00:00+00:00,25.0,2.94,3.4,,0.3,0.3,0.0,1,0,87,51,open_air,open_air,0,0,1,open-meteo-era5,ok
2022,2,1,401403967,2022-09-03,12:30,2022-09-03T19:30:00+00:00,Arizona Wildcats,San Diego State Aztecs,Snapdragon Stadium,0,resolved_schedule_stadium,32.784444,-117.122833,America/Los_Angeles,USA,32.2288054,-110.9488677,America/Phoenix,361.7,0.0,0.0,1,0,32.784444,-117.122833,America/Los_Angeles,0.0,0.0,0.0,0,0,0,2022-09-03T19:00:00+00:00,36.4,2.93,7.7,,0.0,0.0,0.0,0,0,39,0,open_air,open_air,0,0,1,open-meteo-era5,ok
2022,2,1,401403968,2022-09-03,13:00,2022-09-03T20:00:00+00:00,UC Davis Aggies,California Golden Bears,California Memorial Stadium,0,resolved_schedule_stadium,37.8710434,-122.2507729,America/Los_Angeles,USA,,,,,,,,,37.8710434,-122.2507729,America/Los_Angeles,0.0,0.0,0.0,0,0,0,2022-09-03T20:00:00+00:00,25.1,3.3,8.2,,0.0,0.0,0.0,0,0,44,0,open_air,open_air,0,0,1,open-meteo-era5,ok
2022,2,1,401403969,2022-09-03,19:30,2022-09-04T02:30:00+00:00,Boise State Broncos,Oregon State Beavers,Reser Stadium,0,resolved_schedule_stadium,44.5594559,-123.2814341,America/Los_Angeles,USA,43.6028839,-116.1958882,America/Boise,357.7,-1.0,1.0,1,0,44.5594559,-123.2814341,America/Los_Angeles,0.0,0.0,0.0,0,0,0,2022-09-04T02:00:00+00:00,25.8,1.86,3.3,,0.0,0.0,0.0,0,0,42,0,open_air,open_air,0,0,1,open-meteo-era5,ok
2022,2,1,401403970,2022-09-03,17:00,2022-09-04T00:00:00+00:00,Colgate Raiders,Stanford Cardinal,Stanford Stadium,0,resolved_schedule_stadium,37.4345556,-122.1611271,America/Los_Angeles,USA,,,,,,,,,37.4345556,-122.1611271,America/Los_Angeles,0.0,0.0,0.0,0,0,0,2022-09-04T00:00:00+00:00,24.8,2.9,7.8,,0.0,0.0,0.0,0,0,49,0,open_air,open_air,0,0,1,open-meteo-era5,ok
2022,2,1,401403971,2022-09-03,11:30,2022-09-03T18:30:00+00:00,Bowling Green Falcons,UCLA Bruins,Rose Bowl,0,resolved_schedule_stadium,34.1613284,-118.1676462,America/Los_Angeles,USA,41.3780114,-83.6225,America/New_York,1937.6,-3.0,3.0,1,0,34.1613284,-118.1676462,America/Los_Angeles,0.0,0.0,0.0,0,0,0,2022-09-03T18:00:00+00:00,38.1,1.88,7.4,,0.0,0.0,0.0,0,0,28,0,open_air,open_air,0,0,1,open-meteo-era5,ok
2022,2,1,401403973,2022-09-03,19:30,2022-09-04T02:30:00+00:00,Kent State Golden Flashes,Washington Huskies,Husky Stadium,0,resolved_schedule_stadium,47.6503235,-122.3015746,America/Los_Angeles,USA,41.1390935,-81.31346,America/New_York,2047.8,-3.0,3.0,1,0,47.6503235,-122.3015746,America/Los_Angeles,0.0,0.0,0.0,0,0,0,2022-09-04T02:00:00+00:00,20.5,2.04,2.3,,0.0,0.0,0.0,0,0,66,1,open_air,open_air,0,0,1,open-meteo-era5,ok
2022,2,1,401403974,2022-09-03,18:30,2022-09-04T01:30:00+00:00,Idaho Vandals,Washington State Cougars,Gesa Field,0,resolved_schedule_stadium,46.731831,-117.1604991,America/Los_Angeles,USA,,,,,,,,,46.731831,-117.1604991,America/Los_Angeles,0.0,0.0,0.0,0,0,0,2022-09-04T01:00:00+00:00,25.7,1.6,5.8,,0.0,0.0,0.0,0,0,33,0,open_air,open_air,0,0,1,open-meteo-era5,ok
2022,2,1,401404055,2022-09-03,19:00,2022-09-04T00:00:00+00:00,Murray State Racers,Texas Tech Red Raiders,Jones AT&T Stadium,0,resolved_schedule_stadium,33.5910518,-101.8728824,America/Chicago,USA,,,,,,,,,33.5910518,-101.8728824,America/Chicago,0.0,0.0,0.0,0,0,0,2022-09-04T00:00:00+00:00,27.4,3.4,6.3,,0.0,0.0,0.0,0,0,53,0,open_air,open_air,0,0,1,open-meteo-era5,ok
2022,2,1,401404056,2022-09-03,18:00,2022-09-03T23:00:00+00:00,South Dakota Coyotes,Kansas State Wildcats,Bill Snyder Family Stadium,0,resolved_schedule_stadium,39.2020096,-96.5938395,America/Chicago,USA,,,,,,,,,39.2020096,-96.5938395,America/Chicago,0.0,0.0,0.0,0,0,0,2022-09-03T23:00:00+00:00,30.3,5.26,10.2,,0.0,0.0,0.0,0,0,25,0,open_air,open_air,0,0,1,open-meteo-era5,ok
2022,2,1,401404057,2022-09-03,13:00,2022-09-03T18:00:00+00:00,Southeast Missouri State Redhawks,Iowa State Cyclones,Jack Trice Stadium,0,resolved_schedule_stadium,42.0139977,-93.6357716,America/Chicago,USA,,,,,,,,,42.0139977,-93.6357716,America/Chicago,0.0,0.0,0.0,0,0,0,2022-09-03T18:00:00+00:00,23.4,5.25,9.6,,0.0,0.0,0.0,0,0,65,1,open_air,open_air,0,0,1,open-meteo-era5,ok
2022,2,1,401404059,2022-09-03,19:00,2022-09-04T00:00:00+00:00,UL Monroe Warhawks,Texas Longhorns,DKR-Texas Memorial Stadium,0,resolved_schedule_stadium,30.2836813,-97.7325345,America/Chicago,USA,32.5308089,-92.0660602,America/Chicago,368.4,0.0,0.0,1,0,30.2836813,-97.7325345,America/Chicago,0.0,0.0,0.0,0,0,0,2022-09-04T00:00:00+00:00,27.1,2.15,1.8,,0.0,0.0,0.0,0,0,72,3,open_air,open_air,0,0,1,open-meteo-era5,ok
2022,2,1,401404124,2022-09-03,19:30,2022-09-03T23:30:00+00:00,Notre Dame Fighting Irish,Ohio State Buckeyes,Ohio Stadium,0,resolved_schedule_stadium,40.0016447,-83.0197266,America/New_York,USA,41.698378,-86.2339425,America/Indiana/Indianapolis,204.8,0.0,0.0,0,1,40.0016447,-83.0197266,America/New_York,0.0,0.0,0.0,0,0,0,2022-09-03T23:00:00+00:00,22.7,1.88,3.9,,0.3,0.3,0.0,1,0,89,51,open_air,open_air,0,0,1,open-meteo-era5,ok
2022,2,1,401404134,2022-09-03,19:00,2022-09-03T23:00:00+00:00,Army Black Knights,Coastal Carolina Chanticleers,Brooks Stadium (SC),0,resolved_schedule_stadium,33.7928506,-79.0166946,America/New_York,USA,41.3874924,-73.9640891,America/New_York,592.9,0.0,0.0,1,0,33.7928506,-79.0166946,America/New_York,0.0,0.0,0.0,0,0,0,2022-09-03T23:00:00+00:00,27.3,1.75,4.1,,0.0,0.0,0.0,0,0,78,3,open_air,open_air,0,0,1,open-meteo-era5,ok
2022,2,1,401404147,2022-09-03,12:00,2022-09-03T16:00:00+00:00,Central Connecticut Blue Devils,UConn Huskies,Pratt & Whitney Stadium,0,resolved_schedule_stadium,41.7595675,-72.6187728,America/New_York,USA,,,,,,,,,41.7595675,-72.6187728,America/New_York,0.0,0.0,0.0,0,0,0,2022-09-03T16:00:00+00:00,25.5,1.5,5.7,,0.0,0.0,0.0,0,0,45,2,open_air,open_air,0,0,1,open-meteo-era5,ok
2022,2,1,401404157,2022-09-03,18:00,2022-09-03T23:00:00+00:00,Liberty Flames,Southern Miss Golden Eagles,M. M. Roberts Stadium,0,resolved_schedule_stadium,31.3289321,-89.3318118,America/Chicago,USA,37.3544305,-79.1750239,America/New_York,712.8,-1.0,1.0,1,0,31.3289321,-89.3318118,America/Chicago,0.0,0.0,0.0,0,0,0,2022-09-03T23:00:00+00:00,25.8,2.32,4.1,,0.0,0.0,0.0,0,0,87,3,open_air,open_air,0,0,1,open-meteo-era5,ok
2022,2,1,401405062,2022-09-03,11:00,2022-09-03T16:00:00+00:00,South Dakota State Jackrabbits,Iowa Hawkeyes,Kinnick Stadium,0,resolved_schedule_stadium,41.6586045,-91.5510829,America/Chicago,USA,,,,,,,,,41.6586045,-91.5510829,America/Chicago,0.0,0.0,0.0,0,0,0,2022-09-03T16:00:00+00:00,25.1,2.59,5.3,,0.0,0.0,0.0,0,0,74,3,open_air,open_air,0,0,1,open-meteo-era5,ok
2022,2,1,401405063,2022-09-03,14:30,2022-09-03T19:30:00+00:00,North Dakota Fighting Hawks,Nebraska Cornhuskers,"Memorial Stadium (Lincoln, NE)",0,ambiguous_schedule_stadium,,,America/Chicago,,,,,,,,,,40.820682,-96.705594,America/Chicago,,,,,,,,,,,,,,,,,,,open_air,,,,,,venue_unresolved
2022,2,1,401405065,2022-09-03,18:00,2022-09-03T23:00:00+00:00,Illinois State Redbirds,Wisconsin Badgers,Camp Randall Stadium,0,resolved_schedule_stadium,43.06994,-89.4126943,America/Chicago,USA,,,,,,,,,43.06994,-89.4126943,America/Chicago,0.0,0.0,0.0,0,0,0,2022-09-03T23:00:00+00:00,20.7,3.93,8.6,,0.5,0.5,0.0,1,0,83,53,open_air,open_air,0,0,1,open-meteo-era5,ok
2022,2,1,401405066,2022-09-03,12:00,2022-09-03T16:00:00+00:00,Buffalo Bulls,Maryland Terrapins,SECU Stadium,0,resolved_schedule_stadium,38.9903332,-76.9473792,America/New_York,USA,42.9991334,-78.7775113,America/New_York,292.9,0.0,0.0,0,1,38.9903332,-76.9473792,America/New_York,0.0,0.0,0.0,0,0,0,2022-09-03T16:00:00+00:00,28.5,1.38,5.3,,0.0,0.0,0.0,0,0,59,2,open_air,open_air,0,0,1,open-meteo-era5,ok
2022,2,1,401405067,2022-09-03,12:00,2022-09-03T16:00:00+00:00,Colorado State Rams,Michigan Wolverines,Michigan Stadium,0,resolved_schedule_stadium,42.2658365,-83.7486956,America/Detroit,USA,40.570015,-105.088435,America/Denver,1109.0,2.0,2.0,0,1,42.2658365,-83.7486956,America/Detroit,0.0,0.0,0.0,0,0,0,2022-09-03T16:00:00+00:00,27.8,1.66,5.9,,0.0,0.0,0.0,0,0,58,0,open_air,open_air,0,0,1,open-meteo-era5,ok
2022,2,1,401405069,2022-09-03,12:00,2022-09-03T16:00:00+00:00,Rutgers Scarlet Knights,Boston College Eagles,"Alumni Stadium (Chestnut Hill, MA)",0,resolved_schedule_stadium,42.335104,-71.1664413,America/New_York,USA,40.5462553,-74.4660408,America/New_York,210.9,0.0,0.0,0,1,42.335104,-71.1664413,America/New_York,0.0,0.0,0.0,0,0,0,2022-09-03T16:00:00+00:00,24.2,1.35,5.2,,0.0,0.0,0.0,0,0,49,1,open_air,open_air,0,0,1,open-meteo-era5,ok
2022,2,1,401411095,2022-09-03,12:00,2022-09-03T16:00:00+00:00,North Carolina Tar Heels,App State Mountaineers,Kidd Brewer Stadium,0,resolved_schedule_stadium,36.2114267,-81.6854278,America/New_York,USA,35.9069294,-79.0478889,America/New_York,148.8,0.0,0.0,1,0,36.2114267,-81.6854278,America/New_York,0.0,0.0,0.0,0,0,0,2022-09-03T16:00:00+00:00,22.5,3.43,10.6,,0.0,0.0,0.0,0,0,65,3,open_air,open_air,0,0,1,open-meteo-era5,ok
2022,2,1,401411096,2022-09-03,12:00,2022-09-03T16:00:00+00:00,NC State Wolfpack,East Carolina Pirates,Dowdy-Ficklen Stadium,0,resolved_schedule_stadium,35.5968486,-77.364564,America/New_York,USA,35.8008001,-78.7195655,America/New_York,77.3,0.0,0.0,0,1,35.5968486,-77.364564,America/New_York,0.0,0.0,0.0,0,0,0,2022-09-03T16:00:00+00:00,29.1,2.66,6.1,,0.0,0.0,0.0,0,0,68,1,open_air,open_air,0,0,1,open-meteo-era5,ok
2022,2,1,401411097,2022-09-03,15:30,2022-09-03T19:30:00+00:00,Bethune-Cookman Wildcats,Miami Hurricanes,Hard Rock Stadium,0,resolved_schedule_stadium,25.9579665,-80.2388604,America/New_York,USA,,,,,,,,,25.9579665,-80.2388604,America/New_York,0.0,0.0,0.0,0,0,0,2022-09-03T19:00:00+00:00,31.0,3.98,7.0,,0.0,0.0,0.0,0,0,64,0,open_air,open_air,0,0,1,open-meteo-era5,ok
2022,2,1,401411099,2022-09-03,20:00,2022-09-04T00:00:00+00:00,Louisville Cardinals,Syracuse Orange,JMA Wireless Dome,0,resolved_schedule_stadium,43.0362269,-76.1363161,America/New_York,USA,38.2057621,-85.7588141,America/Kentucky/Louisville,604.4,0.0,0.0,0,1,43.0362269,-76.1363161,America/New_York,0.0,0.0,0.0,0,0,0,2022-09-04T00:00:00+00:00,24.6,2.34,4.9,,0.0,0.0,0.0,0,0,75,1,dome,dome,1,0,0,open-meteo-era5,ok
2022,2,1,401411100,2022-09-03,12:30,2022-09-03T16:30:00+00:00,Richmond Spiders,Virginia Cavaliers,Scott Stadium,0,resolved_schedule_stadium,38.0311801,-78.5137897,America/New_York,USA,,,,,,,,,38.0311801,-78.5137897,America/New_York,0.0,0.0,0.0,0,0,0,2022-09-03T16:00:00+00:00,28.8,1.56,4.9,,0.0,0.0,0.0,0,0,59,2,open_air,open_air,0,0,1,open-meteo-era5,ok
2022,2,1,401414778,2022-09-03,18:00,2022-09-03T23:00:00+00:00,Massachusetts Minutemen,Tulane Green Wave,Yulman Stadium,0,resolved_schedule_stadium,29.944616,-90.116692,America/Chicago,USA,42.3773244,-72.5360595,America/New_York,1298.9,-1.0,1.0,1,0,29.944616,-90.116692,America/Chicago,0.0,0.0,0.0,0,0,0,2022-09-03T23:00:00+00:00,25.5,2.72,4.9,,0.6,0.6,0.0,1,0,91,53,open_air,open_air,0,0,1,open-meteo-era5,ok
2022,2,1,401415015,2022-09-03,15:30,2022-09-03T19:30:00+00:00,Norfolk State Spartans,Marshall Thundering Herd,Joan C. Edwards Stadium,0,resolved_schedule_stadium,38.4247042,-82.4214412,America/New_York,USA,,,,,,,,,38.4247042,-82.4214412,America/New_York,0.0,0.0,0.0,0,0,0,2022-09-03T19:00:00+00:00,26.1,1.07,3.6,,0.0,0.0,0.0,0,0,80,3,open_air,open_air,0,0,1,open-meteo-era5,ok
2022,2,1,401415209,2022-09-03,11:00,2022-09-03T17:00:00+00:00,Northern Iowa Panthers,Air Force Falcons,Falcon Stadium,0,resolved_schedule_stadium,38.9969701,-104.8436165,America/Denver,USA,,,,,,,,,38.9969701,-104.8436165,America/Denver,0.0,0.0,0.0,0,0,0,2022-09-03T17:00:00+00:00,24.4,2.16,7.3,,0.0,0.0,0.0,0,0,35,0,open_air,open_air,0,0,1,open-meteo-era5,ok
2022,2,1,401415210,2022-09-03,18:00,2022-09-04T00:00:00+00:00,Maine Black Bears,New Mexico Lobos,University Stadium (NM),0,resolved_schedule_stadium,35.0669479,-106.6283225,America/Denver,USA,,,,,,,,,35.0669479,-106.6283225,America/Denver,0.0,0.0,0.0,0,0,0,2022-09-04T00:00:00+00:00,27.0,2.67,4.4,,0.0,0.0,0.0,0,0,31,2,open_air,open_air,0,0,1,open-meteo-era5,ok
2022,2,1,401415211,2022-09-03,13:30,2022-09-03T19:30:00+00:00,Tulsa Golden Hurricane,Wyoming Cowboys,War Memorial Stadium,0,resolved_schedule_stadium,41.31161,-105.5681384,America/Denver,USA,36.1489175,-95.9437853,America/Chicago,628.9,-1.0,1.0,1,0,41.31161,-105.5681384,America/Denver,0.0,0.0,0.0,0,0,0,2022-09-03T19:00:00+00:00,25.7,4.03,9.9,,0.0,0.0,0.0,0,0,26,0,open_air,open_air,0,0,1,open-meteo-era5,ok
2022,2,1,401415212,2022-09-03,14:30,2022-09-03T21:30:00+00:00,Texas State Bobcats,Nevada Wolf Pack,Mackay Stadium,0,resolved_schedule_stadium,39.5469459,-119.8175435,America/Los_Angeles,USA,29.8910008,-97.9255735,America/Chicago,1405.6,-2.0,2.0,1,0,39.5469459,-119.8175435,America/Los_Angeles,0.0,0.0,0.0,0,0,0,2022-09-03T21:00:00+00:00,35.4,5.08,14.9,,0.0,0.0,0.0,0,0,12,0,open_air,open_air,0,0,1,open-meteo-era5,ok
2022,2,1,401415611,2022-09-03,12:00,2022-09-03T16:00:00+00:00,Delaware Blue Hens,Navy Midshipmen,Navy-Marine Corps Memorial Stadium,0,resolved_schedule_stadium,38.9846985,-76.5076335,America/New_York,USA,39.6617428,-75.7488224,America/New_York,61.9,0.0,0.0,1,0,38.9846985,-76.5076335,America/New_York,0.0,0.0,0.0,0,0,0,2022-09-03T16:00:00+00:00,26.4,1.46,4.8,,0.0,0.0,0.0,0,0,65,2,open_air,open_air,0,0,1,open-meteo-era5,ok
2022,2,1,401415612,2022-09-03,16:00,2022-09-03T20:00:00+00:00,BYU Cougars,South Florida Bulls,Raymond James Stadium,0,resolved_schedule_stadium,27.9758691,-82.5033344,America/New_York,USA,40.2575347,-111.6545247,America/Denver,1859.1,2.0,2.0,0,1,27.9758691,-82.5033344,America/New_York,0.0,0.0,0.0,0,0,0,2022-09-03T20:00:00+00:00,31.1,0.64,5.9,,0.6,0.6,0.0,1,0,66,53,open_air,open_air,0,0,1,open-meteo-era5,ok
2022,2,1,401420777,2022-09-03,18:00,2022-09-03T22:00:00+00:00,Morgan State Bears,Georgia Southern Eagles,Allen E. Paulson Stadium,0,resolved_schedule_stadium,32.4122471,-81.7849296,America/New_York,USA,,,,,,,,,32.4122471,-81.7849296,America/New_York,0.0,0.0,0.0,0,0,0,2022-09-03T22:00:00+00:00,26.7,2.74,5.8,,0.0,0.0,0.0,0,0,81,3,open_air,open_air,0,0,1,open-meteo-era5,ok
2022,2,1,401421116,2022-09-03,16:00,2022-09-03T21:00:00+00:00,Nicholls Colonels,South Alabama Jaguars,Hancock Whitney Stadium,0,resolved_schedule_stadium,30.6943566,-88.0430541,America/Chicago,USA,,,,,,,,,30.6943566,-88.0430541,America/Chicago,0.0,0.0,0.0,0,0,0,2022-09-03T21:00:00+00:00,27.4,2.36,4.3,,0.2,0.2,0.0,1,0,79,51,open_air,open_air,0,0,1,open-meteo-era5,ok
2022,2,1,401421121,2022-09-03,18:00,2022-09-03T23:00:00+00:00,SE Louisiana Lions,Louisiana Ragin' Cajuns,Cajun Field,0,resolved_schedule_stadium,30.2158434,-92.0417371,America/Chicago,USA,,,,,,,,,30.2158434,-92.0417371,America/Chicago,0.0,0.0,0.0,0,0,0,2022-09-03T23:00:00+00:00,25.6,1.52,4.1,,0.9,0.9,0.0,1,0,90,53,open_air,open_air,0,0,1,open-meteo-era5,ok
2022,2,1,401424416,2022-09-03,18:00,2022-09-03T23:00:00+00:00,Albany Great Danes,Baylor Bears,McLane Stadium,0,resolved_schedule_stadium,31.5582015,-97.1156702,America/Chicago,USA,,,,,,,,,31.5582015,-97.1156702,America/Chicago,0.0,0.0,0.0,0,0,0,2022-09-03T23:00:00+00:00,29.4,1.51,3.2,,0.0,0.0,0.0,0,0,61,3,open_air,open_air,0,0,1,open-meteo-era5,ok
2022,2,1,401425418,2022-09-03,18:00,2022-09-03T23:00:00+00:00,Grambling Tigers,Arkansas State Red Wolves,Centennial Bank Stadium,0,resolved_schedule_stadium,35.8488977,-90.6677436,America/Chicago,USA,,,,,,,,,35.8488977,-90.6677436,America/Chicago,0.0,0.0,0.0,0,0,0,2022-09-03T23:00:00+00:00,25.9,1.63,4.4,,0.0,0.0,0.0,0,0,78,2,open_air,open_air,0,0,1,open-meteo-era5,ok
2022,2,1,401426536,2022-09-03,18:00,2022-09-03T22:00:00+00:00,Florida Atlantic Owls,Ohio Bobcats,Peden Stadium,0,resolved_schedule_stadium,39.3212794,-82.1034315,America/New_York,USA,26.3763763,-80.1015759,America/New_York,901.9,0.0,0.0,1,0,39.3212794,-82.1034315,America/New_York,0.0,0.0,0.0,0,0,0,2022-09-03T22:00:00+00:00,25.6,0.92,2.7,,0.0,0.0,0.0,0,0,81,3,open_air,open_air,0,0,1,open-meteo-era5,ok
2022,2,1,401426538,2022-09-03,18:00,2022-09-03T22:00:00+00:00,Middle Tennessee Blue Raiders,James Madison Dukes,Bridgeforth Stadium,0,resolved_schedule_stadium,38.4352919,-78.8729349,America/New_York,USA,35.8511463,-86.3681649,America/Chicago,449.6,1.0,1.0,0,1,38.4352919,-78.8729349,America/New_York,0.0,0.0,0.0,0,0,0,2022-09-03T22:00:00+00:00,27.6,2.67,4.8,,0.0,0.0,0.0,0,0,55,2,open_air,open_air,0,0,1,open-meteo-era5,ok
2022,2,1,401426539,2022-09-03,18:30,2022-09-03T23:30:00+00:00,SMU Mustangs,North Texas Mean Green,DATCU Stadium,0,resolved_schedule_stadium,33.203899,-97.159245,America/Chicago,USA,32.8377223,-96.7827859,America/Chicago,33.4,0.0,0.0,1,0,33.203899,-97.159245,America/Chicago,0.0,0.0,0.0,0,0,0,2022-09-03T23:00:00+00:00,32.5,2.21,4.6,,0.0,0.0,0.0,0,0,46,1,open_air,open_air,0,0,1,open-meteo-era5,ok
2022,2,1,401426540,2022-09-03,15:00,2022-09-03T22:00:00+00:00,Rice Owls,USC Trojans,Los Angeles Memorial Coliseum,0,resolved_schedule_stadium,34.014167,-118.287778,America/Los_Angeles,USA,29.7163297,-95.4093261,America/Chicago,1371.9,-2.0,2.0,1,0,34.014167,-118.287778,America/Los_Angeles,0.0,0.0,0.0,0,0,0,2022-09-03T22:00:00+00:00,39.2,3.42,7.7,,0.0,0.0,0.0,0,0,27,1,open_air,open_air,0,0,1,open-meteo-era5,ok
2022,2,1,401426541,2022-09-03,14:30,2022-09-03T19:30:00+00:00,UTEP Miners,Oklahoma Sooners,"Memorial Stadium (Norman, OK)",0,ambiguous_schedule_stadium,,,America/Chicago,,31.7733353,-106.507957,America/Denver,,,,,,35.2058537,-97.4423145,America/Chicago,,,,,,,,,,,,,,,,,,,open_air,,,,,,venue_unresolved
2022,2,1,401426542,2022-09-03,14:30,2022-09-03T19:30:00+00:00,Houston Cougars,UTSA Roadrunners,Alamodome,0,resolved_schedule_stadium,29.4169834,-98.4788143,America/Chicago,USA,29.7219885,-95.3491623,America/Chicago,189.2,0.0,0.0,1,0,29.4169834,-98.4788143,America/Chicago,0.0,0.0,0.0,0,0,0,2022-09-03T19:00:00+00:00,32.5,2.54,7.6,,0.0,0.0,0.0,0,0,53,3,dome,dome,1,0,0,open-meteo-era5,ok
2022,2,1,401426543,2022-09-03,17:59,2022-09-04T03:59:00+00:00,Western Kentucky Hilltoppers,Hawai'i Rainbow Warriors,Clarence T.C. Ching Athletics Complex,0,resolved_schedule_stadium,21.294294,-157.819338,Pacific/Honolulu,USA,36.9847901,-86.4594041,America/Chicago,4342.4,-5.0,5.0,1,0,21.294294,-157.819338,Pacific/Honolulu,0.0,0.0,0.0,0,0,0,2022-09-04T04:00:00+00:00,26.0,8.01,11.5,,0.0,0.0,0.0,0,0,83,1,open_air,open_air,0,0,1,open-meteo-era5,ok
2022,2,1,401403867,2022-09-04,23:30,,Florida State Seminoles,LSU Tigers,Caesars Superdome,1,unresolved_neutral_venue,,,,,30.4381692,-84.3044032,America/New_York,,,,,,30.412035,-91.1838163,America/Chicago,,,,,,,,,,,,,,,,,,,,,,,,,venue_unresolved
2022,2,1,401411101,2022-09-05,20:00,2022-09-06T00:00:00+00:00,Clemson Tigers,Georgia Tech Yellow Jackets,Bobby Dodd Stadium,0,resolved_schedule_stadium,33.7724449,-84.3928054,America/New_York,USA,34.6787737,-82.8432428,America/New_York,108.4,0.0,0.0,1,0,33.7724449,-84.3928054,America/New_York,0.0,0.0,0.0,0,0,0,2022-09-06T00:00:00+00:00,24.3,1.82,4.0,,1.2,1.2,0.0,1,0,89,55,open_air,open_air,0,0,1,open-meteo-era5,ok
2022,2,2,401415214,2022-09-09,19:00,2022-09-10T01:00:00+00:00,Boise State Broncos,New Mexico Lobos,University Stadium (NM),0,resolved_schedule_stadium,35.0669479,-106.6283225,America/Denver,USA,43.6028839,-116.1958882,America/Boise,779.5,0.0,0.0,0,1,35.0669479,-106.6283225,America/Denver,0.0,0.0,0.0,0,0,0,2022-09-10T01:00:00+00:00,29.9,2.57,5.9,,0.0,0.0,0.0,0,0,20,3,open_air,open_air,0,0,1,open-meteo-era5,ok
2022,2,2,401415613,2022-09-09,19:30,2022-09-09T23:30:00+00:00,Louisville Cardinals,UCF Knights,FBC Mortgage Stadium,0,resolved_schedule_stadium,28.6079765,-81.1927233,America/New_York,USA,38.2057621,-85.7588141,America/Kentucky/Louisville,713.3,0.0,0.0,0,1,28.6079765,-81.1927233,America/New_York,0.0,0.0,0.0,0,0,0,2022-09-09T23:00:00+00:00,25.1,0.97,3.7,,1.5,1.5,0.0,1,0,90,61,open_air,open_air,0,0,1,open-meteo-era5,ok
2022,2,2,401403868,2022-09-10,11:00,2022-09-10T16:00:00+00:00,Alabama Crimson Tide,Texas Longhorns,DKR-Texas Memorial Stadium,0,resolved_schedule_stadium,30.2836813,-97.7325345,America/Chicago,USA,33.2082752,-87.5503836,America/Chicago,631.1,0.0,0.0,1,0,30.2836813,-97.7325345,America/Chicago,0.0,0.0,0.0,0,0,0,2022-09-10T16:00:00+00:00,30.6,2.08,5.0,,0.1,0.1,0.0,1,0,54,51,open_air,open_air,0,0,1,open-meteo-era5,ok
2022,2,2,401403869,2022-09-10,11:00,2022-09-10T16:00:00+00:00,South Carolina Gamecocks,Arkansas Razorbacks,Razorback Stadium,0,resolved_schedule_stadium,36.0680662,-94.1789534,America/Chicago,USA,33.9730239,-81.0191726,America/New_York,757.9,-1.0,1.0,1,0,36.0680662,-94.1789534,America/Chicago,0.0,0.0,0.0,0,0,0,2022-09-10T16:00:00+00:00,25.7,0.99,4.7,,0.0,0.0,0.0,0,0,62,0,open_air,open_air,0,0,1,open-meteo-era5,ok
2022,2,2,401403870,2022-09-10,18:30,2022-09-10T23:30:00+00:00,San José State Spartans,Auburn Tigers,Jordan-Hare Stadium,0,resolved_schedule_stadium,32.6025532,-85.4897479,America/Chicago,USA,37.3196675,-121.8682962,America/Los_Angeles,2072.6,2.0,2.0,0,1,32.6025532,-85.4897479,America/Chicago,0.0,0.0,0.0,0,0,0,2022-09-10T23:00:00+00:00,25.7,2.42,4.7,,0.0,0.0,0.0,0,0,78,3,open_air,open_air,0,0,1,open-meteo-era5,ok
2022,2,2,401403871,2022-09-10,19:00,2022-09-10T23:00:00+00:00,Kentucky Wildcats,Florida Gators,Ben Hill Griffin Stadium,0,resolved_schedule_stadium,29.6499357,-82.3485788,America/New_York,USA,38.0220905,-84.5053408,America/New_York,591.5,0.0,0.0,0,1,29.6499357,-82.3485788,America/New_York,0.0,0.0,0.0,0,0,0,2022-09-10T23:00:00+00:00,25.1,0.95,3.1,,0.4,0.4,0.0,1,0,93,51,open_air,open_air,0,0,1,open-meteo-era5,ok
2022,2,2,401403872,2022-09-10,16:00,2022-09-10T20:00:00+00:00,Samford Bulldogs,Georgia Bulldogs,Sanford Stadium,0,resolved_schedule_stadium,33.9498197,-83.3733813,America/New_York,USA,,,,,,,,,33.9498197,-83.3733813,America/New_York,0.0,0.0,0.0,0,0,0,2022-09-10T20:00:00+00:00,22.9,2.3,4.5,,0.6,0.6,0.0,1,0,88,53,open_air,open_air,0,0,1,open-meteo-era5,ok
2022,2,2,401403873,2022-09-10,18:30,2022-09-10T23:30:00+00:00,Southern Jaguars,LSU Tigers,Tiger Stadium (LA),0,resolved_schedule_stadium,30.412035,-91.1838163,America/Chicago,USA,,,,,,,,,30.412035,-91.1838163,America/Chicago,0.0,0.0,0.0,0,0,0,2022-09-10T23:00:00+00:00,27.4,2.08,3.8,,3.0,3.0,0.0,1,0,78,63,open_air,open_air,0,0,1,open-meteo-era5,ok
2022,2,2,401403874,2022-09-10,18:00,2022-09-10T23:00:00+00:00,Central Arkansas Bears,Ole Miss Rebels,Vaught-Hemingway Stadium,0,resolved_schedule_stadium,34.3619837,-89.5342076,America/Chicago,USA,,,,,,,,,34.3619837,-89.5342076,America/Chicago,0.0,0.0,0.0,0,0,0,2022-09-10T23:00:00+00:00,26.3,1.99,3.4,,0.2,0.2,0.0,1,0,71,51,open_air,open_air,0,0,1,open-meteo-era5,ok
2022,2,2,401403875,2022-09-10,20:00,2022-09-11T03:00:00+00:00,Mississippi State Bulldogs,Arizona Wildcats,Arizona Stadium,0,resolved_schedule_stadium,32.2288054,-110.9488677,America/Phoenix,USA,33.4563403,-88.7933652,America/Chicago,1286.5,-2.0,2.0,1,0,32.2288054,-110.9488677,America/Phoenix,0.0,0.0,0.0,0,0,0,2022-09-11T03:00:00+00:00,30.1,3.4,5.7,,0.0,0.0,0.0,0,0,49,2,open_air,open_air,0,0,1,open-meteo-era5,ok
2022,2,2,401403876,2022-09-10,11:15,2022-09-10T16:15:00+00:00,Missouri Tigers,Kansas State Wildcats,Bill Snyder Family Stadium,0,resolved_schedule_stadium,39.2020096,-96.5938395,America/Chicago,USA,38.9358491,-92.3332009,America/Chicago,229.3,0.0,0.0,1,0,39.2020096,-96.5938395,America/Chicago,0.0,0.0,0.0,0,0,0,2022-09-10T16:00:00+00:00,16.9,4.96,11.3,,0.3,0.3,0.0,1,0,77,51,open_air,open_air,0,0,1,open-meteo-era5,ok
2022,2,2,401403877,2022-09-10,15:30,2022-09-10T19:30:00+00:00,Tennessee Volunteers,Pittsburgh Panthers,Acrisure Stadium,0,resolved_schedule_stadium,40.4467648,-80.0157603,America/New_York,USA,35.9550131,-83.9250128,America/New_York,375.9,0.0,0.0,0,1,40.4467648,-80.0157603,America/New_York,0.0,0.0,0.0,0,0,0,2022-09-10T19:00:00+00:00,25.8,2.01,5.5,,0.0,0.0,0.0,0,0,54,3,open_air,open_air,0,0,1,open-meteo-era5,ok
2022,2,2,401403878,2022-09-10,14:30,2022-09-10T19:30:00+00:00,App State Mountaineers,Texas A&M Aggies,Kyle Field,0,resolved_schedule_stadium,30.6098891,-96.3403828,America/Chicago,USA,36.2114267,-81.6854278,America/New_York,928.3,-1.0,1.0,1,0,30.6098891,-96.3403828,America/Chicago,0.0,0.0,0.0,0,0,0,2022-09-10T19:00:00+00:00,32.0,1.61,5.5,,0.0,0.0,0.0,0,0,41,1,open_air,open_air,0,0,1,open-meteo-era5,ok
2022,2,2,401403879,2022-09-10,11:00,2022-09-10T16:00:00+00:00,Wake Forest Demon Deacons,Vanderbilt Commodores,FirstBank Stadium,0,resolved_schedule_stadium,36.1440455,-86.8088942,America/Chicago,USA,36.1305507,-80.2545851,America/New_York,365.7,-1.0,1.0,1,0,36.1440455,-86.8088942,America/Chicago,0.0,0.0,0.0,0,0,0,2022-09-10T16:00:00+00:00,23.6,1.91,3.5,,0.3,0.3,0.0,1,0,84,51,open_air,open_air,0,0,1,open-meteo-era5,ok
2022,2,2,401403975,2022-09-10,18:30,2022-09-10T23:30:00+00:00,Arizona State Sun Devils,Oklahoma State Cowboys,Boone Pickens Stadium,0,resolved_schedule_stadium,36.125673,-97.066513,America/Chicago,USA,33.4264471,-111.9325005,America/Phoenix,863.1,2.0,2.0,0,1,36.125673,-97.066513,America/Chicago,0.0,0.0,0.0,0,0,0,2022-09-10T23:00:00+00:00,26.5,6.03,10.6,,0.0,0.0,0.0,0,0,53,2,open_air,open_air,0,0,1,open-meteo-era5,ok
2022,2,2,401403976,2022-09-10,13:00,2022-09-10T20:00:00+00:00,UNLV Rebels,California Golden Bears,California Memorial Stadium,0,resolved_schedule_stadium,37.8710434,-122.2507729,America/Los_Angeles,USA,36.0908,-115.1830,America/Los_Angeles,408.9,0.0,0.0,1,0,37.8710434,-122.2507729,America/Los_Angeles,0.0,0.0,0.0,0,0,0,2022-09-10T20:00:00+00:00,23.5,4.46,10.2,,0.0,0.0,0.0,0,0,53,3,open_air,open_air,0,0,1,open-meteo-era5,ok
2022,2,2,401403977,2022-09-10,13:30,2022-09-10T19:30:00+00:00,Colorado Buffaloes,Air Force Falcons,Falcon Stadium,0,resolved_schedule_stadium,38.9969701,-104.8436165,America/Denver,USA,40.0094746,-105.266905,America/Denver,73.5,0.0,0.0,0,1,38.9969701,-104.8436165,America/Denver,0.0,0.0,0.0,0,0,0,2022-09-10T19:00:00+00:00,9.7,2.5,6.3,,0.2,0.2,0.0,1,0,93,51,open_air,open_air,0,0,1,open-meteo-era5,ok
2022,2,2,401403978,2022-09-10,17:30,2022-09-11T00:30:00+00:00,Eastern Washington Eagles,Oregon Ducks,Autzen Stadium,0,resolved_schedule_stadium,44.0582712,-123.0684883,America/Los_Angeles,USA,,,,,,,,,44.0582712,-123.0684883,America/Los_Angeles,0.0,0.0,0.0,0,0,0,2022-09-11T00:00:00+00:00,32.9,2.69,6.6,,0.0,0.0,0.0,0,0,22,0,open_air,open_air,0,0,1,open-meteo-era5,ok
2022,2,2,401403979,2022-09-10,19:30,2022-09-11T02:30:00+00:00,Oregon State Beavers,Fresno State Bulldogs,Valley Children's Stadium,0,resolved_schedule_stadium,36.8143527,-119.7580092,America/Los_Angeles,USA,44.5594559,-123.2814341,America/Los_Angeles,565.9,0.0,0.0,0,1,36.8143527,-119.7580092,America/Los_Angeles,0.0,0.0,0.0,0,0,0,2022-09-11T02:00:00+00:00,35.7,4.2,6.9,,0.0,0.0,0.0,0,0,24,3,open_air,open_air,0,0,1,open-meteo-era5,ok
2022,2,2,401403980,2022-09-10,16:30,2022-09-10T23:30:00+00:00,USC Trojans,Stanford Cardinal,Stanford Stadium,0,resolved_schedule_stadium,37.4345556,-122.1611271,America/Los_Angeles,USA,34.014167,-118.287778,America/Los_Angeles,321.0,0.0,0.0,1,0,37.4345556,-122.1611271,America/Los_Angeles,0.0,0.0,0.0,0,0,0,2022-09-10T23:00:00+00:00,23.1,2.32,7.5,,0.0,0.0,0.0,0,0,66,3,open_air,open_air,0,0,1,open-meteo-era5,ok
2022,2,2,401403981,2022-09-10,14:00,2022-09-10T21:00:00+00:00,Alabama State Hornets,UCLA Bruins,Rose Bowl,0,resolved_schedule_stadium,34.1613284,-118.1676462,America/Los_Angeles,USA,,,,,,,,,34.1613284,-118.1676462,America/Los_Angeles,0.0,0.0,0.0,0,0,0,2022-09-10T21:00:00+00:00,28.5,0.54,3.9,,0.4,0.4,0.0,1,0,58,51,open_air,open_air,0,0,1,open-meteo-era5,ok
2022,2,2,401403982,2022-09-10,11:30,2022-09-10T17:30:00+00:00,Southern Utah Thunderbirds,Utah Utes,Rice-Eccles Stadium,0,resolved_schedule_stadium,40.7599724,-111.8488255,America/Denver,USA,,,,,,,,,40.7599724,-111.8488255,America/Denver,0.0,0.0,0.0,0,0,0,2022-09-10T17:00:00+00:00,22.9,0.51,4.7,,0.0,0.0,0.0,0,0,22,0,open_air,open_air,0,0,1,open-meteo-era5,ok
2022,2,2,401403983,2022-09-10,13:00,2022-09-10T20:00:00+00:00,Portland State Vikings,Washington Huskies,Husky Stadium,0,resolved_schedule_stadium,47.6503235,-122.3015746,America/Los_Angeles,USA,,,,,,,,,47.6503235,-122.3015746,America/Los_Angeles,0.0,0.0,0.0,0,0,0,2022-09-10T20:00:00+00:00,25.2,1.95,6.6,,0.0,0.0,0.0,0,0,38,0,open_air,open_air,0,0,1,open-meteo-era5,ok
2022,2,2,401403984,2022-09-10,14:30,2022-09-10T19:30:00+00:00,Washington State Cougars,Wisconsin Badgers,Camp Randall Stadium,0,resolved_schedule_stadium,43.06994,-89.4126943,America/Chicago,USA,46.731831,-117.1604991,America/Los_Angeles,1373.9,2.0,2.0,0,1,43.06994,-89.4126943,America/Chicago,0.0,0.0,0.0,0,0,0,2022-09-10T19:00:00+00:00,22.3,2.3,6.6,,0.1,0.1,0.0,1,0,73,51,open_air,open_air,0,0,1,open-meteo-era5,ok
2022,2,2,401404062,2022-09-10,20:15,2022-09-11T02:15:00+00:00,Baylor Bears,BYU Cougars,LaVell Edwards Stadium,0,resolved_schedule_stadium,40.2575347,-111.6545247,America/Denver,USA,31.5582015,-97.1156702,America/Chicago,1009.4,-1.0,1.0,1,0,40.2575347,-111.6545247,America/Denver,0.0,0.0,0.0,0,0,0,2022-09-11T02:00:00+00:00,26.6,1.17,4.1,,0.0,0.0,0.0,0,0,14,0,open_air,open_air,0,0,1,open-meteo-era5,ok
2022,2,2,401404063,2022-09-10,15:00,2022-09-10T20:00:00+00:00,Houston Cougars,Texas Tech Red Raiders,Jones AT&T Stadium,0,resolved_schedule_stadium,33.5910518,-101.8728824,America/Chicago,USA,29.7219885,-95.3491623,America/Chicago,467.5,0.0,0.0,1,0,33.5910518,-101.8728824,America/Chicago,0.0,0.0,0.0,0,0,0,2022-09-10T20:00:00+00:00,27.1,2.85,7.1,,0.0,0.0,0.0,0,0,50,2,open_air,open_air,0,0,1,open-meteo-era5,ok
2022,2,2,401404064,2022-09-10,15:00,2022-09-10T20:00:00+00:00,Iowa State Cyclones,Iowa Hawkeyes,Kinnick Stadium,0,resolved_schedule_stadium,41.6586045,-91.5510829,America/Chicago,USA,42.0139977,-93.6357716,America/Chicago,110.1,0.0,0.0,0,1,41.6586045,-91.5510829,America/Chicago,0.0,0.0,0.0,0,0,0,2022-09-10T20:00:00+00:00,22.3,3.77,8.0,,0.1,0.1,0.0,1,0,71,51,open_air,open_air,0,0,1,open-meteo-era5,ok
2022,2,2,401404065,2022-09-10,18:00,2022-09-10T22:00:00+00:00,Kansas Jayhawks,West Virginia Mountaineers,Milan Puskar Stadium,0,resolved_schedule_stadium,39.6502744,-79.9551873,America/New_York,USA,38.9629418,-95.2463686,America/Chicago,817.9,1.0,1.0,0,1,39.6502744,-79.9551873,America/New_York,0.0,0.0,0.0,0,0,0,2022-09-10T22:00:00+00:00,21.9,1.89,4.3,,0.0,0.0,0.0,0,0,73,3,open_air,open_air,0,0,1,open-meteo-era5,ok
2022,2,2,401404066,2022-09-10,18:00,2022-09-10T23:00:00+00:00,Kent State Golden Flashes,Oklahoma Sooners,"Memorial Stadium (Norman, OK)",0,ambiguous_schedule_stadium,,,America/Chicago,,41.1390935,-81.31346,America/New_York,,,,,,35.2058537,-97.4423145,America/Chicago,,,,,,,,,,,,,,,,,,,open_air,,,,,,venue_unresolved
2022,2,2,401404067,2022-09-10,19:00,2022-09-11T00:00:00+00:00,Tarleton Texans,TCU Horned Frogs,Amon G. Carter Stadium,0,resolved_schedule_stadium,32.7096604,-97.3680835,America/Chicago,USA,,,,,,,,,32.7096604,-97.3680835,America/Chicago,0.0,0.0,0.0,0,0,0,2022-09-11T00:00:00+00:00,30.6,2.58,4.3,,0.0,0.0,0.0,0,0,33,0,open_air,open_air,0,0,1,open-meteo-era5,ok
2022,2,2,401404125,2022-09-10,14:30,2022-09-10T18:30:00+00:00,Marshall Thundering Herd,Notre Dame Fighting Irish,Notre Dame Stadium,0,resolved_schedule_stadium,41.698378,-86.2339425,America/Indiana/Indianapolis,USA,38.4247042,-82.4214412,America/New_York,302.9,0.0,0.0,1,0,41.698378,-86.2339425,America/Indiana/Indianapolis,0.0,0.0,0.0,0,0,0,2022-09-10T18:00:00+00:00,30.1,2.93,8.5,,0.0,0.0,0.0,0,0,39,2,open_air,open_air,0,0,1,open-meteo-era5,ok
2022,2,2,401404148,2022-09-10,19:00,2022-09-10T23:00:00+00:00,Syracuse Orange,UConn Huskies,Pratt & Whitney Stadium,0,resolved_schedule_stadium,41.7595675,-72.6187728,America/New_York,USA,43.0362269,-76.1363161,America/New_York,200.0,0.0,0.0,0,1,41.7595675,-72.6187728,America/New_York,0.0,0.0,0.0,0,0,0,2022-09-10T23:00:00+00:00,24.4,2.14,3.4,,0.0,0.0,0.0,0,0,63,3,open_air,open_air,0,0,1,open-meteo-era5,ok
2022,2,2,401405070,2022-09-10,15:00,2022-09-10T20:00:00+00:00,Virginia Cavaliers,Illinois Fighting Illini,"Memorial Stadium (Champaign, IL)",0,ambiguous_schedule_stadium,,,America/Chicago,,38.0311801,-78.5137897,America/New_York,,,,,,40.0993268,-88.2359569,America/Chicago,,,,,,,,,,,,,,,,,,,open_air,,,,,,venue_unresolved
2022,2,2,401405071,2022-09-10,11:00,2022-09-10T16:00:00+00:00,Western Illinois Leathernecks,Minnesota Golden Gophers,Huntington Bank Stadium,0,resolved_schedule_stadium,44.976525,-93.2245462,America/Chicago,USA,,,,,,,,,44.976525,-93.2245462,America/Chicago,0.0,0.0,0.0,0,0,0,2022-09-10T16:00:00+00:00,18.0,1.87,7.1,,0.1,0.1,0.0,1,0,71,51,open_air,open_air,0,0,1,open-meteo-era5,ok
2022,2,2,401405072,2022-09-10,18:30,2022-09-10T23:30:00+00:00,Georgia Southern Eagles,Nebraska Cornhuskers,"Memorial Stadium (Lincoln, NE)",0,ambiguous_schedule_stadium,,,America/Chicago,,32.4122471,-81.7849296,America/New_York,,,,,,40.820682,-96.705594,America/Chicago,,,,,,,,,,,,,,,,,,,open_air,,,,,,venue_unresolved
2022,2,2,401405073,2022-09-10,11:00,2022-09-10T16:00:00+00:00,Duke Blue Devils,Northwestern Wildcats,Ryan Field,0,resolved_schedule_stadium,42.0653994,-87.6924751,America/Chicago,USA,35.9953688,-78.9417564,America/New_York,629.1,-1.0,1.0,1,0,42.0653994,-87.6924751,America/Chicago,0.0,0.0,0.0,0,0,0,2022-09-10T16:00:00+00:00,25.4,1.76,6.2,,0.0,0.0,0.0,0,0,57,2,open_air,open_air,0,0,1,open-meteo-era5,ok
2022,2,2,401405074,2022-09-10,16:00,2022-09-10T20:00:00+00:00,Indiana State Sycamores,Purdue Boilermakers,Ross-Ade Stadium,0,resolved_schedule_stadium,40.4352253,-86.9186843,America/Indiana/Indianapolis,USA,,,,,,,,,40.4352253,-86.9186843,America/Indiana/Indianapolis,0.0,0.0,0.0,0,0,0,2022-09-10T20:00:00+00:00,29.2,2.86,7.1,,0.0,0.0,0.0,0,0,45,2,open_air,open_air,0,0,1,open-meteo-era5,ok
2022,2,2,401405075,2022-09-10,20:40,2022-09-11T00:40:00+00:00,Idaho Vandals,Indiana Hoosiers,"Memorial Stadium (Bloomington, IN)",0,resolved_schedule_stadium_timezone,39.1808959,-86.5256217,America/Indiana/Indianapolis,USA,,,,,,,,,39.1808959,-86.5256217,America/Indiana/Indianapolis,0.0,0.0,0.0,0,0,0,2022-09-11T01:00:00+00:00,24.1,2.79,4.3,,0.0,0.0,0.0,0,0,76,2,open_air,open_air,0,0,1,open-meteo-era5,ok
2022,2,2,401405077,2022-09-10,20:00,2022-09-11T00:00:00+00:00,Hawai'i Rainbow Warriors,Michigan Wolverines,Michigan Stadium,0,resolved_schedule_stadium,42.2658365,-83.7486956,America/Detroit,USA,21.294294,-157.819338,Pacific/Honolulu,4443.5,6.0,6.0,0,1,42.2658365,-83.7486956,America/Detroit,0.0,0.0,0.0,0,0,0,2022-09-11T00:00:00+00:00,24.5,1.41,5.5,,0.0,0.0,0.0,0,0,64,3,open_air,open_air,0,0,1,open-meteo-era5,ok
2022,2,2,401405078,2022-09-10,16:00,2022-09-10T20:00:00+00:00,Akron Zips,Michigan State Spartans,Spartan Stadium,0,resolved_schedule_stadium,42.7281474,-84.4848526,America/Detroit,USA,41.0725534,-81.5083408,America/New_York,191.1,0.0,0.0,1,0,42.7281474,-84.4848526,America/Detroit,0.0,0.0,0.0,0,0,0,2022-09-10T20:00:00+00:00,28.3,3.8,8.3,,0.0,0.0,0.0,0,0,52,2,open_air,open_air,0,0,1,open-meteo-era5,ok
2022,2,2,401405079,2022-09-10,12:00,2022-09-10T16:00:00+00:00,Arkansas State Red Wolves,Ohio State Buckeyes,Ohio Stadium,0,resolved_schedule_stadium,40.0016447,-83.0197266,America/New_York,USA,35.8488977,-90.6677436,America/Chicago,505.7,1.0,1.0,0,1,40.0016447,-83.0197266,America/New_York,0.0,0.0,0.0,0,0,0,2022-09-10T16:00:00+00:00,23.4,3.89,9.0,,0.0,0.0,0.0,0,0,70,3,open_air,open_air,0,0,1,open-meteo-era5,ok
2022,2,2,401405080,2022-09-10,12:00,2022-09-10T16:00:00+00:00,Ohio Bobcats,Penn State Nittany Lions,Beaver Stadium,0,resolved_schedule_stadium,40.8121958,-77.8561023,America/New_York,USA,39.3212794,-82.1034315,America/New_York,247.0,0.0,0.0,0,1,40.8121958,-77.8561023,America/New_York,0.0,0.0,0.0,0,0,0,2022-09-10T16:00:00+00:00,22.7,2.36,6.8,,0.0,0.0,0.0,0,0,62,3,open_air,open_air,0,0,1,open-meteo-era5,ok
2022,2,2,401405081,2022-09-10,16:00,2022-09-10T20:00:00+00:00,Wagner Seahawks,Rutgers Scarlet Knights,SHI Stadium,0,resolved_schedule_stadium,40.5462553,-74.4660408,America/New_York,USA,,,,,,,,,40.5462553,-74.4660408,America/New_York,0.0,0.0,0.0,0,0,0,2022-09-10T20:00:00+00:00,29.5,2.31,6.1,,0.0,0.0,0.0,0,0,29,2,open_air,open_air,0,0,1,open-meteo-era5,ok
2022,2,2,401411102,2022-09-10,15:30,2022-09-10T19:30:00+00:00,Furman Paladins,Clemson Tigers,"Memorial Stadium (Clemson, SC)",0,resolved_schedule_stadium_timezone,34.6787737,-82.8432428,America/New_York,USA,,,,,,,,,34.6787737,-82.8432428,America/New_York,0.0,0.0,0.0,0,0,0,2022-09-10T19:00:00+00:00,20.4,3.19,7.0,,0.0,0.0,0.0,0,0,93,3,open_air,open_air,0,0,1,open-meteo-era5,ok
2022,2,2,401411103,2022-09-10,12:00,2022-09-10T16:00:00+00:00,North Carolina Tar Heels,Georgia State Panthers,Center Parc Stadium,0,resolved_schedule_stadium,33.735267,-84.389949,America/New_York,USA,35.9069294,-79.0478889,America/New_York,338.1,0.0,0.0,1,0,33.735267,-84.389949,America/New_York,0.0,0.0,0.0,0,0,0,2022-09-10T16:00:00+00:00,21.0,4.78,8.3,,0.0,0.0,0.0,0,0,88,3,open_air,open_air,0,0,1,open-meteo-era5,ok
2022,2,2,401411104,2022-09-10,19:00,2022-09-10T23:00:00+00:00,Western Carolina Catamounts,Georgia Tech Yellow Jackets,Bobby Dodd Stadium,0,resolved_schedule_stadium,33.7724449,-84.3928054,America/New_York,USA,,,,,,,,,33.7724449,-84.3928054,America/New_York,0.0,0.0,0.0,0,0,0,2022-09-10T23:00:00+00:00,23.3,2.39,4.0,,0.0,0.0,0.0,0,0,85,3,open_air,open_air,0,0,1,open-meteo-era5,ok
2022,2,2,401411105,2022-09-10,12:00,2022-09-10T16:00:00+00:00,Southern Miss Golden Eagles,Miami Hurricanes,Hard Rock Stadium,0,resolved_schedule_stadium,25.9579665,-80.2388604,America/New_York,USA,31.3289321,-89.3318118,America/Chicago,664.2,1.0,1.0,0,1,25.9579665,-80.2388604,America/New_York,0.0,0.0,0.0,0,0,0,2022-09-10T16:00:00+00:00,31.2,5.01,7.0,,0.0,0.0,0.0,0,0,68,3,open_air,open_air,0,0,1,open-meteo-era5,ok
2022,2,2,401411106,2022-09-10,12:30,2022-09-10T16:30:00+00:00,Charleston Southern Buccaneers,NC State Wolfpack,Carter-Finley Stadium,0,resolved_schedule_stadium,35.8008001,-78.7195655,America/New_York,USA,,,,,,,,,35.8008001,-78.7195655,America/New_York,0.0,0.0,0.0,0,0,0,2022-09-10T16:00:00+00:00,24.7,3.49,9.0,,0.8,0.8,0.0,1,0,82,53,open_air,open_air,0,0,1,open-meteo-era5,ok
2022,2,2,401411108,2022-09-10,20:00,2022-09-11T00:00:00+00:00,Boston College Eagles,Virginia Tech Hokies,Lane Stadium,0,resolved_schedule_stadium,37.2199873,-80.4180643,America/New_York,USA,42.335104,-71.1664413,America/New_York,604.6,0.0,0.0,1,0,37.2199873,-80.4180643,America/New_York,0.0,0.0,0.0,0,0,0,2022-09-11T00:00:00+00:00,18.4,3.0,9.0,,3.0,3.0,0.0,1,0,95,63,open_air,open_air,0,0,1,open-meteo-era5,ok
2022,2,2,401413257,2022-09-10,17:00,2022-09-11T00:00:00+00:00,Idaho State Bengals,San Diego State Aztecs,Snapdragon Stadium,0,resolved_schedule_stadium,32.784444,-117.122833,America/Los_Angeles,USA,,,,,,,,,32.784444,-117.122833,America/Los_Angeles,0.0,0.0,0.0,0,0,0,2022-09-11T00:00:00+00:00,26.1,2.41,6.0,,0.1,0.1,0.0,1,0,79,51,open_air,open_air,0,0,1,open-meteo-era5,ok
2022,2,2,401414779,2022-09-10,19:00,2022-09-10T23:00:00+00:00,Massachusetts Minutemen,Toledo Rockets,Glass Bowl,0,resolved_schedule_stadium,41.6574777,-83.6135652,America/New_York,USA,42.3773244,-72.5360595,America/New_York,570.4,0.0,0.0,1,0,41.6574777,-83.6135652,America/New_York,0.0,0.0,0.0,0,0,0,2022-09-10T23:00:00+00:00,26.1,3.65,6.9,,0.0,0.0,0.0,0,0,60,3,open_air,open_air,0,0,1,open-meteo-era5,ok
2022,2,2,401415024,2022-09-10,18:00,2022-09-10T22:00:00+00:00,Old Dominion Monarchs,East Carolina Pirates,Dowdy-Ficklen Stadium,0,resolved_schedule_stadium,35.5968486,-77.364564,America/New_York,USA,36.8889533,-76.3049175,America/New_York,107.0,0.0,0.0,1,0,35.5968486,-77.364564,America/New_York,0.0,0.0,0.0,0,0,0,2022-09-10T22:00:00+00:00,24.6,4.26,7.0,,1.1,1.1,0.0,1,0,93,55,open_air,open_air,0,0,1,open-meteo-era5,ok
2022,2,2,401415177,2022-09-10,14:00,2022-09-10T20:00:00+00:00,Northern Colorado Bears,Wyoming Cowboys,War Memorial Stadium,0,resolved_schedule_stadium,41.31161,-105.5681384,America/Denver,USA,,,,,,,,,41.31161,-105.5681384,America/Denver,0.0,0.0,0.0,0,0,0,2022-09-10T20:00:00+00:00,8.2,4.88,11.0,,0.0,0.0,0.0,0,0,83,3,open_air,open_air,0,0,1,open-meteo-era5,ok
2022,2,2,401415215,2022-09-10,17:00,2022-09-10T23:00:00+00:00,Weber State Wildcats,Utah State Aggies,Maverik Stadium,0,resolved_schedule_stadium,41.7517394,-111.8116007,America/Denver,USA,,,,,,,,,41.7517394,-111.8116007,America/Denver,0.0,0.0,0.0,0,0,0,2022-09-10T23:00:00+00:00,27.1,0.36,4.1,,0.0,0.0,0.0,0,0,18,0,open_air,open_air,0,0,1,open-meteo-era5,ok
2022,2,2,401415216,2022-09-10,14:30,2022-09-10T21:30:00+00:00,Incarnate Word Cardinals,Nevada Wolf Pack,Mackay Stadium,0,resolved_schedule_stadium,39.5469459,-119.8175435,America/Los_Angeles,USA,,,,,,,,,39.5469459,-119.8175435,America/Los_Angeles,0.0,0.0,0.0,0,0,0,2022-09-10T21:00:00+00:00,30.4,1.99,6.8,,0.0,0.0,0.0,0,0,15,3,open_air,open_air,0,0,1,open-meteo-era5,ok
2022,2,2,401415614,2022-09-10,14:00,2022-09-10T18:00:00+00:00,Lafayette Leopards,Temple Owls,Lincoln Financial Field,0,resolved_schedule_stadium,39.9007995,-75.1675414,America/New_York,USA,,,,,,,,,39.9007995,-75.1675414,America/New_York,0.0,0.0,0.0,0,0,0,2022-09-10T18:00:00+00:00,27.8,1.9,6.4,,0.0,0.0,0.0,0,0,44,1,open_air,open_air,0,0,1,open-meteo-era5,ok
2022,2,2,401415615,2022-09-10,18:00,2022-09-10T23:00:00+00:00,Alcorn State Braves,Tulane Green Wave,Yulman Stadium,0,resolved_schedule_stadium,29.944616,-90.116692,America/Chicago,USA,,,,,,,,,29.944616,-90.116692,America/Chicago,0.0,0.0,0.0,0,0,0,2022-09-10T23:00:00+00:00,29.7,2.42,4.5,,0.0,0.0,0.0,0,0,63,1,open_air,open_air,0,0,1,open-meteo-era5,ok
2022,2,2,401415616,2022-09-10,18:00,2022-09-10T23:00:00+00:00,Lamar Cardinals,SMU Mustangs,Gerald J. Ford Stadium,0,resolved_schedule_stadium,32.8377223,-96.7827859,America/Chicago,USA,,,,,,,,,32.8377223,-96.7827859,America/Chicago,0.0,0.0,0.0,0,0,0,2022-09-10T23:00:00+00:00,31.4,2.38,5.2,,0.0,0.0,0.0,0,0,36,0,open_air,open_air,0,0,1,open-meteo-era5,ok
2022,2,2,401415617,2022-09-10,15:30,2022-09-10T19:30:00+00:00,Memphis Tigers,Navy Midshipmen,Navy-Marine Corps Memorial Stadium,0,resolved_schedule_stadium,38.9846985,-76.5076335,America/New_York,USA,35.1209429,-89.977147,America/Chicago,788.3,1.0,1.0,0,1,38.9846985,-76.5076335,America/New_York,0.0,0.0,0.0,0,0,0,2022-09-10T19:00:00+00:00,25.4,1.54,3.9,,0.0,0.0,0.0,0,0,61,2,open_air,open_air,0,0,1,open-meteo-era5,ok
2022,2,2,401415618,2022-09-10,19:00,2022-09-10T23:00:00+00:00,Howard Bison,South Florida Bulls,Raymond James Stadium,0,resolved_schedule_stadium,27.9758691,-82.5033344,America/New_York,USA,,,,,,,,,27.9758691,-82.5033344,America/New_York,0.0,0.0,0.0,0,0,0,2022-09-10T23:00:00+00:00,26.6,1.07,3.9,,0.1,0.1,0.0,1,0,85,51,open_air,open_air,0,0,1,open-meteo-era5,ok
2022,2,2,401415619,2022-09-10,15:30,2022-09-10T19:30:00+00:00,Kennesaw State Owls,Cincinnati Bearcats,Nippert Stadium,0,resolved_schedule_stadium,39.1312495,-84.5161913,America/New_York,USA,34.0289318,-84.5676234,America/New_York,352.6,0.0,0.0,0,1,39.1312495,-84.5161913,America/New_York,0.0,0.0,0.0,0,0,0,2022-09-10T19:00:00+00:00,27.1,3.11,7.3,,0.0,0.0,0.0,0,0,57,3,open_air,open_air,0,0,1,open-meteo-era5,ok
2022,2,2,401415620,2022-09-10,18:00,2022-09-10T23:00:00+00:00,Northern Illinois Huskies,Tulsa Golden Hurricane,Chapman Stadium,0,resolved_schedule_stadium,36.1489175,-95.9437853,America/Chicago,USA,41.9339586,-88.7778357,America/Chicago,554.3,0.0,0.0,1,0,36.1489175,-95.9437853,America/Chicago,0.0,0.0,0.0,0,0,0,2022-09-10T23:00:00+00:00,29.6,3.0,5.3,,0.0,0.0,0.0,0,0,41,1,open_air,open_air,0,0,1,open-meteo-era5,ok
2022,2,2,401416594,2022-09-10,14:00,2022-09-10T18:00:00+00:00,Western Michigan Broncos,Ball State Cardinals,Scheumann Stadium,0,resolved_schedule_stadium,40.2159422,-85.4161148,America/Indiana/Indianapolis,USA,42.2860064,-85.6007573,America/Detroit,143.4,0.0,0.0,0,1,40.2159422,-85.4161148,America/Indiana/Indianapolis,0.0,0.0,0.0,0,0,0,2022-09-10T18:00:00+00:00,29.0,1.61,7.3,,0.1,0.1,0.0,1,0,52,51,open_air,open_air,0,0,1,open-meteo-era5,ok
2022,2,2,401416595,2022-09-10,16:00,2022-09-10T20:00:00+00:00,Eastern Kentucky Colonels,Bowling Green Falcons,Doyt L. Perry Stadium,0,resolved_schedule_stadium,41.3780114,-83.6225,America/New_York,USA,,,,,,,,,41.3780114,-83.6225,America/New_York,0.0,0.0,0.0,0,0,0,2022-09-10T20:00:00+00:00,29.4,4.91,9.3,,0.0,0.0,0.0,0,0,44,3,open_air,open_air,0,0,1,open-meteo-era5,ok
2022,2,2,401416596,2022-09-10,18:00,2022-09-10T22:00:00+00:00,Holy Cross Crusaders,Buffalo Bulls,UB Stadium,0,resolved_schedule_stadium,42.9991334,-78.7775113,America/New_York,USA,,,,,,,,,42.9991334,-78.7775113,America/New_York,0.0,0.0,0.0,0,0,0,2022-09-10T22:00:00+00:00,26.2,0.81,2.8,,0.0,0.0,0.0,0,0,54,3,open_air,open_air,0,0,1,open-meteo-era5,ok
2022,2,2,401416597,2022-09-10,13:00,2022-09-10T17:00:00+00:00,South Alabama Jaguars,Central Michigan Chippewas,Kelly/Shorts Stadium,0,resolved_schedule_stadium,43.5777313,-84.7709904,America/Detroit,USA,30.6943566,-88.0430541,America/Chicago,908.0,1.0,1.0,0,1,43.5777313,-84.7709904,America/Detroit,0.0,0.0,0.0,0,0,0,2022-09-10T17:00:00+00:00,28.3,2.74,8.1,,0.0,0.0,0.0,0,0,48,0,open_air,open_air,0,0,1,open-meteo-era5,ok
2022,2,2,401416598,2022-09-10,18:00,2022-09-10T23:00:00+00:00,Eastern Michigan Eagles,Louisiana Ragin' Cajuns,Cajun Field,0,resolved_schedule_stadium,30.2158434,-92.0417371,America/Chicago,USA,42.256126,-83.647285,America/Detroit,953.3,-1.0,1.0,1,0,30.2158434,-92.0417371,America/Chicago,0.0,0.0,0.0,0,0,0,2022-09-10T23:00:00+00:00,29.8,0.6,3.5,,0.1,0.1,0.0,1,0,59,51,open_air,open_air,0,0,1,open-meteo-era5,ok
2022,2,2,401416599,2022-09-10,18:00,2022-09-10T22:00:00+00:00,Robert Morris Colonials,Miami (OH) RedHawks,Yager Stadium,0,resolved_schedule_stadium,39.5197009,-84.7330255,America/New_York,USA,,,,,,,,,39.5197009,-84.7330255,America/New_York,0.0,0.0,0.0,0,0,0,2022-09-10T22:00:00+00:00,26.0,3.36,7.3,,0.0,0.0,0.0,0,0,63,3,open_air,open_air,0,0,1,open-meteo-era5,ok
2022,2,2,401420788,2022-09-10,16:00,2022-09-10T20:00:00+00:00,Norfolk State Spartans,James Madison Dukes,Bridgeforth Stadium,0,resolved_schedule_stadium,38.4352919,-78.8729349,America/New_York,USA,,,,,,,,,38.4352919,-78.8729349,America/New_York,0.0,0.0,0.0,0,0,0,2022-09-10T20:00:00+00:00,21.4,1.03,3.5,,0.0,0.0,0.0,0,0,75,3,open_air,open_air,0,0,1,open-meteo-era5,ok
2022,2,2,401421117,2022-09-10,19:00,2022-09-11T00:00:00+00:00,Nicholls Colonels,UL Monroe Warhawks,Malone Stadium,0,resolved_schedule_stadium,32.5308089,-92.0660602,America/Chicago,USA,,,,,,,,,32.5308089,-92.0660602,America/Chicago,0.0,0.0,0.0,0,0,0,2022-09-11T00:00:00+00:00,27.1,0.76,1.1,,0.0,0.0,0.0,0,0,70,2,open_air,open_air,0,0,1,open-meteo-era5,ok
2022,2,2,401423439,2022-09-10,18:00,2022-09-10T23:00:00+00:00,Alabama A&M Bulldogs,Troy Trojans,Veterans Memorial Stadium (AL),0,resolved_schedule_stadium,31.7995565,-85.9518328,America/Chicago,USA,,,,,,,,,31.7995565,-85.9518328,America/Chicago,0.0,0.0,0.0,0,0,0,2022-09-10T23:00:00+00:00,26.1,2.18,5.2,,0.1,0.1,0.0,1,0,80,51,open_air,open_air,0,0,1,open-meteo-era5,ok
2022,2,2,401426332,2022-09-10,18:00,2022-09-10T22:00:00+00:00,Gardner-Webb Runnin' Bulldogs,Coastal Carolina Chanticleers,Brooks Stadium (SC),0,resolved_schedule_stadium,33.7928506,-79.0166946,America/New_York,USA,,,,,,,,,33.7928506,-79.0166946,America/New_York,0.0,0.0,0.0,0,0,0,2022-09-10T22:00:00+00:00,27.2,2.44,6.1,,1.0,1.0,0.0,1,0,87,55,open_air,open_air,0,0,1,open-meteo-era5,ok
2022,2,2,401426544,2022-09-10,18:00,2022-09-10T23:00:00+00:00,Florida International Panthers,Texas State Bobcats,Bobcat Stadium (TX),0,resolved_schedule_stadium,29.8910008,-97.9255735,America/Chicago,USA,25.7525014,-80.3778912,America/New_York,1108.5,-1.0,1.0,1,0,29.8910008,-97.9255735,America/Chicago,0.0,0.0,0.0,0,0,0,2022-09-10T23:00:00+00:00,34.0,2.46,5.3,,0.0,0.0,0.0,0,0,36,1,open_air,open_air,0,0,1,open-meteo-era5,ok
2022,2,2,401426545,2022-09-10,15:30,2022-09-10T19:30:00+00:00,Maryland Terrapins,Charlotte 49ers,Jerry Richardson Stadium,0,resolved_schedule_stadium,35.3105033,-80.7401194,America/New_York,USA,38.9903332,-76.9473792,America/New_York,329.0,0.0,0.0,1,0,35.3105033,-80.7401194,America/New_York,0.0,0.0,0.0,0,0,0,2022-09-10T19:00:00+00:00,22.0,1.25,5.8,,0.6,0.6,0.0,1,0,95,53,open_air,open_air,0,0,1,open-meteo-era5,ok
2022,2,2,401426546,2022-09-10,18:00,2022-09-10T22:00:00+00:00,SE Louisiana Lions,Florida Atlantic Owls,FAU Stadium,0,resolved_schedule_stadium,26.3763763,-80.1015759,America/New_York,USA,,,,,,,,,26.3763763,-80.1015759,America/New_York,0.0,0.0,0.0,0,0,0,2022-09-10T22:00:00+00:00,29.3,1.0,4.4,,0.4,0.4,0.0,1,0,75,51,open_air,open_air,0,0,1,open-meteo-era5,ok
2022,2,2,401426547,2022-09-10,18:00,2022-09-10T23:00:00+00:00,Stephen F. Austin Lumberjacks,Louisiana Tech Bulldogs,Joe Aillet Stadium,0,resolved_schedule_stadium,32.5321487,-92.6560019,America/Chicago,USA,,,,,,,,,32.5321487,-92.6560019,America/Chicago,0.0,0.0,0.0,0,0,0,2022-09-10T23:00:00+00:00,26.7,1.12,2.8,,0.4,0.4,0.0,1,0,78,51,open_air,open_air,0,0,1,open-meteo-era5,ok
2022,2,2,401426548,2022-09-10,14:00,2022-09-10T20:00:00+00:00,Middle Tennessee Blue Raiders,Colorado State Rams,Canvas Stadium,0,resolved_schedule_stadium,40.570015,-105.088435,America/Denver,USA,35.8511463,-86.3681649,America/Chicago,1064.9,-1.0,1.0,1,0,40.570015,-105.088435,America/Denver,0.0,0.0,0.0,0,0,0,2022-09-10T20:00:00+00:00,10.6,3.6,7.0,,0.3,0.3,0.0,1,0,86,51,open_air,open_air,0,0,1,open-meteo-era5,ok
2022,2,2,401426549,2022-09-10,18:30,2022-09-10T23:30:00+00:00,Texas Southern Tigers,North Texas Mean Green,DATCU Stadium,0,resolved_schedule_stadium,33.203899,-97.159245,America/Chicago,USA,,,,,,,,,33.203899,-97.159245,America/Chicago,0.0,0.0,0.0,0,0,0,2022-09-10T23:00:00+00:00,30.6,2.41,4.3,,0.0,0.0,0.0,0,0,40,1,open_air,open_air,0,0,1,open-meteo-era5,ok
2022,2,2,401426550,2022-09-10,18:30,2022-09-10T23:30:00+00:00,McNeese Cowboys,Rice Owls,Rice Stadium,0,resolved_schedule_stadium,29.7163297,-95.4093261,America/Chicago,USA,,,,,,,,,29.7163297,-95.4093261,America/Chicago,0.0,0.0,0.0,0,0,0,2022-09-10T23:00:00+00:00,31.0,1.47,3.5,,0.0,0.0,0.0,0,0,50,2,open_air,open_air,0,0,1,open-meteo-era5,ok
2022,2,2,401426551,2022-09-10,18:00,2022-09-10T22:00:00+00:00,UAB Blazers,Liberty Flames,Williams Stadium (VA),0,resolved_schedule_stadium,37.3544305,-79.1750239,America/New_York,USA,33.5206824,-86.8024326,America/Chicago,504.2,1.0,1.0,0,1,37.3544305,-79.1750239,America/New_York,0.0,0.0,0.0,0,0,0,2022-09-10T22:00:00+00:00,21.3,2.34,7.1,,2.1,2.1,0.0,1,0,89,61,open_air,open_air,0,0,1,open-meteo-era5,ok
2022,2,2,401426552,2022-09-10,19:00,2022-09-11T01:00:00+00:00,New Mexico State Aggies,UTEP Miners,Sun Bowl,0,resolved_schedule_stadium,31.7733353,-106.507957,America/Denver,USA,32.2796202,-106.7411148,America/Denver,37.6,0.0,0.0,0,1,31.7733353,-106.507957,America/Denver,0.0,0.0,0.0,0,0,0,2022-09-11T01:00:00+00:00,31.5,3.76,4.3,,0.0,0.0,0.0,0,0,27,1,open_air,open_air,0,0,1,open-meteo-era5,ok
2022,2,2,401426553,2022-09-10,12:00,2022-09-10T16:00:00+00:00,UTSA Roadrunners,Army Black Knights,Michie Stadium,0,resolved_schedule_stadium,41.3874924,-73.9640891,America/New_York,USA,29.4169834,-98.4788143,America/Chicago,1600.9,1.0,1.0,0,1,41.3874924,-73.9640891,America/New_York,0.0,0.0,0.0,0,0,0,2022-09-10T16:00:00+00:00,26.2,0.69,4.2,,0.0,0.0,0.0,0,0,50,2,open_air,open_air,0,0,1,open-meteo-era5,ok
2022,2,3,401411109,2022-09-16,19:30,2022-09-16T23:30:00+00:00,Florida State Seminoles,Louisville Cardinals,L&N Federal Credit Union Stadium,0,resolved_schedule_stadium,38.2057621,-85.7588141,America/Kentucky/Louisville,USA,30.4381692,-84.3044032,America/New_York,543.1,0.0,0.0,1,0,38.2057621,-85.7588141,America/Kentucky/Louisville,0.0,0.0,0.0,0,0,0,2022-09-16T23:00:00+00:00,26.7,1.38,2.8,,0.0,0.0,0.0,0,0,54,0,open_air,open_air,0,0,1,open-meteo-era5,ok
2022,2,3,401415217,2022-09-16,18:00,2022-09-17T00:00:00+00:00,Air Force Falcons,Wyoming Cowboys,War Memorial Stadium,0,resolved_schedule_stadium,41.31161,-105.5681384,America/Denver,USA,38.9969701,-104.8436165,America/Denver,164.4,0.0,0.0,1,0,41.31161,-105.5681384,America/Denver,0.0,0.0,0.0,0,0,0,2022-09-17T00:00:00+00:00,15.4,4.65,8.6,,0.0,0.0,0.0,0,0,45,3,open_air,open_air,0,0,1,open-meteo-era5,ok
2022,2,3,401403880,2022-09-17,15:00,2022-09-17T20:00:00+00:00,UL Monroe Warhawks,Alabama Crimson Tide,Bryant-Denny Stadium,0,resolved_schedule_stadium,33.2082752,-87.5503836,America/Chicago,USA,32.5308089,-92.0660602,America/Chicago,266.2,0.0,0.0,0,1,33.2082752,-87.5503836,America/Chicago,0.0,0.0,0.0,0,0,0,2022-09-17T20:00:00+00:00,30.7,0.52,2.7,,0.0,0.0,0.0,0,0,40,2,open_air,open_air,0,0,1,open-meteo-era5,ok
2022,2,3,401403881,2022-09-17,18:00,2022-09-17T23:00:00+00:00,Missouri State Bears,Arkansas Razorbacks,Razorback Stadium,0,resolved_schedule_stadium,36.0680662,-94.1789534,America/Chicago,USA,37.1976229,-93.2798119,America/Chicago,92.6,0.0,0.0,1,0,36.0680662,-94.1789534,America/Chicago,0.0,0.0,0.0,0,0,0,2022-09-17T23:00:00+00:00,31.3,2.69,6.3,,0.0,0.0,0.0,0,0,39,2,open_air,open_air,0,0,1,open-meteo-era5,ok
2022,2,3,401403882,2022-09-17,14:30,2022-09-17T19:30:00+00:00,Penn State Nittany Lions,Auburn Tigers,Jordan-Hare Stadium,0,resolved_schedule_stadium,32.6025532,-85.4897479,America/Chicago,USA,40.8121958,-77.8561023,America/New_York,706.9,-1.0,1.0,1,0,32.6025532,-85.4897479,America/Chicago,0.0,0.0,0.0,0,0,0,2022-09-17T19:00:00+00:00,31.0,2.32,6.9,,0.0,0.0,0.0,0,0,39,1,open_air,open_air,0,0,1,open-meteo-era5,ok
2022,2,3,401403883,2022-09-17,19:30,2022-09-17T23:30:00+00:00,South Florida Bulls,Florida Gators,Ben Hill Griffin Stadium,0,resolved_schedule_stadium,29.6499357,-82.3485788,America/New_York,USA,27.9758691,-82.5033344,America/New_York,116.0,0.0,0.0,0,1,29.6499357,-82.3485788,America/New_York,0.0,0.0,0.0,0,0,0,2022-09-17T23:00:00+00:00,26.5,2.09,6.4,,0.1,0.1,0.0,1,0,74,51,open_air,open_air,0,0,1,open-meteo-era5,ok
2022,2,3,401403884,2022-09-17,12:00,2022-09-17T16:00:00+00:00,Youngstown State Penguins,Kentucky Wildcats,Kroger Field,0,resolved_schedule_stadium,38.0220905,-84.5053408,America/New_York,USA,,,,,,,,,38.0220905,-84.5053408,America/New_York,0.0,0.0,0.0,0,0,0,2022-09-17T16:00:00+00:00,25.7,1.68,5.4,,0.0,0.0,0.0,0,0,57,2,open_air,open_air,0,0,1,open-meteo-era5,ok
2022,2,3,401403885,2022-09-17,17:00,2022-09-17T22:00:00+00:00,Mississippi State Bulldogs,LSU Tigers,Tiger Stadium (LA),0,resolved_schedule_stadium,30.412035,-91.1838163,America/Chicago,USA,33.4563403,-88.7933652,America/Chicago,252.7,0.0,0.0,1,0,30.412035,-91.1838163,America/Chicago,0.0,0.0,0.0,0,0,0,2022-09-17T22:00:00+00:00,31.8,2.5,6.5,,0.0,0.0,0.0,0,0,50,0,open_air,open_air,0,0,1,open-meteo-era5,ok
2022,2,3,401403886,2022-09-17,15:30,2022-09-17T19:30:00+00:00,Ole Miss Rebels,Georgia Tech Yellow Jackets,Bobby Dodd Stadium,0,resolved_schedule_stadium,33.7724449,-84.3928054,America/New_York,USA,34.3619837,-89.5342076,America/Chicago,297.0,1.0,1.0,0,1,33.7724449,-84.3928054,America/New_York,0.0,0.0,0.0,0,0,0,2022-09-17T19:00:00+00:00,27.1,2.2,6.2,,0.0,0.0,0.0,0,0,52,1,open_air,open_air,0,0,1,open-meteo-era5,ok
2022,2,3,401403887,2022-09-17,11:00,2022-09-17T16:00:00+00:00,Abilene Christian Wildcats,Missouri Tigers,Memorial Stadium,0,ambiguous_schedule_stadium,,,America/Chicago,,,,,,,,,,38.9358491,-92.3332009,America/Chicago,,,,,,,,,,,,,,,,,,,open_air,,,,,,venue_unresolved
2022,2,3,401403888,2022-09-17,12:00,2022-09-17T16:00:00+00:00,Georgia Bulldogs,South Carolina Gamecocks,Williams-Brice Stadium,0,resolved_schedule_stadium,33.9730239,-81.0191726,America/New_York,USA,33.9498197,-83.3733813,America/New_York,134.9,0.0,0.0,0,1,33.9730239,-81.0191726,America/New_York,0.0,0.0,0.0,0,0,0,2022-09-17T16:00:00+00:00,27.0,3.5,8.2,,0.0,0.0,0.0,0,0,53,1,open_air,open_air,0,0,1,open-meteo-era5,ok
2022,2,3,401403889,2022-09-17,19:00,2022-09-17T23:00:00+00:00,Akron Zips,Tennessee Volunteers,Neyland Stadium,0,resolved_schedule_stadium,35.9550131,-83.9250128,America/New_York,USA,41.0725534,-81.5083408,America/New_York,376.9,0.0,0.0,1,0,35.9550131,-83.9250128,America/New_York,0.0,0.0,0.0,0,0,0,2022-09-17T23:00:00+00:00,25.5,0.54,2.0,,0.0,0.0,0.0,0,0,60,0,open_air,open_air,0,0,1,open-meteo-era5,ok
2022,2,3,401403890,2022-09-17,20:00,2022-09-18T01:00:00+00:00,Miami Hurricanes,Texas A&M Aggies,Kyle Field,0,resolved_schedule_stadium,30.6098891,-96.3403828,America/Chicago,USA,25.9579665,-80.2388604,America/New_York,1029.9,-1.0,1.0,1,0,30.6098891,-96.3403828,America/Chicago,0.0,0.0,0.0,0,0,0,2022-09-18T01:00:00+00:00,30.5,3.94,8.2,,0.0,0.0,0.0,0,0,54,1,open_air,open_air,0,0,1,open-meteo-era5,ok
2022,2,3,401403891,2022-09-17,14:30,2022-09-17T19:30:00+00:00,Vanderbilt Commodores,Northern Illinois Huskies,Huskie Stadium,0,resolved_schedule_stadium,41.9339586,-88.7778357,America/Chicago,USA,36.1440455,-86.8088942,America/Chicago,413.7,0.0,0.0,1,0,41.9339586,-88.7778357,America/Chicago,0.0,0.0,0.0,0,0,0,2022-09-17T19:00:00+00:00,27.6,6.26,11.4,,0.0,0.0,0.0,0,0,53,1,open_air,open_air,0,0,1,open-meteo-era5,ok
2022,2,3,401403985,2022-09-17,20:00,2022-09-18T03:00:00+00:00,North Dakota State Bison,Arizona Wildcats,Arizona Stadium,0,resolved_schedule_stadium,32.2288054,-110.9488677,America/Phoenix,USA,46.9029938,-96.8003251,America/Chicago,1259.1,-2.0,2.0,1,0,32.2288054,-110.9488677,America/Phoenix,0.0,0.0,0.0,0,0,0,2022-09-18T03:00:00+00:00,29.6,2.23,3.9,,0.0,0.0,0.0,0,0,25,0,open_air,open_air,0,0,1,open-meteo-era5,ok
2022,2,3,401403986,2022-09-17,20:00,2022-09-18T03:00:00+00:00,Eastern Michigan Eagles,Arizona State Sun Devils,Mountain America Stadium,0,resolved_schedule_stadium,33.4264471,-111.9325005,America/Phoenix,USA,42.256126,-83.647285,America/Detroit,1650.0,-3.0,3.0,1,0,33.4264471,-111.9325005,America/Phoenix,0.0,0.0,0.0,0,0,0,2022-09-18T03:00:00+00:00,33.0,1.77,3.7,,0.0,0.0,0.0,0,0,20,0,open_air,open_air,0,0,1,open-meteo-era5,ok
2022,2,3,401403987,2022-09-17,14:30,2022-09-17T18:30:00+00:00,California Golden Bears,Notre Dame Fighting Irish,Notre Dame Stadium,0,resolved_schedule_stadium,41.698378,-86.2339425,America/Indiana/Indianapolis,USA,37.8710434,-122.2507729,America/Los_Angeles,1916.4,3.0,3.0,0,1,41.698378,-86.2339425,America/Indiana/Indianapolis,0.0,0.0,0.0,0,0,0,2022-09-17T18:00:00+00:00,28.6,4.55,10.3,,0.0,0.0,0.0,0,0,45,1,open_air,open_air,0,0,1,open-meteo-era5,ok
2022,2,3,401403988,2022-09-17,14:30,2022-09-17T19:30:00+00:00,Colorado Buffaloes,Minnesota Golden Gophers,Huntington Bank Stadium,0,resolved_schedule_stadium,44.976525,-93.2245462,America/Chicago,USA,40.0094746,-105.266905,America/Denver,701.9,1.0,1.0,0,1,44.976525,-93.2245462,America/Chicago,0.0,0.0,0.0,0,0,0,2022-09-17T19:00:00+00:00,24.9,4.58,9.7,,0.0,0.0,0.0,0,0,65,3,open_air,open_air,0,0,1,open-meteo-era5,ok
2022,2,3,401403989,2022-09-17,12:30,2022-09-17T19:30:00+00:00,BYU Cougars,Oregon Ducks,Autzen Stadium,0,resolved_schedule_stadium,44.0582712,-123.0684883,America/Los_Angeles,USA,40.2575347,-111.6545247,America/Denver,640.2,-1.0,1.0,1,0,44.0582712,-123.0684883,America/Los_Angeles,0.0,0.0,0.0,0,0,0,2022-09-17T19:00:00+00:00,17.4,1.53,5.5,,0.0,0.0,0.0,0,0,64,3,open_air,open_air,0,0,1,open-meteo-era5,ok
2022,2,3,401403991,2022-09-17,11:00,2022-09-17T18:00:00+00:00,South Alabama Jaguars,UCLA Bruins,Rose Bowl,0,resolved_schedule_stadium,34.1613284,-118.1676462,America/Los_Angeles,USA,30.6943566,-88.0430541,America/Chicago,1766.7,-2.0,2.0,1,0,34.1613284,-118.1676462,America/Los_Angeles,0.0,0.0,0.0,0,0,0,2022-09-17T18:00:00+00:00,23.3,2.31,7.6,,0.0,0.0,0.0,0,0,63,2,open_air,open_air,0,0,1,open-meteo-era5,ok
2022,2,3,401403992,2022-09-17,19:30,2022-09-18T02:30:00+00:00,Fresno State Bulldogs,USC Trojans,Los Angeles Memorial Coliseum,0,resolved_schedule_stadium,34.014167,-118.287778,America/Los_Angeles,USA,36.8143527,-119.7580092,America/Los_Angeles,210.4,0.0,0.0,0,1,34.014167,-118.287778,America/Los_Angeles,0.0,0.0,0.0,0,0,0,2022-09-18T02:00:00+00:00,23.3,2.93,5.9,,0.0,0.0,0.0,0,0,63,0,open_air,open_air,0,0,1,open-meteo-era5,ok
2022,2,3,401403993,2022-09-17,20:15,2022-09-18T02:15:00+00:00,San Diego State Aztecs,Utah Utes,Rice-Eccles Stadium,0,resolved_schedule_stadium,40.7599724,-111.8488255,America/Denver,USA,32.784444,-117.122833,America/Los_Angeles,623.3,1.0,1.0,0,1,40.7599724,-111.8488255,America/Denver,0.0,0.0,0.0,0,0,0,2022-09-18T02:00:00+00:00,19.7,1.3,5.7,,0.1,0.1,0.0,1,0,61,51,open_air,open_air,0,0,1,open-meteo-era5,ok
2022,2,3,401403994,2022-09-17,16:30,2022-09-17T23:30:00+00:00,Michigan State Spartans,Washington Huskies,Husky Stadium,0,resolved_schedule_stadium,47.6503235,-122.3015746,America/Los_Angeles,USA,42.7281474,-84.4848526,America/Detroit,1853.5,-3.0,3.0,1,0,47.6503235,-122.3015746,America/Los_Angeles,0.0,0.0,0.0,0,0,0,2022-09-17T23:00:00+00:00,16.9,5.03,10.1,,0.0,0.0,0.0,0,0,63,3,open_air,open_air,0,0,1,open-meteo-era5,ok
2022,2,3,401403995,2022-09-17,14:00,2022-09-17T21:00:00+00:00,Colorado State Rams,Washington State Cougars,Gesa Field,0,resolved_schedule_stadium,46.731831,-117.1604991,America/Los_Angeles,USA,40.570015,-105.088435,America/Denver,737.3,-1.0,1.0,1,0,46.731831,-117.1604991,America/Los_Angeles,0.0,0.0,0.0,0,0,0,2022-09-17T21:00:00+00:00,21.3,1.31,4.9,,0.0,0.0,0.0,0,0,32,3,open_air,open_air,0,0,1,open-meteo-era5,ok
2022,2,3,401404068,2022-09-17,15:00,2022-09-17T20:00:00+00:00,Kansas Jayhawks,Houston Cougars,TDECU Stadium,0,resolved_schedule_stadium,29.7219885,-95.3491623,America/Chicago,USA,38.9629418,-95.2463686,America/Chicago,638.5,0.0,0.0,1,0,29.7219885,-95.3491623,America/Chicago,0.0,0.0,0.0,0,0,0,2022-09-17T20:00:00+00:00,31.0,3.47,7.3,,0.1,0.1,0.0,1,0,65,51,open_air,open_air,0,0,1,open-meteo-era5,ok
2022,2,3,401404069,2022-09-17,13:00,2022-09-17T18:00:00+00:00,Ohio Bobcats,Iowa State Cyclones,Jack Trice Stadium,0,resolved_schedule_stadium,42.0139977,-93.6357716,America/Chicago,USA,39.3212794,-82.1034315,America/New_York,631.8,-1.0,1.0,1,0,42.0139977,-93.6357716,America/Chicago,0.0,0.0,0.0,0,0,0,2022-09-17T18:00:00+00:00,23.5,5.36,12.5,,0.0,0.0,0.0,0,0,71,3,open_air,open_air,0,0,1,open-meteo-era5,ok
2022,2,3,401404070,2022-09-17,11:00,2022-09-17T16:00:00+00:00,Oklahoma Sooners,Nebraska Cornhuskers,"Memorial Stadium (Lincoln, NE)",0,ambiguous_schedule_stadium,,,America/Chicago,,35.2058537,-97.4423145,America/Chicago,,,,,,40.820682,-96.705594,America/Chicago,,,,,,,,,,,,,,,,,,,open_air,,,,,,venue_unresolved
2022,2,3,401404071,2022-09-17,11:00,2022-09-17T16:00:00+00:00,Texas State Bobcats,Baylor Bears,McLane Stadium,0,resolved_schedule_stadium,31.5582015,-97.1156702,America/Chicago,USA,29.8910008,-97.9255735,America/Chicago,124.8,0.0,0.0,0,1,31.5582015,-97.1156702,America/Chicago,0.0,0.0,0.0,0,0,0,2022-09-17T16:00:00+00:00,29.5,3.77,8.5,,0.0,0.0,0.0,0,0,69,2,open_air,open_air,0,0,1,open-meteo-era5,ok
2022,2,3,401404072,2022-09-17,19:00,2022-09-17T23:00:00+00:00,Texas Tech Red Raiders,NC State Wolfpack,Carter-Finley Stadium,0,resolved_schedule_stadium,35.8008001,-78.7195655,America/New_York,USA,33.5910518,-101.8728824,America/Chicago,1321.0,1.0,1.0,0,1,35.8008001,-78.7195655,America/New_York,0.0,0.0,0.0,0,0,0,2022-09-17T23:00:00+00:00,23.0,1.45,2.7,,0.0,0.0,0.0,0,0,59,0,open_air,open_air,0,0,1,open-meteo-era5,ok
2022,2,3,401404073,2022-09-17,13:00,2022-09-17T17:00:00+00:00,Towson Tigers,West Virginia Mountaineers,Milan Puskar Stadium,0,resolved_schedule_stadium,39.6502744,-79.9551873,America/New_York,USA,,,,,,,,,39.6502744,-79.9551873,America/New_York,0.0,0.0,0.0,0,0,0,2022-09-17T17:00:00+00:00,26.2,2.55,7.3,,0.0,0.0,0.0,0,0,58,3,open_air,open_air,0,0,1,open-meteo-era5,ok
2022,2,3,401404074,2022-09-17,14:00,2022-09-17T19:00:00+00:00,Tulane Green Wave,Kansas State Wildcats,Bill Snyder Family Stadium,0,resolved_schedule_stadium,39.2020096,-96.5938395,America/Chicago,USA,29.944616,-90.116692,America/Chicago,737.7,0.0,0.0,1,0,39.2020096,-96.5938395,America/Chicago,0.0,0.0,0.0,0,0,0,2022-09-17T19:00:00+00:00,33.1,7.52,15.4,,0.0,0.0,0.0,0,0,45,0,open_air,open_air,0,0,1,open-meteo-era5,ok
2022,2,3,401404075,2022-09-17,18:00,2022-09-17T23:00:00+00:00,Arkansas-Pine Bluff Golden Lions,Oklahoma State Cowboys,Boone Pickens Stadium,0,resolved_schedule_stadium,36.125673,-97.066513,America/Chicago,USA,,,,,,,,,36.125673,-97.066513,America/Chicago,0.0,0.0,0.0,0,0,0,2022-09-17T23:00:00+00:00,34.1,5.37,10.6,,0.0,0.0,0.0,0,0,34,1,open_air,open_air,0,0,1,open-meteo-era5,ok
2022,2,3,401404136,2022-09-17,12:00,2022-09-17T16:00:00+00:00,Villanova Wildcats,Army Black Knights,Michie Stadium,0,resolved_schedule_stadium,41.3874924,-73.9640891,America/New_York,USA,,,,,,,,,41.3874924,-73.9640891,America/New_York,0.0,0.0,0.0,0,0,0,2022-09-17T16:00:00+00:00,20.0,1.0,4.7,,0.0,0.0,0.0,0,0,58,1,open_air,open_air,0,0,1,open-meteo-era5,ok
2022,2,3,401404149,2022-09-17,12:00,2022-09-17T16:00:00+00:00,UConn Huskies,Michigan Wolverines,Michigan Stadium,0,resolved_schedule_stadium,42.2658365,-83.7486956,America/Detroit,USA,41.7595675,-72.6187728,America/New_York,572.0,0.0,0.0,1,0,42.2658365,-83.7486956,America/Detroit,0.0,0.0,0.0,0,0,0,2022-09-17T16:00:00+00:00,25.7,3.24,8.1,,0.0,0.0,0.0,0,0,58,1,open_air,open_air,0,0,1,open-meteo-era5,ok
2022,2,3,401404159,2022-09-17,17:00,2022-09-17T21:00:00+00:00,Liberty Flames,Wake Forest Demon Deacons,Allegacy Federal Credit Union Stadium,0,resolved_schedule_stadium,36.1305507,-80.2545851,America/New_York,USA,37.3544305,-79.1750239,America/New_York,103.6,0.0,0.0,1,0,36.1305507,-80.2545851,America/New_York,0.0,0.0,0.0,0,0,0,2022-09-17T21:00:00+00:00,27.2,1.52,3.9,,0.0,0.0,0.0,0,0,46,1,open_air,open_air,0,0,1,open-meteo-era5,ok
2022,2,3,401405082,2022-09-17,18:30,2022-09-17T23:30:00+00:00,Nevada Wolf Pack,Iowa Hawkeyes,Kinnick Stadium,0,resolved_schedule_stadium,41.6586045,-91.5510829,America/Chicago,USA,39.5469459,-119.8175435,America/Los_Angeles,1483.3,2.0,2.0,0,1,41.6586045,-91.5510829,America/Chicago,0.0,0.0,0.0,0,0,0,2022-09-17T23:00:00+00:00,23.3,4.2,6.0,,0.0,0.0,0.0,0,0,76,3,open_air,open_air,0,0,1,open-meteo-era5,ok
2022,2,3,401405083,2022-09-17,11:00,2022-09-17T16:00:00+00:00,Southern Illinois Salukis,Northwestern Wildcats,Ryan Field,0,resolved_schedule_stadium,42.0653994,-87.6924751,America/Chicago,USA,,,,,,,,,42.0653994,-87.6924751,America/Chicago,0.0,0.0,0.0,0,0,0,2022-09-17T16:00:00+00:00,24.9,4.5,9.0,,0.0,0.0,0.0,0,0,66,1,open_air,open_air,0,0,1,open-meteo-era5,ok
2022,2,3,401405084,2022-09-17,12:00,2022-09-17T16:00:00+00:00,Purdue Boilermakers,Syracuse Orange,JMA Wireless Dome,0,resolved_schedule_stadium,43.0362269,-76.1363161,America/New_York,USA,40.4352253,-86.9186843,America/Indiana/Indianapolis,583.8,0.0,0.0,0,1,43.0362269,-76.1363161,America/New_York,0.0,0.0,0.0,0,0,0,2022-09-17T16:00:00+00:00,22.9,1.49,5.0,,0.0,0.0,0.0,0,0,66,2,dome,dome,1,0,0,open-meteo-era5,ok
2022,2,3,401405085,2022-09-17,14:30,2022-09-17T19:30:00+00:00,New Mexico State Aggies,Wisconsin Badgers,Camp Randall Stadium,0,resolved_schedule_stadium,43.06994,-89.4126943,America/Chicago,USA,32.2796202,-106.7411148,America/Denver,1201.6,1.0,1.0,0,1,43.06994,-89.4126943,America/Chicago,0.0,0.0,0.0,0,0,0,2022-09-17T19:00:00+00:00,26.7,5.46,10.9,,0.0,0.0,0.0,0,0,58,3,open_air,open_air,0,0,1,open-meteo-era5,ok
2022,2,3,401405087,2022-09-17,19:30,2022-09-17T23:30:00+00:00,SMU Mustangs,Maryland Terrapins,SECU Stadium,0,resolved_schedule_stadium,38.9903332,-76.9473792,America/New_York,USA,32.8377223,-96.7827859,America/Chicago,1185.5,1.0,1.0,0,1,38.9903332,-76.9473792,America/New_York,0.0,0.0,0.0,0,0,0,2022-09-17T23:00:00+00:00,23.6,2.27,4.3,,0.0,0.0,0.0,0,0,60,1,open_air,open_air,0,0,1,open-meteo-era5,ok
2022,2,3,401405088,2022-09-17,19:00,2022-09-17T23:00:00+00:00,Toledo Rockets,Ohio State Buckeyes,Ohio Stadium,0,resolved_schedule_stadium,40.0016447,-83.0197266,America/New_York,USA,41.6574777,-83.6135652,America/New_York,118.5,0.0,0.0,0,1,40.0016447,-83.0197266,America/New_York,0.0,0.0,0.0,0,0,0,2022-09-17T23:00:00+00:00,25.4,1.95,3.2,,0.0,0.0,0.0,0,0,58,2,open_air,open_air,0,0,1,open-meteo-era5,ok
2022,2,3,401405089,2022-09-17,14:00,2022-09-17T18:00:00+00:00,Rutgers Scarlet Knights,Temple Owls,Lincoln Financial Field,0,resolved_schedule_stadium,39.9007995,-75.1675414,America/New_York,USA,40.5462553,-74.4660408,America/New_York,58.0,0.0,0.0,1,0,39.9007995,-75.1675414,America/New_York,0.0,0.0,0.0,0,0,0,2022-09-17T18:00:00+00:00,27.1,1.56,5.6,,0.0,0.0,0.0,0,0,48,2,open_air,open_air,0,0,1,open-meteo-era5,ok
2022,2,3,401411110,2022-09-17,19:30,2022-09-17T23:30:00+00:00,Maine Black Bears,Boston College Eagles,"Alumni Stadium (Chestnut Hill, MA)",0,resolved_schedule_stadium,42.335104,-71.1664413,America/New_York,USA,,,,,,,,,42.335104,-71.1664413,America/New_York,0.0,0.0,0.0,0,0,0,2022-09-17T23:00:00+00:00,16.9,3.08,5.3,,0.0,0.0,0.0,0,0,65,0,open_air,open_air,0,0,1,open-meteo-era5,ok
2022,2,3,401411112,2022-09-17,18:00,2022-09-17T22:00:00+00:00,North Carolina A&T Aggies,Duke Blue Devils,Wallace Wade Stadium,0,resolved_schedule_stadium,35.9953688,-78.9417564,America/New_York,USA,,,,,,,,,35.9953688,-78.9417564,America/New_York,0.0,0.0,0.0,0,0,0,2022-09-17T22:00:00+00:00,25.4,1.48,3.2,,0.0,0.0,0.0,0,0,53,0,open_air,open_air,0,0,1,open-meteo-era5,ok
2022,2,3,401411113,2022-09-17,14:00,2022-09-17T18:00:00+00:00,Old Dominion Monarchs,Virginia Cavaliers,Scott Stadium,0,resolved_schedule_stadium,38.0311801,-78.5137897,America/New_York,USA,36.8889533,-76.3049175,America/New_York,144.6,0.0,0.0,1,0,38.0311801,-78.5137897,America/New_York,0.0,0.0,0.0,0,0,0,2022-09-17T18:00:00+00:00,28.5,1.57,5.8,,0.0,0.0,0.0,0,0,42,1,open_air,open_air,0,0,1,open-meteo-era5,ok
2022,2,3,401411114,2022-09-17,11:00,2022-09-17T15:00:00+00:00,Wofford Terriers,Virginia Tech Hokies,Lane Stadium,0,resolved_schedule_stadium,37.2199873,-80.4180643,America/New_York,USA,,,,,,,,,37.2199873,-80.4180643,America/New_York,0.0,0.0,0.0,0,0,0,2022-09-17T15:00:00+00:00,22.6,0.95,5.0,,0.0,0.0,0.0,0,0,61,2,open_air,open_air,0,0,1,open-meteo-era5,ok
2022,2,3,401411115,2022-09-17,19:30,2022-09-17T23:30:00+00:00,Pittsburgh Panthers,Western Michigan Broncos,Waldo Stadium,0,resolved_schedule_stadium,42.2860064,-85.6007573,America/Detroit,USA,40.4467648,-80.0157603,America/New_York,316.2,0.0,0.0,1,0,42.2860064,-85.6007573,America/Detroit,0.0,0.0,0.0,0,0,0,2022-09-17T23:00:00+00:00,25.5,3.09,4.5,,0.0,0.0,0.0,0,0,60,1,open_air,open_air,0,0,1,open-meteo-era5,ok
2022,2,3,401413216,2022-09-17,18:00,2022-09-17T23:00:00+00:00,Jacksonville State Gamecocks,Tulsa Golden Hurricane,Chapman Stadium,0,resolved_schedule_stadium,36.1489175,-95.9437853,America/Chicago,USA,33.8201052,-85.76647,America/Chicago,597.8,0.0,0.0,1,0,36.1489175,-95.9437853,America/Chicago,0.0,0.0,0.0,0,0,0,2022-09-17T23:00:00+00:00,33.0,3.32,9.1,,0.0,0.0,0.0,0,0,45,2,open_air,open_air,0,0,1,open-meteo-era5,ok
2022,2,3,401414780,2022-09-17,15:30,2022-09-17T19:30:00+00:00,Stony Brook Seawolves,Massachusetts Minutemen,Warren McGuirk Alumni Stadium,0,resolved_schedule_stadium,42.3773244,-72.5360595,America/New_York,USA,,,,,,,,,42.3773244,-72.5360595,America/New_York,0.0,0.0,0.0,0,0,0,2022-09-17T19:00:00+00:00,21.4,1.63,5.6,,0.0,0.0,0.0,0,0,50,1,open_air,open_air,0,0,1,open-meteo-era5,ok
2022,2,3,401415029,2022-09-17,17:00,2022-09-17T21:00:00+00:00,Marshall Thundering Herd,Bowling Green Falcons,Doyt L. Perry Stadium,0,resolved_schedule_stadium,41.3780114,-83.6225,America/New_York,USA,38.4247042,-82.4214412,America/New_York,213.7,0.0,0.0,1,0,41.3780114,-83.6225,America/New_York,0.0,0.0,0.0,0,0,0,2022-09-17T21:00:00+00:00,29.7,5.53,10.7,,0.0,0.0,0.0,0,0,40,3,open_air,open_air,0,0,1,open-meteo-era5,ok
2022,2,3,401415032,2022-09-17,18:00,2022-09-17T23:00:00+00:00,Northwestern State Demons,Southern Miss Golden Eagles,M. M. Roberts Stadium,0,resolved_schedule_stadium,31.3289321,-89.3318118,America/Chicago,USA,,,,,,,,,31.3289321,-89.3318118,America/Chicago,0.0,0.0,0.0,0,0,0,2022-09-17T23:00:00+00:00,30.3,1.85,3.1,,0.0,0.0,0.0,0,0,57,0,open_air,open_air,0,0,1,open-meteo-era5,ok
2022,2,3,401415218,2022-09-17,14:00,2022-09-17T20:00:00+00:00,UT Martin Skyhawks,Boise State Broncos,Albertsons Stadium,0,resolved_schedule_stadium,43.6028839,-116.1958882,America/Boise,USA,,,,,,,,,43.6028839,-116.1958882,America/Boise,0.0,0.0,0.0,0,0,0,2022-09-17T20:00:00+00:00,24.7,5.87,11.8,,0.0,0.0,0.0,0,0,30,0,open_air,open_air,0,0,1,open-meteo-era5,ok
2022,2,3,401415219,2022-09-17,17:59,2022-09-18T03:59:00+00:00,Duquesne Dukes,Hawai'i Rainbow Warriors,Clarence T.C. Ching Athletics Complex,0,resolved_schedule_stadium,21.294294,-157.819338,Pacific/Honolulu,USA,,,,,,,,,21.294294,-157.819338,Pacific/Honolulu,0.0,0.0,0.0,0,0,0,2022-09-18T04:00:00+00:00,26.4,6.44,10.2,,0.0,0.0,0.0,0,0,66,2,open_air,open_air,0,0,1,open-meteo-era5,ok
2022,2,3,401415621,2022-09-17,18:00,2022-09-17T22:00:00+00:00,Campbell Fighting Camels,East Carolina Pirates,Dowdy-Ficklen Stadium,0,resolved_schedule_stadium,35.5968486,-77.364564,America/New_York,USA,,,,,,,,,35.5968486,-77.364564,America/New_York,0.0,0.0,0.0,0,0,0,2022-09-17T22:00:00+00:00,25.7,2.01,3.6,,0.0,0.0,0.0,0,0,60,0,open_air,open_air,0,0,1,open-meteo-era5,ok
2022,2,3,401415622,2022-09-17,18:00,2022-09-17T23:00:00+00:00,Arkansas State Red Wolves,Memphis Tigers,Simmons Bank Liberty Stadium,0,resolved_schedule_stadium,35.1209429,-89.977147,America/Chicago,USA,35.8488977,-90.6677436,America/Chicago,63.6,0.0,0.0,0,1,35.1209429,-89.977147,America/Chicago,0.0,0.0,0.0,0,0,0,2022-09-17T23:00:00+00:00,29.3,0.86,1.5,,0.0,0.0,0.0,0,0,55,0,open_air,open_air,0,0,1,open-meteo-era5,ok
2022,2,3,401415623,2022-09-17,16:00,,Cincinnati Bearcats,Miami (OH) RedHawks,Paycor Stadium,1,unresolved_neutral_venue,,,,,39.1312495,-84.5161913,America/New_York,,,,,,39.5197009,-84.7330255,America/New_York,,,,,,,,,,,,,,,,,,,,,,,,,venue_unresolved
2022,2,3,401416600,2022-09-17,14:00,2022-09-17T18:00:00+00:00,Murray State Racers,Ball State Cardinals,Scheumann Stadium,0,resolved_schedule_stadium,40.2159422,-85.4161148,America/Indiana/Indianapolis,USA,,,,,,,,,40.2159422,-85.4161148,America/Indiana/Indianapolis,0.0,0.0,0.0,0,0,0,2022-09-17T18:00:00+00:00,27.7,4.6,9.5,,0.0,0.0,0.0,0,0,48,1,open_air,open_air,0,0,1,open-meteo-era5,ok
2022,2,3,401416601,2022-09-17,13:00,2022-09-17T17:00:00+00:00,Buffalo Bulls,Coastal Carolina Chanticleers,Brooks Stadium (SC),0,resolved_schedule_stadium,33.7928506,-79.0166946,America/New_York,USA,42.9991334,-78.7775113,America/New_York,636.2,0.0,0.0,1,0,33.7928506,-79.0166946,America/New_York,0.0,0.0,0.0,0,0,0,2022-09-17T17:00:00+00:00,26.5,3.91,7.5,,0.0,0.0,0.0,0,0,56,3,open_air,open_air,0,0,1,open-meteo-era5,ok
2022,2,3,401416602,2022-09-17,13:00,2022-09-17T17:00:00+00:00,Bucknell Bison,Central Michigan Chippewas,Kelly/Shorts Stadium,0,resolved_schedule_stadium,43.5777313,-84.7709904,America/Detroit,USA,,,,,,,,,43.5777313,-84.7709904,America/Detroit,0.0,0.0,0.0,0,0,0,2022-09-17T17:00:00+00:00,26.8,4.26,8.8,,0.1,0.1,0.0,1,0,57,51,open_air,open_air,0,0,1,open-meteo-era5,ok
2022,2,3,401416603,2022-09-17,12:00,2022-09-17T16:00:00+00:00,Long Island University Sharks,Kent State Golden Flashes,Dix Stadium,0,resolved_schedule_stadium,41.1390935,-81.31346,America/New_York,USA,,,,,,,,,41.1390935,-81.31346,America/New_York,0.0,0.0,0.0,0,0,0,2022-09-17T16:00:00+00:00,24.1,2.77,7.8,,0.0,0.0,0.0,0,0,64,1,open_air,open_air,0,0,1,open-meteo-era5,ok
2022,2,3,401426333,2022-09-17,15:30,2022-09-17T19:30:00+00:00,Troy Trojans,App State Mountaineers,Kidd Brewer Stadium,0,resolved_schedule_stadium,36.2114267,-81.6854278,America/New_York,USA,31.7995565,-85.9518328,America/Chicago,390.6,1.0,1.0,0,1,36.2114267,-81.6854278,America/New_York,0.0,0.0,0.0,0,0,0,2022-09-17T19:00:00+00:00,22.8,3.04,8.5,,0.0,0.0,0.0,0,0,50,3,open_air,open_air,0,0,1,open-meteo-era5,ok
2022,2,3,401426554,2022-09-17,19:00,2022-09-17T23:00:00+00:00,Charlotte 49ers,Georgia State Panthers,Center Parc Stadium,0,resolved_schedule_stadium,33.735267,-84.389949,America/New_York,USA,35.3105033,-80.7401194,America/New_York,234.5,0.0,0.0,1,0,33.735267,-84.389949,America/New_York,0.0,0.0,0.0,0,0,0,2022-09-17T23:00:00+00:00,25.7,1.15,1.6,,0.0,0.0,0.0,0,0,54,0,open_air,open_air,0,0,1,open-meteo-era5,ok
2022,2,3,401426555,2022-09-17,19:30,2022-09-17T23:30:00+00:00,UCF Knights,Florida Atlantic Owls,FAU Stadium,0,resolved_schedule_stadium,26.3763763,-80.1015759,America/New_York,USA,28.6079765,-81.1927233,America/New_York,168.1,0.0,0.0,0,1,26.3763763,-80.1015759,America/New_York,0.0,0.0,0.0,0,0,0,2022-09-17T23:00:00+00:00,26.8,1.88,2.9,,1.0,1.0,0.0,1,0,86,55,open_air,open_air,0,0,1,open-meteo-era5,ok
2022,2,3,401426556,2022-09-17,20:00,2022-09-18T00:00:00+00:00,Louisiana Tech Bulldogs,Clemson Tigers,"Memorial Stadium (Clemson, SC)",0,resolved_schedule_stadium_timezone,34.6787737,-82.8432428,America/New_York,USA,32.5321487,-92.6560019,America/Chicago,583.6,1.0,1.0,0,1,34.6787737,-82.8432428,America/New_York,0.0,0.0,0.0,0,0,0,2022-09-18T00:00:00+00:00,23.4,1.16,2.5,,0.0,0.0,0.0,0,0,76,1,open_air,open_air,0,0,1,open-meteo-era5,ok
2022,2,3,401426557,2022-09-17,18:00,2022-09-17T23:00:00+00:00,Tennessee State Tigers,Middle Tennessee Blue Raiders,"Johnny ""Red"" Floyd Stadium",0,resolved_schedule_stadium,35.8511463,-86.3681649,America/Chicago,USA,,,,,,,,,35.8511463,-86.3681649,America/Chicago,0.0,0.0,0.0,0,0,0,2022-09-17T23:00:00+00:00,26.8,1.66,2.8,,0.0,0.0,0.0,0,0,45,0,open_air,open_air,0,0,1,open-meteo-era5,ok
2022,2,3,401426558,2022-09-17,12:00,2022-09-17T19:00:00+00:00,North Texas Mean Green,UNLV Rebels,Allegiant Stadium,0,resolved_schedule_stadium,36.0908,-115.1830,America/Los_Angeles,USA,33.203899,-97.159245,America/Chicago,1042.1,-2.0,2.0,1,0,36.0908,-115.1830,America/Los_Angeles,0.0,0.0,0.0,0,0,0,2022-09-17T19:00:00+00:00,31.0,4.5,10.7,,0.0,0.0,0.0,0,0,19,0,fixed_roof,fixed_roof,1,0,0,open-meteo-era5,ok
2022,2,3,401426559,2022-09-17,18:30,2022-09-17T23:30:00+00:00,Louisiana Ragin' Cajuns,Rice Owls,Rice Stadium,0,resolved_schedule_stadium,29.7163297,-95.4093261,America/Chicago,USA,30.2158434,-92.0417371,America/Chicago,204.5,0.0,0.0,1,0,29.7163297,-95.4093261,America/Chicago,0.0,0.0,0.0,0,0,0,2022-09-17T23:00:00+00:00,30.7,3.11,7.0,,0.3,0.3,0.0,1,0,61,51,open_air,open_air,0,0,1,open-meteo-era5,ok
2022,2,3,401426560,2022-09-17,14:30,2022-09-17T19:30:00+00:00,Georgia Southern Eagles,UAB Blazers,Protective Stadium,0,resolved_schedule_stadium,33.5206824,-86.8024326,America/Chicago,USA,32.4122471,-81.7849296,America/New_York,300.7,-1.0,1.0,1,0,33.5206824,-86.8024326,America/Chicago,0.0,0.0,0.0,0,0,0,2022-09-17T19:00:00+00:00,28.7,1.95,5.7,,0.0,0.0,0.0,0,0,44,3,open_air,open_air,0,0,1,open-meteo-era5,ok
2022,2,3,401426561,2022-09-17,18:00,2022-09-18T00:00:00+00:00,UTEP Miners,New Mexico Lobos,University Stadium (NM),0,resolved_schedule_stadium,35.0669479,-106.6283225,America/Denver,USA,31.7733353,-106.507957,America/Denver,227.7,0.0,0.0,1,0,35.0669479,-106.6283225,America/Denver,0.0,0.0,0.0,0,0,0,2022-09-18T00:00:00+00:00,31.1,5.91,10.0,,0.0,0.0,0.0,0,0,15,1,open_air,open_air,0,0,1,open-meteo-era5,ok
2022,2,3,401426562,2022-09-17,19:00,2022-09-18T00:00:00+00:00,UTSA Roadrunners,Texas Longhorns,DKR-Texas Memorial Stadium,0,resolved_schedule_stadium,30.2836813,-97.7325345,America/Chicago,USA,29.4169834,-98.4788143,America/Chicago,74.7,0.0,0.0,0,1,30.2836813,-97.7325345,America/Chicago,0.0,0.0,0.0,0,0,0,2022-09-18T00:00:00+00:00,33.7,4.52,8.9,,0.0,0.0,0.0,0,0,44,2,open_air,open_air,0,0,1,open-meteo-era5,ok
2022,2,3,401426563,2022-09-17,12:00,2022-09-17T16:00:00+00:00,Western Kentucky Hilltoppers,Indiana Hoosiers,"Memorial Stadium (Bloomington, IN)",0,resolved_schedule_stadium_timezone,39.1808959,-86.5256217,America/Indiana/Indianapolis,USA,36.9847901,-86.4594041,America/Chicago,151.8,1.0,1.0,1,0,39.1808959,-86.5256217,America/Indiana/Indianapolis,0.0,0.0,0.0,0,0,0,2022-09-17T16:00:00+00:00,25.6,2.16,6.2,,0.0,0.0,0.0,0,0,61,2,open_air,open_air,0,0,1,open-meteo-era5,ok
2022,2,3,401403990,2022-09-18,00:00,,Montana State Bobcats,Oregon State Beavers,Providence Park,1,unresolved_neutral_venue,,,,,,,,,,,,,44.5594559,-123.2814341,America/Los_Angeles,,,,,,,,,,,,,,,,,,,,,,,,,venue_unresolved
2022,2,4,401411116,2022-09-22,19:30,2022-09-22T23:30:00+00:00,West Virginia Mountaineers,Virginia Tech Hokies,Lane Stadium,0,resolved_schedule_stadium,37.2199873,-80.4180643,America/New_York,USA,39.6502744,-79.9551873,America/New_York,169.8,0.0,0.0,1,0,37.2199873,-80.4180643,America/New_York,0.0,0.0,0.0,0,0,0,2022-09-22T23:00:00+00:00,16.8,4.46,13.5,,0.0,0.0,0.0,0,0,50,1,open_air,open_air,0,0,1,open-meteo-era5,ok
2022,2,4,401421129,2022-09-22,19:30,2022-09-23T00:30:00+00:00,Chattanooga Mocs,Illinois Fighting Illini,"Memorial Stadium (Champaign, IL)",0,ambiguous_schedule_stadium,,,America/Chicago,,,,,,,,,,40.0993268,-88.2359569,America/Chicago,,,,,,,,,,,,,,,,,,,open_air,,,,,,venue_unresolved
2022,2,4,401426334,2022-09-22,19:30,2022-09-22T23:30:00+00:00,Coastal Carolina Chanticleers,Georgia State Panthers,Center Parc Stadium,0,resolved_schedule_stadium,33.735267,-84.389949,America/New_York,USA,33.7928506,-79.0166946,America/New_York,308.6,0.0,0.0,1,0,33.735267,-84.389949,America/New_York,0.0,0.0,0.0,0,0,0,2022-09-22T23:00:00+00:00,27.6,4.63,8.6,,0.0,0.0,0.0,0,0,60,2,open_air,open_air,0,0,1,open-meteo-era5,ok
2022,2,4,401411117,2022-09-23,19:00,2022-09-23T23:00:00+00:00,Virginia Cavaliers,Syracuse Orange,JMA Wireless Dome,0,resolved_schedule_stadium,43.0362269,-76.1363161,America/New_York,USA,38.0311801,-78.5137897,America/New_York,367.6,0.0,0.0,0,1,43.0362269,-76.1363161,America/New_York,0.0,0.0,0.0,0,0,0,2022-09-23T23:00:00+00:00,10.4,2.59,6.7,,0.0,0.0,0.0,0,0,61,0,dome,dome,1,0,0,open-meteo-era5,ok
2022,2,4,401415220,2022-09-23,18:00,2022-09-24T00:00:00+00:00,Nevada Wolf Pack,Air Force Falcons,Falcon Stadium,0,resolved_schedule_stadium,38.9969701,-104.8436165,America/Denver,USA,39.5469459,-119.8175435,America/Los_Angeles,800.9,1.0,1.0,0,1,38.9969701,-104.8436165,America/Denver,0.0,0.0,0.0,0,0,0,2022-09-24T00:00:00+00:00,24.3,1.76,2.6,,0.0,0.0,0.0,0,0,26,0,open_air,open_air,0,0,1,open-meteo-era5,ok
2022,2,4,401426571,2022-09-23,19:00,2022-09-24T01:00:00+00:00,Boise State Broncos,UTEP Miners,Sun Bowl,0,resolved_schedule_stadium,31.7733353,-106.507957,America/Denver,USA,43.6028839,-116.1958882,America/Boise,972.4,0.0,0.0,0,1,31.7733353,-106.507957,America/Denver,0.0,0.0,0.0,0,0,0,2022-09-24T01:00:00+00:00,31.7,1.52,2.6,,0.0,0.0,0.0,0,0,24,0,open_air,open_air,0,0,1,open-meteo-era5,ok
2022,2,4,401403892,2022-09-24,18:30,2022-09-24T23:30:00+00:00,Vanderbilt Commodores,Alabama Crimson Tide,Bryant-Denny Stadium,0,resolved_schedule_stadium,33.2082752,-87.5503836,America/Chicago,USA,36.1440455,-86.8088942,America/Chicago,207.2,0.0,0.0,1,0,33.2082752,-87.5503836,America/Chicago,0.0,0.0,0.0,0,0,0,2022-09-24T23:00:00+00:00,29.1,1.08,1.4,,0.0,0.0,0.0,0,0,48,0,open_air,open_air,0,0,1,open-meteo-era5,ok
2022,2,4,401403893,2022-09-24,23:00,,Arkansas Razorbacks,Texas A&M Aggies,AT&T Stadium,1,unresolved_neutral_venue,,,,,36.0680662,-94.1789534,America/Chicago,,,,,,30.6098891,-96.3403828,America/Chicago,,,,,,,,,,,,,,,,,,,,,,,,,venue_unresolved
2022,2,4,401403894,2022-09-24,11:00,2022-09-24T16:00:00+00:00,Missouri Tigers,Auburn Tigers,Jordan-Hare Stadium,0,resolved_schedule_stadium,32.6025532,-85.4897479,America/Chicago,USA,38.9358491,-92.3332009,America/Chicago,581.6,0.0,0.0,0,1,32.6025532,-85.4897479,America/Chicago,0.0,0.0,0.0,0,0,0,2022-09-24T16:00:00+00:00,25.8,1.53,5.5,,0.0,0.0,0.0,0,0,43,0,open_air,open_air,0,0,1,open-meteo-era5,ok
2022,2,4,401403895,2022-09-24,12:00,2022-09-24T16:00:00+00:00,Kent State Golden Flashes,Georgia Bulldogs,Sanford Stadium,0,resolved_schedule_stadium,33.9498197,-83.3733813,America/New_York,USA,41.1390935,-81.31346,America/New_York,509.3,0.0,0.0,1,0,33.9498197,-83.3733813,America/New_York,0.0,0.0,0.0,0,0,0,2022-09-24T16:00:00+00:00,23.1,0.62,4.7,,0.0,0.0,0.0,0,0,45,0,open_air,open_air,0,0,1,open-meteo-era5,ok
2022,2,4,401403896,2022-09-24,19:00,2022-09-24T23:00:00+00:00,Northern Illinois Huskies,Kentucky Wildcats,Kroger Field,0,resolved_schedule_stadium,38.0220905,-84.5053408,America/New_York,USA,41.9339586,-88.7778357,America/Chicago,352.4,1.0,1.0,0,1,38.0220905,-84.5053408,America/New_York,0.0,0.0,0.0,0,0,0,2022-09-24T23:00:00+00:00,22.4,2.92,4.3,,0.0,0.0,0.0,0,0,58,0,open_air,open_air,0,0,1,open-meteo-era5,ok
2022,2,4,401403897,2022-09-24,18:30,2022-09-24T23:30:00+00:00,New Mexico Lobos,LSU Tigers,Tiger Stadium (LA),0,resolved_schedule_stadium,30.412035,-91.1838163,America/Chicago,USA,35.0669479,-106.6283225,America/Denver,952.2,1.0,1.0,0,1,30.412035,-91.1838163,America/Chicago,0.0,0.0,0.0,0,0,0,2022-09-24T23:00:00+00:00,33.6,1.12,1.5,,0.0,0.0,0.0,0,0,44,0,open_air,open_air,0,0,1,open-meteo-era5,ok
2022,2,4,401403898,2022-09-24,15:00,2022-09-24T20:00:00+00:00,Tulsa Golden Hurricane,Ole Miss Rebels,Vaught-Hemingway Stadium,0,resolved_schedule_stadium,34.3619837,-89.5342076,America/Chicago,USA,36.1489175,-95.9437853,America/Chicago,382.0,0.0,0.0,0,1,34.3619837,-89.5342076,America/Chicago,0.0,0.0,0.0,0,0,0,2022-09-24T20:00:00+00:00,33.4,1.83,6.4,,0.0,0.0,0.0,0,0,37,1,open_air,open_air,0,0,1,open-meteo-era5,ok
2022,2,4,401403899,2022-09-24,11:00,2022-09-24T16:00:00+00:00,Bowling Green Falcons,Mississippi State Bulldogs,Davis Wade Stadium,0,resolved_schedule_stadium,33.4563403,-88.7933652,America/Chicago,USA,41.3780114,-83.6225,America/New_York,616.2,-1.0,1.0,1,0,33.4563403,-88.7933652,America/Chicago,0.0,0.0,0.0,0,0,0,2022-09-24T16:00:00+00:00,27.7,1.21,5.3,,0.0,0.0,0.0,0,0,42,0,open_air,open_air,0,0,1,open-meteo-era5,ok
2022,2,4,401403901,2022-09-24,15:30,2022-09-24T19:30:00+00:00,Florida Gators,Tennessee Volunteers,Neyland Stadium,0,resolved_schedule_stadium,35.9550131,-83.9250128,America/New_York,USA,29.6499357,-82.3485788,America/New_York,445.1,0.0,0.0,1,0,35.9550131,-83.9250128,America/New_York,0.0,0.0,0.0,0,0,0,2022-09-24T19:00:00+00:00,24.4,1.15,4.0,,0.7,0.7,0.0,1,0,40,53,open_air,open_air,0,0,1,open-meteo-era5,ok
2022,2,4,401403996,2022-09-24,14:30,2022-09-24T21:30:00+00:00,Arizona Wildcats,California Golden Bears,California Memorial Stadium,0,resolved_schedule_stadium,37.8710434,-122.2507729,America/Los_Angeles,USA,32.2288054,-110.9488677,America/Phoenix,747.9,0.0,0.0,1,0,37.8710434,-122.2507729,America/Los_Angeles,0.0,0.0,0.0,0,0,0,2022-09-24T21:00:00+00:00,28.5,1.55,5.2,,0.0,0.0,0.0,0,0,35,0,open_air,open_air,0,0,1,open-meteo-era5,ok
2022,2,4,401403997,2022-09-24,19:30,2022-09-25T02:30:00+00:00,Utah Utes,Arizona State Sun Devils,Mountain America Stadium,0,resolved_schedule_stadium,33.4264471,-111.9325005,America/Phoenix,USA,40.7599724,-111.8488255,America/Denver,506.7,-1.0,1.0,1,0,33.4264471,-111.9325005,America/Phoenix,0.0,0.0,0.0,0,0,0,2022-09-25T02:00:00+00:00,36.9,3.08,4.4,,0.0,0.0,0.0,0,0,19,1,open_air,open_air,0,0,1,open-meteo-era5,ok
2022,2,4,401403998,2022-09-24,12:00,2022-09-24T18:00:00+00:00,UCLA Bruins,Colorado Buffaloes,Folsom Field,0,resolved_schedule_stadium,40.0094746,-105.266905,America/Denver,USA,34.1613284,-118.1676462,America/Los_Angeles,816.7,1.0,1.0,0,1,40.0094746,-105.266905,America/Denver,0.0,0.0,0.0,0,0,0,2022-09-24T18:00:00+00:00,23.8,1.41,6.7,,0.0,0.0,0.0,0,0,26,0,open_air,open_air,0,0,1,open-meteo-era5,ok
2022,2,4,401403999,2022-09-24,13:00,2022-09-24T20:00:00+00:00,Oregon Ducks,Washington State Cougars,Gesa Field,0,resolved_schedule_stadium,46.731831,-117.1604991,America/Los_Angeles,USA,44.0582712,-123.0684883,America/Los_Angeles,340.9,0.0,0.0,0,1,46.731831,-117.1604991,America/Los_Angeles,0.0,0.0,0.0,0,0,0,2022-09-24T20:00:00+00:00,21.4,1.77,5.7,,0.0,0.0,0.0,0,0,30,1,open_air,open_air,0,0,1,open-meteo-era5,ok
2022,2,4,401404000,2022-09-24,18:30,2022-09-25T01:30:00+00:00,USC Trojans,Oregon State Beavers,Reser Stadium,0,resolved_schedule_stadium,44.5594559,-123.2814341,America/Los_Angeles,USA,34.014167,-118.287778,America/Los_Angeles,775.6,0.0,0.0,1,0,44.5594559,-123.2814341,America/Los_Angeles,0.0,0.0,0.0,0,0,0,2022-09-25T01:00:00+00:00,27.7,2.6,4.6,,0.0,0.0,0.0,0,0,30,0,open_air,open_air,0,0,1,open-meteo-era5,ok
2022,2,4,401404001,2022-09-24,19:30,2022-09-25T02:30:00+00:00,Stanford Cardinal,Washington Huskies,Husky Stadium,0,resolved_schedule_stadium,47.6503235,-122.3015746,America/Los_Angeles,USA,37.4345556,-122.1611271,America/Los_Angeles,705.9,0.0,0.0,1,0,47.6503235,-122.3015746,America/Los_Angeles,0.0,0.0,0.0,0,0,0,2022-09-25T02:00:00+00:00,17.7,3.34,5.6,,0.0,0.0,0.0,0,0,71,2,open_air,open_air,0,0,1,open-meteo-era5,ok
2022,2,4,401404078,2022-09-24,11:00,2022-09-24T16:00:00+00:00,TCU Horned Frogs,SMU Mustangs,Gerald J. Ford Stadium,0,resolved_schedule_stadium,32.8377223,-96.7827859,America/Chicago,USA,32.7096604,-97.3680835,America/Chicago,35.1,0.0,0.0,0,1,32.8377223,-96.7827859,America/Chicago,0.0,0.0,0.0,0,0,0,2022-09-24T16:00:00+00:00,31.2,2.76,8.1,,0.0,0.0,0.0,0,0,48,0,open_air,open_air,0,0,1,open-meteo-era5,ok
2022,2,4,401404079,2022-09-24,11:00,2022-09-24T16:00:00+00:00,Duke Blue Devils,Kansas Jayhawks,Memorial Stadium,0,ambiguous_schedule_stadium,,,America/Chicago,,35.9953688,-78.9417564,America/New_York,,,,,,38.9629418,-95.2463686,America/Chicago,,,,,,,,,,,,,,,,,,,open_air,,,,,,venue_unresolved
2022,2,4,401404080,2022-09-24,11:00,2022-09-24T16:00:00+00:00,Baylor Bears,Iowa State Cyclones,Jack Trice Stadium,0,resolved_schedule_stadium,42.0139977,-93.6357716,America/Chicago,USA,31.5582015,-97.1156702,America/Chicago,747.5,0.0,0.0,0,1,42.0139977,-93.6357716,America/Chicago,0.0,0.0,0.0,0,0,0,2022-09-24T16:00:00+00:00,21.3,4.23,8.6,,0.0,0.0,0.0,0,0,62,0,open_air,open_air,0,0,1,open-meteo-era5,ok
2022,2,4,401404081,2022-09-24,19:00,2022-09-25T00:00:00+00:00,Kansas State Wildcats,Oklahoma Sooners,"Memorial Stadium (Norman, OK)",0,ambiguous_schedule_stadium,,,America/Chicago,,39.2020096,-96.5938395,America/Chicago,,,,,,35.2058537,-97.4423145,America/Chicago,,,,,,,,,,,,,,,,,,,open_air,,,,,,venue_unresolved
2022,2,4,401404082,2022-09-24,14:30,2022-09-24T19:30:00+00:00,Texas Longhorns,Texas Tech Red Raiders,Jones AT&T Stadium,0,resolved_schedule_stadium,33.5910518,-101.8728824,America/Chicago,USA,30.2836813,-97.7325345,America/Chicago,333.3,0.0,0.0,1,0,33.5910518,-101.8728824,America/Chicago,0.0,0.0,0.0,0,0,0,2022-09-24T19:00:00+00:00,30.1,3.92,8.2,,0.0,0.0,0.0,0,0,33,0,open_air,open_air,0,0,1,open-meteo-era5,ok
2022,2,4,401404126,2022-09-24,15:30,2022-09-24T19:30:00+00:00,Notre Dame Fighting Irish,North Carolina Tar Heels,Kenan Stadium,0,resolved_schedule_stadium,35.9069294,-79.0478889,America/New_York,USA,41.698378,-86.2339425,America/Indiana/Indianapolis,556.2,0.0,0.0,0,1,35.9069294,-79.0478889,America/New_York,0.0,0.0,0.0,0,0,0,2022-09-24T19:00:00+00:00,23.5,2.8,7.5,,0.2,0.2,0.0,1,0,36,51,open_air,open_air,0,0,1,open-meteo-era5,ok
2022,2,4,401404150,2022-09-24,19:30,2022-09-24T23:30:00+00:00,UConn Huskies,NC State Wolfpack,Carter-Finley Stadium,0,resolved_schedule_stadium,35.8008001,-78.7195655,America/New_York,USA,41.7595675,-72.6187728,America/New_York,526.5,0.0,0.0,1,0,35.8008001,-78.7195655,America/New_York,0.0,0.0,0.0,0,0,0,2022-09-24T23:00:00+00:00,19.2,1.61,2.5,,0.1,0.1,0.0,1,0,58,51,open_air,open_air,0,0,1,open-meteo-era5,ok
2022,2,4,401404160,2022-09-24,18:00,2022-09-24T22:00:00+00:00,Akron Zips,Liberty Flames,Williams Stadium (VA),0,resolved_schedule_stadium,37.3544305,-79.1750239,America/New_York,USA,41.0725534,-81.5083408,America/New_York,285.6,0.0,0.0,0,1,37.3544305,-79.1750239,America/New_York,0.0,0.0,0.0,0,0,0,2022-09-24T22:00:00+00:00,21.5,3.25,6.9,,0.0,0.0,0.0,0,0,45,0,open_air,open_air,0,0,1,open-meteo-era5,ok
2022,2,4,401405091,2022-09-24,19:00,2022-09-24T23:00:00+00:00,Iowa Hawkeyes,Rutgers Scarlet Knights,SHI Stadium,0,resolved_schedule_stadium,40.5462553,-74.4660408,America/New_York,USA,41.6586045,-91.5510829,America/Chicago,891.4,1.0,1.0,0,1,40.5462553,-74.4660408,America/New_York,0.0,0.0,0.0,0,0,0,2022-09-24T23:00:00+00:00,17.7,2.8,4.3,,0.0,0.0,0.0,0,0,48,0,open_air,open_air,0,0,1,open-meteo-era5,ok
2022,2,4,401405092,2022-09-24,15:30,2022-09-24T19:30:00+00:00,Minnesota Golden Gophers,Michigan State Spartans,Spartan Stadium,0,resolved_schedule_stadium,42.7281474,-84.4848526,America/Detroit,USA,44.976525,-93.2245462,America/Chicago,462.1,1.0,1.0,0,1,42.7281474,-84.4848526,America/Detroit,0.0,0.0,0.0,0,0,0,2022-09-24T19:00:00+00:00,14.5,4.15,7.3,,0.7,0.7,0.0,1,0,75,53,open_air,open_air,0,0,1,open-meteo-era5,ok
2022,2,4,401405093,2022-09-24,18:30,2022-09-24T23:30:00+00:00,Miami (OH) RedHawks,Northwestern Wildcats,Ryan Field,0,resolved_schedule_stadium,42.0653994,-87.6924751,America/Chicago,USA,39.5197009,-84.7330255,America/New_York,234.3,-1.0,1.0,1,0,42.0653994,-87.6924751,America/Chicago,0.0,0.0,0.0,0,0,0,2022-09-24T23:00:00+00:00,19.9,2.33,4.9,,0.0,0.0,0.0,0,0,63,3,open_air,open_air,0,0,1,open-meteo-era5,ok
2022,2,4,401405095,2022-09-24,19:30,2022-09-24T23:30:00+00:00,Wisconsin Badgers,Ohio State Buckeyes,Ohio Stadium,0,resolved_schedule_stadium,40.0016447,-83.0197266,America/New_York,USA,43.06994,-89.4126943,America/Chicago,392.6,1.0,1.0,0,1,40.0016447,-83.0197266,America/New_York,0.0,0.0,0.0,0,0,0,2022-09-24T23:00:00+00:00,19.4,2.5,3.9,,0.0,0.0,0.0,0,0,61,1,open_air,open_air,0,0,1,open-meteo-era5,ok
2022,2,4,401405096,2022-09-24,15:30,2022-09-24T19:30:00+00:00,Indiana Hoosiers,Cincinnati Bearcats,Nippert Stadium,0,resolved_schedule_stadium,39.1312495,-84.5161913,America/New_York,USA,39.1808959,-86.5256217,America/Indiana/Indianapolis,107.7,0.0,0.0,0,1,39.1312495,-84.5161913,America/New_York,0.0,0.0,0.0,0,0,0,2022-09-24T19:00:00+00:00,21.5,3.91,8.6,,0.0,0.0,0.0,0,0,52,1,open_air,open_air,0,0,1,open-meteo-era5,ok
2022,2,4,401405097,2022-09-24,12:00,2022-09-24T16:00:00+00:00,Maryland Terrapins,Michigan Wolverines,Michigan Stadium,0,resolved_schedule_stadium,42.2658365,-83.7486956,America/Detroit,USA,38.9903332,-76.9473792,America/New_York,422.2,0.0,0.0,1,0,42.2658365,-83.7486956,America/Detroit,0.0,0.0,0.0,0,0,0,2022-09-24T16:00:00+00:00,15.1,3.41,7.5,,0.0,0.0,0.0,0,0,67,3,open_air,open_air,0,0,1,open-meteo-era5,ok
2022,2,4,401405098,2022-09-24,12:00,2022-09-24T16:00:00+00:00,Central Michigan Chippewas,Penn State Nittany Lions,Beaver Stadium,0,resolved_schedule_stadium,40.8121958,-77.8561023,America/New_York,USA,43.5777313,-84.7709904,America/Detroit,402.1,0.0,0.0,0,1,40.8121958,-77.8561023,America/New_York,0.0,0.0,0.0,0,0,0,2022-09-24T16:00:00+00:00,15.3,1.44,5.4,,0.0,0.0,0.0,0,0,56,0,open_air,open_air,0,0,1,open-meteo-era5,ok
2022,2,4,401409237,2022-09-24,18:00,2022-09-25T00:00:00+00:00,Hawai'i Rainbow Warriors,New Mexico State Aggies,Aggie Memorial Stadium,0,resolved_schedule_stadium,32.2796202,-106.7411148,America/Denver,USA,21.294294,-157.819338,Pacific/Honolulu,3210.2,4.0,4.0,0,1,32.2796202,-106.7411148,America/Denver,0.0,0.0,0.0,0,0,0,2022-09-25T00:00:00+00:00,32.1,2.84,4.7,,0.0,0.0,0.0,0,0,26,2,open_air,open_air,0,0,1,open-meteo-era5,ok
2022,2,4,401411118,2022-09-24,20:00,2022-09-25T00:00:00+00:00,Boston College Eagles,Florida State Seminoles,Doak Campbell Stadium,0,resolved_schedule_stadium,30.4381692,-84.3044032,America/New_York,USA,42.335104,-71.1664413,America/New_York,1097.2,0.0,0.0,1,0,30.4381692,-84.3044032,America/New_York,0.0,0.0,0.0,0,0,0,2022-09-25T00:00:00+00:00,25.4,1.56,3.0,,0.0,0.0,0.0,0,0,57,0,open_air,open_air,0,0,1,open-meteo-era5,ok
2022,2,4,401411119,2022-09-24,12:00,2022-09-24T16:00:00+00:00,South Florida Bulls,Louisville Cardinals,L&N Federal Credit Union Stadium,0,resolved_schedule_stadium,38.2057621,-85.7588141,America/Kentucky/Louisville,USA,27.9758691,-82.5033344,America/New_York,731.4,0.0,0.0,1,0,38.2057621,-85.7588141,America/Kentucky/Louisville,0.0,0.0,0.0,0,0,0,2022-09-24T16:00:00+00:00,20.6,4.07,9.5,,0.0,0.0,0.0,0,0,58,1,open_air,open_air,0,0,1,open-meteo-era5,ok
2022,2,4,401411121,2022-09-24,12:00,2022-09-24T16:00:00+00:00,Rhode Island Rams,Pittsburgh Panthers,Acrisure Stadium,0,resolved_schedule_stadium,40.4467648,-80.0157603,America/New_York,USA,,,,,,,,,40.4467648,-80.0157603,America/New_York,0.0,0.0,0.0,0,0,0,2022-09-24T16:00:00+00:00,17.2,1.03,4.1,,0.0,0.0,0.0,0,0,55,0,open_air,open_air,0,0,1,open-meteo-era5,ok
2022,2,4,401411122,2022-09-24,16:00,2022-09-24T20:00:00+00:00,Georgia Tech Yellow Jackets,UCF Knights,FBC Mortgage Stadium,0,resolved_schedule_stadium,28.6079765,-81.1927233,America/New_York,USA,33.7724449,-84.3928054,America/New_York,403.8,0.0,0.0,0,1,28.6079765,-81.1927233,America/New_York,0.0,0.0,0.0,0,0,0,2022-09-24T20:00:00+00:00,30.2,3.25,6.7,,0.0,0.0,0.0,0,0,55,1,open_air,open_air,0,0,1,open-meteo-era5,ok
2022,2,4,401411123,2022-09-24,12:00,2022-09-24T16:00:00+00:00,Clemson Tigers,Wake Forest Demon Deacons,Allegacy Federal Credit Union Stadium,0,resolved_schedule_stadium,36.1305507,-80.2545851,America/New_York,USA,34.6787737,-82.8432428,America/New_York,177.0,0.0,0.0,0,1,36.1305507,-80.2545851,America/New_York,0.0,0.0,0.0,0,0,0,2022-09-24T16:00:00+00:00,21.1,2.48,9.0,,0.0,0.0,0.0,0,0,40,0,open_air,open_air,0,0,1,open-meteo-era5,ok
2022,2,4,401414781,2022-09-24,14:00,2022-09-24T18:00:00+00:00,Massachusetts Minutemen,Temple Owls,Lincoln Financial Field,0,resolved_schedule_stadium,39.9007995,-75.1675414,America/New_York,USA,42.3773244,-72.5360595,America/New_York,219.1,0.0,0.0,1,0,39.9007995,-75.1675414,America/New_York,0.0,0.0,0.0,0,0,0,2022-09-24T18:00:00+00:00,20.4,3.34,8.4,,0.0,0.0,0.0,0,0,39,1,open_air,open_air,0,0,1,open-meteo-era5,ok
2022,2,4,401415037,2022-09-24,15:30,2022-09-24T19:30:00+00:00,James Madison Dukes,App State Mountaineers,Kidd Brewer Stadium,0,resolved_schedule_stadium,36.2114267,-81.6854278,America/New_York,USA,38.4352919,-78.8729349,America/New_York,217.9,0.0,0.0,1,0,36.2114267,-81.6854278,America/New_York,0.0,0.0,0.0,0,0,0,2022-09-24T19:00:00+00:00,17.7,2.94,9.0,,0.3,0.3,0.0,1,0,55,51,open_air,open_air,0,0,1,open-meteo-era5,ok
2022,2,4,401415040,2022-09-24,18:00,2022-09-24T23:00:00+00:00,Southern Miss Golden Eagles,Tulane Green Wave,Yulman Stadium,0,resolved_schedule_stadium,29.944616,-90.116692,America/Chicago,USA,31.3289321,-89.3318118,America/Chicago,106.4,0.0,0.0,1,0,29.944616,-90.116692,America/Chicago,0.0,0.0,0.0,0,0,0,2022-09-24T23:00:00+00:00,30.5,1.57,4.0,,0.0,0.0,0.0,0,0,61,0,open_air,open_air,0,0,1,open-meteo-era5,ok
2022,2,4,401415221,2022-09-24,14:00,2022-09-24T20:00:00+00:00,Sacramento State Hornets,Colorado State Rams,Canvas Stadium,0,resolved_schedule_stadium,40.570015,-105.088435,America/Denver,USA,38.5556718,-121.4229607,America/Los_Angeles,879.8,1.0,1.0,0,1,40.570015,-105.088435,America/Denver,0.0,0.0,0.0,0,0,0,2022-09-24T20:00:00+00:00,25.7,0.62,4.5,,0.0,0.0,0.0,0,0,23,0,open_air,open_air,0,0,1,open-meteo-era5,ok
2022,2,4,401415222,2022-09-24,17:00,2022-09-24T23:00:00+00:00,UNLV Rebels,Utah State Aggies,Maverik Stadium,0,resolved_schedule_stadium,41.7517394,-111.8116007,America/Denver,USA,36.0908,-115.1830,America/Los_Angeles,431.0,1.0,1.0,0,1,41.7517394,-111.8116007,America/Denver,0.0,0.0,0.0,0,0,0,2022-09-24T23:00:00+00:00,23.6,2.44,7.5,,0.0,0.0,0.0,0,0,29,0,open_air,open_air,0,0,1,open-meteo-era5,ok
2022,2,4,401415223,2022-09-24,20:15,2022-09-25T02:15:00+00:00,Wyoming Cowboys,BYU Cougars,LaVell Edwards Stadium,0,resolved_schedule_stadium,40.2575347,-111.6545247,America/Denver,USA,41.31161,-105.5681384,America/Denver,326.6,0.0,0.0,1,0,40.2575347,-111.6545247,America/Denver,0.0,0.0,0.0,0,0,0,2022-09-25T02:00:00+00:00,20.9,1.59,5.0,,0.0,0.0,0.0,0,0,29,0,open_air,open_air,0,0,1,open-meteo-era5,ok
2022,2,4,401415224,2022-09-24,12:30,2022-09-24T19:30:00+00:00,Toledo Rockets,San Diego State Aztecs,Snapdragon Stadium,0,resolved_schedule_stadium,32.784444,-117.122833,America/Los_Angeles,USA,41.6574777,-83.6135652,America/New_York,1928.8,-3.0,3.0,1,0,32.784444,-117.122833,America/Los_Angeles,0.0,0.0,0.0,0,0,0,2022-09-24T19:00:00+00:00,30.4,3.82,8.7,,0.0,0.0,0.0,0,0,47,1,open_air,open_air,0,0,1,open-meteo-era5,ok
2022,2,4,401415225,2022-09-24,19:30,2022-09-25T02:30:00+00:00,Western Michigan Broncos,San José State Spartans,CEFCU Stadium,0,resolved_schedule_stadium,37.3196675,-121.8682962,America/Los_Angeles,USA,42.2860064,-85.6007573,America/Detroit,1940.4,-3.0,3.0,1,0,37.3196675,-121.8682962,America/Los_Angeles,0.0,0.0,0.0,0,0,0,2022-09-25T02:00:00+00:00,26.5,1.37,3.3,,0.0,0.0,0.0,0,0,56,0,open_air,open_air,0,0,1,open-meteo-era5,ok
2022,2,4,401415624,2022-09-24,18:00,2022-09-24T22:00:00+00:00,Navy Midshipmen,East Carolina Pirates,Dowdy-Ficklen Stadium,0,resolved_schedule_stadium,35.5968486,-77.364564,America/New_York,USA,38.9846985,-76.5076335,America/New_York,238.8,0.0,0.0,1,0,35.5968486,-77.364564,America/New_York,0.0,0.0,0.0,0,0,0,2022-09-24T22:00:00+00:00,22.3,1.71,3.6,,0.0,0.0,0.0,0,0,39,2,open_air,open_air,0,0,1,open-meteo-era5,ok
2022,2,4,401416604,2022-09-24,12:00,2022-09-24T16:00:00+00:00,Buffalo Bulls,Eastern Michigan Eagles,Rynearson Stadium,0,resolved_schedule_stadium,42.256126,-83.647285,America/Detroit,USA,42.9991334,-78.7775113,America/New_York,252.8,0.0,0.0,1,0,42.256126,-83.647285,America/Detroit,0.0,0.0,0.0,0,0,0,2022-09-24T16:00:00+00:00,15.2,3.41,7.5,,0.0,0.0,0.0,0,0,67,3,open_air,open_air,0,0,1,open-meteo-era5,ok
2022,2,4,401416605,2022-09-24,18:00,2022-09-24T22:00:00+00:00,Ball State Cardinals,Georgia Southern Eagles,Allen E. Paulson Stadium,0,resolved_schedule_stadium,32.4122471,-81.7849296,America/New_York,USA,40.2159422,-85.4161148,America/Indiana/Indianapolis,575.7,0.0,0.0,0,1,32.4122471,-81.7849296,America/New_York,0.0,0.0,0.0,0,0,0,2022-09-24T22:00:00+00:00,26.7,1.16,4.2,,0.0,0.0,0.0,0,0,36,0,open_air,open_air,0,0,1,open-meteo-era5,ok
2022,2,4,401416606,2022-09-24,14:00,2022-09-24T18:00:00+00:00,Fordham Rams,Ohio Bobcats,Peden Stadium,0,resolved_schedule_stadium,39.3212794,-82.1034315,America/New_York,USA,,,,,,,,,39.3212794,-82.1034315,America/New_York,0.0,0.0,0.0,0,0,0,2022-09-24T18:00:00+00:00,21.1,3.0,8.1,,0.0,0.0,0.0,0,0,47,1,open_air,open_air,0,0,1,open-meteo-era5,ok
2022,2,4,401418793,2022-09-24,18:00,2022-09-24T23:00:00+00:00,Houston Christian Huskies,Texas State Bobcats,Bobcat Stadium (TX),0,resolved_schedule_stadium,29.8910008,-97.9255735,America/Chicago,USA,,,,,,,,,29.8910008,-97.9255735,America/Chicago,0.0,0.0,0.0,0,0,0,2022-09-24T23:00:00+00:00,31.1,3.69,8.9,,0.0,0.0,0.0,0,0,56,3,open_air,open_air,0,0,1,open-meteo-era5,ok
2022,2,4,401426335,2022-09-24,18:00,2022-09-24T22:00:00+00:00,Arkansas State Red Wolves,Old Dominion Monarchs,S.B. Ballard Stadium,0,resolved_schedule_stadium,36.8889533,-76.3049175,America/New_York,USA,35.8488977,-90.6677436,America/Chicago,801.5,1.0,1.0,0,1,36.8889533,-76.3049175,America/New_York,0.0,0.0,0.0,0,0,0,2022-09-24T22:00:00+00:00,22.2,2.57,3.3,,0.0,0.0,0.0,0,0,40,0,open_air,open_air,0,0,1,open-meteo-era5,ok
2022,2,4,401426336,2022-09-24,19:00,2022-09-25T00:00:00+00:00,Louisiana Ragin' Cajuns,UL Monroe Warhawks,Malone Stadium,0,resolved_schedule_stadium,32.5308089,-92.0660602,America/Chicago,USA,30.2158434,-92.0417371,America/Chicago,160.0,0.0,0.0,1,0,32.5308089,-92.0660602,America/Chicago,0.0,0.0,0.0,0,0,0,2022-09-25T00:00:00+00:00,30.7,1.22,2.5,,0.0,0.0,0.0,0,0,55,1,open_air,open_air,0,0,1,open-meteo-era5,ok
2022,2,4,401426393,2022-09-24,18:00,2022-09-24T23:00:00+00:00,Marshall Thundering Herd,Troy Trojans,Veterans Memorial Stadium (AL),0,resolved_schedule_stadium,31.7995565,-85.9518328,America/Chicago,USA,38.4247042,-82.4214412,America/New_York,499.2,-1.0,1.0,1,0,31.7995565,-85.9518328,America/Chicago,0.0,0.0,0.0,0,0,0,2022-09-24T23:00:00+00:00,27.5,2.17,2.8,,0.0,0.0,0.0,0,0,40,0,open_air,open_air,0,0,1,open-meteo-era5,ok
2022,2,4,401426564,2022-09-24,19:30,2022-09-24T23:30:00+00:00,Charlotte 49ers,South Carolina Gamecocks,Williams-Brice Stadium,0,resolved_schedule_stadium,33.9730239,-81.0191726,America/New_York,USA,35.3105033,-80.7401194,America/New_York,93.8,0.0,0.0,1,0,33.9730239,-81.0191726,America/New_York,0.0,0.0,0.0,0,0,0,2022-09-24T23:00:00+00:00,22.7,1.6,2.6,,0.0,0.0,0.0,0,0,45,0,open_air,open_air,0,0,1,open-meteo-era5,ok
2022,2,4,401426565,2022-09-24,14:30,2022-09-24T19:30:00+00:00,Florida International Panthers,Western Kentucky Hilltoppers,Houchens Industries-L.T. Smith Stadium,0,resolved_schedule_stadium,36.9847901,-86.4594041,America/Chicago,USA,25.7525014,-80.3778912,America/New_York,854.5,-1.0,1.0,1,0,36.9847901,-86.4594041,America/Chicago,0.0,0.0,0.0,0,0,0,2022-09-24T19:00:00+00:00,25.7,3.91,9.7,,0.0,0.0,0.0,0,0,48,0,open_air,open_air,0,0,1,open-meteo-era5,ok
2022,2,4,401426566,2022-09-24,19:30,2022-09-24T23:30:00+00:00,Florida Atlantic Owls,Purdue Boilermakers,Ross-Ade Stadium,0,resolved_schedule_stadium,40.4352253,-86.9186843,America/Indiana/Indianapolis,USA,26.3763763,-80.1015759,America/New_York,1047.1,0.0,0.0,1,0,40.4352253,-86.9186843,America/Indiana/Indianapolis,0.0,0.0,0.0,0,0,0,2022-09-24T23:00:00+00:00,23.6,4.47,7.3,,0.0,0.0,0.0,0,0,49,2,open_air,open_air,0,0,1,open-meteo-era5,ok
2022,2,4,401426567,2022-09-24,18:00,2022-09-24T23:00:00+00:00,Louisiana Tech Bulldogs,South Alabama Jaguars,Hancock Whitney Stadium,0,resolved_schedule_stadium,30.6943566,-88.0430541,America/Chicago,USA,32.5321487,-92.6560019,America/Chicago,299.6,0.0,0.0,0,1,30.6943566,-88.0430541,America/Chicago,0.0,0.0,0.0,0,0,0,2022-09-24T23:00:00+00:00,29.5,1.44,1.3,,0.0,0.0,0.0,0,0,57,0,open_air,open_air,0,0,1,open-meteo-era5,ok
2022,2,4,401426568,2022-09-24,15:30,2022-09-24T19:30:00+00:00,Middle Tennessee Blue Raiders,Miami Hurricanes,Hard Rock Stadium,0,resolved_schedule_stadium,25.9579665,-80.2388604,America/New_York,USA,35.8511463,-86.3681649,America/Chicago,773.7,1.0,1.0,0,1,25.9579665,-80.2388604,America/New_York,0.0,0.0,0.0,0,0,0,2022-09-24T19:00:00+00:00,28.7,2.35,5.4,,2.0,2.0,0.0,1,0,73,61,open_air,open_air,0,0,1,open-meteo-era5,ok
2022,2,4,401426569,2022-09-24,14:30,2022-09-24T19:30:00+00:00,North Texas Mean Green,Memphis Tigers,Simmons Bank Liberty Stadium,0,resolved_schedule_stadium,35.1209429,-89.977147,America/Chicago,USA,33.203899,-97.159245,America/Chicago,431.3,0.0,0.0,0,1,35.1209429,-89.977147,America/Chicago,0.0,0.0,0.0,0,0,0,2022-09-24T19:00:00+00:00,31.8,3.1,7.3,,0.0,0.0,0.0,0,0,48,1,open_air,open_air,0,0,1,open-meteo-era5,ok
2022,2,4,401426570,2022-09-24,17:00,2022-09-24T22:00:00+00:00,Rice Owls,Houston Cougars,TDECU Stadium,0,resolved_schedule_stadium,29.7219885,-95.3491623,America/Chicago,USA,29.7163297,-95.4093261,America/Chicago,3.6,0.0,0.0,0,1,29.7219885,-95.3491623,America/Chicago,0.0,0.0,0.0,0,0,0,2022-09-24T22:00:00+00:00,32.2,2.8,7.6,,0.0,0.0,0.0,0,0,49,0,open_air,open_air,0,0,1,open-meteo-era5,ok
2022,2,4,401426572,2022-09-24,14:30,2022-09-24T19:30:00+00:00,Texas Southern Tigers,UTSA Roadrunners,Alamodome,0,resolved_schedule_stadium,29.4169834,-98.4788143,America/Chicago,USA,,,,,,,,,29.4169834,-98.4788143,America/Chicago,0.0,0.0,0.0,0,0,0,2022-09-24T19:00:00+00:00,31.7,3.37,8.2,,0.1,0.1,0.0,1,0,51,51,dome,dome,1,0,0,open-meteo-era5,ok
2022,2,5,401403908,2022-09-29,19:00,2022-09-29T23:00:00+00:00,South Carolina State Bulldogs,South Carolina Gamecocks,Williams-Brice Stadium,0,resolved_schedule_stadium,33.9730239,-81.0191726,America/New_York,USA,,,,,,,,,33.9730239,-81.0191726,America/New_York,0.0,0.0,0.0,0,0,0,2022-09-29T23:00:00+00:00,19.3,6.05,14.5,,0.0,0.0,0.0,0,0,51,3,open_air,open_air,0,0,1,open-meteo-era5,ok
2022,2,5,401415226,2022-09-29,18:00,2022-09-30T00:00:00+00:00,Utah State Aggies,BYU Cougars,LaVell Edwards Stadium,0,resolved_schedule_stadium,40.2575347,-111.6545247,America/Denver,USA,41.7517394,-111.8116007,America/Denver,103.6,0.0,0.0,0,1,40.2575347,-111.6545247,America/Denver,0.0,0.0,0.0,0,0,0,2022-09-30T00:00:00+00:00,25.6,3.25,11.6,,0.2,0.2,0.0,1,0,36,51,open_air,open_air,0,0,1,open-meteo-era5,ok
2022,2,5,401404007,2022-09-30,19:30,2022-10-01T02:30:00+00:00,Washington Huskies,UCLA Bruins,Rose Bowl,0,resolved_schedule_stadium,34.1613284,-118.1676462,America/Los_Angeles,USA,47.6503235,-122.3015746,America/Los_Angeles,956.3,0.0,0.0,0,1,34.1613284,-118.1676462,America/Los_Angeles,0.0,0.0,0.0,0,0,0,2022-10-01T02:00:00+00:00,24.3,1.22,3.6,,0.0,0.0,0.0,0,0,54,0,open_air,open_air,0,0,1,open-meteo-era5,ok
2022,2,5,401415228,2022-09-30,18:00,2022-10-01T00:00:00+00:00,San Diego State Aztecs,Boise State Broncos,Albertsons Stadium,0,resolved_schedule_stadium,43.6028839,-116.1958882,America/Boise,USA,32.784444,-117.122833,America/Los_Angeles,749.2,1.0,1.0,0,1,43.6028839,-116.1958882,America/Boise,0.0,0.0,0.0,0,0,0,2022-10-01T00:00:00+00:00,21.4,5.14,9.4,,0.0,0.0,0.0,0,0,35,1,open_air,open_air,0,0,1,open-meteo-era5,ok
2022,2,5,401415229,2022-09-30,20:00,2022-10-01T03:00:00+00:00,New Mexico Lobos,UNLV Rebels,Allegiant Stadium,0,resolved_schedule_stadium,36.0908,-115.1830,America/Los_Angeles,USA,35.0669479,-106.6283225,America/Denver,485.7,-1.0,1.0,1,0,36.0908,-115.1830,America/Los_Angeles,0.0,0.0,0.0,0,0,0,2022-10-01T03:00:00+00:00,29.5,1.98,5.4,,0.0,0.0,0.0,0,0,16,0,fixed_roof,fixed_roof,1,0,0,open-meteo-era5,ok
2022,2,5,401415625,2022-09-30,18:00,2022-09-30T23:00:00+00:00,Tulane Green Wave,Houston Cougars,TDECU Stadium,0,resolved_schedule_stadium,29.7219885,-95.3491623,America/Chicago,USA,29.944616,-90.116692,America/Chicago,314.0,0.0,0.0,1,0,29.7219885,-95.3491623,America/Chicago,0.0,0.0,0.0,0,0,0,2022-09-30T23:00:00+00:00,26.7,1.77,3.5,,0.0,0.0,0.0,0,0,32,0,open_air,open_air,0,0,1,open-meteo-era5,ok
2022,2,5,401426576,2022-09-30,18:30,2022-09-30T23:30:00+00:00,UTSA Roadrunners,Middle Tennessee Blue Raiders,"Johnny ""Red"" Floyd Stadium",0,resolved_schedule_stadium,35.8511463,-86.3681649,America/Chicago,USA,29.4169834,-98.4788143,America/Chicago,832.2,0.0,0.0,0,1,35.8511463,-86.3681649,America/Chicago,0.0,0.0,0.0,0,0,0,2022-09-30T23:00:00+00:00,22.0,3.55,7.1,,0.0,0.0,0.0,0,0,32,0,open_air,open_air,0,0,1,open-meteo-era5,ok
2022,2,5,401403902,2022-10-01,14:30,2022-10-01T19:30:00+00:00,Alabama Crimson Tide,Arkansas Razorbacks,Razorback Stadium,0,resolved_schedule_stadium,36.0680662,-94.1789534,America/Chicago,USA,33.2082752,-87.5503836,America/Chicago,425.3,0.0,0.0,1,0,36.0680662,-94.1789534,America/Chicago,0.0,0.0,0.0,0,0,0,2022-10-01T19:00:00+00:00,25.5,1.81,6.5,,0.0,0.0,0.0,0,0,23,0,open_air,open_air,0,0,1,open-meteo-era5,ok
2022,2,5,401403903,2022-10-01,18:00,2022-10-01T23:00:00+00:00,LSU Tigers,Auburn Tigers,Jordan-Hare Stadium,0,resolved_schedule_stadium,32.6025532,-85.4897479,America/Chicago,USA,30.412035,-91.1838163,America/Chicago,367.9,0.0,0.0,0,1,32.6025532,-85.4897479,America/Chicago,0.0,0.0,0.0,0,0,0,2022-10-01T23:00:00+00:00,24.4,3.54,6.4,,0.0,0.0,0.0,0,0,38,0,open_air,open_air,0,0,1,open-meteo-era5,ok
2022,2,5,401403905,2022-10-01,11:00,2022-10-01T16:00:00+00:00,Kentucky Wildcats,Ole Miss Rebels,Vaught-Hemingway Stadium,0,resolved_schedule_stadium,34.3619837,-89.5342076,America/Chicago,USA,38.0220905,-84.5053408,America/New_York,377.5,-1.0,1.0,1,0,34.3619837,-89.5342076,America/Chicago,0.0,0.0,0.0,0,0,0,2022-10-01T16:00:00+00:00,22.4,2.9,8.2,,0.0,0.0,0.0,0,0,38,0,open_air,open_air,0,0,1,open-meteo-era5,ok
2022,2,5,401403906,2022-10-01,15:00,2022-10-01T20:00:00+00:00,Texas A&M Aggies,Mississippi State Bulldogs,Davis Wade Stadium,0,resolved_schedule_stadium,33.4563403,-88.7933652,America/Chicago,USA,30.6098891,-96.3403828,America/Chicago,483.7,0.0,0.0,0,1,33.4563403,-88.7933652,America/Chicago,0.0,0.0,0.0,0,0,0,2022-10-01T20:00:00+00:00,26.8,3.28,8.3,,0.0,0.0,0.0,0,0,26,0,open_air,open_air,0,0,1,open-meteo-era5,ok
2022,2,5,401403907,2022-10-01,18:30,2022-10-01T23:30:00+00:00,Georgia Bulldogs,Missouri Tigers,Memorial Stadium,0,ambiguous_schedule_stadium,,,America/Chicago,,33.9498197,-83.3733813,America/New_York,,,,,,38.9358491,-92.3332009,America/Chicago,,,,,,,,,,,,,,,,,,,open_air,,,,,,venue_unresolved
2022,2,5,401404002,2022-10-01,18:30,2022-10-02T01:30:00+00:00,Colorado Buffaloes,Arizona Wildcats,Arizona Stadium,0,resolved_schedule_stadium,32.2288054,-110.9488677,America/Phoenix,USA,40.0094746,-105.266905,America/Denver,623.8,-1.0,1.0,1,0,32.2288054,-110.9488677,America/Phoenix,0.0,0.0,0.0,0,0,0,2022-10-02T01:00:00+00:00,29.8,3.3,6.5,,0.0,0.0,0.0,0,0,34,1,open_air,open_air,0,0,1,open-meteo-era5,ok
2022,2,5,401404003,2022-10-01,19:40,2022-10-02T02:40:00+00:00,Arizona State Sun Devils,USC Trojans,Los Angeles Memorial Coliseum,0,resolved_schedule_stadium,34.014167,-118.287778,America/Los_Angeles,USA,33.4264471,-111.9325005,America/Phoenix,367.4,0.0,0.0,1,0,34.014167,-118.287778,America/Los_Angeles,0.0,0.0,0.0,0,0,0,2022-10-02T03:00:00+00:00,20.4,2.12,3.8,,0.0,0.0,0.0,0,0,70,0,open_air,open_air,0,0,1,open-meteo-era5,ok
2022,2,5,401404004,2022-10-01,14:30,2022-10-01T21:30:00+00:00,California Golden Bears,Washington State Cougars,Gesa Field,0,resolved_schedule_stadium,46.731831,-117.1604991,America/Los_Angeles,USA,37.8710434,-122.2507729,America/Los_Angeles,664.8,0.0,0.0,0,1,46.731831,-117.1604991,America/Los_Angeles,0.0,0.0,0.0,0,0,0,2022-10-01T21:00:00+00:00,22.7,2.64,7.0,,0.0,0.0,0.0,0,0,43,0,open_air,open_air,0,0,1,open-meteo-era5,ok
2022,2,5,401404005,2022-10-01,20:00,2022-10-02T03:00:00+00:00,Stanford Cardinal,Oregon Ducks,Autzen Stadium,0,resolved_schedule_stadium,44.0582712,-123.0684883,America/Los_Angeles,USA,37.4345556,-122.1611271,America/Los_Angeles,460.1,0.0,0.0,1,0,44.0582712,-123.0684883,America/Los_Angeles,0.0,0.0,0.0,0,0,0,2022-10-02T03:00:00+00:00,19.5,2.96,4.8,,0.0,0.0,0.0,0,0,57,0,open_air,open_air,0,0,1,open-meteo-era5,ok
2022,2,5,401404006,2022-10-01,12:00,2022-10-01T18:00:00+00:00,Oregon State Beavers,Utah Utes,Rice-Eccles Stadium,0,resolved_schedule_stadium,40.7599724,-111.8488255,America/Denver,USA,44.5594559,-123.2814341,America/Los_Angeles,636.7,1.0,1.0,0,1,40.7599724,-111.8488255,America/Denver,0.0,0.0,0.0,0,0,0,2022-10-01T18:00:00+00:00,16.6,2.35,8.2,,0.1,0.1,0.0,1,0,57,51,open_air,open_air,0,0,1,open-meteo-era5,ok
2022,2,5,401404083,2022-10-01,14:30,2022-10-01T19:30:00+00:00,Oklahoma State Cowboys,Baylor Bears,McLane Stadium,0,resolved_schedule_stadium,31.5582015,-97.1156702,America/Chicago,USA,36.125673,-97.066513,America/Chicago,315.6,0.0,0.0,1,0,31.5582015,-97.1156702,America/Chicago,0.0,0.0,0.0,0,0,0,2022-10-01T19:00:00+00:00,27.2,1.81,6.0,,0.0,0.0,0.0,0,0,26,0,open_air,open_air,0,0,1,open-meteo-era5,ok
2022,2,5,401404084,2022-10-01,14:30,2022-10-01T19:30:00+00:00,Iowa State Cyclones,Kansas Jayhawks,Memorial Stadium,0,ambiguous_schedule_stadium,,,America/Chicago,,42.0139977,-93.6357716,America/Chicago,,,,,,38.9629418,-95.2463686,America/Chicago,,,,,,,,,,,,,,,,,,,open_air,,,,,,venue_unresolved
2022,2,5,401404085,2022-10-01,11:00,2022-10-01T16:00:00+00:00,Texas Tech Red Raiders,Kansas State Wildcats,Bill Snyder Family Stadium,0,resolved_schedule_stadium,39.2020096,-96.5938395,America/Chicago,USA,33.5910518,-101.8728824,America/Chicago,486.1,0.0,0.0,0,1,39.2020096,-96.5938395,America/Chicago,0.0,0.0,0.0,0,0,0,2022-10-01T16:00:00+00:00,23.4,4.17,8.7,,0.0,0.0,0.0,0,0,29,2,open_air,open_air,0,0,1,open-meteo-era5,ok
2022,2,5,401404086,2022-10-01,11:00,2022-10-01T16:00:00+00:00,Oklahoma Sooners,TCU Horned Frogs,Amon G. Carter Stadium,0,resolved_schedule_stadium,32.7096604,-97.3680835,America/Chicago,USA,35.2058537,-97.4423145,America/Chicago,172.5,0.0,0.0,0,1,32.7096604,-97.3680835,America/Chicago,0.0,0.0,0.0,0,0,0,2022-10-01T16:00:00+00:00,23.6,2.1,6.0,,0.0,0.0,0.0,0,0,34,0,open_air,open_air,0,0,1,open-meteo-era5,ok
2022,2,5,401404087,2022-10-01,18:30,2022-10-01T23:30:00+00:00,West Virginia Mountaineers,Texas Longhorns,DKR-Texas Memorial Stadium,0,resolved_schedule_stadium,30.2836813,-97.7325345,America/Chicago,USA,39.6502744,-79.9551873,America/New_York,1193.2,-1.0,1.0,1,0,30.2836813,-97.7325345,America/Chicago,0.0,0.0,0.0,0,0,0,2022-10-01T23:00:00+00:00,29.9,2.69,6.3,,0.0,0.0,0.0,0,0,21,0,open_air,open_air,0,0,1,open-meteo-era5,ok
2022,2,5,401404137,2022-10-01,12:00,2022-10-01T16:00:00+00:00,Georgia State Panthers,Army Black Knights,Michie Stadium,0,resolved_schedule_stadium,41.3874924,-73.9640891,America/New_York,USA,33.735267,-84.389949,America/New_York,777.1,0.0,0.0,0,1,41.3874924,-73.9640891,America/New_York,0.0,0.0,0.0,0,0,0,2022-10-01T16:00:00+00:00,13.3,3.96,9.8,,1.0,1.0,0.0,1,0,87,55,open_air,open_air,0,0,1,open-meteo-era5,ok
2022,2,5,401404151,2022-10-01,15:30,2022-10-01T19:30:00+00:00,Fresno State Bulldogs,UConn Huskies,Pratt & Whitney Stadium,0,resolved_schedule_stadium,41.7595675,-72.6187728,America/New_York,USA,36.8143527,-119.7580092,America/Los_Angeles,2512.3,3.0,3.0,0,1,41.7595675,-72.6187728,America/New_York,0.0,0.0,0.0,0,0,0,2022-10-01T19:00:00+00:00,15.2,3.88,8.2,,0.3,0.3,0.0,1,0,82,51,open_air,open_air,0,0,1,open-meteo-era5,ok
2022,2,5,401404161,2022-10-01,18:00,2022-10-01T22:00:00+00:00,Liberty Flames,Old Dominion Monarchs,S.B. Ballard Stadium,0,resolved_schedule_stadium,36.8889533,-76.3049175,America/New_York,USA,37.3544305,-79.1750239,America/New_York,161.4,0.0,0.0,0,1,36.8889533,-76.3049175,America/New_York,0.0,0.0,0.0,0,0,0,2022-10-01T22:00:00+00:00,22.0,1.86,3.3,,0.0,0.0,0.0,0,0,71,3,open_air,open_air,0,0,1,open-meteo-era5,ok
2022,2,5,401405099,2022-10-01,11:00,2022-10-01T16:00:00+00:00,Illinois Fighting Illini,Wisconsin Badgers,Camp Randall Stadium,0,resolved_schedule_stadium,43.06994,-89.4126943,America/Chicago,USA,40.0993268,-88.2359569,America/Chicago,214.1,0.0,0.0,1,0,43.06994,-89.4126943,America/Chicago,0.0,0.0,0.0,0,0,0,2022-10-01T16:00:00+00:00,17.0,1.96,5.8,,0.0,0.0,0.0,0,0,71,1,open_air,open_air,0,0,1,open-meteo-era5,ok
2022,2,5,401405100,2022-10-01,11:00,2022-10-01T16:00:00+00:00,Michigan Wolverines,Iowa Hawkeyes,Kinnick Stadium,0,resolved_schedule_stadium,41.6586045,-91.5510829,America/Chicago,USA,42.2658365,-83.7486956,America/Detroit,402.9,-1.0,1.0,1,0,41.6586045,-91.5510829,America/Chicago,0.0,0.0,0.0,0,0,0,2022-10-01T16:00:00+00:00,17.7,2.61,6.3,,0.0,0.0,0.0,0,0,57,0,open_air,open_air,0,0,1,open-meteo-era5,ok
2022,2,5,401405101,2022-10-01,11:00,2022-10-01T16:00:00+00:00,Purdue Boilermakers,Minnesota Golden Gophers,Huntington Bank Stadium,0,resolved_schedule_stadium,44.976525,-93.2245462,America/Chicago,USA,40.4352253,-86.9186843,America/Indiana/Indianapolis,448.0,-1.0,1.0,1,0,44.976525,-93.2245462,America/Chicago,0.0,0.0,0.0,0,0,0,2022-10-01T16:00:00+00:00,17.5,1.99,6.3,,0.0,0.0,0.0,0,0,58,1,open_air,open_air,0,0,1,open-meteo-era5,ok
2022,2,5,401405102,2022-10-01,18:30,2022-10-01T23:30:00+00:00,Indiana Hoosiers,Nebraska Cornhuskers,"Memorial Stadium (Lincoln, NE)",0,ambiguous_schedule_stadium,,,America/Chicago,,39.1808959,-86.5256217,America/Indiana/Indianapolis,,,,,,40.820682,-96.705594,America/Chicago,,,,,,,,,,,,,,,,,,,open_air,,,,,,venue_unresolved
2022,2,5,401405103,2022-10-01,15:30,2022-10-01T19:30:00+00:00,Michigan State Spartans,Maryland Terrapins,SECU Stadium,0,resolved_schedule_stadium,38.9903332,-76.9473792,America/New_York,USA,42.7281474,-84.4848526,America/Detroit,470.7,0.0,0.0,0,1,38.9903332,-76.9473792,America/New_York,0.0,0.0,0.0,0,0,0,2022-10-01T19:00:00+00:00,17.2,5.26,11.3,,0.1,0.1,0.0,1,0,86,51,open_air,open_air,0,0,1,open-meteo-era5,ok
2022,2,5,401405104,2022-10-01,15:30,2022-10-01T19:30:00+00:00,Rutgers Scarlet Knights,Ohio State Buckeyes,Ohio Stadium,0,resolved_schedule_stadium,40.0016447,-83.0197266,America/New_York,USA,40.5462553,-74.4660408,America/New_York,452.3,0.0,0.0,1,0,40.0016447,-83.0197266,America/New_York,0.0,0.0,0.0,0,0,0,2022-10-01T19:00:00+00:00,19.3,6.14,11.5,,0.2,0.2,0.0,1,0,44,51,open_air,open_air,0,0,1,open-meteo-era5,ok
2022,2,5,401405105,2022-10-01,15:30,2022-10-01T19:30:00+00:00,Northwestern Wildcats,Penn State Nittany Lions,Beaver Stadium,0,resolved_schedule_stadium,40.8121958,-77.8561023,America/New_York,USA,42.0653994,-87.6924751,America/Chicago,516.5,1.0,1.0,0,1,40.8121958,-77.8561023,America/New_York,0.0,0.0,0.0,0,0,0,2022-10-01T19:00:00+00:00,14.1,4.38,10.0,,1.6,1.6,0.0,1,0,79,61,open_air,open_air,0,0,1,open-meteo-era5,ok
2022,2,5,401411124,2022-10-01,12:00,2022-10-01T16:00:00+00:00,Louisville Cardinals,Boston College Eagles,"Alumni Stadium (Chestnut Hill, MA)",0,resolved_schedule_stadium,42.335104,-71.1664413,America/New_York,USA,38.2057621,-85.7588141,America/Kentucky/Louisville,819.2,0.0,0.0,0,1,42.335104,-71.1664413,America/New_York,0.0,0.0,0.0,0,0,0,2022-10-01T16:00:00+00:00,12.1,3.11,8.0,,3.3,3.3,0.0,1,0,87,63,open_air,open_air,0,0,1,open-meteo-era5,ok
2022,2,5,401411125,2022-10-01,19:30,2022-10-01T23:30:00+00:00,NC State Wolfpack,Clemson Tigers,"Memorial Stadium (Clemson, SC)",0,resolved_schedule_stadium_timezone,34.6787737,-82.8432428,America/New_York,USA,35.8008001,-78.7195655,America/New_York,245.3,0.0,0.0,1,0,34.6787737,-82.8432428,America/New_York,0.0,0.0,0.0,0,0,0,2022-10-01T23:00:00+00:00,17.6,3.25,5.7,,0.0,0.0,0.0,0,0,65,2,open_air,open_air,0,0,1,open-meteo-era5,ok
2022,2,5,401411126,2022-10-01,19:30,2022-10-01T23:30:00+00:00,Virginia Cavaliers,Duke Blue Devils,Wallace Wade Stadium,0,resolved_schedule_stadium,35.9953688,-78.9417564,America/New_York,USA,38.0311801,-78.5137897,America/New_York,142.6,0.0,0.0,1,0,35.9953688,-78.9417564,America/New_York,0.0,0.0,0.0,0,0,0,2022-10-01T23:00:00+00:00,15.9,2.61,5.5,,0.0,0.0,0.0,0,0,87,3,open_air,open_air,0,0,1,open-meteo-era5,ok
2022,2,5,401411127,2022-10-01,15:30,2022-10-01T19:30:00+00:00,Wake Forest Demon Deacons,Florida State Seminoles,Doak Campbell Stadium,0,resolved_schedule_stadium,30.4381692,-84.3044032,America/New_York,USA,36.1305507,-80.2545851,America/New_York,457.5,0.0,0.0,1,0,30.4381692,-84.3044032,America/New_York,0.0,0.0,0.0,0,0,0,2022-10-01T19:00:00+00:00,30.3,3.77,9.8,,0.0,0.0,0.0,0,0,24,0,open_air,open_air,0,0,1,open-meteo-era5,ok
2022,2,5,401411128,2022-10-01,15:30,2022-10-01T19:30:00+00:00,Virginia Tech Hokies,North Carolina Tar Heels,Kenan Stadium,0,resolved_schedule_stadium,35.9069294,-79.0478889,America/New_York,USA,37.2199873,-80.4180643,America/New_York,118.4,0.0,0.0,0,1,35.9069294,-79.0478889,America/New_York,0.0,0.0,0.0,0,0,0,2022-10-01T19:00:00+00:00,17.1,3.34,6.9,,0.1,0.1,0.0,1,0,87,51,open_air,open_air,0,0,1,open-meteo-era5,ok
2022,2,5,401411129,2022-10-01,20:00,2022-10-02T00:00:00+00:00,Georgia Tech Yellow Jackets,Pittsburgh Panthers,Acrisure Stadium,0,resolved_schedule_stadium,40.4467648,-80.0157603,America/New_York,USA,33.7724449,-84.3928054,America/New_York,520.2,0.0,0.0,0,1,40.4467648,-80.0157603,America/New_York,0.0,0.0,0.0,0,0,0,2022-10-02T00:00:00+00:00,12.9,4.79,10.5,,0.8,0.8,0.0,1,0,90,53,open_air,open_air,0,0,1,open-meteo-era5,ok
2022,2,5,401411130,2022-10-01,17:00,2022-10-01T21:00:00+00:00,Wagner Seahawks,Syracuse Orange,JMA Wireless Dome,0,resolved_schedule_stadium,43.0362269,-76.1363161,America/New_York,USA,,,,,,,,,43.0362269,-76.1363161,America/New_York,0.0,0.0,0.0,0,0,0,2022-10-01T21:00:00+00:00,18.0,3.03,6.9,,0.0,0.0,0.0,0,0,59,1,dome,dome,1,0,0,open-meteo-era5,ok
2022,2,5,401414782,2022-10-01,14:00,2022-10-01T18:00:00+00:00,Massachusetts Minutemen,Eastern Michigan Eagles,Rynearson Stadium,0,resolved_schedule_stadium,42.256126,-83.647285,America/Detroit,USA,42.3773244,-72.5360595,America/New_York,567.3,0.0,0.0,1,0,42.256126,-83.647285,America/Detroit,0.0,0.0,0.0,0,0,0,2022-10-01T18:00:00+00:00,20.4,4.87,10.5,,0.0,0.0,0.0,0,0,43,0,open_air,open_air,0,0,1,open-meteo-era5,ok
2022,2,5,401415227,2022-10-01,10:00,2022-10-01T16:00:00+00:00,Navy Midshipmen,Air Force Falcons,Falcon Stadium,0,resolved_schedule_stadium,38.9969701,-104.8436165,America/Denver,USA,38.9846985,-76.5076335,America/New_York,1515.5,-2.0,2.0,1,0,38.9969701,-104.8436165,America/Denver,0.0,0.0,0.0,0,0,0,2022-10-01T16:00:00+00:00,16.3,2.47,6.3,,0.0,0.0,0.0,0,0,58,2,open_air,open_air,0,0,1,open-meteo-era5,ok
2022,2,5,401415230,2022-10-01,17:30,2022-10-01T23:30:00+00:00,San José State Spartans,Wyoming Cowboys,War Memorial Stadium,0,resolved_schedule_stadium,41.31161,-105.5681384,America/Denver,USA,37.3196675,-121.8682962,America/Los_Angeles,912.3,1.0,1.0,0,1,41.31161,-105.5681384,America/Denver,0.0,0.0,0.0,0,0,0,2022-10-01T23:00:00+00:00,12.6,3.8,7.5,,1.2,1.2,0.0,1,0,66,55,open_air,open_air,0,0,1,open-meteo-era5,ok
2022,2,5,401415626,2022-10-01,14:30,2022-10-01T18:30:00+00:00,East Carolina Pirates,South Florida Bulls,FAU Stadium,1,resolved_schedule_stadium,26.3763763,-80.1015759,America/New_York,USA,35.5968486,-77.364564,America/New_York,657.3,0.0,0.0,1,0,27.9758691,-82.5033344,America/New_York,184.4,0.0,0.0,0,1,0,2022-10-01T18:00:00+00:00,28.4,1.75,4.6,,0.4,0.4,0.0,1,0,67,51,open_air,open_air,0,0,1,open-meteo-era5,ok
2022,2,5,401415627,2022-10-01,18:00,2022-10-01T23:00:00+00:00,Cincinnati Bearcats,Tulsa Golden Hurricane,Chapman Stadium,0,resolved_schedule_stadium,36.1489175,-95.9437853,America/Chicago,USA,39.1312495,-84.5161913,America/New_York,657.8,-1.0,1.0,1,0,36.1489175,-95.9437853,America/Chicago,0.0,0.0,0.0,0,0,0,2022-10-01T23:00:00+00:00,27.0,2.71,4.7,,0.0,0.0,0.0,0,0,21,0,open_air,open_air,0,0,1,open-meteo-era5,ok
2022,2,5,401415628,2022-10-01,11:00,2022-10-01T16:00:00+00:00,Temple Owls,Memphis Tigers,Simmons Bank Liberty Stadium,0,resolved_schedule_stadium,35.1209429,-89.977147,America/Chicago,USA,39.9007995,-75.1675414,America/New_York,874.9,-1.0,1.0,1,0,35.1209429,-89.977147,America/Chicago,0.0,0.0,0.0,0,0,0,2022-10-01T16:00:00+00:00,21.5,2.94,7.6,,0.0,0.0,0.0,0,0,47,0,open_air,open_air,0,0,1,open-meteo-era5,ok
2022,2,5,401416607,2022-10-01,15:30,2022-10-01T19:30:00+00:00,Central Michigan Chippewas,Toledo Rockets,Glass Bowl,0,resolved_schedule_stadium,41.6574777,-83.6135652,America/New_York,USA,43.5777313,-84.7709904,America/Detroit,145.1,0.0,0.0,0,1,41.6574777,-83.6135652,America/New_York,0.0,0.0,0.0,0,0,0,2022-10-01T19:00:00+00:00,19.4,6.57,12.3,,0.0,0.0,0.0,0,0,42,1,open_air,open_air,0,0,1,open-meteo-era5,ok
2022,2,5,401416608,2022-10-01,14:00,2022-10-01T18:00:00+00:00,Northern Illinois Huskies,Ball State Cardinals,Scheumann Stadium,0,resolved_schedule_stadium,40.2159422,-85.4161148,America/Indiana/Indianapolis,USA,41.9339586,-88.7778357,America/Chicago,211.5,1.0,1.0,0,1,40.2159422,-85.4161148,America/Indiana/Indianapolis,0.0,0.0,0.0,0,0,0,2022-10-01T18:00:00+00:00,21.3,6.7,12.1,,0.0,0.0,0.0,0,0,31,0,open_air,open_air,0,0,1,open-meteo-era5,ok
2022,2,5,401416609,2022-10-01,15:30,2022-10-01T19:30:00+00:00,Bowling Green Falcons,Akron Zips,InfoCision Stadium,0,resolved_schedule_stadium,41.0725534,-81.5083408,America/New_York,USA,41.3780114,-83.6225,America/New_York,111.9,0.0,0.0,0,1,41.0725534,-81.5083408,America/New_York,0.0,0.0,0.0,0,0,0,2022-10-01T19:00:00+00:00,16.0,5.58,10.7,,0.1,0.1,0.0,1,0,54,51,open_air,open_air,0,0,1,open-meteo-era5,ok
2022,2,5,401416610,2022-10-01,15:30,2022-10-01T19:30:00+00:00,Miami (OH) RedHawks,Buffalo Bulls,UB Stadium,0,resolved_schedule_stadium,42.9991334,-78.7775113,America/New_York,USA,39.5197009,-84.7330255,America/New_York,391.6,0.0,0.0,0,1,42.9991334,-78.7775113,America/New_York,0.0,0.0,0.0,0,0,0,2022-10-01T19:00:00+00:00,18.0,5.0,10.6,,0.0,0.0,0.0,0,0,54,3,open_air,open_air,0,0,1,open-meteo-era5,ok
2022,2,5,401416611,2022-10-01,15:30,2022-10-01T19:30:00+00:00,Ohio Bobcats,Kent State Golden Flashes,Dix Stadium,0,resolved_schedule_stadium,41.1390935,-81.31346,America/New_York,USA,39.3212794,-82.1034315,America/New_York,132.3,0.0,0.0,0,1,41.1390935,-81.31346,America/New_York,0.0,0.0,0.0,0,0,0,2022-10-01T19:00:00+00:00,16.0,5.41,11.2,,0.0,0.0,0.0,0,0,56,3,open_air,open_air,0,0,1,open-meteo-era5,ok
2022,2,5,401416612,2022-10-01,18:00,2022-10-01T22:00:00+00:00,New Hampshire Wildcats,Western Michigan Broncos,Waldo Stadium,0,resolved_schedule_stadium,42.2860064,-85.6007573,America/Detroit,USA,,,,,,,,,42.2860064,-85.6007573,America/Detroit,0.0,0.0,0.0,0,0,0,2022-10-01T22:00:00+00:00,19.0,3.38,6.7,,0.0,0.0,0.0,0,0,48,0,open_air,open_air,0,0,1,open-meteo-era5,ok
2022,2,5,401421140,2022-10-01,15:30,2022-10-01T19:30:00+00:00,The Citadel Bulldogs,App State Mountaineers,Kidd Brewer Stadium,0,resolved_schedule_stadium,36.2114267,-81.6854278,America/New_York,USA,,,,,,,,,36.2114267,-81.6854278,America/New_York,0.0,0.0,0.0,0,0,0,2022-10-01T19:00:00+00:00,11.4,3.51,9.2,,0.0,0.0,0.0,0,0,81,3,open_air,open_air,0,0,1,open-meteo-era5,ok
2022,2,5,401426337,2022-10-01,19:00,2022-10-01T23:00:00+00:00,Georgia Southern Eagles,Coastal Carolina Chanticleers,Brooks Stadium (SC),0,resolved_schedule_stadium,33.7928506,-79.0166946,America/New_York,USA,32.4122471,-81.7849296,America/New_York,186.5,0.0,0.0,0,1,33.7928506,-79.0166946,America/New_York,0.0,0.0,0.0,0,0,0,2022-10-01T23:00:00+00:00,20.5,0.75,2.3,,0.0,0.0,0.0,0,0,80,2,open_air,open_air,0,0,1,open-meteo-era5,ok
2022,2,5,401426338,2022-10-01,13:30,2022-10-01T17:30:00+00:00,Texas State Bobcats,James Madison Dukes,Bridgeforth Stadium,0,resolved_schedule_stadium,38.4352919,-78.8729349,America/New_York,USA,29.8910008,-97.9255735,America/Chicago,1235.4,1.0,1.0,0,1,38.4352919,-78.8729349,America/New_York,0.0,0.0,0.0,0,0,0,2022-10-01T17:00:00+00:00,11.6,3.94,11.7,,0.3,0.3,0.0,1,0,100,51,open_air,open_air,0,0,1,open-meteo-era5,ok
2022,2,5,401426339,2022-10-01,15:30,2022-10-01T19:30:00+00:00,Gardner-Webb Runnin' Bulldogs,Marshall Thundering Herd,Joan C. Edwards Stadium,0,resolved_schedule_stadium,38.4247042,-82.4214412,America/New_York,USA,,,,,,,,,38.4247042,-82.4214412,America/New_York,0.0,0.0,0.0,0,0,0,2022-10-01T19:00:00+00:00,12.3,3.91,8.6,,0.2,0.2,0.0,1,0,90,51,open_air,open_air,0,0,1,open-meteo-era5,ok
2022,2,5,401426340,2022-10-01,18:00,2022-10-01T23:00:00+00:00,UL Monroe Warhawks,Arkansas State Red Wolves,Centennial Bank Stadium,0,resolved_schedule_stadium,35.8488977,-90.6677436,America/Chicago,USA,32.5308089,-92.0660602,America/Chicago,242.8,0.0,0.0,0,1,35.8488977,-90.6677436,America/Chicago,0.0,0.0,0.0,0,0,0,2022-10-01T23:00:00+00:00,24.6,2.38,4.4,,0.0,0.0,0.0,0,0,25,0,open_air,open_air,0,0,1,open-meteo-era5,ok
2022,2,5,401426341,2022-10-01,16:00,2022-10-01T21:00:00+00:00,South Alabama Jaguars,Louisiana Ragin' Cajuns,Cajun Field,0,resolved_schedule_stadium,30.2158434,-92.0417371,America/Chicago,USA,30.6943566,-88.0430541,America/Chicago,240.4,0.0,0.0,1,0,30.2158434,-92.0417371,America/Chicago,0.0,0.0,0.0,0,0,0,2022-10-01T21:00:00+00:00,30.4,3.71,8.2,,0.0,0.0,0.0,0,0,19,0,open_air,open_air,0,0,1,open-meteo-era5,ok
2022,2,5,401426573,2022-10-01,18:00,2022-10-01T22:00:00+00:00,UTEP Miners,Charlotte 49ers,Jerry Richardson Stadium,0,resolved_schedule_stadium,35.3105033,-80.7401194,America/New_York,USA,31.7733353,-106.507957,America/Denver,1499.6,2.0,2.0,0,1,35.3105033,-80.7401194,America/New_York,0.0,0.0,0.0,0,0,0,2022-10-01T22:00:00+00:00,17.3,0.49,3.9,,0.0,0.0,0.0,0,0,75,3,open_air,open_air,0,0,1,open-meteo-era5,ok
2022,2,5,401426574,2022-10-01,18:00,2022-10-02T00:00:00+00:00,Florida International Panthers,New Mexico State Aggies,Aggie Memorial Stadium,0,resolved_schedule_stadium,32.2796202,-106.7411148,America/Denver,USA,25.7525014,-80.3778912,America/New_York,1650.7,-2.0,2.0,1,0,32.2796202,-106.7411148,America/Denver,0.0,0.0,0.0,0,0,0,2022-10-02T00:00:00+00:00,27.7,4.39,6.8,,0.0,0.0,0.0,0,0,28,2,open_air,open_air,0,0,1,open-meteo-era5,ok
2022,2,5,401426575,2022-10-01,15:00,2022-10-01T20:00:00+00:00,Florida Atlantic Owls,North Texas Mean Green,DATCU Stadium,0,resolved_schedule_stadium,33.203899,-97.159245,America/Chicago,USA,26.3763763,-80.1015759,America/New_York,1124.4,-1.0,1.0,1,0,33.203899,-97.159245,America/Chicago,0.0,0.0,0.0,0,0,0,2022-10-01T20:00:00+00:00,27.1,2.58,6.7,,0.0,0.0,0.0,0,0,24,0,open_air,open_air,0,0,1,open-meteo-era5,ok
2022,2,5,401426577,2022-10-01,18:30,2022-10-01T23:30:00+00:00,UAB Blazers,Rice Owls,Rice Stadium,0,resolved_schedule_stadium,29.7163297,-95.4093261,America/Chicago,USA,33.5206824,-86.8024326,America/Chicago,570.3,0.0,0.0,1,0,29.7163297,-95.4093261,America/Chicago,0.0,0.0,0.0,0,0,0,2022-10-01T23:00:00+00:00,28.1,1.68,4.0,,0.0,0.0,0.0,0,0,29,0,open_air,open_air,0,0,1,open-meteo-era5,ok
2022,2,5,401426578,2022-10-01,18:00,2022-10-01T23:00:00+00:00,Troy Trojans,Western Kentucky Hilltoppers,Houchens Industries-L.T. Smith Stadium,0,resolved_schedule_stadium,36.9847901,-86.4594041,America/Chicago,USA,31.7995565,-85.9518328,America/Chicago,359.4,0.0,0.0,1,0,36.9847901,-86.4594041,America/Chicago,0.0,0.0,0.0,0,0,0,2022-10-01T23:00:00+00:00,22.3,3.16,5.2,,0.0,0.0,0.0,0,0,34,0,open_air,open_air,0,0,1,open-meteo-era5,ok
2022,2,5,401403904,2022-10-02,12:00,2022-10-02T16:00:00+00:00,Eastern Washington Eagles,Florida Gators,Ben Hill Griffin Stadium,0,resolved_schedule_stadium,29.6499357,-82.3485788,America/New_York,USA,,,,,,,,,29.6499357,-82.3485788,America/New_York,0.0,0.0,0.0,0,0,0,2022-10-02T16:00:00+00:00,25.8,2.41,6.7,,0.0,0.0,0.0,0,0,50,0,open_air,open_air,0,0,1,open-meteo-era5,ok
2022,2,6,401415629,2022-10-05,19:00,2022-10-05T23:00:00+00:00,SMU Mustangs,UCF Knights,FBC Mortgage Stadium,0,resolved_schedule_stadium,28.6079765,-81.1927233,America/New_York,USA,32.8377223,-96.7827859,America/Chicago,969.9,1.0,1.0,0,1,28.6079765,-81.1927233,America/New_York,0.0,0.0,0.0,0,0,0,2022-10-05T23:00:00+00:00,24.7,2.01,3.4,,0.0,0.0,0.0,0,0,54,1,open_air,open_air,0,0,1,open-meteo-era5,ok
2022,2,6,401405111,2022-10-07,19:00,2022-10-07T23:00:00+00:00,Nebraska Cornhuskers,Rutgers Scarlet Knights,SHI Stadium,0,resolved_schedule_stadium,40.5462553,-74.4660408,America/New_York,USA,40.820682,-96.705594,America/Chicago,1162.3,1.0,1.0,0,1,40.5462553,-74.4660408,America/New_York,0.0,0.0,0.0,0,0,0,2022-10-07T23:00:00+00:00,20.2,3.22,5.8,,0.0,0.0,0.0,0,0,58,2,open_air,open_air,0,0,1,open-meteo-era5,ok
2022,2,6,401415233,2022-10-07,19:30,2022-10-08T02:30:00+00:00,Colorado State Rams,Nevada Wolf Pack,Mackay Stadium,0,resolved_schedule_stadium,39.5469459,-119.8175435,America/Los_Angeles,USA,40.570015,-105.088435,America/Denver,781.2,-1.0,1.0,1,0,39.5469459,-119.8175435,America/Los_Angeles,0.0,0.0,0.0,0,0,0,2022-10-08T02:00:00+00:00,25.0,2.06,6.1,,0.0,0.0,0.0,0,0,17,0,open_air,open_air,0,0,1,open-meteo-era5,ok
2022,2,6,401415236,2022-10-07,19:30,2022-10-08T02:30:00+00:00,UNLV Rebels,San José State Spartans,CEFCU Stadium,0,resolved_schedule_stadium,37.3196675,-121.8682962,America/Los_Angeles,USA,36.0908,-115.1830,America/Los_Angeles,379.8,0.0,0.0,1,0,37.3196675,-121.8682962,America/Los_Angeles,0.0,0.0,0.0,0,0,0,2022-10-08T02:00:00+00:00,24.3,1.48,3.2,,0.0,0.0,0.0,0,0,62,0,open_air,open_air,0,0,1,open-meteo-era5,ok
2022,2,6,401415630,2022-10-07,18:30,2022-10-07T23:30:00+00:00,Houston Cougars,Memphis Tigers,Simmons Bank Liberty Stadium,0,resolved_schedule_stadium,35.1209429,-89.977147,America/Chicago,USA,29.7219885,-95.3491623,America/Chicago,487.0,0.0,0.0,0,1,35.1209429,-89.977147,America/Chicago,0.0,0.0,0.0,0,0,0,2022-10-07T23:00:00+00:00,23.6,3.27,6.6,,0.0,0.0,0.0,0,0,50,3,open_air,open_air,0,0,1,open-meteo-era5,ok
2022,2,6,401403909,2022-10-08,19:00,2022-10-09T00:00:00+00:00,Texas A&M Aggies,Alabama Crimson Tide,Bryant-Denny Stadium,0,resolved_schedule_stadium,33.2082752,-87.5503836,America/Chicago,USA,30.6098891,-96.3403828,America/Chicago,545.7,0.0,0.0,0,1,33.2082752,-87.5503836,America/Chicago,0.0,0.0,0.0,0,0,0,2022-10-09T00:00:00+00:00,18.7,2.8,4.6,,0.0,0.0,0.0,0,0,36,0,open_air,open_air,0,0,1,open-meteo-era5,ok
2022,2,6,401403910,2022-10-08,12:00,2022-10-08T16:00:00+00:00,Missouri Tigers,Florida Gators,Ben Hill Griffin Stadium,0,resolved_schedule_stadium,29.6499357,-82.3485788,America/New_York,USA,38.9358491,-92.3332009,America/Chicago,857.0,1.0,1.0,0,1,29.6499357,-82.3485788,America/New_York,0.0,0.0,0.0,0,0,0,2022-10-08T16:00:00+00:00,28.5,1.78,4.6,,0.0,0.0,0.0,0,0,37,0,open_air,open_air,0,0,1,open-meteo-era5,ok
2022,2,6,401403911,2022-10-08,15:30,2022-10-08T19:30:00+00:00,Auburn Tigers,Georgia Bulldogs,Sanford Stadium,0,resolved_schedule_stadium,33.9498197,-83.3733813,America/New_York,USA,32.6025532,-85.4897479,America/Chicago,153.7,1.0,1.0,0,1,33.9498197,-83.3733813,America/New_York,0.0,0.0,0.0,0,0,0,2022-10-08T19:00:00+00:00,25.0,1.63,5.6,,0.0,0.0,0.0,0,0,40,0,open_air,open_air,0,0,1,open-meteo-era5,ok
2022,2,6,401403912,2022-10-08,19:30,2022-10-08T23:30:00+00:00,South Carolina Gamecocks,Kentucky Wildcats,Kroger Field,0,resolved_schedule_stadium,38.0220905,-84.5053408,America/New_York,USA,33.9730239,-81.0191726,America/New_York,340.9,0.0,0.0,1,0,38.0220905,-84.5053408,America/New_York,0.0,0.0,0.0,0,0,0,2022-10-08T23:00:00+00:00,11.4,1.48,2.4,,0.0,0.0,0.0,0,0,53,0,open_air,open_air,0,0,1,open-meteo-era5,ok
2022,2,6,401403913,2022-10-08,11:00,2022-10-08T16:00:00+00:00,Tennessee Volunteers,LSU Tigers,Tiger Stadium (LA),0,resolved_schedule_stadium,30.412035,-91.1838163,America/Chicago,USA,35.9550131,-83.9250128,America/New_York,567.9,-1.0,1.0,1,0,30.412035,-91.1838163,America/Chicago,0.0,0.0,0.0,0,0,0,2022-10-08T16:00:00+00:00,26.0,3.93,8.9,,0.0,0.0,0.0,0,0,49,0,open_air,open_air,0,0,1,open-meteo-era5,ok
2022,2,6,401403914,2022-10-08,11:00,2022-10-08T16:00:00+00:00,Arkansas Razorbacks,Mississippi State Bulldogs,Davis Wade Stadium,0,resolved_schedule_stadium,33.4563403,-88.7933652,America/Chicago,USA,36.0680662,-94.1789534,America/Chicago,354.9,0.0,0.0,0,1,33.4563403,-88.7933652,America/Chicago,0.0,0.0,0.0,0,0,0,2022-10-08T16:00:00+00:00,20.2,3.26,8.5,,0.0,0.0,0.0,0,0,39,0,open_air,open_air,0,0,1,open-meteo-era5,ok
2022,2,6,401403915,2022-10-08,15:00,2022-10-08T20:00:00+00:00,Ole Miss Rebels,Vanderbilt Commodores,FirstBank Stadium,0,resolved_schedule_stadium,36.1440455,-86.8088942,America/Chicago,USA,34.3619837,-89.5342076,America/Chicago,197.0,0.0,0.0,0,1,36.1440455,-86.8088942,America/Chicago,0.0,0.0,0.0,0,0,0,2022-10-08T20:00:00+00:00,17.8,2.83,7.8,,0.0,0.0,0.0,0,0,29,0,open_air,open_air,0,0,1,open-meteo-era5,ok
2022,2,6,401404008,2022-10-08,18:00,2022-10-09T01:00:00+00:00,Oregon Ducks,Arizona Wildcats,Arizona Stadium,0,resolved_schedule_stadium,32.2288054,-110.9488677,America/Phoenix,USA,44.0582712,-123.0684883,America/Los_Angeles,1047.3,0.0,0.0,0,1,32.2288054,-110.9488677,America/Phoenix,0.0,0.0,0.0,0,0,0,2022-10-09T01:00:00+00:00,22.1,3.9,8.7,,0.2,0.2,0.0,1,0,59,51,open_air,open_air,0,0,1,open-meteo-era5,ok
2022,2,6,401404009,2022-10-08,13:00,2022-10-08T20:00:00+00:00,Washington Huskies,Arizona State Sun Devils,Mountain America Stadium,0,resolved_schedule_stadium,33.4264471,-111.9325005,America/Phoenix,USA,47.6503235,-122.3015746,America/Los_Angeles,1121.2,0.0,0.0,0,1,33.4264471,-111.9325005,America/Phoenix,0.0,0.0,0.0,0,0,0,2022-10-08T20:00:00+00:00,30.8,3.39,7.6,,0.0,0.0,0.0,0,0,31,1,open_air,open_air,0,0,1,open-meteo-era5,ok
2022,2,6,401404010,2022-10-08,20:00,2022-10-09T03:00:00+00:00,Oregon State Beavers,Stanford Cardinal,Stanford Stadium,0,resolved_schedule_stadium,37.4345556,-122.1611271,America/Los_Angeles,USA,44.5594559,-123.2814341,America/Los_Angeles,495.7,0.0,0.0,0,1,37.4345556,-122.1611271,America/Los_Angeles,0.0,0.0,0.0,0,0,0,2022-10-09T03:00:00+00:00,16.2,1.61,3.0,,0.0,0.0,0.0,0,0,87,0,open_air,open_air,0,0,1,open-meteo-era5,ok
2022,2,6,401404011,2022-10-08,12:30,2022-10-08T19:30:00+00:00,Utah Utes,UCLA Bruins,Rose Bowl,0,resolved_schedule_stadium,34.1613284,-118.1676462,America/Los_Angeles,USA,40.7599724,-111.8488255,America/Denver,572.3,-1.0,1.0,1,0,34.1613284,-118.1676462,America/Los_Angeles,0.0,0.0,0.0,0,0,0,2022-10-08T19:00:00+00:00,29.9,2.04,7.1,,0.0,0.0,0.0,0,0,39,0,open_air,open_air,0,0,1,open-meteo-era5,ok
2022,2,6,401404012,2022-10-08,16:30,2022-10-08T23:30:00+00:00,Washington State Cougars,USC Trojans,Los Angeles Memorial Coliseum,0,resolved_schedule_stadium,34.014167,-118.287778,America/Los_Angeles,USA,46.731831,-117.1604991,America/Los_Angeles,880.7,0.0,0.0,1,0,34.014167,-118.287778,America/Los_Angeles,0.0,0.0,0.0,0,0,0,2022-10-08T23:00:00+00:00,28.9,2.39,7.3,,0.0,0.0,0.0,0,0,47,1,open_air,open_air,0,0,1,open-meteo-era5,ok
2022,2,6,401404088,2022-10-08,18:30,2022-10-08T23:30:00+00:00,Kansas State Wildcats,Iowa State Cyclones,Jack Trice Stadium,0,resolved_schedule_stadium,42.0139977,-93.6357716,America/Chicago,USA,39.2020096,-96.5938395,America/Chicago,248.6,0.0,0.0,0,1,42.0139977,-93.6357716,America/Chicago,0.0,0.0,0.0,0,0,0,2022-10-08T23:00:00+00:00,16.0,3.8,7.0,,0.0,0.0,0.0,0,0,32,0,open_air,open_air,0,0,1,open-meteo-era5,ok
2022,2,6,401404089,2022-10-08,11:00,2022-10-08T16:00:00+00:00,TCU Horned Frogs,Kansas Jayhawks,Memorial Stadium,0,ambiguous_schedule_stadium,,,America/Chicago,,32.7096604,-97.3680835,America/Chicago,,,,,,38.9629418,-95.2463686,America/Chicago,,,,,,,,,,,,,,,,,,,open_air,,,,,,venue_unresolved
2022,2,6,401404090,2022-10-08,16:00,,Texas Longhorns,Oklahoma Sooners,Cotton Bowl,1,unresolved_neutral_venue,,,,,30.2836813,-97.7325345,America/Chicago,,,,,,35.2058537,-97.4423145,America/Chicago,,,,,,,,,,,,,,,,,,,,,,,,,venue_unresolved
2022,2,6,401404091,2022-10-08,14:30,2022-10-08T19:30:00+00:00,Texas Tech Red Raiders,Oklahoma State Cowboys,Boone Pickens Stadium,0,resolved_schedule_stadium,36.125673,-97.066513,America/Chicago,USA,33.5910518,-101.8728824,America/Chicago,323.9,0.0,0.0,0,1,36.125673,-97.066513,America/Chicago,0.0,0.0,0.0,0,0,0,2022-10-08T19:00:00+00:00,18.4,0.45,4.0,,0.0,0.0,0.0,0,0,37,3,open_air,open_air,0,0,1,open-meteo-era5,ok
2022,2,6,401404127,2022-10-08,16:30,2022-10-08T23:30:00+00:00,BYU Cougars,Notre Dame Fighting Irish,Allegiant Stadium,1,resolved_schedule_stadium,36.0908,-115.1830,America/Los_Angeles,USA,40.2575347,-111.6545247,America/Denver,345.8,-1.0,1.0,1,0,41.698378,-86.2339425,America/Indiana/Indianapolis,1596.0,-3.0,3.0,1,0,0,2022-10-08T23:00:00+00:00,31.6,2.1,6.7,,0.0,0.0,0.0,0,0,20,1,fixed_roof,fixed_roof,1,0,0,open-meteo-era5,ok
2022,2,6,401404138,2022-10-08,19:30,2022-10-08T23:30:00+00:00,Army Black Knights,Wake Forest Demon Deacons,Allegacy Federal Credit Union Stadium,0,resolved_schedule_stadium,36.1305507,-80.2545851,America/New_York,USA,41.3874924,-73.9640891,America/New_York,496.5,0.0,0.0,1,0,36.1305507,-80.2545851,America/New_York,0.0,0.0,0.0,0,0,0,2022-10-08T23:00:00+00:00,14.6,1.89,3.6,,0.0,0.0,0.0,0,0,52,0,open_air,open_air,0,0,1,open-meteo-era5,ok
2022,2,6,401404164,2022-10-08,15:30,2022-10-08T19:30:00+00:00,Liberty Flames,Massachusetts Minutemen,Warren McGuirk Alumni Stadium,0,resolved_schedule_stadium,42.3773244,-72.5360595,America/New_York,USA,37.3544305,-79.1750239,America/New_York,494.1,0.0,0.0,0,1,42.3773244,-72.5360595,America/New_York,0.0,0.0,0.0,0,0,0,2022-10-08T19:00:00+00:00,14.1,3.18,8.5,,0.0,0.0,0.0,0,0,38,0,open_air,open_air,0,0,1,open-meteo-era5,ok
2022,2,6,401405106,2022-10-08,18:30,2022-10-08T23:30:00+00:00,Iowa Hawkeyes,Illinois Fighting Illini,"Memorial Stadium (Champaign, IL)",0,ambiguous_schedule_stadium,,,America/Chicago,,41.6586045,-91.5510829,America/Chicago,,,,,,40.0993268,-88.2359569,America/Chicago,,,,,,,,,,,,,,,,,,,open_air,,,,,,venue_unresolved
2022,2,6,401405107,2022-10-08,14:30,2022-10-08T19:30:00+00:00,Wisconsin Badgers,Northwestern Wildcats,Ryan Field,0,resolved_schedule_stadium,42.0653994,-87.6924751,America/Chicago,USA,43.06994,-89.4126943,America/Chicago,111.7,0.0,0.0,0,1,42.0653994,-87.6924751,America/Chicago,0.0,0.0,0.0,0,0,0,2022-10-08T19:00:00+00:00,13.4,6.22,11.5,,0.0,0.0,0.0,0,0,36,0,open_air,open_air,0,0,1,open-meteo-era5,ok
2022,2,6,401405108,2022-10-08,12:00,2022-10-08T16:00:00+00:00,Michigan Wolverines,Indiana Hoosiers,"Memorial Stadium (Bloomington, IN)",0,resolved_schedule_stadium_timezone,39.1808959,-86.5256217,America/Indiana/Indianapolis,USA,42.2658365,-83.7486956,America/Detroit,258.0,0.0,0.0,1,0,39.1808959,-86.5256217,America/Indiana/Indianapolis,0.0,0.0,0.0,0,0,0,2022-10-08T16:00:00+00:00,11.4,2.42,5.9,,0.0,0.0,0.0,0,0,51,2,open_air,open_air,0,0,1,open-meteo-era5,ok
2022,2,6,401405109,2022-10-08,12:00,2022-10-08T16:00:00+00:00,Purdue Boilermakers,Maryland Terrapins,SECU Stadium,0,resolved_schedule_stadium,38.9903332,-76.9473792,America/New_York,USA,40.4352253,-86.9186843,America/Indiana/Indianapolis,539.0,0.0,0.0,0,1,38.9903332,-76.9473792,America/New_York,0.0,0.0,0.0,0,0,0,2022-10-08T16:00:00+00:00,14.3,3.69,8.8,,0.0,0.0,0.0,0,0,50,3,open_air,open_air,0,0,1,open-meteo-era5,ok
2022,2,6,401405110,2022-10-08,16:00,2022-10-08T20:00:00+00:00,Ohio State Buckeyes,Michigan State Spartans,Spartan Stadium,0,resolved_schedule_stadium,42.7281474,-84.4848526,America/Detroit,USA,40.0016447,-83.0197266,America/New_York,203.1,0.0,0.0,1,0,42.7281474,-84.4848526,America/Detroit,0.0,0.0,0.0,0,0,0,2022-10-08T20:00:00+00:00,11.9,6.66,14.1,,0.0,0.0,0.0,0,0,43,1,open_air,open_air,0,0,1,open-meteo-era5,ok
2022,2,6,401411131,2022-10-08,19:30,2022-10-08T23:30:00+00:00,Clemson Tigers,Boston College Eagles,"Alumni Stadium (Chestnut Hill, MA)",0,resolved_schedule_stadium,42.335104,-71.1664413,America/New_York,USA,34.6787737,-82.8432428,America/New_York,822.3,0.0,0.0,0,1,42.335104,-71.1664413,America/New_York,0.0,0.0,0.0,0,0,0,2022-10-08T23:00:00+00:00,10.4,2.75,3.7,,0.0,0.0,0.0,0,0,58,0,open_air,open_air,0,0,1,open-meteo-era5,ok
2022,2,6,401411132,2022-10-08,16:00,2022-10-08T20:00:00+00:00,Duke Blue Devils,Georgia Tech Yellow Jackets,Bobby Dodd Stadium,0,resolved_schedule_stadium,33.7724449,-84.3928054,America/New_York,USA,35.9953688,-78.9417564,America/New_York,345.0,0.0,0.0,1,0,33.7724449,-84.3928054,America/New_York,0.0,0.0,0.0,0,0,0,2022-10-08T20:00:00+00:00,23.1,4.76,10.4,,0.0,0.0,0.0,0,0,27,0,open_air,open_air,0,0,1,open-meteo-era5,ok
2022,2,6,401411133,2022-10-08,16:00,2022-10-08T20:00:00+00:00,North Carolina Tar Heels,Miami Hurricanes,Hard Rock Stadium,0,resolved_schedule_stadium,25.9579665,-80.2388604,America/New_York,USA,35.9069294,-79.0478889,America/New_York,691.0,0.0,0.0,1,0,25.9579665,-80.2388604,America/New_York,0.0,0.0,0.0,0,0,0,2022-10-08T20:00:00+00:00,27.5,6.01,9.7,,0.2,0.2,0.0,1,0,80,51,open_air,open_air,0,0,1,open-meteo-era5,ok
2022,2,6,401411134,2022-10-08,20:00,2022-10-09T00:00:00+00:00,Florida State Seminoles,NC State Wolfpack,Carter-Finley Stadium,0,resolved_schedule_stadium,35.8008001,-78.7195655,America/New_York,USA,30.4381692,-84.3044032,America/New_York,491.5,0.0,0.0,0,1,35.8008001,-78.7195655,America/New_York,0.0,0.0,0.0,0,0,0,2022-10-09T00:00:00+00:00,13.5,1.57,3.0,,0.0,0.0,0.0,0,0,70,0,open_air,open_air,0,0,1,open-meteo-era5,ok
2022,2,6,401411135,2022-10-08,15:30,2022-10-08T19:30:00+00:00,Virginia Tech Hokies,Pittsburgh Panthers,Acrisure Stadium,0,resolved_schedule_stadium,40.4467648,-80.0157603,America/New_York,USA,37.2199873,-80.4180643,America/New_York,224.0,0.0,0.0,0,1,40.4467648,-80.0157603,America/New_York,0.0,0.0,0.0,0,0,0,2022-10-08T19:00:00+00:00,12.4,3.76,9.0,,0.0,0.0,0.0,0,0,48,2,open_air,open_air,0,0,1,open-meteo-era5,ok
2022,2,6,401411136,2022-10-08,12:00,2022-10-08T16:00:00+00:00,Louisville Cardinals,Virginia Cavaliers,Scott Stadium,0,resolved_schedule_stadium,38.0311801,-78.5137897,America/New_York,USA,38.2057621,-85.7588141,America/Kentucky/Louisville,393.9,0.0,0.0,0,1,38.0311801,-78.5137897,America/New_York,0.0,0.0,0.0,0,0,0,2022-10-08T16:00:00+00:00,15.3,2.47,7.2,,0.0,0.0,0.0,0,0,46,0,open_air,open_air,0,0,1,open-meteo-era5,ok
2022,2,6,401415231,2022-10-08,17:00,2022-10-08T23:00:00+00:00,Air Force Falcons,Utah State Aggies,Maverik Stadium,0,resolved_schedule_stadium,41.7517394,-111.8116007,America/Denver,USA,38.9969701,-104.8436165,America/Denver,413.0,0.0,0.0,1,0,41.7517394,-111.8116007,America/Denver,0.0,0.0,0.0,0,0,0,2022-10-08T23:00:00+00:00,24.1,2.07,7.2,,0.0,0.0,0.0,0,0,27,2,open_air,open_air,0,0,1,open-meteo-era5,ok
2022,2,6,401415232,2022-10-08,19:45,2022-10-09T01:45:00+00:00,Fresno State Bulldogs,Boise State Broncos,Albertsons Stadium,0,resolved_schedule_stadium,43.6028839,-116.1958882,America/Boise,USA,36.8143527,-119.7580092,America/Los_Angeles,505.2,1.0,1.0,0,1,43.6028839,-116.1958882,America/Boise,0.0,0.0,0.0,0,0,0,2022-10-09T02:00:00+00:00,22.4,2.0,3.6,,0.0,0.0,0.0,0,0,31,0,open_air,open_air,0,0,1,open-meteo-era5,ok
2022,2,6,401415234,2022-10-08,17:00,2022-10-08T23:00:00+00:00,Wyoming Cowboys,New Mexico Lobos,University Stadium (NM),0,resolved_schedule_stadium,35.0669479,-106.6283225,America/Denver,USA,41.31161,-105.5681384,America/Denver,435.3,0.0,0.0,1,0,35.0669479,-106.6283225,America/Denver,0.0,0.0,0.0,0,0,0,2022-10-08T23:00:00+00:00,15.6,1.33,2.1,,0.1,0.1,0.0,1,0,69,51,open_air,open_air,0,0,1,open-meteo-era5,ok
2022,2,6,401415235,2022-10-08,19:30,2022-10-09T02:30:00+00:00,Hawai'i Rainbow Warriors,San Diego State Aztecs,Snapdragon Stadium,0,resolved_schedule_stadium,32.784444,-117.122833,America/Los_Angeles,USA,21.294294,-157.819338,Pacific/Honolulu,2609.3,3.0,3.0,0,1,32.784444,-117.122833,America/Los_Angeles,0.0,0.0,0.0,0,0,0,2022-10-09T02:00:00+00:00,22.5,2.81,3.2,,0.0,0.0,0.0,0,0,81,3,open_air,open_air,0,0,1,open-meteo-era5,ok
2022,2,6,401415631,2022-10-08,14:30,2022-10-08T19:30:00+00:00,East Carolina Pirates,Tulane Green Wave,Yulman Stadium,0,resolved_schedule_stadium,29.944616,-90.116692,America/Chicago,USA,35.5968486,-77.364564,America/New_York,836.5,-1.0,1.0,1,0,29.944616,-90.116692,America/Chicago,0.0,0.0,0.0,0,0,0,2022-10-08T19:00:00+00:00,27.6,3.74,7.3,,0.0,0.0,0.0,0,0,47,0,open_air,open_air,0,0,1,open-meteo-era5,ok
2022,2,6,401415632,2022-10-08,15:30,2022-10-08T19:30:00+00:00,Tulsa Golden Hurricane,Navy Midshipmen,Navy-Marine Corps Memorial Stadium,0,resolved_schedule_stadium,38.9846985,-76.5076335,America/New_York,USA,36.1489175,-95.9437853,America/Chicago,1080.2,1.0,1.0,0,1,38.9846985,-76.5076335,America/New_York,0.0,0.0,0.0,0,0,0,2022-10-08T19:00:00+00:00,14.3,4.92,9.2,,0.0,0.0,0.0,0,0,48,3,open_air,open_air,0,0,1,open-meteo-era5,ok
2022,2,6,401415633,2022-10-08,14:30,2022-10-08T18:30:00+00:00,South Florida Bulls,Cincinnati Bearcats,Nippert Stadium,0,resolved_schedule_stadium,39.1312495,-84.5161913,America/New_York,USA,27.9758691,-82.5033344,America/New_York,779.4,0.0,0.0,1,0,39.1312495,-84.5161913,America/New_York,0.0,0.0,0.0,0,0,0,2022-10-08T18:00:00+00:00,13.0,2.29,6.1,,0.0,0.0,0.0,0,0,41,0,open_air,open_air,0,0,1,open-meteo-era5,ok
2022,2,6,401416613,2022-10-08,15:30,2022-10-08T19:30:00+00:00,Ball State Cardinals,Central Michigan Chippewas,Kelly/Shorts Stadium,0,resolved_schedule_stadium,43.5777313,-84.7709904,America/Detroit,USA,40.2159422,-85.4161148,America/Indiana/Indianapolis,234.6,0.0,0.0,0,1,43.5777313,-84.7709904,America/Detroit,0.0,0.0,0.0,0,0,0,2022-10-08T19:00:00+00:00,11.9,7.35,15.5,,0.0,0.0,0.0,0,0,41,0,open_air,open_air,0,0,1,open-meteo-era5,ok
2022,2,6,401416614,2022-10-08,12:00,2022-10-08T16:00:00+00:00,Eastern Michigan Eagles,Western Michigan Broncos,Waldo Stadium,0,resolved_schedule_stadium,42.2860064,-85.6007573,America/Detroit,USA,42.256126,-83.647285,America/Detroit,99.9,0.0,0.0,1,0,42.2860064,-85.6007573,America/Detroit,0.0,0.0,0.0,0,0,0,2022-10-08T16:00:00+00:00,10.3,5.36,12.0,,0.0,0.0,0.0,0,0,53,3,open_air,open_air,0,0,1,open-meteo-era5,ok
2022,2,6,401416615,2022-10-08,14:30,2022-10-08T19:30:00+00:00,Toledo Rockets,Northern Illinois Huskies,Huskie Stadium,0,resolved_schedule_stadium,41.9339586,-88.7778357,America/Chicago,USA,41.6574777,-83.6135652,America/New_York,266.7,-1.0,1.0,1,0,41.9339586,-88.7778357,America/Chicago,0.0,0.0,0.0,0,0,0,2022-10-08T19:00:00+00:00,13.4,6.16,12.2,,0.0,0.0,0.0,0,0,36,0,open_air,open_air,0,0,1,open-meteo-era5,ok
2022,2,6,401416616,2022-10-08,14:00,2022-10-08T18:00:00+00:00,Akron Zips,Ohio Bobcats,Peden Stadium,0,resolved_schedule_stadium,39.3212794,-82.1034315,America/New_York,USA,41.0725534,-81.5083408,America/New_York,125.0,0.0,0.0,1,0,39.3212794,-82.1034315,America/New_York,0.0,0.0,0.0,0,0,0,2022-10-08T18:00:00+00:00,13.8,1.97,6.2,,0.0,0.0,0.0,0,0,40,0,open_air,open_air,0,0,1,open-meteo-era5,ok
2022,2,6,401416617,2022-10-08,12:00,2022-10-08T16:00:00+00:00,Buffalo Bulls,Bowling Green Falcons,Doyt L. Perry Stadium,0,resolved_schedule_stadium,41.3780114,-83.6225,America/New_York,USA,42.9991334,-78.7775113,America/New_York,272.1,0.0,0.0,1,0,41.3780114,-83.6225,America/New_York,0.0,0.0,0.0,0,0,0,2022-10-08T16:00:00+00:00,11.1,4.6,9.7,,0.0,0.0,0.0,0,0,45,3,open_air,open_air,0,0,1,open-meteo-era5,ok
2022,2,6,401416618,2022-10-08,15:30,2022-10-08T19:30:00+00:00,Kent State Golden Flashes,Miami (OH) RedHawks,Yager Stadium,0,resolved_schedule_stadium,39.5197009,-84.7330255,America/New_York,USA,41.1390935,-81.31346,America/New_York,212.0,0.0,0.0,1,0,39.5197009,-84.7330255,America/New_York,0.0,0.0,0.0,0,0,0,2022-10-08T19:00:00+00:00,13.3,2.59,7.1,,0.0,0.0,0.0,0,0,39,0,open_air,open_air,0,0,1,open-meteo-era5,ok
2022,2,6,401426342,2022-10-08,14:00,2022-10-08T18:00:00+00:00,Georgia Southern Eagles,Georgia State Panthers,Center Parc Stadium,0,resolved_schedule_stadium,33.735267,-84.389949,America/New_York,USA,32.4122471,-81.7849296,America/New_York,176.4,0.0,0.0,1,0,33.735267,-84.389949,America/New_York,0.0,0.0,0.0,0,0,0,2022-10-08T18:00:00+00:00,22.2,4.59,9.9,,0.0,0.0,0.0,0,0,32,0,open_air,open_air,0,0,1,open-meteo-era5,ok
2022,2,6,401426343,2022-10-08,18:00,2022-10-08T23:00:00+00:00,James Madison Dukes,Arkansas State Red Wolves,Centennial Bank Stadium,0,resolved_schedule_stadium,35.8488977,-90.6677436,America/Chicago,USA,38.4352919,-78.8729349,America/New_York,673.2,-1.0,1.0,1,0,35.8488977,-90.6677436,America/Chicago,0.0,0.0,0.0,0,0,0,2022-10-08T23:00:00+00:00,18.4,1.39,2.6,,0.0,0.0,0.0,0,0,33,0,open_air,open_air,0,0,1,open-meteo-era5,ok
2022,2,6,401426344,2022-10-08,19:00,2022-10-09T00:00:00+00:00,Coastal Carolina Chanticleers,UL Monroe Warhawks,Malone Stadium,0,resolved_schedule_stadium,32.5308089,-92.0660602,America/Chicago,USA,33.7928506,-79.0166946,America/New_York,759.3,-1.0,1.0,1,0,32.5308089,-92.0660602,America/Chicago,0.0,0.0,0.0,0,0,0,2022-10-09T00:00:00+00:00,22.5,2.02,4.2,,0.0,0.0,0.0,0,0,44,0,open_air,open_air,0,0,1,open-meteo-era5,ok
2022,2,6,401426345,2022-10-08,18:00,2022-10-08T23:00:00+00:00,App State Mountaineers,Texas State Bobcats,Bobcat Stadium (TX),0,resolved_schedule_stadium,29.8910008,-97.9255735,America/Chicago,USA,36.2114267,-81.6854278,America/New_York,1035.1,-1.0,1.0,1,0,29.8910008,-97.9255735,America/Chicago,0.0,0.0,0.0,0,0,0,2022-10-08T23:00:00+00:00,30.5,3.49,8.1,,0.0,0.0,0.0,0,0,28,1,open_air,open_air,0,0,1,open-meteo-era5,ok
2022,2,6,401426346,2022-10-08,18:00,2022-10-08T23:00:00+00:00,Southern Miss Golden Eagles,Troy Trojans,Veterans Memorial Stadium (AL),0,resolved_schedule_stadium,31.7995565,-85.9518328,America/Chicago,USA,31.3289321,-89.3318118,America/Chicago,201.6,0.0,0.0,0,1,31.7995565,-85.9518328,America/Chicago,0.0,0.0,0.0,0,0,0,2022-10-08T23:00:00+00:00,23.8,3.18,6.4,,0.0,0.0,0.0,0,0,34,0,open_air,open_air,0,0,1,open-meteo-era5,ok
2022,2,6,401426579,2022-10-08,19:00,2022-10-08T23:00:00+00:00,UConn Huskies,Florida International Panthers,FIU Stadium,0,resolved_schedule_stadium,25.7525014,-80.3778912,America/New_York,USA,41.7595675,-72.6187728,America/New_York,1191.1,0.0,0.0,1,0,25.7525014,-80.3778912,America/New_York,0.0,0.0,0.0,0,0,0,2022-10-08T23:00:00+00:00,27.2,3.12,8.1,,0.0,0.0,0.0,0,0,81,1,open_air,open_air,0,0,1,open-meteo-era5,ok
2022,2,6,401426580,2022-10-08,18:00,2022-10-08T23:00:00+00:00,UTEP Miners,Louisiana Tech Bulldogs,Joe Aillet Stadium,0,resolved_schedule_stadium,32.5321487,-92.6560019,America/Chicago,USA,31.7733353,-106.507957,America/Denver,811.4,1.0,1.0,0,1,32.5321487,-92.6560019,America/Chicago,0.0,0.0,0.0,0,0,0,2022-10-08T23:00:00+00:00,24.3,2.09,4.5,,0.0,0.0,0.0,0,0,44,0,open_air,open_air,0,0,1,open-meteo-era5,ok
2022,2,6,401426581,2022-10-08,14:30,2022-10-08T19:30:00+00:00,Middle Tennessee Blue Raiders,UAB Blazers,Protective Stadium,0,resolved_schedule_stadium,33.5206824,-86.8024326,America/Chicago,USA,35.8511463,-86.3681649,America/Chicago,162.9,0.0,0.0,1,0,33.5206824,-86.8024326,America/Chicago,0.0,0.0,0.0,0,0,0,2022-10-08T19:00:00+00:00,23.2,3.94,10.1,,0.0,0.0,0.0,0,0,28,0,open_air,open_air,0,0,1,open-meteo-era5,ok
2022,2,6,401426582,2022-10-08,17:00,2022-10-08T22:00:00+00:00,Western Kentucky Hilltoppers,UTSA Roadrunners,Alamodome,0,resolved_schedule_stadium,29.4169834,-98.4788143,America/Chicago,USA,36.9847901,-86.4594041,America/Chicago,868.4,0.0,0.0,1,0,29.4169834,-98.4788143,America/Chicago,0.0,0.0,0.0,0,0,0,2022-10-08T22:00:00+00:00,30.9,4.03,8.1,,0.0,0.0,0.0,0,0,28,0,dome,dome,1,0,0,open-meteo-era5,ok
2022,2,7,401426347,2022-10-12,19:30,2022-10-12T23:30:00+00:00,Louisiana Ragin' Cajuns,Marshall Thundering Herd,Joan C. Edwards Stadium,0,resolved_schedule_stadium,38.4247042,-82.4214412,America/New_York,USA,30.2158434,-92.0417371,America/Chicago,788.4,1.0,1.0,0,1,38.4247042,-82.4214412,America/New_York,0.0,0.0,0.0,0,0,0,2022-10-12T23:00:00+00:00,21.2,2.94,9.0,,0.7,0.7,0.0,1,0,68,53,open_air,open_air,0,0,1,open-meteo-era5,ok
2022,2,7,401404092,2022-10-13,19:00,2022-10-13T23:00:00+00:00,Baylor Bears,West Virginia Mountaineers,Milan Puskar Stadium,0,resolved_schedule_stadium,39.6502744,-79.9551873,America/New_York,USA,31.5582015,-97.1156702,America/Chicago,1111.6,1.0,1.0,0,1,39.6502744,-79.9551873,America/New_York,0.0,0.0,0.0,0,0,0,2022-10-13T23:00:00+00:00,12.7,2.29,5.5,,0.0,0.0,0.0,0,0,57,2,open_air,open_air,0,0,1,open-meteo-era5,ok
2022,2,7,401415634,2022-10-13,19:00,2022-10-13T23:00:00+00:00,Temple Owls,UCF Knights,FBC Mortgage Stadium,0,resolved_schedule_stadium,28.6079765,-81.1927233,America/New_York,USA,39.9007995,-75.1675414,America/New_York,852.2,0.0,0.0,1,0,28.6079765,-81.1927233,America/New_York,0.0,0.0,0.0,0,0,0,2022-10-13T23:00:00+00:00,25.2,1.14,1.7,,0.0,0.0,0.0,0,0,85,3,open_air,open_air,0,0,1,open-meteo-era5,ok
2022,2,7,401415635,2022-10-14,18:30,2022-10-14T23:30:00+00:00,Navy Midshipmen,SMU Mustangs,Gerald J. Ford Stadium,0,resolved_schedule_stadium,32.8377223,-96.7827859,America/Chicago,USA,38.9846985,-76.5076335,America/New_York,1208.3,-1.0,1.0,1,0,32.8377223,-96.7827859,America/Chicago,0.0,0.0,0.0,0,0,0,2022-10-14T23:00:00+00:00,29.8,2.47,5.0,,0.0,0.0,0.0,0,0,21,0,open_air,open_air,0,0,1,open-meteo-era5,ok
2022,2,7,401426584,2022-10-14,20:00,2022-10-15T00:00:00+00:00,UTSA Roadrunners,Florida International Panthers,FIU Stadium,0,resolved_schedule_stadium,25.7525014,-80.3778912,America/New_York,USA,29.4169834,-98.4788143,America/Chicago,1135.7,1.0,1.0,0,1,25.7525014,-80.3778912,America/New_York,0.0,0.0,0.0,0,0,0,2022-10-15T00:00:00+00:00,26.8,1.17,3.1,,0.1,0.1,0.0,1,0,83,51,open_air,open_air,0,0,1,open-meteo-era5,ok
2022,2,7,401403916,2022-10-15,13:30,2022-10-15T19:30:00+00:00,Arkansas Razorbacks,BYU Cougars,LaVell Edwards Stadium,0,resolved_schedule_stadium,40.2575347,-111.6545247,America/Denver,USA,36.0680662,-94.1789534,America/Chicago,990.6,-1.0,1.0,1,0,40.2575347,-111.6545247,America/Denver,0.0,0.0,0.0,0,0,0,2022-10-15T19:00:00+00:00,21.3,1.52,6.2,,0.0,0.0,0.0,0,0,19,0,open_air,open_air,0,0,1,open-meteo-era5,ok
2022,2,7,401403917,2022-10-15,19:00,2022-10-15T23:00:00+00:00,LSU Tigers,Florida Gators,Ben Hill Griffin Stadium,0,resolved_schedule_stadium,29.6499357,-82.3485788,America/New_York,USA,30.412035,-91.1838163,America/Chicago,531.0,1.0,1.0,0,1,29.6499357,-82.3485788,America/New_York,0.0,0.0,0.0,0,0,0,2022-10-15T23:00:00+00:00,24.3,3.35,6.4,,0.0,0.0,0.0,0,0,50,0,open_air,open_air,0,0,1,open-meteo-era5,ok
2022,2,7,401403918,2022-10-15,15:30,2022-10-15T19:30:00+00:00,Vanderbilt Commodores,Georgia Bulldogs,Sanford Stadium,0,resolved_schedule_stadium,33.9498197,-83.3733813,America/New_York,USA,36.1440455,-86.8088942,America/Chicago,246.4,1.0,1.0,0,1,33.9498197,-83.3733813,America/New_York,0.0,0.0,0.0,0,0,0,2022-10-15T19:00:00+00:00,27.0,3.18,8.1,,0.0,0.0,0.0,0,0,28,0,open_air,open_air,0,0,1,open-meteo-era5,ok
2022,2,7,401403919,2022-10-15,19:30,2022-10-15T23:30:00+00:00,Mississippi State Bulldogs,Kentucky Wildcats,Kroger Field,0,resolved_schedule_stadium,38.0220905,-84.5053408,America/New_York,USA,33.4563403,-88.7933652,America/Chicago,396.6,1.0,1.0,0,1,38.0220905,-84.5053408,America/New_York,0.0,0.0,0.0,0,0,0,2022-10-15T23:00:00+00:00,16.7,2.3,2.4,,0.0,0.0,0.0,0,0,40,2,open_air,open_air,0,0,1,open-meteo-era5,ok
2022,2,7,401403920,2022-10-15,11:00,2022-10-15T16:00:00+00:00,Auburn Tigers,Ole Miss Rebels,Vaught-Hemingway Stadium,0,resolved_schedule_stadium,34.3619837,-89.5342076,America/Chicago,USA,32.6025532,-85.4897479,America/Chicago,262.8,0.0,0.0,1,0,34.3619837,-89.5342076,America/Chicago,0.0,0.0,0.0,0,0,0,2022-10-15T16:00:00+00:00,23.5,3.3,9.7,,0.0,0.0,0.0,0,0,44,1,open_air,open_air,0,0,1,open-meteo-era5,ok
2022,2,7,401403921,2022-10-15,15:30,2022-10-15T19:30:00+00:00,Alabama Crimson Tide,Tennessee Volunteers,Neyland Stadium,0,resolved_schedule_stadium,35.9550131,-83.9250128,America/New_York,USA,33.2082752,-87.5503836,America/Chicago,280.2,1.0,1.0,0,1,35.9550131,-83.9250128,America/New_York,0.0,0.0,0.0,0,0,0,2022-10-15T19:00:00+00:00,26.9,5.04,12.0,,0.0,0.0,0.0,0,0,26,0,open_air,open_air,0,0,1,open-meteo-era5,ok
2022,2,7,401404013,2022-10-15,14:30,2022-10-15T21:30:00+00:00,Arizona Wildcats,Washington Huskies,Husky Stadium,0,resolved_schedule_stadium,47.6503235,-122.3015746,America/Los_Angeles,USA,32.2288054,-110.9488677,America/Phoenix,1220.6,0.0,0.0,1,0,47.6503235,-122.3015746,America/Los_Angeles,0.0,0.0,0.0,0,0,0,2022-10-15T21:00:00+00:00,21.8,3.18,5.8,,0.0,0.0,0.0,0,0,53,0,open_air,open_air,0,0,1,open-meteo-era5,ok
2022,2,7,401404014,2022-10-15,12:00,2022-10-15T18:00:00+00:00,California Golden Bears,Colorado Buffaloes,Folsom Field,0,resolved_schedule_stadium,40.0094746,-105.266905,America/Denver,USA,37.8710434,-122.2507729,America/Los_Angeles,923.2,1.0,1.0,0,1,40.0094746,-105.266905,America/Denver,0.0,0.0,0.0,0,0,0,2022-10-15T18:00:00+00:00,16.4,2.51,7.2,,0.0,0.0,0.0,0,0,37,0,open_air,open_air,0,0,1,open-meteo-era5,ok
2022,2,7,401404015,2022-10-15,18:00,2022-10-16T01:00:00+00:00,Washington State Cougars,Oregon State Beavers,Reser Stadium,0,resolved_schedule_stadium,44.5594559,-123.2814341,America/Los_Angeles,USA,46.731831,-117.1604991,America/Los_Angeles,331.5,0.0,0.0,1,0,44.5594559,-123.2814341,America/Los_Angeles,0.0,0.0,0.0,0,0,0,2022-10-16T01:00:00+00:00,28.0,1.79,3.4,,0.0,0.0,0.0,0,0,34,0,open_air,open_air,0,0,1,open-meteo-era5,ok
2022,2,7,401404016,2022-10-15,19:30,2022-10-15T23:30:00+00:00,Stanford Cardinal,Notre Dame Fighting Irish,Notre Dame Stadium,0,resolved_schedule_stadium,41.698378,-86.2339425,America/Indiana/Indianapolis,USA,37.4345556,-122.1611271,America/Los_Angeles,1922.0,3.0,3.0,0,1,41.698378,-86.2339425,America/Indiana/Indianapolis,0.0,0.0,0.0,0,0,0,2022-10-15T23:00:00+00:00,9.9,3.84,6.0,,0.0,0.0,0.0,0,0,48,0,open_air,open_air,0,0,1,open-meteo-era5,ok
2022,2,7,401404017,2022-10-15,18:00,2022-10-16T00:00:00+00:00,USC Trojans,Utah Utes,Rice-Eccles Stadium,0,resolved_schedule_stadium,40.7599724,-111.8488255,America/Denver,USA,34.014167,-118.287778,America/Los_Angeles,584.6,1.0,1.0,0,1,40.7599724,-111.8488255,America/Denver,0.0,0.0,0.0,0,0,0,2022-10-16T00:00:00+00:00,21.0,2.09,6.2,,0.0,0.0,0.0,0,0,36,0,open_air,open_air,0,0,1,open-meteo-era5,ok
2022,2,7,401404093,2022-10-15,11:00,2022-10-15T16:00:00+00:00,Iowa State Cyclones,Texas Longhorns,DKR-Texas Memorial Stadium,0,resolved_schedule_stadium,30.2836813,-97.7325345,America/Chicago,USA,42.0139977,-93.6357716,America/Chicago,841.8,0.0,0.0,1,0,30.2836813,-97.7325345,America/Chicago,0.0,0.0,0.0,0,0,0,2022-10-15T16:00:00+00:00,28.4,4.49,11.1,,0.0,0.0,0.0,0,0,64,3,open_air,open_air,0,0,1,open-meteo-era5,ok
2022,2,7,401404094,2022-10-15,11:00,2022-10-15T16:00:00+00:00,Kansas Jayhawks,Oklahoma Sooners,"Memorial Stadium (Norman, OK)",0,ambiguous_schedule_stadium,,,America/Chicago,,38.9629418,-95.2463686,America/Chicago,,,,,,35.2058537,-97.4423145,America/Chicago,,,,,,,,,,,,,,,,,,,open_air,,,,,,venue_unresolved
2022,2,7,401404095,2022-10-15,14:30,2022-10-15T19:30:00+00:00,Oklahoma State Cowboys,TCU Horned Frogs,Amon G. Carter Stadium,0,resolved_schedule_stadium,32.7096604,-97.3680835,America/Chicago,USA,36.125673,-97.066513,America/Chicago,236.7,0.0,0.0,1,0,32.7096604,-97.3680835,America/Chicago,0.0,0.0,0.0,0,0,0,2022-10-15T19:00:00+00:00,32.5,5.12,9.7,,0.0,0.0,0.0,0,0,41,0,open_air,open_air,0,0,1,open-meteo-era5,ok
2022,2,7,401404139,2022-10-15,12:00,2022-10-15T16:00:00+00:00,Colgate Raiders,Army Black Knights,Michie Stadium,0,resolved_schedule_stadium,41.3874924,-73.9640891,America/New_York,USA,,,,,,,,,41.3874924,-73.9640891,America/New_York,0.0,0.0,0.0,0,0,0,2022-10-15T16:00:00+00:00,18.0,3.66,8.8,,0.0,0.0,0.0,0,0,50,0,open_air,open_air,0,0,1,open-meteo-era5,ok
2022,2,7,401404153,2022-10-15,14:00,2022-10-15T18:00:00+00:00,UConn Huskies,Ball State Cardinals,Scheumann Stadium,0,resolved_schedule_stadium,40.2159422,-85.4161148,America/Indiana/Indianapolis,USA,41.7595675,-72.6187728,America/New_York,675.3,0.0,0.0,1,0,40.2159422,-85.4161148,America/Indiana/Indianapolis,0.0,0.0,0.0,0,0,0,2022-10-15T18:00:00+00:00,12.5,5.67,10.8,,0.0,0.0,0.0,0,0,35,0,open_air,open_air,0,0,1,open-meteo-era5,ok
2022,2,7,401404162,2022-10-15,15:30,2022-10-15T19:30:00+00:00,Gardner-Webb Runnin' Bulldogs,Liberty Flames,Williams Stadium (VA),0,resolved_schedule_stadium,37.3544305,-79.1750239,America/New_York,USA,,,,,,,,,37.3544305,-79.1750239,America/New_York,0.0,0.0,0.0,0,0,0,2022-10-15T19:00:00+00:00,25.7,4.73,11.3,,0.0,0.0,0.0,0,0,27,0,open_air,open_air,0,0,1,open-meteo-era5,ok
2022,2,7,401405112,2022-10-15,11:00,2022-10-15T16:00:00+00:00,Minnesota Golden Gophers,Illinois Fighting Illini,"Memorial Stadium (Champaign, IL)",0,ambiguous_schedule_stadium,,,America/Chicago,,44.976525,-93.2245462,America/Chicago,,,,,,40.0993268,-88.2359569,America/Chicago,,,,,,,,,,,,,,,,,,,open_air,,,,,,venue_unresolved
2022,2,7,401405113,2022-10-15,19:30,2022-10-15T23:30:00+00:00,Nebraska Cornhuskers,Purdue Boilermakers,Ross-Ade Stadium,0,resolved_schedule_stadium,40.4352253,-86.9186843,America/Indiana/Indianapolis,USA,40.820682,-96.705594,America/Chicago,513.6,1.0,1.0,0,1,40.4352253,-86.9186843,America/Indiana/Indianapolis,0.0,0.0,0.0,0,0,0,2022-10-15T23:00:00+00:00,11.7,3.36,7.3,,0.0,0.0,0.0,0,0,41,3,open_air,open_air,0,0,1,open-meteo-era5,ok
2022,2,7,401405114,2022-10-15,15:30,2022-10-15T19:30:00+00:00,Maryland Terrapins,Indiana Hoosiers,"Memorial Stadium (Bloomington, IN)",0,resolved_schedule_stadium_timezone,39.1808959,-86.5256217,America/Indiana/Indianapolis,USA,38.9903332,-76.9473792,America/New_York,513.6,0.0,0.0,1,0,39.1808959,-86.5256217,America/Indiana/Indianapolis,0.0,0.0,0.0,0,0,0,2022-10-15T19:00:00+00:00,14.5,2.91,8.3,,0.0,0.0,0.0,0,0,32,0,open_air,open_air,0,0,1,open-meteo-era5,ok
2022,2,7,401405115,2022-10-15,12:00,2022-10-15T16:00:00+00:00,Penn State Nittany Lions,Michigan Wolverines,Michigan Stadium,0,resolved_schedule_stadium,42.2658365,-83.7486956,America/Detroit,USA,40.8121958,-77.8561023,America/New_York,320.8,0.0,0.0,1,0,42.2658365,-83.7486956,America/Detroit,0.0,0.0,0.0,0,0,0,2022-10-15T16:00:00+00:00,9.0,5.75,12.6,,0.0,0.0,0.0,0,0,53,3,open_air,open_air,0,0,1,open-meteo-era5,ok
2022,2,7,401405116,2022-10-15,16:00,2022-10-15T20:00:00+00:00,Wisconsin Badgers,Michigan State Spartans,Spartan Stadium,0,resolved_schedule_stadium,42.7281474,-84.4848526,America/Detroit,USA,43.06994,-89.4126943,America/Chicago,250.5,1.0,1.0,0,1,42.7281474,-84.4848526,America/Detroit,0.0,0.0,0.0,0,0,0,2022-10-15T20:00:00+00:00,10.0,5.92,12.4,,0.0,0.0,0.0,0,0,50,2,open_air,open_air,0,0,1,open-meteo-era5,ok
2022,2,7,401409239,2022-10-15,18:00,2022-10-16T00:00:00+00:00,New Mexico Lobos,New Mexico State Aggies,Aggie Memorial Stadium,0,resolved_schedule_stadium,32.2796202,-106.7411148,America/Denver,USA,35.0669479,-106.6283225,America/Denver,192.7,0.0,0.0,1,0,32.2796202,-106.7411148,America/Denver,0.0,0.0,0.0,0,0,0,2022-10-16T00:00:00+00:00,28.0,2.35,4.7,,0.0,0.0,0.0,0,0,30,1,open_air,open_air,0,0,1,open-meteo-era5,ok
2022,2,7,401411137,2022-10-15,20:00,2022-10-16T00:00:00+00:00,North Carolina Tar Heels,Duke Blue Devils,Wallace Wade Stadium,0,resolved_schedule_stadium,35.9953688,-78.9417564,America/New_York,USA,35.9069294,-79.0478889,America/New_York,8.5,0.0,0.0,0,1,35.9953688,-78.9417564,America/New_York,0.0,0.0,0.0,0,0,0,2022-10-16T00:00:00+00:00,19.4,3.87,7.0,,0.0,0.0,0.0,0,0,57,0,open_air,open_air,0,0,1,open-meteo-era5,ok
2022,2,7,401411138,2022-10-15,19:30,2022-10-15T23:30:00+00:00,Clemson Tigers,Florida State Seminoles,Doak Campbell Stadium,0,resolved_schedule_stadium,30.4381692,-84.3044032,America/New_York,USA,34.6787737,-82.8432428,America/New_York,305.1,0.0,0.0,1,0,30.4381692,-84.3044032,America/New_York,0.0,0.0,0.0,0,0,0,2022-10-15T23:00:00+00:00,26.3,0.29,0.9,,0.0,0.0,0.0,0,0,34,0,open_air,open_air,0,0,1,open-meteo-era5,ok
2022,2,7,401411139,2022-10-15,15:30,2022-10-15T19:30:00+00:00,NC State Wolfpack,Syracuse Orange,JMA Wireless Dome,0,resolved_schedule_stadium,43.0362269,-76.1363161,America/New_York,USA,35.8008001,-78.7195655,America/New_York,518.5,0.0,0.0,0,1,43.0362269,-76.1363161,America/New_York,0.0,0.0,0.0,0,0,0,2022-10-15T19:00:00+00:00,20.0,6.05,13.4,,0.0,0.0,0.0,0,0,34,3,dome,dome,1,0,0,open-meteo-era5,ok
2022,2,7,401411140,2022-10-15,12:30,2022-10-15T16:30:00+00:00,Miami Hurricanes,Virginia Tech Hokies,Lane Stadium,0,resolved_schedule_stadium,37.2199873,-80.4180643,America/New_York,USA,25.9579665,-80.2388604,America/New_York,778.2,0.0,0.0,1,0,37.2199873,-80.4180643,America/New_York,0.0,0.0,0.0,0,0,0,2022-10-15T16:00:00+00:00,20.7,4.29,11.8,,0.0,0.0,0.0,0,0,34,0,open_air,open_air,0,0,1,open-meteo-era5,ok
2022,2,7,401414783,2022-10-15,13:00,2022-10-15T17:00:00+00:00,Buffalo Bulls,Massachusetts Minutemen,Warren McGuirk Alumni Stadium,0,resolved_schedule_stadium,42.3773244,-72.5360595,America/New_York,USA,42.9991334,-78.7775113,America/New_York,319.8,0.0,0.0,0,1,42.3773244,-72.5360595,America/New_York,0.0,0.0,0.0,0,0,0,2022-10-15T17:00:00+00:00,19.0,2.65,7.8,,0.0,0.0,0.0,0,0,44,0,open_air,open_air,0,0,1,open-meteo-era5,ok
2022,2,7,401415237,2022-10-15,19:30,2022-10-16T02:30:00+00:00,Air Force Falcons,UNLV Rebels,Allegiant Stadium,0,resolved_schedule_stadium,36.0908,-115.1830,America/Los_Angeles,USA,38.9969701,-104.8436165,America/Denver,600.5,-1.0,1.0,1,0,36.0908,-115.1830,America/Los_Angeles,0.0,0.0,0.0,0,0,0,2022-10-16T02:00:00+00:00,24.7,2.21,4.5,,0.0,0.0,0.0,0,0,39,3,fixed_roof,fixed_roof,1,0,0,open-meteo-era5,ok
2022,2,7,401415238,2022-10-15,17:00,2022-10-15T23:00:00+00:00,Utah State Aggies,Colorado State Rams,Canvas Stadium,0,resolved_schedule_stadium,40.570015,-105.088435,America/Denver,USA,41.7517394,-111.8116007,America/Denver,359.0,0.0,0.0,0,1,40.570015,-105.088435,America/Denver,0.0,0.0,0.0,0,0,0,2022-10-15T23:00:00+00:00,16.7,1.61,3.1,,0.0,0.0,0.0,0,0,35,3,open_air,open_air,0,0,1,open-meteo-era5,ok
2022,2,7,401415239,2022-10-15,19:45,2022-10-16T02:45:00+00:00,San José State Spartans,Fresno State Bulldogs,Valley Children's Stadium,0,resolved_schedule_stadium,36.8143527,-119.7580092,America/Los_Angeles,USA,37.3196675,-121.8682962,America/Los_Angeles,121.5,0.0,0.0,0,1,36.8143527,-119.7580092,America/Los_Angeles,0.0,0.0,0.0,0,0,0,2022-10-16T03:00:00+00:00,24.2,3.21,5.2,,0.0,0.0,0.0,0,0,42,0,open_air,open_air,0,0,1,open-meteo-era5,ok
2022,2,7,401415240,2022-10-15,17:59,2022-10-16T03:59:00+00:00,Nevada Wolf Pack,Hawai'i Rainbow Warriors,Clarence T.C. Ching Athletics Complex,0,resolved_schedule_stadium,21.294294,-157.819338,Pacific/Honolulu,USA,39.5469459,-119.8175435,America/Los_Angeles,2564.8,-3.0,3.0,1,0,21.294294,-157.819338,Pacific/Honolulu,0.0,0.0,0.0,0,0,0,2022-10-16T04:00:00+00:00,25.8,6.36,11.0,,0.0,0.0,0.0,0,0,66,1,open_air,open_air,0,0,1,open-meteo-era5,ok
2022,2,7,401415636,2022-10-15,16:00,2022-10-15T20:00:00+00:00,Tulane Green Wave,South Florida Bulls,Raymond James Stadium,0,resolved_schedule_stadium,27.9758691,-82.5033344,America/New_York,USA,29.944616,-90.116692,America/Chicago,479.8,1.0,1.0,0,1,27.9758691,-82.5033344,America/New_York,0.0,0.0,0.0,0,0,0,2022-10-15T20:00:00+00:00,28.3,4.03,6.7,,1.2,1.2,0.0,1,0,63,55,open_air,open_air,0,0,1,open-meteo-era5,ok
2022,2,7,401415637,2022-10-15,19:30,2022-10-15T23:30:00+00:00,Memphis Tigers,East Carolina Pirates,Dowdy-Ficklen Stadium,0,resolved_schedule_stadium,35.5968486,-77.364564,America/New_York,USA,35.1209429,-89.977147,America/Chicago,711.0,1.0,1.0,0,1,35.5968486,-77.364564,America/New_York,0.0,0.0,0.0,0,0,0,2022-10-15T23:00:00+00:00,19.1,2.96,5.3,,0.0,0.0,0.0,0,0,51,0,open_air,open_air,0,0,1,open-meteo-era5,ok
2022,2,7,401416619,2022-10-15,12:00,2022-10-15T16:00:00+00:00,Central Michigan Chippewas,Akron Zips,InfoCision Stadium,0,resolved_schedule_stadium,41.0725534,-81.5083408,America/New_York,USA,43.5777313,-84.7709904,America/Detroit,240.3,0.0,0.0,0,1,41.0725534,-81.5083408,America/New_York,0.0,0.0,0.0,0,0,0,2022-10-15T16:00:00+00:00,11.8,5.32,11.5,,0.0,0.0,0.0,0,0,48,3,open_air,open_air,0,0,1,open-meteo-era5,ok
2022,2,7,401416620,2022-10-15,15:30,2022-10-15T19:30:00+00:00,Northern Illinois Huskies,Eastern Michigan Eagles,Rynearson Stadium,0,resolved_schedule_stadium,42.256126,-83.647285,America/Detroit,USA,41.9339586,-88.7778357,America/Chicago,263.9,1.0,1.0,0,1,42.256126,-83.647285,America/Detroit,0.0,0.0,0.0,0,0,0,2022-10-15T19:00:00+00:00,10.3,6.41,12.8,,0.0,0.0,0.0,0,0,47,3,open_air,open_air,0,0,1,open-meteo-era5,ok
2022,2,7,401416621,2022-10-15,15:30,2022-10-15T19:30:00+00:00,Kent State Golden Flashes,Toledo Rockets,Glass Bowl,0,resolved_schedule_stadium,41.6574777,-83.6135652,America/New_York,USA,41.1390935,-81.31346,America/New_York,124.5,0.0,0.0,1,0,41.6574777,-83.6135652,America/New_York,0.0,0.0,0.0,0,0,0,2022-10-15T19:00:00+00:00,11.6,7.53,13.6,,0.0,0.0,0.0,0,0,43,3,open_air,open_air,0,0,1,open-meteo-era5,ok
2022,2,7,401416622,2022-10-15,12:00,2022-10-15T16:00:00+00:00,Miami (OH) RedHawks,Bowling Green Falcons,Doyt L. Perry Stadium,0,resolved_schedule_stadium,41.3780114,-83.6225,America/New_York,USA,39.5197009,-84.7330255,America/New_York,141.0,0.0,0.0,0,1,41.3780114,-83.6225,America/New_York,0.0,0.0,0.0,0,0,0,2022-10-15T16:00:00+00:00,10.2,6.07,12.5,,0.0,0.0,0.0,0,0,48,1,open_air,open_air,0,0,1,open-meteo-era5,ok
2022,2,7,401416623,2022-10-15,15:30,2022-10-15T19:30:00+00:00,Ohio Bobcats,Western Michigan Broncos,Waldo Stadium,0,resolved_schedule_stadium,42.2860064,-85.6007573,America/Detroit,USA,39.3212794,-82.1034315,America/New_York,274.6,0.0,0.0,1,0,42.2860064,-85.6007573,America/Detroit,0.0,0.0,0.0,0,0,0,2022-10-15T19:00:00+00:00,10.2,5.32,11.6,,0.0,0.0,0.0,0,0,53,2,open_air,open_air,0,0,1,open-meteo-era5,ok
2022,2,7,401426348,2022-10-15,12:00,2022-10-15T16:00:00+00:00,Old Dominion Monarchs,Coastal Carolina Chanticleers,Brooks Stadium (SC),0,resolved_schedule_stadium,33.7928506,-79.0166946,America/New_York,USA,36.8889533,-76.3049175,America/New_York,262.9,0.0,0.0,1,0,33.7928506,-79.0166946,America/New_York,0.0,0.0,0.0,0,0,0,2022-10-15T16:00:00+00:00,23.3,1.04,3.0,,0.0,0.0,0.0,0,0,44,0,open_air,open_air,0,0,1,open-meteo-era5,ok
2022,2,7,401426349,2022-10-15,16:00,2022-10-15T20:00:00+00:00,James Madison Dukes,Georgia Southern Eagles,Allen E. Paulson Stadium,0,resolved_schedule_stadium,32.4122471,-81.7849296,America/New_York,USA,38.4352919,-78.8729349,America/New_York,447.2,0.0,0.0,1,0,32.4122471,-81.7849296,America/New_York,0.0,0.0,0.0,0,0,0,2022-10-15T20:00:00+00:00,28.8,0.94,3.8,,0.0,0.0,0.0,0,0,17,0,open_air,open_air,0,0,1,open-meteo-era5,ok
2022,2,7,401426350,2022-10-15,18:00,2022-10-15T23:00:00+00:00,UL Monroe Warhawks,South Alabama Jaguars,Hancock Whitney Stadium,0,resolved_schedule_stadium,30.6943566,-88.0430541,America/Chicago,USA,32.5308089,-92.0660602,America/Chicago,268.6,0.0,0.0,0,1,30.6943566,-88.0430541,America/Chicago,0.0,0.0,0.0,0,0,0,2022-10-15T23:00:00+00:00,24.3,1.71,3.6,,0.0,0.0,0.0,0,0,59,0,open_air,open_air,0,0,1,open-meteo-era5,ok
2022,2,7,401426351,2022-10-15,18:00,2022-10-15T23:00:00+00:00,Arkansas State Red Wolves,Southern Miss Golden Eagles,M. M. Roberts Stadium,0,resolved_schedule_stadium,31.3289321,-89.3318118,America/Chicago,USA,35.8488977,-90.6677436,America/Chicago,321.6,0.0,0.0,0,1,31.3289321,-89.3318118,America/Chicago,0.0,0.0,0.0,0,0,0,2022-10-15T23:00:00+00:00,25.1,1.22,1.6,,0.0,0.0,0.0,0,0,63,0,open_air,open_air,0,0,1,open-meteo-era5,ok
2022,2,7,401426352,2022-10-15,14:30,2022-10-15T19:30:00+00:00,Texas State Bobcats,Troy Trojans,Veterans Memorial Stadium (AL),0,resolved_schedule_stadium,31.7995565,-85.9518328,America/Chicago,USA,29.8910008,-97.9255735,America/Chicago,722.0,0.0,0.0,0,1,31.7995565,-85.9518328,America/Chicago,0.0,0.0,0.0,0,0,0,2022-10-15T19:00:00+00:00,27.9,0.6,3.2,,0.0,0.0,0.0,0,0,25,0,open_air,open_air,0,0,1,open-meteo-era5,ok
2022,2,7,401426583,2022-10-15,14:30,2022-10-15T19:30:00+00:00,Charlotte 49ers,UAB Blazers,Protective Stadium,0,resolved_schedule_stadium,33.5206824,-86.8024326,America/Chicago,USA,35.3105033,-80.7401194,America/New_York,366.9,-1.0,1.0,1,0,33.5206824,-86.8024326,America/Chicago,0.0,0.0,0.0,0,0,0,2022-10-15T19:00:00+00:00,27.4,3.08,7.8,,0.0,0.0,0.0,0,0,33,1,open_air,open_air,0,0,1,open-meteo-era5,ok
2022,2,7,401426585,2022-10-15,18:00,2022-10-15T22:00:00+00:00,Rice Owls,Florida Atlantic Owls,FAU Stadium,0,resolved_schedule_stadium,26.3763763,-80.1015759,America/New_York,USA,29.7163297,-95.4093261,America/Chicago,960.7,1.0,1.0,0,1,26.3763763,-80.1015759,America/New_York,0.0,0.0,0.0,0,0,0,2022-10-15T22:00:00+00:00,26.9,3.3,5.5,,1.1,1.1,0.0,1,0,76,55,open_air,open_air,0,0,1,open-meteo-era5,ok
2022,2,7,401426586,2022-10-15,15:00,2022-10-15T20:00:00+00:00,Louisiana Tech Bulldogs,North Texas Mean Green,DATCU Stadium,0,resolved_schedule_stadium,33.203899,-97.159245,America/Chicago,USA,32.5321487,-92.6560019,America/Chicago,265.4,0.0,0.0,1,0,33.203899,-97.159245,America/Chicago,0.0,0.0,0.0,0,0,0,2022-10-15T20:00:00+00:00,32.6,4.85,9.0,,0.0,0.0,0.0,0,0,40,1,open_air,open_air,0,0,1,open-meteo-era5,ok
2022,2,7,401426587,2022-10-15,14:30,2022-10-15T19:30:00+00:00,Western Kentucky Hilltoppers,Middle Tennessee Blue Raiders,"Johnny ""Red"" Floyd Stadium",0,resolved_schedule_stadium,35.8511463,-86.3681649,America/Chicago,USA,36.9847901,-86.4594041,America/Chicago,78.5,0.0,0.0,0,1,35.8511463,-86.3681649,America/Chicago,0.0,0.0,0.0,0,0,0,2022-10-15T19:00:00+00:00,26.4,3.62,9.3,,0.0,0.0,0.0,0,0,31,3,open_air,open_air,0,0,1,open-meteo-era5,ok
2022,2,8,401426353,2022-10-19,19:30,2022-10-19T23:30:00+00:00,Georgia State Panthers,App State Mountaineers,Kidd Brewer Stadium,0,resolved_schedule_stadium,36.2114267,-81.6854278,America/New_York,USA,33.735267,-84.389949,America/New_York,229.6,0.0,0.0,0,1,36.2114267,-81.6854278,America/New_York,0.0,0.0,0.0,0,0,0,2022-10-19T23:00:00+00:00,5.4,2.45,7.2,,0.0,0.0,0.0,0,0,52,0,open_air,open_air,0,0,1,open-meteo-era5,ok
2022,2,8,401411141,2022-10-20,19:30,2022-10-20T23:30:00+00:00,Virginia Cavaliers,Georgia Tech Yellow Jackets,Bobby Dodd Stadium,0,resolved_schedule_stadium,33.7724449,-84.3928054,America/New_York,USA,38.0311801,-78.5137897,America/New_York,441.2,0.0,0.0,1,0,33.7724449,-84.3928054,America/New_York,0.0,0.0,0.0,0,0,0,2022-10-20T23:00:00+00:00,12.6,2.75,3.5,,0.0,0.0,0.0,0,0,32,0,open_air,open_air,0,0,1,open-meteo-era5,ok
2022,2,8,401426354,2022-10-20,18:30,2022-10-20T23:30:00+00:00,Troy Trojans,South Alabama Jaguars,Hancock Whitney Stadium,0,resolved_schedule_stadium,30.6943566,-88.0430541,America/Chicago,USA,31.7995565,-85.9518328,America/Chicago,145.2,0.0,0.0,1,0,30.6943566,-88.0430541,America/Chicago,0.0,0.0,0.0,0,0,0,2022-10-20T23:00:00+00:00,15.7,1.77,3.2,,0.0,0.0,0.0,0,0,45,0,open_air,open_air,0,0,1,open-meteo-era5,ok
2022,2,8,401415638,2022-10-21,19:30,2022-10-21T23:30:00+00:00,Tulsa Golden Hurricane,Temple Owls,Lincoln Financial Field,0,resolved_schedule_stadium,39.9007995,-75.1675414,America/New_York,USA,36.1489175,-95.9437853,America/Chicago,1157.3,1.0,1.0,0,1,39.9007995,-75.1675414,America/New_York,0.0,0.0,0.0,0,0,0,2022-10-21T23:00:00+00:00,13.0,2.17,3.4,,0.0,0.0,0.0,0,0,49,0,open_air,open_air,0,0,1,open-meteo-era5,ok
2022,2,8,401426592,2022-10-21,19:00,2022-10-22T00:00:00+00:00,UAB Blazers,Western Kentucky Hilltoppers,Houchens Industries-L.T. Smith Stadium,0,resolved_schedule_stadium,36.9847901,-86.4594041,America/Chicago,USA,33.5206824,-86.8024326,America/Chicago,240.1,0.0,0.0,0,1,36.9847901,-86.4594041,America/Chicago,0.0,0.0,0.0,0,0,0,2022-10-22T00:00:00+00:00,18.2,4.07,6.8,,0.0,0.0,0.0,0,0,37,1,open_air,open_air,0,0,1,open-meteo-era5,ok
2022,2,8,401403922,2022-10-22,18:00,2022-10-22T23:00:00+00:00,Mississippi State Bulldogs,Alabama Crimson Tide,Bryant-Denny Stadium,0,resolved_schedule_stadium,33.2082752,-87.5503836,America/Chicago,USA,33.4563403,-88.7933652,America/Chicago,73.8,0.0,0.0,0,1,33.2082752,-87.5503836,America/Chicago,0.0,0.0,0.0,0,0,0,2022-10-22T23:00:00+00:00,21.6,2.4,4.1,,0.0,0.0,0.0,0,0,59,3,open_air,open_air,0,0,1,open-meteo-era5,ok
2022,2,8,401403923,2022-10-22,14:30,2022-10-22T19:30:00+00:00,Ole Miss Rebels,LSU Tigers,Tiger Stadium (LA),0,resolved_schedule_stadium,30.412035,-91.1838163,America/Chicago,USA,34.3619837,-89.5342076,America/Chicago,289.4,0.0,0.0,1,0,30.412035,-91.1838163,America/Chicago,0.0,0.0,0.0,0,0,0,2022-10-22T19:00:00+00:00,28.2,5.37,11.4,,0.0,0.0,0.0,0,0,37,2,open_air,open_air,0,0,1,open-meteo-era5,ok
2022,2,8,401403924,2022-10-22,15:00,2022-10-22T20:00:00+00:00,Vanderbilt Commodores,Missouri Tigers,Memorial Stadium,0,ambiguous_schedule_stadium,,,America/Chicago,,36.1440455,-86.8088942,America/Chicago,,,,,,38.9358491,-92.3332009,America/Chicago,,,,,,,,,,,,,,,,,,,open_air,,,,,,venue_unresolved
2022,2,8,401403925,2022-10-22,19:30,2022-10-22T23:30:00+00:00,Texas A&M Aggies,South Carolina Gamecocks,Williams-Brice Stadium,0,resolved_schedule_stadium,33.9730239,-81.0191726,America/New_York,USA,30.6098891,-96.3403828,America/Chicago,923.5,1.0,1.0,0,1,33.9730239,-81.0191726,America/New_York,0.0,0.0,0.0,0,0,0,2022-10-22T23:00:00+00:00,16.4,1.91,2.7,,0.0,0.0,0.0,0,0,64,1,open_air,open_air,0,0,1,open-meteo-era5,ok
2022,2,8,401403926,2022-10-22,12:00,2022-10-22T16:00:00+00:00,UT Martin Skyhawks,Tennessee Volunteers,Neyland Stadium,0,resolved_schedule_stadium,35.9550131,-83.9250128,America/New_York,USA,,,,,,,,,35.9550131,-83.9250128,America/New_York,0.0,0.0,0.0,0,0,0,2022-10-22T16:00:00+00:00,18.4,2.18,5.9,,0.0,0.0,0.0,0,0,37,2,open_air,open_air,0,0,1,open-meteo-era5,ok
2022,2,8,401404018,2022-10-22,13:00,2022-10-22T20:00:00+00:00,Arizona State Sun Devils,Stanford Cardinal,Stanford Stadium,0,resolved_schedule_stadium,37.4345556,-122.1611271,America/Los_Angeles,USA,33.4264471,-111.9325005,America/Phoenix,638.5,0.0,0.0,1,0,37.4345556,-122.1611271,America/Los_Angeles,0.0,0.0,0.0,0,0,0,2022-10-22T20:00:00+00:00,19.4,6.11,14.5,,0.0,0.0,0.0,0,0,48,3,open_air,open_air,0,0,1,open-meteo-era5,ok
2022,2,8,401404019,2022-10-22,19:30,2022-10-23T02:30:00+00:00,Washington Huskies,California Golden Bears,California Memorial Stadium,0,resolved_schedule_stadium,37.8710434,-122.2507729,America/Los_Angeles,USA,47.6503235,-122.3015746,America/Los_Angeles,675.7,0.0,0.0,0,1,37.8710434,-122.2507729,America/Los_Angeles,0.0,0.0,0.0,0,0,0,2022-10-23T02:00:00+00:00,15.9,5.83,14.3,,0.0,0.0,0.0,0,0,51,0,open_air,open_air,0,0,1,open-meteo-era5,ok
2022,2,8,401404020,2022-10-22,17:00,2022-10-23T00:00:00+00:00,Colorado Buffaloes,Oregon State Beavers,Reser Stadium,0,resolved_schedule_stadium,44.5594559,-123.2814341,America/Los_Angeles,USA,40.0094746,-105.266905,America/Denver,970.6,-1.0,1.0,1,0,44.5594559,-123.2814341,America/Los_Angeles,0.0,0.0,0.0,0,0,0,2022-10-23T00:00:00+00:00,13.3,2.89,7.9,,0.1,0.1,0.0,1,0,58,51,open_air,open_air,0,0,1,open-meteo-era5,ok
2022,2,8,401404021,2022-10-22,12:30,2022-10-22T19:30:00+00:00,UCLA Bruins,Oregon Ducks,Autzen Stadium,0,resolved_schedule_stadium,44.0582712,-123.0684883,America/Los_Angeles,USA,34.1613284,-118.1676462,America/Los_Angeles,732.2,0.0,0.0,1,0,44.0582712,-123.0684883,America/Los_Angeles,0.0,0.0,0.0,0,0,0,2022-10-22T19:00:00+00:00,12.7,2.53,10.2,,0.4,0.4,0.0,1,0,83,51,open_air,open_air,0,0,1,open-meteo-era5,ok
2022,2,8,401404096,2022-10-22,11:00,2022-10-22T16:00:00+00:00,Kansas Jayhawks,Baylor Bears,McLane Stadium,0,resolved_schedule_stadium,31.5582015,-97.1156702,America/Chicago,USA,38.9629418,-95.2463686,America/Chicago,522.3,0.0,0.0,1,0,31.5582015,-97.1156702,America/Chicago,0.0,0.0,0.0,0,0,0,2022-10-22T16:00:00+00:00,24.1,8.48,15.1,,0.0,0.0,0.0,0,0,65,2,open_air,open_air,0,0,1,open-meteo-era5,ok
2022,2,8,401404097,2022-10-22,19:00,2022-10-23T00:00:00+00:00,Kansas State Wildcats,TCU Horned Frogs,Amon G. Carter Stadium,0,resolved_schedule_stadium,32.7096604,-97.3680835,America/Chicago,USA,39.2020096,-96.5938395,America/Chicago,450.7,0.0,0.0,1,0,32.7096604,-97.3680835,America/Chicago,0.0,0.0,0.0,0,0,0,2022-10-23T00:00:00+00:00,28.3,7.56,14.2,,0.0,0.0,0.0,0,0,42,3,open_air,open_air,0,0,1,open-meteo-era5,ok
2022,2,8,401404098,2022-10-22,14:30,2022-10-22T19:30:00+00:00,Texas Longhorns,Oklahoma State Cowboys,Boone Pickens Stadium,0,resolved_schedule_stadium,36.125673,-97.066513,America/Chicago,USA,30.2836813,-97.7325345,America/Chicago,405.5,0.0,0.0,0,1,36.125673,-97.066513,America/Chicago,0.0,0.0,0.0,0,0,0,2022-10-22T19:00:00+00:00,29.1,7.83,16.2,,0.0,0.0,0.0,0,0,29,0,open_air,open_air,0,0,1,open-meteo-era5,ok
2022,2,8,401404099,2022-10-22,14:00,2022-10-22T19:00:00+00:00,West Virginia Mountaineers,Texas Tech Red Raiders,Jones AT&T Stadium,0,resolved_schedule_stadium,33.5910518,-101.8728824,America/Chicago,USA,39.6502744,-79.9551873,America/New_York,1281.6,-1.0,1.0,1,0,33.5910518,-101.8728824,America/Chicago,0.0,0.0,0.0,0,0,0,2022-10-22T19:00:00+00:00,27.3,6.98,12.4,,0.0,0.0,0.0,0,0,30,2,open_air,open_air,0,0,1,open-meteo-era5,ok
2022,2,8,401404128,2022-10-22,14:30,2022-10-22T18:30:00+00:00,UNLV Rebels,Notre Dame Fighting Irish,Notre Dame Stadium,0,resolved_schedule_stadium,41.698378,-86.2339425,America/Indiana/Indianapolis,USA,36.0908,-115.1830,America/Los_Angeles,1596.0,3.0,3.0,0,1,41.698378,-86.2339425,America/Indiana/Indianapolis,0.0,0.0,0.0,0,0,0,2022-10-22T18:00:00+00:00,24.4,6.0,12.9,,0.0,0.0,0.0,0,0,39,1,open_air,open_air,0,0,1,open-meteo-era5,ok
2022,2,8,401404140,2022-10-22,12:00,2022-10-22T16:00:00+00:00,UL Monroe Warhawks,Army Black Knights,Michie Stadium,0,resolved_schedule_stadium,41.3874924,-73.9640891,America/New_York,USA,32.5308089,-92.0660602,America/Chicago,1168.3,1.0,1.0,0,1,41.3874924,-73.9640891,America/New_York,0.0,0.0,0.0,0,0,0,2022-10-22T16:00:00+00:00,17.5,1.58,6.2,,0.0,0.0,0.0,0,0,44,0,open_air,open_air,0,0,1,open-meteo-era5,ok
2022,2,8,401404163,2022-10-22,15:30,2022-10-22T19:30:00+00:00,BYU Cougars,Liberty Flames,Williams Stadium (VA),0,resolved_schedule_stadium,37.3544305,-79.1750239,America/New_York,USA,40.2575347,-111.6545247,America/Denver,1750.4,2.0,2.0,0,1,37.3544305,-79.1750239,America/New_York,0.0,0.0,0.0,0,0,0,2022-10-22T19:00:00+00:00,21.4,1.2,4.1,,0.0,0.0,0.0,0,0,26,0,open_air,open_air,0,0,1,open-meteo-era5,ok
2022,2,8,401405117,2022-10-22,14:30,2022-10-22T19:30:00+00:00,Purdue Boilermakers,Wisconsin Badgers,Camp Randall Stadium,0,resolved_schedule_stadium,43.06994,-89.4126943,America/Chicago,USA,40.4352253,-86.9186843,America/Indiana/Indianapolis,222.8,-1.0,1.0,1,0,43.06994,-89.4126943,America/Chicago,0.0,0.0,0.0,0,0,0,2022-10-22T19:00:00+00:00,24.0,5.75,11.6,,0.0,0.0,0.0,0,0,38,0,open_air,open_air,0,0,1,open-meteo-era5,ok
2022,2,8,401405118,2022-10-22,15:30,2022-10-22T19:30:00+00:00,Northwestern Wildcats,Maryland Terrapins,SECU Stadium,0,resolved_schedule_stadium,38.9903332,-76.9473792,America/New_York,USA,42.0653994,-87.6924751,America/Chicago,602.5,1.0,1.0,0,1,38.9903332,-76.9473792,America/New_York,0.0,0.0,0.0,0,0,0,2022-10-22T19:00:00+00:00,20.8,2.16,5.4,,0.0,0.0,0.0,0,0,37,0,open_air,open_air,0,0,1,open-meteo-era5,ok
2022,2,8,401405119,2022-10-22,12:00,2022-10-22T16:00:00+00:00,Iowa Hawkeyes,Ohio State Buckeyes,Ohio Stadium,0,resolved_schedule_stadium,40.0016447,-83.0197266,America/New_York,USA,41.6586045,-91.5510829,America/Chicago,460.3,1.0,1.0,0,1,40.0016447,-83.0197266,America/New_York,0.0,0.0,0.0,0,0,0,2022-10-22T16:00:00+00:00,18.8,4.35,9.5,,0.0,0.0,0.0,0,0,42,0,open_air,open_air,0,0,1,open-meteo-era5,ok
2022,2,8,401405120,2022-10-22,19:30,2022-10-22T23:30:00+00:00,Minnesota Golden Gophers,Penn State Nittany Lions,Beaver Stadium,0,resolved_schedule_stadium,40.8121958,-77.8561023,America/New_York,USA,44.976525,-93.2245462,America/Chicago,827.8,1.0,1.0,0,1,40.8121958,-77.8561023,America/New_York,0.0,0.0,0.0,0,0,0,2022-10-22T23:00:00+00:00,14.1,2.73,4.0,,0.0,0.0,0.0,0,0,47,0,open_air,open_air,0,0,1,open-meteo-era5,ok
2022,2,8,401405121,2022-10-22,12:00,2022-10-22T16:00:00+00:00,Indiana Hoosiers,Rutgers Scarlet Knights,SHI Stadium,0,resolved_schedule_stadium,40.5462553,-74.4660408,America/New_York,USA,39.1808959,-86.5256217,America/Indiana/Indianapolis,646.0,0.0,0.0,0,1,40.5462553,-74.4660408,America/New_York,0.0,0.0,0.0,0,0,0,2022-10-22T16:00:00+00:00,18.2,0.89,4.7,,0.0,0.0,0.0,0,0,44,0,open_air,open_air,0,0,1,open-meteo-era5,ok
2022,2,8,401409240,2022-10-22,16:00,2022-10-22T22:00:00+00:00,San José State Spartans,New Mexico State Aggies,Aggie Memorial Stadium,0,resolved_schedule_stadium,32.2796202,-106.7411148,America/Denver,USA,37.3196675,-121.8682962,America/Los_Angeles,924.8,1.0,1.0,0,1,32.2796202,-106.7411148,America/Denver,0.0,0.0,0.0,0,0,0,2022-10-22T22:00:00+00:00,25.9,6.59,12.1,,0.0,0.0,0.0,0,0,42,3,open_air,open_air,0,0,1,open-meteo-era5,ok
2022,2,8,401411142,2022-10-22,12:00,2022-10-22T16:00:00+00:00,Syracuse Orange,Clemson Tigers,"Memorial Stadium (Clemson, SC)",0,resolved_schedule_stadium_timezone,34.6787737,-82.8432428,America/New_York,USA,43.0362269,-76.1363161,America/New_York,680.4,0.0,0.0,1,0,34.6787737,-82.8432428,America/New_York,0.0,0.0,0.0,0,0,0,2022-10-22T16:00:00+00:00,18.4,0.5,4.2,,0.0,0.0,0.0,0,0,33,1,open_air,open_air,0,0,1,open-meteo-era5,ok
2022,2,8,401411143,2022-10-22,20:00,2022-10-23T00:00:00+00:00,Pittsburgh Panthers,Louisville Cardinals,L&N Federal Credit Union Stadium,0,resolved_schedule_stadium,38.2057621,-85.7588141,America/Kentucky/Louisville,USA,40.4467648,-80.0157603,America/New_York,343.7,0.0,0.0,1,0,38.2057621,-85.7588141,America/Kentucky/Louisville,0.0,0.0,0.0,0,0,0,2022-10-23T00:00:00+00:00,20.6,3.57,6.5,,0.0,0.0,0.0,0,0,54,3,open_air,open_air,0,0,1,open-meteo-era5,ok
2022,2,8,401411144,2022-10-22,12:30,2022-10-22T16:30:00+00:00,Duke Blue Devils,Miami Hurricanes,Hard Rock Stadium,0,resolved_schedule_stadium,25.9579665,-80.2388604,America/New_York,USA,35.9953688,-78.9417564,America/New_York,697.7,0.0,0.0,1,0,25.9579665,-80.2388604,America/New_York,0.0,0.0,0.0,0,0,0,2022-10-22T16:00:00+00:00,26.5,5.28,10.0,,0.1,0.1,0.0,1,0,63,51,open_air,open_air,0,0,1,open-meteo-era5,ok
2022,2,8,401411145,2022-10-22,15:30,2022-10-22T19:30:00+00:00,Boston College Eagles,Wake Forest Demon Deacons,Allegacy Federal Credit Union Stadium,0,resolved_schedule_stadium,36.1305507,-80.2545851,America/New_York,USA,42.335104,-71.1664413,America/New_York,647.7,0.0,0.0,1,0,36.1305507,-80.2545851,America/New_York,0.0,0.0,0.0,0,0,0,2022-10-22T19:00:00+00:00,21.4,0.94,4.0,,0.0,0.0,0.0,0,0,24,0,open_air,open_air,0,0,1,open-meteo-era5,ok
2022,2,8,401415241,2022-10-22,17:00,2022-10-22T23:00:00+00:00,Boise State Broncos,Air Force Falcons,Falcon Stadium,0,resolved_schedule_stadium,38.9969701,-104.8436165,America/Denver,USA,43.6028839,-116.1958882,America/Boise,668.9,0.0,0.0,0,1,38.9969701,-104.8436165,America/Denver,0.0,0.0,0.0,0,0,0,2022-10-22T23:00:00+00:00,20.3,3.62,7.9,,0.0,0.0,0.0,0,0,14,0,open_air,open_air,0,0,1,open-meteo-era5,ok
2022,2,8,401415242,2022-10-22,14:00,2022-10-22T20:00:00+00:00,Hawai'i Rainbow Warriors,Colorado State Rams,Canvas Stadium,0,resolved_schedule_stadium,40.570015,-105.088435,America/Denver,USA,21.294294,-157.819338,Pacific/Honolulu,3339.7,4.0,4.0,0,1,40.570015,-105.088435,America/Denver,0.0,0.0,0.0,0,0,0,2022-10-22T20:00:00+00:00,23.4,2.53,7.3,,0.0,0.0,0.0,0,0,14,0,open_air,open_air,0,0,1,open-meteo-era5,ok
2022,2,8,401415243,2022-10-22,16:30,2022-10-22T22:30:00+00:00,Fresno State Bulldogs,New Mexico Lobos,University Stadium (NM),0,resolved_schedule_stadium,35.0669479,-106.6283225,America/Denver,USA,36.8143527,-119.7580092,America/Los_Angeles,743.7,1.0,1.0,0,1,35.0669479,-106.6283225,America/Denver,0.0,0.0,0.0,0,0,0,2022-10-22T22:00:00+00:00,23.7,7.14,15.1,,0.0,0.0,0.0,0,0,34,2,open_air,open_air,0,0,1,open-meteo-era5,ok
2022,2,8,401415244,2022-10-22,19:45,2022-10-23T01:45:00+00:00,Utah State Aggies,Wyoming Cowboys,War Memorial Stadium,0,resolved_schedule_stadium,41.31161,-105.5681384,America/Denver,USA,41.7517394,-111.8116007,America/Denver,324.3,0.0,0.0,0,1,41.31161,-105.5681384,America/Denver,0.0,0.0,0.0,0,0,0,2022-10-23T02:00:00+00:00,11.6,2.26,5.9,,0.0,0.0,0.0,0,0,29,2,open_air,open_air,0,0,1,open-meteo-era5,ok
2022,2,8,401415245,2022-10-22,19:30,2022-10-23T02:30:00+00:00,San Diego State Aztecs,Nevada Wolf Pack,Mackay Stadium,0,resolved_schedule_stadium,39.5469459,-119.8175435,America/Los_Angeles,USA,32.784444,-117.122833,America/Los_Angeles,490.8,0.0,0.0,1,0,39.5469459,-119.8175435,America/Los_Angeles,0.0,0.0,0.0,0,0,0,2022-10-23T02:00:00+00:00,7.8,2.6,7.5,,0.3,0.2,0.07,1,1,57,71,open_air,open_air,0,0,1,open-meteo-era5,ok
2022,2,8,401415639,2022-10-22,14:30,2022-10-22T19:30:00+00:00,Memphis Tigers,Tulane Green Wave,Yulman Stadium,0,resolved_schedule_stadium,29.944616,-90.116692,America/Chicago,USA,35.1209429,-89.977147,America/Chicago,357.7,0.0,0.0,1,0,29.944616,-90.116692,America/Chicago,0.0,0.0,0.0,0,0,0,2022-10-22T19:00:00+00:00,24.3,4.71,8.8,,0.0,0.0,0.0,0,0,58,1,open_air,open_air,0,0,1,open-meteo-era5,ok
2022,2,8,401415640,2022-10-22,12:00,2022-10-22T16:00:00+00:00,Houston Cougars,Navy Midshipmen,Navy-Marine Corps Memorial Stadium,0,resolved_schedule_stadium,38.9846985,-76.5076335,America/New_York,USA,29.7219885,-95.3491623,America/Chicago,1247.1,1.0,1.0,0,1,38.9846985,-76.5076335,America/New_York,0.0,0.0,0.0,0,0,0,2022-10-22T16:00:00+00:00,16.4,1.32,5.1,,0.0,0.0,0.0,0,0,65,0,open_air,open_air,0,0,1,open-meteo-era5,ok
2022,2,8,401415641,2022-10-22,11:00,2022-10-22T16:00:00+00:00,Cincinnati Bearcats,SMU Mustangs,Gerald J. Ford Stadium,0,resolved_schedule_stadium,32.8377223,-96.7827859,America/Chicago,USA,39.1312495,-84.5161913,America/New_York,810.9,-1.0,1.0,1,0,32.8377223,-96.7827859,America/Chicago,0.0,0.0,0.0,0,0,0,2022-10-22T16:00:00+00:00,23.7,8.51,16.3,,0.0,0.0,0.0,0,0,61,1,open_air,open_air,0,0,1,open-meteo-era5,ok
2022,2,8,401415642,2022-10-22,19:30,2022-10-22T23:30:00+00:00,UCF Knights,East Carolina Pirates,Dowdy-Ficklen Stadium,0,resolved_schedule_stadium,35.5968486,-77.364564,America/New_York,USA,28.6079765,-81.1927233,America/New_York,532.2,0.0,0.0,0,1,35.5968486,-77.364564,America/New_York,0.0,0.0,0.0,0,0,0,2022-10-22T23:00:00+00:00,18.9,2.98,4.9,,0.0,0.0,0.0,0,0,59,3,open_air,open_air,0,0,1,open-meteo-era5,ok
2022,2,8,401416624,2022-10-22,14:00,2022-10-22T18:00:00+00:00,Eastern Michigan Eagles,Ball State Cardinals,Scheumann Stadium,0,resolved_schedule_stadium,40.2159422,-85.4161148,America/Indiana/Indianapolis,USA,42.256126,-83.647285,America/Detroit,168.3,0.0,0.0,1,0,40.2159422,-85.4161148,America/Indiana/Indianapolis,0.0,0.0,0.0,0,0,0,2022-10-22T18:00:00+00:00,23.9,6.82,12.9,,0.0,0.0,0.0,0,0,39,2,open_air,open_air,0,0,1,open-meteo-era5,ok
2022,2,8,401416625,2022-10-22,14:00,2022-10-22T18:00:00+00:00,Northern Illinois Huskies,Ohio Bobcats,Peden Stadium,0,resolved_schedule_stadium,39.3212794,-82.1034315,America/New_York,USA,41.9339586,-88.7778357,America/Chicago,393.7,1.0,1.0,0,1,39.3212794,-82.1034315,America/New_York,0.0,0.0,0.0,0,0,0,2022-10-22T18:00:00+00:00,22.7,2.7,7.5,,0.0,0.0,0.0,0,0,36,0,open_air,open_air,0,0,1,open-meteo-era5,ok
2022,2,8,401416626,2022-10-22,13:00,2022-10-22T17:00:00+00:00,Toledo Rockets,Buffalo Bulls,UB Stadium,0,resolved_schedule_stadium,42.9991334,-78.7775113,America/New_York,USA,41.6574777,-83.6135652,America/New_York,263.8,0.0,0.0,0,1,42.9991334,-78.7775113,America/New_York,0.0,0.0,0.0,0,0,0,2022-10-22T17:00:00+00:00,21.2,4.92,10.6,,0.0,0.0,0.0,0,0,35,0,open_air,open_air,0,0,1,open-meteo-era5,ok
2022,2,8,401416627,2022-10-22,15:30,2022-10-22T19:30:00+00:00,Western Michigan Broncos,Miami (OH) RedHawks,Yager Stadium,0,resolved_schedule_stadium,39.5197009,-84.7330255,America/New_York,USA,42.2860064,-85.6007573,America/Detroit,196.4,0.0,0.0,0,1,39.5197009,-84.7330255,America/New_York,0.0,0.0,0.0,0,0,0,2022-10-22T19:00:00+00:00,23.7,5.21,11.1,,0.0,0.0,0.0,0,0,41,3,open_air,open_air,0,0,1,open-meteo-era5,ok
2022,2,8,401416628,2022-10-22,12:00,2022-10-22T16:00:00+00:00,Akron Zips,Kent State Golden Flashes,Dix Stadium,0,resolved_schedule_stadium,41.1390935,-81.31346,America/New_York,USA,41.0725534,-81.5083408,America/New_York,11.1,0.0,0.0,0,1,41.1390935,-81.31346,America/New_York,0.0,0.0,0.0,0,0,0,2022-10-22T16:00:00+00:00,18.1,4.02,9.5,,0.0,0.0,0.0,0,0,42,0,open_air,open_air,0,0,1,open-meteo-era5,ok
2022,2,8,401416629,2022-10-22,13:00,2022-10-22T17:00:00+00:00,Bowling Green Falcons,Central Michigan Chippewas,Kelly/Shorts Stadium,0,resolved_schedule_stadium,43.5777313,-84.7709904,America/Detroit,USA,41.3780114,-83.6225,America/New_York,162.9,0.0,0.0,1,0,43.5777313,-84.7709904,America/Detroit,0.0,0.0,0.0,0,0,0,2022-10-22T17:00:00+00:00,21.7,5.19,10.7,,0.0,0.0,0.0,0,0,42,0,open_air,open_air,0,0,1,open-meteo-era5,ok
2022,2,8,401426355,2022-10-22,15:30,2022-10-22T19:30:00+00:00,Marshall Thundering Herd,James Madison Dukes,Bridgeforth Stadium,0,resolved_schedule_stadium,38.4352919,-78.8729349,America/New_York,USA,38.4247042,-82.4214412,America/New_York,192.1,0.0,0.0,0,1,38.4352919,-78.8729349,America/New_York,0.0,0.0,0.0,0,0,0,2022-10-22T19:00:00+00:00,20.7,2.06,6.2,,0.0,0.0,0.0,0,0,27,0,open_air,open_air,0,0,1,open-meteo-era5,ok
2022,2,8,401426356,2022-10-22,15:30,2022-10-22T19:30:00+00:00,Georgia Southern Eagles,Old Dominion Monarchs,S.B. Ballard Stadium,0,resolved_schedule_stadium,36.8889533,-76.3049175,America/New_York,USA,32.4122471,-81.7849296,America/New_York,438.8,0.0,0.0,0,1,36.8889533,-76.3049175,America/New_York,0.0,0.0,0.0,0,0,0,2022-10-22T19:00:00+00:00,20.5,3.37,7.2,,0.0,0.0,0.0,0,0,49,3,open_air,open_air,0,0,1,open-meteo-era5,ok
2022,2,8,401426357,2022-10-22,16:00,2022-10-22T21:00:00+00:00,Arkansas State Red Wolves,Louisiana Ragin' Cajuns,Cajun Field,0,resolved_schedule_stadium,30.2158434,-92.0417371,America/Chicago,USA,35.8488977,-90.6677436,America/Chicago,397.3,0.0,0.0,1,0,30.2158434,-92.0417371,America/Chicago,0.0,0.0,0.0,0,0,0,2022-10-22T21:00:00+00:00,27.7,6.64,12.8,,0.0,0.0,0.0,0,0,40,2,open_air,open_air,0,0,1,open-meteo-era5,ok
2022,2,8,401426358,2022-10-22,16:00,2022-10-22T21:00:00+00:00,Southern Miss Golden Eagles,Texas State Bobcats,Bobcat Stadium (TX),0,resolved_schedule_stadium,29.8910008,-97.9255735,America/Chicago,USA,31.3289321,-89.3318118,America/Chicago,520.5,0.0,0.0,1,0,29.8910008,-97.9255735,America/Chicago,0.0,0.0,0.0,0,0,0,2022-10-22T21:00:00+00:00,30.2,6.26,13.2,,0.0,0.0,0.0,0,0,38,1,open_air,open_air,0,0,1,open-meteo-era5,ok
2022,2,8,401426588,2022-10-22,15:30,2022-10-22T19:30:00+00:00,Florida International Panthers,Charlotte 49ers,Jerry Richardson Stadium,0,resolved_schedule_stadium,35.3105033,-80.7401194,America/New_York,USA,25.7525014,-80.3778912,America/New_York,660.8,0.0,0.0,1,0,35.3105033,-80.7401194,America/New_York,0.0,0.0,0.0,0,0,0,2022-10-22T19:00:00+00:00,22.1,0.71,3.6,,0.0,0.0,0.0,0,0,24,0,open_air,open_air,0,0,1,open-meteo-era5,ok
2022,2,8,401426589,2022-10-22,14:00,2022-10-22T20:00:00+00:00,Florida Atlantic Owls,UTEP Miners,Sun Bowl,0,resolved_schedule_stadium,31.7733353,-106.507957,America/Denver,USA,26.3763763,-80.1015759,America/New_York,1633.2,-2.0,2.0,1,0,31.7733353,-106.507957,America/Denver,0.0,0.0,0.0,0,0,0,2022-10-22T20:00:00+00:00,26.5,5.98,11.5,,0.0,0.0,0.0,0,0,40,3,open_air,open_air,0,0,1,open-meteo-era5,ok
2022,2,8,401426590,2022-10-22,14:00,2022-10-22T19:00:00+00:00,Rice Owls,Louisiana Tech Bulldogs,Joe Aillet Stadium,0,resolved_schedule_stadium,32.5321487,-92.6560019,America/Chicago,USA,29.7163297,-95.4093261,America/Chicago,253.7,0.0,0.0,0,1,32.5321487,-92.6560019,America/Chicago,0.0,0.0,0.0,0,0,0,2022-10-22T19:00:00+00:00,27.7,6.29,14.7,,0.0,0.0,0.0,0,0,41,2,open_air,open_air,0,0,1,open-meteo-era5,ok
2022,2,8,401426591,2022-10-22,14:30,2022-10-22T19:30:00+00:00,North Texas Mean Green,UTSA Roadrunners,Alamodome,0,resolved_schedule_stadium,29.4169834,-98.4788143,America/Chicago,USA,33.203899,-97.159245,America/Chicago,273.0,0.0,0.0,1,0,29.4169834,-98.4788143,America/Chicago,0.0,0.0,0.0,0,0,0,2022-10-22T19:00:00+00:00,29.1,5.6,12.0,,0.0,0.0,0.0,0,0,42,0,dome,dome,1,0,0,open-meteo-era5,ok
2022,2,9,401404026,2022-10-27,19:00,2022-10-28T02:00:00+00:00,Utah Utes,Washington State Cougars,Gesa Field,0,resolved_schedule_stadium,46.731831,-117.1604991,America/Los_Angeles,USA,40.7599724,-111.8488255,America/Denver,490.2,-1.0,1.0,1,0,46.731831,-117.1604991,America/Los_Angeles,0.0,0.0,0.0,0,0,0,2022-10-28T02:00:00+00:00,9.5,3.44,4.9,,0.0,0.0,0.0,0,0,51,0,open_air,open_air,0,0,1,open-meteo-era5,ok
2022,2,9,401411146,2022-10-27,19:30,2022-10-27T23:30:00+00:00,Virginia Tech Hokies,NC State Wolfpack,Carter-Finley Stadium,0,resolved_schedule_stadium,35.8008001,-78.7195655,America/New_York,USA,37.2199873,-80.4180643,America/New_York,136.1,0.0,0.0,0,1,35.8008001,-78.7195655,America/New_York,0.0,0.0,0.0,0,0,0,2022-10-27T23:00:00+00:00,15.7,2.53,5.2,,0.0,0.0,0.0,0,0,65,1,open_air,open_air,0,0,1,open-meteo-era5,ok
2022,2,9,401426359,2022-10-27,18:30,2022-10-27T23:30:00+00:00,Louisiana Ragin' Cajuns,Southern Miss Golden Eagles,M. M. Roberts Stadium,0,resolved_schedule_stadium,31.3289321,-89.3318118,America/Chicago,USA,30.2158434,-92.0417371,America/Chicago,178.3,0.0,0.0,0,1,31.3289321,-89.3318118,America/Chicago,0.0,0.0,0.0,0,0,0,2022-10-27T23:00:00+00:00,20.3,2.04,2.9,,0.0,0.0,0.0,0,0,57,0,open_air,open_air,0,0,1,open-meteo-era5,ok
2022,2,9,401415645,2022-10-28,18:00,2022-10-29T00:00:00+00:00,East Carolina Pirates,BYU Cougars,LaVell Edwards Stadium,0,resolved_schedule_stadium,40.2575347,-111.6545247,America/Denver,USA,35.5968486,-77.364564,America/New_York,1884.3,-2.0,2.0,1,0,40.2575347,-111.6545247,America/Denver,0.0,0.0,0.0,0,0,0,2022-10-29T00:00:00+00:00,13.1,0.92,2.8,,0.0,0.0,0.0,0,0,25,0,open_air,open_air,0,0,1,open-meteo-era5,ok
2022,2,9,401426594,2022-10-28,20:00,2022-10-29T00:00:00+00:00,Louisiana Tech Bulldogs,Florida International Panthers,FIU Stadium,0,resolved_schedule_stadium,25.7525014,-80.3778912,America/New_York,USA,32.5321487,-92.6560019,America/Chicago,875.6,1.0,1.0,0,1,25.7525014,-80.3778912,America/New_York,0.0,0.0,0.0,0,0,0,2022-10-29T00:00:00+00:00,26.1,2.4,6.3,,0.0,0.0,0.0,0,0,71,0,open_air,open_air,0,0,1,open-meteo-era5,ok
2022,2,9,401403927,2022-10-29,11:00,2022-10-29T16:00:00+00:00,Arkansas Razorbacks,Auburn Tigers,Jordan-Hare Stadium,0,resolved_schedule_stadium,32.6025532,-85.4897479,America/Chicago,USA,36.0680662,-94.1789534,America/Chicago,550.3,0.0,0.0,0,1,32.6025532,-85.4897479,America/Chicago,0.0,0.0,0.0,0,0,0,2022-10-29T16:00:00+00:00,18.1,4.25,9.7,,0.0,0.0,0.0,0,0,66,3,open_air,open_air,0,0,1,open-meteo-era5,ok
2022,2,9,401403928,2022-10-29,19:30,,Florida Gators,Georgia Bulldogs,EverBank Stadium,1,unresolved_neutral_venue,,,,,29.6499357,-82.3485788,America/New_York,,,,,,33.9498197,-83.3733813,America/New_York,,,,,,,,,,,,,,,,,,,,,,,,,venue_unresolved
2022,2,9,401403929,2022-10-29,16:00,2022-10-29T20:00:00+00:00,Missouri Tigers,South Carolina Gamecocks,Williams-Brice Stadium,0,resolved_schedule_stadium,33.9730239,-81.0191726,America/New_York,USA,38.9358491,-92.3332009,America/Chicago,715.4,1.0,1.0,0,1,33.9730239,-81.0191726,America/New_York,0.0,0.0,0.0,0,0,0,2022-10-29T20:00:00+00:00,16.6,2.98,7.0,,0.0,0.0,0.0,0,0,76,3,open_air,open_air,0,0,1,open-meteo-era5,ok
2022,2,9,401403930,2022-10-29,19:00,2022-10-29T23:00:00+00:00,Kentucky Wildcats,Tennessee Volunteers,Neyland Stadium,0,resolved_schedule_stadium,35.9550131,-83.9250128,America/New_York,USA,38.0220905,-84.5053408,America/New_York,146.4,0.0,0.0,0,1,35.9550131,-83.9250128,America/New_York,0.0,0.0,0.0,0,0,0,2022-10-29T23:00:00+00:00,18.0,2.1,2.9,,0.0,0.0,0.0,0,0,54,2,open_air,open_air,0,0,1,open-meteo-era5,ok
2022,2,9,401403931,2022-10-29,18:30,2022-10-29T23:30:00+00:00,Ole Miss Rebels,Texas A&M Aggies,Kyle Field,0,resolved_schedule_stadium,30.6098891,-96.3403828,America/Chicago,USA,34.3619837,-89.5342076,America/Chicago,473.7,0.0,0.0,1,0,30.6098891,-96.3403828,America/Chicago,0.0,0.0,0.0,0,0,0,2022-10-29T23:00:00+00:00,18.1,2.8,6.9,,0.0,0.0,0.0,0,0,70,3,open_air,open_air,0,0,1,open-meteo-era5,ok
2022,2,9,401404022,2022-10-29,16:00,2022-10-29T23:00:00+00:00,USC Trojans,Arizona Wildcats,Arizona Stadium,0,resolved_schedule_stadium,32.2288054,-110.9488677,America/Phoenix,USA,34.014167,-118.287778,America/Los_Angeles,442.1,0.0,0.0,0,1,32.2288054,-110.9488677,America/Phoenix,0.0,0.0,0.0,0,0,0,2022-10-29T23:00:00+00:00,25.8,2.3,4.6,,0.0,0.0,0.0,0,0,15,0,open_air,open_air,0,0,1,open-meteo-era5,ok
2022,2,9,401404023,2022-10-29,17:30,2022-10-29T23:30:00+00:00,Arizona State Sun Devils,Colorado Buffaloes,Folsom Field,0,resolved_schedule_stadium,40.0094746,-105.266905,America/Denver,USA,33.4264471,-111.9325005,America/Phoenix,585.4,1.0,1.0,0,1,40.0094746,-105.266905,America/Denver,0.0,0.0,0.0,0,0,0,2022-10-29T23:00:00+00:00,11.4,1.35,2.8,,0.0,0.0,0.0,0,0,27,3,open_air,open_air,0,0,1,open-meteo-era5,ok
2022,2,9,401404024,2022-10-29,12:30,2022-10-29T19:30:00+00:00,Oregon Ducks,California Golden Bears,California Memorial Stadium,0,resolved_schedule_stadium,37.8710434,-122.2507729,America/Los_Angeles,USA,44.0582712,-123.0684883,America/Los_Angeles,429.6,0.0,0.0,0,1,37.8710434,-122.2507729,America/Los_Angeles,0.0,0.0,0.0,0,0,0,2022-10-29T19:00:00+00:00,16.8,1.6,5.3,,0.0,0.0,0.0,0,0,55,2,open_air,open_air,0,0,1,open-meteo-era5,ok
2022,2,9,401404025,2022-10-29,19:30,2022-10-30T02:30:00+00:00,Stanford Cardinal,UCLA Bruins,Rose Bowl,0,resolved_schedule_stadium,34.1613284,-118.1676462,America/Los_Angeles,USA,37.4345556,-122.1611271,America/Los_Angeles,318.1,0.0,0.0,0,1,34.1613284,-118.1676462,America/Los_Angeles,0.0,0.0,0.0,0,0,0,2022-10-30T02:00:00+00:00,22.7,0.98,3.6,,0.0,0.0,0.0,0,0,18,0,open_air,open_air,0,0,1,open-meteo-era5,ok
2022,2,9,401404100,2022-10-29,11:00,2022-10-29T16:00:00+00:00,Oklahoma Sooners,Iowa State Cyclones,Jack Trice Stadium,0,resolved_schedule_stadium,42.0139977,-93.6357716,America/Chicago,USA,35.2058537,-97.4423145,America/Chicago,513.2,0.0,0.0,0,1,42.0139977,-93.6357716,America/Chicago,0.0,0.0,0.0,0,0,0,2022-10-29T16:00:00+00:00,13.8,2.47,6.8,,0.0,0.0,0.0,0,0,54,0,open_air,open_air,0,0,1,open-meteo-era5,ok
2022,2,9,401404101,2022-10-29,18:30,2022-10-29T23:30:00+00:00,Baylor Bears,Texas Tech Red Raiders,Jones AT&T Stadium,0,resolved_schedule_stadium,33.5910518,-101.8728824,America/Chicago,USA,31.5582015,-97.1156702,America/Chicago,310.5,0.0,0.0,1,0,33.5910518,-101.8728824,America/Chicago,0.0,0.0,0.0,0,0,0,2022-10-29T23:00:00+00:00,16.2,1.74,2.9,,0.0,0.0,0.0,0,0,50,0,open_air,open_air,0,0,1,open-meteo-era5,ok
2022,2,9,401404102,2022-10-29,14:30,2022-10-29T19:30:00+00:00,Oklahoma State Cowboys,Kansas State Wildcats,Bill Snyder Family Stadium,0,resolved_schedule_stadium,39.2020096,-96.5938395,America/Chicago,USA,36.125673,-97.066513,America/Chicago,214.1,0.0,0.0,0,1,39.2020096,-96.5938395,America/Chicago,0.0,0.0,0.0,0,0,0,2022-10-29T19:00:00+00:00,18.8,2.09,5.6,,0.0,0.0,0.0,0,0,33,3,open_air,open_air,0,0,1,open-meteo-era5,ok
2022,2,9,401404103,2022-10-29,12:00,2022-10-29T16:00:00+00:00,TCU Horned Frogs,West Virginia Mountaineers,Milan Puskar Stadium,0,resolved_schedule_stadium,39.6502744,-79.9551873,America/New_York,USA,32.7096604,-97.3680835,America/Chicago,1080.5,1.0,1.0,0,1,39.6502744,-79.9551873,America/New_York,0.0,0.0,0.0,0,0,0,2022-10-29T16:00:00+00:00,15.3,1.52,5.2,,0.0,0.0,0.0,0,0,52,0,open_air,open_air,0,0,1,open-meteo-era5,ok
2022,2,9,401404129,2022-10-29,12:00,2022-10-29T16:00:00+00:00,Notre Dame Fighting Irish,Syracuse Orange,JMA Wireless Dome,0,resolved_schedule_stadium,43.0362269,-76.1363161,America/New_York,USA,41.698378,-86.2339425,America/Indiana/Indianapolis,523.4,0.0,0.0,0,1,43.0362269,-76.1363161,America/New_York,0.0,0.0,0.0,0,0,0,2022-10-29T16:00:00+00:00,13.2,1.46,4.2,,0.0,0.0,0.0,0,0,45,0,dome,dome,1,0,0,open-meteo-era5,ok
2022,2,9,401404154,2022-10-29,12:00,2022-10-29T16:00:00+00:00,Boston College Eagles,UConn Huskies,Pratt & Whitney Stadium,0,resolved_schedule_stadium,41.7595675,-72.6187728,America/New_York,USA,42.335104,-71.1664413,America/New_York,84.5,0.0,0.0,1,0,41.7595675,-72.6187728,America/New_York,0.0,0.0,0.0,0,0,0,2022-10-29T16:00:00+00:00,13.1,1.73,4.6,,0.0,0.0,0.0,0,0,52,0,open_air,open_air,0,0,1,open-meteo-era5,ok
2022,2,9,401405122,2022-10-29,14:30,2022-10-29T19:30:00+00:00,Northwestern Wildcats,Iowa Hawkeyes,Kinnick Stadium,0,resolved_schedule_stadium,41.6586045,-91.5510829,America/Chicago,USA,42.0653994,-87.6924751,America/Chicago,200.5,0.0,0.0,1,0,41.6586045,-91.5510829,America/Chicago,0.0,0.0,0.0,0,0,0,2022-10-29T19:00:00+00:00,17.0,2.5,6.0,,0.0,0.0,0.0,0,0,43,0,open_air,open_air,0,0,1,open-meteo-era5,ok
2022,2,9,401405123,2022-10-29,13:30,2022-10-29T18:30:00+00:00,Rutgers Scarlet Knights,Minnesota Golden Gophers,Huntington Bank Stadium,0,resolved_schedule_stadium,44.976525,-93.2245462,America/Chicago,USA,40.5462553,-74.4660408,America/New_York,996.9,-1.0,1.0,1,0,44.976525,-93.2245462,America/Chicago,0.0,0.0,0.0,0,0,0,2022-10-29T18:00:00+00:00,18.3,4.91,10.2,,0.0,0.0,0.0,0,0,42,2,open_air,open_air,0,0,1,open-meteo-era5,ok
2022,2,9,401405124,2022-10-29,14:30,2022-10-29T19:30:00+00:00,Illinois Fighting Illini,Nebraska Cornhuskers,"Memorial Stadium (Lincoln, NE)",0,ambiguous_schedule_stadium,,,America/Chicago,,40.0993268,-88.2359569,America/Chicago,,,,,,40.820682,-96.705594,America/Chicago,,,,,,,,,,,,,,,,,,,open_air,,,,,,venue_unresolved
2022,2,9,401405125,2022-10-29,19:30,2022-10-29T23:30:00+00:00,Michigan State Spartans,Michigan Wolverines,Michigan Stadium,0,resolved_schedule_stadium,42.2658365,-83.7486956,America/Detroit,USA,42.7281474,-84.4848526,America/Detroit,49.3,0.0,0.0,0,1,42.2658365,-83.7486956,America/Detroit,0.0,0.0,0.0,0,0,0,2022-10-29T23:00:00+00:00,10.8,2.2,3.7,,0.0,0.0,0.0,0,0,55,0,open_air,open_air,0,0,1,open-meteo-era5,ok
2022,2,9,401405126,2022-10-29,12:00,2022-10-29T16:00:00+00:00,Ohio State Buckeyes,Penn State Nittany Lions,Beaver Stadium,0,resolved_schedule_stadium,40.8121958,-77.8561023,America/New_York,USA,40.0016447,-83.0197266,America/New_York,277.3,0.0,0.0,0,1,40.8121958,-77.8561023,America/New_York,0.0,0.0,0.0,0,0,0,2022-10-29T16:00:00+00:00,11.4,0.2,4.2,,0.0,0.0,0.0,0,0,48,0,open_air,open_air,0,0,1,open-meteo-era5,ok
2022,2,9,401409242,2022-10-29,15:30,2022-10-29T19:30:00+00:00,New Mexico State Aggies,Massachusetts Minutemen,Warren McGuirk Alumni Stadium,0,resolved_schedule_stadium,42.3773244,-72.5360595,America/New_York,USA,32.2796202,-106.7411148,America/Denver,1988.5,2.0,2.0,0,1,42.3773244,-72.5360595,America/New_York,0.0,0.0,0.0,0,0,0,2022-10-29T19:00:00+00:00,16.4,0.58,2.9,,0.0,0.0,0.0,0,0,33,0,open_air,open_air,0,0,1,open-meteo-era5,ok
2022,2,9,401411147,2022-10-29,12:00,2022-10-29T16:00:00+00:00,Georgia Tech Yellow Jackets,Florida State Seminoles,Doak Campbell Stadium,0,resolved_schedule_stadium,30.4381692,-84.3044032,America/New_York,USA,33.7724449,-84.3928054,America/New_York,230.4,0.0,0.0,0,1,30.4381692,-84.3044032,America/New_York,0.0,0.0,0.0,0,0,0,2022-10-29T16:00:00+00:00,21.4,3.3,7.8,,0.0,0.0,0.0,0,0,70,3,open_air,open_air,0,0,1,open-meteo-era5,ok
2022,2,9,401411148,2022-10-29,15:30,2022-10-29T19:30:00+00:00,Wake Forest Demon Deacons,Louisville Cardinals,L&N Federal Credit Union Stadium,0,resolved_schedule_stadium,38.2057621,-85.7588141,America/Kentucky/Louisville,USA,36.1305507,-80.2545851,America/New_York,335.2,0.0,0.0,1,0,38.2057621,-85.7588141,America/Kentucky/Louisville,0.0,0.0,0.0,0,0,0,2022-10-29T19:00:00+00:00,21.9,1.87,5.7,,0.0,0.0,0.0,0,0,36,3,open_air,open_air,0,0,1,open-meteo-era5,ok
2022,2,9,401411149,2022-10-29,20:00,2022-10-30T00:00:00+00:00,Pittsburgh Panthers,North Carolina Tar Heels,Kenan Stadium,0,resolved_schedule_stadium,35.9069294,-79.0478889,America/New_York,USA,40.4467648,-80.0157603,America/New_York,318.0,0.0,0.0,0,1,35.9069294,-79.0478889,America/New_York,0.0,0.0,0.0,0,0,0,2022-10-30T00:00:00+00:00,15.5,2.73,4.9,,0.0,0.0,0.0,0,0,68,3,open_air,open_air,0,0,1,open-meteo-era5,ok
2022,2,9,401411150,2022-10-29,12:30,2022-10-29T16:30:00+00:00,Miami Hurricanes,Virginia Cavaliers,Scott Stadium,0,resolved_schedule_stadium,38.0311801,-78.5137897,America/New_York,USA,25.9579665,-80.2388604,America/New_York,840.2,0.0,0.0,0,1,38.0311801,-78.5137897,America/New_York,0.0,0.0,0.0,0,0,0,2022-10-29T16:00:00+00:00,15.3,2.24,7.1,,0.0,0.0,0.0,0,0,53,1,open_air,open_air,0,0,1,open-meteo-era5,ok
2022,2,9,401415246,2022-10-29,17:00,2022-10-29T23:00:00+00:00,Colorado State Rams,Boise State Broncos,Albertsons Stadium,0,resolved_schedule_stadium,43.6028839,-116.1958882,America/Boise,USA,40.570015,-105.088435,America/Denver,606.3,0.0,0.0,1,0,43.6028839,-116.1958882,America/Boise,0.0,0.0,0.0,0,0,0,2022-10-29T23:00:00+00:00,14.4,2.35,3.6,,0.0,0.0,0.0,0,0,36,0,open_air,open_air,0,0,1,open-meteo-era5,ok
2022,2,9,401415247,2022-10-29,17:59,2022-10-30T03:59:00+00:00,Wyoming Cowboys,Hawai'i Rainbow Warriors,Clarence T.C. Ching Athletics Complex,0,resolved_schedule_stadium,21.294294,-157.819338,Pacific/Honolulu,USA,41.31161,-105.5681384,America/Denver,3321.5,-4.0,4.0,1,0,21.294294,-157.819338,Pacific/Honolulu,0.0,0.0,0.0,0,0,0,2022-10-30T04:00:00+00:00,25.7,7.69,11.5,,0.0,0.0,0.0,0,0,75,0,open_air,open_air,0,0,1,open-meteo-era5,ok
2022,2,9,401415248,2022-10-29,19:30,2022-10-30T02:30:00+00:00,San Diego State Aztecs,Fresno State Bulldogs,Valley Children's Stadium,0,resolved_schedule_stadium,36.8143527,-119.7580092,America/Los_Angeles,USA,32.784444,-117.122833,America/Los_Angeles,316.0,0.0,0.0,1,0,36.8143527,-119.7580092,America/Los_Angeles,0.0,0.0,0.0,0,0,0,2022-10-30T02:00:00+00:00,21.7,2.07,4.1,,0.0,0.0,0.0,0,0,25,3,open_air,open_air,0,0,1,open-meteo-era5,ok
2022,2,9,401415249,2022-10-29,19:30,2022-10-30T02:30:00+00:00,Nevada Wolf Pack,San José State Spartans,CEFCU Stadium,0,resolved_schedule_stadium,37.3196675,-121.8682962,America/Los_Angeles,USA,39.5469459,-119.8175435,America/Los_Angeles,189.7,0.0,0.0,1,0,37.3196675,-121.8682962,America/Los_Angeles,0.0,0.0,0.0,0,0,0,2022-10-30T02:00:00+00:00,17.4,1.7,5.7,,0.0,0.0,0.0,0,0,63,1,open_air,open_air,0,0,1,open-meteo-era5,ok
2022,2,9,401415643,2022-10-29,11:00,2022-10-29T16:00:00+00:00,South Florida Bulls,Houston Cougars,TDECU Stadium,0,resolved_schedule_stadium,29.7219885,-95.3491623,America/Chicago,USA,27.9758691,-82.5033344,America/New_York,786.3,-1.0,1.0,1,0,29.7219885,-95.3491623,America/Chicago,0.0,0.0,0.0,0,0,0,2022-10-29T16:00:00+00:00,17.3,5.01,10.9,,0.0,0.0,0.0,0,0,74,3,open_air,open_air,0,0,1,open-meteo-era5,ok
2022,2,9,401415644,2022-10-29,15:30,2022-10-29T19:30:00+00:00,Cincinnati Bearcats,UCF Knights,FBC Mortgage Stadium,0,resolved_schedule_stadium,28.6079765,-81.1927233,America/New_York,USA,39.1312495,-84.5161913,America/New_York,751.5,0.0,0.0,0,1,28.6079765,-81.1927233,America/New_York,0.0,0.0,0.0,0,0,0,2022-10-29T19:00:00+00:00,27.3,2.91,6.0,,0.7,0.7,0.0,1,0,69,53,open_air,open_air,0,0,1,open-meteo-era5,ok
2022,2,9,401415646,2022-10-29,15:30,2022-10-29T19:30:00+00:00,Temple Owls,Navy Midshipmen,Navy-Marine Corps Memorial Stadium,0,resolved_schedule_stadium,38.9846985,-76.5076335,America/New_York,USA,39.9007995,-75.1675414,America/New_York,95.5,0.0,0.0,1,0,38.9846985,-76.5076335,America/New_York,0.0,0.0,0.0,0,0,0,2022-10-29T19:00:00+00:00,14.6,3.21,6.6,,0.0,0.0,0.0,0,0,51,0,open_air,open_air,0,0,1,open-meteo-era5,ok
2022,2,9,401415647,2022-10-29,14:30,2022-10-29T19:30:00+00:00,SMU Mustangs,Tulsa Golden Hurricane,Chapman Stadium,0,resolved_schedule_stadium,36.1489175,-95.9437853,America/Chicago,USA,32.8377223,-96.7827859,America/Chicago,233.7,0.0,0.0,0,1,36.1489175,-95.9437853,America/Chicago,0.0,0.0,0.0,0,0,0,2022-10-29T19:00:00+00:00,18.7,3.96,8.6,,0.0,0.0,0.0,0,0,58,3,open_air,open_air,0,0,1,open-meteo-era5,ok
2022,2,9,401416630,2022-10-29,12:00,2022-10-29T16:00:00+00:00,Toledo Rockets,Eastern Michigan Eagles,Rynearson Stadium,0,resolved_schedule_stadium,42.256126,-83.647285,America/Detroit,USA,41.6574777,-83.6135652,America/New_York,41.4,0.0,0.0,1,0,42.256126,-83.647285,America/Detroit,0.0,0.0,0.0,0,0,0,2022-10-29T16:00:00+00:00,12.0,0.96,4.5,,0.0,0.0,0.0,0,0,67,0,open_air,open_air,0,0,1,open-meteo-era5,ok
2022,2,9,401416631,2022-10-29,12:00,2022-10-29T16:00:00+00:00,Miami (OH) RedHawks,Akron Zips,InfoCision Stadium,0,resolved_schedule_stadium,41.0725534,-81.5083408,America/New_York,USA,39.5197009,-84.7330255,America/New_York,201.0,0.0,0.0,0,1,41.0725534,-81.5083408,America/New_York,0.0,0.0,0.0,0,0,0,2022-10-29T16:00:00+00:00,13.5,1.55,4.9,,0.0,0.0,0.0,0,0,61,0,open_air,open_air,0,0,1,open-meteo-era5,ok
2022,2,9,401426360,2022-10-29,15:30,2022-10-29T19:30:00+00:00,Robert Morris Colonials,App State Mountaineers,Kidd Brewer Stadium,0,resolved_schedule_stadium,36.2114267,-81.6854278,America/New_York,USA,,,,,,,,,36.2114267,-81.6854278,America/New_York,0.0,0.0,0.0,0,0,0,2022-10-29T19:00:00+00:00,12.3,2.21,7.0,,0.0,0.0,0.0,0,0,82,3,open_air,open_air,0,0,1,open-meteo-era5,ok
2022,2,9,401426361,2022-10-29,15:00,2022-10-29T19:00:00+00:00,Old Dominion Monarchs,Georgia State Panthers,Center Parc Stadium,0,resolved_schedule_stadium,33.735267,-84.389949,America/New_York,USA,36.8889533,-76.3049175,America/New_York,505.0,0.0,0.0,1,0,33.735267,-84.389949,America/New_York,0.0,0.0,0.0,0,0,0,2022-10-29T19:00:00+00:00,16.6,4.45,9.9,,0.0,0.0,0.0,0,0,73,3,open_air,open_air,0,0,1,open-meteo-era5,ok
2022,2,9,401426362,2022-10-29,19:00,2022-10-29T23:00:00+00:00,Coastal Carolina Chanticleers,Marshall Thundering Herd,Joan C. Edwards Stadium,0,resolved_schedule_stadium,38.4247042,-82.4214412,America/New_York,USA,33.7928506,-79.0166946,America/New_York,372.1,0.0,0.0,1,0,38.4247042,-82.4214412,America/New_York,0.0,0.0,0.0,0,0,0,2022-10-29T23:00:00+00:00,16.9,3.36,5.4,,0.0,0.0,0.0,0,0,50,2,open_air,open_air,0,0,1,open-meteo-era5,ok
2022,2,9,401426363,2022-10-29,15:00,2022-10-29T20:00:00+00:00,South Alabama Jaguars,Arkansas State Red Wolves,Centennial Bank Stadium,0,resolved_schedule_stadium,35.8488977,-90.6677436,America/Chicago,USA,30.6943566,-88.0430541,America/Chicago,387.0,0.0,0.0,1,0,35.8488977,-90.6677436,America/Chicago,0.0,0.0,0.0,0,0,0,2022-10-29T20:00:00+00:00,18.4,4.35,9.6,,0.2,0.2,0.0,1,0,74,51,open_air,open_air,0,0,1,open-meteo-era5,ok
2022,2,9,401426593,2022-10-29,13:00,2022-10-29T18:00:00+00:00,Charlotte 49ers,Rice Owls,Rice Stadium,0,resolved_schedule_stadium,29.7163297,-95.4093261,America/Chicago,USA,35.3105033,-80.7401194,America/New_York,936.7,-1.0,1.0,1,0,29.7163297,-95.4093261,America/Chicago,0.0,0.0,0.0,0,0,0,2022-10-29T18:00:00+00:00,18.3,4.7,11.3,,0.0,0.0,0.0,0,0,69,3,open_air,open_air,0,0,1,open-meteo-era5,ok
2022,2,9,401426595,2022-10-29,19:00,2022-10-29T23:00:00+00:00,UAB Blazers,Florida Atlantic Owls,FAU Stadium,0,resolved_schedule_stadium,26.3763763,-80.1015759,America/New_York,USA,33.5206824,-86.8024326,America/Chicago,635.7,1.0,1.0,0,1,26.3763763,-80.1015759,America/New_York,0.0,0.0,0.0,0,0,0,2022-10-29T23:00:00+00:00,26.6,3.23,6.9,,0.0,0.0,0.0,0,0,75,1,open_air,open_air,0,0,1,open-meteo-era5,ok
2022,2,9,401426596,2022-10-29,19:00,2022-10-30T01:00:00+00:00,Middle Tennessee Blue Raiders,UTEP Miners,Sun Bowl,0,resolved_schedule_stadium,31.7733353,-106.507957,America/Denver,USA,35.8511463,-86.3681649,America/Chicago,1187.7,-1.0,1.0,1,0,31.7733353,-106.507957,America/Denver,0.0,0.0,0.0,0,0,0,2022-10-30T01:00:00+00:00,18.6,1.32,2.1,,0.0,0.0,0.0,0,0,33,0,open_air,open_air,0,0,1,open-meteo-era5,ok
2022,2,9,401426597,2022-10-29,14:30,2022-10-29T19:30:00+00:00,North Texas Mean Green,Western Kentucky Hilltoppers,Houchens Industries-L.T. Smith Stadium,0,resolved_schedule_stadium,36.9847901,-86.4594041,America/Chicago,USA,33.203899,-97.159245,America/Chicago,658.4,0.0,0.0,0,1,36.9847901,-86.4594041,America/Chicago,0.0,0.0,0.0,0,0,0,2022-10-29T19:00:00+00:00,21.4,2.21,6.2,,0.0,0.0,0.0,0,0,44,3,open_air,open_air,0,0,1,open-meteo-era5,ok
2022,2,10,401416632,2022-11-01,19:00,2022-11-01T23:00:00+00:00,Ball State Cardinals,Kent State Golden Flashes,Dix Stadium,0,resolved_schedule_stadium,41.1390935,-81.31346,America/New_York,USA,40.2159422,-85.4161148,America/Indiana/Indianapolis,224.2,0.0,0.0,0,1,41.1390935,-81.31346,America/New_York,0.0,0.0,0.0,0,0,0,2022-11-01T23:00:00+00:00,13.3,1.39,2.7,,0.0,0.0,0.0,0,0,87,0,open_air,open_air,0,0,1,open-meteo-era5,ok
2022,2,10,401416633,2022-11-01,19:30,2022-11-01T23:30:00+00:00,Buffalo Bulls,Ohio Bobcats,Peden Stadium,0,resolved_schedule_stadium,39.3212794,-82.1034315,America/New_York,USA,42.9991334,-78.7775113,America/New_York,307.4,0.0,0.0,1,0,39.3212794,-82.1034315,America/New_York,0.0,0.0,0.0,0,0,0,2022-11-01T23:00:00+00:00,16.2,1.86,2.6,,0.0,0.0,0.0,0,0,76,2,open_air,open_air,0,0,1,open-meteo-era5,ok
2022,2,10,401416634,2022-11-02,18:00,2022-11-02T23:00:00+00:00,Central Michigan Chippewas,Northern Illinois Huskies,Huskie Stadium,0,resolved_schedule_stadium,41.9339586,-88.7778357,America/Chicago,USA,43.5777313,-84.7709904,America/Detroit,232.8,-1.0,1.0,1,0,41.9339586,-88.7778357,America/Chicago,0.0,0.0,0.0,0,0,0,2022-11-02T23:00:00+00:00,17.5,3.25,5.3,,0.0,0.0,0.0,0,0,59,0,open_air,open_air,0,0,1,open-meteo-era5,ok
2022,2,10,401416635,2022-11-02,19:00,2022-11-02T23:00:00+00:00,Western Michigan Broncos,Bowling Green Falcons,Doyt L. Perry Stadium,0,resolved_schedule_stadium,41.3780114,-83.6225,America/New_York,USA,42.2860064,-85.6007573,America/Detroit,119.6,0.0,0.0,0,1,41.3780114,-83.6225,America/New_York,0.0,0.0,0.0,0,0,0,2022-11-02T23:00:00+00:00,14.3,2.28,2.7,,0.0,0.0,0.0,0,0,63,3,open_air,open_air,0,0,1,open-meteo-era5,ok
2022,2,10,401426364,2022-11-03,19:30,2022-11-03T23:30:00+00:00,App State Mountaineers,Coastal Carolina Chanticleers,Brooks Stadium (SC),0,resolved_schedule_stadium,33.7928506,-79.0166946,America/New_York,USA,36.2114267,-81.6854278,America/New_York,225.2,0.0,0.0,0,1,33.7928506,-79.0166946,America/New_York,0.0,0.0,0.0,0,0,0,2022-11-03T23:00:00+00:00,19.2,2.67,4.1,,0.0,0.0,0.0,0,0,71,0,open_air,open_air,0,0,1,open-meteo-era5,ok
2022,2,10,401426601,2022-11-03,18:00,2022-11-03T23:00:00+00:00,UTEP Miners,Rice Owls,Rice Stadium,0,resolved_schedule_stadium,29.7163297,-95.4093261,America/Chicago,USA,31.7733353,-106.507957,America/Denver,673.9,1.0,1.0,0,1,29.7163297,-95.4093261,America/Chicago,0.0,0.0,0.0,0,0,0,2022-11-03T23:00:00+00:00,26.0,4.14,9.9,,0.0,0.0,0.0,0,0,80,1,open_air,open_air,0,0,1,open-meteo-era5,ok
2022,2,10,401404031,2022-11-04,19:30,2022-11-05T02:30:00+00:00,Oregon State Beavers,Washington Huskies,Husky Stadium,0,resolved_schedule_stadium,47.6503235,-122.3015746,America/Los_Angeles,USA,44.5594559,-123.2814341,America/Los_Angeles,218.7,0.0,0.0,0,1,47.6503235,-122.3015746,America/Los_Angeles,0.0,0.0,0.0,0,0,0,2022-11-05T02:00:00+00:00,13.5,7.64,12.4,,0.8,0.8,0.0,1,0,91,53,open_air,open_air,0,0,1,open-meteo-era5,ok
2022,2,10,401404155,2022-11-04,19:00,2022-11-04T23:00:00+00:00,Massachusetts Minutemen,UConn Huskies,Pratt & Whitney Stadium,0,resolved_schedule_stadium,41.7595675,-72.6187728,America/New_York,USA,42.3773244,-72.5360595,America/New_York,42.9,0.0,0.0,1,0,41.7595675,-72.6187728,America/New_York,0.0,0.0,0.0,0,0,0,2022-11-04T23:00:00+00:00,17.2,3.65,6.8,,0.0,0.0,0.0,0,0,82,3,open_air,open_air,0,0,1,open-meteo-era5,ok
2022,2,10,401411151,2022-11-04,19:00,2022-11-04T23:00:00+00:00,Duke Blue Devils,Boston College Eagles,"Alumni Stadium (Chestnut Hill, MA)",0,resolved_schedule_stadium,42.335104,-71.1664413,America/New_York,USA,35.9953688,-78.9417564,America/New_York,603.9,0.0,0.0,0,1,42.335104,-71.1664413,America/New_York,0.0,0.0,0.0,0,0,0,2022-11-04T23:00:00+00:00,17.2,4.14,8.2,,0.0,0.0,0.0,0,0,72,3,open_air,open_air,0,0,1,open-meteo-era5,ok
2022,2,10,401403932,2022-11-05,15:00,2022-11-05T20:00:00+00:00,Liberty Flames,Arkansas Razorbacks,Razorback Stadium,0,resolved_schedule_stadium,36.0680662,-94.1789534,America/Chicago,USA,37.3544305,-79.1750239,America/New_York,834.9,-1.0,1.0,1,0,36.0680662,-94.1789534,America/Chicago,0.0,0.0,0.0,0,0,0,2022-11-05T20:00:00+00:00,13.5,3.55,9.3,,0.0,0.0,0.0,0,0,46,0,open_air,open_air,0,0,1,open-meteo-era5,ok
2022,2,10,401403933,2022-11-05,15:30,2022-11-05T19:30:00+00:00,Tennessee Volunteers,Georgia Bulldogs,Sanford Stadium,0,resolved_schedule_stadium,33.9498197,-83.3733813,America/New_York,USA,35.9550131,-83.9250128,America/New_York,142.0,0.0,0.0,0,1,33.9498197,-83.3733813,America/New_York,0.0,0.0,0.0,0,0,0,2022-11-05T19:00:00+00:00,24.5,3.78,10.2,,0.1,0.1,0.0,1,0,73,51,open_air,open_air,0,0,1,open-meteo-era5,ok
2022,2,10,401403934,2022-11-05,18:00,2022-11-05T23:00:00+00:00,Alabama Crimson Tide,LSU Tigers,Tiger Stadium (LA),0,resolved_schedule_stadium,30.412035,-91.1838163,America/Chicago,USA,33.2082752,-87.5503836,America/Chicago,287.8,0.0,0.0,1,0,30.412035,-91.1838163,America/Chicago,0.0,0.0,0.0,0,0,0,2022-11-05T23:00:00+00:00,18.4,1.25,1.7,,0.0,0.0,0.0,0,0,74,0,open_air,open_air,0,0,1,open-meteo-era5,ok
2022,2,10,401403935,2022-11-05,18:30,2022-11-05T23:30:00+00:00,Auburn Tigers,Mississippi State Bulldogs,Davis Wade Stadium,0,resolved_schedule_stadium,33.4563403,-88.7933652,America/Chicago,USA,32.6025532,-85.4897479,America/Chicago,200.2,0.0,0.0,1,0,33.4563403,-88.7933652,America/Chicago,0.0,0.0,0.0,0,0,0,2022-11-05T23:00:00+00:00,19.1,2.58,6.0,,0.1,0.1,0.0,1,0,92,51,open_air,open_air,0,0,1,open-meteo-era5,ok
2022,2,10,401403936,2022-11-05,11:00,2022-11-05T16:00:00+00:00,Kentucky Wildcats,Missouri Tigers,Memorial Stadium,0,ambiguous_schedule_stadium,,,America/Chicago,,38.0220905,-84.5053408,America/New_York,,,,,,38.9358491,-92.3332009,America/Chicago,,,,,,,,,,,,,,,,,,,open_air,,,,,,venue_unresolved
2022,2,10,401403937,2022-11-05,11:00,2022-11-05T16:00:00+00:00,Florida Gators,Texas A&M Aggies,Kyle Field,0,resolved_schedule_stadium,30.6098891,-96.3403828,America/Chicago,USA,29.6499357,-82.3485788,America/New_York,838.2,-1.0,1.0,1,0,30.6098891,-96.3403828,America/Chicago,0.0,0.0,0.0,0,0,0,2022-11-05T16:00:00+00:00,16.0,2.06,6.0,,0.0,0.0,0.0,0,0,59,1,open_air,open_air,0,0,1,open-meteo-era5,ok
2022,2,10,401403938,2022-11-05,18:30,2022-11-05T23:30:00+00:00,South Carolina Gamecocks,Vanderbilt Commodores,FirstBank Stadium,0,resolved_schedule_stadium,36.1440455,-86.8088942,America/Chicago,USA,33.9730239,-81.0191726,America/New_York,360.1,-1.0,1.0,1,0,36.1440455,-86.8088942,America/Chicago,0.0,0.0,0.0,0,0,0,2022-11-05T23:00:00+00:00,19.5,3.76,11.1,,0.0,0.0,0.0,0,0,74,3,open_air,open_air,0,0,1,open-meteo-era5,ok
2022,2,10,401404027,2022-11-05,17:30,2022-11-05T23:30:00+00:00,Arizona Wildcats,Utah Utes,Rice-Eccles Stadium,0,resolved_schedule_stadium,40.7599724,-111.8488255,America/Denver,USA,32.2288054,-110.9488677,America/Phoenix,591.6,1.0,1.0,1,0,40.7599724,-111.8488255,America/Denver,0.0,0.0,0.0,0,0,0,2022-11-05T23:00:00+00:00,8.4,2.25,12.4,,0.4,0.0,0.28,0,1,76,73,open_air,open_air,0,0,1,open-meteo-era5,ok
2022,2,10,401404028,2022-11-05,19:30,2022-11-06T02:30:00+00:00,UCLA Bruins,Arizona State Sun Devils,Mountain America Stadium,0,resolved_schedule_stadium,33.4264471,-111.9325005,America/Phoenix,USA,34.1613284,-118.1676462,America/Los_Angeles,361.5,0.0,0.0,0,1,33.4264471,-111.9325005,America/Phoenix,0.0,0.0,0.0,0,0,0,2022-11-06T02:00:00+00:00,18.0,1.71,1.5,,0.0,0.0,0.0,0,0,32,3,open_air,open_air,0,0,1,open-meteo-era5,ok
2022,2,10,401404029,2022-11-05,19:30,2022-11-06T02:30:00+00:00,California Golden Bears,USC Trojans,Los Angeles Memorial Coliseum,0,resolved_schedule_stadium,34.014167,-118.287778,America/Los_Angeles,USA,37.8710434,-122.2507729,America/Los_Angeles,346.6,0.0,0.0,0,1,34.014167,-118.287778,America/Los_Angeles,0.0,0.0,0.0,0,0,0,2022-11-06T02:00:00+00:00,17.3,1.69,2.4,,0.0,0.0,0.0,0,0,52,0,open_air,open_air,0,0,1,open-meteo-era5,ok
2022,2,10,401404030,2022-11-05,13:30,2022-11-05T19:30:00+00:00,Oregon Ducks,Colorado Buffaloes,Folsom Field,0,resolved_schedule_stadium,40.0094746,-105.266905,America/Denver,USA,44.0582712,-123.0684883,America/Los_Angeles,953.2,1.0,1.0,0,1,40.0094746,-105.266905,America/Denver,0.0,0.0,0.0,0,0,0,2022-11-05T19:00:00+00:00,11.0,8.05,19.7,,0.0,0.0,0.0,0,0,44,0,open_air,open_air,0,0,1,open-meteo-era5,ok
2022,2,10,401404032,2022-11-05,12:30,2022-11-05T19:30:00+00:00,Washington State Cougars,Stanford Cardinal,Stanford Stadium,0,resolved_schedule_stadium,37.4345556,-122.1611271,America/Los_Angeles,USA,46.731831,-117.1604991,America/Los_Angeles,691.3,0.0,0.0,1,0,37.4345556,-122.1611271,America/Los_Angeles,0.0,0.0,0.0,0,0,0,2022-11-05T19:00:00+00:00,16.4,2.31,5.9,,0.0,0.0,0.0,0,0,82,3,open_air,open_air,0,0,1,open-meteo-era5,ok
2022,2,10,401404104,2022-11-05,14:00,2022-11-05T19:00:00+00:00,Baylor Bears,Oklahoma Sooners,"Memorial Stadium (Norman, OK)",0,ambiguous_schedule_stadium,,,America/Chicago,,31.5582015,-97.1156702,America/Chicago,,,,,,35.2058537,-97.4423145,America/Chicago,,,,,,,,,,,,,,,,,,,open_air,,,,,,venue_unresolved
2022,2,10,401404105,2022-11-05,14:30,2022-11-05T19:30:00+00:00,West Virginia Mountaineers,Iowa State Cyclones,Jack Trice Stadium,0,resolved_schedule_stadium,42.0139977,-93.6357716,America/Chicago,USA,39.6502744,-79.9551873,America/New_York,732.7,-1.0,1.0,1,0,42.0139977,-93.6357716,America/Chicago,0.0,0.0,0.0,0,0,0,2022-11-05T19:00:00+00:00,8.9,6.55,12.3,,0.0,0.0,0.0,0,0,48,2,open_air,open_air,0,0,1,open-meteo-era5,ok
2022,2,10,401404106,2022-11-05,14:30,2022-11-05T19:30:00+00:00,Oklahoma State Cowboys,Kansas Jayhawks,Memorial Stadium,0,ambiguous_schedule_stadium,,,America/Chicago,,36.125673,-97.066513,America/Chicago,,,,,,38.9629418,-95.2463686,America/Chicago,,,,,,,,,,,,,,,,,,,open_air,,,,,,venue_unresolved
2022,2,10,401404107,2022-11-05,18:00,2022-11-05T23:00:00+00:00,Texas Longhorns,Kansas State Wildcats,Bill Snyder Family Stadium,0,resolved_schedule_stadium,39.2020096,-96.5938395,America/Chicago,USA,30.2836813,-97.7325345,America/Chicago,619.6,0.0,0.0,0,1,39.2020096,-96.5938395,America/Chicago,0.0,0.0,0.0,0,0,0,2022-11-05T23:00:00+00:00,12.9,6.33,13.0,,0.0,0.0,0.0,0,0,53,0,open_air,open_air,0,0,1,open-meteo-era5,ok
2022,2,10,401404108,2022-11-05,11:00,2022-11-05T16:00:00+00:00,Texas Tech Red Raiders,TCU Horned Frogs,Amon G. Carter Stadium,0,resolved_schedule_stadium,32.7096604,-97.3680835,America/Chicago,USA,33.5910518,-101.8728824,America/Chicago,267.6,0.0,0.0,0,1,32.7096604,-97.3680835,America/Chicago,0.0,0.0,0.0,0,0,0,2022-11-05T16:00:00+00:00,11.5,0.6,3.9,,0.0,0.0,0.0,0,0,61,0,open_air,open_air,0,0,1,open-meteo-era5,ok
2022,2,10,401404130,2022-11-05,19:30,2022-11-05T23:30:00+00:00,Clemson Tigers,Notre Dame Fighting Irish,Notre Dame Stadium,0,resolved_schedule_stadium,41.698378,-86.2339425,America/Indiana/Indianapolis,USA,34.6787737,-82.8432428,America/New_York,518.7,0.0,0.0,1,0,41.698378,-86.2339425,America/Indiana/Indianapolis,0.0,0.0,0.0,0,0,0,2022-11-05T23:00:00+00:00,13.9,9.92,17.7,,0.0,0.0,0.0,0,0,52,2,open_air,open_air,0,0,1,open-meteo-era5,ok
2022,2,10,401404141,2022-11-05,15:30,,Air Force Falcons,Army Black Knights,Choctaw Stadium,1,unresolved_neutral_venue,,,,,38.9969701,-104.8436165,America/Denver,,,,,,41.3874924,-73.9640891,America/New_York,,,,,,,,,,,,,,,,,,,,,,,,,venue_unresolved
2022,2,10,401405127,2022-11-05,14:30,2022-11-05T19:30:00+00:00,Michigan State Spartans,Illinois Fighting Illini,"Memorial Stadium (Champaign, IL)",0,ambiguous_schedule_stadium,,,America/Chicago,,42.7281474,-84.4848526,America/Detroit,,,,,,40.0993268,-88.2359569,America/Chicago,,,,,,,,,,,,,,,,,,,open_air,,,,,,venue_unresolved
2022,2,10,401405128,2022-11-05,11:00,2022-11-05T16:00:00+00:00,Minnesota Golden Gophers,Nebraska Cornhuskers,"Memorial Stadium (Lincoln, NE)",0,ambiguous_schedule_stadium,,,America/Chicago,,44.976525,-93.2245462,America/Chicago,,,,,,40.820682,-96.705594,America/Chicago,,,,,,,,,,,,,,,,,,,open_air,,,,,,venue_unresolved
2022,2,10,401405129,2022-11-05,11:00,2022-11-05T16:00:00+00:00,Ohio State Buckeyes,Northwestern Wildcats,Ryan Field,0,resolved_schedule_stadium,42.0653994,-87.6924751,America/Chicago,USA,40.0016447,-83.0197266,America/New_York,282.2,-1.0,1.0,1,0,42.0653994,-87.6924751,America/Chicago,0.0,0.0,0.0,0,0,0,2022-11-05T16:00:00+00:00,16.2,12.66,18.2,,0.1,0.1,0.0,1,0,77,51,open_air,open_air,0,0,1,open-meteo-era5,ok
2022,2,10,401405130,2022-11-05,12:00,2022-11-05T16:00:00+00:00,Iowa Hawkeyes,Purdue Boilermakers,Ross-Ade Stadium,0,resolved_schedule_stadium,40.4352253,-86.9186843,America/Indiana/Indianapolis,USA,41.6586045,-91.5510829,America/Chicago,255.7,1.0,1.0,0,1,40.4352253,-86.9186843,America/Indiana/Indianapolis,0.0,0.0,0.0,0,0,0,2022-11-05T16:00:00+00:00,17.1,11.55,19.0,,0.1,0.1,0.0,1,0,74,51,open_air,open_air,0,0,1,open-meteo-era5,ok
2022,2,10,401405131,2022-11-05,11:00,2022-11-05T16:00:00+00:00,Maryland Terrapins,Wisconsin Badgers,Camp Randall Stadium,0,resolved_schedule_stadium,43.06994,-89.4126943,America/Chicago,USA,38.9903332,-76.9473792,America/New_York,707.3,-1.0,1.0,1,0,43.06994,-89.4126943,America/Chicago,0.0,0.0,0.0,0,0,0,2022-11-05T16:00:00+00:00,14.1,9.0,15.9,,0.8,0.8,0.0,1,0,90,53,open_air,open_air,0,0,1,open-meteo-era5,ok
2022,2,10,401405132,2022-11-05,15:30,2022-11-05T19:30:00+00:00,Penn State Nittany Lions,Indiana Hoosiers,"Memorial Stadium (Bloomington, IN)",0,resolved_schedule_stadium_timezone,39.1808959,-86.5256217,America/Indiana/Indianapolis,USA,40.8121958,-77.8561023,America/New_York,472.3,0.0,0.0,1,0,39.1808959,-86.5256217,America/Indiana/Indianapolis,0.0,0.0,0.0,0,0,0,2022-11-05T19:00:00+00:00,18.5,8.21,24.6,,0.4,0.4,0.0,1,0,70,51,open_air,open_air,0,0,1,open-meteo-era5,ok
2022,2,10,401405133,2022-11-05,19:30,2022-11-05T23:30:00+00:00,Michigan Wolverines,Rutgers Scarlet Knights,SHI Stadium,0,resolved_schedule_stadium,40.5462553,-74.4660408,America/New_York,USA,42.2658365,-83.7486956,America/Detroit,495.2,0.0,0.0,0,1,40.5462553,-74.4660408,America/New_York,0.0,0.0,0.0,0,0,0,2022-11-05T23:00:00+00:00,21.9,4.56,9.4,,0.0,0.0,0.0,0,0,67,3,open_air,open_air,0,0,1,open-meteo-era5,ok
2022,2,10,401411152,2022-11-05,19:30,2022-11-05T23:30:00+00:00,James Madison Dukes,Louisville Cardinals,L&N Federal Credit Union Stadium,0,resolved_schedule_stadium,38.2057621,-85.7588141,America/Kentucky/Louisville,USA,38.4352919,-78.8729349,America/New_York,373.5,0.0,0.0,1,0,38.2057621,-85.7588141,America/Kentucky/Louisville,0.0,0.0,0.0,0,0,0,2022-11-05T23:00:00+00:00,20.1,5.49,16.0,,0.1,0.1,0.0,1,0,68,51,open_air,open_air,0,0,1,open-meteo-era5,ok
2022,2,10,401411153,2022-11-05,19:30,2022-11-05T23:30:00+00:00,Florida State Seminoles,Miami Hurricanes,Hard Rock Stadium,0,resolved_schedule_stadium,25.9579665,-80.2388604,America/New_York,USA,30.4381692,-84.3044032,America/New_York,396.3,0.0,0.0,0,1,25.9579665,-80.2388604,America/New_York,0.0,0.0,0.0,0,0,0,2022-11-05T23:00:00+00:00,26.1,2.31,5.7,,0.0,0.0,0.0,0,0,73,0,open_air,open_air,0,0,1,open-meteo-era5,ok
2022,2,10,401411154,2022-11-05,20:00,2022-11-06T00:00:00+00:00,Wake Forest Demon Deacons,NC State Wolfpack,Carter-Finley Stadium,0,resolved_schedule_stadium,35.8008001,-78.7195655,America/New_York,USA,36.1305507,-80.2545851,America/New_York,88.8,0.0,0.0,0,1,35.8008001,-78.7195655,America/New_York,0.0,0.0,0.0,0,0,0,2022-11-06T00:00:00+00:00,22.1,4.08,7.6,,0.0,0.0,0.0,0,0,68,3,open_air,open_air,0,0,1,open-meteo-era5,ok
2022,2,10,401411155,2022-11-05,15:30,2022-11-05T19:30:00+00:00,Syracuse Orange,Pittsburgh Panthers,Acrisure Stadium,0,resolved_schedule_stadium,40.4467648,-80.0157603,America/New_York,USA,43.0362269,-76.1363161,America/New_York,268.3,0.0,0.0,1,0,40.4467648,-80.0157603,America/New_York,0.0,0.0,0.0,0,0,0,2022-11-05T19:00:00+00:00,27.1,6.72,15.2,,0.1,0.1,0.0,1,0,44,51,open_air,open_air,0,0,1,open-meteo-era5,ok
2022,2,10,401411156,2022-11-05,12:00,2022-11-05T16:00:00+00:00,North Carolina Tar Heels,Virginia Cavaliers,Scott Stadium,0,resolved_schedule_stadium,38.0311801,-78.5137897,America/New_York,USA,35.9069294,-79.0478889,America/New_York,149.7,0.0,0.0,0,1,38.0311801,-78.5137897,America/New_York,0.0,0.0,0.0,0,0,0,2022-11-05T16:00:00+00:00,22.5,4.45,10.1,,0.2,0.2,0.0,1,0,77,51,open_air,open_air,0,0,1,open-meteo-era5,ok
2022,2,10,401411157,2022-11-05,12:30,2022-11-05T16:30:00+00:00,Georgia Tech Yellow Jackets,Virginia Tech Hokies,Lane Stadium,0,resolved_schedule_stadium,37.2199873,-80.4180643,America/New_York,USA,33.7724449,-84.3928054,America/New_York,326.6,0.0,0.0,0,1,37.2199873,-80.4180643,America/New_York,0.0,0.0,0.0,0,0,0,2022-11-05T16:00:00+00:00,19.5,6.83,12.6,,0.0,0.0,0.0,0,0,82,3,open_air,open_air,0,0,1,open-meteo-era5,ok
2022,2,10,401415250,2022-11-05,17:00,2022-11-05T23:00:00+00:00,BYU Cougars,Boise State Broncos,Albertsons Stadium,0,resolved_schedule_stadium,43.6028839,-116.1958882,America/Boise,USA,40.2575347,-111.6545247,America/Denver,328.4,0.0,0.0,1,0,43.6028839,-116.1958882,America/Boise,0.0,0.0,0.0,0,0,0,2022-11-05T23:00:00+00:00,8.8,4.49,8.2,,0.0,0.0,0.0,0,0,43,3,open_air,open_air,0,0,1,open-meteo-era5,ok
2022,2,10,401415251,2022-11-05,19:30,2022-11-06T02:30:00+00:00,Colorado State Rams,San José State Spartans,CEFCU Stadium,0,resolved_schedule_stadium,37.3196675,-121.8682962,America/Los_Angeles,USA,40.570015,-105.088435,America/Denver,927.7,-1.0,1.0,1,0,37.3196675,-121.8682962,America/Los_Angeles,0.0,0.0,0.0,0,0,0,2022-11-06T02:00:00+00:00,16.0,1.46,4.7,,0.0,0.0,0.0,0,0,89,3,open_air,open_air,0,0,1,open-meteo-era5,ok
2022,2,10,401415252,2022-11-05,13:30,2022-11-05T19:30:00+00:00,New Mexico Lobos,Utah State Aggies,Maverik Stadium,0,resolved_schedule_stadium,41.7517394,-111.8116007,America/Denver,USA,35.0669479,-106.6283225,America/Denver,540.2,0.0,0.0,1,0,41.7517394,-111.8116007,America/Denver,0.0,0.0,0.0,0,0,0,2022-11-05T19:00:00+00:00,6.7,3.5,16.2,,0.6,0.2,0.28,1,1,86,73,open_air,open_air,0,0,1,open-meteo-era5,ok
2022,2,10,401415253,2022-11-05,19:30,2022-11-06T02:30:00+00:00,Hawai'i Rainbow Warriors,Fresno State Bulldogs,Valley Children's Stadium,0,resolved_schedule_stadium,36.8143527,-119.7580092,America/Los_Angeles,USA,21.294294,-157.819338,Pacific/Honolulu,2514.9,3.0,3.0,0,1,36.8143527,-119.7580092,America/Los_Angeles,0.0,0.0,0.0,0,0,0,2022-11-06T02:00:00+00:00,16.8,1.85,3.0,,0.0,0.0,0.0,0,0,57,3,open_air,open_air,0,0,1,open-meteo-era5,ok
2022,2,10,401415254,2022-11-05,16:00,2022-11-05T23:00:00+00:00,UNLV Rebels,San Diego State Aztecs,Snapdragon Stadium,0,resolved_schedule_stadium,32.784444,-117.122833,America/Los_Angeles,USA,36.0908,-115.1830,America/Los_Angeles,253.8,0.0,0.0,1,0,32.784444,-117.122833,America/Los_Angeles,0.0,0.0,0.0,0,0,0,2022-11-05T23:00:00+00:00,21.4,2.52,5.9,,0.0,0.0,0.0,0,0,36,0,open_air,open_air,0,0,1,open-meteo-era5,ok
2022,2,10,401415648,2022-11-05,14:00,2022-11-05T18:00:00+00:00,South Florida Bulls,Temple Owls,Lincoln Financial Field,0,resolved_schedule_stadium,39.9007995,-75.1675414,America/New_York,USA,27.9758691,-82.5033344,America/New_York,924.2,0.0,0.0,0,1,39.9007995,-75.1675414,America/New_York,0.0,0.0,0.0,0,0,0,2022-11-05T18:00:00+00:00,25.8,5.43,12.3,,0.0,0.0,0.0,0,0,55,2,open_air,open_air,0,0,1,open-meteo-era5,ok
2022,2,10,401415649,2022-11-05,11:00,2022-11-05T16:00:00+00:00,Tulane Green Wave,Tulsa Golden Hurricane,Chapman Stadium,0,resolved_schedule_stadium,36.1489175,-95.9437853,America/Chicago,USA,29.944616,-90.116692,America/Chicago,545.3,0.0,0.0,1,0,36.1489175,-95.9437853,America/Chicago,0.0,0.0,0.0,0,0,0,2022-11-05T16:00:00+00:00,9.7,3.48,8.1,,0.0,0.0,0.0,0,0,68,0,open_air,open_air,0,0,1,open-meteo-era5,ok
2022,2,10,401415650,2022-11-05,16:00,2022-11-05T20:00:00+00:00,Navy Midshipmen,Cincinnati Bearcats,Nippert Stadium,0,resolved_schedule_stadium,39.1312495,-84.5161913,America/New_York,USA,38.9846985,-76.5076335,America/New_York,429.7,0.0,0.0,1,0,39.1312495,-84.5161913,America/New_York,0.0,0.0,0.0,0,0,0,2022-11-05T20:00:00+00:00,22.3,8.65,17.8,,0.0,0.0,0.0,0,0,58,3,open_air,open_air,0,0,1,open-meteo-era5,ok
2022,2,10,401415651,2022-11-05,14:30,2022-11-05T19:30:00+00:00,UCF Knights,Memphis Tigers,Simmons Bank Liberty Stadium,0,resolved_schedule_stadium,35.1209429,-89.977147,America/Chicago,USA,28.6079765,-81.1927233,America/New_York,683.7,-1.0,1.0,1,0,35.1209429,-89.977147,America/Chicago,0.0,0.0,0.0,0,0,0,2022-11-05T19:00:00+00:00,17.7,4.89,10.8,,0.0,0.0,0.0,0,0,59,3,open_air,open_air,0,0,1,open-meteo-era5,ok
2022,2,10,401415652,2022-11-05,18:00,2022-11-05T23:00:00+00:00,Houston Cougars,SMU Mustangs,Gerald J. Ford Stadium,0,resolved_schedule_stadium,32.8377223,-96.7827859,America/Chicago,USA,29.7219885,-95.3491623,America/Chicago,231.3,0.0,0.0,1,0,32.8377223,-96.7827859,America/Chicago,0.0,0.0,0.0,0,0,0,2022-11-05T23:00:00+00:00,17.4,3.6,6.8,,0.0,0.0,0.0,0,0,50,0,open_air,open_air,0,0,1,open-meteo-era5,ok
2022,2,10,401426365,2022-11-05,16:00,2022-11-05T20:00:00+00:00,South Alabama Jaguars,Georgia Southern Eagles,Allen E. Paulson Stadium,0,resolved_schedule_stadium,32.4122471,-81.7849296,America/New_York,USA,30.6943566,-88.0430541,America/Chicago,387.0,1.0,1.0,0,1,32.4122471,-81.7849296,America/New_York,0.0,0.0,0.0,0,0,0,2022-11-05T20:00:00+00:00,27.3,3.74,10.5,,0.0,0.0,0.0,0,0,66,3,open_air,open_air,0,0,1,open-meteo-era5,ok
2022,2,10,401426366,2022-11-05,14:00,2022-11-05T18:00:00+00:00,Marshall Thundering Herd,Old Dominion Monarchs,S.B. Ballard Stadium,0,resolved_schedule_stadium,36.8889533,-76.3049175,America/New_York,USA,38.4247042,-82.4214412,America/New_York,350.9,0.0,0.0,0,1,36.8889533,-76.3049175,America/New_York,0.0,0.0,0.0,0,0,0,2022-11-05T18:00:00+00:00,25.9,5.4,10.8,,0.0,0.0,0.0,0,0,60,2,open_air,open_air,0,0,1,open-meteo-era5,ok
2022,2,10,401426367,2022-11-05,16:00,2022-11-05T21:00:00+00:00,Troy Trojans,Louisiana Ragin' Cajuns,Cajun Field,0,resolved_schedule_stadium,30.2158434,-92.0417371,America/Chicago,USA,31.7995565,-85.9518328,America/Chicago,376.8,0.0,0.0,1,0,30.2158434,-92.0417371,America/Chicago,0.0,0.0,0.0,0,0,0,2022-11-05T21:00:00+00:00,20.9,2.0,5.1,,0.0,0.0,0.0,0,0,51,0,open_air,open_air,0,0,1,open-meteo-era5,ok
2022,2,10,401426368,2022-11-05,16:00,2022-11-05T21:00:00+00:00,Texas State Bobcats,UL Monroe Warhawks,Malone Stadium,0,resolved_schedule_stadium,32.5308089,-92.0660602,America/Chicago,USA,29.8910008,-97.9255735,America/Chicago,391.3,0.0,0.0,0,1,32.5308089,-92.0660602,America/Chicago,0.0,0.0,0.0,0,0,0,2022-11-05T21:00:00+00:00,20.0,1.91,4.7,,0.0,0.0,0.0,0,0,51,0,open_air,open_air,0,0,1,open-meteo-era5,ok
2022,2,10,401426369,2022-11-05,14:00,2022-11-05T19:00:00+00:00,Georgia State Panthers,Southern Miss Golden Eagles,M. M. Roberts Stadium,0,resolved_schedule_stadium,31.3289321,-89.3318118,America/Chicago,USA,33.735267,-84.389949,America/New_York,332.4,-1.0,1.0,1,0,31.3289321,-89.3318118,America/Chicago,0.0,0.0,0.0,0,0,0,2022-11-05T19:00:00+00:00,19.2,2.53,5.7,,2.3,2.3,0.0,1,0,99,61,open_air,open_air,0,0,1,open-meteo-era5,ok
2022,2,10,401426598,2022-11-05,12:00,2022-11-05T16:00:00+00:00,Western Kentucky Hilltoppers,Charlotte 49ers,Jerry Richardson Stadium,0,resolved_schedule_stadium,35.3105033,-80.7401194,America/New_York,USA,36.9847901,-86.4594041,America/Chicago,339.3,1.0,1.0,0,1,35.3105033,-80.7401194,America/New_York,0.0,0.0,0.0,0,0,0,2022-11-05T16:00:00+00:00,22.7,3.83,9.9,,0.0,0.0,0.0,0,0,84,3,open_air,open_air,0,0,1,open-meteo-era5,ok
2022,2,10,401426599,2022-11-05,15:00,2022-11-05T20:00:00+00:00,Florida International Panthers,North Texas Mean Green,DATCU Stadium,0,resolved_schedule_stadium,33.203899,-97.159245,America/Chicago,USA,25.7525014,-80.3778912,America/New_York,1131.1,-1.0,1.0,1,0,33.203899,-97.159245,America/Chicago,0.0,0.0,0.0,0,0,0,2022-11-05T20:00:00+00:00,17.2,4.25,8.9,,0.0,0.0,0.0,0,0,46,0,open_air,open_air,0,0,1,open-meteo-era5,ok
2022,2,10,401426600,2022-11-05,14:00,2022-11-05T19:00:00+00:00,Middle Tennessee Blue Raiders,Louisiana Tech Bulldogs,Joe Aillet Stadium,0,resolved_schedule_stadium,32.5321487,-92.6560019,America/Chicago,USA,35.8511463,-86.3681649,America/Chicago,426.1,0.0,0.0,1,0,32.5321487,-92.6560019,America/Chicago,0.0,0.0,0.0,0,0,0,2022-11-05T19:00:00+00:00,18.1,2.02,6.1,,0.0,0.0,0.0,0,0,52,0,open_air,open_air,0,0,1,open-meteo-era5,ok
2022,2,10,401426602,2022-11-05,14:30,2022-11-05T19:30:00+00:00,UTSA Roadrunners,UAB Blazers,Protective Stadium,0,resolved_schedule_stadium,33.5206824,-86.8024326,America/Chicago,USA,29.4169834,-98.4788143,America/Chicago,743.7,0.0,0.0,0,1,33.5206824,-86.8024326,America/Chicago,0.0,0.0,0.0,0,0,0,2022-11-05T19:00:00+00:00,19.9,2.86,8.7,,2.7,2.7,0.0,1,0,92,63,open_air,open_air,0,0,1,open-meteo-era5,ok
2022,2,11,401416636,2022-11-08,20:00,2022-11-09T01:00:00+00:00,Ball State Cardinals,Toledo Rockets,Glass Bowl,0,resolved_schedule_stadium,41.6574777,-83.6135652,America/New_York,USA,40.2159422,-85.4161148,America/Indiana/Indianapolis,137.0,0.0,0.0,0,1,41.6574777,-83.6135652,America/New_York,0.0,0.0,0.0,0,0,0,2022-11-09T01:00:00+00:00,8.0,5.95,10.4,,0.0,0.0,0.0,0,0,79,3,open_air,open_air,0,0,1,open-meteo-era5,ok
2022,2,11,401416637,2022-11-08,19:00,2022-11-09T00:00:00+00:00,Eastern Michigan Eagles,Akron Zips,InfoCision Stadium,0,resolved_schedule_stadium,41.0725534,-81.5083408,America/New_York,USA,42.256126,-83.647285,America/Detroit,137.4,0.0,0.0,0,1,41.0725534,-81.5083408,America/New_York,0.0,0.0,0.0,0,0,0,2022-11-09T00:00:00+00:00,8.0,3.42,6.6,,0.0,0.0,0.0,0,0,64,0,open_air,open_air,0,0,1,open-meteo-era5,ok
2022,2,11,401416638,2022-11-08,19:30,2022-11-09T00:30:00+00:00,Ohio Bobcats,Miami (OH) RedHawks,Yager Stadium,0,resolved_schedule_stadium,39.5197009,-84.7330255,America/New_York,USA,39.3212794,-82.1034315,America/New_York,141.0,0.0,0.0,1,0,39.5197009,-84.7330255,America/New_York,0.0,0.0,0.0,0,0,0,2022-11-09T00:00:00+00:00,11.6,3.74,7.3,,0.0,0.0,0.0,0,0,41,0,open_air,open_air,0,0,1,open-meteo-era5,ok
2022,2,11,401416639,2022-11-09,19:00,2022-11-10T00:00:00+00:00,Northern Illinois Huskies,Western Michigan Broncos,Waldo Stadium,0,resolved_schedule_stadium,42.2860064,-85.6007573,America/Detroit,USA,41.9339586,-88.7778357,America/Chicago,164.6,1.0,1.0,0,1,42.2860064,-85.6007573,America/Detroit,0.0,0.0,0.0,0,0,0,2022-11-10T00:00:00+00:00,14.5,3.64,7.1,,0.0,0.0,0.0,0,0,52,1,open_air,open_air,0,0,1,open-meteo-era5,ok
2022,2,11,401416640,2022-11-09,19:00,2022-11-10T00:00:00+00:00,Buffalo Bulls,Central Michigan Chippewas,Kelly/Shorts Stadium,0,resolved_schedule_stadium,43.5777313,-84.7709904,America/Detroit,USA,42.9991334,-78.7775113,America/New_York,304.0,0.0,0.0,1,0,43.5777313,-84.7709904,America/Detroit,0.0,0.0,0.0,0,0,0,2022-11-10T00:00:00+00:00,14.5,4.06,7.5,,0.0,0.0,0.0,0,0,47,3,open_air,open_air,0,0,1,open-meteo-era5,ok
2022,2,11,401416641,2022-11-09,19:00,2022-11-10T00:00:00+00:00,Kent State Golden Flashes,Bowling Green Falcons,Doyt L. Perry Stadium,0,resolved_schedule_stadium,41.3780114,-83.6225,America/New_York,USA,41.1390935,-81.31346,America/New_York,121.1,0.0,0.0,1,0,41.3780114,-83.6225,America/New_York,0.0,0.0,0.0,0,0,0,2022-11-10T00:00:00+00:00,15.9,3.18,6.5,,0.0,0.0,0.0,0,0,27,0,open_air,open_air,0,0,1,open-meteo-era5,ok
2022,2,11,401415653,2022-11-10,18:30,2022-11-11T00:30:00+00:00,Tulsa Golden Hurricane,Memphis Tigers,Simmons Bank Liberty Stadium,0,resolved_schedule_stadium,35.1209429,-89.977147,America/Chicago,USA,36.1489175,-95.9437853,America/Chicago,342.4,0.0,0.0,0,1,35.1209429,-89.977147,America/Chicago,0.0,0.0,0.0,0,0,0,2022-11-11T00:00:00+00:00,17.1,1.76,2.8,,0.0,0.0,0.0,0,0,77,0,open_air,open_air,0,0,1,open-meteo-era5,ok
2022,2,11,401426370,2022-11-10,18:30,2022-11-11T00:30:00+00:00,Georgia Southern Eagles,Louisiana Ragin' Cajuns,Cajun Field,0,resolved_schedule_stadium,30.2158434,-92.0417371,America/Chicago,USA,32.4122471,-81.7849296,America/New_York,623.9,-1.0,1.0,1,0,30.2158434,-92.0417371,America/Chicago,0.0,0.0,0.0,0,0,0,2022-11-11T00:00:00+00:00,20.0,1.97,3.2,,0.0,0.0,0.0,0,0,51,0,open_air,open_air,0,0,1,open-meteo-era5,ok
2022,2,11,401404033,2022-11-11,18:30,2022-11-12T02:30:00+00:00,Colorado Buffaloes,USC Trojans,Los Angeles Memorial Coliseum,0,resolved_schedule_stadium,34.014167,-118.287778,America/Los_Angeles,USA,40.0094746,-105.266905,America/Denver,828.0,-1.0,1.0,1,0,34.014167,-118.287778,America/Los_Angeles,0.0,0.0,0.0,0,0,0,2022-11-12T02:00:00+00:00,16.8,1.59,3.0,,0.0,0.0,0.0,0,0,47,0,open_air,open_air,0,0,1,open-meteo-era5,ok
2022,2,11,401415259,2022-11-11,19:30,2022-11-12T03:30:00+00:00,Fresno State Bulldogs,UNLV Rebels,Allegiant Stadium,0,resolved_schedule_stadium,36.0908,-115.1830,America/Los_Angeles,USA,36.8143527,-119.7580092,America/Los_Angeles,259.1,0.0,0.0,0,1,36.0908,-115.1830,America/Los_Angeles,0.0,0.0,0.0,0,0,0,2022-11-12T03:00:00+00:00,8.7,1.18,3.4,,0.0,0.0,0.0,0,0,41,3,fixed_roof,fixed_roof,1,0,0,open-meteo-era5,ok
2022,2,11,401415654,2022-11-11,20:00,2022-11-12T01:00:00+00:00,East Carolina Pirates,Cincinnati Bearcats,Nippert Stadium,0,resolved_schedule_stadium,39.1312495,-84.5161913,America/New_York,USA,35.5968486,-77.364564,America/New_York,462.2,0.0,0.0,1,0,39.1312495,-84.5161913,America/New_York,0.0,0.0,0.0,0,0,0,2022-11-12T01:00:00+00:00,12.2,5.35,11.6,,0.0,0.0,0.0,0,0,81,3,open_air,open_air,0,0,1,open-meteo-era5,ok
2022,2,11,401403939,2022-11-12,11:00,2022-11-12T17:00:00+00:00,LSU Tigers,Arkansas Razorbacks,Razorback Stadium,0,resolved_schedule_stadium,36.0680662,-94.1789534,America/Chicago,USA,30.412035,-91.1838163,America/Chicago,427.3,0.0,0.0,1,0,36.0680662,-94.1789534,America/Chicago,0.0,0.0,0.0,0,0,0,2022-11-12T17:00:00+00:00,1.8,3.84,9.7,,0.0,0.0,0.0,0,0,53,0,open_air,open_air,0,0,1,open-meteo-era5,ok
2022,2,11,401403940,2022-11-12,18:30,2022-11-13T00:30:00+00:00,Texas A&M Aggies,Auburn Tigers,Jordan-Hare Stadium,0,resolved_schedule_stadium,32.6025532,-85.4897479,America/Chicago,USA,30.6098891,-96.3403828,America/Chicago,652.9,0.0,0.0,0,1,32.6025532,-85.4897479,America/Chicago,0.0,0.0,0.0,0,0,0,2022-11-13T00:00:00+00:00,12.4,4.75,9.9,,0.0,0.0,0.0,0,0,76,3,open_air,open_air,0,0,1,open-meteo-era5,ok
2022,2,11,401403941,2022-11-12,16:00,2022-11-12T21:00:00+00:00,South Carolina Gamecocks,Florida Gators,Ben Hill Griffin Stadium,0,resolved_schedule_stadium,29.6499357,-82.3485788,America/New_York,USA,33.9730239,-81.0191726,America/New_York,308.7,0.0,0.0,1,0,29.6499357,-82.3485788,America/New_York,0.0,0.0,0.0,0,0,0,2022-11-12T21:00:00+00:00,26.6,3.54,7.4,,0.0,0.0,0.0,0,0,52,0,open_air,open_air,0,0,1,open-meteo-era5,ok
2022,2,11,401403942,2022-11-12,12:00,2022-11-12T17:00:00+00:00,Vanderbilt Commodores,Kentucky Wildcats,Kroger Field,0,resolved_schedule_stadium,38.0220905,-84.5053408,America/New_York,USA,36.1440455,-86.8088942,America/Chicago,181.5,1.0,1.0,0,1,38.0220905,-84.5053408,America/New_York,0.0,0.0,0.0,0,0,0,2022-11-12T17:00:00+00:00,-0.3,3.01,6.6,,0.3,0.2,0.07,1,1,100,71,open_air,open_air,0,0,1,open-meteo-era5,ok
2022,2,11,401403943,2022-11-12,14:30,2022-11-12T20:30:00+00:00,Alabama Crimson Tide,Ole Miss Rebels,Vaught-Hemingway Stadium,0,resolved_schedule_stadium,34.3619837,-89.5342076,America/Chicago,USA,33.2082752,-87.5503836,America/Chicago,139.0,0.0,0.0,1,0,34.3619837,-89.5342076,America/Chicago,0.0,0.0,0.0,0,0,0,2022-11-12T20:00:00+00:00,5.3,3.88,9.9,,0.0,0.0,0.0,0,0,66,3,open_air,open_air,0,0,1,open-meteo-era5,ok
2022,2,11,401403944,2022-11-12,18:00,2022-11-13T00:00:00+00:00,Georgia Bulldogs,Mississippi State Bulldogs,Davis Wade Stadium,0,resolved_schedule_stadium,33.4563403,-88.7933652,America/Chicago,USA,33.9498197,-83.3733813,America/New_York,313.4,-1.0,1.0,1,0,33.4563403,-88.7933652,America/Chicago,0.0,0.0,0.0,0,0,0,2022-11-13T00:00:00+00:00,4.9,4.35,9.3,,0.0,0.0,0.0,0,0,71,3,open_air,open_air,0,0,1,open-meteo-era5,ok
2022,2,11,401403945,2022-11-12,12:00,2022-11-12T17:00:00+00:00,Missouri Tigers,Tennessee Volunteers,Neyland Stadium,0,resolved_schedule_stadium,35.9550131,-83.9250128,America/New_York,USA,38.9358491,-92.3332009,America/Chicago,504.9,1.0,1.0,0,1,35.9550131,-83.9250128,America/New_York,0.0,0.0,0.0,0,0,0,2022-11-12T17:00:00+00:00,8.4,4.26,11.3,,1.2,1.2,0.0,1,0,96,55,open_air,open_air,0,0,1,open-meteo-era5,ok
2022,2,11,401404034,2022-11-12,19:30,2022-11-13T03:30:00+00:00,Arizona Wildcats,UCLA Bruins,Rose Bowl,0,resolved_schedule_stadium,34.1613284,-118.1676462,America/Los_Angeles,USA,32.2288054,-110.9488677,America/Phoenix,438.1,-1.0,1.0,1,0,34.1613284,-118.1676462,America/Los_Angeles,0.0,0.0,0.0,0,0,0,2022-11-13T03:00:00+00:00,12.1,1.03,3.0,,0.0,0.0,0.0,0,0,70,0,open_air,open_air,0,0,1,open-meteo-era5,ok
2022,2,11,401404035,2022-11-12,12:30,2022-11-12T20:30:00+00:00,Arizona State Sun Devils,Washington State Cougars,Gesa Field,0,resolved_schedule_stadium,46.731831,-117.1604991,America/Los_Angeles,USA,33.4264471,-111.9325005,America/Phoenix,959.4,-1.0,1.0,1,0,46.731831,-117.1604991,America/Los_Angeles,0.0,0.0,0.0,0,0,0,2022-11-12T20:00:00+00:00,2.9,1.95,5.1,,0.0,0.0,0.0,0,0,59,0,open_air,open_air,0,0,1,open-meteo-era5,ok
2022,2,11,401404036,2022-11-12,18:00,2022-11-13T02:00:00+00:00,California Golden Bears,Oregon State Beavers,Reser Stadium,0,resolved_schedule_stadium,44.5594559,-123.2814341,America/Los_Angeles,USA,37.8710434,-122.2507729,America/Los_Angeles,465.2,0.0,0.0,1,0,44.5594559,-123.2814341,America/Los_Angeles,0.0,0.0,0.0,0,0,0,2022-11-13T02:00:00+00:00,6.7,1.68,3.3,,0.0,0.0,0.0,0,0,83,0,open_air,open_air,0,0,1,open-meteo-era5,ok
2022,2,11,401404037,2022-11-12,16:00,2022-11-13T00:00:00+00:00,Washington Huskies,Oregon Ducks,Autzen Stadium,0,resolved_schedule_stadium,44.0582712,-123.0684883,America/Los_Angeles,USA,47.6503235,-122.3015746,America/Los_Angeles,250.9,0.0,0.0,1,0,44.0582712,-123.0684883,America/Los_Angeles,0.0,0.0,0.0,0,0,0,2022-11-13T00:00:00+00:00,10.3,1.99,5.3,,0.0,0.0,0.0,0,0,66,1,open_air,open_air,0,0,1,open-meteo-era5,ok
2022,2,11,401404038,2022-11-12,20:00,2022-11-13T03:00:00+00:00,Stanford Cardinal,Utah Utes,Rice-Eccles Stadium,0,resolved_schedule_stadium,40.7599724,-111.8488255,America/Denver,USA,37.4345556,-122.1611271,America/Los_Angeles,598.3,1.0,1.0,0,1,40.7599724,-111.8488255,America/Denver,0.0,0.0,0.0,0,0,0,2022-11-13T03:00:00+00:00,0.0,1.44,4.2,,0.0,0.0,0.0,0,0,86,0,open_air,open_air,0,0,1,open-meteo-era5,ok
2022,2,11,401404109,2022-11-12,18:00,2022-11-13T00:00:00+00:00,Kansas State Wildcats,Baylor Bears,McLane Stadium,0,resolved_schedule_stadium,31.5582015,-97.1156702,America/Chicago,USA,39.2020096,-96.5938395,America/Chicago,529.0,0.0,0.0,1,0,31.5582015,-97.1156702,America/Chicago,0.0,0.0,0.0,0,0,0,2022-11-13T00:00:00+00:00,8.9,2.5,4.7,,0.0,0.0,0.0,0,0,42,0,open_air,open_air,0,0,1,open-meteo-era5,ok
2022,2,11,401404110,2022-11-12,14:30,2022-11-12T20:30:00+00:00,Iowa State Cyclones,Oklahoma State Cowboys,Boone Pickens Stadium,0,resolved_schedule_stadium,36.125673,-97.066513,America/Chicago,USA,42.0139977,-93.6357716,America/Chicago,446.4,0.0,0.0,1,0,36.125673,-97.066513,America/Chicago,0.0,0.0,0.0,0,0,0,2022-11-12T20:00:00+00:00,6.4,3.58,8.3,,0.0,0.0,0.0,0,0,35,0,open_air,open_air,0,0,1,open-meteo-era5,ok
2022,2,11,401404111,2022-11-12,18:00,2022-11-13T00:00:00+00:00,Kansas Jayhawks,Texas Tech Red Raiders,Jones AT&T Stadium,0,resolved_schedule_stadium,33.5910518,-101.8728824,America/Chicago,USA,38.9629418,-95.2463686,America/Chicago,523.2,0.0,0.0,1,0,33.5910518,-101.8728824,America/Chicago,0.0,0.0,0.0,0,0,0,2022-11-13T00:00:00+00:00,7.5,2.88,4.0,,0.0,0.0,0.0,0,0,32,0,open_air,open_air,0,0,1,open-meteo-era5,ok
2022,2,11,401404112,2022-11-12,12:00,2022-11-12T17:00:00+00:00,Oklahoma Sooners,West Virginia Mountaineers,Milan Puskar Stadium,0,resolved_schedule_stadium,39.6502744,-79.9551873,America/New_York,USA,35.2058537,-97.4423145,America/Chicago,1005.5,1.0,1.0,0,1,39.6502744,-79.9551873,America/New_York,0.0,0.0,0.0,0,0,0,2022-11-12T17:00:00+00:00,10.1,2.85,7.6,,0.1,0.1,0.0,1,0,85,51,open_air,open_air,0,0,1,open-meteo-era5,ok
2022,2,11,401404113,2022-11-12,18:30,2022-11-13T00:30:00+00:00,TCU Horned Frogs,Texas Longhorns,DKR-Texas Memorial Stadium,0,resolved_schedule_stadium,30.2836813,-97.7325345,America/Chicago,USA,32.7096604,-97.3680835,America/Chicago,169.0,0.0,0.0,1,0,30.2836813,-97.7325345,America/Chicago,0.0,0.0,0.0,0,0,0,2022-11-13T00:00:00+00:00,10.8,2.79,5.6,,0.0,0.0,0.0,0,0,41,0,open_air,open_air,0,0,1,open-meteo-era5,ok
2022,2,11,401404131,2022-11-12,17:00,,Notre Dame Fighting Irish,Navy Midshipmen,M&T Bank Stadium,1,unresolved_neutral_venue,,,,,41.698378,-86.2339425,America/Indiana/Indianapolis,,,,,,38.9846985,-76.5076335,America/New_York,,,,,,,,,,,,,,,,,,,,,,,,,venue_unresolved
2022,2,11,401404142,2022-11-12,14:30,2022-11-12T20:30:00+00:00,Army Black Knights,Troy Trojans,Veterans Memorial Stadium (AL),0,resolved_schedule_stadium,31.7995565,-85.9518328,America/Chicago,USA,41.3874924,-73.9640891,America/New_York,936.9,-1.0,1.0,1,0,31.7995565,-85.9518328,America/Chicago,0.0,0.0,0.0,0,0,0,2022-11-12T20:00:00+00:00,20.4,4.44,10.2,,0.0,0.0,0.0,0,0,67,3,open_air,open_air,0,0,1,open-meteo-era5,ok
2022,2,11,401404156,2022-11-12,12:00,2022-11-12T17:00:00+00:00,Liberty Flames,UConn Huskies,Pratt & Whitney Stadium,0,resolved_schedule_stadium,41.7595675,-72.6187728,America/New_York,USA,37.3544305,-79.1750239,America/New_York,463.0,0.0,0.0,0,1,41.7595675,-72.6187728,America/New_York,0.0,0.0,0.0,0,0,0,2022-11-12T17:00:00+00:00,22.1,5.33,12.6,,0.0,0.0,0.0,0,0,60,2,open_air,open_air,0,0,1,open-meteo-era5,ok
2022,2,11,401405134,2022-11-12,11:00,2022-11-12T17:00:00+00:00,Purdue Boilermakers,Illinois Fighting Illini,"Memorial Stadium (Champaign, IL)",0,ambiguous_schedule_stadium,,,America/Chicago,,40.4352253,-86.9186843,America/Indiana/Indianapolis,,,,,,40.0993268,-88.2359569,America/Chicago,,,,,,,,,,,,,,,,,,,open_air,,,,,,venue_unresolved
2022,2,11,401405135,2022-11-12,14:30,2022-11-12T20:30:00+00:00,Wisconsin Badgers,Iowa Hawkeyes,Kinnick Stadium,0,resolved_schedule_stadium,41.6586045,-91.5510829,America/Chicago,USA,43.06994,-89.4126943,America/Chicago,146.4,0.0,0.0,1,0,41.6586045,-91.5510829,America/Chicago,0.0,0.0,0.0,0,0,0,2022-11-12T20:00:00+00:00,-0.1,6.05,11.1,,0.0,0.0,0.0,0,0,65,3,open_air,open_air,0,0,1,open-meteo-era5,ok
2022,2,11,401405136,2022-11-12,14:30,2022-11-12T20:30:00+00:00,Northwestern Wildcats,Minnesota Golden Gophers,Huntington Bank Stadium,0,resolved_schedule_stadium,44.976525,-93.2245462,America/Chicago,USA,42.0653994,-87.6924751,America/Chicago,342.3,0.0,0.0,1,0,44.976525,-93.2245462,America/Chicago,0.0,0.0,0.0,0,0,0,2022-11-12T20:00:00+00:00,-2.1,4.35,9.4,,0.0,0.0,0.0,0,0,62,3,open_air,open_air,0,0,1,open-meteo-era5,ok
2022,2,11,401405137,2022-11-12,15:30,2022-11-12T20:30:00+00:00,Nebraska Cornhuskers,Michigan Wolverines,Michigan Stadium,0,resolved_schedule_stadium,42.2658365,-83.7486956,America/Detroit,USA,40.820682,-96.705594,America/Chicago,676.8,1.0,1.0,0,1,42.2658365,-83.7486956,America/Detroit,0.0,0.0,0.0,0,0,0,2022-11-12T20:00:00+00:00,1.9,4.25,9.2,,0.5,0.2,0.21,1,1,84,73,open_air,open_air,0,0,1,open-meteo-era5,ok
2022,2,11,401405138,2022-11-12,12:00,2022-11-12T17:00:00+00:00,Rutgers Scarlet Knights,Michigan State Spartans,Spartan Stadium,0,resolved_schedule_stadium,42.7281474,-84.4848526,America/Detroit,USA,40.5462553,-74.4660408,America/New_York,538.5,0.0,0.0,1,0,42.7281474,-84.4848526,America/Detroit,0.0,0.0,0.0,0,0,0,2022-11-12T17:00:00+00:00,3.0,3.72,8.4,,0.1,0.1,0.0,1,0,67,51,open_air,open_air,0,0,1,open-meteo-era5,ok
2022,2,11,401405139,2022-11-12,12:00,2022-11-12T17:00:00+00:00,Indiana Hoosiers,Ohio State Buckeyes,Ohio Stadium,0,resolved_schedule_stadium,40.0016447,-83.0197266,America/New_York,USA,39.1808959,-86.5256217,America/Indiana/Indianapolis,195.1,0.0,0.0,0,1,40.0016447,-83.0197266,America/New_York,0.0,0.0,0.0,0,0,0,2022-11-12T17:00:00+00:00,1.5,3.26,5.6,,0.9,0.5,0.28,1,1,90,73,open_air,open_air,0,0,1,open-meteo-era5,ok
2022,2,11,401405140,2022-11-12,15:30,2022-11-12T20:30:00+00:00,Maryland Terrapins,Penn State Nittany Lions,Beaver Stadium,0,resolved_schedule_stadium,40.8121958,-77.8561023,America/New_York,USA,38.9903332,-76.9473792,America/New_York,134.8,0.0,0.0,1,0,40.8121958,-77.8561023,America/New_York,0.0,0.0,0.0,0,0,0,2022-11-12T20:00:00+00:00,12.9,1.75,4.6,,0.0,0.0,0.0,0,0,67,3,open_air,open_air,0,0,1,open-meteo-era5,ok
2022,2,11,401409241,2022-11-12,12:00,2022-11-12T19:00:00+00:00,Lamar Cardinals,New Mexico State Aggies,Aggie Memorial Stadium,0,resolved_schedule_stadium,32.2796202,-106.7411148,America/Denver,USA,,,,,,,,,32.2796202,-106.7411148,America/Denver,0.0,0.0,0.0,0,0,0,2022-11-12T19:00:00+00:00,12.6,2.33,6.4,,0.0,0.0,0.0,0,0,28,0,open_air,open_air,0,0,1,open-meteo-era5,ok
2022,2,11,401411158,2022-11-12,15:30,2022-11-12T20:30:00+00:00,Louisville Cardinals,Clemson Tigers,"Memorial Stadium (Clemson, SC)",0,resolved_schedule_stadium_timezone,34.6787737,-82.8432428,America/New_York,USA,38.2057621,-85.7588141,America/Kentucky/Louisville,292.6,0.0,0.0,0,1,34.6787737,-82.8432428,America/New_York,0.0,0.0,0.0,0,0,0,2022-11-12T20:00:00+00:00,19.8,4.76,10.7,,0.1,0.1,0.0,1,0,75,51,open_air,open_air,0,0,1,open-meteo-era5,ok
2022,2,11,401411159,2022-11-12,12:00,2022-11-12T17:00:00+00:00,Virginia Tech Hokies,Duke Blue Devils,Wallace Wade Stadium,0,resolved_schedule_stadium,35.9953688,-78.9417564,America/New_York,USA,37.2199873,-80.4180643,America/New_York,117.7,0.0,0.0,0,1,35.9953688,-78.9417564,America/New_York,0.0,0.0,0.0,0,0,0,2022-11-12T17:00:00+00:00,21.3,3.45,6.1,,0.0,0.0,0.0,0,0,66,3,open_air,open_air,0,0,1,open-meteo-era5,ok
2022,2,11,401411160,2022-11-12,15:30,2022-11-12T20:30:00+00:00,Miami Hurricanes,Georgia Tech Yellow Jackets,Bobby Dodd Stadium,0,resolved_schedule_stadium,33.7724449,-84.3928054,America/New_York,USA,25.9579665,-80.2388604,America/New_York,594.4,0.0,0.0,1,0,33.7724449,-84.3928054,America/New_York,0.0,0.0,0.0,0,0,0,2022-11-12T20:00:00+00:00,16.9,5.04,10.4,,0.0,0.0,0.0,0,0,75,3,open_air,open_air,0,0,1,open-meteo-era5,ok
2022,2,11,401411161,2022-11-12,15:30,2022-11-12T20:30:00+00:00,Boston College Eagles,NC State Wolfpack,Carter-Finley Stadium,0,resolved_schedule_stadium,35.8008001,-78.7195655,America/New_York,USA,42.335104,-71.1664413,America/New_York,606.1,0.0,0.0,1,0,35.8008001,-78.7195655,America/New_York,0.0,0.0,0.0,0,0,0,2022-11-12T20:00:00+00:00,21.9,4.25,8.9,,0.2,0.2,0.0,1,0,77,51,open_air,open_air,0,0,1,open-meteo-era5,ok
2022,2,11,401411162,2022-11-12,20:00,2022-11-13T01:00:00+00:00,Florida State Seminoles,Syracuse Orange,JMA Wireless Dome,0,resolved_schedule_stadium,43.0362269,-76.1363161,America/New_York,USA,30.4381692,-84.3044032,America/New_York,979.7,0.0,0.0,0,1,43.0362269,-76.1363161,America/New_York,0.0,0.0,0.0,0,0,0,2022-11-13T01:00:00+00:00,7.7,2.46,6.7,,0.2,0.2,0.0,1,0,82,51,dome,dome,1,0,0,open-meteo-era5,ok
2022,2,11,401411163,2022-11-12,12:00,2022-11-12T17:00:00+00:00,Pittsburgh Panthers,Virginia Cavaliers,Scott Stadium,0,resolved_schedule_stadium,38.0311801,-78.5137897,America/New_York,USA,40.4467648,-80.0157603,America/New_York,185.2,0.0,0.0,0,1,38.0311801,-78.5137897,America/New_York,0.0,0.0,0.0,0,0,0,2022-11-12T17:00:00+00:00,21.3,2.0,6.5,,0.0,0.0,0.0,0,0,56,0,open_air,open_air,0,0,1,open-meteo-era5,ok
2022,2,11,401411164,2022-11-12,19:30,2022-11-13T00:30:00+00:00,North Carolina Tar Heels,Wake Forest Demon Deacons,Allegacy Federal Credit Union Stadium,0,resolved_schedule_stadium,36.1305507,-80.2545851,America/New_York,USA,35.9069294,-79.0478889,America/New_York,69.2,0.0,0.0,1,0,36.1305507,-80.2545851,America/New_York,0.0,0.0,0.0,0,0,0,2022-11-13T00:00:00+00:00,16.2,2.37,8.7,,0.4,0.4,0.0,1,0,88,51,open_air,open_air,0,0,1,open-meteo-era5,ok
2022,2,11,401414784,2022-11-12,14:00,2022-11-12T20:00:00+00:00,Massachusetts Minutemen,Arkansas State Red Wolves,Centennial Bank Stadium,0,resolved_schedule_stadium,35.8488977,-90.6677436,America/Chicago,USA,42.3773244,-72.5360595,America/New_York,1068.7,-1.0,1.0,1,0,35.8488977,-90.6677436,America/Chicago,0.0,0.0,0.0,0,0,0,2022-11-12T20:00:00+00:00,4.6,4.74,10.2,,0.0,0.0,0.0,0,0,56,0,open_air,open_air,0,0,1,open-meteo-era5,ok
2022,2,11,401415255,2022-11-12,19:30,2022-11-13T03:30:00+00:00,Boise State Broncos,Nevada Wolf Pack,Mackay Stadium,0,resolved_schedule_stadium,39.5469459,-119.8175435,America/Los_Angeles,USA,43.6028839,-116.1958882,America/Boise,336.9,-1.0,1.0,1,0,39.5469459,-119.8175435,America/Los_Angeles,0.0,0.0,0.0,0,0,0,2022-11-13T03:00:00+00:00,1.5,1.5,4.0,,0.8,0.0,0.56,0,1,88,73,open_air,open_air,0,0,1,open-meteo-era5,ok
2022,2,11,401415256,2022-11-12,13:30,2022-11-12T20:30:00+00:00,New Mexico Lobos,Air Force Falcons,Falcon Stadium,0,resolved_schedule_stadium,38.9969701,-104.8436165,America/Denver,USA,35.0669479,-106.6283225,America/Denver,288.8,0.0,0.0,0,1,38.9969701,-104.8436165,America/Denver,0.0,0.0,0.0,0,0,0,2022-11-12T20:00:00+00:00,7.9,2.79,7.7,,0.0,0.0,0.0,0,0,15,3,open_air,open_air,0,0,1,open-meteo-era5,ok
2022,2,11,401415257,2022-11-12,18:00,2022-11-13T04:00:00+00:00,Utah State Aggies,Hawai'i Rainbow Warriors,Clarence T.C. Ching Athletics Complex,0,resolved_schedule_stadium,21.294294,-157.819338,Pacific/Honolulu,USA,41.7517394,-111.8116007,America/Denver,3009.9,-3.0,3.0,1,0,21.294294,-157.819338,Pacific/Honolulu,0.0,0.0,0.0,0,0,0,2022-11-13T04:00:00+00:00,24.5,6.73,11.4,,0.0,0.0,0.0,0,0,74,1,open_air,open_air,0,0,1,open-meteo-era5,ok
2022,2,11,401415258,2022-11-12,17:00,2022-11-13T00:00:00+00:00,Wyoming Cowboys,Colorado State Rams,Canvas Stadium,0,resolved_schedule_stadium,40.570015,-105.088435,America/Denver,USA,41.31161,-105.5681384,America/Denver,57.0,0.0,0.0,0,1,40.570015,-105.088435,America/Denver,0.0,0.0,0.0,0,0,0,2022-11-13T00:00:00+00:00,3.1,2.04,2.9,,0.0,0.0,0.0,0,0,44,3,open_air,open_air,0,0,1,open-meteo-era5,ok
2022,2,11,401415260,2022-11-12,19:30,2022-11-13T03:30:00+00:00,San José State Spartans,San Diego State Aztecs,Snapdragon Stadium,0,resolved_schedule_stadium,32.784444,-117.122833,America/Los_Angeles,USA,37.3196675,-121.8682962,America/Los_Angeles,412.5,0.0,0.0,0,1,32.784444,-117.122833,America/Los_Angeles,0.0,0.0,0.0,0,0,0,2022-11-13T03:00:00+00:00,14.1,0.74,1.8,,0.0,0.0,0.0,0,0,70,0,open_air,open_air,0,0,1,open-meteo-era5,ok
2022,2,11,401415655,2022-11-12,14:00,2022-11-12T20:00:00+00:00,Temple Owls,Houston Cougars,TDECU Stadium,0,resolved_schedule_stadium,29.7219885,-95.3491623,America/Chicago,USA,39.9007995,-75.1675414,America/New_York,1338.8,-1.0,1.0,1,0,29.7219885,-95.3491623,America/Chicago,0.0,0.0,0.0,0,0,0,2022-11-12T20:00:00+00:00,14.3,6.35,12.2,,0.0,0.0,0.0,0,0,46,0,open_air,open_air,0,0,1,open-meteo-era5,ok
2022,2,11,401415656,2022-11-12,12:00,2022-11-12T17:00:00+00:00,SMU Mustangs,South Florida Bulls,Raymond James Stadium,0,resolved_schedule_stadium,27.9758691,-82.5033344,America/New_York,USA,32.8377223,-96.7827859,America/Chicago,913.8,1.0,1.0,0,1,27.9758691,-82.5033344,America/New_York,0.0,0.0,0.0,0,0,0,2022-11-12T17:00:00+00:00,26.6,3.1,7.1,,0.0,0.0,0.0,0,0,66,0,open_air,open_air,0,0,1,open-meteo-era5,ok
2022,2,11,401415657,2022-11-12,14:30,2022-11-12T20:30:00+00:00,UCF Knights,Tulane Green Wave,Yulman Stadium,0,resolved_schedule_stadium,29.944616,-90.116692,America/Chicago,USA,28.6079765,-81.1927233,America/New_York,545.6,-1.0,1.0,1,0,29.944616,-90.116692,America/Chicago,0.0,0.0,0.0,0,0,0,2022-11-12T20:00:00+00:00,14.3,7.27,12.9,,0.0,0.0,0.0,0,0,76,3,open_air,open_air,0,0,1,open-meteo-era5,ok
2022,2,11,401426371,2022-11-12,19:30,2022-11-13T00:30:00+00:00,Southern Miss Golden Eagles,Coastal Carolina Chanticleers,Brooks Stadium (SC),0,resolved_schedule_stadium,33.7928506,-79.0166946,America/New_York,USA,31.3289321,-89.3318118,America/Chicago,624.0,1.0,1.0,0,1,33.7928506,-79.0166946,America/New_York,0.0,0.0,0.0,0,0,0,2022-11-13T00:00:00+00:00,19.8,4.36,5.6,,0.0,0.0,0.0,0,0,84,1,open_air,open_air,0,0,1,open-meteo-era5,ok
2022,2,11,401426372,2022-11-12,13:00,2022-11-12T18:00:00+00:00,UL Monroe Warhawks,Georgia State Panthers,Center Parc Stadium,0,resolved_schedule_stadium,33.735267,-84.389949,America/New_York,USA,32.5308089,-92.0660602,America/Chicago,451.8,1.0,1.0,0,1,33.735267,-84.389949,America/New_York,0.0,0.0,0.0,0,0,0,2022-11-12T18:00:00+00:00,18.6,5.0,10.1,,0.1,0.1,0.0,1,0,78,51,open_air,open_air,0,0,1,open-meteo-era5,ok
2022,2,11,401426373,2022-11-12,15:30,2022-11-12T20:30:00+00:00,App State Mountaineers,Marshall Thundering Herd,Joan C. Edwards Stadium,0,resolved_schedule_stadium,38.4247042,-82.4214412,America/New_York,USA,36.2114267,-81.6854278,America/New_York,158.2,0.0,0.0,1,0,38.4247042,-82.4214412,America/New_York,0.0,0.0,0.0,0,0,0,2022-11-12T20:00:00+00:00,4.2,3.35,8.0,,0.1,0.1,0.0,1,0,96,51,open_air,open_air,0,0,1,open-meteo-era5,ok
2022,2,11,401426374,2022-11-12,13:00,2022-11-12T18:00:00+00:00,James Madison Dukes,Old Dominion Monarchs,S.B. Ballard Stadium,0,resolved_schedule_stadium,36.8889533,-76.3049175,America/New_York,USA,38.4352919,-78.8729349,America/New_York,176.5,0.0,0.0,0,1,36.8889533,-76.3049175,America/New_York,0.0,0.0,0.0,0,0,0,2022-11-12T18:00:00+00:00,24.6,4.18,6.4,,0.0,0.0,0.0,0,0,62,1,open_air,open_air,0,0,1,open-meteo-era5,ok
2022,2,11,401426375,2022-11-12,16:00,2022-11-12T22:00:00+00:00,Texas State Bobcats,South Alabama Jaguars,Hancock Whitney Stadium,0,resolved_schedule_stadium,30.6943566,-88.0430541,America/Chicago,USA,29.8910008,-97.9255735,America/Chicago,592.0,0.0,0.0,0,1,30.6943566,-88.0430541,America/Chicago,0.0,0.0,0.0,0,0,0,2022-11-12T22:00:00+00:00,12.8,6.43,12.1,,0.0,0.0,0.0,0,0,77,3,open_air,open_air,0,0,1,open-meteo-era5,ok
2022,2,11,401426603,2022-11-12,14:30,2022-11-12T20:30:00+00:00,Charlotte 49ers,Middle Tennessee Blue Raiders,"Johnny ""Red"" Floyd Stadium",0,resolved_schedule_stadium,35.8511463,-86.3681649,America/Chicago,USA,35.3105033,-80.7401194,America/New_York,318.4,-1.0,1.0,1,0,35.8511463,-86.3681649,America/Chicago,0.0,0.0,0.0,0,0,0,2022-11-12T20:00:00+00:00,4.7,4.04,10.4,,0.0,0.0,0.0,0,0,71,3,open_air,open_air,0,0,1,open-meteo-era5,ok
2022,2,11,401426604,2022-11-12,19:00,2022-11-13T00:00:00+00:00,Florida Atlantic Owls,Florida International Panthers,FIU Stadium,0,resolved_schedule_stadium,25.7525014,-80.3778912,America/New_York,USA,26.3763763,-80.1015759,America/New_York,46.4,0.0,0.0,1,0,25.7525014,-80.3778912,America/New_York,0.0,0.0,0.0,0,0,0,2022-11-13T00:00:00+00:00,24.9,0.57,1.6,,0.0,0.0,0.0,0,0,84,1,open_air,open_air,0,0,1,open-meteo-era5,ok
2022,2,11,401426605,2022-11-12,14:30,2022-11-12T20:30:00+00:00,Louisiana Tech Bulldogs,UTSA Roadrunners,Alamodome,0,resolved_schedule_stadium,29.4169834,-98.4788143,America/Chicago,USA,32.5321487,-92.6560019,America/Chicago,406.5,0.0,0.0,1,0,29.4169834,-98.4788143,America/Chicago,0.0,0.0,0.0,0,0,0,2022-11-12T20:00:00+00:00,15.4,4.6,9.9,,0.0,0.0,0.0,0,0,35,2,dome,dome,1,0,0,open-meteo-era5,ok
2022,2,11,401426606,2022-11-12,14:30,2022-11-12T20:30:00+00:00,North Texas Mean Green,UAB Blazers,Protective Stadium,0,resolved_schedule_stadium,33.5206824,-86.8024326,America/Chicago,USA,33.203899,-97.159245,America/Chicago,597.8,0.0,0.0,0,1,33.5206824,-86.8024326,America/Chicago,0.0,0.0,0.0,0,0,0,2022-11-12T20:00:00+00:00,8.5,3.84,9.2,,0.0,0.0,0.0,0,0,82,3,open_air,open_air,0,0,1,open-meteo-era5,ok
2022,2,11,401426607,2022-11-12,13:00,2022-11-12T19:00:00+00:00,Rice Owls,Western Kentucky Hilltoppers,Houchens Industries-L.T. Smith Stadium,0,resolved_schedule_stadium,36.9847901,-86.4594041,America/Chicago,USA,29.7163297,-95.4093261,America/Chicago,719.8,0.0,0.0,0,1,36.9847901,-86.4594041,America/Chicago,0.0,0.0,0.0,0,0,0,2022-11-12T19:00:00+00:00,2.3,3.9,10.0,,0.0,0.0,0.0,0,0,71,3,open_air,open_air,0,0,1,open-meteo-era5,ok
2022,2,12,401416642,2022-11-15,19:00,2022-11-16T00:00:00+00:00,Bowling Green Falcons,Toledo Rockets,Glass Bowl,0,resolved_schedule_stadium,41.6574777,-83.6135652,America/New_York,USA,41.3780114,-83.6225,America/New_York,19.3,0.0,0.0,0,1,41.6574777,-83.6135652,America/New_York,0.0,0.0,0.0,0,0,0,2022-11-16T00:00:00+00:00,2.1,1.48,3.6,,0.1,0.1,0.0,1,0,86,51,open_air,open_air,0,0,1,open-meteo-era5,ok
2022,2,12,401416643,2022-11-15,19:00,2022-11-16T00:00:00+00:00,Ohio Bobcats,Ball State Cardinals,Scheumann Stadium,0,resolved_schedule_stadium,40.2159422,-85.4161148,America/Indiana/Indianapolis,USA,39.3212794,-82.1034315,America/New_York,186.5,0.0,0.0,1,0,40.2159422,-85.4161148,America/Indiana/Indianapolis,0.0,0.0,0.0,0,0,0,2022-11-16T00:00:00+00:00,1.3,3.08,5.7,,0.4,0.4,0.0,1,0,95,51,open_air,open_air,0,0,1,open-meteo-era5,ok
2022,2,12,401416644,2022-11-16,18:00,2022-11-16T23:00:00+00:00,Eastern Michigan Eagles,Kent State Golden Flashes,Dix Stadium,0,resolved_schedule_stadium,41.1390935,-81.31346,America/New_York,USA,42.256126,-83.647285,America/Detroit,143.0,0.0,0.0,0,1,41.1390935,-81.31346,America/New_York,0.0,0.0,0.0,0,0,0,2022-11-16T23:00:00+00:00,1.0,3.76,8.0,,0.0,0.0,0.0,0,0,70,3,open_air,open_air,0,0,1,open-meteo-era5,ok
2022,2,12,401416645,2022-11-16,20:00,2022-11-17T01:00:00+00:00,Western Michigan Broncos,Central Michigan Chippewas,Kelly/Shorts Stadium,0,resolved_schedule_stadium,43.5777313,-84.7709904,America/Detroit,USA,42.2860064,-85.6007573,America/Detroit,98.6,0.0,0.0,0,1,43.5777313,-84.7709904,America/Detroit,0.0,0.0,0.0,0,0,0,2022-11-17T01:00:00+00:00,-1.1,2.69,6.0,,0.1,0.0,0.07,0,1,90,71,open_air,open_air,0,0,1,open-meteo-era5,ok
2022,2,12,401416646,2022-11-16,18:00,2022-11-17T00:00:00+00:00,Miami (OH) RedHawks,Northern Illinois Huskies,Huskie Stadium,0,resolved_schedule_stadium,41.9339586,-88.7778357,America/Chicago,USA,39.5197009,-84.7330255,America/New_York,269.5,-1.0,1.0,1,0,41.9339586,-88.7778357,America/Chicago,0.0,0.0,0.0,0,0,0,2022-11-17T00:00:00+00:00,-0.2,3.14,6.0,,0.1,0.0,0.07,0,1,93,71,open_air,open_air,0,0,1,open-meteo-era5,ok
2022,2,12,401415658,2022-11-17,18:30,2022-11-18T00:30:00+00:00,SMU Mustangs,Tulane Green Wave,Yulman Stadium,0,resolved_schedule_stadium,29.944616,-90.116692,America/Chicago,USA,32.8377223,-96.7827859,America/Chicago,440.9,0.0,0.0,0,1,29.944616,-90.116692,America/Chicago,0.0,0.0,0.0,0,0,0,2022-11-18T00:00:00+00:00,10.3,3.5,7.9,,0.0,0.0,0.0,0,0,52,0,open_air,open_air,0,0,1,open-meteo-era5,ok
2022,2,12,401415264,2022-11-18,19:45,2022-11-19T02:45:00+00:00,San Diego State Aztecs,New Mexico Lobos,University Stadium (NM),0,resolved_schedule_stadium,35.0669479,-106.6283225,America/Denver,USA,32.784444,-117.122833,America/Los_Angeles,621.6,1.0,1.0,0,1,35.0669479,-106.6283225,America/Denver,0.0,0.0,0.0,0,0,0,2022-11-19T03:00:00+00:00,-0.4,2.2,6.0,,0.0,0.0,0.0,0,0,62,3,open_air,open_air,0,0,1,open-meteo-era5,ok
2022,2,12,401415659,2022-11-18,20:00,2022-11-19T02:00:00+00:00,South Florida Bulls,Tulsa Golden Hurricane,Chapman Stadium,0,resolved_schedule_stadium,36.1489175,-95.9437853,America/Chicago,USA,27.9758691,-82.5033344,America/New_York,967.0,-1.0,1.0,1,0,36.1489175,-95.9437853,America/Chicago,0.0,0.0,0.0,0,0,0,2022-11-19T02:00:00+00:00,-2.7,1.63,2.9,,0.0,0.0,0.0,0,0,59,3,open_air,open_air,0,0,1,open-meteo-era5,ok
2022,2,12,401403946,2022-11-19,11:00,2022-11-19T17:00:00+00:00,Austin Peay Governors,Alabama Crimson Tide,Bryant-Denny Stadium,0,resolved_schedule_stadium,33.2082752,-87.5503836,America/Chicago,USA,,,,,,,,,33.2082752,-87.5503836,America/Chicago,0.0,0.0,0.0,0,0,0,2022-11-19T17:00:00+00:00,9.2,0.99,4.9,,0.0,0.0,0.0,0,0,45,3,open_air,open_air,0,0,1,open-meteo-era5,ok
2022,2,12,401403947,2022-11-19,18:30,2022-11-20T00:30:00+00:00,Ole Miss Rebels,Arkansas Razorbacks,Razorback Stadium,0,resolved_schedule_stadium,36.0680662,-94.1789534,America/Chicago,USA,34.3619837,-89.5342076,America/Chicago,287.4,0.0,0.0,1,0,36.0680662,-94.1789534,America/Chicago,0.0,0.0,0.0,0,0,0,2022-11-20T00:00:00+00:00,1.3,2.86,4.7,,0.0,0.0,0.0,0,0,49,0,open_air,open_air,0,0,1,open-meteo-era5,ok
2022,2,12,401403949,2022-11-19,15:30,2022-11-19T20:30:00+00:00,Georgia Bulldogs,Kentucky Wildcats,Kroger Field,0,resolved_schedule_stadium,38.0220905,-84.5053408,America/New_York,USA,33.9498197,-83.3733813,America/New_York,288.4,0.0,0.0,1,0,38.0220905,-84.5053408,America/New_York,0.0,0.0,0.0,0,0,0,2022-11-19T20:00:00+00:00,3.1,5.04,12.1,,0.0,0.0,0.0,0,0,30,0,open_air,open_air,0,0,1,open-meteo-era5,ok
2022,2,12,401403951,2022-11-19,11:00,2022-11-19T17:00:00+00:00,East Tennessee State Buccaneers,Mississippi State Bulldogs,Davis Wade Stadium,0,resolved_schedule_stadium,33.4563403,-88.7933652,America/Chicago,USA,,,,,,,,,33.4563403,-88.7933652,America/Chicago,0.0,0.0,0.0,0,0,0,2022-11-19T17:00:00+00:00,6.9,0.35,4.2,,0.0,0.0,0.0,0,0,45,3,open_air,open_air,0,0,1,open-meteo-era5,ok
2022,2,12,401403952,2022-11-19,18:30,2022-11-20T00:30:00+00:00,New Mexico State Aggies,Missouri Tigers,Memorial Stadium,0,ambiguous_schedule_stadium,,,America/Chicago,,32.2796202,-106.7411148,America/Denver,,,,,,38.9358491,-92.3332009,America/Chicago,,,,,,,,,,,,,,,,,,,open_air,,,,,,venue_unresolved
2022,2,12,401403953,2022-11-19,19:00,2022-11-20T00:00:00+00:00,Tennessee Volunteers,South Carolina Gamecocks,Williams-Brice Stadium,0,resolved_schedule_stadium,33.9730239,-81.0191726,America/New_York,USA,35.9550131,-83.9250128,America/New_York,214.1,0.0,0.0,0,1,33.9730239,-81.0191726,America/New_York,0.0,0.0,0.0,0,0,0,2022-11-20T00:00:00+00:00,11.4,3.68,7.0,,0.0,0.0,0.0,0,0,47,3,open_air,open_air,0,0,1,open-meteo-era5,ok
2022,2,12,401403954,2022-11-19,11:00,2022-11-19T17:00:00+00:00,Massachusetts Minutemen,Texas A&M Aggies,Kyle Field,0,resolved_schedule_stadium,30.6098891,-96.3403828,America/Chicago,USA,42.3773244,-72.5360595,America/New_York,1544.1,-1.0,1.0,1,0,30.6098891,-96.3403828,America/Chicago,0.0,0.0,0.0,0,0,0,2022-11-19T17:00:00+00:00,6.9,4.52,8.5,,0.0,0.0,0.0,0,0,66,3,open_air,open_air,0,0,1,open-meteo-era5,ok
2022,2,12,401403955,2022-11-19,11:00,2022-11-19T17:00:00+00:00,Florida Gators,Vanderbilt Commodores,FirstBank Stadium,0,resolved_schedule_stadium,36.1440455,-86.8088942,America/Chicago,USA,29.6499357,-82.3485788,America/New_York,517.8,-1.0,1.0,1,0,36.1440455,-86.8088942,America/Chicago,0.0,0.0,0.0,0,0,0,2022-11-19T17:00:00+00:00,4.7,3.21,8.8,,0.0,0.0,0.0,0,0,34,0,open_air,open_air,0,0,1,open-meteo-era5,ok
2022,2,12,401404039,2022-11-19,12:00,2022-11-19T19:00:00+00:00,Washington State Cougars,Arizona Wildcats,Arizona Stadium,0,resolved_schedule_stadium,32.2288054,-110.9488677,America/Phoenix,USA,46.731831,-117.1604991,America/Los_Angeles,1054.5,1.0,1.0,0,1,32.2288054,-110.9488677,America/Phoenix,0.0,0.0,0.0,0,0,0,2022-11-19T19:00:00+00:00,18.8,2.42,6.3,,0.0,0.0,0.0,0,0,28,0,open_air,open_air,0,0,1,open-meteo-era5,ok
2022,2,12,401404040,2022-11-19,12:15,2022-11-19T19:15:00+00:00,Oregon State Beavers,Arizona State Sun Devils,Mountain America Stadium,0,resolved_schedule_stadium,33.4264471,-111.9325005,America/Phoenix,USA,44.5594559,-123.2814341,America/Los_Angeles,979.4,1.0,1.0,0,1,33.4264471,-111.9325005,America/Phoenix,0.0,0.0,0.0,0,0,0,2022-11-19T19:00:00+00:00,20.6,3.52,7.3,,0.0,0.0,0.0,0,0,18,0,open_air,open_air,0,0,1,open-meteo-era5,ok
2022,2,12,401404041,2022-11-19,14:30,2022-11-19T22:30:00+00:00,Stanford Cardinal,California Golden Bears,California Memorial Stadium,0,resolved_schedule_stadium,37.8710434,-122.2507729,America/Los_Angeles,USA,37.4345556,-122.1611271,America/Los_Angeles,30.6,0.0,0.0,1,0,37.8710434,-122.2507729,America/Los_Angeles,0.0,0.0,0.0,0,0,0,2022-11-19T22:00:00+00:00,15.9,2.8,6.9,,0.0,0.0,0.0,0,0,31,0,open_air,open_air,0,0,1,open-meteo-era5,ok
2022,2,12,401404042,2022-11-19,18:00,2022-11-20T02:00:00+00:00,Colorado Buffaloes,Washington Huskies,Husky Stadium,0,resolved_schedule_stadium,47.6503235,-122.3015746,America/Los_Angeles,USA,40.0094746,-105.266905,America/Denver,996.5,-1.0,1.0,1,0,47.6503235,-122.3015746,America/Los_Angeles,0.0,0.0,0.0,0,0,0,2022-11-20T02:00:00+00:00,3.9,2.06,3.9,,0.0,0.0,0.0,0,0,81,2,open_air,open_air,0,0,1,open-meteo-era5,ok
2022,2,12,401404043,2022-11-19,19:30,2022-11-20T03:30:00+00:00,Utah Utes,Oregon Ducks,Autzen Stadium,0,resolved_schedule_stadium,44.0582712,-123.0684883,America/Los_Angeles,USA,40.7599724,-111.8488255,America/Denver,615.4,-1.0,1.0,1,0,44.0582712,-123.0684883,America/Los_Angeles,0.0,0.0,0.0,0,0,0,2022-11-20T03:00:00+00:00,0.8,1.51,3.3,,0.0,0.0,0.0,0,0,86,2,open_air,open_air,0,0,1,open-meteo-era5,ok
2022,2,12,401404044,2022-11-19,17:00,2022-11-20T01:00:00+00:00,USC Trojans,UCLA Bruins,Rose Bowl,0,resolved_schedule_stadium,34.1613284,-118.1676462,America/Los_Angeles,USA,34.014167,-118.287778,America/Los_Angeles,12.3,0.0,0.0,0,1,34.1613284,-118.1676462,America/Los_Angeles,0.0,0.0,0.0,0,0,0,2022-11-20T01:00:00+00:00,18.3,2.71,8.5,,0.0,0.0,0.0,0,0,12,0,open_air,open_air,0,0,1,open-meteo-era5,ok
2022,2,12,401404114,2022-11-19,11:00,2022-11-19T17:00:00+00:00,TCU Horned Frogs,Baylor Bears,McLane Stadium,0,resolved_schedule_stadium,31.5582015,-97.1156702,America/Chicago,USA,32.7096604,-97.3680835,America/Chicago,80.9,0.0,0.0,0,1,31.5582015,-97.1156702,America/Chicago,0.0,0.0,0.0,0,0,0,2022-11-19T17:00:00+00:00,4.7,4.55,9.6,,0.0,0.0,0.0,0,0,63,3,open_air,open_air,0,0,1,open-meteo-era5,ok
2022,2,12,401404115,2022-11-19,18:00,2022-11-20T00:00:00+00:00,Texas Tech Red Raiders,Iowa State Cyclones,Jack Trice Stadium,0,resolved_schedule_stadium,42.0139977,-93.6357716,America/Chicago,USA,33.5910518,-101.8728824,America/Chicago,734.7,0.0,0.0,0,1,42.0139977,-93.6357716,America/Chicago,0.0,0.0,0.0,0,0,0,2022-11-20T00:00:00+00:00,-5.8,4.15,7.2,,0.0,0.0,0.0,0,0,49,0,open_air,open_air,0,0,1,open-meteo-era5,ok
2022,2,12,401404116,2022-11-19,14:30,2022-11-19T20:30:00+00:00,Texas Longhorns,Kansas Jayhawks,Memorial Stadium,0,ambiguous_schedule_stadium,,,America/Chicago,,30.2836813,-97.7325345,America/Chicago,,,,,,38.9629418,-95.2463686,America/Chicago,,,,,,,,,,,,,,,,,,,open_air,,,,,,venue_unresolved
2022,2,12,401404117,2022-11-19,14:00,2022-11-19T19:00:00+00:00,Kansas State Wildcats,West Virginia Mountaineers,Milan Puskar Stadium,0,resolved_schedule_stadium,39.6502744,-79.9551873,America/New_York,USA,39.2020096,-96.5938395,America/Chicago,887.3,1.0,1.0,0,1,39.6502744,-79.9551873,America/New_York,0.0,0.0,0.0,0,0,0,2022-11-19T19:00:00+00:00,1.2,4.84,12.2,,0.0,0.0,0.0,0,0,39,0,open_air,open_air,0,0,1,open-meteo-era5,ok
2022,2,12,401404118,2022-11-19,18:30,2022-11-20T00:30:00+00:00,Oklahoma State Cowboys,Oklahoma Sooners,"Memorial Stadium (Norman, OK)",0,ambiguous_schedule_stadium,,,America/Chicago,,36.125673,-97.066513,America/Chicago,,,,,,35.2058537,-97.4423145,America/Chicago,,,,,,,,,,,,,,,,,,,open_air,,,,,,venue_unresolved
2022,2,12,401404132,2022-11-19,14:30,2022-11-19T19:30:00+00:00,Boston College Eagles,Notre Dame Fighting Irish,Notre Dame Stadium,0,resolved_schedule_stadium,41.698378,-86.2339425,America/Indiana/Indianapolis,USA,42.335104,-71.1664413,America/New_York,773.7,0.0,0.0,1,0,41.698378,-86.2339425,America/Indiana/Indianapolis,0.0,0.0,0.0,0,0,0,2022-11-19T19:00:00+00:00,-3.2,7.75,14.3,,0.1,0.0,0.07,0,1,63,71,open_air,open_air,0,0,1,open-meteo-era5,ok
2022,2,12,401404143,2022-11-19,12:00,2022-11-19T17:00:00+00:00,UConn Huskies,Army Black Knights,Michie Stadium,0,resolved_schedule_stadium,41.3874924,-73.9640891,America/New_York,USA,41.7595675,-72.6187728,America/New_York,74.1,0.0,0.0,1,0,41.3874924,-73.9640891,America/New_York,0.0,0.0,0.0,0,0,0,2022-11-19T17:00:00+00:00,3.4,3.64,10.0,,0.0,0.0,0.0,0,0,40,1,open_air,open_air,0,0,1,open-meteo-era5,ok
2022,2,12,401404165,2022-11-19,12:00,2022-11-19T17:00:00+00:00,Virginia Tech Hokies,Liberty Flames,Williams Stadium (VA),0,resolved_schedule_stadium,37.3544305,-79.1750239,America/New_York,USA,37.2199873,-80.4180643,America/New_York,69.0,0.0,0.0,0,1,37.3544305,-79.1750239,America/New_York,0.0,0.0,0.0,0,0,0,2022-11-19T17:00:00+00:00,7.2,2.85,8.0,,0.0,0.0,0.0,0,0,40,0,open_air,open_air,0,0,1,open-meteo-era5,ok
2022,2,12,401405141,2022-11-19,15:00,2022-11-19T21:00:00+00:00,Iowa Hawkeyes,Minnesota Golden Gophers,Huntington Bank Stadium,0,resolved_schedule_stadium,44.976525,-93.2245462,America/Chicago,USA,41.6586045,-91.5510829,America/Chicago,244.2,0.0,0.0,1,0,44.976525,-93.2245462,America/Chicago,0.0,0.0,0.0,0,0,0,2022-11-19T21:00:00+00:00,-8.4,7.41,14.8,,0.0,0.0,0.0,0,0,56,3,open_air,open_air,0,0,1,open-meteo-era5,ok
2022,2,12,401405142,2022-11-19,11:00,2022-11-19T17:00:00+00:00,Wisconsin Badgers,Nebraska Cornhuskers,"Memorial Stadium (Lincoln, NE)",0,ambiguous_schedule_stadium,,,America/Chicago,,43.06994,-89.4126943,America/Chicago,,,,,,40.820682,-96.705594,America/Chicago,,,,,,,,,,,,,,,,,,,open_air,,,,,,venue_unresolved
2022,2,12,401405143,2022-11-19,12:00,2022-11-19T17:00:00+00:00,Northwestern Wildcats,Purdue Boilermakers,Ross-Ade Stadium,0,resolved_schedule_stadium,40.4352253,-86.9186843,America/Indiana/Indianapolis,USA,42.0653994,-87.6924751,America/Chicago,119.6,1.0,1.0,0,1,40.4352253,-86.9186843,America/Indiana/Indianapolis,0.0,0.0,0.0,0,0,0,2022-11-19T17:00:00+00:00,-1.2,9.25,16.8,,0.0,0.0,0.0,0,0,46,0,open_air,open_air,0,0,1,open-meteo-era5,ok
2022,2,12,401405144,2022-11-19,15:30,2022-11-19T20:30:00+00:00,Ohio State Buckeyes,Maryland Terrapins,SECU Stadium,0,resolved_schedule_stadium,38.9903332,-76.9473792,America/New_York,USA,40.0016447,-83.0197266,America/New_York,331.1,0.0,0.0,0,1,38.9903332,-76.9473792,America/New_York,0.0,0.0,0.0,0,0,0,2022-11-19T20:00:00+00:00,7.8,3.34,7.5,,0.0,0.0,0.0,0,0,36,0,open_air,open_air,0,0,1,open-meteo-era5,ok
2022,2,12,401405145,2022-11-19,12:00,2022-11-19T17:00:00+00:00,Illinois Fighting Illini,Michigan Wolverines,Michigan Stadium,0,resolved_schedule_stadium,42.2658365,-83.7486956,America/Detroit,USA,40.0993268,-88.2359569,America/Chicago,277.2,1.0,1.0,0,1,42.2658365,-83.7486956,America/Detroit,0.0,0.0,0.0,0,0,0,2022-11-19T17:00:00+00:00,-3.3,7.58,15.0,,0.0,0.0,0.0,0,0,50,3,open_air,open_air,0,0,1,open-meteo-era5,ok
2022,2,12,401405146,2022-11-19,12:00,2022-11-19T17:00:00+00:00,Indiana Hoosiers,Michigan State Spartans,Spartan Stadium,0,resolved_schedule_stadium,42.7281474,-84.4848526,America/Detroit,USA,39.1808959,-86.5256217,America/Indiana/Indianapolis,267.2,0.0,0.0,0,1,42.7281474,-84.4848526,America/Detroit,0.0,0.0,0.0,0,0,0,2022-11-19T17:00:00+00:00,-5.3,7.81,15.2,,0.0,0.0,0.0,0,0,66,3,open_air,open_air,0,0,1,open-meteo-era5,ok
2022,2,12,401405147,2022-11-19,15:30,2022-11-19T20:30:00+00:00,Penn State Nittany Lions,Rutgers Scarlet Knights,SHI Stadium,0,resolved_schedule_stadium,40.5462553,-74.4660408,America/New_York,USA,40.8121958,-77.8561023,America/New_York,178.6,0.0,0.0,0,1,40.5462553,-74.4660408,America/New_York,0.0,0.0,0.0,0,0,0,2022-11-19T20:00:00+00:00,5.0,4.63,10.5,,0.0,0.0,0.0,0,0,32,0,open_air,open_air,0,0,1,open-meteo-era5,ok
2022,2,12,401411165,2022-11-19,15:30,2022-11-19T20:30:00+00:00,Miami Hurricanes,Clemson Tigers,"Memorial Stadium (Clemson, SC)",0,resolved_schedule_stadium_timezone,34.6787737,-82.8432428,America/New_York,USA,25.9579665,-80.2388604,America/New_York,622.2,0.0,0.0,1,0,34.6787737,-82.8432428,America/New_York,0.0,0.0,0.0,0,0,0,2022-11-19T20:00:00+00:00,12.8,4.37,10.1,,0.0,0.0,0.0,0,0,37,3,open_air,open_air,0,0,1,open-meteo-era5,ok
2022,2,12,401411166,2022-11-19,12:00,2022-11-19T17:00:00+00:00,Louisiana Ragin' Cajuns,Florida State Seminoles,Doak Campbell Stadium,0,resolved_schedule_stadium,30.4381692,-84.3044032,America/New_York,USA,30.2158434,-92.0417371,America/Chicago,461.6,1.0,1.0,0,1,30.4381692,-84.3044032,America/New_York,0.0,0.0,0.0,0,0,0,2022-11-19T17:00:00+00:00,14.6,2.73,7.7,,0.0,0.0,0.0,0,0,38,2,open_air,open_air,0,0,1,open-meteo-era5,ok
2022,2,12,401411167,2022-11-19,15:30,2022-11-19T20:30:00+00:00,NC State Wolfpack,Louisville Cardinals,L&N Federal Credit Union Stadium,0,resolved_schedule_stadium,38.2057621,-85.7588141,America/Kentucky/Louisville,USA,35.8008001,-78.7195655,America/New_York,422.3,0.0,0.0,1,0,38.2057621,-85.7588141,America/Kentucky/Louisville,0.0,0.0,0.0,0,0,0,2022-11-19T20:00:00+00:00,3.2,5.31,12.6,,0.0,0.0,0.0,0,0,30,0,open_air,open_air,0,0,1,open-meteo-era5,ok
2022,2,12,401411168,2022-11-19,17:30,2022-11-19T22:30:00+00:00,Georgia Tech Yellow Jackets,North Carolina Tar Heels,Kenan Stadium,0,resolved_schedule_stadium,35.9069294,-79.0478889,America/New_York,USA,33.7724449,-84.3928054,America/New_York,337.0,0.0,0.0,0,1,35.9069294,-79.0478889,America/New_York,0.0,0.0,0.0,0,0,0,2022-11-19T22:00:00+00:00,9.5,1.58,2.3,,0.0,0.0,0.0,0,0,59,3,open_air,open_air,0,0,1,open-meteo-era5,ok
2022,2,12,401411169,2022-11-19,12:00,2022-11-19T17:00:00+00:00,Duke Blue Devils,Pittsburgh Panthers,Acrisure Stadium,0,resolved_schedule_stadium,40.4467648,-80.0157603,America/New_York,USA,35.9953688,-78.9417564,America/New_York,313.0,0.0,0.0,1,0,40.4467648,-80.0157603,America/New_York,0.0,0.0,0.0,0,0,0,2022-11-19T17:00:00+00:00,-0.5,4.64,11.7,,0.0,0.0,0.0,0,0,46,3,open_air,open_air,0,0,1,open-meteo-era5,ok
2022,2,12,401411170,2022-11-19,15:30,2022-11-19T20:30:00+00:00,Coastal Carolina Chanticleers,Virginia Cavaliers,Scott Stadium,0,resolved_schedule_stadium,38.0311801,-78.5137897,America/New_York,USA,33.7928506,-79.0166946,America/New_York,294.2,0.0,0.0,0,1,38.0311801,-78.5137897,America/New_York,0.0,0.0,0.0,0,0,0,2022-11-19T20:00:00+00:00,8.6,3.89,9.7,,0.0,0.0,0.0,0,0,28,0,open_air,open_air,0,0,1,open-meteo-era5,ok
2022,2,12,401411171,2022-11-19,20:00,2022-11-20T01:00:00+00:00,Syracuse Orange,Wake Forest Demon Deacons,Allegacy Federal Credit Union Stadium,0,resolved_schedule_stadium,36.1305507,-80.2545851,America/New_York,USA,43.0362269,-76.1363161,America/New_York,524.9,0.0,0.0,1,0,36.1305507,-80.2545851,America/New_York,0.0,0.0,0.0,0,0,0,2022-11-20T01:00:00+00:00,7.1,2.51,5.5,,0.0,0.0,0.0,0,0,53,3,open_air,open_air,0,0,1,open-meteo-era5,ok
2022,2,12,401415261,2022-11-19,17:00,2022-11-20T00:00:00+00:00,Boise State Broncos,Wyoming Cowboys,War Memorial Stadium,0,resolved_schedule_stadium,41.31161,-105.5681384,America/Denver,USA,43.6028839,-116.1958882,America/Boise,564.0,0.0,0.0,0,1,41.31161,-105.5681384,America/Denver,0.0,0.0,0.0,0,0,0,2022-11-20T00:00:00+00:00,-5.4,2.62,5.5,,0.0,0.0,0.0,0,0,55,0,open_air,open_air,0,0,1,open-meteo-era5,ok
2022,2,12,401415262,2022-11-19,19:00,2022-11-20T02:00:00+00:00,Colorado State Rams,Air Force Falcons,Falcon Stadium,0,resolved_schedule_stadium,38.9969701,-104.8436165,America/Denver,USA,40.570015,-105.088435,America/Denver,109.5,0.0,0.0,0,1,38.9969701,-104.8436165,America/Denver,0.0,0.0,0.0,0,0,0,2022-11-20T02:00:00+00:00,-7.6,3.11,5.0,,0.0,0.0,0.0,0,0,59,0,open_air,open_air,0,0,1,open-meteo-era5,ok
2022,2,12,401415263,2022-11-19,19:30,2022-11-20T03:30:00+00:00,Fresno State Bulldogs,Nevada Wolf Pack,Mackay Stadium,0,resolved_schedule_stadium,39.5469459,-119.8175435,America/Los_Angeles,USA,36.8143527,-119.7580092,America/Los_Angeles,188.8,0.0,0.0,1,0,39.5469459,-119.8175435,America/Los_Angeles,0.0,0.0,0.0,0,0,0,2022-11-20T03:00:00+00:00,-2.6,1.59,4.6,,0.0,0.0,0.0,0,0,67,0,open_air,open_air,0,0,1,open-meteo-era5,ok
2022,2,12,401415265,2022-11-19,19:45,2022-11-20T02:45:00+00:00,San José State Spartans,Utah State Aggies,Maverik Stadium,0,resolved_schedule_stadium,41.7517394,-111.8116007,America/Denver,USA,37.3196675,-121.8682962,America/Los_Angeles,616.6,1.0,1.0,0,1,41.7517394,-111.8116007,America/Denver,0.0,0.0,0.0,0,0,0,2022-11-20T03:00:00+00:00,-7.2,1.21,3.1,,0.0,0.0,0.0,0,0,68,0,open_air,open_air,0,0,1,open-meteo-era5,ok
2022,2,12,401415266,2022-11-19,18:00,2022-11-20T04:00:00+00:00,UNLV Rebels,Hawai'i Rainbow Warriors,Clarence T.C. Ching Athletics Complex,0,resolved_schedule_stadium,21.294294,-157.819338,Pacific/Honolulu,USA,36.0908,-115.1830,America/Los_Angeles,2752.8,-2.0,2.0,1,0,21.294294,-157.819338,Pacific/Honolulu,0.0,0.0,0.0,0,0,0,2022-11-20T04:00:00+00:00,25.0,8.63,13.4,,0.0,0.0,0.0,0,0,77,0,open_air,open_air,0,0,1,open-meteo-era5,ok
2022,2,12,401415660,2022-11-19,14:00,2022-11-19T19:00:00+00:00,Houston Cougars,East Carolina Pirates,Dowdy-Ficklen Stadium,0,resolved_schedule_stadium,35.5968486,-77.364564,America/New_York,USA,29.7219885,-95.3491623,America/Chicago,1120.0,1.0,1.0,0,1,35.5968486,-77.364564,America/New_York,0.0,0.0,0.0,0,0,0,2022-11-19T19:00:00+00:00,14.3,2.02,5.5,,0.0,0.0,0.0,0,0,39,0,open_air,open_air,0,0,1,open-meteo-era5,ok
2022,2,12,401415661,2022-11-19,11:00,2022-11-19T16:00:00+00:00,Navy Midshipmen,UCF Knights,FBC Mortgage Stadium,0,resolved_schedule_stadium,28.6079765,-81.1927233,America/New_York,USA,38.9846985,-76.5076335,America/New_York,765.5,0.0,0.0,1,0,28.6079765,-81.1927233,America/New_York,0.0,0.0,0.0,0,0,0,2022-11-19T16:00:00+00:00,20.7,3.34,7.6,,0.0,0.0,0.0,0,0,65,2,open_air,open_air,0,0,1,open-meteo-era5,ok
2022,2,12,401415662,2022-11-19,13:00,2022-11-19T19:00:00+00:00,North Alabama Lions,Memphis Tigers,Simmons Bank Liberty Stadium,0,resolved_schedule_stadium,35.1209429,-89.977147,America/Chicago,USA,,,,,,,,,35.1209429,-89.977147,America/Chicago,0.0,0.0,0.0,0,0,0,2022-11-19T19:00:00+00:00,5.2,2.93,7.9,,0.0,0.0,0.0,0,0,39,0,open_air,open_air,0,0,1,open-meteo-era5,ok
2022,2,12,401415663,2022-11-19,16:00,2022-11-19T21:00:00+00:00,Cincinnati Bearcats,Temple Owls,Lincoln Financial Field,0,resolved_schedule_stadium,39.9007995,-75.1675414,America/New_York,USA,39.1312495,-84.5161913,America/New_York,500.9,0.0,0.0,0,1,39.9007995,-75.1675414,America/New_York,0.0,0.0,0.0,0,0,0,2022-11-19T21:00:00+00:00,5.8,4.14,7.9,,0.0,0.0,0.0,0,0,38,0,open_air,open_air,0,0,1,open-meteo-era5,ok
2022,2,12,401416647,2022-11-19,15:30,2022-11-19T20:30:00+00:00,Akron Zips,Buffalo Bulls,UB Stadium,0,resolved_schedule_stadium,42.9991334,-78.7775113,America/New_York,USA,41.0725534,-81.5083408,America/New_York,193.3,0.0,0.0,0,1,42.9991334,-78.7775113,America/New_York,0.0,0.0,0.0,0,0,0,2022-11-19T20:00:00+00:00,-1.9,7.9,15.6,,0.1,0.0,0.07,0,1,64,71,open_air,open_air,0,0,1,open-meteo-era5,ok
2022,2,12,401420863,2022-11-19,13:30,2022-11-19T20:30:00+00:00,Utah Tech Trailblazers,BYU Cougars,LaVell Edwards Stadium,0,resolved_schedule_stadium,40.2575347,-111.6545247,America/Denver,USA,,,,,,,,,40.2575347,-111.6545247,America/Denver,0.0,0.0,0.0,0,0,0,2022-11-19T20:00:00+00:00,2.7,0.53,2.6,,0.0,0.0,0.0,0,0,53,1,open_air,open_air,0,0,1,open-meteo-era5,ok
2022,2,12,401426376,2022-11-19,14:30,2022-11-19T19:30:00+00:00,Old Dominion Monarchs,App State Mountaineers,Kidd Brewer Stadium,0,resolved_schedule_stadium,36.2114267,-81.6854278,America/New_York,USA,36.8889533,-76.3049175,America/New_York,302.3,0.0,0.0,1,0,36.2114267,-81.6854278,America/New_York,0.0,0.0,0.0,0,0,0,2022-11-19T19:00:00+00:00,4.9,3.94,11.8,,0.0,0.0,0.0,0,0,35,1,open_air,open_air,0,0,1,open-meteo-era5,ok
2022,2,12,401426377,2022-11-19,18:00,2022-11-19T23:00:00+00:00,Marshall Thundering Herd,Georgia Southern Eagles,Allen E. Paulson Stadium,0,resolved_schedule_stadium,32.4122471,-81.7849296,America/New_York,USA,38.4247042,-82.4214412,America/New_York,417.0,0.0,0.0,0,1,32.4122471,-81.7849296,America/New_York,0.0,0.0,0.0,0,0,0,2022-11-19T23:00:00+00:00,12.3,1.98,3.1,,0.0,0.0,0.0,0,0,45,3,open_air,open_air,0,0,1,open-meteo-era5,ok
2022,2,12,401426378,2022-11-19,14:00,2022-11-19T19:00:00+00:00,Georgia State Panthers,James Madison Dukes,Bridgeforth Stadium,0,resolved_schedule_stadium,38.4352919,-78.8729349,America/New_York,USA,33.735267,-84.389949,America/New_York,447.4,0.0,0.0,0,1,38.4352919,-78.8729349,America/New_York,0.0,0.0,0.0,0,0,0,2022-11-19T19:00:00+00:00,5.8,3.69,10.2,,0.0,0.0,0.0,0,0,29,0,open_air,open_air,0,0,1,open-meteo-era5,ok
2022,2,12,401426379,2022-11-19,14:30,2022-11-19T20:30:00+00:00,South Alabama Jaguars,Southern Miss Golden Eagles,M. M. Roberts Stadium,0,resolved_schedule_stadium,31.3289321,-89.3318118,America/Chicago,USA,30.6943566,-88.0430541,America/Chicago,88.0,0.0,0.0,1,0,31.3289321,-89.3318118,America/Chicago,0.0,0.0,0.0,0,0,0,2022-11-19T20:00:00+00:00,9.0,1.25,4.0,,0.0,0.0,0.0,0,0,61,3,open_air,open_air,0,0,1,open-meteo-era5,ok
2022,2,12,401426380,2022-11-19,16:00,2022-11-19T22:00:00+00:00,Arkansas State Red Wolves,Texas State Bobcats,Bobcat Stadium (TX),0,resolved_schedule_stadium,29.8910008,-97.9255735,America/Chicago,USA,35.8488977,-90.6677436,America/Chicago,588.6,0.0,0.0,1,0,29.8910008,-97.9255735,America/Chicago,0.0,0.0,0.0,0,0,0,2022-11-19T22:00:00+00:00,4.2,4.75,10.2,,0.3,0.3,0.0,1,0,94,51,open_air,open_air,0,0,1,open-meteo-era5,ok
2022,2,12,401426381,2022-11-19,14:30,2022-11-19T20:30:00+00:00,UL Monroe Warhawks,Troy Trojans,Veterans Memorial Stadium (AL),0,resolved_schedule_stadium,31.7995565,-85.9518328,America/Chicago,USA,32.5308089,-92.0660602,America/Chicago,361.1,0.0,0.0,0,1,31.7995565,-85.9518328,America/Chicago,0.0,0.0,0.0,0,0,0,2022-11-19T20:00:00+00:00,13.0,1.64,4.5,,0.0,0.0,0.0,0,0,39,3,open_air,open_air,0,0,1,open-meteo-era5,ok
2022,2,12,401426608,2022-11-19,15:30,2022-11-19T20:30:00+00:00,Louisiana Tech Bulldogs,Charlotte 49ers,Jerry Richardson Stadium,0,resolved_schedule_stadium,35.3105033,-80.7401194,America/New_York,USA,32.5321487,-92.6560019,America/Chicago,709.1,1.0,1.0,0,1,35.3105033,-80.7401194,America/New_York,0.0,0.0,0.0,0,0,0,2022-11-19T20:00:00+00:00,13.2,2.87,7.0,,0.0,0.0,0.0,0,0,38,3,open_air,open_air,0,0,1,open-meteo-era5,ok
2022,2,12,401426609,2022-11-19,14:00,2022-11-19T21:00:00+00:00,Florida International Panthers,UTEP Miners,Sun Bowl,0,resolved_schedule_stadium,31.7733353,-106.507957,America/Denver,USA,25.7525014,-80.3778912,America/New_York,1632.0,-2.0,2.0,1,0,31.7733353,-106.507957,America/Denver,0.0,0.0,0.0,0,0,0,2022-11-19T21:00:00+00:00,9.5,6.27,11.4,,0.0,0.0,0.0,0,0,49,1,open_air,open_air,0,0,1,open-meteo-era5,ok
2022,2,12,401426610,2022-11-19,14:30,2022-11-19T20:30:00+00:00,Florida Atlantic Owls,Middle Tennessee Blue Raiders,"Johnny ""Red"" Floyd Stadium",0,resolved_schedule_stadium,35.8511463,-86.3681649,America/Chicago,USA,26.3763763,-80.1015759,America/New_York,751.9,-1.0,1.0,1,0,35.8511463,-86.3681649,America/Chicago,0.0,0.0,0.0,0,0,0,2022-11-19T20:00:00+00:00,7.0,4.16,10.3,,0.0,0.0,0.0,0,0,29,2,open_air,open_air,0,0,1,open-meteo-era5,ok
2022,2,12,401426611,2022-11-19,12:00,2022-11-19T18:00:00+00:00,UTSA Roadrunners,Rice Owls,Rice Stadium,0,resolved_schedule_stadium,29.7163297,-95.4093261,America/Chicago,USA,29.4169834,-98.4788143,America/Chicago,185.6,0.0,0.0,0,1,29.7163297,-95.4093261,America/Chicago,0.0,0.0,0.0,0,0,0,2022-11-19T18:00:00+00:00,7.3,5.45,7.5,,2.6,2.6,0.0,1,0,93,63,open_air,open_air,0,0,1,open-meteo-era5,ok
2022,2,12,401426612,2022-11-19,20:00,2022-11-20T02:00:00+00:00,UAB Blazers,LSU Tigers,Tiger Stadium (LA),0,resolved_schedule_stadium,30.412035,-91.1838163,America/Chicago,USA,33.5206824,-86.8024326,America/Chicago,334.7,0.0,0.0,1,0,30.412035,-91.1838163,America/Chicago,0.0,0.0,0.0,0,0,0,2022-11-20T02:00:00+00:00,6.7,2.98,7.2,,0.3,0.3,0.0,1,0,96,51,open_air,open_air,0,0,1,open-meteo-era5,ok
2022,2,12,401426613,2022-11-19,15:00,2022-11-19T21:00:00+00:00,Western Kentucky Hilltoppers,Auburn Tigers,Jordan-Hare Stadium,0,resolved_schedule_stadium,32.6025532,-85.4897479,America/Chicago,USA,36.9847901,-86.4594041,America/Chicago,307.7,0.0,0.0,0,1,32.6025532,-85.4897479,America/Chicago,0.0,0.0,0.0,0,0,0,2022-11-19T21:00:00+00:00,11.9,2.38,5.2,,0.0,0.0,0.0,0,0,43,3,open_air,open_air,0,0,1,open-meteo-era5,ok
2022,2,13,401416648,2022-11-22,19:00,2022-11-23T00:00:00+00:00,Ball State Cardinals,Miami (OH) RedHawks,Yager Stadium,0,resolved_schedule_stadium,39.5197009,-84.7330255,America/New_York,USA,40.2159422,-85.4161148,America/Indiana/Indianapolis,60.2,0.0,0.0,0,1,39.5197009,-84.7330255,America/New_York,0.0,0.0,0.0,0,0,0,2022-11-23T00:00:00+00:00,6.1,2.38,4.4,,0.0,0.0,0.0,0,0,40,0,open_air,open_air,0,0,1,open-meteo-era5,ok
2022,2,13,401416649,2022-11-22,19:00,2022-11-23T00:00:00+00:00,Bowling Green Falcons,Ohio Bobcats,Peden Stadium,0,resolved_schedule_stadium,39.3212794,-82.1034315,America/New_York,USA,41.3780114,-83.6225,America/New_York,163.1,0.0,0.0,0,1,39.3212794,-82.1034315,America/New_York,0.0,0.0,0.0,0,0,0,2022-11-23T00:00:00+00:00,6.4,3.18,4.9,,0.0,0.0,0.0,0,0,42,0,open_air,open_air,0,0,1,open-meteo-era5,ok
2022,2,13,401403956,2022-11-24,18:00,2022-11-25T00:00:00+00:00,Mississippi State Bulldogs,Ole Miss Rebels,Vaught-Hemingway Stadium,0,resolved_schedule_stadium,34.3619837,-89.5342076,America/Chicago,USA,33.4563403,-88.7933652,America/Chicago,75.6,0.0,0.0,1,0,34.3619837,-89.5342076,America/Chicago,0.0,0.0,0.0,0,0,0,2022-11-25T00:00:00+00:00,15.6,3.3,6.4,,0.2,0.2,0.0,1,0,76,51,open_air,open_air,0,0,1,open-meteo-era5,ok
2022,2,13,401403958,2022-11-25,19:30,2022-11-26T00:30:00+00:00,Florida Gators,Florida State Seminoles,Doak Campbell Stadium,0,resolved_schedule_stadium,30.4381692,-84.3044032,America/New_York,USA,29.6499357,-82.3485788,America/New_York,129.0,0.0,0.0,1,0,30.4381692,-84.3044032,America/New_York,0.0,0.0,0.0,0,0,0,2022-11-26T00:00:00+00:00,20.6,2.5,4.8,,0.0,0.0,0.0,0,0,95,3,open_air,open_air,0,0,1,open-meteo-era5,ok
2022,2,13,401403961,2022-11-25,14:30,2022-11-25T20:30:00+00:00,Arkansas Razorbacks,Missouri Tigers,Memorial Stadium,0,ambiguous_schedule_stadium,,,America/Chicago,,36.0680662,-94.1789534,America/Chicago,,,,,,38.9358491,-92.3332009,America/Chicago,,,,,,,,,,,,,,,,,,,open_air,,,,,,venue_unresolved
2022,2,13,401404045,2022-11-25,13:00,2022-11-25T20:00:00+00:00,Arizona State Sun Devils,Arizona Wildcats,Arizona Stadium,0,resolved_schedule_stadium,32.2288054,-110.9488677,America/Phoenix,USA,33.4264471,-111.9325005,America/Phoenix,100.5,0.0,0.0,0,1,32.2288054,-110.9488677,America/Phoenix,0.0,0.0,0.0,0,0,0,2022-11-25T20:00:00+00:00,17.6,2.44,6.5,,0.0,0.0,0.0,0,0,23,0,open_air,open_air,0,0,1,open-meteo-era5,ok
2022,2,13,401404046,2022-11-25,13:30,2022-11-25T21:30:00+00:00,UCLA Bruins,California Golden Bears,California Memorial Stadium,0,resolved_schedule_stadium,37.8710434,-122.2507729,America/Los_Angeles,USA,34.1613284,-118.1676462,America/Los_Angeles,343.1,0.0,0.0,1,0,37.8710434,-122.2507729,America/Los_Angeles,0.0,0.0,0.0,0,0,0,2022-11-25T21:00:00+00:00,18.8,0.72,3.9,,0.0,0.0,0.0,0,0,34,0,open_air,open_air,0,0,1,open-meteo-era5,ok
2022,2,13,401404119,2022-11-25,11:00,2022-11-25T17:00:00+00:00,Baylor Bears,Texas Longhorns,DKR-Texas Memorial Stadium,0,resolved_schedule_stadium,30.2836813,-97.7325345,America/Chicago,USA,31.5582015,-97.1156702,America/Chicago,95.4,0.0,0.0,1,0,30.2836813,-97.7325345,America/Chicago,0.0,0.0,0.0,0,0,0,2022-11-25T17:00:00+00:00,14.4,5.3,11.8,,0.0,0.0,0.0,0,0,94,3,open_air,open_air,0,0,1,open-meteo-era5,ok
2022,2,13,401405148,2022-11-25,15:00,2022-11-25T21:00:00+00:00,Nebraska Cornhuskers,Iowa Hawkeyes,Kinnick Stadium,0,resolved_schedule_stadium,41.6586045,-91.5510829,America/Chicago,USA,40.820682,-96.705594,America/Chicago,273.9,0.0,0.0,0,1,41.6586045,-91.5510829,America/Chicago,0.0,0.0,0.0,0,0,0,2022-11-25T21:00:00+00:00,11.5,3.16,6.0,,0.0,0.0,0.0,0,0,42,0,open_air,open_air,0,0,1,open-meteo-era5,ok
2022,2,13,401411172,2022-11-25,15:30,2022-11-25T20:30:00+00:00,NC State Wolfpack,North Carolina Tar Heels,Kenan Stadium,0,resolved_schedule_stadium,35.9069294,-79.0478889,America/New_York,USA,35.8008001,-78.7195655,America/New_York,19.8,0.0,0.0,1,0,35.9069294,-79.0478889,America/New_York,0.0,0.0,0.0,0,0,0,2022-11-25T20:00:00+00:00,19.4,3.29,7.3,,0.0,0.0,0.0,0,0,58,3,open_air,open_air,0,0,1,open-meteo-era5,ok
2022,2,13,401415268,2022-11-25,13:30,2022-11-25T20:30:00+00:00,New Mexico Lobos,Colorado State Rams,Canvas Stadium,0,resolved_schedule_stadium,40.570015,-105.088435,America/Denver,USA,35.0669479,-106.6283225,America/Denver,389.4,0.0,0.0,0,1,40.570015,-105.088435,America/Denver,0.0,0.0,0.0,0,0,0,2022-11-25T20:00:00+00:00,14.2,0.32,2.7,,0.0,0.0,0.0,0,0,27,0,open_air,open_air,0,0,1,open-meteo-era5,ok
2022,2,13,401415269,2022-11-25,10:00,2022-11-25T17:00:00+00:00,Utah State Aggies,Boise State Broncos,Albertsons Stadium,0,resolved_schedule_stadium,43.6028839,-116.1958882,America/Boise,USA,41.7517394,-111.8116007,America/Denver,256.8,0.0,0.0,1,0,43.6028839,-116.1958882,America/Boise,0.0,0.0,0.0,0,0,0,2022-11-25T17:00:00+00:00,4.5,3.86,7.9,,0.0,0.0,0.0,0,0,58,3,open_air,open_air,0,0,1,open-meteo-era5,ok
2022,2,13,401415270,2022-11-25,19:00,2022-11-26T03:00:00+00:00,Wyoming Cowboys,Fresno State Bulldogs,Valley Children's Stadium,0,resolved_schedule_stadium,36.8143527,-119.7580092,America/Los_Angeles,USA,41.31161,-105.5681384,America/Denver,821.0,-1.0,1.0,1,0,36.8143527,-119.7580092,America/Los_Angeles,0.0,0.0,0.0,0,0,0,2022-11-26T03:00:00+00:00,11.1,1.9,3.1,,0.0,0.0,0.0,0,0,36,0,open_air,open_air,0,0,1,open-meteo-era5,ok
2022,2,13,401415665,2022-11-25,12:00,2022-11-25T17:00:00+00:00,Tulane Green Wave,Cincinnati Bearcats,Nippert Stadium,0,resolved_schedule_stadium,39.1312495,-84.5161913,America/New_York,USA,29.944616,-90.116692,America/Chicago,709.9,1.0,1.0,0,1,39.1312495,-84.5161913,America/New_York,0.0,0.0,0.0,0,0,0,2022-11-25T17:00:00+00:00,9.8,3.68,8.3,,0.0,0.0,0.0,0,0,70,2,open_air,open_air,0,0,1,open-meteo-era5,ok
2022,2,13,401416650,2022-11-25,12:00,2022-11-25T17:00:00+00:00,Central Michigan Chippewas,Eastern Michigan Eagles,Rynearson Stadium,0,resolved_schedule_stadium,42.256126,-83.647285,America/Detroit,USA,43.5777313,-84.7709904,America/Detroit,107.6,0.0,0.0,0,1,42.256126,-83.647285,America/Detroit,0.0,0.0,0.0,0,0,0,2022-11-25T17:00:00+00:00,9.0,5.09,10.9,,0.0,0.0,0.0,0,0,53,0,open_air,open_air,0,0,1,open-meteo-era5,ok
2022,2,13,401416651,2022-11-25,12:00,2022-11-25T17:00:00+00:00,Toledo Rockets,Western Michigan Broncos,Waldo Stadium,0,resolved_schedule_stadium,42.2860064,-85.6007573,America/Detroit,USA,41.6574777,-83.6135652,America/New_York,110.9,0.0,0.0,1,0,42.2860064,-85.6007573,America/Detroit,0.0,0.0,0.0,0,0,0,2022-11-25T17:00:00+00:00,8.5,3.97,9.4,,0.0,0.0,0.0,0,0,66,0,open_air,open_air,0,0,1,open-meteo-era5,ok
2022,2,13,401403957,2022-11-26,14:30,2022-11-26T20:30:00+00:00,Auburn Tigers,Alabama Crimson Tide,Bryant-Denny Stadium,0,resolved_schedule_stadium,33.2082752,-87.5503836,America/Chicago,USA,32.6025532,-85.4897479,America/Chicago,126.6,0.0,0.0,1,0,33.2082752,-87.5503836,America/Chicago,0.0,0.0,0.0,0,0,0,2022-11-26T20:00:00+00:00,17.3,4.26,8.2,,0.1,0.1,0.0,1,0,83,51,open_air,open_air,0,0,1,open-meteo-era5,ok
2022,2,13,401403959,2022-11-26,12:00,2022-11-26T17:00:00+00:00,Georgia Tech Yellow Jackets,Georgia Bulldogs,Sanford Stadium,0,resolved_schedule_stadium,33.9498197,-83.3733813,America/New_York,USA,33.7724449,-84.3928054,America/New_York,59.8,0.0,0.0,0,1,33.9498197,-83.3733813,America/New_York,0.0,0.0,0.0,0,0,0,2022-11-26T17:00:00+00:00,17.3,2.61,6.5,,0.0,0.0,0.0,0,0,40,1,open_air,open_air,0,0,1,open-meteo-era5,ok
2022,2,13,401403960,2022-11-26,15:00,2022-11-26T20:00:00+00:00,Louisville Cardinals,Kentucky Wildcats,Kroger Field,0,resolved_schedule_stadium,38.0220905,-84.5053408,America/New_York,USA,38.2057621,-85.7588141,America/Kentucky/Louisville,69.3,0.0,0.0,0,1,38.0220905,-84.5053408,America/New_York,0.0,0.0,0.0,0,0,0,2022-11-26T20:00:00+00:00,13.5,1.94,4.4,,0.0,0.0,0.0,0,0,41,3,open_air,open_air,0,0,1,open-meteo-era5,ok
2022,2,13,401403962,2022-11-26,12:00,2022-11-26T17:00:00+00:00,South Carolina Gamecocks,Clemson Tigers,"Memorial Stadium (Clemson, SC)",0,resolved_schedule_stadium_timezone,34.6787737,-82.8432428,America/New_York,USA,33.9730239,-81.0191726,America/New_York,114.9,0.0,0.0,1,0,34.6787737,-82.8432428,America/New_York,0.0,0.0,0.0,0,0,0,2022-11-26T17:00:00+00:00,17.0,1.77,5.2,,0.0,0.0,0.0,0,0,39,3,open_air,open_air,0,0,1,open-meteo-era5,ok
2022,2,13,401403963,2022-11-26,18:00,2022-11-27T00:00:00+00:00,LSU Tigers,Texas A&M Aggies,Kyle Field,0,resolved_schedule_stadium,30.6098891,-96.3403828,America/Chicago,USA,30.412035,-91.1838163,America/Chicago,307.2,0.0,0.0,1,0,30.6098891,-96.3403828,America/Chicago,0.0,0.0,0.0,0,0,0,2022-11-27T00:00:00+00:00,13.3,3.55,8.8,,0.0,0.0,0.0,0,0,55,0,open_air,open_air,0,0,1,open-meteo-era5,ok
2022,2,13,401403964,2022-11-26,18:30,2022-11-27T00:30:00+00:00,Tennessee Volunteers,Vanderbilt Commodores,FirstBank Stadium,0,resolved_schedule_stadium,36.1440455,-86.8088942,America/Chicago,USA,35.9550131,-83.9250128,America/New_York,161.6,-1.0,1.0,1,0,36.1440455,-86.8088942,America/Chicago,0.0,0.0,0.0,0,0,0,2022-11-27T00:00:00+00:00,13.5,2.91,6.7,,0.3,0.3,0.0,1,0,90,51,open_air,open_air,0,0,1,open-meteo-era5,ok
2022,2,13,401404047,2022-11-26,12:30,2022-11-26T20:30:00+00:00,Oregon Ducks,Oregon State Beavers,Reser Stadium,0,resolved_schedule_stadium,44.5594559,-123.2814341,America/Los_Angeles,USA,44.0582712,-123.0684883,America/Los_Angeles,36.2,0.0,0.0,1,0,44.5594559,-123.2814341,America/Los_Angeles,0.0,0.0,0.0,0,0,0,2022-11-26T20:00:00+00:00,8.3,1.3,4.6,,0.0,0.0,0.0,0,0,80,1,open_air,open_air,0,0,1,open-meteo-era5,ok
2022,2,13,401404048,2022-11-26,14:00,2022-11-26T21:00:00+00:00,Utah Utes,Colorado Buffaloes,Folsom Field,0,resolved_schedule_stadium,40.0094746,-105.266905,America/Denver,USA,40.7599724,-111.8488255,America/Denver,350.2,0.0,0.0,0,1,40.0094746,-105.266905,America/Denver,0.0,0.0,0.0,0,0,0,2022-11-26T21:00:00+00:00,9.9,1.62,3.9,,0.0,0.0,0.0,0,0,55,0,open_air,open_air,0,0,1,open-meteo-era5,ok
2022,2,13,401404049,2022-11-26,20:00,2022-11-27T04:00:00+00:00,BYU Cougars,Stanford Cardinal,Stanford Stadium,0,resolved_schedule_stadium,37.4345556,-122.1611271,America/Los_Angeles,USA,40.2575347,-111.6545247,America/Denver,597.6,-1.0,1.0,1,0,37.4345556,-122.1611271,America/Los_Angeles,0.0,0.0,0.0,0,0,0,2022-11-27T04:00:00+00:00,10.6,1.54,3.6,,0.0,0.0,0.0,0,0,84,0,open_air,open_air,0,0,1,open-meteo-era5,ok
2022,2,13,401404051,2022-11-26,19:30,2022-11-27T03:30:00+00:00,Washington Huskies,Washington State Cougars,Gesa Field,0,resolved_schedule_stadium,46.731831,-117.1604991,America/Los_Angeles,USA,47.6503235,-122.3015746,America/Los_Angeles,249.5,0.0,0.0,0,1,46.731831,-117.1604991,America/Los_Angeles,0.0,0.0,0.0,0,0,0,2022-11-27T03:00:00+00:00,-1.0,1.84,3.1,,0.0,0.0,0.0,0,0,83,0,open_air,open_air,0,0,1,open-meteo-era5,ok
2022,2,13,401404120,2022-11-26,15:00,2022-11-26T21:00:00+00:00,Iowa State Cyclones,TCU Horned Frogs,Amon G. Carter Stadium,0,resolved_schedule_stadium,32.7096604,-97.3680835,America/Chicago,USA,42.0139977,-93.6357716,America/Chicago,674.6,0.0,0.0,1,0,32.7096604,-97.3680835,America/Chicago,0.0,0.0,0.0,0,0,0,2022-11-26T21:00:00+00:00,10.1,7.18,12.7,,0.2,0.2,0.0,1,0,88,51,open_air,open_air,0,0,1,open-meteo-era5,ok
2022,2,13,401404121,2022-11-26,19:00,2022-11-27T01:00:00+00:00,Kansas Jayhawks,Kansas State Wildcats,Bill Snyder Family Stadium,0,resolved_schedule_stadium,39.2020096,-96.5938395,America/Chicago,USA,38.9629418,-95.2463686,America/Chicago,74.1,0.0,0.0,1,0,39.2020096,-96.5938395,America/Chicago,0.0,0.0,0.0,0,0,0,2022-11-27T01:00:00+00:00,8.3,2.59,2.3,,0.8,0.8,0.0,1,0,81,53,open_air,open_air,0,0,1,open-meteo-era5,ok
2022,2,13,401404122,2022-11-26,18:30,2022-11-27T00:30:00+00:00,Oklahoma Sooners,Texas Tech Red Raiders,Jones AT&T Stadium,0,resolved_schedule_stadium,33.5910518,-101.8728824,America/Chicago,USA,35.2058537,-97.4423145,America/Chicago,276.1,0.0,0.0,1,0,33.5910518,-101.8728824,America/Chicago,0.0,0.0,0.0,0,0,0,2022-11-27T00:00:00+00:00,6.0,3.8,7.3,,0.0,0.0,0.0,0,0,69,0,open_air,open_air,0,0,1,open-meteo-era5,ok
2022,2,13,401404123,2022-11-26,11:00,2022-11-26T17:00:00+00:00,West Virginia Mountaineers,Oklahoma State Cowboys,Boone Pickens Stadium,0,resolved_schedule_stadium,36.125673,-97.066513,America/Chicago,USA,39.6502744,-79.9551873,America/New_York,962.7,-1.0,1.0,1,0,36.125673,-97.066513,America/Chicago,0.0,0.0,0.0,0,0,0,2022-11-26T17:00:00+00:00,8.5,3.43,3.2,,1.2,1.2,0.0,1,0,93,55,open_air,open_air,0,0,1,open-meteo-era5,ok
2022,2,13,401404133,2022-11-26,16:30,2022-11-27T00:30:00+00:00,Notre Dame Fighting Irish,USC Trojans,Los Angeles Memorial Coliseum,0,resolved_schedule_stadium,34.014167,-118.287778,America/Los_Angeles,USA,41.698378,-86.2339425,America/Indiana/Indianapolis,1815.6,-3.0,3.0,1,0,34.014167,-118.287778,America/Los_Angeles,0.0,0.0,0.0,0,0,0,2022-11-27T00:00:00+00:00,19.5,2.29,4.6,,0.0,0.0,0.0,0,0,46,0,open_air,open_air,0,0,1,open-meteo-era5,ok
2022,2,13,401404144,2022-11-26,12:00,2022-11-26T17:00:00+00:00,Army Black Knights,Massachusetts Minutemen,Warren McGuirk Alumni Stadium,0,resolved_schedule_stadium,42.3773244,-72.5360595,America/New_York,USA,41.3874924,-73.9640891,America/New_York,100.4,0.0,0.0,0,1,42.3773244,-72.5360595,America/New_York,0.0,0.0,0.0,0,0,0,2022-11-26T17:00:00+00:00,10.1,3.84,9.7,,0.0,0.0,0.0,0,0,43,0,open_air,open_air,0,0,1,open-meteo-era5,ok
2022,2,13,401404166,2022-11-26,12:00,2022-11-26T17:00:00+00:00,New Mexico State Aggies,Liberty Flames,Williams Stadium (VA),0,resolved_schedule_stadium,37.3544305,-79.1750239,America/New_York,USA,32.2796202,-106.7411148,America/Denver,1596.4,2.0,2.0,0,1,37.3544305,-79.1750239,America/New_York,0.0,0.0,0.0,0,0,0,2022-11-26T17:00:00+00:00,14.4,1.22,4.9,,0.0,0.0,0.0,0,0,35,2,open_air,open_air,0,0,1,open-meteo-era5,ok
2022,2,13,401405149,2022-11-26,14:30,2022-11-26T20:30:00+00:00,Illinois Fighting Illini,Northwestern Wildcats,Ryan Field,0,resolved_schedule_stadium,42.0653994,-87.6924751,America/Chicago,USA,40.0993268,-88.2359569,America/Chicago,138.8,0.0,0.0,0,1,42.0653994,-87.6924751,America/Chicago,0.0,0.0,0.0,0,0,0,2022-11-26T20:00:00+00:00,12.1,5.64,9.8,,0.0,0.0,0.0,0,0,35,0,open_air,open_air,0,0,1,open-meteo-era5,ok
2022,2,13,401405150,2022-11-26,14:30,2022-11-26T20:30:00+00:00,Minnesota Golden Gophers,Wisconsin Badgers,Camp Randall Stadium,0,resolved_schedule_stadium,43.06994,-89.4126943,America/Chicago,USA,44.976525,-93.2245462,America/Chicago,230.7,0.0,0.0,0,1,43.06994,-89.4126943,America/Chicago,0.0,0.0,0.0,0,0,0,2022-11-26T20:00:00+00:00,11.5,5.12,10.3,,0.0,0.0,0.0,0,0,40,2,open_air,open_air,0,0,1,open-meteo-era5,ok
2022,2,13,401405151,2022-11-26,15:30,2022-11-26T20:30:00+00:00,Purdue Boilermakers,Indiana Hoosiers,"Memorial Stadium (Bloomington, IN)",0,resolved_schedule_stadium_timezone,39.1808959,-86.5256217,America/Indiana/Indianapolis,USA,40.4352253,-86.9186843,America/Indiana/Indianapolis,89.1,0.0,0.0,0,1,39.1808959,-86.5256217,America/Indiana/Indianapolis,0.0,0.0,0.0,0,0,0,2022-11-26T20:00:00+00:00,12.2,2.33,5.5,,0.0,0.0,0.0,0,0,42,3,open_air,open_air,0,0,1,open-meteo-era5,ok
2022,2,13,401405152,2022-11-26,12:00,2022-11-26T17:00:00+00:00,Rutgers Scarlet Knights,Maryland Terrapins,SECU Stadium,0,resolved_schedule_stadium,38.9903332,-76.9473792,America/New_York,USA,40.5462553,-74.4660408,America/New_York,170.1,0.0,0.0,1,0,38.9903332,-76.9473792,America/New_York,0.0,0.0,0.0,0,0,0,2022-11-26T17:00:00+00:00,13.9,3.15,8.1,,0.0,0.0,0.0,0,0,39,0,open_air,open_air,0,0,1,open-meteo-era5,ok
2022,2,13,401405153,2022-11-26,12:00,2022-11-26T17:00:00+00:00,Michigan Wolverines,Ohio State Buckeyes,Ohio Stadium,0,resolved_schedule_stadium,40.0016447,-83.0197266,America/New_York,USA,42.2658365,-83.7486956,America/Detroit,161.0,0.0,0.0,0,1,40.0016447,-83.0197266,America/New_York,0.0,0.0,0.0,0,0,0,2022-11-26T17:00:00+00:00,10.6,3.27,7.7,,0.0,0.0,0.0,0,0,49,0,open_air,open_air,0,0,1,open-meteo-era5,ok
2022,2,13,401405154,2022-11-26,16:00,2022-11-26T21:00:00+00:00,Michigan State Spartans,Penn State Nittany Lions,Beaver Stadium,0,resolved_schedule_stadium,40.8121958,-77.8561023,America/New_York,USA,42.7281474,-84.4848526,America/Detroit,366.2,0.0,0.0,0,1,40.8121958,-77.8561023,America/New_York,0.0,0.0,0.0,0,0,0,2022-11-26T21:00:00+00:00,12.1,2.58,5.3,,0.0,0.0,0.0,0,0,35,0,open_air,open_air,0,0,1,open-meteo-era5,ok
2022,2,13,401411173,2022-11-26,19:30,2022-11-27T00:30:00+00:00,Syracuse Orange,Boston College Eagles,"Alumni Stadium (Chestnut Hill, MA)",0,resolved_schedule_stadium,42.335104,-71.1664413,America/New_York,USA,43.0362269,-76.1363161,America/New_York,257.0,0.0,0.0,0,1,42.335104,-71.1664413,America/New_York,0.0,0.0,0.0,0,0,0,2022-11-27T00:00:00+00:00,7.3,4.16,6.5,,0.0,0.0,0.0,0,0,53,0,open_air,open_air,0,0,1,open-meteo-era5,ok
2022,2,13,401411174,2022-11-26,15:30,2022-11-26T20:30:00+00:00,Wake Forest Demon Deacons,Duke Blue Devils,Wallace Wade Stadium,0,resolved_schedule_stadium,35.9953688,-78.9417564,America/New_York,USA,36.1305507,-80.2545851,America/New_York,73.9,0.0,0.0,0,1,35.9953688,-78.9417564,America/New_York,0.0,0.0,0.0,0,0,0,2022-11-26T20:00:00+00:00,16.7,1.99,4.0,,0.0,0.0,0.0,0,0,37,2,open_air,open_air,0,0,1,open-meteo-era5,ok
2022,2,13,401411175,2022-11-26,20:00,2022-11-27T01:00:00+00:00,Pittsburgh Panthers,Miami Hurricanes,Hard Rock Stadium,0,resolved_schedule_stadium,25.9579665,-80.2388604,America/New_York,USA,40.4467648,-80.0157603,America/New_York,1001.2,0.0,0.0,1,0,25.9579665,-80.2388604,America/New_York,0.0,0.0,0.0,0,0,0,2022-11-27T01:00:00+00:00,26.0,2.16,3.5,,0.0,0.0,0.0,0,0,81,1,open_air,open_air,0,0,1,open-meteo-era5,ok
2022,2,13,401411176,2022-11-26,00:00,2022-11-26T05:00:00+00:00,Virginia Cavaliers,Virginia Tech Hokies,Lane Stadium,0,resolved_schedule_stadium,37.2199873,-80.4180643,America/New_York,USA,38.0311801,-78.5137897,America/New_York,118.3,0.0,0.0,1,0,37.2199873,-80.4180643,America/New_York,0.0,0.0,0.0,0,0,0,2022-11-26T05:00:00+00:00,4.1,3.45,7.2,,0.0,0.0,0.0,0,0,83,0,open_air,open_air,0,0,1,open-meteo-era5,ok
2022,2,13,401415267,2022-11-26,18:00,2022-11-27T02:00:00+00:00,Air Force Falcons,San Diego State Aztecs,Snapdragon Stadium,0,resolved_schedule_stadium,32.784444,-117.122833,America/Los_Angeles,USA,38.9969701,-104.8436165,America/Denver,809.2,-1.0,1.0,1,0,32.784444,-117.122833,America/Los_Angeles,0.0,0.0,0.0,0,0,0,2022-11-27T02:00:00+00:00,16.3,1.25,2.3,,0.0,0.0,0.0,0,0,67,0,open_air,open_air,0,0,1,open-meteo-era5,ok
2022,2,13,401415271,2022-11-26,12:30,2022-11-26T20:30:00+00:00,Hawai'i Rainbow Warriors,San José State Spartans,CEFCU Stadium,0,resolved_schedule_stadium,37.3196675,-121.8682962,America/Los_Angeles,USA,21.294294,-157.819338,Pacific/Honolulu,2412.4,2.0,2.0,0,1,37.3196675,-121.8682962,America/Los_Angeles,0.0,0.0,0.0,0,0,0,2022-11-26T20:00:00+00:00,18.5,0.95,4.2,,0.0,0.0,0.0,0,0,36,0,open_air,open_air,0,0,1,open-meteo-era5,ok
2022,2,13,401415272,2022-11-26,15:00,2022-11-26T23:00:00+00:00,Nevada Wolf Pack,UNLV Rebels,Allegiant Stadium,0,resolved_schedule_stadium,36.0908,-115.1830,America/Los_Angeles,USA,39.5469459,-119.8175435,America/Los_Angeles,347.8,0.0,0.0,0,1,36.0908,-115.1830,America/Los_Angeles,0.0,0.0,0.0,0,0,0,2022-11-26T23:00:00+00:00,16.2,1.42,4.4,,0.0,0.0,0.0,0,0,12,2,fixed_roof,fixed_roof,1,0,0,open-meteo-era5,ok
2022,2,13,401415664,2022-11-26,13:00,2022-11-26T18:00:00+00:00,East Carolina Pirates,Temple Owls,Lincoln Financial Field,0,resolved_schedule_stadium,39.9007995,-75.1675414,America/New_York,USA,35.5968486,-77.364564,America/New_York,320.7,0.0,0.0,0,1,39.9007995,-75.1675414,America/New_York,0.0,0.0,0.0,0,0,0,2022-11-26T18:00:00+00:00,13.6,3.8,8.5,,0.0,0.0,0.0,0,0,37,0,open_air,open_air,0,0,1,open-meteo-era5,ok
2022,2,13,401415666,2022-11-26,14:30,2022-11-26T20:30:00+00:00,Memphis Tigers,SMU Mustangs,Gerald J. Ford Stadium,0,resolved_schedule_stadium,32.8377223,-96.7827859,America/Chicago,USA,35.1209429,-89.977147,America/Chicago,420.5,0.0,0.0,1,0,32.8377223,-96.7827859,America/Chicago,0.0,0.0,0.0,0,0,0,2022-11-26T20:00:00+00:00,12.5,6.14,11.1,,0.0,0.0,0.0,0,0,86,2,open_air,open_air,0,0,1,open-meteo-era5,ok
2022,2,13,401415667,2022-11-26,19:00,2022-11-27T00:00:00+00:00,UCF Knights,South Florida Bulls,Raymond James Stadium,0,resolved_schedule_stadium,27.9758691,-82.5033344,America/New_York,USA,28.6079765,-81.1927233,America/New_York,90.9,0.0,0.0,1,0,27.9758691,-82.5033344,America/New_York,0.0,0.0,0.0,0,0,0,2022-11-27T00:00:00+00:00,24.1,1.56,0.5,,0.0,0.0,0.0,0,0,87,3,open_air,open_air,0,0,1,open-meteo-era5,ok
2022,2,13,401415668,2022-11-26,18:30,2022-11-27T00:30:00+00:00,Tulsa Golden Hurricane,Houston Cougars,TDECU Stadium,0,resolved_schedule_stadium,29.7219885,-95.3491623,America/Chicago,USA,36.1489175,-95.9437853,America/Chicago,445.4,0.0,0.0,0,1,29.7219885,-95.3491623,America/Chicago,0.0,0.0,0.0,0,0,0,2022-11-27T00:00:00+00:00,14.3,4.85,9.9,,0.0,0.0,0.0,0,0,58,0,open_air,open_air,0,0,1,open-meteo-era5,ok
2022,2,13,401416652,2022-11-26,12:30,2022-11-26T18:30:00+00:00,Akron Zips,Northern Illinois Huskies,Huskie Stadium,0,resolved_schedule_stadium,41.9339586,-88.7778357,America/Chicago,USA,41.0725534,-81.5083408,America/New_York,380.7,-1.0,1.0,1,0,41.9339586,-88.7778357,America/Chicago,0.0,0.0,0.0,0,0,0,2022-11-26T18:00:00+00:00,11.7,5.81,11.7,,0.0,0.0,0.0,0,0,33,0,open_air,open_air,0,0,1,open-meteo-era5,ok
2022,2,13,401416653,2022-11-26,13:00,2022-11-26T18:00:00+00:00,Kent State Golden Flashes,Buffalo Bulls,UB Stadium,0,resolved_schedule_stadium,42.9991334,-78.7775113,America/New_York,USA,41.1390935,-81.31346,America/New_York,182.8,0.0,0.0,0,1,42.9991334,-78.7775113,America/New_York,0.0,0.0,0.0,0,0,0,2022-11-26T18:00:00+00:00,9.4,7.07,14.1,,0.0,0.0,0.0,0,0,59,0,open_air,open_air,0,0,1,open-meteo-era5,ok
2022,2,13,401426382,2022-11-26,18:00,2022-11-26T23:00:00+00:00,App State Mountaineers,Georgia Southern Eagles,Allen E. Paulson Stadium,0,resolved_schedule_stadium,32.4122471,-81.7849296,America/New_York,USA,36.2114267,-81.6854278,America/New_York,262.6,0.0,0.0,1,0,32.4122471,-81.7849296,America/New_York,0.0,0.0,0.0,0,0,0,2022-11-26T23:00:00+00:00,18.0,1.99,4.4,,0.0,0.0,0.0,0,0,66,3,open_air,open_air,0,0,1,open-meteo-era5,ok
2022,2,13,401426383,2022-11-26,12:00,2022-11-26T17:00:00+00:00,Coastal Carolina Chanticleers,James Madison Dukes,Bridgeforth Stadium,0,resolved_schedule_stadium,38.4352919,-78.8729349,America/New_York,USA,33.7928506,-79.0166946,America/New_York,320.9,0.0,0.0,0,1,38.4352919,-78.8729349,America/New_York,0.0,0.0,0.0,0,0,0,2022-11-26T17:00:00+00:00,13.5,2.13,6.7,,0.0,0.0,0.0,0,0,35,0,open_air,open_air,0,0,1,open-meteo-era5,ok
2022,2,13,401426384,2022-11-26,14:30,2022-11-26T20:30:00+00:00,Troy Trojans,Arkansas State Red Wolves,Centennial Bank Stadium,0,resolved_schedule_stadium,35.8488977,-90.6677436,America/Chicago,USA,31.7995565,-85.9518328,America/Chicago,389.2,0.0,0.0,1,0,35.8488977,-90.6677436,America/Chicago,0.0,0.0,0.0,0,0,0,2022-11-26T20:00:00+00:00,12.0,2.97,7.0,,0.0,0.0,0.0,0,0,79,3,open_air,open_air,0,0,1,open-meteo-era5,ok
2022,2,13,401426385,2022-11-26,16:00,2022-11-26T22:00:00+00:00,Southern Miss Golden Eagles,UL Monroe Warhawks,Malone Stadium,0,resolved_schedule_stadium,32.5308089,-92.0660602,America/Chicago,USA,31.3289321,-89.3318118,America/Chicago,180.6,0.0,0.0,1,0,32.5308089,-92.0660602,America/Chicago,0.0,0.0,0.0,0,0,0,2022-11-26T22:00:00+00:00,17.1,5.42,10.0,,1.6,1.6,0.0,1,0,94,61,open_air,open_air,0,0,1,open-meteo-era5,ok
2022,2,13,401426386,2022-11-26,16:00,2022-11-26T22:00:00+00:00,Louisiana Ragin' Cajuns,Texas State Bobcats,Bobcat Stadium (TX),0,resolved_schedule_stadium,29.8910008,-97.9255735,America/Chicago,USA,30.2158434,-92.0417371,America/Chicago,352.6,0.0,0.0,1,0,29.8910008,-97.9255735,America/Chicago,0.0,0.0,0.0,0,0,0,2022-11-26T22:00:00+00:00,15.2,5.46,14.0,,0.0,0.0,0.0,0,0,50,0,open_air,open_air,0,0,1,open-meteo-era5,ok
2022,2,13,401426389,2022-11-26,11:00,2022-11-26T17:00:00+00:00,Old Dominion Monarchs,South Alabama Jaguars,Hancock Whitney Stadium,0,resolved_schedule_stadium,30.6943566,-88.0430541,America/Chicago,USA,36.8889533,-76.3049175,America/New_York,797.5,-1.0,1.0,1,0,30.6943566,-88.0430541,America/Chicago,0.0,0.0,0.0,0,0,0,2022-11-26T17:00:00+00:00,16.6,3.82,7.0,,0.0,0.0,0.0,0,0,94,3,open_air,open_air,0,0,1,open-meteo-era5,ok
2022,2,13,401426390,2022-11-26,12:00,2022-11-26T17:00:00+00:00,Georgia State Panthers,Marshall Thundering Herd,Joan C. Edwards Stadium,0,resolved_schedule_stadium,38.4247042,-82.4214412,America/New_York,USA,33.735267,-84.389949,America/New_York,342.1,0.0,0.0,0,1,38.4247042,-82.4214412,America/New_York,0.0,0.0,0.0,0,0,0,2022-11-26T17:00:00+00:00,11.5,1.14,4.6,,0.0,0.0,0.0,0,0,56,0,open_air,open_air,0,0,1,open-meteo-era5,ok
2022,2,13,401426614,2022-11-26,18:00,2022-11-26T23:00:00+00:00,Middle Tennessee Blue Raiders,Florida International Panthers,FIU Stadium,0,resolved_schedule_stadium,25.7525014,-80.3778912,America/New_York,USA,35.8511463,-86.3681649,America/Chicago,782.7,1.0,1.0,0,1,25.7525014,-80.3778912,America/New_York,0.0,0.0,0.0,0,0,0,2022-11-26T23:00:00+00:00,26.3,1.45,2.7,,0.0,0.0,0.0,0,0,75,3,open_air,open_air,0,0,1,open-meteo-era5,ok
2022,2,13,401426615,2022-11-26,12:00,2022-11-26T17:00:00+00:00,Western Kentucky Hilltoppers,Florida Atlantic Owls,FAU Stadium,0,resolved_schedule_stadium,26.3763763,-80.1015759,America/New_York,USA,36.9847901,-86.4594041,America/Chicago,822.3,1.0,1.0,0,1,26.3763763,-80.1015759,America/New_York,0.0,0.0,0.0,0,0,0,2022-11-26T17:00:00+00:00,29.1,2.63,6.7,,0.1,0.1,0.0,1,0,68,51,open_air,open_air,0,0,1,open-meteo-era5,ok
2022,2,13,401426616,2022-11-26,14:30,2022-11-26T20:30:00+00:00,UAB Blazers,Louisiana Tech Bulldogs,Joe Aillet Stadium,0,resolved_schedule_stadium,32.5321487,-92.6560019,America/Chicago,USA,33.5206824,-86.8024326,America/Chicago,345.9,0.0,0.0,1,0,32.5321487,-92.6560019,America/Chicago,0.0,0.0,0.0,0,0,0,2022-11-26T20:00:00+00:00,16.2,5.02,10.7,,2.2,2.2,0.0,1,0,100,61,open_air,open_air,0,0,1,open-meteo-era5,ok
2022,2,13,401426617,2022-11-26,13:00,2022-11-26T19:00:00+00:00,Rice Owls,North Texas Mean Green,DATCU Stadium,0,resolved_schedule_stadium,33.203899,-97.159245,America/Chicago,USA,29.7163297,-95.4093261,America/Chicago,262.1,0.0,0.0,1,0,33.203899,-97.159245,America/Chicago,0.0,0.0,0.0,0,0,0,2022-11-26T19:00:00+00:00,11.4,3.9,8.2,,0.0,0.0,0.0,0,0,95,3,open_air,open_air,0,0,1,open-meteo-era5,ok
2022,2,13,401426618,2022-11-26,14:30,2022-11-26T20:30:00+00:00,UTEP Miners,UTSA Roadrunners,Alamodome,0,resolved_schedule_stadium,29.4169834,-98.4788143,America/Chicago,USA,31.7733353,-106.507957,America/Denver,504.4,1.0,1.0,0,1,29.4169834,-98.4788143,America/Chicago,0.0,0.0,0.0,0,0,0,2022-11-26T20:00:00+00:00,15.7,8.87,16.4,,0.0,0.0,0.0,0,0,51,2,dome,dome,1,0,0,open-meteo-era5,ok
2022,2,14,401437032,2022-12-02,18:30,2022-12-03T00:30:00+00:00,North Texas Mean Green,UTSA Roadrunners,Alamodome,0,resolved_schedule_stadium,29.4169834,-98.4788143,America/Chicago,USA,33.203899,-97.159245,America/Chicago,273.0,0.0,0.0,1,0,29.4169834,-98.4788143,America/Chicago,0.0,0.0,0.0,0,0,0,2022-12-03T00:00:00+00:00,18.4,1.6,3.6,,0.0,0.0,0.0,0,0,90,3,dome,dome,1,0,0,open-meteo-era5,ok
2022,2,14,401437035,2022-12-02,17:00,2022-12-03T01:00:00+00:00,Utah Utes,USC Trojans,Allegiant Stadium,1,resolved_schedule_stadium,36.0908,-115.1830,America/Los_Angeles,USA,40.7599724,-111.8488255,America/Denver,369.6,-1.0,1.0,1,0,34.014167,-118.287778,America/Los_Angeles,226.8,0.0,0.0,0,1,0,2022-12-03T01:00:00+00:00,14.7,0.47,2.8,,0.0,0.0,0.0,0,0,48,1,fixed_roof,fixed_roof,1,0,0,open-meteo-era5,ok
2022,2,14,401506450,2022-12-02,13:00,2022-12-02T18:00:00+00:00,Akron Zips,Buffalo Bulls,UB Stadium,0,resolved_schedule_stadium,42.9991334,-78.7775113,America/New_York,USA,41.0725534,-81.5083408,America/New_York,193.3,0.0,0.0,0,1,42.9991334,-78.7775113,America/New_York,0.0,0.0,0.0,0,0,0,2022-12-02T18:00:00+00:00,5.8,5.25,8.1,,0.0,0.0,0.0,0,0,39,3,open_air,open_air,0,0,1,open-meteo-era5,ok
2022,2,14,401437008,2022-12-03,15:00,2022-12-03T21:00:00+00:00,UCF Knights,Tulane Green Wave,Yulman Stadium,0,resolved_schedule_stadium,29.944616,-90.116692,America/Chicago,USA,28.6079765,-81.1927233,America/New_York,545.6,-1.0,1.0,1,0,29.944616,-90.116692,America/Chicago,0.0,0.0,0.0,0,0,0,2022-12-03T21:00:00+00:00,23.6,1.42,3.3,,0.2,0.2,0.0,1,0,86,51,open_air,open_air,0,0,1,open-meteo-era5,ok
2022,2,14,401437030,2022-12-03,17:00,,Kansas State Wildcats,TCU Horned Frogs,AT&T Stadium,1,unresolved_neutral_venue,,,,,39.2020096,-96.5938395,America/Chicago,,,,,,32.7096604,-97.3680835,America/Chicago,,,,,,,,,,,,,,,,,,,,,,,,,venue_unresolved
2022,2,14,401437033,2022-12-03,17:00,,Toledo Rockets,Ohio Bobcats,Ford Field,1,unresolved_neutral_venue,,,,,41.6574777,-83.6135652,America/New_York,,,,,,39.3212794,-82.1034315,America/New_York,,,,,,,,,,,,,,,,,,,,,,,,,venue_unresolved
2022,2,14,401437034,2022-12-03,14:00,2022-12-03T21:00:00+00:00,Fresno State Bulldogs,Boise State Broncos,Albertsons Stadium,0,resolved_schedule_stadium,43.6028839,-116.1958882,America/Boise,USA,36.8143527,-119.7580092,America/Los_Angeles,505.2,1.0,1.0,0,1,43.6028839,-116.1958882,America/Boise,0.0,0.0,0.0,0,0,0,2022-12-03T21:00:00+00:00,4.2,5.62,10.3,,0.0,0.0,0.0,0,0,36,0,open_air,open_air,0,0,1,open-meteo-era5,ok
2022,2,14,401437036,2022-12-03,21:00,,LSU Tigers,Georgia Bulldogs,Mercedes-Benz Stadium,1,unresolved_neutral_venue,,,,,30.412035,-91.1838163,America/Chicago,,,,,,33.9498197,-83.3733813,America/New_York,,,,,,,,,,,,,,,,,,,,,,,,,venue_unresolved
2022,2,14,401437037,2022-12-03,14:30,2022-12-03T20:30:00+00:00,Coastal Carolina Chanticleers,Troy Trojans,Veterans Memorial Stadium (AL),0,resolved_schedule_stadium,31.7995565,-85.9518328,America/Chicago,USA,33.7928506,-79.0166946,America/New_York,425.6,-1.0,1.0,1,0,31.7995565,-85.9518328,America/Chicago,0.0,0.0,0.0,0,0,0,2022-12-03T20:00:00+00:00,24.1,2.51,6.0,,0.2,0.2,0.0,1,0,67,51,open_air,open_air,0,0,1,open-meteo-era5,ok
2022,2,14,401507088,2022-12-03,13:00,2022-12-03T20:00:00+00:00,Valparaiso Beacons,New Mexico State Aggies,Aggie Memorial Stadium,0,resolved_schedule_stadium,32.2796202,-106.7411148,America/Denver,USA,,,,,,,,,32.2796202,-106.7411148,America/Denver,0.0,0.0,0.0,0,0,0,2022-12-03T20:00:00+00:00,18.8,3.34,9.3,,0.3,0.3,0.0,1,0,33,51,open_air,open_air,0,0,1,open-meteo-era5,ok
2022,2,14,401437009,2022-12-04,01:00,,Clemson Tigers,North Carolina Tar Heels,Bank of America Stadium,1,unresolved_neutral_venue,,,,,34.6787737,-82.8432428,America/New_York,,,,,,35.9069294,-79.0478889,America/New_York,,,,,,,,,,,,,,,,,,,,,,,,,venue_unresolved
2022,2,14,401437031,2022-12-04,01:00,,Purdue Boilermakers,Michigan Wolverines,Lucas Oil Stadium,1,unresolved_neutral_venue,,,,,40.4352253,-86.9186843,America/Indiana/Indianapolis,,,,,,42.2658365,-83.7486956,America/Detroit,,,,,,,,,,,,,,,,,,,,,,,,,venue_unresolved
2022,2,15,401404145,2022-12-10,15:00,2022-12-10T20:00:00+00:00,Navy Midshipmen,Army Black Knights,Lincoln Financial Field,1,resolved_schedule_stadium,39.9007995,-75.1675414,America/New_York,USA,38.9846985,-76.5076335,America/New_York,95.5,0.0,0.0,0,1,41.3874924,-73.9640891,America/New_York,120.5,0.0,0.0,1,0,0,2022-12-10T20:00:00+00:00,6.2,2.34,5.4,,0.0,0.0,0.0,0,0,55,0,open_air,open_air,0,0,1,open-meteo-era5,ok
