season,season_type,week,game_id,game_date,game_time,kickoff_utc,away_team,home_team,stadium,neutral_site_flag,venue_resolution_status,venue_lat,venue_lon,venue_timezone,venue_country,away_home_lat,away_home_lon,away_home_timezone,away_miles_traveled,away_time_zone_change_hours,away_time_zones_crossed,away_east_to_west,away_west_to_east,home_home_lat,home_home_lon,home_home_timezone,home_miles_traveled,home_time_zone_change_hours,home_time_zones_crossed,home_east_to_west,home_west_to_east,international_flag,weather_timestep_utc,temperature,wind_speed,wind_gust,precip_probability,precipitation,rain,snowfall,rain_flag,snow_flag,humidity,weather_code,roof,roof_type,dome_flag,retractable_roof_flag,open_air_flag,weather_source,weather_status
2024,2,1,401635525,2024-08-24,16:00,,Florida State Seminoles,Georgia Tech Yellow Jackets,Aviva Stadium,1,unresolved_neutral_venue,,,,,30.4381692,-84.3044032,America/New_York,,,,,,33.7724449,-84.3928054,America/New_York,,,,,,,,,,,,,,,,,,,,,,,,,venue_unresolved
2024,2,1,401643696,2024-08-24,17:00,2024-08-25T00:00:00+00:00,SMU Mustangs,Nevada Wolf Pack,Mackay Stadium,0,resolved_schedule_stadium,39.5469459,-119.8175435,America/Los_Angeles,USA,32.8377223,-96.7827859,America/Chicago,1360.9,-2.0,2.0,1,0,39.5469459,-119.8175435,America/Los_Angeles,0.0,0.0,0.0,0,0,0,2024-08-25T00:00:00+00:00,12.7,3.03,10.0,,0.1,0.1,0.0,1,0,55,51,open_air,open_air,0,0,1,open-meteo-era5,ok
2024,2,1,401643697,2024-08-24,14:00,2024-08-24T20:00:00+00:00,Montana State Bobcats,New Mexico Lobos,University Stadium (NM),0,resolved_schedule_stadium,35.0669479,-106.6283225,America/Denver,USA,,,,,,,,,35.0669479,-106.6283225,America/Denver,0.0,0.0,0.0,0,0,0,2024-08-24T20:00:00+00:00,32.4,2.72,6.8,,0.0,0.0,0.0,0,0,23,1,open_air,open_air,0,0,1,open-meteo-era5,ok
2024,2,1,401643858,2024-08-24,17:59,2024-08-25T03:59:00+00:00,Delaware State Hornets,Hawai'i Rainbow Warriors,Clarence T.C. Ching Athletics Complex,0,resolved_schedule_stadium,21.294294,-157.819338,Pacific/Honolulu,USA,,,,,,,,,21.294294,-157.819338,Pacific/Honolulu,0.0,0.0,0.0,0,0,0,2024-08-25T04:00:00+00:00,26.1,11.17,17.2,,0.1,0.1,0.0,1,0,81,51,open_air,open_air,0,0,1,open-meteo-era5,ok
2024,2,1,401628320,2024-08-29,23:30,2024-08-30T05:30:00+00:00,Arkansas-Pine Bluff Golden Lions,Arkansas Razorbacks,War Memorial Stadium (AR),1,resolved_schedule_stadium,41.31161,-105.5681384,America/Denver,USA,,,,,,,,,36.0680662,-94.1789534,America/Chicago,712.2,-1.0,1.0,1,0,0,2024-08-30T05:00:00+00:00,12.5,2.73,5.1,,0.0,0.0,0.0,0,0,53,0,,open_air,0,0,1,open-meteo-era5,ok
2024,2,1,401628327,2024-08-29,19:00,2024-08-30T00:00:00+00:00,Murray State Racers,Missouri Tigers,Memorial Stadium,0,ambiguous_schedule_stadium,,,America/Chicago,,,,,,,,,,38.9358491,-92.3332009,America/Chicago,,,,,,,,,,,,,,,,,,,open_air,,,,,,venue_unresolved
2024,2,1,401628448,2024-08-29,20:00,2024-08-30T01:00:00+00:00,North Carolina Tar Heels,Minnesota Golden Gophers,Huntington Bank Stadium,0,resolved_schedule_stadium,44.976525,-93.2245462,America/Chicago,USA,35.9069294,-79.0478889,America/New_York,971.4,-1.0,1.0,1,0,44.976525,-93.2245462,America/Chicago,0.0,0.0,0.0,0,0,0,2024-08-30T01:00:00+00:00,20.7,2.8,6.9,,4.6,4.6,0.0,1,0,97,63,open_air,open_air,0,0,1,open-meteo-era5,ok
2024,2,1,401628458,2024-08-29,18:00,2024-08-29T22:00:00+00:00,Howard Bison,Rutgers Scarlet Knights,SHI Stadium,0,resolved_schedule_stadium,40.5462553,-74.4660408,America/New_York,USA,,,,,,,,,40.5462553,-74.4660408,America/New_York,0.0,0.0,0.0,0,0,0,2024-08-29T22:00:00+00:00,22.5,3.56,10.2,,0.0,0.0,0.0,0,0,72,3,open_air,open_air,0,0,1,open-meteo-era5,ok
2024,2,1,401628579,2024-08-29,19:00,2024-08-29T23:00:00+00:00,Bryant Bulldogs,Delaware Blue Hens,Delaware Stadium,0,resolved_schedule_stadium,39.6617428,-75.7488224,America/New_York,USA,,,,,,,,,39.6617428,-75.7488224,America/New_York,0.0,0.0,0.0,0,0,0,2024-08-29T23:00:00+00:00,24.6,3.75,8.4,,0.0,0.0,0.0,0,0,76,3,open_air,open_air,0,0,1,open-meteo-era5,ok
2024,2,1,401628581,2024-08-29,19:00,2024-08-29T23:00:00+00:00,North Carolina A&T Aggies,Wake Forest Demon Deacons,Allegacy Federal Credit Union Stadium,0,resolved_schedule_stadium,36.1305507,-80.2545851,America/New_York,USA,,,,,,,,,36.1305507,-80.2545851,America/New_York,0.0,0.0,0.0,0,0,0,2024-08-29T23:00:00+00:00,30.5,0.78,2.3,,0.0,0.0,0.0,0,0,61,2,open_air,open_air,0,0,1,open-meteo-era5,ok
2024,2,1,401628582,2024-08-29,19:00,2024-08-29T23:00:00+00:00,New Hampshire Wildcats,UCF Knights,FBC Mortgage Stadium,0,resolved_schedule_stadium,28.6079765,-81.1927233,America/New_York,USA,,,,,,,,,28.6079765,-81.1927233,America/New_York,0.0,0.0,0.0,0,0,0,2024-08-29T23:00:00+00:00,28.8,1.56,4.9,,0.0,0.0,0.0,0,0,77,3,open_air,open_air,0,0,1,open-meteo-era5,ok
2024,2,1,401634206,2024-08-29,18:00,2024-08-30T00:00:00+00:00,North Dakota State Bison,Colorado Buffaloes,Folsom Field,0,resolved_schedule_stadium,40.0094746,-105.266905,America/Denver,USA,46.9029938,-96.8003251,America/Chicago,637.4,-1.0,1.0,1,0,40.0094746,-105.266905,America/Denver,0.0,0.0,0.0,0,0,0,2024-08-30T00:00:00+00:00,25.8,1.75,6.3,,0.0,0.0,0.0,0,0,29,0,open_air,open_air,0,0,1,open-meteo-era5,ok
2024,2,1,401634299,2024-08-29,19:32,2024-08-29T23:32:00+00:00,Western Carolina Catamounts,NC State Wolfpack,Carter-Finley Stadium,0,resolved_schedule_stadium,35.8008001,-78.7195655,America/New_York,USA,,,,,,,,,35.8008001,-78.7195655,America/New_York,0.0,0.0,0.0,0,0,0,2024-08-30T00:00:00+00:00,28.5,2.41,3.0,,0.0,0.0,0.0,0,0,71,3,open_air,open_air,0,0,1,open-meteo-era5,ok
2024,2,1,401636387,2024-08-29,20:00,2024-08-30T01:00:00+00:00,Jackson State Tigers,UL Monroe Warhawks,Malone Stadium,0,resolved_schedule_stadium,32.5308089,-92.0660602,America/Chicago,USA,,,,,,,,,32.5308089,-92.0660602,America/Chicago,0.0,0.0,0.0,0,0,0,2024-08-30T01:00:00+00:00,25.3,1.49,2.0,,0.0,0.0,0.0,0,0,89,3,open_air,open_air,0,0,1,open-meteo-era5,ok
2024,2,1,401636606,2024-08-29,19:00,2024-08-30T00:00:00+00:00,Lindenwood Lions,Kansas Jayhawks,Memorial Stadium,0,ambiguous_schedule_stadium,,,America/Chicago,,,,,,,,,,38.9629418,-95.2463686,America/Chicago,,,,,,,,,,,,,,,,,,,open_air,,,,,,venue_unresolved
2024,2,1,401636607,2024-08-29,19:00,2024-08-30T01:00:00+00:00,Southern Utah Thunderbirds,Utah Utes,Rice-Eccles Stadium,0,resolved_schedule_stadium,40.7599724,-111.8488255,America/Denver,USA,,,,,,,,,40.7599724,-111.8488255,America/Denver,0.0,0.0,0.0,0,0,0,2024-08-30T01:00:00+00:00,25.6,1.86,5.1,,0.0,0.0,0.0,0,0,15,0,open_air,open_air,0,0,1,open-meteo-era5,ok
2024,2,1,401640998,2024-08-29,19:00,2024-08-30T00:00:00+00:00,Coastal Carolina Chanticleers,Jacksonville State Gamecocks,AmFirst Stadium,0,resolved_schedule_stadium,33.8201052,-85.76647,America/Chicago,USA,33.7928506,-79.0166946,America/New_York,387.5,-1.0,1.0,1,0,33.8201052,-85.76647,America/Chicago,0.0,0.0,0.0,0,0,0,2024-08-30T00:00:00+00:00,29.9,1.45,2.9,,0.0,0.0,0.0,0,0,64,3,open_air,open_air,0,0,1,open-meteo-era5,ok
2024,2,1,401643698,2024-08-29,19:00,2024-08-30T02:00:00+00:00,Sacramento State Hornets,San José State Spartans,CEFCU Stadium,0,resolved_schedule_stadium,37.3196675,-121.8682962,America/Los_Angeles,USA,38.5556718,-121.4229607,America/Los_Angeles,88.8,0.0,0.0,1,0,37.3196675,-121.8682962,America/Los_Angeles,0.0,0.0,0.0,0,0,0,2024-08-30T02:00:00+00:00,25.6,1.9,4.7,,0.0,0.0,0.0,0,0,49,0,open_air,open_air,0,0,1,open-meteo-era5,ok
2024,2,1,401644727,2024-08-29,19:00,2024-08-29T23:00:00+00:00,Lafayette Leopards,Buffalo Bulls,UB Stadium,0,resolved_schedule_stadium,42.9991334,-78.7775113,America/New_York,USA,,,,,,,,,42.9991334,-78.7775113,America/New_York,0.0,0.0,0.0,0,0,0,2024-08-29T23:00:00+00:00,21.4,2.73,6.7,,0.0,0.0,0.0,0,0,69,0,open_air,open_air,0,0,1,open-meteo-era5,ok
2024,2,1,401644728,2024-08-29,19:30,2024-08-29T23:30:00+00:00,Duquesne Dukes,Toledo Rockets,Glass Bowl,0,resolved_schedule_stadium,41.6574777,-83.6135652,America/New_York,USA,,,,,,,,,41.6574777,-83.6135652,America/New_York,0.0,0.0,0.0,0,0,0,2024-08-29T23:00:00+00:00,25.1,3.01,7.3,,0.0,0.0,0.0,0,0,79,0,open_air,open_air,0,0,1,open-meteo-era5,ok
2024,2,1,401644729,2024-08-29,19:00,2024-08-29T23:00:00+00:00,Fordham Rams,Bowling Green Falcons,Doyt L. Perry Stadium,0,resolved_schedule_stadium,41.3780114,-83.6225,America/New_York,USA,,,,,,,,,41.3780114,-83.6225,America/New_York,0.0,0.0,0.0,0,0,0,2024-08-29T23:00:00+00:00,26.1,2.77,6.9,,0.0,0.0,0.0,0,0,72,0,open_air,open_air,0,0,1,open-meteo-era5,ok
2024,2,1,401644730,2024-08-29,19:00,2024-08-29T23:00:00+00:00,Central Connecticut Blue Devils,Central Michigan Chippewas,Kelly/Shorts Stadium,0,resolved_schedule_stadium,43.5777313,-84.7709904,America/Detroit,USA,,,,,,,,,43.5777313,-84.7709904,America/Detroit,0.0,0.0,0.0,0,0,0,2024-08-29T23:00:00+00:00,23.8,1.96,2.9,,0.0,0.0,0.0,0,0,74,0,open_air,open_air,0,0,1,open-meteo-era5,ok
2024,2,1,401645316,2024-08-29,19:00,2024-08-30T00:00:00+00:00,Alcorn State Braves,UAB Blazers,Protective Stadium,0,resolved_schedule_stadium,33.5206824,-86.8024326,America/Chicago,USA,,,,,,,,,33.5206824,-86.8024326,America/Chicago,0.0,0.0,0.0,0,0,0,2024-08-30T00:00:00+00:00,29.4,1.35,3.6,,0.0,0.0,0.0,0,0,68,3,open_air,open_air,0,0,1,open-meteo-era5,ok
2024,2,1,401645317,2024-08-29,19:00,2024-08-30T00:00:00+00:00,SE Louisiana Lions,Tulane Green Wave,Yulman Stadium,0,resolved_schedule_stadium,29.944616,-90.116692,America/Chicago,USA,,,,,,,,,29.944616,-90.116692,America/Chicago,0.0,0.0,0.0,0,0,0,2024-08-30T00:00:00+00:00,26.3,3.32,5.6,,0.2,0.2,0.0,1,0,89,51,open_air,open_air,0,0,1,open-meteo-era5,ok
2024,2,1,401645318,2024-08-29,19:00,2024-08-30T00:00:00+00:00,Northwestern State Demons,Tulsa Golden Hurricane,Chapman Stadium,0,resolved_schedule_stadium,36.1489175,-95.9437853,America/Chicago,USA,,,,,,,,,36.1489175,-95.9437853,America/Chicago,0.0,0.0,0.0,0,0,0,2024-08-30T00:00:00+00:00,34.9,1.65,5.3,,0.0,0.0,0.0,0,0,37,1,open_air,open_air,0,0,1,open-meteo-era5,ok
2024,2,1,401654845,2024-08-29,20:15,2024-08-30T01:15:00+00:00,Eastern Illinois Panthers,Illinois Fighting Illini,"Memorial Stadium (Champaign, IL)",0,ambiguous_schedule_stadium,,,America/Chicago,,,,,,,,,,40.0993268,-88.2359569,America/Chicago,,,,,,,,,,,,,,,,,,,open_air,,,,,,venue_unresolved
2024,2,1,401628328,2024-08-30,18:00,2024-08-30T23:00:00+00:00,Temple Owls,Oklahoma Sooners,"Memorial Stadium (Norman, OK)",0,ambiguous_schedule_stadium,,,America/Chicago,,39.9007995,-75.1675414,America/New_York,,,,,,35.2058537,-97.4423145,America/Chicago,,,,,,,,,,,,,,,,,,,open_air,,,,,,venue_unresolved
2024,2,1,401628453,2024-08-30,19:00,2024-08-30T23:00:00+00:00,Florida Atlantic Owls,Michigan State Spartans,Spartan Stadium,0,resolved_schedule_stadium,42.7281474,-84.4848526,America/Detroit,USA,26.3763763,-80.1015759,America/New_York,1156.6,0.0,0.0,1,0,42.7281474,-84.4848526,America/Detroit,0.0,0.0,0.0,0,0,0,2024-08-30T23:00:00+00:00,25.3,2.35,4.5,,0.0,0.0,0.0,0,0,82,3,open_air,open_air,0,0,1,open-meteo-era5,ok
2024,2,1,401628461,2024-08-30,20:00,2024-08-31T01:00:00+00:00,Western Michigan Broncos,Wisconsin Badgers,Camp Randall Stadium,0,resolved_schedule_stadium,43.06994,-89.4126943,America/Chicago,USA,42.2860064,-85.6007573,America/Detroit,201.0,-1.0,1.0,1,0,43.06994,-89.4126943,America/Chicago,0.0,0.0,0.0,0,0,0,2024-08-31T01:00:00+00:00,21.0,1.86,3.6,,0.0,0.0,0.0,0,0,65,3,open_air,open_air,0,0,1,open-meteo-era5,ok
2024,2,1,401628584,2024-08-30,19:30,2024-08-30T23:30:00+00:00,Elon Phoenix,Duke Blue Devils,Wallace Wade Stadium,0,resolved_schedule_stadium,35.9953688,-78.9417564,America/New_York,USA,,,,,,,,,35.9953688,-78.9417564,America/New_York,0.0,0.0,0.0,0,0,0,2024-08-30T23:00:00+00:00,24.4,0.92,5.2,,0.3,0.3,0.0,1,0,87,51,open_air,open_air,0,0,1,open-meteo-era5,ok
2024,2,1,401634300,2024-08-30,19:30,2024-08-31T02:30:00+00:00,TCU Horned Frogs,Stanford Cardinal,Stanford Stadium,0,resolved_schedule_stadium,37.4345556,-122.1611271,America/Los_Angeles,USA,32.7096604,-97.3680835,America/Chicago,1435.0,-2.0,2.0,1,0,37.4345556,-122.1611271,America/Los_Angeles,0.0,0.0,0.0,0,0,0,2024-08-31T02:00:00+00:00,20.7,2.17,5.0,,0.0,0.0,0.0,0,0,64,0,open_air,open_air,0,0,1,open-meteo-era5,ok
2024,2,1,401645319,2024-08-30,18:00,2024-08-30T22:00:00+00:00,Lehigh Mountain Hawks,Army Black Knights,Michie Stadium,0,resolved_schedule_stadium,41.3874924,-73.9640891,America/New_York,USA,,,,,,,,,41.3874924,-73.9640891,America/New_York,0.0,0.0,0.0,0,0,0,2024-08-30T22:00:00+00:00,21.8,1.77,6.6,,0.0,0.0,0.0,0,0,63,2,open_air,open_air,0,0,1,open-meteo-era5,ok
2024,2,1,401628319,2024-08-31,18:00,2024-08-31T23:00:00+00:00,Western Kentucky Hilltoppers,Alabama Crimson Tide,Bryant-Denny Stadium,0,resolved_schedule_stadium,33.2082752,-87.5503836,America/Chicago,USA,36.9847901,-86.4594041,America/Chicago,268.1,0.0,0.0,1,0,33.2082752,-87.5503836,America/Chicago,0.0,0.0,0.0,0,0,0,2024-08-31T23:00:00+00:00,26.9,1.45,3.8,,0.1,0.1,0.0,1,0,78,51,open_air,open_air,0,0,1,open-meteo-era5,ok
2024,2,1,401628321,2024-08-31,18:30,2024-08-31T23:30:00+00:00,Alabama A&M Bulldogs,Auburn Tigers,Jordan-Hare Stadium,0,resolved_schedule_stadium,32.6025532,-85.4897479,America/Chicago,USA,,,,,,,,,32.6025532,-85.4897479,America/Chicago,0.0,0.0,0.0,0,0,0,2024-08-31T23:00:00+00:00,31.6,1.52,2.8,,0.0,0.0,0.0,0,0,48,3,open_air,open_air,0,0,1,open-meteo-era5,ok
2024,2,1,401628322,2024-08-31,15:30,2024-08-31T19:30:00+00:00,Miami Hurricanes,Florida Gators,Ben Hill Griffin Stadium,0,resolved_schedule_stadium,29.6499357,-82.3485788,America/New_York,USA,25.9579665,-80.2388604,America/New_York,285.8,0.0,0.0,1,0,29.6499357,-82.3485788,America/New_York,0.0,0.0,0.0,0,0,0,2024-08-31T19:00:00+00:00,32.6,2.92,7.9,,0.0,0.0,0.0,0,0,56,2,open_air,open_air,0,0,1,open-meteo-era5,ok
2024,2,1,401628323,2024-08-31,16:00,,Clemson Tigers,Georgia Bulldogs,Mercedes-Benz Stadium,1,unresolved_neutral_venue,,,,,34.6787737,-82.8432428,America/New_York,,,,,,33.9498197,-83.3733813,America/New_York,,,,,,,,,,,,,,,,,,,,,,,,,venue_unresolved
2024,2,1,401628324,2024-08-31,19:45,2024-08-31T23:45:00+00:00,Southern Miss Golden Eagles,Kentucky Wildcats,Kroger Field,0,resolved_schedule_stadium,38.0220905,-84.5053408,America/New_York,USA,31.3289321,-89.3318118,America/Chicago,537.5,1.0,1.0,0,1,38.0220905,-84.5053408,America/New_York,0.0,0.0,0.0,0,0,0,2024-09-01T00:00:00+00:00,22.5,0.51,2.0,,0.7,0.7,0.0,1,0,94,53,open_air,open_air,0,0,1,open-meteo-era5,ok
2024,2,1,401628325,2024-08-31,18:00,2024-08-31T23:00:00+00:00,Furman Paladins,Ole Miss Rebels,Vaught-Hemingway Stadium,0,resolved_schedule_stadium,34.3619837,-89.5342076,America/Chicago,USA,,,,,,,,,34.3619837,-89.5342076,America/Chicago,0.0,0.0,0.0,0,0,0,2024-08-31T23:00:00+00:00,25.0,1.62,3.1,,1.3,1.3,0.0,1,0,98,61,open_air,open_air,0,0,1,open-meteo-era5,ok
2024,2,1,401628326,2024-08-31,17:00,2024-08-31T22:00:00+00:00,Eastern Kentucky Colonels,Mississippi State Bulldogs,Davis Wade Stadium,0,resolved_schedule_stadium,33.4563403,-88.7933652,America/Chicago,USA,,,,,,,,,33.4563403,-88.7933652,America/Chicago,0.0,0.0,0.0,0,0,0,2024-08-31T22:00:00+00:00,29.6,1.56,3.9,,0.0,0.0,0.0,0,0,63,3,open_air,open_air,0,0,1,open-meteo-era5,ok
2024,2,1,401628329,2024-08-31,16:15,2024-08-31T20:15:00+00:00,Old Dominion Monarchs,South Carolina Gamecocks,Williams-Brice Stadium,0,resolved_schedule_stadium,33.9730239,-81.0191726,America/New_York,USA,36.8889533,-76.3049175,America/New_York,333.1,0.0,0.0,1,0,33.9730239,-81.0191726,America/New_York,0.0,0.0,0.0,0,0,0,2024-08-31T20:00:00+00:00,31.7,1.56,4.4,,0.1,0.1,0.0,1,0,56,51,open_air,open_air,0,0,1,open-meteo-era5,ok
2024,2,1,401628330,2024-08-31,12:45,2024-08-31T16:45:00+00:00,Chattanooga Mocs,Tennessee Volunteers,Neyland Stadium,0,resolved_schedule_stadium,35.9550131,-83.9250128,America/New_York,USA,,,,,,,,,35.9550131,-83.9250128,America/New_York,0.0,0.0,0.0,0,0,0,2024-08-31T17:00:00+00:00,31.6,1.72,6.2,,0.0,0.0,0.0,0,0,52,1,open_air,open_air,0,0,1,open-meteo-era5,ok
2024,2,1,401628331,2024-08-31,14:30,2024-08-31T19:30:00+00:00,Colorado State Rams,Texas Longhorns,DKR-Texas Memorial Stadium,0,resolved_schedule_stadium,30.2836813,-97.7325345,America/Chicago,USA,40.570015,-105.088435,America/Denver,821.8,1.0,1.0,0,1,30.2836813,-97.7325345,America/Chicago,0.0,0.0,0.0,0,0,0,2024-08-31T19:00:00+00:00,33.8,4.09,9.4,,0.1,0.1,0.0,1,0,47,51,open_air,open_air,0,0,1,open-meteo-era5,ok
2024,2,1,401628332,2024-08-31,18:30,2024-08-31T23:30:00+00:00,Notre Dame Fighting Irish,Texas A&M Aggies,Kyle Field,0,resolved_schedule_stadium,30.6098891,-96.3403828,America/Chicago,USA,41.698378,-86.2339425,America/Indiana/Indianapolis,949.7,-1.0,1.0,1,0,30.6098891,-96.3403828,America/Chicago,0.0,0.0,0.0,0,0,0,2024-08-31T23:00:00+00:00,31.5,3.23,8.3,,0.0,0.0,0.0,0,0,56,1,open_air,open_air,0,0,1,open-meteo-era5,ok
2024,2,1,401628333,2024-08-31,11:00,2024-08-31T16:00:00+00:00,Virginia Tech Hokies,Vanderbilt Commodores,FirstBank Stadium,0,resolved_schedule_stadium,36.1440455,-86.8088942,America/Chicago,USA,37.2199873,-80.4180643,America/New_York,361.8,-1.0,1.0,1,0,36.1440455,-86.8088942,America/Chicago,0.0,0.0,0.0,0,0,0,2024-08-31T16:00:00+00:00,29.0,0.4,4.0,,0.0,0.0,0.0,0,0,71,3,open_air,open_air,0,0,1,open-meteo-era5,ok
2024,2,1,401628449,2024-08-31,15:30,2024-08-31T19:30:00+00:00,Florida International Panthers,Indiana Hoosiers,"Memorial Stadium (Bloomington, IN)",0,resolved_schedule_stadium_timezone,39.1808959,-86.5256217,America/Indiana/Indianapolis,USA,25.7525014,-80.3778912,America/New_York,994.0,0.0,0.0,1,0,39.1808959,-86.5256217,America/Indiana/Indianapolis,0.0,0.0,0.0,0,0,0,2024-08-31T19:00:00+00:00,24.3,1.74,7.9,,0.0,0.0,0.0,0,0,92,2,open_air,open_air,0,0,1,open-meteo-era5,ok
2024,2,1,401628450,2024-08-31,11:00,2024-08-31T16:00:00+00:00,Illinois State Redbirds,Iowa Hawkeyes,Kinnick Stadium,0,resolved_schedule_stadium,41.6586045,-91.5510829,America/Chicago,USA,,,,,,,,,41.6586045,-91.5510829,America/Chicago,0.0,0.0,0.0,0,0,0,2024-08-31T16:00:00+00:00,23.7,2.01,5.2,,0.0,0.0,0.0,0,0,64,0,open_air,open_air,0,0,1,open-meteo-era5,ok
2024,2,1,401628451,2024-08-31,12:00,2024-08-31T16:00:00+00:00,UConn Huskies,Maryland Terrapins,SECU Stadium,0,resolved_schedule_stadium,38.9903332,-76.9473792,America/New_York,USA,41.7595675,-72.6187728,America/New_York,297.5,0.0,0.0,1,0,38.9903332,-76.9473792,America/New_York,0.0,0.0,0.0,0,0,0,2024-08-31T16:00:00+00:00,25.6,2.2,6.2,,0.1,0.1,0.0,1,0,77,51,open_air,open_air,0,0,1,open-meteo-era5,ok
2024,2,1,401628452,2024-08-31,19:30,2024-08-31T23:30:00+00:00,Fresno State Bulldogs,Michigan Wolverines,Michigan Stadium,0,resolved_schedule_stadium,42.2658365,-83.7486956,America/Detroit,USA,36.8143527,-119.7580092,America/Los_Angeles,1940.3,3.0,3.0,0,1,42.2658365,-83.7486956,America/Detroit,0.0,0.0,0.0,0,0,0,2024-08-31T23:00:00+00:00,25.3,2.07,3.6,,0.0,0.0,0.0,0,0,56,0,open_air,open_air,0,0,1,open-meteo-era5,ok
2024,2,1,401628454,2024-08-31,14:30,2024-08-31T19:30:00+00:00,UTEP Miners,Nebraska Cornhuskers,"Memorial Stadium (Lincoln, NE)",0,ambiguous_schedule_stadium,,,America/Chicago,,31.7733353,-106.507957,America/Denver,,,,,,40.820682,-96.705594,America/Chicago,,,,,,,,,,,,,,,,,,,open_air,,,,,,venue_unresolved
2024,2,1,401628455,2024-08-31,15:30,2024-08-31T19:30:00+00:00,Akron Zips,Ohio State Buckeyes,Ohio Stadium,0,resolved_schedule_stadium,40.0016447,-83.0197266,America/New_York,USA,41.0725534,-81.5083408,America/New_York,108.5,0.0,0.0,1,0,40.0016447,-83.0197266,America/New_York,0.0,0.0,0.0,0,0,0,2024-08-31T19:00:00+00:00,27.1,2.52,8.9,,0.5,0.5,0.0,1,0,75,53,open_air,open_air,0,0,1,open-meteo-era5,ok
2024,2,1,401628456,2024-08-31,16:30,2024-08-31T23:30:00+00:00,Idaho Vandals,Oregon Ducks,Autzen Stadium,0,resolved_schedule_stadium,44.0582712,-123.0684883,America/Los_Angeles,USA,,,,,,,,,44.0582712,-123.0684883,America/Los_Angeles,0.0,0.0,0.0,0,0,0,2024-08-31T23:00:00+00:00,32.0,2.64,7.3,,0.0,0.0,0.0,0,0,36,1,open_air,open_air,0,0,1,open-meteo-era5,ok
2024,2,1,401628457,2024-08-31,12:00,2024-08-31T16:00:00+00:00,Penn State Nittany Lions,West Virginia Mountaineers,Milan Puskar Stadium,0,resolved_schedule_stadium,39.6502744,-79.9551873,America/New_York,USA,40.8121958,-77.8561023,America/New_York,136.8,0.0,0.0,1,0,39.6502744,-79.9551873,America/New_York,0.0,0.0,0.0,0,0,0,2024-08-31T16:00:00+00:00,27.8,1.77,8.1,,0.0,0.0,0.0,0,0,65,3,open_air,open_air,0,0,1,open-meteo-era5,ok
2024,2,1,401628459,2024-08-31,13:30,2024-08-31T23:30:00+00:00,UCLA Bruins,Hawai'i Rainbow Warriors,Clarence T.C. Ching Athletics Complex,0,resolved_schedule_stadium,21.294294,-157.819338,Pacific/Honolulu,USA,34.1613284,-118.1676462,America/Los_Angeles,2563.8,-3.0,3.0,1,0,21.294294,-157.819338,Pacific/Honolulu,0.0,0.0,0.0,0,0,0,2024-08-31T23:00:00+00:00,26.9,3.09,5.0,,0.0,0.0,0.0,0,0,79,1,open_air,open_air,0,0,1,open-meteo-era5,ok
2024,2,1,401628460,2024-08-31,20:00,2024-09-01T03:00:00+00:00,Weber State Wildcats,Washington Huskies,Husky Stadium,0,resolved_schedule_stadium,47.6503235,-122.3015746,America/Los_Angeles,USA,,,,,,,,,47.6503235,-122.3015746,America/Los_Angeles,0.0,0.0,0.0,0,0,0,2024-09-01T03:00:00+00:00,19.7,2.31,3.6,,0.0,0.0,0.0,0,0,79,0,open_air,open_air,0,0,1,open-meteo-era5,ok
2024,2,1,401628586,2024-08-31,18:00,2024-08-31T22:00:00+00:00,Campbell Fighting Camels,Liberty Flames,Williams Stadium (VA),0,resolved_schedule_stadium,37.3544305,-79.1750239,America/New_York,USA,,,,,,,,,37.3544305,-79.1750239,America/New_York,0.0,0.0,0.0,0,0,0,2024-08-31T22:00:00+00:00,27.5,0.35,3.6,,0.0,0.0,0.0,0,0,66,3,open_air,open_air,0,0,1,open-meteo-era5,ok
2024,2,1,401628589,2024-08-31,18:00,2024-08-31T22:00:00+00:00,Richmond Spiders,Virginia Cavaliers,Scott Stadium,0,resolved_schedule_stadium,38.0311801,-78.5137897,America/New_York,USA,,,,,,,,,38.0311801,-78.5137897,America/New_York,0.0,0.0,0.0,0,0,0,2024-08-31T22:00:00+00:00,26.0,1.14,4.1,,0.0,0.0,0.0,0,0,76,3,open_air,open_air,0,0,1,open-meteo-era5,ok
2024,2,1,401628590,2024-08-31,17:00,2024-08-31T21:00:00+00:00,Stony Brook Seawolves,Marshall Thundering Herd,Joan C. Edwards Stadium,0,resolved_schedule_stadium,38.4247042,-82.4214412,America/New_York,USA,,,,,,,,,38.4247042,-82.4214412,America/New_York,0.0,0.0,0.0,0,0,0,2024-08-31T21:00:00+00:00,24.6,0.68,2.5,,0.1,0.1,0.0,1,0,88,51,open_air,open_air,0,0,1,open-meteo-era5,ok
2024,2,1,401628591,2024-08-31,14:30,2024-08-31T18:30:00+00:00,Towson Tigers,Cincinnati Bearcats,Nippert Stadium,0,resolved_schedule_stadium,39.1312495,-84.5161913,America/New_York,USA,,,,,,,,,39.1312495,-84.5161913,America/New_York,0.0,0.0,0.0,0,0,0,2024-08-31T18:00:00+00:00,27.3,1.66,7.2,,2.8,2.8,0.0,1,0,72,63,open_air,open_air,0,0,1,open-meteo-era5,ok
2024,2,1,401629039,2024-08-31,15:30,2024-08-31T19:30:00+00:00,Eastern Michigan Eagles,Massachusetts Minutemen,Warren McGuirk Alumni Stadium,0,resolved_schedule_stadium,42.3773244,-72.5360595,America/New_York,USA,42.256126,-83.647285,America/Detroit,567.3,0.0,0.0,0,1,42.3773244,-72.5360595,America/New_York,0.0,0.0,0.0,0,0,0,2024-08-31T19:00:00+00:00,23.9,2.58,7.1,,0.0,0.0,0.0,0,0,73,3,open_air,open_air,0,0,1,open-meteo-era5,ok
2024,2,1,401632062,2024-08-31,12:00,2024-08-31T16:00:00+00:00,Austin Peay Governors,Louisville Cardinals,L&N Federal Credit Union Stadium,0,resolved_schedule_stadium,38.2057621,-85.7588141,America/Kentucky/Louisville,USA,,,,,,,,,38.2057621,-85.7588141,America/Kentucky/Louisville,0.0,0.0,0.0,0,0,0,2024-08-31T16:00:00+00:00,30.8,0.67,8.2,,0.0,0.0,0.0,0,0,55,2,open_air,open_air,0,0,1,open-meteo-era5,ok
2024,2,1,401632064,2024-08-31,18:00,2024-08-31T23:00:00+00:00,Central Arkansas Bears,Arkansas State Red Wolves,Centennial Bank Stadium,0,resolved_schedule_stadium,35.8488977,-90.6677436,America/Chicago,USA,,,,,,,,,35.8488977,-90.6677436,America/Chicago,0.0,0.0,0.0,0,0,0,2024-08-31T23:00:00+00:00,31.2,1.73,4.2,,0.0,0.0,0.0,0,0,59,3,open_air,open_air,0,0,1,open-meteo-era5,ok
2024,2,1,401634133,2024-08-31,15:30,2024-08-31T19:30:00+00:00,East Tennessee State Buccaneers,App State Mountaineers,Kidd Brewer Stadium,0,resolved_schedule_stadium,36.2114267,-81.6854278,America/New_York,USA,,,,,,,,,36.2114267,-81.6854278,America/New_York,0.0,0.0,0.0,0,0,0,2024-08-31T19:00:00+00:00,21.1,1.36,5.2,,2.0,2.0,0.0,1,0,82,61,open_air,open_air,0,0,1,open-meteo-era5,ok
2024,2,1,401634169,2024-08-31,12:00,2024-08-31T16:00:00+00:00,Indiana State Sycamores,Purdue Boilermakers,Ross-Ade Stadium,0,resolved_schedule_stadium,40.4352253,-86.9186843,America/Indiana/Indianapolis,USA,,,,,,,,,40.4352253,-86.9186843,America/Indiana/Indianapolis,0.0,0.0,0.0,0,0,0,2024-08-31T16:00:00+00:00,23.9,1.98,3.8,,0.2,0.2,0.0,1,0,76,51,open_air,open_air,0,0,1,open-meteo-era5,ok
2024,2,1,401634197,2024-08-31,14:30,2024-08-31T19:30:00+00:00,North Dakota Fighting Hawks,Iowa State Cyclones,Jack Trice Stadium,0,resolved_schedule_stadium,42.0139977,-93.6357716,America/Chicago,USA,,,,,,,,,42.0139977,-93.6357716,America/Chicago,0.0,0.0,0.0,0,0,0,2024-08-31T19:00:00+00:00,26.8,2.97,6.7,,0.0,0.0,0.0,0,0,48,0,open_air,open_air,0,0,1,open-meteo-era5,ok
2024,2,1,401634212,2024-08-31,13:00,2024-08-31T18:00:00+00:00,South Dakota State Jackrabbits,Oklahoma State Cowboys,Boone Pickens Stadium,0,resolved_schedule_stadium,36.125673,-97.066513,America/Chicago,USA,,,,,,,,,36.125673,-97.066513,America/Chicago,0.0,0.0,0.0,0,0,0,2024-08-31T18:00:00+00:00,27.6,2.09,5.5,,0.2,0.2,0.0,1,0,74,51,open_air,open_air,0,0,1,open-meteo-era5,ok
2024,2,1,401634240,2024-08-31,18:00,2024-09-01T00:00:00+00:00,Southern Illinois Salukis,BYU Cougars,LaVell Edwards Stadium,0,resolved_schedule_stadium,40.2575347,-111.6545247,America/Denver,USA,,,,,,,,,40.2575347,-111.6545247,America/Denver,0.0,0.0,0.0,0,0,0,2024-09-01T00:00:00+00:00,32.6,1.66,6.2,,0.0,0.0,0.0,0,0,12,0,open_air,open_air,0,0,1,open-meteo-era5,ok
2024,2,1,401634301,2024-08-31,14:00,2024-08-31T21:00:00+00:00,UC Davis Aggies,California Golden Bears,California Memorial Stadium,0,resolved_schedule_stadium,37.8710434,-122.2507729,America/Los_Angeles,USA,,,,,,,,,37.8710434,-122.2507729,America/Los_Angeles,0.0,0.0,0.0,0,0,0,2024-08-31T21:00:00+00:00,22.1,4.67,10.4,,0.0,0.0,0.0,0,0,52,0,open_air,open_air,0,0,1,open-meteo-era5,ok
2024,2,1,401634302,2024-08-31,20:00,2024-09-01T00:00:00+00:00,Georgia State Panthers,Georgia Tech Yellow Jackets,Bobby Dodd Stadium,0,resolved_schedule_stadium,33.7724449,-84.3928054,America/New_York,USA,33.735267,-84.389949,America/New_York,2.6,0.0,0.0,1,0,33.7724449,-84.3928054,America/New_York,0.0,0.0,0.0,0,0,0,2024-09-01T00:00:00+00:00,26.9,2.06,3.8,,0.1,0.1,0.0,1,0,75,51,open_air,open_air,0,0,1,open-meteo-era5,ok
2024,2,1,401634303,2024-08-31,19:00,2024-09-01T00:00:00+00:00,Houston Christian Huskies,SMU Mustangs,Gerald J. Ford Stadium,0,resolved_schedule_stadium,32.8377223,-96.7827859,America/Chicago,USA,,,,,,,,,32.8377223,-96.7827859,America/Chicago,0.0,0.0,0.0,0,0,0,2024-09-01T00:00:00+00:00,31.7,2.5,7.5,,0.0,0.0,0.0,0,0,50,3,open_air,open_air,0,0,1,open-meteo-era5,ok
2024,2,1,401634304,2024-08-31,15:30,2024-08-31T19:30:00+00:00,Ohio Bobcats,Syracuse Orange,JMA Wireless Dome,0,resolved_schedule_stadium,43.0362269,-76.1363161,America/New_York,USA,39.3212794,-82.1034315,America/New_York,402.5,0.0,0.0,0,1,43.0362269,-76.1363161,America/New_York,0.0,0.0,0.0,0,0,0,2024-08-31T19:00:00+00:00,23.4,3.87,8.3,,0.1,0.1,0.0,1,0,90,51,dome,dome,1,0,0,open-meteo-era5,ok
2024,2,1,401634305,2024-08-31,12:00,2024-08-31T16:00:00+00:00,Kent State Golden Flashes,Pittsburgh Panthers,Acrisure Stadium,0,resolved_schedule_stadium,40.4467648,-80.0157603,America/New_York,USA,41.1390935,-81.31346,America/New_York,83.0,0.0,0.0,0,1,40.4467648,-80.0157603,America/New_York,0.0,0.0,0.0,0,0,0,2024-08-31T16:00:00+00:00,28.5,1.91,9.9,,0.0,0.0,0.0,0,0,63,2,open_air,open_air,0,0,1,open-meteo-era5,ok
2024,2,1,401636363,2024-08-31,19:00,2024-08-31T23:00:00+00:00,Bethune-Cookman Wildcats,South Florida Bulls,Raymond James Stadium,0,resolved_schedule_stadium,27.9758691,-82.5033344,America/New_York,USA,,,,,,,,,27.9758691,-82.5033344,America/New_York,0.0,0.0,0.0,0,0,0,2024-08-31T23:00:00+00:00,30.5,3.26,4.9,,0.0,0.0,0.0,0,0,67,2,open_air,open_air,0,0,1,open-meteo-era5,ok
2024,2,1,401636380,2024-08-31,19:00,2024-09-01T00:00:00+00:00,Grambling Tigers,Louisiana Ragin' Cajuns,Cajun Field,0,resolved_schedule_stadium,30.2158434,-92.0417371,America/Chicago,USA,,,,,,,,,30.2158434,-92.0417371,America/Chicago,0.0,0.0,0.0,0,0,0,2024-09-01T00:00:00+00:00,26.3,3.3,6.4,,0.1,0.1,0.0,1,0,89,51,open_air,open_air,0,0,1,open-meteo-era5,ok
2024,2,1,401636608,2024-08-31,19:30,2024-09-01T02:30:00+00:00,New Mexico Lobos,Arizona Wildcats,Arizona Stadium,0,resolved_schedule_stadium,32.2288054,-110.9488677,America/Phoenix,USA,35.0669479,-106.6283225,America/Denver,316.5,-1.0,1.0,1,0,32.2288054,-110.9488677,America/Phoenix,0.0,0.0,0.0,0,0,0,2024-09-01T02:00:00+00:00,31.0,3.68,3.3,,0.0,0.0,0.0,0,0,34,2,open_air,open_air,0,0,1,open-meteo-era5,ok
2024,2,1,401636609,2024-08-31,19:30,2024-09-01T02:30:00+00:00,Wyoming Cowboys,Arizona State Sun Devils,Mountain America Stadium,0,resolved_schedule_stadium,33.4264471,-111.9325005,America/Phoenix,USA,41.31161,-105.5681384,America/Denver,646.8,-1.0,1.0,1,0,33.4264471,-111.9325005,America/Phoenix,0.0,0.0,0.0,0,0,0,2024-09-01T02:00:00+00:00,38.4,5.01,1.3,,0.0,0.0,0.0,0,0,16,0,open_air,open_air,0,0,1,open-meteo-era5,ok
2024,2,1,401636610,2024-08-31,18:00,2024-08-31T23:00:00+00:00,Tarleton State Texans,Baylor Bears,McLane Stadium,0,resolved_schedule_stadium,31.5582015,-97.1156702,America/Chicago,USA,,,,,,,,,31.5582015,-97.1156702,America/Chicago,0.0,0.0,0.0,0,0,0,2024-08-31T23:00:00+00:00,33.4,4.03,8.5,,0.0,0.0,0.0,0,0,47,1,open_air,open_air,0,0,1,open-meteo-era5,ok
2024,2,1,401636611,2024-08-31,18:00,2024-08-31T23:00:00+00:00,UNLV Rebels,Houston Cougars,TDECU Stadium,0,resolved_schedule_stadium,29.7219885,-95.3491623,America/Chicago,USA,36.0908,-115.1830,America/Los_Angeles,1229.0,2.0,2.0,0,1,29.7219885,-95.3491623,America/Chicago,0.0,0.0,0.0,0,0,0,2024-08-31T23:00:00+00:00,30.1,2.4,7.5,,0.0,0.0,0.0,0,0,70,2,open_air,open_air,0,0,1,open-meteo-era5,ok
2024,2,1,401636612,2024-08-31,18:00,2024-08-31T23:00:00+00:00,UT Martin Skyhawks,Kansas State Wildcats,Bill Snyder Family Stadium,0,resolved_schedule_stadium,39.2020096,-96.5938395,America/Chicago,USA,,,,,,,,,39.2020096,-96.5938395,America/Chicago,0.0,0.0,0.0,0,0,0,2024-08-31T23:00:00+00:00,29.2,0.63,3.3,,0.0,0.0,0.0,0,0,44,0,open_air,open_air,0,0,1,open-meteo-era5,ok
2024,2,1,401636613,2024-08-31,18:30,2024-08-31T23:30:00+00:00,Abilene Christian Wildcats,Texas Tech Red Raiders,Jones AT&T Stadium,0,resolved_schedule_stadium,33.5910518,-101.8728824,America/Chicago,USA,,,,,,,,,33.5910518,-101.8728824,America/Chicago,0.0,0.0,0.0,0,0,0,2024-08-31T23:00:00+00:00,28.3,3.61,6.4,,0.0,0.0,0.0,0,0,40,2,open_air,open_air,0,0,1,open-meteo-era5,ok
2024,2,1,401637159,2024-08-31,12:00,2024-08-31T19:00:00+00:00,Portland State Vikings,Washington State Cougars,Gesa Field,0,resolved_schedule_stadium,46.731831,-117.1604991,America/Los_Angeles,USA,,,,,,,,,46.731831,-117.1604991,America/Los_Angeles,0.0,0.0,0.0,0,0,0,2024-08-31T19:00:00+00:00,27.6,1.53,5.3,,0.0,0.0,0.0,0,0,25,0,open_air,open_air,0,0,1,open-meteo-era5,ok
2024,2,1,401641007,2024-08-31,19:00,2024-09-01T00:00:00+00:00,Nicholls Colonels,Louisiana Tech Bulldogs,Joe Aillet Stadium,0,resolved_schedule_stadium,32.5321487,-92.6560019,America/Chicago,USA,,,,,,,,,32.5321487,-92.6560019,America/Chicago,0.0,0.0,0.0,0,0,0,2024-09-01T00:00:00+00:00,24.8,2.06,6.3,,0.0,0.0,0.0,0,0,99,3,open_air,open_air,0,0,1,open-meteo-era5,ok
2024,2,1,401641015,2024-08-31,14:30,2024-08-31T19:30:00+00:00,Kennesaw State Owls,UTSA Roadrunners,Alamodome,0,resolved_schedule_stadium,29.4169834,-98.4788143,America/Chicago,USA,34.0289318,-84.5676234,America/New_York,876.5,-1.0,1.0,1,0,29.4169834,-98.4788143,America/Chicago,0.0,0.0,0.0,0,0,0,2024-08-31T19:00:00+00:00,33.6,3.8,8.2,,0.1,0.1,0.0,1,0,49,51,dome,dome,1,0,0,open-meteo-era5,ok
2024,2,1,401641023,2024-08-31,18:00,2024-08-31T23:00:00+00:00,Tennessee Tech Golden Eagles,Middle Tennessee Blue Raiders,"Johnny ""Red"" Floyd Stadium",0,resolved_schedule_stadium,35.8511463,-86.3681649,America/Chicago,USA,,,,,,,,,35.8511463,-86.3681649,America/Chicago,0.0,0.0,0.0,0,0,0,2024-08-31T23:00:00+00:00,26.4,1.92,3.7,,0.0,0.0,0.0,0,0,89,3,open_air,open_air,0,0,1,open-meteo-era5,ok
2024,2,1,401641032,2024-08-31,19:00,2024-09-01T01:00:00+00:00,Southeast Missouri State Redhawks,New Mexico State Aggies,Aggie Memorial Stadium,0,resolved_schedule_stadium,32.2796202,-106.7411148,America/Denver,USA,,,,,,,,,32.2796202,-106.7411148,America/Denver,0.0,0.0,0.0,0,0,0,2024-09-01T01:00:00+00:00,28.2,3.06,5.3,,0.0,0.0,0.0,0,0,40,0,open_air,open_air,0,0,1,open-meteo-era5,ok
2024,2,1,401641039,2024-08-31,18:00,2024-08-31T23:00:00+00:00,Sam Houston Bearkats,Rice Owls,Rice Stadium,0,resolved_schedule_stadium,29.7163297,-95.4093261,America/Chicago,USA,30.713926,-95.5419802,America/Chicago,69.4,0.0,0.0,0,1,29.7163297,-95.4093261,America/Chicago,0.0,0.0,0.0,0,0,0,2024-08-31T23:00:00+00:00,30.4,2.47,7.3,,0.0,0.0,0.0,0,0,70,2,open_air,open_air,0,0,1,open-meteo-era5,ok
2024,2,1,401643699,2024-08-31,13:30,2024-08-31T19:30:00+00:00,Merrimack Warriors,Air Force Falcons,Falcon Stadium,0,resolved_schedule_stadium,38.9969701,-104.8436165,America/Denver,USA,,,,,,,,,38.9969701,-104.8436165,America/Denver,0.0,0.0,0.0,0,0,0,2024-08-31T19:00:00+00:00,26.6,2.13,7.2,,0.0,0.0,0.0,0,0,22,0,open_air,open_air,0,0,1,open-meteo-era5,ok
2024,2,1,401643700,2024-08-31,16:00,2024-08-31T20:00:00+00:00,Boise State Broncos,Georgia Southern Eagles,Allen E. Paulson Stadium,0,resolved_schedule_stadium,32.4122471,-81.7849296,America/New_York,USA,43.6028839,-116.1958882,America/Boise,2008.7,2.0,2.0,0,1,32.4122471,-81.7849296,America/New_York,0.0,0.0,0.0,0,0,0,2024-08-31T20:00:00+00:00,34.2,2.64,7.0,,0.0,0.0,0.0,0,0,42,2,open_air,open_air,0,0,1,open-meteo-era5,ok
2024,2,1,401643701,2024-08-31,18:00,2024-08-31T23:00:00+00:00,Nevada Wolf Pack,Troy Trojans,Veterans Memorial Stadium (AL),0,resolved_schedule_stadium,31.7995565,-85.9518328,America/Chicago,USA,39.5469459,-119.8175435,America/Los_Angeles,1961.9,2.0,2.0,0,1,31.7995565,-85.9518328,America/Chicago,0.0,0.0,0.0,0,0,0,2024-08-31T23:00:00+00:00,32.0,0.92,1.6,,0.0,0.0,0.0,0,0,53,2,open_air,open_air,0,0,1,open-meteo-era5,ok
2024,2,1,401643702,2024-08-31,17:00,2024-09-01T00:00:00+00:00,East Texas A&M Lions,San Diego State Aztecs,Snapdragon Stadium,0,resolved_schedule_stadium,32.784444,-117.122833,America/Los_Angeles,USA,,,,,,,,,32.784444,-117.122833,America/Los_Angeles,0.0,0.0,0.0,0,0,0,2024-09-01T00:00:00+00:00,25.6,2.41,6.2,,0.0,0.0,0.0,0,0,66,0,open_air,open_air,0,0,1,open-meteo-era5,ok
2024,2,1,401643703,2024-08-31,18:00,2024-09-01T00:00:00+00:00,Robert Morris Colonials,Utah State Aggies,Maverik Stadium,0,resolved_schedule_stadium,41.7517394,-111.8116007,America/Denver,USA,,,,,,,,,41.7517394,-111.8116007,America/Denver,0.0,0.0,0.0,0,0,0,2024-09-01T00:00:00+00:00,31.2,1.91,6.4,,0.0,0.0,0.0,0,0,16,0,open_air,open_air,0,0,1,open-meteo-era5,ok
2024,2,1,401643704,2024-08-31,15:30,2024-08-31T22:30:00+00:00,Idaho State Bengals,Oregon State Beavers,Reser Stadium,0,resolved_schedule_stadium,44.5594559,-123.2814341,America/Los_Angeles,USA,,,,,,,,,44.5594559,-123.2814341,America/Los_Angeles,0.0,0.0,0.0,0,0,0,2024-08-31T22:00:00+00:00,32.7,1.47,5.3,,0.0,0.0,0.0,0,0,31,1,open_air,open_air,0,0,1,open-meteo-era5,ok
2024,2,1,401643774,2024-08-31,20:00,2024-09-01T00:00:00+00:00,James Madison Dukes,Charlotte 49ers,Jerry Richardson Stadium,0,resolved_schedule_stadium,35.3105033,-80.7401194,America/New_York,USA,38.4352919,-78.8729349,America/New_York,239.3,0.0,0.0,1,0,35.3105033,-80.7401194,America/New_York,0.0,0.0,0.0,0,0,0,2024-09-01T00:00:00+00:00,27.2,1.3,3.2,,0.0,0.0,0.0,0,0,71,3,open_air,open_air,0,0,1,open-meteo-era5,ok
2024,2,1,401643775,2024-08-31,16:00,2024-08-31T21:00:00+00:00,North Texas Mean Green,South Alabama Jaguars,Hancock Whitney Stadium,0,resolved_schedule_stadium,30.6943566,-88.0430541,America/Chicago,USA,33.203899,-97.159245,America/Chicago,561.6,0.0,0.0,0,1,30.6943566,-88.0430541,America/Chicago,0.0,0.0,0.0,0,0,0,2024-08-31T21:00:00+00:00,29.3,1.0,3.2,,0.0,0.0,0.0,0,0,77,3,open_air,open_air,0,0,1,open-meteo-era5,ok
2024,2,1,401643776,2024-08-31,19:00,2024-09-01T00:00:00+00:00,Lamar Cardinals,Texas State Bobcats,Bobcat Stadium (TX),0,resolved_schedule_stadium,29.8910008,-97.9255735,America/Chicago,USA,,,,,,,,,29.8910008,-97.9255735,America/Chicago,0.0,0.0,0.0,0,0,0,2024-09-01T00:00:00+00:00,31.6,3.08,7.1,,0.0,0.0,0.0,0,0,54,2,open_air,open_air,0,0,1,open-meteo-era5,ok
2024,2,1,401644683,2024-08-31,14:30,2024-08-31T19:30:00+00:00,Miami (OH) RedHawks,Northwestern Wildcats,Ryan Field,0,resolved_schedule_stadium,42.0653994,-87.6924751,America/Chicago,USA,39.5197009,-84.7330255,America/New_York,234.3,-1.0,1.0,1,0,42.0653994,-87.6924751,America/Chicago,0.0,0.0,0.0,0,0,0,2024-08-31T19:00:00+00:00,26.7,1.07,4.4,,0.0,0.0,0.0,0,0,46,0,open_air,open_air,0,0,1,open-meteo-era5,ok
2024,2,1,401644731,2024-08-31,14:30,2024-08-31T19:30:00+00:00,Western Illinois Leathernecks,Northern Illinois Huskies,Huskie Stadium,0,resolved_schedule_stadium,41.9339586,-88.7778357,America/Chicago,USA,,,,,,,,,41.9339586,-88.7778357,America/Chicago,0.0,0.0,0.0,0,0,0,2024-08-31T19:00:00+00:00,27.0,2.85,6.7,,0.0,0.0,0.0,0,0,46,0,open_air,open_air,0,0,1,open-meteo-era5,ok
2024,2,1,401645320,2024-08-31,18:00,2024-08-31T22:00:00+00:00,Norfolk State Spartans,East Carolina Pirates,Dowdy-Ficklen Stadium,0,resolved_schedule_stadium,35.5968486,-77.364564,America/New_York,USA,,,,,,,,,35.5968486,-77.364564,America/New_York,0.0,0.0,0.0,0,0,0,2024-08-31T22:00:00+00:00,29.2,0.52,1.6,,0.1,0.1,0.0,1,0,64,51,open_air,open_air,0,0,1,open-meteo-era5,ok
2024,2,1,401645321,2024-08-31,18:00,2024-08-31T23:00:00+00:00,North Alabama Lions,Memphis Tigers,Simmons Bank Liberty Stadium,0,resolved_schedule_stadium,35.1209429,-89.977147,America/Chicago,USA,,,,,,,,,35.1209429,-89.977147,America/Chicago,0.0,0.0,0.0,0,0,0,2024-08-31T23:00:00+00:00,28.9,0.74,4.0,,0.6,0.6,0.0,1,0,75,53,open_air,open_air,0,0,1,open-meteo-era5,ok
2024,2,1,401645322,2024-08-31,12:00,2024-08-31T16:00:00+00:00,Bucknell Bison,Navy Midshipmen,Navy-Marine Corps Memorial Stadium,0,resolved_schedule_stadium,38.9846985,-76.5076335,America/New_York,USA,,,,,,,,,38.9846985,-76.5076335,America/New_York,0.0,0.0,0.0,0,0,0,2024-08-31T16:00:00+00:00,24.4,1.77,5.2,,0.0,0.0,0.0,0,0,79,3,open_air,open_air,0,0,1,open-meteo-era5,ok
2024,2,1,401628334,2024-09-01,16:30,2024-09-01T23:30:00+00:00,USC Trojans,LSU Tigers,Allegiant Stadium,1,resolved_schedule_stadium,36.0908,-115.1830,America/Los_Angeles,USA,34.014167,-118.287778,America/Los_Angeles,226.8,0.0,0.0,0,1,30.412035,-91.1838163,America/Chicago,1436.9,-2.0,2.0,1,0,0,2024-09-01T23:00:00+00:00,38.6,1.86,5.0,,0.0,0.0,0.0,0,0,14,1,fixed_roof,fixed_roof,1,0,0,open-meteo-era5,ok
2024,2,1,401634180,2024-09-01,01:00,,Missouri State Bears,Montana Grizzlies,Washington-Grizzly Stadium,0,unresolved_schedule_stadium,,,,,37.1976229,-93.2798119,America/Chicago,,,,,,,,,,,,,,,,,,,,,,,,,,,,,,,,,venue_unresolved
2024,2,1,401634306,2024-09-02,19:30,2024-09-02T23:30:00+00:00,Boston College Eagles,Florida State Seminoles,Doak Campbell Stadium,0,resolved_schedule_stadium,30.4381692,-84.3044032,America/New_York,USA,42.335104,-71.1664413,America/New_York,1097.2,0.0,0.0,1,0,30.4381692,-84.3044032,America/New_York,0.0,0.0,0.0,0,0,0,2024-09-02T23:00:00+00:00,32.0,1.85,3.5,,0.0,0.0,0.0,0,0,53,1,open_air,open_air,0,0,1,open-meteo-era5,ok
2024,2,2,401628463,2024-09-06,19:00,2024-09-06T23:00:00+00:00,Western Illinois Leathernecks,Indiana Hoosiers,"Memorial Stadium (Bloomington, IN)",0,resolved_schedule_stadium_timezone,39.1808959,-86.5256217,America/Indiana/Indianapolis,USA,,,,,,,,,39.1808959,-86.5256217,America/Indiana/Indianapolis,0.0,0.0,0.0,0,0,0,2024-09-06T23:00:00+00:00,22.4,4.46,8.8,,0.0,0.0,0.0,0,0,62,2,open_air,open_air,0,0,1,open-meteo-era5,ok
2024,2,2,401634765,2024-09-06,18:00,2024-09-06T23:00:00+00:00,BYU Cougars,SMU Mustangs,Gerald J. Ford Stadium,0,resolved_schedule_stadium,32.8377223,-96.7827859,America/Chicago,USA,40.2575347,-111.6545247,America/Denver,969.7,1.0,1.0,0,1,32.8377223,-96.7827859,America/Chicago,0.0,0.0,0.0,0,0,0,2024-09-06T23:00:00+00:00,29.7,4.38,6.2,,0.0,0.0,0.0,0,0,51,1,open_air,open_air,0,0,1,open-meteo-era5,ok
2024,2,2,401635533,2024-09-06,20:00,2024-09-07T01:00:00+00:00,Duke Blue Devils,Northwestern Wildcats,Ryan Field,0,resolved_schedule_stadium,42.0653994,-87.6924751,America/Chicago,USA,35.9953688,-78.9417564,America/New_York,629.1,-1.0,1.0,1,0,42.0653994,-87.6924751,America/Chicago,0.0,0.0,0.0,0,0,0,2024-09-07T01:00:00+00:00,15.0,4.8,9.6,,0.2,0.2,0.0,1,0,81,51,open_air,open_air,0,0,1,open-meteo-era5,ok
2024,2,2,401628335,2024-09-07,18:00,2024-09-07T23:00:00+00:00,South Florida Bulls,Alabama Crimson Tide,Bryant-Denny Stadium,0,resolved_schedule_stadium,33.2082752,-87.5503836,America/Chicago,USA,27.9758691,-82.5033344,America/New_York,469.8,-1.0,1.0,1,0,33.2082752,-87.5503836,America/Chicago,0.0,0.0,0.0,0,0,0,2024-09-07T23:00:00+00:00,27.6,3.3,6.9,,0.0,0.0,0.0,0,0,48,0,open_air,open_air,0,0,1,open-meteo-era5,ok
2024,2,2,401628336,2024-09-07,11:00,2024-09-07T16:00:00+00:00,Arkansas Razorbacks,Oklahoma State Cowboys,Boone Pickens Stadium,0,resolved_schedule_stadium,36.125673,-97.066513,America/Chicago,USA,36.0680662,-94.1789534,America/Chicago,161.3,0.0,0.0,1,0,36.125673,-97.066513,America/Chicago,0.0,0.0,0.0,0,0,0,2024-09-07T16:00:00+00:00,21.5,4.04,9.3,,0.0,0.0,0.0,0,0,45,0,open_air,open_air,0,0,1,open-meteo-era5,ok
2024,2,2,401628337,2024-09-07,14:30,2024-09-07T19:30:00+00:00,California Golden Bears,Auburn Tigers,Jordan-Hare Stadium,0,resolved_schedule_stadium,32.6025532,-85.4897479,America/Chicago,USA,37.8710434,-122.2507729,America/Los_Angeles,2092.5,2.0,2.0,0,1,32.6025532,-85.4897479,America/Chicago,0.0,0.0,0.0,0,0,0,2024-09-07T19:00:00+00:00,29.4,1.86,4.9,,0.0,0.0,0.0,0,0,51,3,open_air,open_air,0,0,1,open-meteo-era5,ok
2024,2,2,401628338,2024-09-07,19:00,2024-09-07T23:00:00+00:00,Samford Bulldogs,Florida Gators,Ben Hill Griffin Stadium,0,resolved_schedule_stadium,29.6499357,-82.3485788,America/New_York,USA,,,,,,,,,29.6499357,-82.3485788,America/New_York,0.0,0.0,0.0,0,0,0,2024-09-07T23:00:00+00:00,27.0,2.48,2.8,,0.0,0.0,0.0,0,0,88,3,open_air,open_air,0,0,1,open-meteo-era5,ok
2024,2,2,401628339,2024-09-07,14:00,2024-09-07T18:00:00+00:00,Tennessee Tech Golden Eagles,Georgia Bulldogs,Sanford Stadium,0,resolved_schedule_stadium,33.9498197,-83.3733813,America/New_York,USA,,,,,,,,,33.9498197,-83.3733813,America/New_York,0.0,0.0,0.0,0,0,0,2024-09-07T18:00:00+00:00,30.0,0.45,3.9,,0.0,0.0,0.0,0,0,46,1,open_air,open_air,0,0,1,open-meteo-era5,ok
2024,2,2,401628340,2024-09-07,15:30,2024-09-07T19:30:00+00:00,South Carolina Gamecocks,Kentucky Wildcats,Kroger Field,0,resolved_schedule_stadium,38.0220905,-84.5053408,America/New_York,USA,33.9730239,-81.0191726,America/New_York,340.9,0.0,0.0,1,0,38.0220905,-84.5053408,America/New_York,0.0,0.0,0.0,0,0,0,2024-09-07T19:00:00+00:00,20.6,3.95,10.6,,0.0,0.0,0.0,0,0,38,0,open_air,open_air,0,0,1,open-meteo-era5,ok
2024,2,2,401628341,2024-09-07,18:30,2024-09-07T23:30:00+00:00,Nicholls Colonels,LSU Tigers,Tiger Stadium (LA),0,resolved_schedule_stadium,30.412035,-91.1838163,America/Chicago,USA,,,,,,,,,30.412035,-91.1838163,America/Chicago,0.0,0.0,0.0,0,0,0,2024-09-07T23:00:00+00:00,28.4,1.66,3.6,,0.0,0.0,0.0,0,0,63,2,open_air,open_air,0,0,1,open-meteo-era5,ok
2024,2,2,401628342,2024-09-07,15:15,2024-09-07T20:15:00+00:00,Middle Tennessee Blue Raiders,Ole Miss Rebels,Vaught-Hemingway Stadium,0,resolved_schedule_stadium,34.3619837,-89.5342076,America/Chicago,USA,35.8511463,-86.3681649,America/Chicago,206.4,0.0,0.0,1,0,34.3619837,-89.5342076,America/Chicago,0.0,0.0,0.0,0,0,0,2024-09-07T20:00:00+00:00,28.3,4.08,10.7,,0.0,0.0,0.0,0,0,34,0,open_air,open_air,0,0,1,open-meteo-era5,ok
2024,2,2,401628343,2024-09-07,19:30,2024-09-08T02:30:00+00:00,Mississippi State Bulldogs,Arizona State Sun Devils,Mountain America Stadium,0,resolved_schedule_stadium,33.4264471,-111.9325005,America/Phoenix,USA,33.4563403,-88.7933652,America/Chicago,1331.3,-2.0,2.0,1,0,33.4264471,-111.9325005,America/Phoenix,0.0,0.0,0.0,0,0,0,2024-09-08T02:00:00+00:00,38.1,4.96,3.2,,0.0,0.0,0.0,0,0,17,3,open_air,open_air,0,0,1,open-meteo-era5,ok
2024,2,2,401628344,2024-09-07,18:00,2024-09-07T23:00:00+00:00,Buffalo Bulls,Missouri Tigers,Memorial Stadium,0,ambiguous_schedule_stadium,,,America/Chicago,,42.9991334,-78.7775113,America/New_York,,,,,,38.9358491,-92.3332009,America/Chicago,,,,,,,,,,,,,,,,,,,open_air,,,,,,venue_unresolved
2024,2,2,401628345,2024-09-07,18:45,2024-09-07T23:45:00+00:00,Houston Cougars,Oklahoma Sooners,"Memorial Stadium (Norman, OK)",0,ambiguous_schedule_stadium,,,America/Chicago,,29.7219885,-95.3491623,America/Chicago,,,,,,35.2058537,-97.4423145,America/Chicago,,,,,,,,,,,,,,,,,,,open_air,,,,,,venue_unresolved
2024,2,2,401628346,2024-09-07,23:30,,Tennessee Volunteers,NC State Wolfpack,Bank of America Stadium,1,unresolved_neutral_venue,,,,,35.9550131,-83.9250128,America/New_York,,,,,,35.8008001,-78.7195655,America/New_York,,,,,,,,,,,,,,,,,,,,,,,,,venue_unresolved
2024,2,2,401628347,2024-09-07,12:00,2024-09-07T16:00:00+00:00,Texas Longhorns,Michigan Wolverines,Michigan Stadium,0,resolved_schedule_stadium,42.2658365,-83.7486956,America/Detroit,USA,30.2836813,-97.7325345,America/Chicago,1133.7,1.0,1.0,0,1,42.2658365,-83.7486956,America/Detroit,0.0,0.0,0.0,0,0,0,2024-09-07T16:00:00+00:00,13.3,5.81,12.0,,0.0,0.0,0.0,0,0,59,3,open_air,open_air,0,0,1,open-meteo-era5,ok
2024,2,2,401628348,2024-09-07,11:45,2024-09-07T16:45:00+00:00,McNeese Cowboys,Texas A&M Aggies,Kyle Field,0,resolved_schedule_stadium,30.6098891,-96.3403828,America/Chicago,USA,,,,,,,,,30.6098891,-96.3403828,America/Chicago,0.0,0.0,0.0,0,0,0,2024-09-07T17:00:00+00:00,29.5,7.0,13.8,,0.0,0.0,0.0,0,0,48,0,open_air,open_air,0,0,1,open-meteo-era5,ok
2024,2,2,401628349,2024-09-07,18:30,2024-09-07T23:30:00+00:00,Alcorn State Braves,Vanderbilt Commodores,FirstBank Stadium,0,resolved_schedule_stadium,36.1440455,-86.8088942,America/Chicago,USA,,,,,,,,,36.1440455,-86.8088942,America/Chicago,0.0,0.0,0.0,0,0,0,2024-09-07T23:00:00+00:00,23.2,3.62,7.4,,0.0,0.0,0.0,0,0,36,0,open_air,open_air,0,0,1,open-meteo-era5,ok
2024,2,2,401628462,2024-09-07,18:00,2024-09-07T23:00:00+00:00,Kansas Jayhawks,Illinois Fighting Illini,"Memorial Stadium (Champaign, IL)",0,ambiguous_schedule_stadium,,,America/Chicago,,38.9629418,-95.2463686,America/Chicago,,,,,,40.0993268,-88.2359569,America/Chicago,,,,,,,,,,,,,,,,,,,open_air,,,,,,venue_unresolved
2024,2,2,401628464,2024-09-07,14:30,2024-09-07T19:30:00+00:00,Iowa State Cyclones,Iowa Hawkeyes,Kinnick Stadium,0,resolved_schedule_stadium,41.6586045,-91.5510829,America/Chicago,USA,42.0139977,-93.6357716,America/Chicago,110.1,0.0,0.0,0,1,41.6586045,-91.5510829,America/Chicago,0.0,0.0,0.0,0,0,0,2024-09-07T19:00:00+00:00,18.3,3.75,8.2,,0.0,0.0,0.0,0,0,44,0,open_air,open_air,0,0,1,open-meteo-era5,ok
2024,2,2,401628465,2024-09-07,15:30,2024-09-07T19:30:00+00:00,Michigan State Spartans,Maryland Terrapins,SECU Stadium,0,resolved_schedule_stadium,38.9903332,-76.9473792,America/New_York,USA,42.7281474,-84.4848526,America/Detroit,470.7,0.0,0.0,0,1,38.9903332,-76.9473792,America/New_York,0.0,0.0,0.0,0,0,0,2024-09-07T19:00:00+00:00,19.4,3.37,9.0,,0.1,0.1,0.0,1,0,66,51,open_air,open_air,0,0,1,open-meteo-era5,ok
2024,2,2,401628466,2024-09-07,11:00,2024-09-07T16:00:00+00:00,Rhode Island Rams,Minnesota Golden Gophers,Huntington Bank Stadium,0,resolved_schedule_stadium,44.976525,-93.2245462,America/Chicago,USA,,,,,,,,,44.976525,-93.2245462,America/Chicago,0.0,0.0,0.0,0,0,0,2024-09-07T16:00:00+00:00,14.9,2.02,5.7,,0.0,0.0,0.0,0,0,58,0,open_air,open_air,0,0,1,open-meteo-era5,ok
2024,2,2,401628467,2024-09-07,18:30,2024-09-07T23:30:00+00:00,Colorado Buffaloes,Nebraska Cornhuskers,"Memorial Stadium (Lincoln, NE)",0,ambiguous_schedule_stadium,,,America/Chicago,,40.0094746,-105.266905,America/Denver,,,,,,40.820682,-96.705594,America/Chicago,,,,,,,,,,,,,,,,,,,open_air,,,,,,venue_unresolved
2024,2,2,401628468,2024-09-07,19:30,2024-09-07T23:30:00+00:00,Western Michigan Broncos,Ohio State Buckeyes,Ohio Stadium,0,resolved_schedule_stadium,40.0016447,-83.0197266,America/New_York,USA,42.2860064,-85.6007573,America/Detroit,207.2,0.0,0.0,0,1,40.0016447,-83.0197266,America/New_York,0.0,0.0,0.0,0,0,0,2024-09-07T23:00:00+00:00,17.8,4.24,8.6,,0.0,0.0,0.0,0,0,38,0,open_air,open_air,0,0,1,open-meteo-era5,ok
2024,2,2,401628469,2024-09-07,19:00,2024-09-08T02:00:00+00:00,Boise State Broncos,Oregon Ducks,Autzen Stadium,0,resolved_schedule_stadium,44.0582712,-123.0684883,America/Los_Angeles,USA,43.6028839,-116.1958882,America/Boise,343.9,-1.0,1.0,1,0,44.0582712,-123.0684883,America/Los_Angeles,0.0,0.0,0.0,0,0,0,2024-09-08T02:00:00+00:00,26.0,1.71,5.1,,0.0,0.0,0.0,0,0,57,2,open_air,open_air,0,0,1,open-meteo-era5,ok
2024,2,2,401628470,2024-09-07,12:00,2024-09-07T16:00:00+00:00,Bowling Green Falcons,Penn State Nittany Lions,Beaver Stadium,0,resolved_schedule_stadium,40.8121958,-77.8561023,America/New_York,USA,41.3780114,-83.6225,America/New_York,302.7,0.0,0.0,0,1,40.8121958,-77.8561023,America/New_York,0.0,0.0,0.0,0,0,0,2024-09-07T16:00:00+00:00,17.4,4.61,11.5,,0.0,0.0,0.0,0,0,62,1,open_air,open_air,0,0,1,open-meteo-era5,ok
2024,2,2,401628471,2024-09-07,12:00,2024-09-07T16:00:00+00:00,Akron Zips,Rutgers Scarlet Knights,SHI Stadium,0,resolved_schedule_stadium,40.5462553,-74.4660408,America/New_York,USA,41.0725534,-81.5083408,America/New_York,370.0,0.0,0.0,0,1,40.5462553,-74.4660408,America/New_York,0.0,0.0,0.0,0,0,0,2024-09-07T16:00:00+00:00,23.6,3.73,9.6,,0.1,0.1,0.0,1,0,69,51,open_air,open_air,0,0,1,open-meteo-era5,ok
2024,2,2,401628472,2024-09-07,20:00,2024-09-08T03:00:00+00:00,Utah State Aggies,USC Trojans,Los Angeles Memorial Coliseum,0,resolved_schedule_stadium,34.014167,-118.287778,America/Los_Angeles,USA,41.7517394,-111.8116007,America/Denver,640.3,-1.0,1.0,1,0,34.014167,-118.287778,America/Los_Angeles,0.0,0.0,0.0,0,0,0,2024-09-08T03:00:00+00:00,31.2,0.92,2.1,,0.0,0.0,0.0,0,0,35,0,open_air,open_air,0,0,1,open-meteo-era5,ok
2024,2,2,401628473,2024-09-07,12:30,2024-09-07T19:30:00+00:00,Eastern Michigan Eagles,Washington Huskies,Husky Stadium,0,resolved_schedule_stadium,47.6503235,-122.3015746,America/Los_Angeles,USA,42.256126,-83.647285,America/Detroit,1905.8,-3.0,3.0,1,0,47.6503235,-122.3015746,America/Los_Angeles,0.0,0.0,0.0,0,0,0,2024-09-07T19:00:00+00:00,22.5,2.78,5.2,,0.0,0.0,0.0,0,0,71,1,open_air,open_air,0,0,1,open-meteo-era5,ok
2024,2,2,401628474,2024-09-07,14:30,2024-09-07T19:30:00+00:00,South Dakota Coyotes,Wisconsin Badgers,Camp Randall Stadium,0,resolved_schedule_stadium,43.06994,-89.4126943,America/Chicago,USA,,,,,,,,,43.06994,-89.4126943,America/Chicago,0.0,0.0,0.0,0,0,0,2024-09-07T19:00:00+00:00,16.7,3.25,8.1,,0.0,0.0,0.0,0,0,48,0,open_air,open_air,0,0,1,open-meteo-era5,ok
2024,2,2,401628593,2024-09-07,18:00,2024-09-07T22:00:00+00:00,UAlbany Great Danes,West Virginia Mountaineers,Milan Puskar Stadium,0,resolved_schedule_stadium,39.6502744,-79.9551873,America/New_York,USA,,,,,,,,,39.6502744,-79.9551873,America/New_York,0.0,0.0,0.0,0,0,0,2024-09-07T22:00:00+00:00,18.9,3.83,10.1,,0.0,0.0,0.0,0,0,46,1,open_air,open_air,0,0,1,open-meteo-era5,ok
2024,2,2,401628603,2024-09-07,19:00,2024-09-07T23:00:00+00:00,William & Mary Tribe,Coastal Carolina Chanticleers,Brooks Stadium (SC),0,resolved_schedule_stadium,33.7928506,-79.0166946,America/New_York,USA,,,,,,,,,33.7928506,-79.0166946,America/New_York,0.0,0.0,0.0,0,0,0,2024-09-07T23:00:00+00:00,25.9,1.75,2.3,,0.0,0.0,0.0,0,0,75,0,open_air,open_air,0,0,1,open-meteo-era5,ok
2024,2,2,401628977,2024-09-07,15:30,2024-09-07T19:30:00+00:00,Northern Illinois Huskies,Notre Dame Fighting Irish,Notre Dame Stadium,0,resolved_schedule_stadium,41.698378,-86.2339425,America/Indiana/Indianapolis,USA,41.9339586,-88.7778357,America/Chicago,132.0,1.0,1.0,0,1,41.698378,-86.2339425,America/Indiana/Indianapolis,0.0,0.0,0.0,0,0,0,2024-09-07T19:00:00+00:00,16.8,6.07,12.9,,0.0,0.0,0.0,0,0,52,2,open_air,open_air,0,0,1,open-meteo-era5,ok
2024,2,2,401629040,2024-09-07,15:30,2024-09-07T19:30:00+00:00,Massachusetts Minutemen,Toledo Rockets,Glass Bowl,0,resolved_schedule_stadium,41.6574777,-83.6135652,America/New_York,USA,42.3773244,-72.5360595,America/New_York,570.4,0.0,0.0,1,0,41.6574777,-83.6135652,America/New_York,0.0,0.0,0.0,0,0,0,2024-09-07T19:00:00+00:00,16.4,5.93,10.9,,0.0,0.0,0.0,0,0,47,3,open_air,open_air,0,0,1,open-meteo-era5,ok
2024,2,2,401632068,2024-09-07,18:00,2024-09-07T23:00:00+00:00,Eastern Kentucky Colonels,Western Kentucky Hilltoppers,Houchens Industries-L.T. Smith Stadium,0,resolved_schedule_stadium,36.9847901,-86.4594041,America/Chicago,USA,,,,,,,,,36.9847901,-86.4594041,America/Chicago,0.0,0.0,0.0,0,0,0,2024-09-07T23:00:00+00:00,23.0,3.31,7.7,,0.0,0.0,0.0,0,0,32,0,open_air,open_air,0,0,1,open-meteo-era5,ok
2024,2,2,401632071,2024-09-07,12:00,2024-09-07T19:00:00+00:00,Utah Tech Trailblazers,UNLV Rebels,Allegiant Stadium,0,resolved_schedule_stadium,36.0908,-115.1830,America/Los_Angeles,USA,,,,,,,,,36.0908,-115.1830,America/Los_Angeles,0.0,0.0,0.0,0,0,0,2024-09-07T19:00:00+00:00,38.2,3.22,8.3,,0.0,0.0,0.0,0,0,11,0,fixed_roof,fixed_roof,1,0,0,open-meteo-era5,ok
2024,2,2,401632072,2024-09-07,19:00,2024-09-08T01:00:00+00:00,Southern Utah Thunderbirds,UTEP Miners,Sun Bowl,0,resolved_schedule_stadium,31.7733353,-106.507957,America/Denver,USA,,,,,,,,,31.7733353,-106.507957,America/Denver,0.0,0.0,0.0,0,0,0,2024-09-08T01:00:00+00:00,29.1,4.87,10.2,,0.0,0.0,0.0,0,0,26,1,open_air,open_air,0,0,1,open-meteo-era5,ok
2024,2,2,401632459,2024-09-07,19:00,2024-09-07T23:00:00+00:00,Chattanooga Mocs,Georgia State Panthers,Center Parc Stadium,0,resolved_schedule_stadium,33.735267,-84.389949,America/New_York,USA,,,,,,,,,33.735267,-84.389949,America/New_York,0.0,0.0,0.0,0,0,0,2024-09-07T23:00:00+00:00,26.9,3.78,7.3,,0.0,0.0,0.0,0,0,48,0,open_air,open_air,0,0,1,open-meteo-era5,ok
2024,2,2,401634181,2024-09-07,14:00,2024-09-07T18:00:00+00:00,Missouri State Bears,Ball State Cardinals,Scheumann Stadium,0,resolved_schedule_stadium,40.2159422,-85.4161148,America/Indiana/Indianapolis,USA,37.1976229,-93.2798119,America/Chicago,472.3,1.0,1.0,0,1,40.2159422,-85.4161148,America/Indiana/Indianapolis,0.0,0.0,0.0,0,0,0,2024-09-07T18:00:00+00:00,17.7,5.12,11.1,,0.0,0.0,0.0,0,0,44,3,open_air,open_air,0,0,1,open-meteo-era5,ok
2024,2,2,401634207,2024-09-07,14:30,2024-09-07T19:30:00+00:00,Tennessee State Tigers,North Dakota State Bison,Fargodome,0,resolved_schedule_stadium,46.9029938,-96.8003251,America/Chicago,USA,,,,,,,,,46.9029938,-96.8003251,America/Chicago,0.0,0.0,0.0,0,0,0,2024-09-07T19:00:00+00:00,21.0,2.63,6.6,,0.0,0.0,0.0,0,0,43,0,dome,dome,1,0,0,open-meteo-era5,ok
2024,2,2,401635531,2024-09-07,15:30,2024-09-07T19:30:00+00:00,Duquesne Dukes,Boston College Eagles,"Alumni Stadium (Chestnut Hill, MA)",0,resolved_schedule_stadium,42.335104,-71.1664413,America/New_York,USA,,,,,,,,,42.335104,-71.1664413,America/New_York,0.0,0.0,0.0,0,0,0,2024-09-07T19:00:00+00:00,23.5,2.21,6.4,,0.0,0.0,0.0,0,0,58,3,open_air,open_air,0,0,1,open-meteo-era5,ok
2024,2,2,401635532,2024-09-07,20:00,2024-09-08T00:00:00+00:00,App State Mountaineers,Clemson Tigers,"Memorial Stadium (Clemson, SC)",0,resolved_schedule_stadium_timezone,34.6787737,-82.8432428,America/New_York,USA,36.2114267,-81.6854278,America/New_York,124.3,0.0,0.0,1,0,34.6787737,-82.8432428,America/New_York,0.0,0.0,0.0,0,0,0,2024-09-08T00:00:00+00:00,25.4,4.16,7.5,,0.0,0.0,0.0,0,0,47,1,open_air,open_air,0,0,1,open-meteo-era5,ok
2024,2,2,401635534,2024-09-07,12:00,2024-09-07T16:00:00+00:00,Georgia Tech Yellow Jackets,Syracuse Orange,JMA Wireless Dome,0,resolved_schedule_stadium,43.0362269,-76.1363161,America/New_York,USA,33.7724449,-84.3928054,America/New_York,779.8,0.0,0.0,0,1,43.0362269,-76.1363161,America/New_York,0.0,0.0,0.0,0,0,0,2024-09-07T16:00:00+00:00,15.1,3.27,7.5,,0.4,0.4,0.0,1,0,92,51,dome,dome,1,0,0,open-meteo-era5,ok
2024,2,2,401635535,2024-09-07,15:30,2024-09-07T19:30:00+00:00,Jacksonville State Gamecocks,Louisville Cardinals,L&N Federal Credit Union Stadium,0,resolved_schedule_stadium,38.2057621,-85.7588141,America/Kentucky/Louisville,USA,33.8201052,-85.76647,America/Chicago,303.0,1.0,1.0,0,1,38.2057621,-85.7588141,America/Kentucky/Louisville,0.0,0.0,0.0,0,0,0,2024-09-07T19:00:00+00:00,21.8,4.25,11.1,,0.0,0.0,0.0,0,0,36,1,open_air,open_air,0,0,1,open-meteo-era5,ok
2024,2,2,401635536,2024-09-07,18:00,2024-09-07T22:00:00+00:00,Florida A&M Rattlers,Miami Hurricanes,Hard Rock Stadium,0,resolved_schedule_stadium,25.9579665,-80.2388604,America/New_York,USA,,,,,,,,,25.9579665,-80.2388604,America/New_York,0.0,0.0,0.0,0,0,0,2024-09-07T22:00:00+00:00,30.3,3.56,5.4,,0.2,0.2,0.0,1,0,73,51,open_air,open_air,0,0,1,open-meteo-era5,ok
2024,2,2,401635537,2024-09-07,15:30,2024-09-07T19:30:00+00:00,Charlotte 49ers,North Carolina Tar Heels,Kenan Stadium,0,resolved_schedule_stadium,35.9069294,-79.0478889,America/New_York,USA,35.3105033,-80.7401194,America/New_York,103.6,0.0,0.0,0,1,35.9069294,-79.0478889,America/New_York,0.0,0.0,0.0,0,0,0,2024-09-07T19:00:00+00:00,27.1,3.52,8.5,,0.1,0.1,0.0,1,0,58,51,open_air,open_air,0,0,1,open-meteo-era5,ok
2024,2,2,401635538,2024-09-07,12:00,2024-09-07T16:00:00+00:00,Pittsburgh Panthers,Cincinnati Bearcats,Nippert Stadium,0,resolved_schedule_stadium,39.1312495,-84.5161913,America/New_York,USA,40.4467648,-80.0157603,America/New_York,255.6,0.0,0.0,1,0,39.1312495,-84.5161913,America/New_York,0.0,0.0,0.0,0,0,0,2024-09-07T16:00:00+00:00,16.3,5.12,10.6,,0.0,0.0,0.0,0,0,55,1,open_air,open_air,0,0,1,open-meteo-era5,ok
2024,2,2,401635539,2024-09-07,16:00,2024-09-07T23:00:00+00:00,Cal Poly Mustangs,Stanford Cardinal,Stanford Stadium,0,resolved_schedule_stadium,37.4345556,-122.1611271,America/Los_Angeles,USA,,,,,,,,,37.4345556,-122.1611271,America/Los_Angeles,0.0,0.0,0.0,0,0,0,2024-09-07T23:00:00+00:00,24.5,2.58,7.2,,0.0,0.0,0.0,0,0,54,0,open_air,open_air,0,0,1,open-meteo-era5,ok
2024,2,2,401635540,2024-09-07,16:30,2024-09-07T20:30:00+00:00,Marshall Thundering Herd,Virginia Tech Hokies,Lane Stadium,0,resolved_schedule_stadium,37.2199873,-80.4180643,America/New_York,USA,38.4247042,-82.4214412,America/New_York,137.4,0.0,0.0,0,1,37.2199873,-80.4180643,America/New_York,0.0,0.0,0.0,0,0,0,2024-09-07T20:00:00+00:00,21.1,5.06,13.5,,0.0,0.0,0.0,0,0,37,0,open_air,open_air,0,0,1,open-meteo-era5,ok
2024,2,2,401635639,2024-09-07,19:00,2024-09-07T23:00:00+00:00,Virginia Cavaliers,Wake Forest Demon Deacons,Allegacy Federal Credit Union Stadium,0,resolved_schedule_stadium,36.1305507,-80.2545851,America/New_York,USA,38.0311801,-78.5137897,America/New_York,162.6,0.0,0.0,1,0,36.1305507,-80.2545851,America/New_York,0.0,0.0,0.0,0,0,0,2024-09-07T23:00:00+00:00,22.5,2.89,6.3,,0.0,0.0,0.0,0,0,40,0,open_air,open_air,0,0,1,open-meteo-era5,ok
2024,2,2,401636614,2024-09-07,19:00,2024-09-08T02:00:00+00:00,Northern Arizona Lumberjacks,Arizona Wildcats,Arizona Stadium,0,resolved_schedule_stadium,32.2288054,-110.9488677,America/Phoenix,USA,,,,,,,,,32.2288054,-110.9488677,America/Phoenix,0.0,0.0,0.0,0,0,0,2024-09-08T02:00:00+00:00,34.7,2.8,7.3,,0.0,0.0,0.0,0,0,20,1,open_air,open_air,0,0,1,open-meteo-era5,ok
2024,2,2,401636615,2024-09-07,19:00,2024-09-08T00:00:00+00:00,Long Island University Sharks,TCU Horned Frogs,Amon G. Carter Stadium,0,resolved_schedule_stadium,32.7096604,-97.3680835,America/Chicago,USA,,,,,,,,,32.7096604,-97.3680835,America/Chicago,0.0,0.0,0.0,0,0,0,2024-09-08T00:00:00+00:00,28.3,4.2,7.0,,0.0,0.0,0.0,0,0,37,0,open_air,open_air,0,0,1,open-meteo-era5,ok
2024,2,2,401636616,2024-09-07,11:00,2024-09-07T16:00:00+00:00,Kansas State Wildcats,Tulane Green Wave,Yulman Stadium,0,resolved_schedule_stadium,29.944616,-90.116692,America/Chicago,USA,39.2020096,-96.5938395,America/Chicago,737.7,0.0,0.0,0,1,29.944616,-90.116692,America/Chicago,0.0,0.0,0.0,0,0,0,2024-09-07T16:00:00+00:00,23.8,5.09,10.4,,2.9,2.9,0.0,1,0,95,63,open_air,open_air,0,0,1,open-meteo-era5,ok
2024,2,2,401636617,2024-09-07,19:02,2024-09-07T23:02:00+00:00,Sam Houston Bearkats,UCF Knights,FBC Mortgage Stadium,0,resolved_schedule_stadium,28.6079765,-81.1927233,America/New_York,USA,30.713926,-95.5419802,America/Chicago,873.1,1.0,1.0,0,1,28.6079765,-81.1927233,America/New_York,0.0,0.0,0.0,0,0,0,2024-09-07T23:00:00+00:00,27.2,2.55,4.1,,1.6,1.6,0.0,1,0,84,61,open_air,open_air,0,0,1,open-meteo-era5,ok
2024,2,2,401636618,2024-09-07,13:30,2024-09-07T19:30:00+00:00,Baylor Bears,Utah Utes,Rice-Eccles Stadium,0,resolved_schedule_stadium,40.7599724,-111.8488255,America/Denver,USA,31.5582015,-97.1156702,America/Chicago,1036.7,-1.0,1.0,1,0,40.7599724,-111.8488255,America/Denver,0.0,0.0,0.0,0,0,0,2024-09-07T19:00:00+00:00,30.2,2.45,8.1,,0.0,0.0,0.0,0,0,22,1,open_air,open_air,0,0,1,open-meteo-era5,ok
2024,2,2,401636859,2024-09-07,19:00,2024-09-08T02:00:00+00:00,Texas Tech Red Raiders,Washington State Cougars,Gesa Field,0,resolved_schedule_stadium,46.731831,-117.1604991,America/Los_Angeles,USA,33.5910518,-101.8728824,America/Chicago,1210.5,-2.0,2.0,1,0,46.731831,-117.1604991,America/Los_Angeles,0.0,0.0,0.0,0,0,0,2024-09-08T02:00:00+00:00,29.2,2.75,3.4,,0.0,0.0,0.0,0,0,27,3,open_air,open_air,0,0,1,open-meteo-era5,ok
2024,2,2,401636999,2024-09-07,12:00,2024-09-07T16:00:00+00:00,Merrimack Warriors,UConn Huskies,Pratt & Whitney Stadium,0,resolved_schedule_stadium,41.7595675,-72.6187728,America/New_York,USA,,,,,,,,,41.7595675,-72.6187728,America/New_York,0.0,0.0,0.0,0,0,0,2024-09-07T16:00:00+00:00,23.5,1.68,8.2,,0.0,0.0,0.0,0,0,63,3,open_air,open_air,0,0,1,open-meteo-era5,ok
2024,2,2,401640979,2024-09-07,18:00,2024-09-07T22:00:00+00:00,Central Michigan Chippewas,Florida International Panthers,FIU Stadium,0,resolved_schedule_stadium,25.7525014,-80.3778912,America/New_York,USA,43.5777313,-84.7709904,America/Detroit,1256.2,0.0,0.0,0,1,25.7525014,-80.3778912,America/New_York,0.0,0.0,0.0,0,0,0,2024-09-07T22:00:00+00:00,30.6,2.84,5.7,,0.2,0.2,0.0,1,0,70,51,open_air,open_air,0,0,1,open-meteo-era5,ok
2024,2,2,401640989,2024-09-07,20:15,2024-09-08T02:15:00+00:00,Liberty Flames,New Mexico State Aggies,Aggie Memorial Stadium,0,resolved_schedule_stadium,32.2796202,-106.7411148,America/Denver,USA,37.3544305,-79.1750239,America/New_York,1596.4,-2.0,2.0,1,0,32.2796202,-106.7411148,America/Denver,0.0,0.0,0.0,0,0,0,2024-09-08T02:00:00+00:00,28.0,2.97,8.0,,0.0,0.0,0.0,0,0,26,0,open_air,open_air,0,0,1,open-meteo-era5,ok
2024,2,2,401641016,2024-09-07,19:00,2024-09-07T23:00:00+00:00,Louisiana Ragin' Cajuns,Kennesaw State Owls,Fifth Third Stadium,0,resolved_schedule_stadium,34.0289318,-84.5676234,America/New_York,USA,30.2158434,-92.0417371,America/Chicago,510.4,1.0,1.0,0,1,34.0289318,-84.5676234,America/New_York,0.0,0.0,0.0,0,0,0,2024-09-07T23:00:00+00:00,26.3,3.74,7.7,,0.0,0.0,0.0,0,0,45,0,open_air,open_air,0,0,1,open-meteo-era5,ok
2024,2,2,401643705,2024-09-07,17:00,2024-09-07T23:00:00+00:00,San José State Spartans,Air Force Falcons,Falcon Stadium,0,resolved_schedule_stadium,38.9969701,-104.8436165,America/Denver,USA,37.3196675,-121.8682962,America/Los_Angeles,930.8,1.0,1.0,0,1,38.9969701,-104.8436165,America/Denver,0.0,0.0,0.0,0,0,0,2024-09-07T23:00:00+00:00,24.8,3.2,5.2,,0.1,0.1,0.0,1,0,27,51,open_air,open_air,0,0,1,open-meteo-era5,ok
2024,2,2,401643706,2024-09-07,17:00,2024-09-07T23:00:00+00:00,Northern Colorado Bears,Colorado State Rams,Canvas Stadium,0,resolved_schedule_stadium,40.570015,-105.088435,America/Denver,USA,,,,,,,,,40.570015,-105.088435,America/Denver,0.0,0.0,0.0,0,0,0,2024-09-07T23:00:00+00:00,28.6,2.82,4.6,,0.0,0.0,0.0,0,0,23,2,open_air,open_air,0,0,1,open-meteo-era5,ok
2024,2,2,401643707,2024-09-07,19:00,2024-09-08T02:00:00+00:00,Sacramento State Hornets,Fresno State Bulldogs,Valley Children's Stadium,0,resolved_schedule_stadium,36.8143527,-119.7580092,America/Los_Angeles,USA,38.5556718,-121.4229607,America/Los_Angeles,150.9,0.0,0.0,0,1,36.8143527,-119.7580092,America/Los_Angeles,0.0,0.0,0.0,0,0,0,2024-09-08T02:00:00+00:00,33.6,2.39,3.8,,0.0,0.0,0.0,0,0,29,0,open_air,open_air,0,0,1,open-meteo-era5,ok
2024,2,2,401643708,2024-09-07,16:00,2024-09-07T23:00:00+00:00,Georgia Southern Eagles,Nevada Wolf Pack,Mackay Stadium,0,resolved_schedule_stadium,39.5469459,-119.8175435,America/Los_Angeles,USA,32.4122471,-81.7849296,America/New_York,2165.9,-3.0,3.0,1,0,39.5469459,-119.8175435,America/Los_Angeles,0.0,0.0,0.0,0,0,0,2024-09-07T23:00:00+00:00,33.5,5.29,13.9,,0.0,0.0,0.0,0,0,10,1,open_air,open_air,0,0,1,open-meteo-era5,ok
2024,2,2,401643709,2024-09-07,19:30,2024-09-08T02:30:00+00:00,Oregon State Beavers,San Diego State Aztecs,Snapdragon Stadium,0,resolved_schedule_stadium,32.784444,-117.122833,America/Los_Angeles,USA,44.5594559,-123.2814341,America/Los_Angeles,878.1,0.0,0.0,0,1,32.784444,-117.122833,America/Los_Angeles,0.0,0.0,0.0,0,0,0,2024-09-08T02:00:00+00:00,32.5,0.91,3.4,,0.0,0.0,0.0,0,0,42,1,open_air,open_air,0,0,1,open-meteo-era5,ok
2024,2,2,401643710,2024-09-07,13:30,2024-09-07T19:30:00+00:00,Idaho Vandals,Wyoming Cowboys,War Memorial Stadium,0,resolved_schedule_stadium,41.31161,-105.5681384,America/Denver,USA,,,,,,,,,41.31161,-105.5681384,America/Denver,0.0,0.0,0.0,0,0,0,2024-09-07T19:00:00+00:00,23.9,2.5,7.3,,0.0,0.0,0.0,0,0,23,0,open_air,open_air,0,0,1,open-meteo-era5,ok
2024,2,2,401643777,2024-09-07,18:00,2024-09-07T22:00:00+00:00,Gardner-Webb Runnin' Bulldogs,James Madison Dukes,Bridgeforth Stadium,0,resolved_schedule_stadium,38.4352919,-78.8729349,America/New_York,USA,,,,,,,,,38.4352919,-78.8729349,America/New_York,0.0,0.0,0.0,0,0,0,2024-09-07T22:00:00+00:00,20.7,3.75,10.3,,0.0,0.0,0.0,0,0,38,0,open_air,open_air,0,0,1,open-meteo-era5,ok
2024,2,2,401643778,2024-09-07,18:00,2024-09-07T22:00:00+00:00,East Carolina Pirates,Old Dominion Monarchs,S.B. Ballard Stadium,0,resolved_schedule_stadium,36.8889533,-76.3049175,America/New_York,USA,35.5968486,-77.364564,America/New_York,107.0,0.0,0.0,0,1,36.8889533,-76.3049175,America/New_York,0.0,0.0,0.0,0,0,0,2024-09-07T22:00:00+00:00,23.6,3.41,7.9,,0.0,0.0,0.0,0,0,75,1,open_air,open_air,0,0,1,open-meteo-era5,ok
2024,2,2,401643779,2024-09-07,18:00,2024-09-07T23:00:00+00:00,Tulsa Golden Hurricane,Arkansas State Red Wolves,Centennial Bank Stadium,0,resolved_schedule_stadium,35.8488977,-90.6677436,America/Chicago,USA,36.1489175,-95.9437853,America/Chicago,295.6,0.0,0.0,0,1,35.8488977,-90.6677436,America/Chicago,0.0,0.0,0.0,0,0,0,2024-09-07T23:00:00+00:00,24.0,4.66,9.4,,0.0,0.0,0.0,0,0,39,0,open_air,open_air,0,0,1,open-meteo-era5,ok
2024,2,2,401643780,2024-09-07,18:00,2024-09-07T23:00:00+00:00,UAB Blazers,UL Monroe Warhawks,Malone Stadium,0,resolved_schedule_stadium,32.5308089,-92.0660602,America/Chicago,USA,33.5206824,-86.8024326,America/Chicago,312.5,0.0,0.0,1,0,32.5308089,-92.0660602,America/Chicago,0.0,0.0,0.0,0,0,0,2024-09-07T23:00:00+00:00,27.0,4.37,8.9,,0.0,0.0,0.0,0,0,53,0,open_air,open_air,0,0,1,open-meteo-era5,ok
2024,2,2,401643781,2024-09-07,18:00,2024-09-07T22:00:00+00:00,South Alabama Jaguars,Ohio Bobcats,Peden Stadium,0,resolved_schedule_stadium,39.3212794,-82.1034315,America/New_York,USA,30.6943566,-88.0430541,America/Chicago,683.9,1.0,1.0,0,1,39.3212794,-82.1034315,America/New_York,0.0,0.0,0.0,0,0,0,2024-09-07T22:00:00+00:00,20.0,3.85,10.6,,0.0,0.0,0.0,0,0,35,0,open_air,open_air,0,0,1,open-meteo-era5,ok
2024,2,2,401643782,2024-09-07,18:00,2024-09-07T23:00:00+00:00,SE Louisiana Lions,Southern Miss Golden Eagles,M. M. Roberts Stadium,0,resolved_schedule_stadium,31.3289321,-89.3318118,America/Chicago,USA,,,,,,,,,31.3289321,-89.3318118,America/Chicago,0.0,0.0,0.0,0,0,0,2024-09-07T23:00:00+00:00,28.8,1.9,3.7,,0.0,0.0,0.0,0,0,56,2,open_air,open_air,0,0,1,open-meteo-era5,ok
2024,2,2,401643783,2024-09-07,15:00,2024-09-07T20:00:00+00:00,UTSA Roadrunners,Texas State Bobcats,Bobcat Stadium (TX),0,resolved_schedule_stadium,29.8910008,-97.9255735,America/Chicago,USA,29.4169834,-98.4788143,America/Chicago,46.6,0.0,0.0,0,1,29.8910008,-97.9255735,America/Chicago,0.0,0.0,0.0,0,0,0,2024-09-07T20:00:00+00:00,32.0,6.87,14.4,,0.0,0.0,0.0,0,0,34,0,open_air,open_air,0,0,1,open-meteo-era5,ok
2024,2,2,401643784,2024-09-07,11:00,2024-09-07T16:00:00+00:00,Troy Trojans,Memphis Tigers,Simmons Bank Liberty Stadium,0,resolved_schedule_stadium,35.1209429,-89.977147,America/Chicago,USA,31.7995565,-85.9518328,America/Chicago,326.3,0.0,0.0,1,0,35.1209429,-89.977147,America/Chicago,0.0,0.0,0.0,0,0,0,2024-09-07T16:00:00+00:00,23.6,5.57,12.3,,0.0,0.0,0.0,0,0,52,0,open_air,open_air,0,0,1,open-meteo-era5,ok
2024,2,2,401644732,2024-09-07,14:30,2024-09-07T18:30:00+00:00,St. Francis (PA) Red Flash,Kent State Golden Flashes,Dix Stadium,0,resolved_schedule_stadium,41.1390935,-81.31346,America/New_York,USA,,,,,,,,,41.1390935,-81.31346,America/New_York,0.0,0.0,0.0,0,0,0,2024-09-07T18:00:00+00:00,15.5,5.05,11.5,,0.6,0.6,0.0,1,0,71,53,open_air,open_air,0,0,1,open-meteo-era5,ok
2024,2,2,401645323,2024-09-07,12:00,2024-09-07T16:00:00+00:00,Army Black Knights,Florida Atlantic Owls,FAU Stadium,0,resolved_schedule_stadium,26.3763763,-80.1015759,America/New_York,USA,41.3874924,-73.9640891,America/New_York,1094.5,0.0,0.0,1,0,26.3763763,-80.1015759,America/New_York,0.0,0.0,0.0,0,0,0,2024-09-07T16:00:00+00:00,32.1,2.66,6.7,,0.1,0.1,0.0,1,0,66,51,open_air,open_air,0,0,1,open-meteo-era5,ok
2024,2,2,401645324,2024-09-07,15:30,2024-09-07T19:30:00+00:00,Temple Owls,Navy Midshipmen,Navy-Marine Corps Memorial Stadium,0,resolved_schedule_stadium,38.9846985,-76.5076335,America/New_York,USA,39.9007995,-75.1675414,America/New_York,95.5,0.0,0.0,1,0,38.9846985,-76.5076335,America/New_York,0.0,0.0,0.0,0,0,0,2024-09-07T19:00:00+00:00,20.0,6.35,11.8,,0.1,0.1,0.0,1,0,70,51,open_air,open_air,0,0,1,open-meteo-era5,ok
2024,2,2,401645325,2024-09-07,18:30,2024-09-07T23:30:00+00:00,Stephen F. Austin Lumberjacks,North Texas Mean Green,DATCU Stadium,0,resolved_schedule_stadium,33.203899,-97.159245,America/Chicago,USA,,,,,,,,,33.203899,-97.159245,America/Chicago,0.0,0.0,0.0,0,0,0,2024-09-07T23:00:00+00:00,28.9,5.06,9.3,,0.0,0.0,0.0,0,0,34,0,open_air,open_air,0,0,1,open-meteo-era5,ok
2024,2,2,401645326,2024-09-07,18:00,2024-09-07T23:00:00+00:00,Texas Southern Tigers,Rice Owls,Rice Stadium,0,resolved_schedule_stadium,29.7163297,-95.4093261,America/Chicago,USA,,,,,,,,,29.7163297,-95.4093261,America/Chicago,0.0,0.0,0.0,0,0,0,2024-09-07T23:00:00+00:00,29.5,5.37,10.5,,0.0,0.0,0.0,0,0,53,1,open_air,open_air,0,0,1,open-meteo-era5,ok
2024,2,3,401636867,2024-09-12,18:30,2024-09-12T23:30:00+00:00,Arizona State Sun Devils,Texas State Bobcats,Bobcat Stadium (TX),0,resolved_schedule_stadium,29.8910008,-97.9255735,America/Chicago,USA,33.4264471,-111.9325005,America/Phoenix,858.4,2.0,2.0,0,1,29.8910008,-97.9255735,America/Chicago,0.0,0.0,0.0,0,0,0,2024-09-12T23:00:00+00:00,33.4,1.25,3.1,,0.0,0.0,0.0,0,0,39,1,open_air,open_air,0,0,1,open-meteo-era5,ok
2024,2,3,401643788,2024-09-12,18:30,2024-09-12T23:30:00+00:00,Northwestern State Demons,South Alabama Jaguars,Hancock Whitney Stadium,0,resolved_schedule_stadium,30.6943566,-88.0430541,America/Chicago,USA,,,,,,,,,30.6943566,-88.0430541,America/Chicago,0.0,0.0,0.0,0,0,0,2024-09-12T23:00:00+00:00,27.8,3.23,5.5,,0.0,0.0,0.0,0,0,70,1,open_air,open_air,0,0,1,open-meteo-era5,ok
2024,2,3,401636863,2024-09-13,18:00,2024-09-13T23:00:00+00:00,UNLV Rebels,Kansas Jayhawks,Memorial Stadium,0,ambiguous_schedule_stadium,,,America/Chicago,,36.0908,-115.1830,America/Los_Angeles,,,,,,38.9629418,-95.2463686,America/Chicago,,,,,,,,,,,,,,,,,,,open_air,,,,,,venue_unresolved
2024,2,3,401636864,2024-09-13,19:00,2024-09-14T00:00:00+00:00,Arizona Wildcats,Kansas State Wildcats,Bill Snyder Family Stadium,0,resolved_schedule_stadium,39.2020096,-96.5938395,America/Chicago,USA,32.2288054,-110.9488677,America/Phoenix,936.7,2.0,2.0,0,1,39.2020096,-96.5938395,America/Chicago,0.0,0.0,0.0,0,0,0,2024-09-14T00:00:00+00:00,28.5,3.73,7.2,,0.0,0.0,0.0,0,0,41,0,open_air,open_air,0,0,1,open-meteo-era5,ok
2024,2,3,401628350,2024-09-14,11:00,2024-09-14T16:00:00+00:00,Alabama Crimson Tide,Wisconsin Badgers,Camp Randall Stadium,0,resolved_schedule_stadium,43.06994,-89.4126943,America/Chicago,USA,33.2082752,-87.5503836,America/Chicago,688.8,0.0,0.0,1,0,43.06994,-89.4126943,America/Chicago,0.0,0.0,0.0,0,0,0,2024-09-14T16:00:00+00:00,25.5,2.37,6.9,,0.0,0.0,0.0,0,0,65,3,open_air,open_air,0,0,1,open-meteo-era5,ok
2024,2,3,401628351,2024-09-14,15:15,2024-09-14T20:15:00+00:00,UAB Blazers,Arkansas Razorbacks,Razorback Stadium,0,resolved_schedule_stadium,36.0680662,-94.1789534,America/Chicago,USA,33.5206824,-86.8024326,America/Chicago,453.9,0.0,0.0,1,0,36.0680662,-94.1789534,America/Chicago,0.0,0.0,0.0,0,0,0,2024-09-14T20:00:00+00:00,28.5,3.78,9.9,,0.0,0.0,0.0,0,0,53,2,open_air,open_air,0,0,1,open-meteo-era5,ok
2024,2,3,401628352,2024-09-14,18:30,2024-09-14T23:30:00+00:00,New Mexico Lobos,Auburn Tigers,Jordan-Hare Stadium,0,resolved_schedule_stadium,32.6025532,-85.4897479,America/Chicago,USA,35.0669479,-106.6283225,America/Denver,1222.7,1.0,1.0,0,1,32.6025532,-85.4897479,America/Chicago,0.0,0.0,0.0,0,0,0,2024-09-14T23:00:00+00:00,23.7,2.67,6.9,,0.5,0.5,0.0,1,0,90,53,open_air,open_air,0,0,1,open-meteo-era5,ok
2024,2,3,401628353,2024-09-14,15:30,2024-09-14T19:30:00+00:00,Texas A&M Aggies,Florida Gators,Ben Hill Griffin Stadium,0,resolved_schedule_stadium,29.6499357,-82.3485788,America/New_York,USA,30.6098891,-96.3403828,America/Chicago,838.2,1.0,1.0,0,1,29.6499357,-82.3485788,America/New_York,0.0,0.0,0.0,0,0,0,2024-09-14T19:00:00+00:00,29.0,0.46,5.4,,5.2,5.2,0.0,1,0,82,63,open_air,open_air,0,0,1,open-meteo-era5,ok
2024,2,3,401628354,2024-09-14,19:30,2024-09-14T23:30:00+00:00,Georgia Bulldogs,Kentucky Wildcats,Kroger Field,0,resolved_schedule_stadium,38.0220905,-84.5053408,America/New_York,USA,33.9498197,-83.3733813,America/New_York,288.4,0.0,0.0,1,0,38.0220905,-84.5053408,America/New_York,0.0,0.0,0.0,0,0,0,2024-09-14T23:00:00+00:00,28.9,2.5,3.0,,0.0,0.0,0.0,0,0,41,0,open_air,open_air,0,0,1,open-meteo-era5,ok
2024,2,3,401628355,2024-09-14,18:30,2024-09-14T22:30:00+00:00,Ole Miss Rebels,Wake Forest Demon Deacons,Allegacy Federal Credit Union Stadium,0,resolved_schedule_stadium,36.1305507,-80.2545851,America/New_York,USA,34.3619837,-89.5342076,America/Chicago,537.5,1.0,1.0,0,1,36.1305507,-80.2545851,America/New_York,0.0,0.0,0.0,0,0,0,2024-09-14T22:00:00+00:00,25.7,3.37,9.0,,0.0,0.0,0.0,0,0,52,1,open_air,open_air,0,0,1,open-meteo-era5,ok
2024,2,3,401628356,2024-09-14,18:30,2024-09-14T23:30:00+00:00,Toledo Rockets,Mississippi State Bulldogs,Davis Wade Stadium,0,resolved_schedule_stadium,33.4563403,-88.7933652,America/Chicago,USA,41.6574777,-83.6135652,America/New_York,633.4,-1.0,1.0,1,0,33.4563403,-88.7933652,America/Chicago,0.0,0.0,0.0,0,0,0,2024-09-14T23:00:00+00:00,23.6,1.22,3.4,,0.1,0.1,0.0,1,0,88,51,open_air,open_air,0,0,1,open-meteo-era5,ok
2024,2,3,401628357,2024-09-14,11:45,2024-09-14T16:45:00+00:00,Boston College Eagles,Missouri Tigers,Memorial Stadium,0,ambiguous_schedule_stadium,,,America/Chicago,,42.335104,-71.1664413,America/New_York,,,,,,38.9358491,-92.3332009,America/Chicago,,,,,,,,,,,,,,,,,,,open_air,,,,,,venue_unresolved
2024,2,3,401628358,2024-09-14,14:30,2024-09-14T19:30:00+00:00,Tulane Green Wave,Oklahoma Sooners,"Memorial Stadium (Norman, OK)",0,ambiguous_schedule_stadium,,,America/Chicago,,29.944616,-90.116692,America/Chicago,,,,,,35.2058537,-97.4423145,America/Chicago,,,,,,,,,,,,,,,,,,,open_air,,,,,,venue_unresolved
2024,2,3,401628359,2024-09-14,12:00,2024-09-14T16:00:00+00:00,LSU Tigers,South Carolina Gamecocks,Williams-Brice Stadium,0,resolved_schedule_stadium,33.9730239,-81.0191726,America/New_York,USA,30.412035,-91.1838163,America/Chicago,642.9,1.0,1.0,0,1,33.9730239,-81.0191726,America/New_York,0.0,0.0,0.0,0,0,0,2024-09-14T16:00:00+00:00,24.9,5.21,12.0,,0.0,0.0,0.0,0,0,75,3,open_air,open_air,0,0,1,open-meteo-era5,ok
2024,2,3,401628360,2024-09-14,19:45,2024-09-14T23:45:00+00:00,Kent State Golden Flashes,Tennessee Volunteers,Neyland Stadium,0,resolved_schedule_stadium,35.9550131,-83.9250128,America/New_York,USA,41.1390935,-81.31346,America/New_York,384.9,0.0,0.0,1,0,35.9550131,-83.9250128,America/New_York,0.0,0.0,0.0,0,0,0,2024-09-15T00:00:00+00:00,26.1,3.35,6.9,,0.0,0.0,0.0,0,0,51,2,open_air,open_air,0,0,1,open-meteo-era5,ok
2024,2,3,401628361,2024-09-14,18:00,2024-09-14T23:00:00+00:00,UTSA Roadrunners,Texas Longhorns,DKR-Texas Memorial Stadium,0,resolved_schedule_stadium,30.2836813,-97.7325345,America/Chicago,USA,29.4169834,-98.4788143,America/Chicago,74.7,0.0,0.0,0,1,30.2836813,-97.7325345,America/Chicago,0.0,0.0,0.0,0,0,0,2024-09-14T23:00:00+00:00,34.6,1.39,4.0,,0.0,0.0,0.0,0,0,44,3,open_air,open_air,0,0,1,open-meteo-era5,ok
2024,2,3,401628362,2024-09-14,19:00,2024-09-14T23:00:00+00:00,Vanderbilt Commodores,Georgia State Panthers,Center Parc Stadium,0,resolved_schedule_stadium,33.735267,-84.389949,America/New_York,USA,36.1440455,-86.8088942,America/Chicago,215.6,1.0,1.0,0,1,33.735267,-84.389949,America/New_York,0.0,0.0,0.0,0,0,0,2024-09-14T23:00:00+00:00,22.7,4.36,10.2,,0.1,0.1,0.0,1,0,82,51,open_air,open_air,0,0,1,open-meteo-era5,ok
2024,2,3,401628475,2024-09-14,11:00,2024-09-14T16:00:00+00:00,Central Michigan Chippewas,Illinois Fighting Illini,"Memorial Stadium (Champaign, IL)",0,ambiguous_schedule_stadium,,,America/Chicago,,43.5777313,-84.7709904,America/Detroit,,,,,,40.0993268,-88.2359569,America/Chicago,,,,,,,,,,,,,,,,,,,open_air,,,,,,venue_unresolved
2024,2,3,401628476,2024-09-14,16:30,2024-09-14T23:30:00+00:00,Indiana Hoosiers,UCLA Bruins,Rose Bowl,0,resolved_schedule_stadium,34.1613284,-118.1676462,America/Los_Angeles,USA,39.1808959,-86.5256217,America/Indiana/Indianapolis,1778.1,-3.0,3.0,1,0,34.1613284,-118.1676462,America/Los_Angeles,0.0,0.0,0.0,0,0,0,2024-09-14T23:00:00+00:00,27.7,2.62,8.5,,0.0,0.0,0.0,0,0,47,0,open_air,open_air,0,0,1,open-meteo-era5,ok
2024,2,3,401628477,2024-09-14,15:00,2024-09-14T20:00:00+00:00,Troy Trojans,Iowa Hawkeyes,Kinnick Stadium,0,resolved_schedule_stadium,41.6586045,-91.5510829,America/Chicago,USA,31.7995565,-85.9518328,America/Chicago,748.0,0.0,0.0,1,0,41.6586045,-91.5510829,America/Chicago,0.0,0.0,0.0,0,0,0,2024-09-14T20:00:00+00:00,28.5,3.19,9.2,,0.0,0.0,0.0,0,0,61,3,open_air,open_air,0,0,1,open-meteo-era5,ok
2024,2,3,401628478,2024-09-14,20:00,2024-09-15T00:00:00+00:00,Maryland Terrapins,Virginia Cavaliers,Scott Stadium,0,resolved_schedule_stadium,38.0311801,-78.5137897,America/New_York,USA,38.9903332,-76.9473792,America/New_York,107.5,0.0,0.0,1,0,38.0311801,-78.5137897,America/New_York,0.0,0.0,0.0,0,0,0,2024-09-15T00:00:00+00:00,22.0,2.59,5.2,,0.0,0.0,0.0,0,0,61,2,open_air,open_air,0,0,1,open-meteo-era5,ok
2024,2,3,401628479,2024-09-14,12:00,2024-09-14T16:00:00+00:00,Arkansas State Red Wolves,Michigan Wolverines,Michigan Stadium,0,resolved_schedule_stadium,42.2658365,-83.7486956,America/Detroit,USA,35.8488977,-90.6677436,America/Chicago,577.8,1.0,1.0,0,1,42.2658365,-83.7486956,America/Detroit,0.0,0.0,0.0,0,0,0,2024-09-14T16:00:00+00:00,25.0,3.0,6.8,,0.0,0.0,0.0,0,0,62,0,open_air,open_air,0,0,1,open-meteo-era5,ok
2024,2,3,401628480,2024-09-14,15:30,2024-09-14T19:30:00+00:00,Prairie View A&M Panthers,Michigan State Spartans,Spartan Stadium,0,resolved_schedule_stadium,42.7281474,-84.4848526,America/Detroit,USA,,,,,,,,,42.7281474,-84.4848526,America/Detroit,0.0,0.0,0.0,0,0,0,2024-09-14T19:00:00+00:00,28.9,3.33,7.9,,0.0,0.0,0.0,0,0,44,1,open_air,open_air,0,0,1,open-meteo-era5,ok
2024,2,3,401628481,2024-09-14,14:30,2024-09-14T19:30:00+00:00,Nevada Wolf Pack,Minnesota Golden Gophers,Huntington Bank Stadium,0,resolved_schedule_stadium,44.976525,-93.2245462,America/Chicago,USA,39.5469459,-119.8175435,America/Los_Angeles,1403.5,2.0,2.0,0,1,44.976525,-93.2245462,America/Chicago,0.0,0.0,0.0,0,0,0,2024-09-14T19:00:00+00:00,23.9,3.34,6.4,,0.1,0.1,0.0,1,0,72,51,open_air,open_air,0,0,1,open-meteo-era5,ok
2024,2,3,401628482,2024-09-14,18:30,2024-09-14T23:30:00+00:00,Northern Iowa Panthers,Nebraska Cornhuskers,"Memorial Stadium (Lincoln, NE)",0,ambiguous_schedule_stadium,,,America/Chicago,,,,,,,,,,40.820682,-96.705594,America/Chicago,,,,,,,,,,,,,,,,,,,open_air,,,,,,venue_unresolved
2024,2,3,401628483,2024-09-14,12:30,2024-09-14T19:30:00+00:00,Oregon Ducks,Oregon State Beavers,Reser Stadium,0,resolved_schedule_stadium,44.5594559,-123.2814341,America/Los_Angeles,USA,44.0582712,-123.0684883,America/Los_Angeles,36.2,0.0,0.0,1,0,44.5594559,-123.2814341,America/Los_Angeles,0.0,0.0,0.0,0,0,0,2024-09-14T19:00:00+00:00,20.9,1.45,5.0,,0.0,0.0,0.0,0,0,60,1,open_air,open_air,0,0,1,open-meteo-era5,ok
2024,2,3,401628484,2024-09-14,19:30,,Washington State Cougars,Washington Huskies,Lumen Field,1,unresolved_neutral_venue,,,,,46.731831,-117.1604991,America/Los_Angeles,,,,,,47.6503235,-122.3015746,America/Los_Angeles,,,,,,,,,,,,,,,,,,,,,,,,,venue_unresolved
2024,2,3,401628609,2024-09-14,17:00,,Delaware Blue Hens,North Carolina A&T Aggies,Truist Stadium,0,unresolved_schedule_stadium,,,,,39.6617428,-75.7488224,America/New_York,,,,,,,,,,,,,,,,,,,,,,,,,,,,,,,,,venue_unresolved
2024,2,3,401628978,2024-09-14,15:30,2024-09-14T19:30:00+00:00,Notre Dame Fighting Irish,Purdue Boilermakers,Ross-Ade Stadium,0,resolved_schedule_stadium,40.4352253,-86.9186843,America/Indiana/Indianapolis,USA,41.698378,-86.2339425,America/Indiana/Indianapolis,94.3,0.0,0.0,1,0,40.4352253,-86.9186843,America/Indiana/Indianapolis,0.0,0.0,0.0,0,0,0,2024-09-14T19:00:00+00:00,31.1,4.38,9.2,,0.0,0.0,0.0,0,0,41,0,open_air,open_air,0,0,1,open-meteo-era5,ok
2024,2,3,401629030,2024-09-14,18:00,2024-09-14T22:00:00+00:00,UConn Huskies,Duke Blue Devils,Wallace Wade Stadium,0,resolved_schedule_stadium,35.9953688,-78.9417564,America/New_York,USA,41.7595675,-72.6187728,America/New_York,523.4,0.0,0.0,1,0,35.9953688,-78.9417564,America/New_York,0.0,0.0,0.0,0,0,0,2024-09-14T22:00:00+00:00,25.7,3.55,8.5,,0.0,0.0,0.0,0,0,63,3,open_air,open_air,0,0,1,open-meteo-era5,ok
2024,2,3,401629041,2024-09-14,13:00,2024-09-14T17:00:00+00:00,Massachusetts Minutemen,Buffalo Bulls,UB Stadium,0,resolved_schedule_stadium,42.9991334,-78.7775113,America/New_York,USA,42.3773244,-72.5360595,America/New_York,319.8,0.0,0.0,1,0,42.9991334,-78.7775113,America/New_York,0.0,0.0,0.0,0,0,0,2024-09-14T17:00:00+00:00,26.1,1.1,3.5,,0.0,0.0,0.0,0,0,53,0,open_air,open_air,0,0,1,open-meteo-era5,ok
2024,2,3,401634135,2024-09-14,21:30,,North Dakota State Bison,East Tennessee State Buccaneers,William B. Greene Jr. Stadium,0,unresolved_schedule_stadium,,,,,46.9029938,-96.8003251,America/Chicago,,,,,,,,,,,,,,,,,,,,,,,,,,,,,,,,,venue_unresolved
2024,2,3,401634182,2024-09-14,18:00,2024-09-14T23:00:00+00:00,Lindenwood Lions,Missouri State Bears,Plaster Sports Complex,0,resolved_schedule_stadium,37.1976229,-93.2798119,America/Chicago,USA,,,,,,,,,37.1976229,-93.2798119,America/Chicago,0.0,0.0,0.0,0,0,0,2024-09-14T23:00:00+00:00,27.2,3.0,7.3,,0.0,0.0,0.0,0,0,60,1,open_air,open_air,0,0,1,open-meteo-era5,ok
2024,2,3,401635541,2024-09-14,19:30,2024-09-15T02:30:00+00:00,San Diego State Aztecs,California Golden Bears,California Memorial Stadium,0,resolved_schedule_stadium,37.8710434,-122.2507729,America/Los_Angeles,USA,32.784444,-117.122833,America/Los_Angeles,454.9,0.0,0.0,1,0,37.8710434,-122.2507729,America/Los_Angeles,0.0,0.0,0.0,0,0,0,2024-09-15T02:00:00+00:00,17.4,3.76,8.1,,0.0,0.0,0.0,0,0,73,0,open_air,open_air,0,0,1,open-meteo-era5,ok
2024,2,3,401635542,2024-09-14,12:00,2024-09-14T16:00:00+00:00,Memphis Tigers,Florida State Seminoles,Doak Campbell Stadium,0,resolved_schedule_stadium,30.4381692,-84.3044032,America/New_York,USA,35.1209429,-89.977147,America/Chicago,461.6,1.0,1.0,0,1,30.4381692,-84.3044032,America/New_York,0.0,0.0,0.0,0,0,0,2024-09-14T16:00:00+00:00,25.4,2.0,6.6,,0.1,0.1,0.0,1,0,85,51,open_air,open_air,0,0,1,open-meteo-era5,ok
2024,2,3,401635543,2024-09-14,15:30,2024-09-14T19:30:00+00:00,VMI Keydets,Georgia Tech Yellow Jackets,Bobby Dodd Stadium,0,resolved_schedule_stadium,33.7724449,-84.3928054,America/New_York,USA,,,,,,,,,33.7724449,-84.3928054,America/New_York,0.0,0.0,0.0,0,0,0,2024-09-14T19:00:00+00:00,22.1,6.81,12.9,,2.0,2.0,0.0,1,0,92,61,open_air,open_air,0,0,1,open-meteo-era5,ok
2024,2,3,401635544,2024-09-14,17:55,2024-09-14T21:55:00+00:00,Ball State Cardinals,Miami Hurricanes,Hard Rock Stadium,0,resolved_schedule_stadium,25.9579665,-80.2388604,America/New_York,USA,40.2159422,-85.4161148,America/Indiana/Indianapolis,1029.2,0.0,0.0,0,1,25.9579665,-80.2388604,America/New_York,0.0,0.0,0.0,0,0,0,2024-09-14T22:00:00+00:00,26.8,1.38,4.1,,2.0,2.0,0.0,1,0,86,61,open_air,open_air,0,0,1,open-meteo-era5,ok
2024,2,3,401635545,2024-09-14,18:00,2024-09-14T22:00:00+00:00,North Carolina Central Eagles,North Carolina Tar Heels,Kenan Stadium,0,resolved_schedule_stadium,35.9069294,-79.0478889,America/New_York,USA,,,,,,,,,35.9069294,-79.0478889,America/New_York,0.0,0.0,0.0,0,0,0,2024-09-14T22:00:00+00:00,25.6,3.55,8.5,,0.0,0.0,0.0,0,0,63,3,open_air,open_air,0,0,1,open-meteo-era5,ok
2024,2,3,401635546,2024-09-14,12:00,2024-09-14T16:00:00+00:00,Louisiana Tech Bulldogs,NC State Wolfpack,Carter-Finley Stadium,0,resolved_schedule_stadium,35.8008001,-78.7195655,America/New_York,USA,32.5321487,-92.6560019,America/Chicago,827.3,1.0,1.0,0,1,35.8008001,-78.7195655,America/New_York,0.0,0.0,0.0,0,0,0,2024-09-14T16:00:00+00:00,24.4,5.34,13.4,,0.0,0.0,0.0,0,0,75,3,open_air,open_air,0,0,1,open-meteo-era5,ok
2024,2,3,401635547,2024-09-14,15:30,2024-09-14T19:30:00+00:00,West Virginia Mountaineers,Pittsburgh Panthers,Acrisure Stadium,0,resolved_schedule_stadium,40.4467648,-80.0157603,America/New_York,USA,39.6502744,-79.9551873,America/New_York,55.1,0.0,0.0,1,0,40.4467648,-80.0157603,America/New_York,0.0,0.0,0.0,0,0,0,2024-09-14T19:00:00+00:00,29.8,3.31,8.9,,0.0,0.0,0.0,0,0,37,0,open_air,open_air,0,0,1,open-meteo-era5,ok
2024,2,3,401635548,2024-09-14,18:00,2024-09-14T22:00:00+00:00,Virginia Tech Hokies,Old Dominion Monarchs,S.B. Ballard Stadium,0,resolved_schedule_stadium,36.8889533,-76.3049175,America/New_York,USA,37.2199873,-80.4180643,America/New_York,227.9,0.0,0.0,0,1,36.8889533,-76.3049175,America/New_York,0.0,0.0,0.0,0,0,0,2024-09-14T22:00:00+00:00,23.9,5.55,11.5,,0.0,0.0,0.0,0,0,81,3,open_air,open_air,0,0,1,open-meteo-era5,ok
2024,2,3,401636364,2024-09-14,18:30,2024-09-14T22:30:00+00:00,Bethune-Cookman Wildcats,Western Michigan Broncos,Waldo Stadium,0,resolved_schedule_stadium,42.2860064,-85.6007573,America/Detroit,USA,,,,,,,,,42.2860064,-85.6007573,America/Detroit,0.0,0.0,0.0,0,0,0,2024-09-14T22:00:00+00:00,27.8,3.13,5.9,,0.0,0.0,0.0,0,0,49,0,open_air,open_air,0,0,1,open-meteo-era5,ok
2024,2,3,401636860,2024-09-14,18:30,2024-09-14T23:30:00+00:00,Air Force Falcons,Baylor Bears,McLane Stadium,0,resolved_schedule_stadium,31.5582015,-97.1156702,America/Chicago,USA,38.9969701,-104.8436165,America/Denver,673.4,1.0,1.0,0,1,31.5582015,-97.1156702,America/Chicago,0.0,0.0,0.0,0,0,0,2024-09-14T23:00:00+00:00,36.2,4.31,4.0,,0.0,0.0,0.0,0,0,35,3,open_air,open_air,0,0,1,open-meteo-era5,ok
2024,2,3,401636861,2024-09-14,17:30,2024-09-14T23:30:00+00:00,Colorado Buffaloes,Colorado State Rams,Canvas Stadium,0,resolved_schedule_stadium,40.570015,-105.088435,America/Denver,USA,40.0094746,-105.266905,America/Denver,39.9,0.0,0.0,0,1,40.570015,-105.088435,America/Denver,0.0,0.0,0.0,0,0,0,2024-09-14T23:00:00+00:00,29.5,3.07,9.8,,0.0,0.0,0.0,0,0,16,0,open_air,open_air,0,0,1,open-meteo-era5,ok
2024,2,3,401636862,2024-09-14,19:00,2024-09-15T00:00:00+00:00,Rice Owls,Houston Cougars,TDECU Stadium,0,resolved_schedule_stadium,29.7219885,-95.3491623,America/Chicago,USA,29.7163297,-95.4093261,America/Chicago,3.6,0.0,0.0,0,1,29.7219885,-95.3491623,America/Chicago,0.0,0.0,0.0,0,0,0,2024-09-15T00:00:00+00:00,31.7,1.81,3.1,,0.0,0.0,0.0,0,0,64,3,open_air,open_air,0,0,1,open-meteo-era5,ok
2024,2,3,401636865,2024-09-14,12:00,2024-09-14T16:00:00+00:00,Cincinnati Bearcats,Miami (OH) RedHawks,Yager Stadium,0,resolved_schedule_stadium,39.5197009,-84.7330255,America/New_York,USA,39.1312495,-84.5161913,America/New_York,29.2,0.0,0.0,1,0,39.5197009,-84.7330255,America/New_York,0.0,0.0,0.0,0,0,0,2024-09-14T16:00:00+00:00,26.7,3.53,8.3,,0.0,0.0,0.0,0,0,56,0,open_air,open_air,0,0,1,open-meteo-era5,ok
2024,2,3,401636866,2024-09-14,18:30,2024-09-14T23:30:00+00:00,UCF Knights,TCU Horned Frogs,Amon G. Carter Stadium,0,resolved_schedule_stadium,32.7096604,-97.3680835,America/Chicago,USA,28.6079765,-81.1927233,America/New_York,1001.1,-1.0,1.0,1,0,32.7096604,-97.3680835,America/Chicago,0.0,0.0,0.0,0,0,0,2024-09-14T23:00:00+00:00,34.2,0.45,5.6,,0.0,0.0,0.0,0,0,45,3,open_air,open_air,0,0,1,open-meteo-era5,ok
2024,2,3,401636868,2024-09-14,11:00,2024-09-14T16:00:00+00:00,North Texas Mean Green,Texas Tech Red Raiders,Jones AT&T Stadium,0,resolved_schedule_stadium,33.5910518,-101.8728824,America/Chicago,USA,33.203899,-97.159245,America/Chicago,273.2,0.0,0.0,1,0,33.5910518,-101.8728824,America/Chicago,0.0,0.0,0.0,0,0,0,2024-09-14T16:00:00+00:00,28.3,5.02,10.1,,0.0,0.0,0.0,0,0,48,1,open_air,open_air,0,0,1,open-meteo-era5,ok
2024,2,3,401636869,2024-09-14,11:00,2024-09-14T16:00:00+00:00,Oklahoma State Cowboys,Tulsa Golden Hurricane,Chapman Stadium,0,resolved_schedule_stadium,36.1489175,-95.9437853,America/Chicago,USA,36.125673,-97.066513,America/Chicago,62.7,0.0,0.0,0,1,36.1489175,-95.9437853,America/Chicago,0.0,0.0,0.0,0,0,0,2024-09-14T16:00:00+00:00,23.2,4.07,7.5,,0.0,0.0,0.0,0,0,72,1,open_air,open_air,0,0,1,open-meteo-era5,ok
2024,2,3,401636870,2024-09-14,14:30,2024-09-14T20:30:00+00:00,Utah Utes,Utah State Aggies,Maverik Stadium,0,resolved_schedule_stadium,41.7517394,-111.8116007,America/Denver,USA,40.7599724,-111.8488255,America/Denver,68.6,0.0,0.0,0,1,41.7517394,-111.8116007,America/Denver,0.0,0.0,0.0,0,0,0,2024-09-14T20:00:00+00:00,26.2,3.67,12.3,,0.0,0.0,0.0,0,0,20,0,open_air,open_air,0,0,1,open-meteo-era5,ok
2024,2,3,401636871,2024-09-14,19:00,2024-09-15T01:00:00+00:00,BYU Cougars,Wyoming Cowboys,War Memorial Stadium,0,resolved_schedule_stadium,41.31161,-105.5681384,America/Denver,USA,40.2575347,-111.6545247,America/Denver,326.6,0.0,0.0,0,1,41.31161,-105.5681384,America/Denver,0.0,0.0,0.0,0,0,0,2024-09-15T01:00:00+00:00,22.0,1.75,3.0,,0.0,0.0,0.0,0,0,17,0,open_air,open_air,0,0,1,open-meteo-era5,ok
2024,2,3,401640980,2024-09-14,19:42,2024-09-14T23:42:00+00:00,Florida International Panthers,Florida Atlantic Owls,FAU Stadium,0,resolved_schedule_stadium,26.3763763,-80.1015759,America/New_York,USA,25.7525014,-80.3778912,America/New_York,46.4,0.0,0.0,0,1,26.3763763,-80.1015759,America/New_York,0.0,0.0,0.0,0,0,0,2024-09-15T00:00:00+00:00,27.0,1.36,3.3,,0.0,0.0,0.0,0,0,86,3,open_air,open_air,0,0,1,open-meteo-era5,ok
2024,2,3,401640990,2024-09-14,18:00,2024-09-14T22:00:00+00:00,UTEP Miners,Liberty Flames,Williams Stadium (VA),0,resolved_schedule_stadium,37.3544305,-79.1750239,America/New_York,USA,31.7733353,-106.507957,America/Denver,1596.2,2.0,2.0,0,1,37.3544305,-79.1750239,America/New_York,0.0,0.0,0.0,0,0,0,2024-09-14T22:00:00+00:00,25.6,3.01,7.4,,0.0,0.0,0.0,0,0,53,1,open_air,open_air,0,0,1,open-meteo-era5,ok
2024,2,3,401640999,2024-09-14,19:00,2024-09-14T23:00:00+00:00,Jacksonville State Gamecocks,Eastern Michigan Eagles,Rynearson Stadium,0,resolved_schedule_stadium,42.256126,-83.647285,America/Detroit,USA,33.8201052,-85.76647,America/Chicago,594.1,1.0,1.0,0,1,42.256126,-83.647285,America/Detroit,0.0,0.0,0.0,0,0,0,2024-09-14T23:00:00+00:00,24.5,3.46,7.0,,0.0,0.0,0.0,0,0,57,0,open_air,open_air,0,0,1,open-meteo-era5,ok
2024,2,3,401641017,2024-09-14,16:00,2024-09-14T23:00:00+00:00,Kennesaw State Owls,San José State Spartans,CEFCU Stadium,0,resolved_schedule_stadium,37.3196675,-121.8682962,America/Los_Angeles,USA,34.0289318,-84.5676234,America/New_York,2092.4,-3.0,3.0,1,0,37.3196675,-121.8682962,America/Los_Angeles,0.0,0.0,0.0,0,0,0,2024-09-14T23:00:00+00:00,27.7,2.6,7.4,,0.0,0.0,0.0,0,0,41,0,open_air,open_air,0,0,1,open-meteo-era5,ok
2024,2,3,401641024,2024-09-14,18:00,2024-09-14T23:00:00+00:00,Western Kentucky Hilltoppers,Middle Tennessee Blue Raiders,"Johnny ""Red"" Floyd Stadium",0,resolved_schedule_stadium,35.8511463,-86.3681649,America/Chicago,USA,36.9847901,-86.4594041,America/Chicago,78.5,0.0,0.0,0,1,35.8511463,-86.3681649,America/Chicago,0.0,0.0,0.0,0,0,0,2024-09-14T23:00:00+00:00,24.1,1.63,3.0,,0.8,0.8,0.0,1,0,91,53,open_air,open_air,0,0,1,open-meteo-era5,ok
2024,2,3,401641033,2024-09-14,19:30,2024-09-15T02:30:00+00:00,New Mexico State Aggies,Fresno State Bulldogs,Valley Children's Stadium,0,resolved_schedule_stadium,36.8143527,-119.7580092,America/Los_Angeles,USA,32.2796202,-106.7411148,America/Denver,803.4,-1.0,1.0,1,0,36.8143527,-119.7580092,America/Los_Angeles,0.0,0.0,0.0,0,0,0,2024-09-15T02:00:00+00:00,28.5,2.26,3.6,,0.0,0.0,0.0,0,0,33,0,open_air,open_air,0,0,1,open-meteo-era5,ok
2024,2,3,401641040,2024-09-14,18:00,2024-09-14T23:00:00+00:00,Hawai'i Rainbow Warriors,Sam Houston Bearkats,Elliott T. Bowers Stadium,0,resolved_schedule_stadium,30.713926,-95.5419802,America/Chicago,USA,21.294294,-157.819338,Pacific/Honolulu,3874.4,5.0,5.0,0,1,30.713926,-95.5419802,America/Chicago,0.0,0.0,0.0,0,0,0,2024-09-14T23:00:00+00:00,35.2,1.97,3.6,,0.0,0.0,0.0,0,0,42,1,open_air,open_air,0,0,1,open-meteo-era5,ok
2024,2,3,401643785,2024-09-14,16:00,2024-09-14T20:00:00+00:00,App State Mountaineers,East Carolina Pirates,Dowdy-Ficklen Stadium,0,resolved_schedule_stadium,35.5968486,-77.364564,America/New_York,USA,36.2114267,-81.6854278,America/New_York,245.5,0.0,0.0,0,1,35.5968486,-77.364564,America/New_York,0.0,0.0,0.0,0,0,0,2024-09-14T20:00:00+00:00,24.1,5.76,10.8,,0.3,0.3,0.0,1,0,85,51,open_air,open_air,0,0,1,open-meteo-era5,ok
2024,2,3,401643786,2024-09-14,14:00,2024-09-14T18:00:00+00:00,Coastal Carolina Chanticleers,Temple Owls,Lincoln Financial Field,0,resolved_schedule_stadium,39.9007995,-75.1675414,America/New_York,USA,33.7928506,-79.0166946,America/New_York,472.5,0.0,0.0,0,1,39.9007995,-75.1675414,America/New_York,0.0,0.0,0.0,0,0,0,2024-09-14T18:00:00+00:00,29.8,3.37,8.9,,0.0,0.0,0.0,0,0,43,0,open_air,open_air,0,0,1,open-meteo-era5,ok
2024,2,3,401643787,2024-09-14,18:00,2024-09-14T22:00:00+00:00,South Carolina State Bulldogs,Georgia Southern Eagles,Allen E. Paulson Stadium,0,resolved_schedule_stadium,32.4122471,-81.7849296,America/New_York,USA,,,,,,,,,32.4122471,-81.7849296,America/New_York,0.0,0.0,0.0,0,0,0,2024-09-14T22:00:00+00:00,27.5,1.59,8.0,,0.1,0.1,0.0,1,0,69,51,open_air,open_air,0,0,1,open-meteo-era5,ok
2024,2,3,401643789,2024-09-14,18:00,2024-09-14T23:00:00+00:00,South Florida Bulls,Southern Miss Golden Eagles,M. M. Roberts Stadium,0,resolved_schedule_stadium,31.3289321,-89.3318118,America/Chicago,USA,27.9758691,-82.5033344,America/New_York,470.8,-1.0,1.0,1,0,31.3289321,-89.3318118,America/Chicago,0.0,0.0,0.0,0,0,0,2024-09-14T23:00:00+00:00,26.7,2.27,3.1,,0.7,0.7,0.0,1,0,75,53,open_air,open_air,0,0,1,open-meteo-era5,ok
2024,2,3,401644733,2024-09-14,18:00,2024-09-14T22:00:00+00:00,Colgate Raiders,Akron Zips,InfoCision Stadium,0,resolved_schedule_stadium,41.0725534,-81.5083408,America/New_York,USA,,,,,,,,,41.0725534,-81.5083408,America/New_York,0.0,0.0,0.0,0,0,0,2024-09-14T22:00:00+00:00,27.3,3.21,6.4,,0.0,0.0,0.0,0,0,42,0,open_air,open_air,0,0,1,open-meteo-era5,ok
2024,2,3,401644734,2024-09-14,15:30,2024-09-14T19:30:00+00:00,Morgan State Bears,Ohio Bobcats,Peden Stadium,0,resolved_schedule_stadium,39.3212794,-82.1034315,America/New_York,USA,,,,,,,,,39.3212794,-82.1034315,America/New_York,0.0,0.0,0.0,0,0,0,2024-09-14T19:00:00+00:00,31.4,3.07,9.0,,0.0,0.0,0.0,0,0,29,0,open_air,open_air,0,0,1,open-meteo-era5,ok
2024,2,3,401645327,2024-09-14,18:00,2024-09-14T22:00:00+00:00,Gardner-Webb Runnin' Bulldogs,Charlotte 49ers,Jerry Richardson Stadium,0,resolved_schedule_stadium,35.3105033,-80.7401194,America/New_York,USA,,,,,,,,,35.3105033,-80.7401194,America/New_York,0.0,0.0,0.0,0,0,0,2024-09-14T22:00:00+00:00,26.8,3.54,10.2,,0.0,0.0,0.0,0,0,54,1,open_air,open_air,0,0,1,open-meteo-era5,ok
2024,2,3,401655618,2024-09-14,18:00,2024-09-15T01:00:00+00:00,Nicholls Colonels,Sacramento State Hornets,Hornet Stadium,0,resolved_schedule_stadium,38.5556718,-121.4229607,America/Los_Angeles,USA,,,,,,,,,38.5556718,-121.4229607,America/Los_Angeles,0.0,0.0,0.0,0,0,0,2024-09-15T01:00:00+00:00,30.3,4.22,9.3,,0.0,0.0,0.0,0,0,30,0,open_air,open_air,0,0,1,open-meteo-era5,ok
2024,2,3,401655632,2024-09-14,18:30,2024-09-14T23:30:00+00:00,Eastern Illinois Panthers,Northwestern Wildcats,Ryan Field,0,resolved_schedule_stadium,42.0653994,-87.6924751,America/Chicago,USA,,,,,,,,,42.0653994,-87.6924751,America/Chicago,0.0,0.0,0.0,0,0,0,2024-09-14T23:00:00+00:00,26.2,3.42,6.5,,0.0,0.0,0.0,0,0,61,1,open_air,open_air,0,0,1,open-meteo-era5,ok
2024,2,4,401643790,2024-09-19,19:30,2024-09-19T23:30:00+00:00,South Alabama Jaguars,App State Mountaineers,Kidd Brewer Stadium,0,resolved_schedule_stadium,36.2114267,-81.6854278,America/New_York,USA,30.6943566,-88.0430541,America/Chicago,528.5,1.0,1.0,0,1,36.2114267,-81.6854278,America/New_York,0.0,0.0,0.0,0,0,0,2024-09-19T23:00:00+00:00,20.5,0.14,2.4,,0.0,0.0,0.0,0,0,82,1,open_air,open_air,0,0,1,open-meteo-era5,ok
2024,2,4,401628485,2024-09-20,19:00,2024-09-21T00:00:00+00:00,Illinois Fighting Illini,Nebraska Cornhuskers,"Memorial Stadium (Lincoln, NE)",0,ambiguous_schedule_stadium,,,America/Chicago,,40.0993268,-88.2359569,America/Chicago,,,,,,40.820682,-96.705594,America/Chicago,,,,,,,,,,,,,,,,,,,open_air,,,,,,venue_unresolved
2024,2,4,401634766,2024-09-20,19:30,2024-09-20T23:30:00+00:00,Stanford Cardinal,Syracuse Orange,JMA Wireless Dome,0,resolved_schedule_stadium,43.0362269,-76.1363161,America/New_York,USA,37.4345556,-122.1611271,America/Los_Angeles,2427.4,3.0,3.0,0,1,43.0362269,-76.1363161,America/New_York,0.0,0.0,0.0,0,0,0,2024-09-20T23:00:00+00:00,22.2,2.9,5.1,,0.0,0.0,0.0,0,0,66,1,dome,dome,1,0,0,open-meteo-era5,ok
2024,2,4,401643714,2024-09-20,19:00,2024-09-21T02:00:00+00:00,San José State Spartans,Washington State Cougars,Gesa Field,0,resolved_schedule_stadium,46.731831,-117.1604991,America/Los_Angeles,USA,37.3196675,-121.8682962,America/Los_Angeles,693.4,0.0,0.0,0,1,46.731831,-117.1604991,America/Los_Angeles,0.0,0.0,0.0,0,0,0,2024-09-21T02:00:00+00:00,16.8,2.21,4.5,,0.0,0.0,0.0,0,0,37,3,open_air,open_air,0,0,1,open-meteo-era5,ok
2024,2,4,401628363,2024-09-21,14:30,2024-09-21T19:30:00+00:00,Arkansas Razorbacks,Auburn Tigers,Jordan-Hare Stadium,0,resolved_schedule_stadium,32.6025532,-85.4897479,America/Chicago,USA,36.0680662,-94.1789534,America/Chicago,550.3,0.0,0.0,0,1,32.6025532,-85.4897479,America/Chicago,0.0,0.0,0.0,0,0,0,2024-09-21T19:00:00+00:00,32.3,0.41,2.7,,0.0,0.0,0.0,0,0,47,1,open_air,open_air,0,0,1,open-meteo-era5,ok
2024,2,4,401628364,2024-09-21,12:45,2024-09-21T16:45:00+00:00,Ohio Bobcats,Kentucky Wildcats,Kroger Field,0,resolved_schedule_stadium,38.0220905,-84.5053408,America/New_York,USA,39.3212794,-82.1034315,America/New_York,157.6,0.0,0.0,1,0,38.0220905,-84.5053408,America/New_York,0.0,0.0,0.0,0,0,0,2024-09-21T17:00:00+00:00,27.8,1.31,8.6,,0.2,0.2,0.0,1,0,64,51,open_air,open_air,0,0,1,open-meteo-era5,ok
2024,2,4,401628365,2024-09-21,14:30,2024-09-21T19:30:00+00:00,UCLA Bruins,LSU Tigers,Tiger Stadium (LA),0,resolved_schedule_stadium,30.412035,-91.1838163,America/Chicago,USA,34.1613284,-118.1676462,America/Los_Angeles,1592.5,2.0,2.0,0,1,30.412035,-91.1838163,America/Chicago,0.0,0.0,0.0,0,0,0,2024-09-21T19:00:00+00:00,33.1,2.1,5.5,,0.0,0.0,0.0,0,0,48,1,open_air,open_air,0,0,1,open-meteo-era5,ok
2024,2,4,401628366,2024-09-21,18:45,2024-09-21T23:45:00+00:00,Georgia Southern Eagles,Ole Miss Rebels,Vaught-Hemingway Stadium,0,resolved_schedule_stadium,34.3619837,-89.5342076,America/Chicago,USA,32.4122471,-81.7849296,America/New_York,466.8,-1.0,1.0,1,0,34.3619837,-89.5342076,America/Chicago,0.0,0.0,0.0,0,0,0,2024-09-22T00:00:00+00:00,28.5,0.94,2.6,,0.0,0.0,0.0,0,0,70,1,open_air,open_air,0,0,1,open-meteo-era5,ok
2024,2,4,401628367,2024-09-21,11:00,2024-09-21T16:00:00+00:00,Florida Gators,Mississippi State Bulldogs,Davis Wade Stadium,0,resolved_schedule_stadium,33.4563403,-88.7933652,America/Chicago,USA,29.6499357,-82.3485788,America/New_York,461.5,-1.0,1.0,1,0,33.4563403,-88.7933652,America/Chicago,0.0,0.0,0.0,0,0,0,2024-09-21T16:00:00+00:00,30.7,0.86,3.5,,0.0,0.0,0.0,0,0,56,0,open_air,open_air,0,0,1,open-meteo-era5,ok
2024,2,4,401628368,2024-09-21,15:15,2024-09-21T20:15:00+00:00,Vanderbilt Commodores,Missouri Tigers,Memorial Stadium,0,ambiguous_schedule_stadium,,,America/Chicago,,36.1440455,-86.8088942,America/Chicago,,,,,,38.9358491,-92.3332009,America/Chicago,,,,,,,,,,,,,,,,,,,open_air,,,,,,venue_unresolved
2024,2,4,401628369,2024-09-21,18:30,2024-09-21T23:30:00+00:00,Tennessee Volunteers,Oklahoma Sooners,"Memorial Stadium (Norman, OK)",0,ambiguous_schedule_stadium,,,America/Chicago,,35.9550131,-83.9250128,America/New_York,,,,,,35.2058537,-97.4423145,America/Chicago,,,,,,,,,,,,,,,,,,,open_air,,,,,,venue_unresolved
2024,2,4,401628370,2024-09-21,19:30,2024-09-21T23:30:00+00:00,Akron Zips,South Carolina Gamecocks,Williams-Brice Stadium,0,resolved_schedule_stadium,33.9730239,-81.0191726,America/New_York,USA,41.0725534,-81.5083408,America/New_York,491.3,0.0,0.0,0,1,33.9730239,-81.0191726,America/New_York,0.0,0.0,0.0,0,0,0,2024-09-21T23:00:00+00:00,28.4,1.83,2.3,,0.0,0.0,0.0,0,0,61,1,open_air,open_air,0,0,1,open-meteo-era5,ok
2024,2,4,401628371,2024-09-21,19:00,2024-09-22T00:00:00+00:00,UL Monroe Warhawks,Texas Longhorns,DKR-Texas Memorial Stadium,0,resolved_schedule_stadium,30.2836813,-97.7325345,America/Chicago,USA,32.5308089,-92.0660602,America/Chicago,368.4,0.0,0.0,1,0,30.2836813,-97.7325345,America/Chicago,0.0,0.0,0.0,0,0,0,2024-09-22T00:00:00+00:00,34.3,3.61,5.6,,0.0,0.0,0.0,0,0,35,1,open_air,open_air,0,0,1,open-meteo-era5,ok
2024,2,4,401628372,2024-09-21,18:30,2024-09-21T23:30:00+00:00,Bowling Green Falcons,Texas A&M Aggies,Kyle Field,0,resolved_schedule_stadium,30.6098891,-96.3403828,America/Chicago,USA,41.3780114,-83.6225,America/New_York,1026.9,-1.0,1.0,1,0,30.6098891,-96.3403828,America/Chicago,0.0,0.0,0.0,0,0,0,2024-09-21T23:00:00+00:00,34.6,3.86,9.1,,0.0,0.0,0.0,0,0,35,2,open_air,open_air,0,0,1,open-meteo-era5,ok
2024,2,4,401628486,2024-09-21,12:00,2024-09-21T16:00:00+00:00,Charlotte 49ers,Indiana Hoosiers,"Memorial Stadium (Bloomington, IN)",0,resolved_schedule_stadium_timezone,39.1808959,-86.5256217,America/Indiana/Indianapolis,USA,35.3105033,-80.7401194,America/New_York,415.5,0.0,0.0,1,0,39.1808959,-86.5256217,America/Indiana/Indianapolis,0.0,0.0,0.0,0,0,0,2024-09-21T16:00:00+00:00,29.5,1.36,4.5,,0.0,0.0,0.0,0,0,56,1,open_air,open_air,0,0,1,open-meteo-era5,ok
2024,2,4,401628487,2024-09-21,18:30,2024-09-21T23:30:00+00:00,Iowa Hawkeyes,Minnesota Golden Gophers,Huntington Bank Stadium,0,resolved_schedule_stadium,44.976525,-93.2245462,America/Chicago,USA,41.6586045,-91.5510829,America/Chicago,244.2,0.0,0.0,1,0,44.976525,-93.2245462,America/Chicago,0.0,0.0,0.0,0,0,0,2024-09-21T23:00:00+00:00,24.9,4.1,8.3,,0.0,0.0,0.0,0,0,54,1,open_air,open_air,0,0,1,open-meteo-era5,ok
2024,2,4,401628488,2024-09-21,12:00,2024-09-21T16:00:00+00:00,Villanova Wildcats,Maryland Terrapins,SECU Stadium,0,resolved_schedule_stadium,38.9903332,-76.9473792,America/New_York,USA,,,,,,,,,38.9903332,-76.9473792,America/New_York,0.0,0.0,0.0,0,0,0,2024-09-21T16:00:00+00:00,25.3,2.0,7.0,,0.0,0.0,0.0,0,0,67,3,open_air,open_air,0,0,1,open-meteo-era5,ok
2024,2,4,401628489,2024-09-21,15:30,2024-09-21T19:30:00+00:00,USC Trojans,Michigan Wolverines,Michigan Stadium,0,resolved_schedule_stadium,42.2658365,-83.7486956,America/Detroit,USA,34.014167,-118.287778,America/Los_Angeles,1946.6,3.0,3.0,0,1,42.2658365,-83.7486956,America/Detroit,0.0,0.0,0.0,0,0,0,2024-09-21T19:00:00+00:00,29.3,2.71,6.8,,0.0,0.0,0.0,0,0,36,0,open_air,open_air,0,0,1,open-meteo-era5,ok
2024,2,4,401628490,2024-09-21,20:00,2024-09-22T00:00:00+00:00,Michigan State Spartans,Boston College Eagles,"Alumni Stadium (Chestnut Hill, MA)",0,resolved_schedule_stadium,42.335104,-71.1664413,America/New_York,USA,42.7281474,-84.4848526,America/Detroit,678.0,0.0,0.0,0,1,42.335104,-71.1664413,America/New_York,0.0,0.0,0.0,0,0,0,2024-09-22T00:00:00+00:00,15.0,4.09,8.7,,0.9,0.9,0.0,1,0,92,53,open_air,open_air,0,0,1,open-meteo-era5,ok
2024,2,4,401628491,2024-09-21,16:00,2024-09-21T23:00:00+00:00,Northwestern Wildcats,Washington Huskies,Husky Stadium,0,resolved_schedule_stadium,47.6503235,-122.3015746,America/Los_Angeles,USA,42.0653994,-87.6924751,America/Chicago,1723.1,-2.0,2.0,1,0,47.6503235,-122.3015746,America/Los_Angeles,0.0,0.0,0.0,0,0,0,2024-09-21T23:00:00+00:00,19.0,1.51,4.6,,0.0,0.0,0.0,0,0,57,1,open_air,open_air,0,0,1,open-meteo-era5,ok
2024,2,4,401628492,2024-09-21,12:00,2024-09-21T16:00:00+00:00,Marshall Thundering Herd,Ohio State Buckeyes,Ohio Stadium,0,resolved_schedule_stadium,40.0016447,-83.0197266,America/New_York,USA,38.4247042,-82.4214412,America/New_York,113.6,0.0,0.0,1,0,40.0016447,-83.0197266,America/New_York,0.0,0.0,0.0,0,0,0,2024-09-21T16:00:00+00:00,28.3,2.49,5.3,,0.0,0.0,0.0,0,0,50,0,open_air,open_air,0,0,1,open-meteo-era5,ok
2024,2,4,401628493,2024-09-21,15:30,2024-09-21T19:30:00+00:00,Kent State Golden Flashes,Penn State Nittany Lions,Beaver Stadium,0,resolved_schedule_stadium,40.8121958,-77.8561023,America/New_York,USA,41.1390935,-81.31346,America/New_York,181.8,0.0,0.0,0,1,40.8121958,-77.8561023,America/New_York,0.0,0.0,0.0,0,0,0,2024-09-21T19:00:00+00:00,24.9,2.06,6.3,,0.0,0.0,0.0,0,0,64,2,open_air,open_air,0,0,1,open-meteo-era5,ok
2024,2,4,401628494,2024-09-21,15:30,2024-09-21T19:30:00+00:00,Rutgers Scarlet Knights,Virginia Tech Hokies,Lane Stadium,0,resolved_schedule_stadium,37.2199873,-80.4180643,America/New_York,USA,40.5462553,-74.4660408,America/New_York,393.9,0.0,0.0,1,0,37.2199873,-80.4180643,America/New_York,0.0,0.0,0.0,0,0,0,2024-09-21T19:00:00+00:00,28.7,2.46,7.4,,0.0,0.0,0.0,0,0,44,2,open_air,open_air,0,0,1,open-meteo-era5,ok
2024,2,4,401628621,2024-09-21,18:00,2024-09-21T22:00:00+00:00,Pennsylvania Quakers,Delaware Blue Hens,Delaware Stadium,0,resolved_schedule_stadium,39.6617428,-75.7488224,America/New_York,USA,,,,,,,,,39.6617428,-75.7488224,America/New_York,0.0,0.0,0.0,0,0,0,2024-09-21T22:00:00+00:00,23.8,0.3,1.9,,0.0,0.0,0.0,0,0,70,3,open_air,open_air,0,0,1,open-meteo-era5,ok
2024,2,4,401628625,2024-09-21,18:00,2024-09-21T22:00:00+00:00,Monmouth Hawks,Florida International Panthers,FIU Stadium,0,resolved_schedule_stadium,25.7525014,-80.3778912,America/New_York,USA,,,,,,,,,25.7525014,-80.3778912,America/New_York,0.0,0.0,0.0,0,0,0,2024-09-21T22:00:00+00:00,29.0,1.73,5.3,,0.1,0.1,0.0,1,0,70,51,open_air,open_air,0,0,1,open-meteo-era5,ok
2024,2,4,401628629,2024-09-21,13:00,2024-09-21T18:00:00+00:00,Towson Tigers,North Dakota State Bison,Fargodome,0,resolved_schedule_stadium,46.9029938,-96.8003251,America/Chicago,USA,,,,,,,,,46.9029938,-96.8003251,America/Chicago,0.0,0.0,0.0,0,0,0,2024-09-21T18:00:00+00:00,19.3,6.59,13.0,,0.0,0.0,0.0,0,0,61,2,dome,dome,1,0,0,open-meteo-era5,ok
2024,2,4,401628979,2024-09-21,15:30,2024-09-21T19:30:00+00:00,Miami (OH) RedHawks,Notre Dame Fighting Irish,Notre Dame Stadium,0,resolved_schedule_stadium,41.698378,-86.2339425,America/Indiana/Indianapolis,USA,39.5197009,-84.7330255,America/New_York,169.9,0.0,0.0,1,0,41.698378,-86.2339425,America/Indiana/Indianapolis,0.0,0.0,0.0,0,0,0,2024-09-21T19:00:00+00:00,29.9,0.92,3.9,,0.0,0.0,0.0,0,0,38,0,open_air,open_air,0,0,1,open-meteo-era5,ok
2024,2,4,401629031,2024-09-21,19:00,2024-09-21T23:00:00+00:00,Florida Atlantic Owls,UConn Huskies,Pratt & Whitney Stadium,0,resolved_schedule_stadium,41.7595675,-72.6187728,America/New_York,USA,26.3763763,-80.1015759,America/New_York,1144.7,0.0,0.0,0,1,41.7595675,-72.6187728,America/New_York,0.0,0.0,0.0,0,0,0,2024-09-21T23:00:00+00:00,16.7,3.05,7.5,,0.0,0.0,0.0,0,0,81,3,open_air,open_air,0,0,1,open-meteo-era5,ok
2024,2,4,401629042,2024-09-21,15:30,2024-09-21T19:30:00+00:00,Central Connecticut Blue Devils,Massachusetts Minutemen,Warren McGuirk Alumni Stadium,0,resolved_schedule_stadium,42.3773244,-72.5360595,America/New_York,USA,,,,,,,,,42.3773244,-72.5360595,America/New_York,0.0,0.0,0.0,0,0,0,2024-09-21T19:00:00+00:00,20.2,3.48,8.4,,0.0,0.0,0.0,0,0,60,3,open_air,open_air,0,0,1,open-meteo-era5,ok
2024,2,4,401634183,2024-09-21,23:00,,Missouri State Bears,UT Martin Skyhawks,Hardy M. Graham Stadium,0,unresolved_schedule_stadium,,,,,37.1976229,-93.2798119,America/Chicago,,,,,,,,,,,,,,,,,,,,,,,,,,,,,,,,,venue_unresolved
2024,2,4,401634247,2024-09-21,15:30,2024-09-21T19:30:00+00:00,Youngstown State Penguins,Pittsburgh Panthers,Acrisure Stadium,0,resolved_schedule_stadium,40.4467648,-80.0157603,America/New_York,USA,,,,,,,,,40.4467648,-80.0157603,America/New_York,0.0,0.0,0.0,0,0,0,2024-09-21T19:00:00+00:00,26.7,1.76,7.2,,0.0,0.0,0.0,0,0,63,1,open_air,open_air,0,0,1,open-meteo-era5,ok
2024,2,4,401635551,2024-09-21,19:00,2024-09-21T23:00:00+00:00,California Golden Bears,Florida State Seminoles,Doak Campbell Stadium,0,resolved_schedule_stadium,30.4381692,-84.3044032,America/New_York,USA,37.8710434,-122.2507729,America/Los_Angeles,2213.5,3.0,3.0,0,1,30.4381692,-84.3044032,America/New_York,0.0,0.0,0.0,0,0,0,2024-09-21T23:00:00+00:00,29.8,1.84,3.5,,0.0,0.0,0.0,0,0,57,1,open_air,open_air,0,0,1,open-meteo-era5,ok
2024,2,4,401635552,2024-09-21,12:00,2024-09-21T16:00:00+00:00,NC State Wolfpack,Clemson Tigers,"Memorial Stadium (Clemson, SC)",0,resolved_schedule_stadium_timezone,34.6787737,-82.8432428,America/New_York,USA,35.8008001,-78.7195655,America/New_York,245.3,0.0,0.0,1,0,34.6787737,-82.8432428,America/New_York,0.0,0.0,0.0,0,0,0,2024-09-21T16:00:00+00:00,28.0,1.03,4.9,,0.0,0.0,0.0,0,0,60,3,open_air,open_air,0,0,1,open-meteo-era5,ok
2024,2,4,401635553,2024-09-21,15:00,2024-09-21T20:00:00+00:00,Duke Blue Devils,Middle Tennessee Blue Raiders,"Johnny ""Red"" Floyd Stadium",0,resolved_schedule_stadium,35.8511463,-86.3681649,America/Chicago,USA,35.9953688,-78.9417564,America/New_York,415.5,-1.0,1.0,1,0,35.8511463,-86.3681649,America/Chicago,0.0,0.0,0.0,0,0,0,2024-09-21T20:00:00+00:00,34.5,1.98,6.2,,0.0,0.0,0.0,0,0,36,2,open_air,open_air,0,0,1,open-meteo-era5,ok
2024,2,4,401635554,2024-09-21,15:30,2024-09-21T19:30:00+00:00,Georgia Tech Yellow Jackets,Louisville Cardinals,L&N Federal Credit Union Stadium,0,resolved_schedule_stadium,38.2057621,-85.7588141,America/Kentucky/Louisville,USA,33.7724449,-84.3928054,America/New_York,315.7,0.0,0.0,1,0,38.2057621,-85.7588141,America/Kentucky/Louisville,0.0,0.0,0.0,0,0,0,2024-09-21T19:00:00+00:00,31.7,0.86,3.9,,0.0,0.0,0.0,0,0,55,3,open_air,open_air,0,0,1,open-meteo-era5,ok
2024,2,4,401635555,2024-09-21,19:00,2024-09-21T23:00:00+00:00,Miami Hurricanes,South Florida Bulls,Raymond James Stadium,0,resolved_schedule_stadium,27.9758691,-82.5033344,America/New_York,USA,25.9579665,-80.2388604,America/New_York,197.2,0.0,0.0,1,0,27.9758691,-82.5033344,America/New_York,0.0,0.0,0.0,0,0,0,2024-09-21T23:00:00+00:00,29.7,2.57,4.9,,0.0,0.0,0.0,0,0,67,2,open_air,open_air,0,0,1,open-meteo-era5,ok
2024,2,4,401635556,2024-09-21,12:00,2024-09-21T16:00:00+00:00,James Madison Dukes,North Carolina Tar Heels,Kenan Stadium,0,resolved_schedule_stadium,35.9069294,-79.0478889,America/New_York,USA,38.4352919,-78.8729349,America/New_York,175.0,0.0,0.0,1,0,35.9069294,-79.0478889,America/New_York,0.0,0.0,0.0,0,0,0,2024-09-21T16:00:00+00:00,26.3,1.77,5.3,,0.0,0.0,0.0,0,0,66,1,open_air,open_air,0,0,1,open-meteo-era5,ok
2024,2,4,401635557,2024-09-21,16:00,2024-09-21T21:00:00+00:00,TCU Horned Frogs,SMU Mustangs,Gerald J. Ford Stadium,0,resolved_schedule_stadium,32.8377223,-96.7827859,America/Chicago,USA,32.7096604,-97.3680835,America/Chicago,35.1,0.0,0.0,0,1,32.8377223,-96.7827859,America/Chicago,0.0,0.0,0.0,0,0,0,2024-09-21T21:00:00+00:00,34.8,3.74,7.7,,0.0,0.0,0.0,0,0,40,0,open_air,open_air,0,0,1,open-meteo-era5,ok
2024,2,4,401635558,2024-09-21,14:00,2024-09-21T18:00:00+00:00,Virginia Cavaliers,Coastal Carolina Chanticleers,Brooks Stadium (SC),0,resolved_schedule_stadium,33.7928506,-79.0166946,America/New_York,USA,38.0311801,-78.5137897,America/New_York,294.2,0.0,0.0,1,0,33.7928506,-79.0166946,America/New_York,0.0,0.0,0.0,0,0,0,2024-09-21T18:00:00+00:00,27.2,2.52,5.6,,0.0,0.0,0.0,0,0,57,0,open_air,open_air,0,0,1,open-meteo-era5,ok
2024,2,4,401636374,2024-09-21,18:00,2024-09-21T23:00:00+00:00,Florida A&M Rattlers,Troy Trojans,Veterans Memorial Stadium (AL),0,resolved_schedule_stadium,31.7995565,-85.9518328,America/Chicago,USA,,,,,,,,,31.7995565,-85.9518328,America/Chicago,0.0,0.0,0.0,0,0,0,2024-09-21T23:00:00+00:00,30.3,0.45,1.7,,0.0,0.0,0.0,0,0,61,1,open_air,open_air,0,0,1,open-meteo-era5,ok
2024,2,4,401636872,2024-09-21,20:30,2024-09-22T02:30:00+00:00,Kansas State Wildcats,BYU Cougars,LaVell Edwards Stadium,0,resolved_schedule_stadium,40.2575347,-111.6545247,America/Denver,USA,39.2020096,-96.5938395,America/Chicago,802.6,-1.0,1.0,1,0,40.2575347,-111.6545247,America/Denver,0.0,0.0,0.0,0,0,0,2024-09-22T02:00:00+00:00,19.9,0.73,3.9,,0.0,0.0,0.0,0,0,41,3,open_air,open_air,0,0,1,open-meteo-era5,ok
2024,2,4,401636873,2024-09-21,12:00,2024-09-21T16:00:00+00:00,Houston Cougars,Cincinnati Bearcats,Nippert Stadium,0,resolved_schedule_stadium,39.1312495,-84.5161913,America/New_York,USA,29.7219885,-95.3491623,America/Chicago,895.2,1.0,1.0,0,1,39.1312495,-84.5161913,America/New_York,0.0,0.0,0.0,0,0,0,2024-09-21T16:00:00+00:00,27.5,0.27,4.1,,0.0,0.0,0.0,0,0,61,2,open_air,open_air,0,0,1,open-meteo-era5,ok
2024,2,4,401636874,2024-09-21,18:00,2024-09-22T00:00:00+00:00,Baylor Bears,Colorado Buffaloes,Folsom Field,0,resolved_schedule_stadium,40.0094746,-105.266905,America/Denver,USA,31.5582015,-97.1156702,America/Chicago,740.7,-1.0,1.0,1,0,40.0094746,-105.266905,America/Denver,0.0,0.0,0.0,0,0,0,2024-09-22T00:00:00+00:00,15.8,2.56,7.0,,0.1,0.1,0.0,1,0,44,51,open_air,open_air,0,0,1,open-meteo-era5,ok
2024,2,4,401636875,2024-09-21,13:00,2024-09-21T18:00:00+00:00,Arkansas State Red Wolves,Iowa State Cyclones,Jack Trice Stadium,0,resolved_schedule_stadium,42.0139977,-93.6357716,America/Chicago,USA,35.8488977,-90.6677436,America/Chicago,454.8,0.0,0.0,1,0,42.0139977,-93.6357716,America/Chicago,0.0,0.0,0.0,0,0,0,2024-09-21T18:00:00+00:00,30.0,5.72,12.3,,0.0,0.0,0.0,0,0,57,0,open_air,open_air,0,0,1,open-meteo-era5,ok
2024,2,4,401636876,2024-09-21,15:00,2024-09-21T20:00:00+00:00,Utah Utes,Oklahoma State Cowboys,Boone Pickens Stadium,0,resolved_schedule_stadium,36.125673,-97.066513,America/Chicago,USA,40.7599724,-111.8488255,America/Denver,860.3,1.0,1.0,0,1,36.125673,-97.066513,America/Chicago,0.0,0.0,0.0,0,0,0,2024-09-21T20:00:00+00:00,36.8,4.68,10.2,,0.0,0.0,0.0,0,0,34,1,open_air,open_air,0,0,1,open-meteo-era5,ok
2024,2,4,401636877,2024-09-21,14:30,2024-09-21T19:30:00+00:00,Arizona State Sun Devils,Texas Tech Red Raiders,Jones AT&T Stadium,0,resolved_schedule_stadium,33.5910518,-101.8728824,America/Chicago,USA,33.4264471,-111.9325005,America/Phoenix,579.4,2.0,2.0,0,1,33.5910518,-101.8728824,America/Chicago,0.0,0.0,0.0,0,0,0,2024-09-21T19:00:00+00:00,29.1,7.07,13.0,,0.0,0.0,0.0,0,0,53,2,open_air,open_air,0,0,1,open-meteo-era5,ok
2024,2,4,401636879,2024-09-21,12:00,2024-09-21T16:00:00+00:00,Kansas Jayhawks,West Virginia Mountaineers,Milan Puskar Stadium,0,resolved_schedule_stadium,39.6502744,-79.9551873,America/New_York,USA,38.9629418,-95.2463686,America/Chicago,817.9,1.0,1.0,0,1,39.6502744,-79.9551873,America/New_York,0.0,0.0,0.0,0,0,0,2024-09-21T16:00:00+00:00,25.4,2.32,6.3,,0.2,0.2,0.0,1,0,60,51,open_air,open_air,0,0,1,open-meteo-era5,ok
2024,2,4,401637162,2024-09-21,19:45,2024-09-22T01:45:00+00:00,Portland State Vikings,Boise State Broncos,Albertsons Stadium,0,resolved_schedule_stadium,43.6028839,-116.1958882,America/Boise,USA,,,,,,,,,43.6028839,-116.1958882,America/Boise,0.0,0.0,0.0,0,0,0,2024-09-22T02:00:00+00:00,18.8,1.73,3.1,,0.0,0.0,0.0,0,0,30,0,open_air,open_air,0,0,1,open-meteo-era5,ok
2024,2,4,401640991,2024-09-21,18:00,2024-09-21T22:00:00+00:00,East Carolina Pirates,Liberty Flames,Williams Stadium (VA),0,resolved_schedule_stadium,37.3544305,-79.1750239,America/New_York,USA,35.5968486,-77.364564,America/New_York,157.7,0.0,0.0,1,0,37.3544305,-79.1750239,America/New_York,0.0,0.0,0.0,0,0,0,2024-09-21T22:00:00+00:00,26.9,2.1,5.3,,0.1,0.1,0.0,1,0,66,51,open_air,open_air,0,0,1,open-meteo-era5,ok
2024,2,4,401641000,2024-09-21,14:00,2024-09-21T19:00:00+00:00,Southern Miss Golden Eagles,Jacksonville State Gamecocks,AmFirst Stadium,0,resolved_schedule_stadium,33.8201052,-85.76647,America/Chicago,USA,31.3289321,-89.3318118,America/Chicago,269.6,0.0,0.0,0,1,33.8201052,-85.76647,America/Chicago,0.0,0.0,0.0,0,0,0,2024-09-21T19:00:00+00:00,34.5,0.64,3.0,,0.0,0.0,0.0,0,0,30,1,open_air,open_air,0,0,1,open-meteo-era5,ok
2024,2,4,401641008,2024-09-21,18:00,2024-09-21T23:00:00+00:00,Tulsa Golden Hurricane,Louisiana Tech Bulldogs,Joe Aillet Stadium,0,resolved_schedule_stadium,32.5321487,-92.6560019,America/Chicago,USA,36.1489175,-95.9437853,America/Chicago,312.4,0.0,0.0,0,1,32.5321487,-92.6560019,America/Chicago,0.0,0.0,0.0,0,0,0,2024-09-21T23:00:00+00:00,32.4,2.18,3.2,,0.0,0.0,0.0,0,0,51,0,open_air,open_air,0,0,1,open-meteo-era5,ok
2024,2,4,401641028,2024-09-21,15:00,2024-09-21T21:00:00+00:00,UTEP Miners,Colorado State Rams,Canvas Stadium,0,resolved_schedule_stadium,40.570015,-105.088435,America/Denver,USA,31.7733353,-106.507957,America/Denver,612.9,0.0,0.0,0,1,40.570015,-105.088435,America/Denver,0.0,0.0,0.0,0,0,0,2024-09-21T21:00:00+00:00,21.0,3.41,8.7,,0.0,0.0,0.0,0,0,27,3,open_air,open_air,0,0,1,open-meteo-era5,ok
2024,2,4,401641034,2024-09-21,18:00,2024-09-21T23:00:00+00:00,New Mexico State Aggies,Sam Houston Bearkats,Elliott T. Bowers Stadium,0,resolved_schedule_stadium,30.713926,-95.5419802,America/Chicago,USA,32.2796202,-106.7411148,America/Denver,668.3,1.0,1.0,0,1,30.713926,-95.5419802,America/Chicago,0.0,0.0,0.0,0,0,0,2024-09-21T23:00:00+00:00,33.8,2.79,7.7,,0.0,0.0,0.0,0,0,38,2,open_air,open_air,0,0,1,open-meteo-era5,ok
2024,2,4,401641037,2024-09-21,18:00,2024-09-21T23:00:00+00:00,Toledo Rockets,Western Kentucky Hilltoppers,Houchens Industries-L.T. Smith Stadium,0,resolved_schedule_stadium,36.9847901,-86.4594041,America/Chicago,USA,41.6574777,-83.6135652,America/New_York,356.8,-1.0,1.0,1,0,36.9847901,-86.4594041,America/Chicago,0.0,0.0,0.0,0,0,0,2024-09-21T23:00:00+00:00,30.4,1.66,3.1,,0.0,0.0,0.0,0,0,50,3,open_air,open_air,0,0,1,open-meteo-era5,ok
2024,2,4,401643711,2024-09-21,18:30,2024-09-22T00:30:00+00:00,Fresno State Bulldogs,New Mexico Lobos,University Stadium (NM),0,resolved_schedule_stadium,35.0669479,-106.6283225,America/Denver,USA,36.8143527,-119.7580092,America/Los_Angeles,743.7,1.0,1.0,0,1,35.0669479,-106.6283225,America/Denver,0.0,0.0,0.0,0,0,0,2024-09-22T00:00:00+00:00,22.9,7.88,15.9,,0.0,0.0,0.0,0,0,29,0,open_air,open_air,0,0,1,open-meteo-era5,ok
2024,2,4,401643712,2024-09-21,17:59,2024-09-22T03:59:00+00:00,Northern Iowa Panthers,Hawai'i Rainbow Warriors,Clarence T.C. Ching Athletics Complex,0,resolved_schedule_stadium,21.294294,-157.819338,Pacific/Honolulu,USA,,,,,,,,,21.294294,-157.819338,Pacific/Honolulu,0.0,0.0,0.0,0,0,0,2024-09-22T04:00:00+00:00,25.5,8.31,12.5,,0.0,0.0,0.0,0,0,78,0,open_air,open_air,0,0,1,open-meteo-era5,ok
2024,2,4,401643713,2024-09-21,12:00,2024-09-21T19:00:00+00:00,Eastern Washington Eagles,Nevada Wolf Pack,Mackay Stadium,0,resolved_schedule_stadium,39.5469459,-119.8175435,America/Los_Angeles,USA,,,,,,,,,39.5469459,-119.8175435,America/Los_Angeles,0.0,0.0,0.0,0,0,0,2024-09-21T19:00:00+00:00,23.6,1.4,5.6,,0.0,0.0,0.0,0,0,28,0,open_air,open_air,0,0,1,open-meteo-era5,ok
2024,2,4,401643715,2024-09-21,14:00,2024-09-21T18:00:00+00:00,Utah State Aggies,Temple Owls,Lincoln Financial Field,0,resolved_schedule_stadium,39.9007995,-75.1675414,America/New_York,USA,41.7517394,-111.8116007,America/Denver,1905.6,2.0,2.0,0,1,39.9007995,-75.1675414,America/New_York,0.0,0.0,0.0,0,0,0,2024-09-21T18:00:00+00:00,25.7,1.57,3.2,,0.0,0.0,0.0,0,0,54,3,open_air,open_air,0,0,1,open-meteo-era5,ok
2024,2,4,401643716,2024-09-21,18:00,2024-09-21T23:00:00+00:00,Wyoming Cowboys,North Texas Mean Green,DATCU Stadium,0,resolved_schedule_stadium,33.203899,-97.159245,America/Chicago,USA,41.31161,-105.5681384,America/Denver,725.6,1.0,1.0,0,1,33.203899,-97.159245,America/Chicago,0.0,0.0,0.0,0,0,0,2024-09-21T23:00:00+00:00,34.1,4.16,7.7,,0.0,0.0,0.0,0,0,40,1,open_air,open_air,0,0,1,open-meteo-era5,ok
2024,2,4,401643717,2024-09-21,17:30,2024-09-22T00:30:00+00:00,Purdue Boilermakers,Oregon State Beavers,Reser Stadium,0,resolved_schedule_stadium,44.5594559,-123.2814341,America/Los_Angeles,USA,40.4352253,-86.9186843,America/Indiana/Indianapolis,1858.5,-3.0,3.0,1,0,44.5594559,-123.2814341,America/Los_Angeles,0.0,0.0,0.0,0,0,0,2024-09-22T00:00:00+00:00,25.6,3.36,7.9,,0.0,0.0,0.0,0,0,34,0,open_air,open_air,0,0,1,open-meteo-era5,ok
2024,2,4,401643791,2024-09-21,11:00,2024-09-21T16:00:00+00:00,Tulane Green Wave,Louisiana Ragin' Cajuns,Cajun Field,0,resolved_schedule_stadium,30.2158434,-92.0417371,America/Chicago,USA,29.944616,-90.116692,America/Chicago,116.6,0.0,0.0,1,0,30.2158434,-92.0417371,America/Chicago,0.0,0.0,0.0,0,0,0,2024-09-21T16:00:00+00:00,30.8,2.52,6.0,,0.0,0.0,0.0,0,0,64,1,open_air,open_air,0,0,1,open-meteo-era5,ok
2024,2,4,401644735,2024-09-21,13:00,2024-09-21T17:00:00+00:00,Ball State Cardinals,Central Michigan Chippewas,Kelly/Shorts Stadium,0,resolved_schedule_stadium,43.5777313,-84.7709904,America/Detroit,USA,40.2159422,-85.4161148,America/Indiana/Indianapolis,234.6,0.0,0.0,0,1,43.5777313,-84.7709904,America/Detroit,0.0,0.0,0.0,0,0,0,2024-09-21T17:00:00+00:00,27.7,1.3,5.1,,0.0,0.0,0.0,0,0,39,0,open_air,open_air,0,0,1,open-meteo-era5,ok
2024,2,4,401644736,2024-09-21,14:30,2024-09-21T19:30:00+00:00,Buffalo Bulls,Northern Illinois Huskies,Huskie Stadium,0,resolved_schedule_stadium,41.9339586,-88.7778357,America/Chicago,USA,42.9991334,-78.7775113,America/New_York,514.7,-1.0,1.0,1,0,41.9339586,-88.7778357,America/Chicago,0.0,0.0,0.0,0,0,0,2024-09-21T19:00:00+00:00,31.6,4.35,8.9,,0.0,0.0,0.0,0,0,27,0,open_air,open_air,0,0,1,open-meteo-era5,ok
2024,2,4,401644737,2024-09-21,14:00,2024-09-21T18:00:00+00:00,St. Francis (PA) Red Flash,Eastern Michigan Eagles,Rynearson Stadium,0,resolved_schedule_stadium,42.256126,-83.647285,America/Detroit,USA,,,,,,,,,42.256126,-83.647285,America/Detroit,0.0,0.0,0.0,0,0,0,2024-09-21T18:00:00+00:00,29.0,2.75,7.1,,0.0,0.0,0.0,0,0,39,0,open_air,open_air,0,0,1,open-meteo-era5,ok
2024,2,4,401645328,2024-09-21,12:00,2024-09-21T16:00:00+00:00,Rice Owls,Army Black Knights,Michie Stadium,0,resolved_schedule_stadium,41.3874924,-73.9640891,America/New_York,USA,29.7163297,-95.4093261,America/Chicago,1444.0,1.0,1.0,0,1,41.3874924,-73.9640891,America/New_York,0.0,0.0,0.0,0,0,0,2024-09-21T16:00:00+00:00,23.0,2.17,6.9,,0.0,0.0,0.0,0,0,53,2,open_air,open_air,0,0,1,open-meteo-era5,ok
2024,2,4,401645329,2024-09-21,15:30,2024-09-21T19:30:00+00:00,Memphis Tigers,Navy Midshipmen,Navy-Marine Corps Memorial Stadium,0,resolved_schedule_stadium,38.9846985,-76.5076335,America/New_York,USA,35.1209429,-89.977147,America/Chicago,788.3,1.0,1.0,0,1,38.9846985,-76.5076335,America/New_York,0.0,0.0,0.0,0,0,0,2024-09-21T19:00:00+00:00,25.2,2.53,5.4,,0.0,0.0,0.0,0,0,70,1,open_air,open_air,0,0,1,open-meteo-era5,ok
2024,2,4,401645330,2024-09-21,14:30,2024-09-21T19:30:00+00:00,Houston Christian Huskies,UTSA Roadrunners,Alamodome,0,resolved_schedule_stadium,29.4169834,-98.4788143,America/Chicago,USA,,,,,,,,,29.4169834,-98.4788143,America/Chicago,0.0,0.0,0.0,0,0,0,2024-09-21T19:00:00+00:00,32.9,3.0,7.5,,0.0,0.0,0.0,0,0,51,1,dome,dome,1,0,0,open-meteo-era5,ok
2024,2,4,401654851,2024-09-21,23:00,,Sacramento State Hornets,East Texas A&M Lions,"Memorial Stadium (Commerce, TX)",0,ambiguous_schedule_stadium,,,,,38.5556718,-121.4229607,America/Los_Angeles,,,,,,,,,,,,,,,,,,,,,,,,,,,,,,,,,venue_unresolved
2024,2,5,401645331,2024-09-26,19:30,2024-09-26T23:30:00+00:00,Army Black Knights,Temple Owls,Lincoln Financial Field,0,resolved_schedule_stadium,39.9007995,-75.1675414,America/New_York,USA,41.3874924,-73.9640891,America/New_York,120.5,0.0,0.0,1,0,39.9007995,-75.1675414,America/New_York,0.0,0.0,0.0,0,0,0,2024-09-26T23:00:00+00:00,23.8,1.86,3.0,,0.0,0.0,0.0,0,0,90,3,open_air,open_air,0,0,1,open-meteo-era5,ok
2024,2,5,401628501,2024-09-27,20:00,2024-09-28T00:00:00+00:00,Washington Huskies,Rutgers Scarlet Knights,SHI Stadium,0,resolved_schedule_stadium,40.5462553,-74.4660408,America/New_York,USA,47.6503235,-122.3015746,America/Los_Angeles,2384.3,3.0,3.0,0,1,40.5462553,-74.4660408,America/New_York,0.0,0.0,0.0,0,0,0,2024-09-28T00:00:00+00:00,19.0,2.93,6.4,,1.0,1.0,0.0,1,0,88,55,open_air,open_air,0,0,1,open-meteo-era5,ok
2024,2,5,401634767,2024-09-27,19:30,2024-09-27T23:30:00+00:00,Virginia Tech Hokies,Miami Hurricanes,Hard Rock Stadium,0,resolved_schedule_stadium,25.9579665,-80.2388604,America/New_York,USA,37.2199873,-80.4180643,America/New_York,778.2,0.0,0.0,0,1,25.9579665,-80.2388604,America/New_York,0.0,0.0,0.0,0,0,0,2024-09-27T23:00:00+00:00,28.6,3.32,6.4,,0.1,0.1,0.0,1,0,83,51,open_air,open_air,0,0,1,open-meteo-era5,ok
2024,2,5,401628373,2024-09-28,19:30,,Arkansas Razorbacks,Texas A&M Aggies,AT&T Stadium,1,unresolved_neutral_venue,,,,,36.0680662,-94.1789534,America/Chicago,,,,,,30.6098891,-96.3403828,America/Chicago,,,,,,,,,,,,,,,,,,,,,,,,,venue_unresolved
2024,2,5,401628374,2024-09-28,18:30,2024-09-28T23:30:00+00:00,Georgia Bulldogs,Alabama Crimson Tide,Bryant-Denny Stadium,0,resolved_schedule_stadium,33.2082752,-87.5503836,America/Chicago,USA,33.9498197,-83.3733813,America/New_York,245.8,-1.0,1.0,1,0,33.2082752,-87.5503836,America/Chicago,0.0,0.0,0.0,0,0,0,2024-09-28T23:00:00+00:00,22.2,0.78,4.6,,0.0,0.0,0.0,0,0,75,3,open_air,open_air,0,0,1,open-meteo-era5,ok
2024,2,5,401628375,2024-09-28,14:30,2024-09-28T19:30:00+00:00,Oklahoma Sooners,Auburn Tigers,Jordan-Hare Stadium,0,resolved_schedule_stadium,32.6025532,-85.4897479,America/Chicago,USA,35.2058537,-97.4423145,America/Chicago,708.1,0.0,0.0,0,1,32.6025532,-85.4897479,America/Chicago,0.0,0.0,0.0,0,0,0,2024-09-28T19:00:00+00:00,27.3,3.97,9.1,,0.0,0.0,0.0,0,0,51,3,open_air,open_air,0,0,1,open-meteo-era5,ok
2024,2,5,401628376,2024-09-28,18:45,2024-09-28T23:45:00+00:00,South Alabama Jaguars,LSU Tigers,Tiger Stadium (LA),0,resolved_schedule_stadium,30.412035,-91.1838163,America/Chicago,USA,30.6943566,-88.0430541,America/Chicago,187.9,0.0,0.0,1,0,30.412035,-91.1838163,America/Chicago,0.0,0.0,0.0,0,0,0,2024-09-29T00:00:00+00:00,26.7,2.37,2.6,,0.0,0.0,0.0,0,0,63,0,open_air,open_air,0,0,1,open-meteo-era5,ok
2024,2,5,401628377,2024-09-28,11:00,2024-09-28T16:00:00+00:00,Kentucky Wildcats,Ole Miss Rebels,Vaught-Hemingway Stadium,0,resolved_schedule_stadium,34.3619837,-89.5342076,America/Chicago,USA,38.0220905,-84.5053408,America/New_York,377.5,-1.0,1.0,1,0,34.3619837,-89.5342076,America/Chicago,0.0,0.0,0.0,0,0,0,2024-09-28T16:00:00+00:00,18.7,3.49,7.0,,0.1,0.1,0.0,1,0,80,51,open_air,open_air,0,0,1,open-meteo-era5,ok
2024,2,5,401628378,2024-09-28,15:15,2024-09-28T20:15:00+00:00,Mississippi State Bulldogs,Texas Longhorns,DKR-Texas Memorial Stadium,0,resolved_schedule_stadium,30.2836813,-97.7325345,America/Chicago,USA,33.4563403,-88.7933652,America/Chicago,568.2,0.0,0.0,1,0,30.2836813,-97.7325345,America/Chicago,0.0,0.0,0.0,0,0,0,2024-09-28T20:00:00+00:00,34.1,3.36,8.2,,0.0,0.0,0.0,0,0,25,0,open_air,open_air,0,0,1,open-meteo-era5,ok
2024,2,5,401628495,2024-09-28,19:30,2024-09-28T23:30:00+00:00,Illinois Fighting Illini,Penn State Nittany Lions,Beaver Stadium,0,resolved_schedule_stadium,40.8121958,-77.8561023,America/New_York,USA,40.0993268,-88.2359569,America/Chicago,547.6,1.0,1.0,0,1,40.8121958,-77.8561023,America/New_York,0.0,0.0,0.0,0,0,0,2024-09-28T23:00:00+00:00,19.4,2.98,6.2,,0.1,0.1,0.0,1,0,94,51,open_air,open_air,0,0,1,open-meteo-era5,ok
2024,2,5,401628496,2024-09-28,12:00,2024-09-28T16:00:00+00:00,Maryland Terrapins,Indiana Hoosiers,"Memorial Stadium (Bloomington, IN)",0,resolved_schedule_stadium_timezone,39.1808959,-86.5256217,America/Indiana/Indianapolis,USA,38.9903332,-76.9473792,America/New_York,513.6,0.0,0.0,1,0,39.1808959,-86.5256217,America/Indiana/Indianapolis,0.0,0.0,0.0,0,0,0,2024-09-28T16:00:00+00:00,18.1,4.19,9.3,,0.7,0.7,0.0,1,0,97,53,open_air,open_air,0,0,1,open-meteo-era5,ok
2024,2,5,401628497,2024-09-28,12:00,2024-09-28T16:00:00+00:00,Minnesota Golden Gophers,Michigan Wolverines,Michigan Stadium,0,resolved_schedule_stadium,42.2658365,-83.7486956,America/Detroit,USA,44.976525,-93.2245462,America/Chicago,509.2,1.0,1.0,0,1,42.2658365,-83.7486956,America/Detroit,0.0,0.0,0.0,0,0,0,2024-09-28T16:00:00+00:00,19.8,3.79,8.7,,0.7,0.7,0.0,1,0,92,53,open_air,open_air,0,0,1,open-meteo-era5,ok
2024,2,5,401628498,2024-09-28,19:30,2024-09-28T23:30:00+00:00,Ohio State Buckeyes,Michigan State Spartans,Spartan Stadium,0,resolved_schedule_stadium,42.7281474,-84.4848526,America/Detroit,USA,40.0016447,-83.0197266,America/New_York,203.1,0.0,0.0,1,0,42.7281474,-84.4848526,America/Detroit,0.0,0.0,0.0,0,0,0,2024-09-28T23:00:00+00:00,21.1,4.6,9.5,,0.0,0.0,0.0,0,0,74,3,open_air,open_air,0,0,1,open-meteo-era5,ok
2024,2,5,401628499,2024-09-28,12:00,2024-09-28T16:00:00+00:00,Nebraska Cornhuskers,Purdue Boilermakers,Ross-Ade Stadium,0,resolved_schedule_stadium,40.4352253,-86.9186843,America/Indiana/Indianapolis,USA,40.820682,-96.705594,America/Chicago,513.6,1.0,1.0,0,1,40.4352253,-86.9186843,America/Indiana/Indianapolis,0.0,0.0,0.0,0,0,0,2024-09-28T16:00:00+00:00,21.9,6.2,12.0,,0.0,0.0,0.0,0,0,81,1,open_air,open_air,0,0,1,open-meteo-era5,ok
2024,2,5,401628500,2024-09-28,20:00,2024-09-29T03:00:00+00:00,Oregon Ducks,UCLA Bruins,Rose Bowl,0,resolved_schedule_stadium,34.1613284,-118.1676462,America/Los_Angeles,USA,44.0582712,-123.0684883,America/Los_Angeles,732.2,0.0,0.0,0,1,34.1613284,-118.1676462,America/Los_Angeles,0.0,0.0,0.0,0,0,0,2024-09-29T03:00:00+00:00,22.1,0.66,2.5,,0.0,0.0,0.0,0,0,62,0,open_air,open_air,0,0,1,open-meteo-era5,ok
2024,2,5,401628502,2024-09-28,12:30,2024-09-28T19:30:00+00:00,Wisconsin Badgers,USC Trojans,Los Angeles Memorial Coliseum,0,resolved_schedule_stadium,34.014167,-118.287778,America/Los_Angeles,USA,43.06994,-89.4126943,America/Chicago,1670.8,-2.0,2.0,1,0,34.014167,-118.287778,America/Los_Angeles,0.0,0.0,0.0,0,0,0,2024-09-28T19:00:00+00:00,23.9,2.01,5.9,,0.0,0.0,0.0,0,0,52,0,open_air,open_air,0,0,1,open-meteo-era5,ok
2024,2,5,401628635,2024-09-28,15:30,2024-09-28T19:30:00+00:00,Sacred Heart Pioneers,Delaware Blue Hens,Delaware Stadium,0,resolved_schedule_stadium,39.6617428,-75.7488224,America/New_York,USA,,,,,,,,,39.6617428,-75.7488224,America/New_York,0.0,0.0,0.0,0,0,0,2024-09-28T19:00:00+00:00,22.2,3.46,8.2,,0.1,0.1,0.0,1,0,95,51,open_air,open_air,0,0,1,open-meteo-era5,ok
2024,2,5,401628980,2024-09-28,15:30,2024-09-28T19:30:00+00:00,Louisville Cardinals,Notre Dame Fighting Irish,Notre Dame Stadium,0,resolved_schedule_stadium,41.698378,-86.2339425,America/Indiana/Indianapolis,USA,38.2057621,-85.7588141,America/Kentucky/Louisville,242.6,0.0,0.0,1,0,41.698378,-86.2339425,America/Indiana/Indianapolis,0.0,0.0,0.0,0,0,0,2024-09-28T19:00:00+00:00,22.7,5.02,10.5,,0.0,0.0,0.0,0,0,78,3,open_air,open_air,0,0,1,open-meteo-era5,ok
2024,2,5,401629032,2024-09-28,12:00,2024-09-28T16:00:00+00:00,Buffalo Bulls,UConn Huskies,Pratt & Whitney Stadium,0,resolved_schedule_stadium,41.7595675,-72.6187728,America/New_York,USA,42.9991334,-78.7775113,America/New_York,325.7,0.0,0.0,0,1,41.7595675,-72.6187728,America/New_York,0.0,0.0,0.0,0,0,0,2024-09-28T16:00:00+00:00,22.3,2.87,8.0,,0.0,0.0,0.0,0,0,61,3,open_air,open_air,0,0,1,open-meteo-era5,ok
2024,2,5,401629043,2024-09-28,15:30,2024-09-28T19:30:00+00:00,Massachusetts Minutemen,Miami (OH) RedHawks,Yager Stadium,0,resolved_schedule_stadium,39.5197009,-84.7330255,America/New_York,USA,42.3773244,-72.5360595,America/New_York,665.7,0.0,0.0,1,0,39.5197009,-84.7330255,America/New_York,0.0,0.0,0.0,0,0,0,2024-09-28T19:00:00+00:00,19.1,3.22,6.3,,1.2,1.2,0.0,1,0,95,55,open_air,open_air,0,0,1,open-meteo-era5,ok
2024,2,5,401634050,2024-09-28,20:00,,Sacramento State Hornets,Northern Arizona Lumberjacks,J. Lawrence Walkup Skydome,0,unresolved_schedule_stadium,,,,,38.5556718,-121.4229607,America/Los_Angeles,,,,,,,,,,,,,,,,,,,,,,,,,,,,,,,,,venue_unresolved
2024,2,5,401634161,2024-09-28,19:00,,North Dakota State Bison,Illinois State Redbirds,Hancock Stadium,0,unresolved_schedule_stadium,,,,,46.9029938,-96.8003251,America/Chicago,,,,,,,,,,,,,,,,,,,,,,,,,,,,,,,,,venue_unresolved
2024,2,5,401634184,2024-09-28,14:00,2024-09-28T19:00:00+00:00,Youngstown State Penguins,Missouri State Bears,Plaster Sports Complex,0,resolved_schedule_stadium,37.1976229,-93.2798119,America/Chicago,USA,,,,,,,,,37.1976229,-93.2798119,America/Chicago,0.0,0.0,0.0,0,0,0,2024-09-28T19:00:00+00:00,24.1,5.45,12.6,,0.0,0.0,0.0,0,0,59,3,open_air,open_air,0,0,1,open-meteo-era5,ok
2024,2,5,401635560,2024-09-28,12:00,2024-09-28T16:00:00+00:00,Western Kentucky Hilltoppers,Boston College Eagles,"Alumni Stadium (Chestnut Hill, MA)",0,resolved_schedule_stadium,42.335104,-71.1664413,America/New_York,USA,36.9847901,-86.4594041,America/Chicago,891.8,1.0,1.0,0,1,42.335104,-71.1664413,America/New_York,0.0,0.0,0.0,0,0,0,2024-09-28T16:00:00+00:00,20.5,2.55,8.2,,0.0,0.0,0.0,0,0,70,3,open_air,open_air,0,0,1,open-meteo-era5,ok
2024,2,5,401635561,2024-09-28,19:00,2024-09-28T23:00:00+00:00,Stanford Cardinal,Clemson Tigers,"Memorial Stadium (Clemson, SC)",0,resolved_schedule_stadium_timezone,34.6787737,-82.8432428,America/New_York,USA,37.4345556,-122.1611271,America/Los_Angeles,2188.6,3.0,3.0,0,1,34.6787737,-82.8432428,America/New_York,0.0,0.0,0.0,0,0,0,2024-09-28T23:00:00+00:00,23.1,1.64,4.0,,0.0,0.0,0.0,0,0,77,3,open_air,open_air,0,0,1,open-meteo-era5,ok
2024,2,5,401635562,2024-09-28,16:00,2024-09-28T20:00:00+00:00,North Carolina Tar Heels,Duke Blue Devils,Wallace Wade Stadium,0,resolved_schedule_stadium,35.9953688,-78.9417564,America/New_York,USA,35.9069294,-79.0478889,America/New_York,8.5,0.0,0.0,0,1,35.9953688,-78.9417564,America/New_York,0.0,0.0,0.0,0,0,0,2024-09-28T20:00:00+00:00,27.9,3.75,8.4,,0.0,0.0,0.0,0,0,51,2,open_air,open_air,0,0,1,open-meteo-era5,ok
2024,2,5,401635563,2024-09-28,19:00,2024-09-29T00:00:00+00:00,Florida State Seminoles,SMU Mustangs,Gerald J. Ford Stadium,0,resolved_schedule_stadium,32.8377223,-96.7827859,America/Chicago,USA,30.4381692,-84.3044032,America/New_York,752.0,-1.0,1.0,1,0,32.8377223,-96.7827859,America/Chicago,0.0,0.0,0.0,0,0,0,2024-09-29T00:00:00+00:00,29.6,2.21,3.4,,0.0,0.0,0.0,0,0,29,0,open_air,open_air,0,0,1,open-meteo-era5,ok
2024,2,5,401635564,2024-09-28,12:00,2024-09-28T16:00:00+00:00,Northern Illinois Huskies,NC State Wolfpack,Carter-Finley Stadium,0,resolved_schedule_stadium,35.8008001,-78.7195655,America/New_York,USA,41.9339586,-88.7778357,America/Chicago,686.5,1.0,1.0,0,1,35.8008001,-78.7195655,America/New_York,0.0,0.0,0.0,0,0,0,2024-09-28T16:00:00+00:00,26.3,3.5,9.9,,0.0,0.0,0.0,0,0,60,2,open_air,open_air,0,0,1,open-meteo-era5,ok
2024,2,5,401635565,2024-09-28,12:00,2024-09-28T16:00:00+00:00,Holy Cross Crusaders,Syracuse Orange,JMA Wireless Dome,0,resolved_schedule_stadium,43.0362269,-76.1363161,America/New_York,USA,,,,,,,,,43.0362269,-76.1363161,America/New_York,0.0,0.0,0.0,0,0,0,2024-09-28T16:00:00+00:00,21.4,2.82,6.1,,0.0,0.0,0.0,0,0,69,2,dome,dome,1,0,0,open-meteo-era5,ok
2024,2,5,401635659,2024-09-28,15:30,2024-09-28T19:30:00+00:00,Louisiana Ragin' Cajuns,Wake Forest Demon Deacons,Allegacy Federal Credit Union Stadium,0,resolved_schedule_stadium,36.1305507,-80.2545851,America/New_York,USA,30.2158434,-92.0417371,America/Chicago,793.9,1.0,1.0,0,1,36.1305507,-80.2545851,America/New_York,0.0,0.0,0.0,0,0,0,2024-09-28T19:00:00+00:00,25.5,3.85,9.3,,0.0,0.0,0.0,0,0,59,3,open_air,open_air,0,0,1,open-meteo-era5,ok
2024,2,5,401636880,2024-09-28,11:00,2024-09-28T16:00:00+00:00,BYU Cougars,Baylor Bears,McLane Stadium,0,resolved_schedule_stadium,31.5582015,-97.1156702,America/Chicago,USA,40.2575347,-111.6545247,America/Denver,1009.4,1.0,1.0,0,1,31.5582015,-97.1156702,America/Chicago,0.0,0.0,0.0,0,0,0,2024-09-28T16:00:00+00:00,28.6,3.2,8.2,,0.0,0.0,0.0,0,0,38,0,open_air,open_air,0,0,1,open-meteo-era5,ok
2024,2,5,401636881,2024-09-28,18:00,2024-09-28T23:00:00+00:00,Iowa State Cyclones,Houston Cougars,TDECU Stadium,0,resolved_schedule_stadium,29.7219885,-95.3491623,America/Chicago,USA,42.0139977,-93.6357716,America/Chicago,854.7,0.0,0.0,1,0,29.7219885,-95.3491623,America/Chicago,0.0,0.0,0.0,0,0,0,2024-09-28T23:00:00+00:00,30.9,1.71,2.5,,0.0,0.0,0.0,0,0,44,0,open_air,open_air,0,0,1,open-meteo-era5,ok
2024,2,5,401636882,2024-09-28,14:30,2024-09-28T19:30:00+00:00,TCU Horned Frogs,Kansas Jayhawks,Memorial Stadium,0,ambiguous_schedule_stadium,,,America/Chicago,,32.7096604,-97.3680835,America/Chicago,,,,,,38.9629418,-95.2463686,America/Chicago,,,,,,,,,,,,,,,,,,,open_air,,,,,,venue_unresolved
2024,2,5,401636883,2024-09-28,11:00,2024-09-28T16:00:00+00:00,Oklahoma State Cowboys,Kansas State Wildcats,Bill Snyder Family Stadium,0,resolved_schedule_stadium,39.2020096,-96.5938395,America/Chicago,USA,36.125673,-97.066513,America/Chicago,214.1,0.0,0.0,0,1,39.2020096,-96.5938395,America/Chicago,0.0,0.0,0.0,0,0,0,2024-09-28T16:00:00+00:00,24.9,4.3,9.6,,0.0,0.0,0.0,0,0,44,2,open_air,open_air,0,0,1,open-meteo-era5,ok
2024,2,5,401636884,2024-09-28,19:00,2024-09-29T00:00:00+00:00,Cincinnati Bearcats,Texas Tech Red Raiders,Jones AT&T Stadium,0,resolved_schedule_stadium,33.5910518,-101.8728824,America/Chicago,USA,39.1312495,-84.5161913,America/New_York,1036.7,-1.0,1.0,1,0,33.5910518,-101.8728824,America/Chicago,0.0,0.0,0.0,0,0,0,2024-09-29T00:00:00+00:00,30.0,2.5,5.4,,0.0,0.0,0.0,0,0,17,0,open_air,open_air,0,0,1,open-meteo-era5,ok
2024,2,5,401636885,2024-09-28,16:20,2024-09-28T20:20:00+00:00,Colorado Buffaloes,UCF Knights,FBC Mortgage Stadium,0,resolved_schedule_stadium,28.6079765,-81.1927233,America/New_York,USA,40.0094746,-105.266905,America/Denver,1576.2,2.0,2.0,0,1,28.6079765,-81.1927233,America/New_York,0.0,0.0,0.0,0,0,0,2024-09-28T20:00:00+00:00,28.8,4.12,10.2,,4.1,4.1,0.0,1,0,78,63,open_air,open_air,0,0,1,open-meteo-era5,ok
2024,2,5,401636886,2024-09-28,20:15,2024-09-29T02:15:00+00:00,Arizona Wildcats,Utah Utes,Rice-Eccles Stadium,0,resolved_schedule_stadium,40.7599724,-111.8488255,America/Denver,USA,32.2288054,-110.9488677,America/Phoenix,591.6,1.0,1.0,1,0,40.7599724,-111.8488255,America/Denver,0.0,0.0,0.0,0,0,0,2024-09-29T02:00:00+00:00,26.1,1.31,3.3,,0.0,0.0,0.0,0,0,23,0,open_air,open_air,0,0,1,open-meteo-era5,ok
2024,2,5,401640981,2024-09-28,18:00,2024-09-28T22:00:00+00:00,Louisiana Tech Bulldogs,Florida International Panthers,FIU Stadium,0,resolved_schedule_stadium,25.7525014,-80.3778912,America/New_York,USA,32.5321487,-92.6560019,America/Chicago,875.6,1.0,1.0,0,1,25.7525014,-80.3778912,America/New_York,0.0,0.0,0.0,0,0,0,2024-09-28T22:00:00+00:00,32.0,2.67,3.7,,0.0,0.0,0.0,0,0,66,2,open_air,open_air,0,0,1,open-meteo-era5,ok
2024,2,5,401640992,2024-09-28,15:30,2024-09-28T19:30:00+00:00,Liberty Flames,App State Mountaineers,Kidd Brewer Stadium,0,resolved_schedule_stadium,36.2114267,-81.6854278,America/New_York,USA,37.3544305,-79.1750239,America/New_York,159.8,0.0,0.0,1,0,36.2114267,-81.6854278,America/New_York,0.0,0.0,0.0,0,0,0,2024-09-28T19:00:00+00:00,19.5,5.17,13.4,,0.0,0.0,0.0,0,0,72,3,open_air,open_air,0,0,1,open-meteo-era5,ok
2024,2,5,401641018,2024-09-28,18:00,2024-09-28T22:00:00+00:00,UT Martin Skyhawks,Kennesaw State Owls,Fifth Third Stadium,0,resolved_schedule_stadium,34.0289318,-84.5676234,America/New_York,USA,,,,,,,,,34.0289318,-84.5676234,America/New_York,0.0,0.0,0.0,0,0,0,2024-09-28T22:00:00+00:00,22.3,1.95,5.0,,0.1,0.1,0.0,1,0,76,51,open_air,open_air,0,0,1,open-meteo-era5,ok
2024,2,5,401641025,2024-09-28,18:30,2024-09-28T23:30:00+00:00,Middle Tennessee Blue Raiders,Memphis Tigers,Simmons Bank Liberty Stadium,0,resolved_schedule_stadium,35.1209429,-89.977147,America/Chicago,USA,35.8511463,-86.3681649,America/Chicago,209.2,0.0,0.0,1,0,35.1209429,-89.977147,America/Chicago,0.0,0.0,0.0,0,0,0,2024-09-28T23:00:00+00:00,21.3,1.6,4.4,,0.0,0.0,0.0,0,0,83,3,open_air,open_air,0,0,1,open-meteo-era5,ok
2024,2,5,401641035,2024-09-28,18:00,2024-09-29T00:00:00+00:00,New Mexico Lobos,New Mexico State Aggies,Aggie Memorial Stadium,0,resolved_schedule_stadium,32.2796202,-106.7411148,America/Denver,USA,35.0669479,-106.6283225,America/Denver,192.7,0.0,0.0,1,0,32.2796202,-106.7411148,America/Denver,0.0,0.0,0.0,0,0,0,2024-09-29T00:00:00+00:00,33.9,4.22,8.3,,0.0,0.0,0.0,0,0,14,2,open_air,open_air,0,0,1,open-meteo-era5,ok
2024,2,5,401641041,2024-09-28,19:00,,Texas State Bobcats,Sam Houston Bearkats,NRG Stadium,1,unresolved_neutral_venue,,,,,29.8910008,-97.9255735,America/Chicago,,,,,,30.713926,-95.5419802,America/Chicago,,,,,,,,,,,,,,,,,,,,,,,,,venue_unresolved
2024,2,5,401643718,2024-09-28,18:00,2024-09-29T00:00:00+00:00,Air Force Falcons,Wyoming Cowboys,War Memorial Stadium,0,resolved_schedule_stadium,41.31161,-105.5681384,America/Denver,USA,38.9969701,-104.8436165,America/Denver,164.4,0.0,0.0,1,0,41.31161,-105.5681384,America/Denver,0.0,0.0,0.0,0,0,0,2024-09-29T00:00:00+00:00,23.8,5.73,12.0,,0.0,0.0,0.0,0,0,21,0,open_air,open_air,0,0,1,open-meteo-era5,ok
2024,2,5,401643719,2024-09-28,20:00,2024-09-29T02:00:00+00:00,Washington State Cougars,Boise State Broncos,Albertsons Stadium,0,resolved_schedule_stadium,43.6028839,-116.1958882,America/Boise,USA,46.731831,-117.1604991,America/Los_Angeles,221.2,1.0,1.0,0,1,43.6028839,-116.1958882,America/Boise,0.0,0.0,0.0,0,0,0,2024-09-29T02:00:00+00:00,26.4,2.4,3.4,,0.0,0.0,0.0,0,0,21,0,open_air,open_air,0,0,1,open-meteo-era5,ok
2024,2,5,401643720,2024-09-28,12:30,2024-09-28T19:30:00+00:00,Fresno State Bulldogs,UNLV Rebels,Allegiant Stadium,0,resolved_schedule_stadium,36.0908,-115.1830,America/Los_Angeles,USA,36.8143527,-119.7580092,America/Los_Angeles,259.1,0.0,0.0,0,1,36.0908,-115.1830,America/Los_Angeles,0.0,0.0,0.0,0,0,0,2024-09-28T19:00:00+00:00,36.3,1.92,6.3,,0.0,0.0,0.0,0,0,12,0,fixed_roof,fixed_roof,1,0,0,open-meteo-era5,ok
2024,2,5,401643721,2024-09-28,15:30,2024-09-28T19:30:00+00:00,San Diego State Aztecs,Central Michigan Chippewas,Kelly/Shorts Stadium,0,resolved_schedule_stadium,43.5777313,-84.7709904,America/Detroit,USA,32.784444,-117.122833,America/Los_Angeles,1893.6,3.0,3.0,0,1,43.5777313,-84.7709904,America/Detroit,0.0,0.0,0.0,0,0,0,2024-09-28T19:00:00+00:00,23.6,5.56,11.6,,0.0,0.0,0.0,0,0,61,3,open_air,open_air,0,0,1,open-meteo-era5,ok
2024,2,5,401643792,2024-09-28,15:30,2024-09-28T19:30:00+00:00,Georgia Southern Eagles,Georgia State Panthers,Center Parc Stadium,0,resolved_schedule_stadium,33.735267,-84.389949,America/New_York,USA,32.4122471,-81.7849296,America/New_York,176.4,0.0,0.0,1,0,33.735267,-84.389949,America/New_York,0.0,0.0,0.0,0,0,0,2024-09-28T19:00:00+00:00,24.3,4.74,9.5,,0.0,0.0,0.0,0,0,63,3,open_air,open_air,0,0,1,open-meteo-era5,ok
2024,2,5,401643793,2024-09-28,13:30,2024-09-28T17:30:00+00:00,Ball State Cardinals,James Madison Dukes,Bridgeforth Stadium,0,resolved_schedule_stadium,38.4352919,-78.8729349,America/New_York,USA,40.2159422,-85.4161148,America/Indiana/Indianapolis,370.6,0.0,0.0,0,1,38.4352919,-78.8729349,America/New_York,0.0,0.0,0.0,0,0,0,2024-09-28T17:00:00+00:00,25.3,4.02,10.6,,0.0,0.0,0.0,0,0,56,3,open_air,open_air,0,0,1,open-meteo-era5,ok
2024,2,5,401643794,2024-09-28,15:30,2024-09-28T19:30:00+00:00,Western Michigan Broncos,Marshall Thundering Herd,Joan C. Edwards Stadium,0,resolved_schedule_stadium,38.4247042,-82.4214412,America/New_York,USA,42.2860064,-85.6007573,America/Detroit,314.9,0.0,0.0,0,1,38.4247042,-82.4214412,America/New_York,0.0,0.0,0.0,0,0,0,2024-09-28T19:00:00+00:00,21.0,1.84,3.5,,0.3,0.3,0.0,1,0,93,51,open_air,open_air,0,0,1,open-meteo-era5,ok
2024,2,5,401643795,2024-09-28,17:00,2024-09-28T21:00:00+00:00,Old Dominion Monarchs,Bowling Green Falcons,Doyt L. Perry Stadium,0,resolved_schedule_stadium,41.3780114,-83.6225,America/New_York,USA,36.8889533,-76.3049175,America/New_York,499.7,0.0,0.0,1,0,41.3780114,-83.6225,America/New_York,0.0,0.0,0.0,0,0,0,2024-09-28T21:00:00+00:00,22.7,4.21,8.0,,0.0,0.0,0.0,0,0,79,3,open_air,open_air,0,0,1,open-meteo-era5,ok
2024,2,5,401643796,2024-09-28,18:00,2024-09-28T23:00:00+00:00,UL Monroe Warhawks,Troy Trojans,Veterans Memorial Stadium (AL),0,resolved_schedule_stadium,31.7995565,-85.9518328,America/Chicago,USA,32.5308089,-92.0660602,America/Chicago,361.1,0.0,0.0,0,1,31.7995565,-85.9518328,America/Chicago,0.0,0.0,0.0,0,0,0,2024-09-28T23:00:00+00:00,25.7,2.93,7.0,,0.0,0.0,0.0,0,0,64,2,open_air,open_air,0,0,1,open-meteo-era5,ok
2024,2,5,401644738,2024-09-28,15:30,2024-09-28T19:30:00+00:00,Akron Zips,Ohio Bobcats,Peden Stadium,0,resolved_schedule_stadium,39.3212794,-82.1034315,America/New_York,USA,41.0725534,-81.5083408,America/New_York,125.0,0.0,0.0,1,0,39.3212794,-82.1034315,America/New_York,0.0,0.0,0.0,0,0,0,2024-09-28T19:00:00+00:00,22.1,1.36,3.2,,0.5,0.5,0.0,1,0,82,53,open_air,open_air,0,0,1,open-meteo-era5,ok
2024,2,5,401644739,2024-09-28,15:30,2024-09-28T19:30:00+00:00,Eastern Michigan Eagles,Kent State Golden Flashes,Dix Stadium,0,resolved_schedule_stadium,41.1390935,-81.31346,America/New_York,USA,42.256126,-83.647285,America/Detroit,143.0,0.0,0.0,0,1,41.1390935,-81.31346,America/New_York,0.0,0.0,0.0,0,0,0,2024-09-28T19:00:00+00:00,23.0,1.87,3.9,,0.1,0.1,0.0,1,0,74,51,open_air,open_air,0,0,1,open-meteo-era5,ok
2024,2,5,401645332,2024-09-28,11:00,2024-09-28T16:00:00+00:00,Navy Midshipmen,UAB Blazers,Protective Stadium,0,resolved_schedule_stadium,33.5206824,-86.8024326,America/Chicago,USA,38.9846985,-76.5076335,America/New_York,686.0,-1.0,1.0,1,0,33.5206824,-86.8024326,America/Chicago,0.0,0.0,0.0,0,0,0,2024-09-28T16:00:00+00:00,20.3,5.35,11.7,,0.0,0.0,0.0,0,0,80,3,open_air,open_air,0,0,1,open-meteo-era5,ok
2024,2,5,401645333,2024-09-28,18:00,2024-09-28T23:00:00+00:00,Charlotte 49ers,Rice Owls,Rice Stadium,0,resolved_schedule_stadium,29.7163297,-95.4093261,America/Chicago,USA,35.3105033,-80.7401194,America/New_York,936.7,-1.0,1.0,1,0,29.7163297,-95.4093261,America/Chicago,0.0,0.0,0.0,0,0,0,2024-09-28T23:00:00+00:00,31.5,1.84,2.7,,0.0,0.0,0.0,0,0,39,0,open_air,open_air,0,0,1,open-meteo-era5,ok
2024,2,5,401645334,2024-09-28,16:00,2024-09-28T20:00:00+00:00,UTSA Roadrunners,East Carolina Pirates,Dowdy-Ficklen Stadium,0,resolved_schedule_stadium,35.5968486,-77.364564,America/New_York,USA,29.4169834,-98.4788143,America/Chicago,1299.1,1.0,1.0,0,1,35.5968486,-77.364564,America/New_York,0.0,0.0,0.0,0,0,0,2024-09-28T20:00:00+00:00,29.6,3.8,7.8,,0.0,0.0,0.0,0,0,49,0,open_air,open_air,0,0,1,open-meteo-era5,ok
2024,2,5,401645335,2024-09-28,18:00,2024-09-28T22:00:00+00:00,Wagner Seahawks,Florida Atlantic Owls,FAU Stadium,0,resolved_schedule_stadium,26.3763763,-80.1015759,America/New_York,USA,,,,,,,,,26.3763763,-80.1015759,America/New_York,0.0,0.0,0.0,0,0,0,2024-09-28T22:00:00+00:00,30.3,1.81,4.1,,1.2,1.2,0.0,1,0,77,55,open_air,open_air,0,0,1,open-meteo-era5,ok
2024,2,5,401645336,2024-09-28,18:00,2024-09-28T23:00:00+00:00,Tulsa Golden Hurricane,North Texas Mean Green,DATCU Stadium,0,resolved_schedule_stadium,33.203899,-97.159245,America/Chicago,USA,36.1489175,-95.9437853,America/Chicago,214.9,0.0,0.0,1,0,33.203899,-97.159245,America/Chicago,0.0,0.0,0.0,0,0,0,2024-09-28T23:00:00+00:00,32.2,3.34,7.2,,0.0,0.0,0.0,0,0,21,2,open_air,open_air,0,0,1,open-meteo-era5,ok
2024,2,5,401645337,2024-09-28,11:00,2024-09-28T16:00:00+00:00,South Florida Bulls,Tulane Green Wave,Yulman Stadium,0,resolved_schedule_stadium,29.944616,-90.116692,America/Chicago,USA,27.9758691,-82.5033344,America/New_York,479.8,-1.0,1.0,1,0,29.944616,-90.116692,America/Chicago,0.0,0.0,0.0,0,0,0,2024-09-28T16:00:00+00:00,27.5,3.81,8.4,,0.0,0.0,0.0,0,0,55,0,open_air,open_air,0,0,1,open-meteo-era5,ok
2024,2,6,401641029,2024-10-03,19:00,2024-10-04T01:00:00+00:00,Sam Houston Bearkats,UTEP Miners,Sun Bowl,0,resolved_schedule_stadium,31.7733353,-106.507957,America/Denver,USA,30.713926,-95.5419802,America/Chicago,651.6,-1.0,1.0,1,0,31.7733353,-106.507957,America/Denver,0.0,0.0,0.0,0,0,0,2024-10-04T01:00:00+00:00,29.8,1.81,2.8,,0.0,0.0,0.0,0,0,19,0,open_air,open_air,0,0,1,open-meteo-era5,ok
2024,2,6,401643797,2024-10-03,18:00,2024-10-03T23:00:00+00:00,Texas State Bobcats,Troy Trojans,Veterans Memorial Stadium (AL),0,resolved_schedule_stadium,31.7995565,-85.9518328,America/Chicago,USA,29.8910008,-97.9255735,America/Chicago,722.0,0.0,0.0,0,1,31.7995565,-85.9518328,America/Chicago,0.0,0.0,0.0,0,0,0,2024-10-03T23:00:00+00:00,26.0,1.46,2.9,,0.0,0.0,0.0,0,0,71,2,open_air,open_air,0,0,1,open-meteo-era5,ok
2024,2,6,401628506,2024-10-04,18:00,2024-10-05T01:00:00+00:00,Michigan State Spartans,Oregon Ducks,Autzen Stadium,0,resolved_schedule_stadium,44.0582712,-123.0684883,America/Los_Angeles,USA,42.7281474,-84.4848526,America/Detroit,1921.6,-3.0,3.0,1,0,44.0582712,-123.0684883,America/Los_Angeles,0.0,0.0,0.0,0,0,0,2024-10-05T01:00:00+00:00,16.0,1.22,3.0,,0.0,0.0,0.0,0,0,89,1,open_air,open_air,0,0,1,open-meteo-era5,ok
2024,2,6,401634779,2024-10-04,18:00,2024-10-05T01:00:00+00:00,Syracuse Orange,UNLV Rebels,Allegiant Stadium,0,resolved_schedule_stadium,36.0908,-115.1830,America/Los_Angeles,USA,43.0362269,-76.1363161,America/New_York,2114.4,-3.0,3.0,1,0,36.0908,-115.1830,America/Los_Angeles,0.0,0.0,0.0,0,0,0,2024-10-05T01:00:00+00:00,37.5,2.36,6.2,,0.0,0.0,0.0,0,0,9,0,fixed_roof,fixed_roof,1,0,0,open-meteo-era5,ok
2024,2,6,401636891,2024-10-04,18:30,2024-10-04T23:30:00+00:00,Houston Cougars,TCU Horned Frogs,Amon G. Carter Stadium,0,resolved_schedule_stadium,32.7096604,-97.3680835,America/Chicago,USA,29.7219885,-95.3491623,America/Chicago,238.4,0.0,0.0,1,0,32.7096604,-97.3680835,America/Chicago,0.0,0.0,0.0,0,0,0,2024-10-04T23:00:00+00:00,31.6,3.73,7.7,,0.0,0.0,0.0,0,0,25,0,open_air,open_air,0,0,1,open-meteo-era5,ok
2024,2,6,401641001,2024-10-04,19:00,2024-10-04T23:00:00+00:00,Jacksonville State Gamecocks,Kennesaw State Owls,Fifth Third Stadium,0,resolved_schedule_stadium,34.0289318,-84.5676234,America/New_York,USA,33.8201052,-85.76647,America/Chicago,70.2,1.0,1.0,0,1,34.0289318,-84.5676234,America/New_York,0.0,0.0,0.0,0,0,0,2024-10-04T23:00:00+00:00,24.1,1.35,1.9,,0.0,0.0,0.0,0,0,76,3,open_air,open_air,0,0,1,open-meteo-era5,ok
2024,2,6,401628379,2024-10-05,18:30,2024-10-05T23:30:00+00:00,Tennessee Volunteers,Arkansas Razorbacks,Razorback Stadium,0,resolved_schedule_stadium,36.0680662,-94.1789534,America/Chicago,USA,35.9550131,-83.9250128,America/New_York,572.9,-1.0,1.0,1,0,36.0680662,-94.1789534,America/Chicago,0.0,0.0,0.0,0,0,0,2024-10-05T23:00:00+00:00,30.0,2.55,4.7,,0.0,0.0,0.0,0,0,36,0,open_air,open_air,0,0,1,open-meteo-era5,ok
2024,2,6,401628380,2024-10-05,19:45,2024-10-05T23:45:00+00:00,UCF Knights,Florida Gators,Ben Hill Griffin Stadium,0,resolved_schedule_stadium,29.6499357,-82.3485788,America/New_York,USA,28.6079765,-81.1927233,America/New_York,100.2,0.0,0.0,1,0,29.6499357,-82.3485788,America/New_York,0.0,0.0,0.0,0,0,0,2024-10-06T00:00:00+00:00,24.6,2.82,4.9,,0.6,0.6,0.0,1,0,93,53,open_air,open_air,0,0,1,open-meteo-era5,ok
2024,2,6,401628381,2024-10-05,15:30,2024-10-05T19:30:00+00:00,Auburn Tigers,Georgia Bulldogs,Sanford Stadium,0,resolved_schedule_stadium,33.9498197,-83.3733813,America/New_York,USA,32.6025532,-85.4897479,America/Chicago,153.7,1.0,1.0,0,1,33.9498197,-83.3733813,America/New_York,0.0,0.0,0.0,0,0,0,2024-10-05T19:00:00+00:00,28.6,2.36,6.5,,0.0,0.0,0.0,0,0,53,1,open_air,open_air,0,0,1,open-meteo-era5,ok
2024,2,6,401628382,2024-10-05,15:30,2024-10-05T19:30:00+00:00,Ole Miss Rebels,South Carolina Gamecocks,Williams-Brice Stadium,0,resolved_schedule_stadium,33.9730239,-81.0191726,America/New_York,USA,34.3619837,-89.5342076,America/Chicago,487.4,1.0,1.0,0,1,33.9730239,-81.0191726,America/New_York,0.0,0.0,0.0,0,0,0,2024-10-05T19:00:00+00:00,28.4,2.35,5.7,,0.0,0.0,0.0,0,0,56,2,open_air,open_air,0,0,1,open-meteo-era5,ok
2024,2,6,401628383,2024-10-05,11:00,2024-10-05T16:00:00+00:00,Missouri Tigers,Texas A&M Aggies,Kyle Field,0,resolved_schedule_stadium,30.6098891,-96.3403828,America/Chicago,USA,38.9358491,-92.3332009,America/Chicago,618.4,0.0,0.0,1,0,30.6098891,-96.3403828,America/Chicago,0.0,0.0,0.0,0,0,0,2024-10-05T16:00:00+00:00,28.8,3.93,8.9,,0.0,0.0,0.0,0,0,59,1,open_air,open_air,0,0,1,open-meteo-era5,ok
2024,2,6,401628384,2024-10-05,15:15,2024-10-05T20:15:00+00:00,Alabama Crimson Tide,Vanderbilt Commodores,FirstBank Stadium,0,resolved_schedule_stadium,36.1440455,-86.8088942,America/Chicago,USA,33.2082752,-87.5503836,America/Chicago,207.2,0.0,0.0,0,1,36.1440455,-86.8088942,America/Chicago,0.0,0.0,0.0,0,0,0,2024-10-05T20:00:00+00:00,31.2,1.3,4.1,,0.0,0.0,0.0,0,0,45,0,open_air,open_air,0,0,1,open-meteo-era5,ok
2024,2,6,401628503,2024-10-05,14:30,2024-10-05T19:30:00+00:00,Indiana Hoosiers,Northwestern Wildcats,Ryan Field,0,resolved_schedule_stadium,42.0653994,-87.6924751,America/Chicago,USA,39.1808959,-86.5256217,America/Indiana/Indianapolis,208.5,-1.0,1.0,1,0,42.0653994,-87.6924751,America/Chicago,0.0,0.0,0.0,0,0,0,2024-10-05T19:00:00+00:00,23.9,7.13,12.7,,0.0,0.0,0.0,0,0,51,0,open_air,open_air,0,0,1,open-meteo-era5,ok
2024,2,6,401628504,2024-10-05,15:30,2024-10-05T19:30:00+00:00,Iowa Hawkeyes,Ohio State Buckeyes,Ohio Stadium,0,resolved_schedule_stadium,40.0016447,-83.0197266,America/New_York,USA,41.6586045,-91.5510829,America/Chicago,460.3,1.0,1.0,0,1,40.0016447,-83.0197266,America/New_York,0.0,0.0,0.0,0,0,0,2024-10-05T19:00:00+00:00,24.6,1.69,4.9,,0.0,0.0,0.0,0,0,45,0,open_air,open_air,0,0,1,open-meteo-era5,ok
2024,2,6,401628505,2024-10-05,16:30,2024-10-05T23:30:00+00:00,Michigan Wolverines,Washington Huskies,Husky Stadium,0,resolved_schedule_stadium,47.6503235,-122.3015746,America/Los_Angeles,USA,42.2658365,-83.7486956,America/Detroit,1900.8,-3.0,3.0,1,0,47.6503235,-122.3015746,America/Los_Angeles,0.0,0.0,0.0,0,0,0,2024-10-05T23:00:00+00:00,16.6,3.43,6.8,,0.0,0.0,0.0,0,0,66,1,open_air,open_air,0,0,1,open-meteo-era5,ok
2024,2,6,401628507,2024-10-05,18:30,2024-10-05T23:30:00+00:00,USC Trojans,Minnesota Golden Gophers,Huntington Bank Stadium,0,resolved_schedule_stadium,44.976525,-93.2245462,America/Chicago,USA,34.014167,-118.287778,America/Los_Angeles,1526.8,2.0,2.0,0,1,44.976525,-93.2245462,America/Chicago,0.0,0.0,0.0,0,0,0,2024-10-05T23:00:00+00:00,21.7,6.5,11.4,,0.0,0.0,0.0,0,0,48,1,open_air,open_air,0,0,1,open-meteo-era5,ok
2024,2,6,401628508,2024-10-05,15:00,2024-10-05T20:00:00+00:00,Rutgers Scarlet Knights,Nebraska Cornhuskers,"Memorial Stadium (Lincoln, NE)",0,ambiguous_schedule_stadium,,,America/Chicago,,40.5462553,-74.4660408,America/New_York,,,,,,40.820682,-96.705594,America/Chicago,,,,,,,,,,,,,,,,,,,open_air,,,,,,venue_unresolved
2024,2,6,401628509,2024-10-05,11:00,2024-10-05T16:00:00+00:00,Purdue Boilermakers,Wisconsin Badgers,Camp Randall Stadium,0,resolved_schedule_stadium,43.06994,-89.4126943,America/Chicago,USA,40.4352253,-86.9186843,America/Indiana/Indianapolis,222.8,-1.0,1.0,1,0,43.06994,-89.4126943,America/Chicago,0.0,0.0,0.0,0,0,0,2024-10-05T16:00:00+00:00,20.5,6.12,12.8,,0.0,0.0,0.0,0,0,56,0,open_air,open_air,0,0,1,open-meteo-era5,ok
2024,2,6,401628510,2024-10-05,12:00,2024-10-05T16:00:00+00:00,UCLA Bruins,Penn State Nittany Lions,Beaver Stadium,0,resolved_schedule_stadium,40.8121958,-77.8561023,America/New_York,USA,34.1613284,-118.1676462,America/Los_Angeles,2237.0,3.0,3.0,0,1,40.8121958,-77.8561023,America/New_York,0.0,0.0,0.0,0,0,0,2024-10-05T16:00:00+00:00,18.5,1.95,6.3,,0.0,0.0,0.0,0,0,61,0,open_air,open_air,0,0,1,open-meteo-era5,ok
2024,2,6,401628640,2024-10-05,17:00,,Delaware Blue Hens,Monmouth Hawks,Kessler Stadium,0,unresolved_schedule_stadium,,,,,39.6617428,-75.7488224,America/New_York,,,,,,,,,,,,,,,,,,,,,,,,,,,,,,,,,venue_unresolved
2024,2,6,401629033,2024-10-05,15:30,2024-10-05T19:30:00+00:00,Temple Owls,UConn Huskies,Pratt & Whitney Stadium,0,resolved_schedule_stadium,41.7595675,-72.6187728,America/New_York,USA,39.9007995,-75.1675414,America/New_York,185.0,0.0,0.0,0,1,41.7595675,-72.6187728,America/New_York,0.0,0.0,0.0,0,0,0,2024-10-05T19:00:00+00:00,23.8,3.59,9.4,,0.0,0.0,0.0,0,0,35,0,open_air,open_air,0,0,1,open-meteo-era5,ok
2024,2,6,401629044,2024-10-05,11:00,2024-10-05T16:00:00+00:00,Massachusetts Minutemen,Northern Illinois Huskies,Huskie Stadium,0,resolved_schedule_stadium,41.9339586,-88.7778357,America/Chicago,USA,42.3773244,-72.5360595,America/New_York,831.2,-1.0,1.0,1,0,41.9339586,-88.7778357,America/Chicago,0.0,0.0,0.0,0,0,0,2024-10-05T16:00:00+00:00,21.2,6.29,12.0,,0.0,0.0,0.0,0,0,54,1,open_air,open_air,0,0,1,open-meteo-era5,ok
2024,2,6,401634201,2024-10-05,14:30,2024-10-05T19:30:00+00:00,North Dakota Fighting Hawks,North Dakota State Bison,Fargodome,0,resolved_schedule_stadium,46.9029938,-96.8003251,America/Chicago,USA,,,,,,,,,46.9029938,-96.8003251,America/Chicago,0.0,0.0,0.0,0,0,0,2024-10-05T19:00:00+00:00,19.4,6.56,13.1,,0.0,0.0,0.0,0,0,35,1,dome,dome,1,0,0,open-meteo-era5,ok
2024,2,6,401635567,2024-10-05,12:00,2024-10-05T16:00:00+00:00,Boston College Eagles,Virginia Cavaliers,Scott Stadium,0,resolved_schedule_stadium,38.0311801,-78.5137897,America/New_York,USA,42.335104,-71.1664413,America/New_York,488.4,0.0,0.0,1,0,38.0311801,-78.5137897,America/New_York,0.0,0.0,0.0,0,0,0,2024-10-05T16:00:00+00:00,24.1,2.73,8.0,,0.0,0.0,0.0,0,0,55,0,open_air,open_air,0,0,1,open-meteo-era5,ok
2024,2,6,401635568,2024-10-05,19:30,2024-10-06T02:30:00+00:00,Miami Hurricanes,California Golden Bears,California Memorial Stadium,0,resolved_schedule_stadium,37.8710434,-122.2507729,America/Los_Angeles,USA,25.9579665,-80.2388604,America/New_York,2573.4,-3.0,3.0,1,0,37.8710434,-122.2507729,America/Los_Angeles,0.0,0.0,0.0,0,0,0,2024-10-06T02:00:00+00:00,31.0,2.28,3.2,,0.0,0.0,0.0,0,0,23,0,open_air,open_air,0,0,1,open-meteo-era5,ok
2024,2,6,401635569,2024-10-05,19:00,2024-10-05T23:00:00+00:00,Clemson Tigers,Florida State Seminoles,Doak Campbell Stadium,0,resolved_schedule_stadium,30.4381692,-84.3044032,America/New_York,USA,34.6787737,-82.8432428,America/New_York,305.1,0.0,0.0,1,0,30.4381692,-84.3044032,America/New_York,0.0,0.0,0.0,0,0,0,2024-10-05T23:00:00+00:00,26.3,3.48,7.2,,0.0,0.0,0.0,0,0,78,3,open_air,open_air,0,0,1,open-meteo-era5,ok
2024,2,6,401635570,2024-10-05,20:00,2024-10-06T00:00:00+00:00,Duke Blue Devils,Georgia Tech Yellow Jackets,Bobby Dodd Stadium,0,resolved_schedule_stadium,33.7724449,-84.3928054,America/New_York,USA,35.9953688,-78.9417564,America/New_York,345.0,0.0,0.0,1,0,33.7724449,-84.3928054,America/New_York,0.0,0.0,0.0,0,0,0,2024-10-06T00:00:00+00:00,23.5,1.8,2.9,,0.0,0.0,0.0,0,0,77,1,open_air,open_air,0,0,1,open-meteo-era5,ok
2024,2,6,401635571,2024-10-05,12:00,2024-10-05T16:00:00+00:00,SMU Mustangs,Louisville Cardinals,L&N Federal Credit Union Stadium,0,resolved_schedule_stadium,38.2057621,-85.7588141,America/Kentucky/Louisville,USA,32.8377223,-96.7827859,America/Chicago,721.6,1.0,1.0,0,1,38.2057621,-85.7588141,America/Kentucky/Louisville,0.0,0.0,0.0,0,0,0,2024-10-05T16:00:00+00:00,23.2,1.42,4.8,,0.0,0.0,0.0,0,0,56,0,open_air,open_air,0,0,1,open-meteo-era5,ok
2024,2,6,401635572,2024-10-05,12:00,2024-10-05T16:00:00+00:00,Pittsburgh Panthers,North Carolina Tar Heels,Kenan Stadium,0,resolved_schedule_stadium,35.9069294,-79.0478889,America/New_York,USA,40.4467648,-80.0157603,America/New_York,318.0,0.0,0.0,0,1,35.9069294,-79.0478889,America/New_York,0.0,0.0,0.0,0,0,0,2024-10-05T16:00:00+00:00,25.3,3.0,8.1,,0.0,0.0,0.0,0,0,66,0,open_air,open_air,0,0,1,open-meteo-era5,ok
2024,2,6,401635573,2024-10-05,12:30,2024-10-05T19:30:00+00:00,Virginia Tech Hokies,Stanford Cardinal,Stanford Stadium,0,resolved_schedule_stadium,37.4345556,-122.1611271,America/Los_Angeles,USA,37.2199873,-80.4180643,America/New_York,2274.3,-3.0,3.0,1,0,37.4345556,-122.1611271,America/Los_Angeles,0.0,0.0,0.0,0,0,0,2024-10-05T19:00:00+00:00,31.3,1.6,5.1,,0.0,0.0,0.0,0,0,26,0,open_air,open_air,0,0,1,open-meteo-era5,ok
2024,2,6,401635638,2024-10-05,12:00,2024-10-05T16:00:00+00:00,Wake Forest Demon Deacons,NC State Wolfpack,Carter-Finley Stadium,0,resolved_schedule_stadium,35.8008001,-78.7195655,America/New_York,USA,36.1305507,-80.2545851,America/New_York,88.8,0.0,0.0,0,1,35.8008001,-78.7195655,America/New_York,0.0,0.0,0.0,0,0,0,2024-10-05T16:00:00+00:00,25.6,2.51,7.2,,0.0,0.0,0.0,0,0,69,0,open_air,open_air,0,0,1,open-meteo-era5,ok
2024,2,6,401636887,2024-10-05,20:00,2024-10-06T03:00:00+00:00,Texas Tech Red Raiders,Arizona Wildcats,Arizona Stadium,0,resolved_schedule_stadium,32.2288054,-110.9488677,America/Phoenix,USA,33.5910518,-101.8728824,America/Chicago,534.6,-2.0,2.0,1,0,32.2288054,-110.9488677,America/Phoenix,0.0,0.0,0.0,0,0,0,2024-10-06T03:00:00+00:00,32.0,2.3,5.0,,0.0,0.0,0.0,0,0,12,0,open_air,open_air,0,0,1,open-meteo-era5,ok
2024,2,6,401636888,2024-10-05,17:00,2024-10-06T00:00:00+00:00,Kansas Jayhawks,Arizona State Sun Devils,Mountain America Stadium,0,resolved_schedule_stadium,33.4264471,-111.9325005,America/Phoenix,USA,38.9629418,-95.2463686,America/Chicago,1004.0,-2.0,2.0,1,0,33.4264471,-111.9325005,America/Phoenix,0.0,0.0,0.0,0,0,0,2024-10-06T00:00:00+00:00,41.1,1.77,3.7,,0.0,0.0,0.0,0,0,7,0,open_air,open_air,0,0,1,open-meteo-era5,ok
2024,2,6,401636889,2024-10-05,18:30,2024-10-05T23:30:00+00:00,Baylor Bears,Iowa State Cyclones,Jack Trice Stadium,0,resolved_schedule_stadium,42.0139977,-93.6357716,America/Chicago,USA,31.5582015,-97.1156702,America/Chicago,747.5,0.0,0.0,0,1,42.0139977,-93.6357716,America/Chicago,0.0,0.0,0.0,0,0,0,2024-10-05T23:00:00+00:00,31.4,6.67,10.4,,0.0,0.0,0.0,0,0,31,0,open_air,open_air,0,0,1,open-meteo-era5,ok
2024,2,6,401636890,2024-10-05,15:00,2024-10-05T20:00:00+00:00,West Virginia Mountaineers,Oklahoma State Cowboys,Boone Pickens Stadium,0,resolved_schedule_stadium,36.125673,-97.066513,America/Chicago,USA,39.6502744,-79.9551873,America/New_York,962.7,-1.0,1.0,1,0,36.125673,-97.066513,America/Chicago,0.0,0.0,0.0,0,0,0,2024-10-05T20:00:00+00:00,31.8,4.77,10.1,,0.0,0.0,0.0,0,0,33,0,open_air,open_air,0,0,1,open-meteo-era5,ok
2024,2,6,401643722,2024-10-05,10:00,2024-10-05T16:00:00+00:00,Navy Midshipmen,Air Force Falcons,Falcon Stadium,0,resolved_schedule_stadium,38.9969701,-104.8436165,America/Denver,USA,38.9846985,-76.5076335,America/New_York,1515.5,-2.0,2.0,1,0,38.9969701,-104.8436165,America/Denver,0.0,0.0,0.0,0,0,0,2024-10-05T16:00:00+00:00,24.0,1.71,5.7,,0.0,0.0,0.0,0,0,16,0,open_air,open_air,0,0,1,open-meteo-era5,ok
2024,2,6,401643723,2024-10-05,17:00,2024-10-05T23:00:00+00:00,Utah State Aggies,Boise State Broncos,Albertsons Stadium,0,resolved_schedule_stadium,43.6028839,-116.1958882,America/Boise,USA,41.7517394,-111.8116007,America/Denver,256.8,0.0,0.0,1,0,43.6028839,-116.1958882,America/Boise,0.0,0.0,0.0,0,0,0,2024-10-05T23:00:00+00:00,22.4,2.75,6.4,,0.0,0.0,0.0,0,0,17,0,open_air,open_air,0,0,1,open-meteo-era5,ok
2024,2,6,401643724,2024-10-05,15:30,2024-10-05T22:30:00+00:00,Colorado State Rams,Oregon State Beavers,Reser Stadium,0,resolved_schedule_stadium,44.5594559,-123.2814341,America/Los_Angeles,USA,40.570015,-105.088435,America/Denver,963.6,-1.0,1.0,1,0,44.5594559,-123.2814341,America/Los_Angeles,0.0,0.0,0.0,0,0,0,2024-10-05T22:00:00+00:00,20.7,2.01,7.0,,0.0,0.0,0.0,0,0,50,0,open_air,open_air,0,0,1,open-meteo-era5,ok
2024,2,6,401643725,2024-10-05,17:00,2024-10-06T00:00:00+00:00,Hawai'i Rainbow Warriors,San Diego State Aztecs,Snapdragon Stadium,0,resolved_schedule_stadium,32.784444,-117.122833,America/Los_Angeles,USA,21.294294,-157.819338,Pacific/Honolulu,2609.3,3.0,3.0,0,1,32.784444,-117.122833,America/Los_Angeles,0.0,0.0,0.0,0,0,0,2024-10-06T00:00:00+00:00,25.1,2.77,6.5,,0.0,0.0,0.0,0,0,66,1,open_air,open_air,0,0,1,open-meteo-era5,ok
2024,2,6,401643726,2024-10-05,16:30,2024-10-05T23:30:00+00:00,Nevada Wolf Pack,San José State Spartans,CEFCU Stadium,0,resolved_schedule_stadium,37.3196675,-121.8682962,America/Los_Angeles,USA,39.5469459,-119.8175435,America/Los_Angeles,189.7,0.0,0.0,1,0,37.3196675,-121.8682962,America/Los_Angeles,0.0,0.0,0.0,0,0,0,2024-10-05T23:00:00+00:00,38.0,0.88,3.4,,0.0,0.0,0.0,0,0,17,0,open_air,open_air,0,0,1,open-meteo-era5,ok
2024,2,6,401643798,2024-10-05,19:00,2024-10-05T23:00:00+00:00,Old Dominion Monarchs,Coastal Carolina Chanticleers,Brooks Stadium (SC),0,resolved_schedule_stadium,33.7928506,-79.0166946,America/New_York,USA,36.8889533,-76.3049175,America/New_York,262.9,0.0,0.0,1,0,33.7928506,-79.0166946,America/New_York,0.0,0.0,0.0,0,0,0,2024-10-05T23:00:00+00:00,23.8,1.72,3.2,,0.0,0.0,0.0,0,0,83,1,open_air,open_air,0,0,1,open-meteo-era5,ok
2024,2,6,401643799,2024-10-05,15:30,2024-10-05T19:30:00+00:00,App State Mountaineers,Marshall Thundering Herd,Joan C. Edwards Stadium,0,resolved_schedule_stadium,38.4247042,-82.4214412,America/New_York,USA,36.2114267,-81.6854278,America/New_York,158.2,0.0,0.0,1,0,38.4247042,-82.4214412,America/New_York,0.0,0.0,0.0,0,0,0,2024-10-05T19:00:00+00:00,26.7,1.3,4.6,,0.0,0.0,0.0,0,0,39,0,open_air,open_air,0,0,1,open-meteo-era5,ok
2024,2,6,401643800,2024-10-05,18:00,2024-10-05T23:00:00+00:00,South Alabama Jaguars,Arkansas State Red Wolves,Centennial Bank Stadium,0,resolved_schedule_stadium,35.8488977,-90.6677436,America/Chicago,USA,30.6943566,-88.0430541,America/Chicago,387.0,0.0,0.0,1,0,35.8488977,-90.6677436,America/Chicago,0.0,0.0,0.0,0,0,0,2024-10-05T23:00:00+00:00,29.5,1.06,1.1,,0.0,0.0,0.0,0,0,66,0,open_air,open_air,0,0,1,open-meteo-era5,ok
2024,2,6,401643801,2024-10-05,18:00,2024-10-05T23:00:00+00:00,James Madison Dukes,UL Monroe Warhawks,Malone Stadium,0,resolved_schedule_stadium,32.5308089,-92.0660602,America/Chicago,USA,38.4352919,-78.8729349,America/New_York,845.8,-1.0,1.0,1,0,32.5308089,-92.0660602,America/Chicago,0.0,0.0,0.0,0,0,0,2024-10-05T23:00:00+00:00,29.9,1.32,3.0,,0.0,0.0,0.0,0,0,53,0,open_air,open_air,0,0,1,open-meteo-era5,ok
2024,2,6,401643802,2024-10-05,18:00,2024-10-05T23:00:00+00:00,Louisiana Ragin' Cajuns,Southern Miss Golden Eagles,M. M. Roberts Stadium,0,resolved_schedule_stadium,31.3289321,-89.3318118,America/Chicago,USA,30.2158434,-92.0417371,America/Chicago,178.3,0.0,0.0,0,1,31.3289321,-89.3318118,America/Chicago,0.0,0.0,0.0,0,0,0,2024-10-05T23:00:00+00:00,30.8,2.53,4.7,,0.0,0.0,0.0,0,0,37,3,open_air,open_air,0,0,1,open-meteo-era5,ok
2024,2,6,401644684,2024-10-05,15:30,2024-10-05T19:30:00+00:00,Miami (OH) RedHawks,Toledo Rockets,Glass Bowl,0,resolved_schedule_stadium,41.6574777,-83.6135652,America/New_York,USA,39.5197009,-84.7330255,America/New_York,159.0,0.0,0.0,0,1,41.6574777,-83.6135652,America/New_York,0.0,0.0,0.0,0,0,0,2024-10-05T19:00:00+00:00,20.3,4.67,9.1,,0.0,0.0,0.0,0,0,47,0,open_air,open_air,0,0,1,open-meteo-era5,ok
2024,2,6,401644740,2024-10-05,15:30,2024-10-05T19:30:00+00:00,Bowling Green Falcons,Akron Zips,InfoCision Stadium,0,resolved_schedule_stadium,41.0725534,-81.5083408,America/New_York,USA,41.3780114,-83.6225,America/New_York,111.9,0.0,0.0,0,1,41.0725534,-81.5083408,America/New_York,0.0,0.0,0.0,0,0,0,2024-10-05T19:00:00+00:00,21.5,0.39,3.1,,0.0,0.0,0.0,0,0,39,0,open_air,open_air,0,0,1,open-meteo-era5,ok
2024,2,6,401644741,2024-10-05,14:00,2024-10-05T18:00:00+00:00,Western Michigan Broncos,Ball State Cardinals,Scheumann Stadium,0,resolved_schedule_stadium,40.2159422,-85.4161148,America/Indiana/Indianapolis,USA,42.2860064,-85.6007573,America/Detroit,143.4,0.0,0.0,0,1,40.2159422,-85.4161148,America/Indiana/Indianapolis,0.0,0.0,0.0,0,0,0,2024-10-05T18:00:00+00:00,25.0,3.88,8.2,,0.0,0.0,0.0,0,0,45,1,open_air,open_air,0,0,1,open-meteo-era5,ok
2024,2,6,401645338,2024-10-05,12:00,2024-10-05T17:00:00+00:00,Tulane Green Wave,UAB Blazers,Protective Stadium,0,resolved_schedule_stadium,33.5206824,-86.8024326,America/Chicago,USA,29.944616,-90.116692,America/Chicago,314.6,0.0,0.0,0,1,33.5206824,-86.8024326,America/Chicago,0.0,0.0,0.0,0,0,0,2024-10-05T17:00:00+00:00,28.6,2.69,7.6,,0.0,0.0,0.0,0,0,60,1,open_air,open_air,0,0,1,open-meteo-era5,ok
2024,2,6,401645339,2024-10-05,11:00,2024-10-05T16:00:00+00:00,Army Black Knights,Tulsa Golden Hurricane,Chapman Stadium,0,resolved_schedule_stadium,36.1489175,-95.9437853,America/Chicago,USA,41.3874924,-73.9640891,America/New_York,1234.3,-1.0,1.0,1,0,36.1489175,-95.9437853,America/Chicago,0.0,0.0,0.0,0,0,0,2024-10-05T16:00:00+00:00,26.9,3.47,7.9,,0.0,0.0,0.0,0,0,48,0,open_air,open_air,0,0,1,open-meteo-era5,ok
2024,2,6,401645340,2024-10-05,15:30,2024-10-05T19:30:00+00:00,East Carolina Pirates,Charlotte 49ers,Jerry Richardson Stadium,0,resolved_schedule_stadium,35.3105033,-80.7401194,America/New_York,USA,35.5968486,-77.364564,America/New_York,191.0,0.0,0.0,1,0,35.3105033,-80.7401194,America/New_York,0.0,0.0,0.0,0,0,0,2024-10-05T19:00:00+00:00,28.2,2.58,6.5,,0.0,0.0,0.0,0,0,51,0,open_air,open_air,0,0,1,open-meteo-era5,ok
2024,2,7,401640982,2024-10-08,19:00,2024-10-08T23:00:00+00:00,Florida International Panthers,Liberty Flames,Williams Stadium (VA),0,resolved_schedule_stadium,37.3544305,-79.1750239,America/New_York,USA,25.7525014,-80.3778912,America/New_York,804.7,0.0,0.0,0,1,37.3544305,-79.1750239,America/New_York,0.0,0.0,0.0,0,0,0,2024-10-08T23:00:00+00:00,15.9,2.06,2.8,,0.0,0.0,0.0,0,0,65,0,open_air,open_air,0,0,1,open-meteo-era5,ok
2024,2,7,401641002,2024-10-09,18:30,2024-10-09T23:30:00+00:00,New Mexico State Aggies,Jacksonville State Gamecocks,AmFirst Stadium,0,resolved_schedule_stadium,33.8201052,-85.76647,America/Chicago,USA,32.2796202,-106.7411148,America/Denver,1217.3,1.0,1.0,0,1,33.8201052,-85.76647,America/Chicago,0.0,0.0,0.0,0,0,0,2024-10-09T23:00:00+00:00,24.8,2.82,4.4,,0.0,0.0,0.0,0,0,48,0,open_air,open_air,0,0,1,open-meteo-era5,ok
2024,2,7,401641009,2024-10-10,19:00,2024-10-11T00:00:00+00:00,Middle Tennessee Blue Raiders,Louisiana Tech Bulldogs,Joe Aillet Stadium,0,resolved_schedule_stadium,32.5321487,-92.6560019,America/Chicago,USA,35.8511463,-86.3681649,America/Chicago,426.1,0.0,0.0,1,0,32.5321487,-92.6560019,America/Chicago,0.0,0.0,0.0,0,0,0,2024-10-11T00:00:00+00:00,22.7,2.29,2.9,,0.0,0.0,0.0,0,0,53,0,open_air,open_air,0,0,1,open-meteo-era5,ok
2024,2,7,401641030,2024-10-10,19:00,2024-10-11T00:00:00+00:00,UTEP Miners,Western Kentucky Hilltoppers,Houchens Industries-L.T. Smith Stadium,0,resolved_schedule_stadium,36.9847901,-86.4594041,America/Chicago,USA,31.7733353,-106.507957,America/Denver,1195.9,1.0,1.0,0,1,36.9847901,-86.4594041,America/Chicago,0.0,0.0,0.0,0,0,0,2024-10-11T00:00:00+00:00,20.2,2.3,2.8,,0.0,0.0,0.0,0,0,54,0,open_air,open_air,0,0,1,open-meteo-era5,ok
2024,2,7,401643803,2024-10-10,19:30,2024-10-10T23:30:00+00:00,Coastal Carolina Chanticleers,James Madison Dukes,Bridgeforth Stadium,0,resolved_schedule_stadium,38.4352919,-78.8729349,America/New_York,USA,33.7928506,-79.0166946,America/New_York,320.9,0.0,0.0,0,1,38.4352919,-78.8729349,America/New_York,0.0,0.0,0.0,0,0,0,2024-10-10T23:00:00+00:00,13.0,2.45,5.5,,0.0,0.0,0.0,0,0,52,0,open_air,open_air,0,0,1,open-meteo-era5,ok
2024,2,7,401628513,2024-10-11,20:00,2024-10-12T00:00:00+00:00,Northwestern Wildcats,Maryland Terrapins,SECU Stadium,0,resolved_schedule_stadium,38.9903332,-76.9473792,America/New_York,USA,42.0653994,-87.6924751,America/Chicago,602.5,1.0,1.0,0,1,38.9903332,-76.9473792,America/New_York,0.0,0.0,0.0,0,0,0,2024-10-12T00:00:00+00:00,13.1,2.44,4.2,,0.0,0.0,0.0,0,0,66,0,open_air,open_air,0,0,1,open-meteo-era5,ok
2024,2,7,401636892,2024-10-11,19:30,2024-10-12T02:30:00+00:00,Utah Utes,Arizona State Sun Devils,Mountain America Stadium,0,resolved_schedule_stadium,33.4264471,-111.9325005,America/Phoenix,USA,40.7599724,-111.8488255,America/Denver,506.7,-1.0,1.0,1,0,33.4264471,-111.9325005,America/Phoenix,0.0,0.0,0.0,0,0,0,2024-10-12T02:00:00+00:00,34.5,2.04,4.0,,0.0,0.0,0.0,0,0,11,0,open_air,open_air,0,0,1,open-meteo-era5,ok
2024,2,7,401643733,2024-10-11,19:00,2024-10-12T01:00:00+00:00,UNLV Rebels,Utah State Aggies,Maverik Stadium,0,resolved_schedule_stadium,41.7517394,-111.8116007,America/Denver,USA,36.0908,-115.1830,America/Los_Angeles,431.0,1.0,1.0,0,1,41.7517394,-111.8116007,America/Denver,0.0,0.0,0.0,0,0,0,2024-10-12T01:00:00+00:00,20.7,0.94,6.5,,0.0,0.0,0.0,0,0,21,2,open_air,open_air,0,0,1,open-meteo-era5,ok
2024,2,7,401628385,2024-10-12,11:00,2024-10-12T16:00:00+00:00,South Carolina Gamecocks,Alabama Crimson Tide,Bryant-Denny Stadium,0,resolved_schedule_stadium,33.2082752,-87.5503836,America/Chicago,USA,33.9730239,-81.0191726,America/New_York,379.5,-1.0,1.0,1,0,33.2082752,-87.5503836,America/Chicago,0.0,0.0,0.0,0,0,0,2024-10-12T16:00:00+00:00,23.2,0.89,4.3,,0.0,0.0,0.0,0,0,49,0,open_air,open_air,0,0,1,open-meteo-era5,ok
2024,2,7,401628386,2024-10-12,16:15,2024-10-12T20:15:00+00:00,Mississippi State Bulldogs,Georgia Bulldogs,Sanford Stadium,0,resolved_schedule_stadium,33.9498197,-83.3733813,America/New_York,USA,33.4563403,-88.7933652,America/Chicago,313.4,1.0,1.0,0,1,33.9498197,-83.3733813,America/New_York,0.0,0.0,0.0,0,0,0,2024-10-12T20:00:00+00:00,26.1,1.12,3.8,,0.0,0.0,0.0,0,0,25,0,open_air,open_air,0,0,1,open-meteo-era5,ok
2024,2,7,401628387,2024-10-12,19:55,2024-10-12T23:55:00+00:00,Vanderbilt Commodores,Kentucky Wildcats,Kroger Field,0,resolved_schedule_stadium,38.0220905,-84.5053408,America/New_York,USA,36.1440455,-86.8088942,America/Chicago,181.5,1.0,1.0,0,1,38.0220905,-84.5053408,America/New_York,0.0,0.0,0.0,0,0,0,2024-10-13T00:00:00+00:00,19.4,3.56,5.6,,0.0,0.0,0.0,0,0,59,1,open_air,open_air,0,0,1,open-meteo-era5,ok
2024,2,7,401628388,2024-10-12,18:30,2024-10-12T23:30:00+00:00,Ole Miss Rebels,LSU Tigers,Tiger Stadium (LA),0,resolved_schedule_stadium,30.412035,-91.1838163,America/Chicago,USA,34.3619837,-89.5342076,America/Chicago,289.4,0.0,0.0,1,0,30.412035,-91.1838163,America/Chicago,0.0,0.0,0.0,0,0,0,2024-10-12T23:00:00+00:00,27.7,1.27,2.0,,0.0,0.0,0.0,0,0,57,0,open_air,open_air,0,0,1,open-meteo-era5,ok
2024,2,7,401628389,2024-10-12,12:00,2024-10-12T16:00:00+00:00,Missouri Tigers,Massachusetts Minutemen,Warren McGuirk Alumni Stadium,0,resolved_schedule_stadium,42.3773244,-72.5360595,America/New_York,USA,38.9358491,-92.3332009,America/Chicago,1062.0,1.0,1.0,0,1,42.3773244,-72.5360595,America/New_York,0.0,0.0,0.0,0,0,0,2024-10-12T16:00:00+00:00,20.9,5.6,13.5,,0.0,0.0,0.0,0,0,27,0,open_air,open_air,0,0,1,open-meteo-era5,ok
2024,2,7,401628390,2024-10-12,19:30,,Texas Longhorns,Oklahoma Sooners,Cotton Bowl,1,unresolved_neutral_venue,,,,,30.2836813,-97.7325345,America/Chicago,,,,,,35.2058537,-97.4423145,America/Chicago,,,,,,,,,,,,,,,,,,,,,,,,,venue_unresolved
2024,2,7,401628391,2024-10-12,19:00,2024-10-12T23:00:00+00:00,Florida Gators,Tennessee Volunteers,Neyland Stadium,0,resolved_schedule_stadium,35.9550131,-83.9250128,America/New_York,USA,29.6499357,-82.3485788,America/New_York,445.1,0.0,0.0,1,0,35.9550131,-83.9250128,America/New_York,0.0,0.0,0.0,0,0,0,2024-10-12T23:00:00+00:00,20.7,2.06,3.6,,0.0,0.0,0.0,0,0,56,1,open_air,open_air,0,0,1,open-meteo-era5,ok
2024,2,7,401628511,2024-10-12,14:30,2024-10-12T19:30:00+00:00,Purdue Boilermakers,Illinois Fighting Illini,"Memorial Stadium (Champaign, IL)",0,ambiguous_schedule_stadium,,,America/Chicago,,40.4352253,-86.9186843,America/Indiana/Indianapolis,,,,,,40.0993268,-88.2359569,America/Chicago,,,,,,,,,,,,,,,,,,,open_air,,,,,,venue_unresolved
2024,2,7,401628512,2024-10-12,11:00,2024-10-12T16:00:00+00:00,Washington Huskies,Iowa Hawkeyes,Kinnick Stadium,0,resolved_schedule_stadium,41.6586045,-91.5510829,America/Chicago,USA,47.6503235,-122.3015746,America/Los_Angeles,1555.7,2.0,2.0,0,1,41.6586045,-91.5510829,America/Chicago,0.0,0.0,0.0,0,0,0,2024-10-12T16:00:00+00:00,19.6,4.6,8.5,,0.0,0.0,0.0,0,0,61,1,open_air,open_air,0,0,1,open-meteo-era5,ok
2024,2,7,401628514,2024-10-12,18:00,2024-10-13T01:00:00+00:00,Minnesota Golden Gophers,UCLA Bruins,Rose Bowl,0,resolved_schedule_stadium,34.1613284,-118.1676462,America/Los_Angeles,USA,44.976525,-93.2245462,America/Chicago,1515.2,-2.0,2.0,1,0,34.1613284,-118.1676462,America/Los_Angeles,0.0,0.0,0.0,0,0,0,2024-10-13T01:00:00+00:00,25.3,1.4,4.1,,0.0,0.0,0.0,0,0,39,0,open_air,open_air,0,0,1,open-meteo-era5,ok
2024,2,7,401628515,2024-10-12,16:30,2024-10-12T23:30:00+00:00,Ohio State Buckeyes,Oregon Ducks,Autzen Stadium,0,resolved_schedule_stadium,44.0582712,-123.0684883,America/Los_Angeles,USA,40.0016447,-83.0197266,America/New_York,2053.9,-3.0,3.0,1,0,44.0582712,-123.0684883,America/Los_Angeles,0.0,0.0,0.0,0,0,0,2024-10-12T23:00:00+00:00,23.9,1.55,4.9,,0.0,0.0,0.0,0,0,47,0,open_air,open_air,0,0,1,open-meteo-era5,ok
2024,2,7,401628516,2024-10-12,12:30,2024-10-12T19:30:00+00:00,Penn State Nittany Lions,USC Trojans,Los Angeles Memorial Coliseum,0,resolved_schedule_stadium,34.014167,-118.287778,America/Los_Angeles,USA,40.8121958,-77.8561023,America/New_York,2247.4,-3.0,3.0,1,0,34.014167,-118.287778,America/Los_Angeles,0.0,0.0,0.0,0,0,0,2024-10-12T19:00:00+00:00,25.4,2.06,6.3,,0.0,0.0,0.0,0,0,43,0,open_air,open_air,0,0,1,open-meteo-era5,ok
2024,2,7,401628517,2024-10-12,12:00,2024-10-12T16:00:00+00:00,Wisconsin Badgers,Rutgers Scarlet Knights,SHI Stadium,0,resolved_schedule_stadium,40.5462553,-74.4660408,America/New_York,USA,43.06994,-89.4126943,America/Chicago,788.1,1.0,1.0,0,1,40.5462553,-74.4660408,America/New_York,0.0,0.0,0.0,0,0,0,2024-10-12T16:00:00+00:00,23.5,4.21,10.4,,0.0,0.0,0.0,0,0,32,0,open_air,open_air,0,0,1,open-meteo-era5,ok
2024,2,7,401628650,2024-10-12,13:00,2024-10-12T17:00:00+00:00,Maine Black Bears,Delaware Blue Hens,Delaware Stadium,0,resolved_schedule_stadium,39.6617428,-75.7488224,America/New_York,USA,,,,,,,,,39.6617428,-75.7488224,America/New_York,0.0,0.0,0.0,0,0,0,2024-10-12T17:00:00+00:00,24.2,3.13,8.1,,0.0,0.0,0.0,0,0,39,1,open_air,open_air,0,0,1,open-meteo-era5,ok
2024,2,7,401628981,2024-10-12,15:30,2024-10-12T19:30:00+00:00,Stanford Cardinal,Notre Dame Fighting Irish,Notre Dame Stadium,0,resolved_schedule_stadium,41.698378,-86.2339425,America/Indiana/Indianapolis,USA,37.4345556,-122.1611271,America/Los_Angeles,1922.0,3.0,3.0,0,1,41.698378,-86.2339425,America/Indiana/Indianapolis,0.0,0.0,0.0,0,0,0,2024-10-12T19:00:00+00:00,19.6,3.51,10.8,,0.9,0.9,0.0,1,0,67,53,open_air,open_air,0,0,1,open-meteo-era5,ok
2024,2,7,401634057,2024-10-12,18:00,2024-10-13T01:00:00+00:00,Eastern Washington Eagles,Sacramento State Hornets,Hornet Stadium,0,resolved_schedule_stadium,38.5556718,-121.4229607,America/Los_Angeles,USA,,,,,,,,,38.5556718,-121.4229607,America/Los_Angeles,0.0,0.0,0.0,0,0,0,2024-10-13T01:00:00+00:00,26.0,3.1,4.7,,0.0,0.0,0.0,0,0,53,1,open_air,open_air,0,0,1,open-meteo-era5,ok
2024,2,7,401634163,2024-10-12,17:00,,Missouri State Bears,Illinois State Redbirds,Hancock Stadium,0,unresolved_schedule_stadium,,,,,37.1976229,-93.2798119,America/Chicago,,,,,,,,,,,,,,,,,,,,,,,,,,,,,,,,,venue_unresolved
2024,2,7,401634208,2024-10-12,19:00,,North Dakota State Bison,Southern Illinois Salukis,Saluki Stadium,0,unresolved_schedule_stadium,,,,,46.9029938,-96.8003251,America/Chicago,,,,,,,,,,,,,,,,,,,,,,,,,,,,,,,,,venue_unresolved
2024,2,7,401635574,2024-10-12,20:00,2024-10-13T00:00:00+00:00,Syracuse Orange,NC State Wolfpack,Carter-Finley Stadium,0,resolved_schedule_stadium,35.8008001,-78.7195655,America/New_York,USA,43.0362269,-76.1363161,America/New_York,518.5,0.0,0.0,1,0,35.8008001,-78.7195655,America/New_York,0.0,0.0,0.0,0,0,0,2024-10-13T00:00:00+00:00,16.1,2.68,4.7,,0.0,0.0,0.0,0,0,76,0,open_air,open_air,0,0,1,open-meteo-era5,ok
2024,2,7,401635575,2024-10-12,15:30,2024-10-12T19:30:00+00:00,California Golden Bears,Pittsburgh Panthers,Acrisure Stadium,0,resolved_schedule_stadium,40.4467648,-80.0157603,America/New_York,USA,37.8710434,-122.2507729,America/Los_Angeles,2248.2,3.0,3.0,0,1,40.4467648,-80.0157603,America/New_York,0.0,0.0,0.0,0,0,0,2024-10-12T19:00:00+00:00,20.5,1.79,5.5,,0.5,0.5,0.0,1,0,56,53,open_air,open_air,0,0,1,open-meteo-era5,ok
2024,2,7,401635576,2024-10-12,12:00,2024-10-12T16:00:00+00:00,Clemson Tigers,Wake Forest Demon Deacons,Allegacy Federal Credit Union Stadium,0,resolved_schedule_stadium,36.1305507,-80.2545851,America/New_York,USA,34.6787737,-82.8432428,America/New_York,177.0,0.0,0.0,0,1,36.1305507,-80.2545851,America/New_York,0.0,0.0,0.0,0,0,0,2024-10-12T16:00:00+00:00,20.4,1.5,5.3,,0.0,0.0,0.0,0,0,43,0,open_air,open_air,0,0,1,open-meteo-era5,ok
2024,2,7,401635577,2024-10-12,12:00,2024-10-12T16:00:00+00:00,Georgia Tech Yellow Jackets,North Carolina Tar Heels,Kenan Stadium,0,resolved_schedule_stadium,35.9069294,-79.0478889,America/New_York,USA,33.7724449,-84.3928054,America/New_York,337.0,0.0,0.0,0,1,35.9069294,-79.0478889,America/New_York,0.0,0.0,0.0,0,0,0,2024-10-12T16:00:00+00:00,21.8,2.25,6.7,,0.0,0.0,0.0,0,0,45,0,open_air,open_air,0,0,1,open-meteo-era5,ok
2024,2,7,401635578,2024-10-12,15:30,2024-10-12T19:30:00+00:00,Louisville Cardinals,Virginia Cavaliers,Scott Stadium,0,resolved_schedule_stadium,38.0311801,-78.5137897,America/New_York,USA,38.2057621,-85.7588141,America/Kentucky/Louisville,393.9,0.0,0.0,0,1,38.0311801,-78.5137897,America/New_York,0.0,0.0,0.0,0,0,0,2024-10-12T19:00:00+00:00,26.8,1.07,3.9,,0.0,0.0,0.0,0,0,34,0,open_air,open_air,0,0,1,open-meteo-era5,ok
2024,2,7,401636893,2024-10-12,14:00,2024-10-12T20:00:00+00:00,Arizona Wildcats,BYU Cougars,LaVell Edwards Stadium,0,resolved_schedule_stadium,40.2575347,-111.6545247,America/Denver,USA,32.2288054,-110.9488677,America/Phoenix,556.1,1.0,1.0,1,0,40.2575347,-111.6545247,America/Denver,0.0,0.0,0.0,0,0,0,2024-10-12T20:00:00+00:00,27.9,3.0,9.8,,0.0,0.0,0.0,0,0,14,0,open_air,open_air,0,0,1,open-meteo-era5,ok
2024,2,7,401636894,2024-10-12,20:25,2024-10-13T02:25:00+00:00,Kansas State Wildcats,Colorado Buffaloes,Folsom Field,0,resolved_schedule_stadium,40.0094746,-105.266905,America/Denver,USA,39.2020096,-96.5938395,America/Chicago,464.9,-1.0,1.0,1,0,40.0094746,-105.266905,America/Denver,0.0,0.0,0.0,0,0,0,2024-10-13T02:00:00+00:00,18.6,0.29,2.7,,0.0,0.0,0.0,0,0,28,1,open_air,open_air,0,0,1,open-meteo-era5,ok
2024,2,7,401636895,2024-10-12,15:30,2024-10-12T19:30:00+00:00,Cincinnati Bearcats,UCF Knights,FBC Mortgage Stadium,0,resolved_schedule_stadium,28.6079765,-81.1927233,America/New_York,USA,39.1312495,-84.5161913,America/New_York,751.5,0.0,0.0,0,1,28.6079765,-81.1927233,America/New_York,0.0,0.0,0.0,0,0,0,2024-10-12T19:00:00+00:00,27.5,1.88,4.7,,0.0,0.0,0.0,0,0,61,2,open_air,open_air,0,0,1,open-meteo-era5,ok
2024,2,7,401636896,2024-10-12,20:00,2024-10-13T00:00:00+00:00,Iowa State Cyclones,West Virginia Mountaineers,Milan Puskar Stadium,0,resolved_schedule_stadium,39.6502744,-79.9551873,America/New_York,USA,42.0139977,-93.6357716,America/Chicago,732.7,1.0,1.0,0,1,39.6502744,-79.9551873,America/New_York,0.0,0.0,0.0,0,0,0,2024-10-13T00:00:00+00:00,16.2,2.85,4.6,,0.0,0.0,0.0,0,0,73,1,open_air,open_air,0,0,1,open-meteo-era5,ok
2024,2,7,401643727,2024-10-12,17:00,2024-10-12T23:00:00+00:00,Air Force Falcons,New Mexico Lobos,University Stadium (NM),0,resolved_schedule_stadium,35.0669479,-106.6283225,America/Denver,USA,38.9969701,-104.8436165,America/Denver,288.8,0.0,0.0,1,0,35.0669479,-106.6283225,America/Denver,0.0,0.0,0.0,0,0,0,2024-10-12T23:00:00+00:00,29.7,1.21,4.8,,0.0,0.0,0.0,0,0,12,1,open_air,open_air,0,0,1,open-meteo-era5,ok
2024,2,7,401643728,2024-10-12,17:00,2024-10-13T03:00:00+00:00,Boise State Broncos,Hawai'i Rainbow Warriors,Clarence T.C. Ching Athletics Complex,0,resolved_schedule_stadium,21.294294,-157.819338,Pacific/Honolulu,USA,43.6028839,-116.1958882,America/Boise,2832.3,-4.0,4.0,1,0,21.294294,-157.819338,Pacific/Honolulu,0.0,0.0,0.0,0,0,0,2024-10-13T03:00:00+00:00,25.9,6.27,10.7,,0.0,0.0,0.0,0,0,75,2,open_air,open_air,0,0,1,open-meteo-era5,ok
2024,2,7,401643729,2024-10-12,13:30,2024-10-12T19:30:00+00:00,San José State Spartans,Colorado State Rams,Canvas Stadium,0,resolved_schedule_stadium,40.570015,-105.088435,America/Denver,USA,37.3196675,-121.8682962,America/Los_Angeles,927.7,1.0,1.0,0,1,40.570015,-105.088435,America/Denver,0.0,0.0,0.0,0,0,0,2024-10-12T19:00:00+00:00,26.1,1.93,6.1,,0.0,0.0,0.0,0,0,15,2,open_air,open_air,0,0,1,open-meteo-era5,ok
2024,2,7,401643730,2024-10-12,16:00,2024-10-12T23:00:00+00:00,Washington State Cougars,Fresno State Bulldogs,Valley Children's Stadium,0,resolved_schedule_stadium,36.8143527,-119.7580092,America/Los_Angeles,USA,46.731831,-117.1604991,America/Los_Angeles,698.1,0.0,0.0,1,0,36.8143527,-119.7580092,America/Los_Angeles,0.0,0.0,0.0,0,0,0,2024-10-12T23:00:00+00:00,28.9,3.16,8.2,,0.0,0.0,0.0,0,0,30,0,open_air,open_air,0,0,1,open-meteo-era5,ok
2024,2,7,401643731,2024-10-12,16:30,2024-10-12T23:30:00+00:00,Oregon State Beavers,Nevada Wolf Pack,Mackay Stadium,0,resolved_schedule_stadium,39.5469459,-119.8175435,America/Los_Angeles,USA,44.5594559,-123.2814341,America/Los_Angeles,389.2,0.0,0.0,0,1,39.5469459,-119.8175435,America/Los_Angeles,0.0,0.0,0.0,0,0,0,2024-10-12T23:00:00+00:00,23.8,3.69,11.9,,0.0,0.0,0.0,0,0,20,0,open_air,open_air,0,0,1,open-meteo-era5,ok
2024,2,7,401643732,2024-10-12,13:30,2024-10-12T19:30:00+00:00,San Diego State Aztecs,Wyoming Cowboys,War Memorial Stadium,0,resolved_schedule_stadium,41.31161,-105.5681384,America/Denver,USA,32.784444,-117.122833,America/Los_Angeles,866.4,1.0,1.0,0,1,41.31161,-105.5681384,America/Denver,0.0,0.0,0.0,0,0,0,2024-10-12T19:00:00+00:00,21.1,4.74,10.6,,0.0,0.0,0.0,0,0,13,3,open_air,open_air,0,0,1,open-meteo-era5,ok
2024,2,7,401643804,2024-10-12,20:00,2024-10-13T00:00:00+00:00,Marshall Thundering Herd,Georgia Southern Eagles,Allen E. Paulson Stadium,0,resolved_schedule_stadium,32.4122471,-81.7849296,America/New_York,USA,38.4247042,-82.4214412,America/New_York,417.0,0.0,0.0,0,1,32.4122471,-81.7849296,America/New_York,0.0,0.0,0.0,0,0,0,2024-10-13T00:00:00+00:00,17.6,1.14,1.8,,0.0,0.0,0.0,0,0,54,0,open_air,open_air,0,0,1,open-meteo-era5,ok
2024,2,7,401643805,2024-10-12,15:30,2024-10-12T19:30:00+00:00,Old Dominion Monarchs,Georgia State Panthers,Center Parc Stadium,0,resolved_schedule_stadium,33.735267,-84.389949,America/New_York,USA,36.8889533,-76.3049175,America/New_York,505.0,0.0,0.0,1,0,33.735267,-84.389949,America/New_York,0.0,0.0,0.0,0,0,0,2024-10-12T19:00:00+00:00,24.6,2.52,6.2,,0.0,0.0,0.0,0,0,34,0,open_air,open_air,0,0,1,open-meteo-era5,ok
2024,2,7,401643806,2024-10-12,18:30,2024-10-12T23:30:00+00:00,App State Mountaineers,Louisiana Ragin' Cajuns,Cajun Field,0,resolved_schedule_stadium,30.2158434,-92.0417371,America/Chicago,USA,36.2114267,-81.6854278,America/New_York,727.3,-1.0,1.0,1,0,30.2158434,-92.0417371,America/Chicago,0.0,0.0,0.0,0,0,0,2024-10-12T23:00:00+00:00,27.8,1.14,2.0,,0.0,0.0,0.0,0,0,50,0,open_air,open_air,0,0,1,open-meteo-era5,ok
2024,2,7,401643807,2024-10-12,16:00,2024-10-12T21:00:00+00:00,Southern Miss Golden Eagles,UL Monroe Warhawks,Malone Stadium,0,resolved_schedule_stadium,32.5308089,-92.0660602,America/Chicago,USA,31.3289321,-89.3318118,America/Chicago,180.6,0.0,0.0,1,0,32.5308089,-92.0660602,America/Chicago,0.0,0.0,0.0,0,0,0,2024-10-12T21:00:00+00:00,31.0,2.31,5.1,,0.0,0.0,0.0,0,0,34,0,open_air,open_air,0,0,1,open-meteo-era5,ok
2024,2,7,401643808,2024-10-12,18:00,2024-10-12T23:00:00+00:00,Arkansas State Red Wolves,Texas State Bobcats,Bobcat Stadium (TX),0,resolved_schedule_stadium,29.8910008,-97.9255735,America/Chicago,USA,35.8488977,-90.6677436,America/Chicago,588.6,0.0,0.0,1,0,29.8910008,-97.9255735,America/Chicago,0.0,0.0,0.0,0,0,0,2024-10-12T23:00:00+00:00,33.3,3.41,7.6,,0.0,0.0,0.0,0,0,25,0,open_air,open_air,0,0,1,open-meteo-era5,ok
2024,2,7,401644685,2024-10-12,14:00,2024-10-12T18:00:00+00:00,Miami (OH) RedHawks,Eastern Michigan Eagles,Rynearson Stadium,0,resolved_schedule_stadium,42.256126,-83.647285,America/Detroit,USA,39.5197009,-84.7330255,America/New_York,197.4,0.0,0.0,0,1,42.256126,-83.647285,America/Detroit,0.0,0.0,0.0,0,0,0,2024-10-12T18:00:00+00:00,17.4,2.85,6.7,,0.0,0.0,0.0,0,0,52,0,open_air,open_air,0,0,1,open-meteo-era5,ok
2024,2,7,401644742,2024-10-12,15:30,2024-10-12T19:30:00+00:00,Akron Zips,Western Michigan Broncos,Waldo Stadium,0,resolved_schedule_stadium,42.2860064,-85.6007573,America/Detroit,USA,41.0725534,-81.5083408,America/New_York,227.2,0.0,0.0,1,0,42.2860064,-85.6007573,America/Detroit,0.0,0.0,0.0,0,0,0,2024-10-12T19:00:00+00:00,19.0,3.52,8.4,,0.0,0.0,0.0,0,0,56,2,open_air,open_air,0,0,1,open-meteo-era5,ok
2024,2,7,401644743,2024-10-12,12:00,2024-10-12T16:00:00+00:00,Ball State Cardinals,Kent State Golden Flashes,Dix Stadium,0,resolved_schedule_stadium,41.1390935,-81.31346,America/New_York,USA,40.2159422,-85.4161148,America/Indiana/Indianapolis,224.2,0.0,0.0,0,1,41.1390935,-81.31346,America/New_York,0.0,0.0,0.0,0,0,0,2024-10-12T16:00:00+00:00,17.6,1.36,3.6,,0.0,0.0,0.0,0,0,62,3,open_air,open_air,0,0,1,open-meteo-era5,ok
2024,2,7,401644744,2024-10-12,15:30,2024-10-12T19:30:00+00:00,Northern Illinois Huskies,Bowling Green Falcons,Doyt L. Perry Stadium,0,resolved_schedule_stadium,41.3780114,-83.6225,America/New_York,USA,41.9339586,-88.7778357,America/Chicago,268.9,1.0,1.0,0,1,41.3780114,-83.6225,America/New_York,0.0,0.0,0.0,0,0,0,2024-10-12T19:00:00+00:00,18.0,4.45,9.1,,0.1,0.1,0.0,1,0,62,51,open_air,open_air,0,0,1,open-meteo-era5,ok
2024,2,7,401644745,2024-10-12,12:00,2024-10-12T16:00:00+00:00,Toledo Rockets,Buffalo Bulls,UB Stadium,0,resolved_schedule_stadium,42.9991334,-78.7775113,America/New_York,USA,41.6574777,-83.6135652,America/New_York,263.8,0.0,0.0,0,1,42.9991334,-78.7775113,America/New_York,0.0,0.0,0.0,0,0,0,2024-10-12T16:00:00+00:00,13.9,2.26,6.6,,0.0,0.0,0.0,0,0,54,1,open_air,open_air,0,0,1,open-meteo-era5,ok
2024,2,7,401644746,2024-10-12,16:00,2024-10-12T20:00:00+00:00,Ohio Bobcats,Central Michigan Chippewas,Kelly/Shorts Stadium,0,resolved_schedule_stadium,43.5777313,-84.7709904,America/Detroit,USA,39.3212794,-82.1034315,America/New_York,324.9,0.0,0.0,1,0,43.5777313,-84.7709904,America/Detroit,0.0,0.0,0.0,0,0,0,2024-10-12T20:00:00+00:00,17.1,3.48,7.1,,0.0,0.0,0.0,0,0,36,2,open_air,open_air,0,0,1,open-meteo-era5,ok
2024,2,7,401645341,2024-10-12,15:30,2024-10-12T19:30:00+00:00,Memphis Tigers,South Florida Bulls,Raymond James Stadium,0,resolved_schedule_stadium,27.9758691,-82.5033344,America/New_York,USA,35.1209429,-89.977147,America/Chicago,660.9,1.0,1.0,0,1,27.9758691,-82.5033344,America/New_York,0.0,0.0,0.0,0,0,0,2024-10-12T19:00:00+00:00,28.1,2.02,4.8,,0.1,0.1,0.0,1,0,58,51,open_air,open_air,0,0,1,open-meteo-era5,ok
2024,2,7,401645342,2024-10-12,12:00,2024-10-12T16:00:00+00:00,UAB Blazers,Army Black Knights,Michie Stadium,0,resolved_schedule_stadium,41.3874924,-73.9640891,America/New_York,USA,33.5206824,-86.8024326,America/Chicago,887.9,1.0,1.0,0,1,41.3874924,-73.9640891,America/New_York,0.0,0.0,0.0,0,0,0,2024-10-12T16:00:00+00:00,21.3,4.67,11.4,,0.0,0.0,0.0,0,0,36,0,open_air,open_air,0,0,1,open-meteo-era5,ok
2024,2,7,401645343,2024-10-12,19:00,2024-10-12T23:00:00+00:00,North Texas Mean Green,Florida Atlantic Owls,FAU Stadium,0,resolved_schedule_stadium,26.3763763,-80.1015759,America/New_York,USA,33.203899,-97.159245,America/Chicago,1124.4,1.0,1.0,0,1,26.3763763,-80.1015759,America/New_York,0.0,0.0,0.0,0,0,0,2024-10-12T23:00:00+00:00,24.5,2.3,5.4,,0.6,0.6,0.0,1,0,87,53,open_air,open_air,0,0,1,open-meteo-era5,ok
2024,2,7,401645344,2024-10-12,18:00,2024-10-12T23:00:00+00:00,UTSA Roadrunners,Rice Owls,Rice Stadium,0,resolved_schedule_stadium,29.7163297,-95.4093261,America/Chicago,USA,29.4169834,-98.4788143,America/Chicago,185.6,0.0,0.0,0,1,29.7163297,-95.4093261,America/Chicago,0.0,0.0,0.0,0,0,0,2024-10-12T23:00:00+00:00,29.8,3.34,6.2,,0.0,0.0,0.0,0,0,46,0,open_air,open_air,0,0,1,open-meteo-era5,ok
2024,2,8,401641010,2024-10-15,19:00,2024-10-16T01:00:00+00:00,Louisiana Tech Bulldogs,New Mexico State Aggies,Aggie Memorial Stadium,0,resolved_schedule_stadium,32.2796202,-106.7411148,America/Denver,USA,32.5321487,-92.6560019,America/Chicago,821.2,-1.0,1.0,1,0,32.2796202,-106.7411148,America/Denver,0.0,0.0,0.0,0,0,0,2024-10-16T01:00:00+00:00,28.3,1.6,2.2,,0.0,0.0,0.0,0,0,18,0,open_air,open_air,0,0,1,open-meteo-era5,ok
2024,2,8,401641019,2024-10-15,19:00,2024-10-16T00:00:00+00:00,Kennesaw State Owls,Middle Tennessee Blue Raiders,"Johnny ""Red"" Floyd Stadium",0,resolved_schedule_stadium,35.8511463,-86.3681649,America/Chicago,USA,34.0289318,-84.5676234,America/New_York,162.0,-1.0,1.0,1,0,35.8511463,-86.3681649,America/Chicago,0.0,0.0,0.0,0,0,0,2024-10-16T00:00:00+00:00,10.1,3.34,8.0,,0.0,0.0,0.0,0,0,56,0,open_air,open_air,0,0,1,open-meteo-era5,ok
2024,2,8,401643809,2024-10-15,18:30,2024-10-15T23:30:00+00:00,Troy Trojans,South Alabama Jaguars,Hancock Whitney Stadium,0,resolved_schedule_stadium,30.6943566,-88.0430541,America/Chicago,USA,31.7995565,-85.9518328,America/Chicago,145.2,0.0,0.0,1,0,30.6943566,-88.0430541,America/Chicago,0.0,0.0,0.0,0,0,0,2024-10-15T23:00:00+00:00,23.5,1.38,2.2,,0.0,0.0,0.0,0,0,60,1,open_air,open_air,0,0,1,open-meteo-era5,ok
2024,2,8,401640983,2024-10-16,19:00,2024-10-17T01:00:00+00:00,Florida International Panthers,UTEP Miners,Sun Bowl,0,resolved_schedule_stadium,31.7733353,-106.507957,America/Denver,USA,25.7525014,-80.3778912,America/New_York,1632.0,-2.0,2.0,1,0,31.7733353,-106.507957,America/Denver,0.0,0.0,0.0,0,0,0,2024-10-17T01:00:00+00:00,22.8,6.95,10.0,,0.0,0.0,0.0,0,0,24,0,open_air,open_air,0,0,1,open-meteo-era5,ok
2024,2,8,401641038,2024-10-16,18:00,2024-10-16T23:00:00+00:00,Western Kentucky Hilltoppers,Sam Houston Bearkats,Elliott T. Bowers Stadium,0,resolved_schedule_stadium,30.713926,-95.5419802,America/Chicago,USA,36.9847901,-86.4594041,America/Chicago,677.2,0.0,0.0,1,0,30.713926,-95.5419802,America/Chicago,0.0,0.0,0.0,0,0,0,2024-10-16T23:00:00+00:00,19.6,3.11,7.4,,0.0,0.0,0.0,0,0,23,0,open_air,open_air,0,0,1,open-meteo-era5,ok
2024,2,8,401634768,2024-10-17,19:30,2024-10-17T23:30:00+00:00,Boston College Eagles,Virginia Tech Hokies,Lane Stadium,0,resolved_schedule_stadium,37.2199873,-80.4180643,America/New_York,USA,42.335104,-71.1664413,America/New_York,604.6,0.0,0.0,1,0,37.2199873,-80.4180643,America/New_York,0.0,0.0,0.0,0,0,0,2024-10-17T23:00:00+00:00,9.5,2.55,5.4,,0.0,0.0,0.0,0,0,54,0,open_air,open_air,0,0,1,open-meteo-era5,ok
2024,2,8,401643810,2024-10-17,19:00,2024-10-17T23:00:00+00:00,Georgia State Panthers,Marshall Thundering Herd,Joan C. Edwards Stadium,0,resolved_schedule_stadium,38.4247042,-82.4214412,America/New_York,USA,33.735267,-84.389949,America/New_York,342.1,0.0,0.0,0,1,38.4247042,-82.4214412,America/New_York,0.0,0.0,0.0,0,0,0,2024-10-17T23:00:00+00:00,13.9,0.81,1.7,,0.0,0.0,0.0,0,0,41,0,open_air,open_air,0,0,1,open-meteo-era5,ok
2024,2,8,401628523,2024-10-18,20:00,2024-10-19T00:00:00+00:00,Oregon Ducks,Purdue Boilermakers,Ross-Ade Stadium,0,resolved_schedule_stadium,40.4352253,-86.9186843,America/Indiana/Indianapolis,USA,44.0582712,-123.0684883,America/Los_Angeles,1850.8,3.0,3.0,0,1,40.4352253,-86.9186843,America/Indiana/Indianapolis,0.0,0.0,0.0,0,0,0,2024-10-19T00:00:00+00:00,13.1,2.73,3.5,,0.0,0.0,0.0,0,0,47,0,open_air,open_air,0,0,1,open-meteo-era5,ok
2024,2,8,401634769,2024-10-18,19:00,2024-10-18T23:00:00+00:00,Florida State Seminoles,Duke Blue Devils,Wallace Wade Stadium,0,resolved_schedule_stadium,35.9953688,-78.9417564,America/New_York,USA,30.4381692,-84.3044032,America/New_York,493.3,0.0,0.0,0,1,35.9953688,-78.9417564,America/New_York,0.0,0.0,0.0,0,0,0,2024-10-18T23:00:00+00:00,14.3,2.01,3.1,,0.0,0.0,0.0,0,0,60,0,open_air,open_air,0,0,1,open-meteo-era5,ok
2024,2,8,401636898,2024-10-18,20:15,2024-10-19T02:15:00+00:00,Oklahoma State Cowboys,BYU Cougars,LaVell Edwards Stadium,0,resolved_schedule_stadium,40.2575347,-111.6545247,America/Denver,USA,36.125673,-97.066513,America/Chicago,840.8,-1.0,1.0,1,0,40.2575347,-111.6545247,America/Denver,0.0,0.0,0.0,0,0,0,2024-10-19T02:00:00+00:00,8.7,1.82,7.7,,0.0,0.0,0.0,0,0,75,0,open_air,open_air,0,0,1,open-meteo-era5,ok
2024,2,8,401643735,2024-10-18,19:30,2024-10-19T02:30:00+00:00,Fresno State Bulldogs,Nevada Wolf Pack,Mackay Stadium,0,resolved_schedule_stadium,39.5469459,-119.8175435,America/Los_Angeles,USA,36.8143527,-119.7580092,America/Los_Angeles,188.8,0.0,0.0,1,0,39.5469459,-119.8175435,America/Los_Angeles,0.0,0.0,0.0,0,0,0,2024-10-19T02:00:00+00:00,8.4,1.66,5.6,,0.0,0.0,0.0,0,0,55,0,open_air,open_air,0,0,1,open-meteo-era5,ok
2024,2,8,401628392,2024-10-19,18:00,2024-10-19T23:00:00+00:00,LSU Tigers,Arkansas Razorbacks,Razorback Stadium,0,resolved_schedule_stadium,36.0680662,-94.1789534,America/Chicago,USA,30.412035,-91.1838163,America/Chicago,427.3,0.0,0.0,1,0,36.0680662,-94.1789534,America/Chicago,0.0,0.0,0.0,0,0,0,2024-10-19T23:00:00+00:00,22.4,1.84,2.6,,0.0,0.0,0.0,0,0,24,0,open_air,open_air,0,0,1,open-meteo-era5,ok
2024,2,8,401628393,2024-10-19,19:45,2024-10-19T23:45:00+00:00,Kentucky Wildcats,Florida Gators,Ben Hill Griffin Stadium,0,resolved_schedule_stadium,29.6499357,-82.3485788,America/New_York,USA,38.0220905,-84.5053408,America/New_York,591.5,0.0,0.0,0,1,29.6499357,-82.3485788,America/New_York,0.0,0.0,0.0,0,0,0,2024-10-20T00:00:00+00:00,20.0,4.07,8.7,,0.0,0.0,0.0,0,0,78,1,open_air,open_air,0,0,1,open-meteo-era5,ok
2024,2,8,401628394,2024-10-19,15:15,2024-10-19T20:15:00+00:00,Texas A&M Aggies,Mississippi State Bulldogs,Davis Wade Stadium,0,resolved_schedule_stadium,33.4563403,-88.7933652,America/Chicago,USA,30.6098891,-96.3403828,America/Chicago,483.7,0.0,0.0,0,1,33.4563403,-88.7933652,America/Chicago,0.0,0.0,0.0,0,0,0,2024-10-19T20:00:00+00:00,23.3,1.86,5.5,,0.0,0.0,0.0,0,0,34,0,open_air,open_air,0,0,1,open-meteo-era5,ok
2024,2,8,401628395,2024-10-19,11:00,2024-10-19T16:00:00+00:00,Auburn Tigers,Missouri Tigers,Memorial Stadium,0,ambiguous_schedule_stadium,,,America/Chicago,,32.6025532,-85.4897479,America/Chicago,,,,,,38.9358491,-92.3332009,America/Chicago,,,,,,,,,,,,,,,,,,,open_air,,,,,,venue_unresolved
2024,2,8,401628396,2024-10-19,11:45,2024-10-19T16:45:00+00:00,South Carolina Gamecocks,Oklahoma Sooners,"Memorial Stadium (Norman, OK)",0,ambiguous_schedule_stadium,,,America/Chicago,,33.9730239,-81.0191726,America/New_York,,,,,,35.2058537,-97.4423145,America/Chicago,,,,,,,,,,,,,,,,,,,open_air,,,,,,venue_unresolved
2024,2,8,401628397,2024-10-19,15:30,2024-10-19T19:30:00+00:00,Alabama Crimson Tide,Tennessee Volunteers,Neyland Stadium,0,resolved_schedule_stadium,35.9550131,-83.9250128,America/New_York,USA,33.2082752,-87.5503836,America/Chicago,280.2,1.0,1.0,0,1,35.9550131,-83.9250128,America/New_York,0.0,0.0,0.0,0,0,0,2024-10-19T19:00:00+00:00,22.0,1.22,4.6,,0.0,0.0,0.0,0,0,36,2,open_air,open_air,0,0,1,open-meteo-era5,ok
2024,2,8,401628398,2024-10-19,18:49,2024-10-19T23:49:00+00:00,Georgia Bulldogs,Texas Longhorns,DKR-Texas Memorial Stadium,0,resolved_schedule_stadium,30.2836813,-97.7325345,America/Chicago,USA,33.9498197,-83.3733813,America/New_York,876.8,-1.0,1.0,1,0,30.2836813,-97.7325345,America/Chicago,0.0,0.0,0.0,0,0,0,2024-10-20T00:00:00+00:00,27.0,2.65,4.2,,0.0,0.0,0.0,0,0,37,1,open_air,open_air,0,0,1,open-meteo-era5,ok
2024,2,8,401628399,2024-10-19,18:00,2024-10-19T23:00:00+00:00,Ball State Cardinals,Vanderbilt Commodores,FirstBank Stadium,0,resolved_schedule_stadium,36.1440455,-86.8088942,America/Chicago,USA,40.2159422,-85.4161148,America/Indiana/Indianapolis,291.3,-1.0,1.0,1,0,36.1440455,-86.8088942,America/Chicago,0.0,0.0,0.0,0,0,0,2024-10-19T23:00:00+00:00,18.1,0.92,2.6,,0.0,0.0,0.0,0,0,54,0,open_air,open_air,0,0,1,open-meteo-era5,ok
2024,2,8,401628518,2024-10-19,14:30,2024-10-19T19:30:00+00:00,Michigan Wolverines,Illinois Fighting Illini,"Memorial Stadium (Champaign, IL)",0,ambiguous_schedule_stadium,,,America/Chicago,,42.2658365,-83.7486956,America/Detroit,,,,,,40.0993268,-88.2359569,America/Chicago,,,,,,,,,,,,,,,,,,,open_air,,,,,,venue_unresolved
2024,2,8,401628519,2024-10-19,12:00,2024-10-19T16:00:00+00:00,Nebraska Cornhuskers,Indiana Hoosiers,"Memorial Stadium (Bloomington, IN)",0,resolved_schedule_stadium_timezone,39.1808959,-86.5256217,America/Indiana/Indianapolis,USA,40.820682,-96.705594,America/Chicago,550.3,1.0,1.0,0,1,39.1808959,-86.5256217,America/Indiana/Indianapolis,0.0,0.0,0.0,0,0,0,2024-10-19T16:00:00+00:00,17.5,0.2,3.3,,0.0,0.0,0.0,0,0,41,0,open_air,open_air,0,0,1,open-meteo-era5,ok
2024,2,8,401628520,2024-10-19,19:30,2024-10-19T23:30:00+00:00,Iowa Hawkeyes,Michigan State Spartans,Spartan Stadium,0,resolved_schedule_stadium,42.7281474,-84.4848526,America/Detroit,USA,41.6586045,-91.5510829,America/Chicago,369.1,1.0,1.0,0,1,42.7281474,-84.4848526,America/Detroit,0.0,0.0,0.0,0,0,0,2024-10-19T23:00:00+00:00,16.4,2.58,4.2,,0.0,0.0,0.0,0,0,43,0,open_air,open_air,0,0,1,open-meteo-era5,ok
2024,2,8,401628521,2024-10-19,16:00,2024-10-19T20:00:00+00:00,USC Trojans,Maryland Terrapins,SECU Stadium,0,resolved_schedule_stadium,38.9903332,-76.9473792,America/New_York,USA,34.014167,-118.287778,America/Los_Angeles,2301.8,3.0,3.0,0,1,38.9903332,-76.9473792,America/New_York,0.0,0.0,0.0,0,0,0,2024-10-19T20:00:00+00:00,22.5,1.09,3.3,,0.0,0.0,0.0,0,0,26,0,open_air,open_air,0,0,1,open-meteo-era5,ok
2024,2,8,401628522,2024-10-19,11:00,2024-10-19T16:00:00+00:00,Wisconsin Badgers,Northwestern Wildcats,Ryan Field,0,resolved_schedule_stadium,42.0653994,-87.6924751,America/Chicago,USA,43.06994,-89.4126943,America/Chicago,111.7,0.0,0.0,0,1,42.0653994,-87.6924751,America/Chicago,0.0,0.0,0.0,0,0,0,2024-10-19T16:00:00+00:00,15.8,2.94,6.8,,0.0,0.0,0.0,0,0,53,0,open_air,open_air,0,0,1,open-meteo-era5,ok
2024,2,8,401628524,2024-10-19,12:00,2024-10-19T16:00:00+00:00,UCLA Bruins,Rutgers Scarlet Knights,SHI Stadium,0,resolved_schedule_stadium,40.5462553,-74.4660408,America/New_York,USA,34.1613284,-118.1676462,America/Los_Angeles,2415.2,3.0,3.0,0,1,40.5462553,-74.4660408,America/New_York,0.0,0.0,0.0,0,0,0,2024-10-19T16:00:00+00:00,19.0,0.74,3.2,,0.0,0.0,0.0,0,0,37,0,open_air,open_air,0,0,1,open-meteo-era5,ok
2024,2,8,401628658,2024-10-19,19:30,,Delaware Blue Hens,Richmond Spiders,Robins Stadium,0,unresolved_schedule_stadium,,,,,39.6617428,-75.7488224,America/New_York,,,,,,,,,,,,,,,,,,,,,,,,,,,,,,,,,venue_unresolved
2024,2,8,401628982,2024-10-19,19:30,,Notre Dame Fighting Irish,Georgia Tech Yellow Jackets,Mercedes-Benz Stadium,1,unresolved_neutral_venue,,,,,41.698378,-86.2339425,America/Indiana/Indianapolis,,,,,,33.7724449,-84.3928054,America/New_York,,,,,,,,,,,,,,,,,,,,,,,,,venue_unresolved
2024,2,8,401629034,2024-10-19,12:00,2024-10-19T16:00:00+00:00,Wake Forest Demon Deacons,UConn Huskies,Pratt & Whitney Stadium,0,resolved_schedule_stadium,41.7595675,-72.6187728,America/New_York,USA,36.1305507,-80.2545851,America/New_York,564.9,0.0,0.0,0,1,41.7595675,-72.6187728,America/New_York,0.0,0.0,0.0,0,0,0,2024-10-19T16:00:00+00:00,18.5,0.6,4.0,,0.0,0.0,0.0,0,0,41,0,open_air,open_air,0,0,1,open-meteo-era5,ok
2024,2,8,401634106,2024-10-19,18:00,2024-10-20T01:00:00+00:00,Weber State Wildcats,Sacramento State Hornets,Hornet Stadium,0,resolved_schedule_stadium,38.5556718,-121.4229607,America/Los_Angeles,USA,,,,,,,,,38.5556718,-121.4229607,America/Los_Angeles,0.0,0.0,0.0,0,0,0,2024-10-20T01:00:00+00:00,25.9,2.15,3.9,,0.0,0.0,0.0,0,0,6,0,open_air,open_air,0,0,1,open-meteo-era5,ok
2024,2,8,401634175,2024-10-19,14:00,2024-10-19T19:00:00+00:00,Indiana State Sycamores,Missouri State Bears,Plaster Sports Complex,0,resolved_schedule_stadium,37.1976229,-93.2798119,America/Chicago,USA,,,,,,,,,37.1976229,-93.2798119,America/Chicago,0.0,0.0,0.0,0,0,0,2024-10-19T19:00:00+00:00,22.9,2.04,6.4,,0.0,0.0,0.0,0,0,22,0,open_air,open_air,0,0,1,open-meteo-era5,ok
2024,2,8,401634209,2024-10-19,19:00,2024-10-20T00:00:00+00:00,South Dakota State Jackrabbits,North Dakota State Bison,Fargodome,0,resolved_schedule_stadium,46.9029938,-96.8003251,America/Chicago,USA,,,,,,,,,46.9029938,-96.8003251,America/Chicago,0.0,0.0,0.0,0,0,0,2024-10-20T00:00:00+00:00,12.2,3.94,6.4,,0.0,0.0,0.0,0,0,77,0,dome,dome,1,0,0,open-meteo-era5,ok
2024,2,8,401635587,2024-10-19,12:30,2024-10-19T19:30:00+00:00,NC State Wolfpack,California Golden Bears,California Memorial Stadium,0,resolved_schedule_stadium,37.8710434,-122.2507729,America/Los_Angeles,USA,35.8008001,-78.7195655,America/New_York,2389.7,-3.0,3.0,1,0,37.8710434,-122.2507729,America/Los_Angeles,0.0,0.0,0.0,0,0,0,2024-10-19T19:00:00+00:00,23.1,4.29,9.8,,0.0,0.0,0.0,0,0,20,0,open_air,open_air,0,0,1,open-meteo-era5,ok
2024,2,8,401635588,2024-10-19,12:00,2024-10-19T16:00:00+00:00,Virginia Cavaliers,Clemson Tigers,"Memorial Stadium (Clemson, SC)",0,resolved_schedule_stadium_timezone,34.6787737,-82.8432428,America/New_York,USA,38.0311801,-78.5137897,America/New_York,334.1,0.0,0.0,1,0,34.6787737,-82.8432428,America/New_York,0.0,0.0,0.0,0,0,0,2024-10-19T16:00:00+00:00,18.0,2.8,7.7,,0.0,0.0,0.0,0,0,40,0,open_air,open_air,0,0,1,open-meteo-era5,ok
2024,2,8,401635589,2024-10-19,12:00,2024-10-19T16:00:00+00:00,Miami Hurricanes,Louisville Cardinals,L&N Federal Credit Union Stadium,0,resolved_schedule_stadium,38.2057621,-85.7588141,America/Kentucky/Louisville,USA,25.9579665,-80.2388604,America/New_York,905.4,0.0,0.0,1,0,38.2057621,-85.7588141,America/Kentucky/Louisville,0.0,0.0,0.0,0,0,0,2024-10-19T16:00:00+00:00,17.2,0.45,3.3,,0.0,0.0,0.0,0,0,51,0,open_air,open_air,0,0,1,open-meteo-era5,ok
2024,2,8,401635590,2024-10-19,17:00,2024-10-20T00:00:00+00:00,SMU Mustangs,Stanford Cardinal,Stanford Stadium,0,resolved_schedule_stadium,37.4345556,-122.1611271,America/Los_Angeles,USA,32.8377223,-96.7827859,America/Chicago,1464.0,-2.0,2.0,1,0,37.4345556,-122.1611271,America/Los_Angeles,0.0,0.0,0.0,0,0,0,2024-10-20T00:00:00+00:00,27.0,1.22,3.4,,0.0,0.0,0.0,0,0,14,0,open_air,open_air,0,0,1,open-meteo-era5,ok
2024,2,8,401636897,2024-10-19,13:00,2024-10-19T20:00:00+00:00,Colorado Buffaloes,Arizona Wildcats,Arizona Stadium,0,resolved_schedule_stadium,32.2288054,-110.9488677,America/Phoenix,USA,40.0094746,-105.266905,America/Denver,623.8,-1.0,1.0,1,0,32.2288054,-110.9488677,America/Phoenix,0.0,0.0,0.0,0,0,0,2024-10-19T20:00:00+00:00,19.1,2.33,7.1,,0.0,0.0,0.0,0,0,26,1,open_air,open_air,0,0,1,open-meteo-era5,ok
2024,2,8,401636899,2024-10-19,12:00,2024-10-19T16:00:00+00:00,Arizona State Sun Devils,Cincinnati Bearcats,Nippert Stadium,0,resolved_schedule_stadium,39.1312495,-84.5161913,America/New_York,USA,33.4264471,-111.9325005,America/Phoenix,1570.5,3.0,3.0,0,1,39.1312495,-84.5161913,America/New_York,0.0,0.0,0.0,0,0,0,2024-10-19T16:00:00+00:00,16.2,0.18,2.9,,0.0,0.0,0.0,0,0,50,0,open_air,open_air,0,0,1,open-meteo-era5,ok
2024,2,8,401636900,2024-10-19,18:30,2024-10-19T23:30:00+00:00,UCF Knights,Iowa State Cyclones,Jack Trice Stadium,0,resolved_schedule_stadium,42.0139977,-93.6357716,America/Chicago,USA,28.6079765,-81.1927233,America/New_York,1159.3,-1.0,1.0,1,0,42.0139977,-93.6357716,America/Chicago,0.0,0.0,0.0,0,0,0,2024-10-19T23:00:00+00:00,22.3,4.16,7.4,,0.0,0.0,0.0,0,0,31,0,open_air,open_air,0,0,1,open-meteo-era5,ok
2024,2,8,401636901,2024-10-19,14:30,2024-10-19T19:30:00+00:00,Houston Cougars,Kansas Jayhawks,Memorial Stadium,0,ambiguous_schedule_stadium,,,America/Chicago,,29.7219885,-95.3491623,America/Chicago,,,,,,38.9629418,-95.2463686,America/Chicago,,,,,,,,,,,,,,,,,,,open_air,,,,,,venue_unresolved
2024,2,8,401636902,2024-10-19,15:00,2024-10-19T20:00:00+00:00,Baylor Bears,Texas Tech Red Raiders,Jones AT&T Stadium,0,resolved_schedule_stadium,33.5910518,-101.8728824,America/Chicago,USA,31.5582015,-97.1156702,America/Chicago,310.5,0.0,0.0,1,0,33.5910518,-101.8728824,America/Chicago,0.0,0.0,0.0,0,0,0,2024-10-19T20:00:00+00:00,19.9,8.19,14.8,,0.3,0.3,0.0,1,0,75,51,open_air,open_air,0,0,1,open-meteo-era5,ok
2024,2,8,401636903,2024-10-19,20:30,2024-10-20T02:30:00+00:00,TCU Horned Frogs,Utah Utes,Rice-Eccles Stadium,0,resolved_schedule_stadium,40.7599724,-111.8488255,America/Denver,USA,32.7096604,-97.3680835,America/Chicago,973.8,-1.0,1.0,1,0,40.7599724,-111.8488255,America/Denver,0.0,0.0,0.0,0,0,0,2024-10-20T02:00:00+00:00,10.9,0.85,3.7,,0.0,0.0,0.0,0,0,69,0,open_air,open_air,0,0,1,open-meteo-era5,ok
2024,2,8,401636904,2024-10-19,19:30,2024-10-19T23:30:00+00:00,Kansas State Wildcats,West Virginia Mountaineers,Milan Puskar Stadium,0,resolved_schedule_stadium,39.6502744,-79.9551873,America/New_York,USA,39.2020096,-96.5938395,America/Chicago,887.3,1.0,1.0,0,1,39.6502744,-79.9551873,America/New_York,0.0,0.0,0.0,0,0,0,2024-10-19T23:00:00+00:00,16.9,1.19,1.3,,0.0,0.0,0.0,0,0,43,0,open_air,open_air,0,0,1,open-meteo-era5,ok
2024,2,8,401643734,2024-10-19,18:00,2024-10-20T00:00:00+00:00,Colorado State Rams,Air Force Falcons,Falcon Stadium,0,resolved_schedule_stadium,38.9969701,-104.8436165,America/Denver,USA,40.570015,-105.088435,America/Denver,109.5,0.0,0.0,0,1,38.9969701,-104.8436165,America/Denver,0.0,0.0,0.0,0,0,0,2024-10-20T00:00:00+00:00,8.9,3.27,8.6,,0.0,0.0,0.0,0,0,83,3,open_air,open_air,0,0,1,open-meteo-era5,ok
2024,2,8,401643736,2024-10-19,12:30,2024-10-19T19:30:00+00:00,Hawai'i Rainbow Warriors,Washington State Cougars,Gesa Field,0,resolved_schedule_stadium,46.731831,-117.1604991,America/Los_Angeles,USA,21.294294,-157.819338,Pacific/Honolulu,2867.8,3.0,3.0,0,1,46.731831,-117.1604991,America/Los_Angeles,0.0,0.0,0.0,0,0,0,2024-10-19T19:00:00+00:00,15.7,4.03,9.0,,0.0,0.0,0.0,0,0,49,1,open_air,open_air,0,0,1,open-meteo-era5,ok
2024,2,8,401643737,2024-10-19,14:00,2024-10-19T20:00:00+00:00,New Mexico Lobos,Utah State Aggies,Maverik Stadium,0,resolved_schedule_stadium,41.7517394,-111.8116007,America/Denver,USA,35.0669479,-106.6283225,America/Denver,540.2,0.0,0.0,1,0,41.7517394,-111.8116007,America/Denver,0.0,0.0,0.0,0,0,0,2024-10-19T20:00:00+00:00,16.3,0.87,5.4,,0.0,0.0,0.0,0,0,37,0,open_air,open_air,0,0,1,open-meteo-era5,ok
2024,2,8,401643738,2024-10-19,13:00,2024-10-19T20:00:00+00:00,Wyoming Cowboys,San José State Spartans,CEFCU Stadium,0,resolved_schedule_stadium,37.3196675,-121.8682962,America/Los_Angeles,USA,41.31161,-105.5681384,America/Denver,912.3,-1.0,1.0,1,0,37.3196675,-121.8682962,America/Los_Angeles,0.0,0.0,0.0,0,0,0,2024-10-19T20:00:00+00:00,26.4,1.03,4.8,,0.0,0.0,0.0,0,0,17,0,open_air,open_air,0,0,1,open-meteo-era5,ok
2024,2,8,401643739,2024-10-19,19:00,2024-10-20T02:00:00+00:00,UNLV Rebels,Oregon State Beavers,Reser Stadium,0,resolved_schedule_stadium,44.5594559,-123.2814341,America/Los_Angeles,USA,36.0908,-115.1830,America/Los_Angeles,723.3,0.0,0.0,1,0,44.5594559,-123.2814341,America/Los_Angeles,0.0,0.0,0.0,0,0,0,2024-10-20T02:00:00+00:00,17.2,1.6,2.6,,0.0,0.0,0.0,0,0,73,2,open_air,open_air,0,0,1,open-meteo-era5,ok
2024,2,8,401643811,2024-10-19,12:00,2024-10-19T16:00:00+00:00,Louisiana Ragin' Cajuns,Coastal Carolina Chanticleers,Brooks Stadium (SC),0,resolved_schedule_stadium,33.7928506,-79.0166946,America/New_York,USA,30.2158434,-92.0417371,America/Chicago,801.5,1.0,1.0,0,1,33.7928506,-79.0166946,America/New_York,0.0,0.0,0.0,0,0,0,2024-10-19T16:00:00+00:00,19.0,4.56,9.0,,0.0,0.0,0.0,0,0,53,0,open_air,open_air,0,0,1,open-meteo-era5,ok
2024,2,8,401643812,2024-10-19,16:00,2024-10-19T20:00:00+00:00,James Madison Dukes,Georgia Southern Eagles,Allen E. Paulson Stadium,0,resolved_schedule_stadium,32.4122471,-81.7849296,America/New_York,USA,38.4352919,-78.8729349,America/New_York,447.2,0.0,0.0,1,0,32.4122471,-81.7849296,America/New_York,0.0,0.0,0.0,0,0,0,2024-10-19T20:00:00+00:00,24.2,4.05,8.8,,0.0,0.0,0.0,0,0,17,0,open_air,open_air,0,0,1,open-meteo-era5,ok
2024,2,8,401643813,2024-10-19,15:30,2024-10-19T19:30:00+00:00,Texas State Bobcats,Old Dominion Monarchs,S.B. Ballard Stadium,0,resolved_schedule_stadium,36.8889533,-76.3049175,America/New_York,USA,29.8910008,-97.9255735,America/Chicago,1333.9,1.0,1.0,0,1,36.8889533,-76.3049175,America/New_York,0.0,0.0,0.0,0,0,0,2024-10-19T19:00:00+00:00,20.4,4.19,9.1,,0.0,0.0,0.0,0,0,57,0,open_air,open_air,0,0,1,open-meteo-era5,ok
2024,2,8,401643814,2024-10-19,18:00,2024-10-19T23:00:00+00:00,Arkansas State Red Wolves,Southern Miss Golden Eagles,M. M. Roberts Stadium,0,resolved_schedule_stadium,31.3289321,-89.3318118,America/Chicago,USA,35.8488977,-90.6677436,America/Chicago,321.6,0.0,0.0,0,1,31.3289321,-89.3318118,America/Chicago,0.0,0.0,0.0,0,0,0,2024-10-19T23:00:00+00:00,25.1,2.39,4.0,,0.0,0.0,0.0,0,0,33,0,open_air,open_air,0,0,1,open-meteo-era5,ok
2024,2,8,401644686,2024-10-19,15:30,2024-10-19T19:30:00+00:00,Ohio Bobcats,Miami (OH) RedHawks,Yager Stadium,0,resolved_schedule_stadium,39.5197009,-84.7330255,America/New_York,USA,39.3212794,-82.1034315,America/New_York,141.0,0.0,0.0,1,0,39.5197009,-84.7330255,America/New_York,0.0,0.0,0.0,0,0,0,2024-10-19T19:00:00+00:00,20.6,0.92,3.8,,0.0,0.0,0.0,0,0,34,0,open_air,open_air,0,0,1,open-meteo-era5,ok
2024,2,8,401644748,2024-10-19,15:30,2024-10-19T19:30:00+00:00,Kent State Golden Flashes,Bowling Green Falcons,Doyt L. Perry Stadium,0,resolved_schedule_stadium,41.3780114,-83.6225,America/New_York,USA,41.1390935,-81.31346,America/New_York,121.1,0.0,0.0,1,0,41.3780114,-83.6225,America/New_York,0.0,0.0,0.0,0,0,0,2024-10-19T19:00:00+00:00,21.3,1.54,4.6,,0.0,0.0,0.0,0,0,28,0,open_air,open_air,0,0,1,open-meteo-era5,ok
2024,2,8,401644749,2024-10-19,15:30,2024-10-19T19:30:00+00:00,Western Michigan Broncos,Buffalo Bulls,UB Stadium,0,resolved_schedule_stadium,42.9991334,-78.7775113,America/New_York,USA,42.2860064,-85.6007573,America/Detroit,350.2,0.0,0.0,0,1,42.9991334,-78.7775113,America/New_York,0.0,0.0,0.0,0,0,0,2024-10-19T19:00:00+00:00,18.9,2.93,6.9,,0.0,0.0,0.0,0,0,45,0,open_air,open_air,0,0,1,open-meteo-era5,ok
2024,2,8,401644750,2024-10-19,14:00,2024-10-19T18:00:00+00:00,Central Michigan Chippewas,Eastern Michigan Eagles,Rynearson Stadium,0,resolved_schedule_stadium,42.256126,-83.647285,America/Detroit,USA,43.5777313,-84.7709904,America/Detroit,107.6,0.0,0.0,0,1,42.256126,-83.647285,America/Detroit,0.0,0.0,0.0,0,0,0,2024-10-19T18:00:00+00:00,20.4,2.04,5.9,,0.0,0.0,0.0,0,0,34,0,open_air,open_air,0,0,1,open-meteo-era5,ok
2024,2,8,401644751,2024-10-19,14:30,2024-10-19T19:30:00+00:00,Toledo Rockets,Northern Illinois Huskies,Huskie Stadium,0,resolved_schedule_stadium,41.9339586,-88.7778357,America/Chicago,USA,41.6574777,-83.6135652,America/New_York,266.7,-1.0,1.0,1,0,41.9339586,-88.7778357,America/Chicago,0.0,0.0,0.0,0,0,0,2024-10-19T19:00:00+00:00,22.0,3.59,7.8,,0.0,0.0,0.0,0,0,27,0,open_air,open_air,0,0,1,open-meteo-era5,ok
2024,2,8,401645345,2024-10-19,15:30,2024-10-19T19:30:00+00:00,UAB Blazers,South Florida Bulls,Raymond James Stadium,0,resolved_schedule_stadium,27.9758691,-82.5033344,America/New_York,USA,33.5206824,-86.8024326,America/Chicago,460.3,1.0,1.0,0,1,27.9758691,-82.5033344,America/New_York,0.0,0.0,0.0,0,0,0,2024-10-19T19:00:00+00:00,28.0,6.49,11.6,,0.0,0.0,0.0,0,0,50,3,open_air,open_air,0,0,1,open-meteo-era5,ok
2024,2,8,401645346,2024-10-19,12:00,2024-10-19T16:00:00+00:00,East Carolina Pirates,Army Black Knights,Michie Stadium,0,resolved_schedule_stadium,41.3874924,-73.9640891,America/New_York,USA,35.5968486,-77.364564,America/New_York,440.2,0.0,0.0,0,1,41.3874924,-73.9640891,America/New_York,0.0,0.0,0.0,0,0,0,2024-10-19T16:00:00+00:00,17.4,0.69,3.5,,0.0,0.0,0.0,0,0,43,0,open_air,open_air,0,0,1,open-meteo-era5,ok
2024,2,8,401645347,2024-10-19,15:30,2024-10-19T19:30:00+00:00,Charlotte 49ers,Navy Midshipmen,Navy-Marine Corps Memorial Stadium,0,resolved_schedule_stadium,38.9846985,-76.5076335,America/New_York,USA,35.3105033,-80.7401194,America/New_York,344.6,0.0,0.0,0,1,38.9846985,-76.5076335,America/New_York,0.0,0.0,0.0,0,0,0,2024-10-19T19:00:00+00:00,19.6,0.86,3.1,,0.0,0.0,0.0,0,0,38,0,open_air,open_air,0,0,1,open-meteo-era5,ok
2024,2,8,401645348,2024-10-19,14:30,2024-10-19T19:30:00+00:00,Florida Atlantic Owls,UTSA Roadrunners,Alamodome,0,resolved_schedule_stadium,29.4169834,-98.4788143,America/Chicago,USA,26.3763763,-80.1015759,America/New_York,1140.4,-1.0,1.0,1,0,29.4169834,-98.4788143,America/Chicago,0.0,0.0,0.0,0,0,0,2024-10-19T19:00:00+00:00,27.8,4.29,9.6,,0.0,0.0,0.0,0,0,48,1,dome,dome,1,0,0,open-meteo-era5,ok
2024,2,8,401645349,2024-10-19,18:30,2024-10-19T23:30:00+00:00,North Texas Mean Green,Memphis Tigers,Simmons Bank Liberty Stadium,0,resolved_schedule_stadium,35.1209429,-89.977147,America/Chicago,USA,33.203899,-97.159245,America/Chicago,431.3,0.0,0.0,0,1,35.1209429,-89.977147,America/Chicago,0.0,0.0,0.0,0,0,0,2024-10-19T23:00:00+00:00,20.4,1.93,2.1,,0.0,0.0,0.0,0,0,45,0,open_air,open_air,0,0,1,open-meteo-era5,ok
2024,2,8,401645350,2024-10-19,14:30,2024-10-19T19:30:00+00:00,Rice Owls,Tulane Green Wave,Yulman Stadium,0,resolved_schedule_stadium,29.944616,-90.116692,America/Chicago,USA,29.7163297,-95.4093261,America/Chicago,317.6,0.0,0.0,0,1,29.944616,-90.116692,America/Chicago,0.0,0.0,0.0,0,0,0,2024-10-19T19:00:00+00:00,23.6,5.05,9.5,,0.0,0.0,0.0,0,0,62,0,open_air,open_air,0,0,1,open-meteo-era5,ok
2024,2,8,401645351,2024-10-19,14:00,2024-10-19T18:00:00+00:00,Tulsa Golden Hurricane,Temple Owls,Lincoln Financial Field,0,resolved_schedule_stadium,39.9007995,-75.1675414,America/New_York,USA,36.1489175,-95.9437853,America/Chicago,1157.3,1.0,1.0,0,1,39.9007995,-75.1675414,America/New_York,0.0,0.0,0.0,0,0,0,2024-10-19T18:00:00+00:00,21.8,0.4,3.1,,0.0,0.0,0.0,0,0,28,0,open_air,open_air,0,0,1,open-meteo-era5,ok
2024,2,9,401640984,2024-10-22,19:30,2024-10-22T23:30:00+00:00,Sam Houston Bearkats,Florida International Panthers,FIU Stadium,0,resolved_schedule_stadium,25.7525014,-80.3778912,America/New_York,USA,30.713926,-95.5419802,America/Chicago,983.6,1.0,1.0,0,1,25.7525014,-80.3778912,America/New_York,0.0,0.0,0.0,0,0,0,2024-10-22T23:00:00+00:00,26.5,4.27,8.8,,0.0,0.0,0.0,0,0,78,1,open_air,open_air,0,0,1,open-meteo-era5,ok
2024,2,9,401641011,2024-10-22,19:00,2024-10-23T00:00:00+00:00,UTEP Miners,Louisiana Tech Bulldogs,Joe Aillet Stadium,0,resolved_schedule_stadium,32.5321487,-92.6560019,America/Chicago,USA,31.7733353,-106.507957,America/Denver,811.4,1.0,1.0,0,1,32.5321487,-92.6560019,America/Chicago,0.0,0.0,0.0,0,0,0,2024-10-23T00:00:00+00:00,20.7,2.2,3.0,,0.0,0.0,0.0,0,0,56,0,open_air,open_air,0,0,1,open-meteo-era5,ok
2024,2,9,401640993,2024-10-23,19:00,2024-10-23T23:00:00+00:00,Liberty Flames,Kennesaw State Owls,Fifth Third Stadium,0,resolved_schedule_stadium,34.0289318,-84.5676234,America/New_York,USA,37.3544305,-79.1750239,America/New_York,379.8,0.0,0.0,1,0,34.0289318,-84.5676234,America/New_York,0.0,0.0,0.0,0,0,0,2024-10-23T23:00:00+00:00,21.4,2.24,3.3,,0.0,0.0,0.0,0,0,62,0,open_air,open_air,0,0,1,open-meteo-era5,ok
2024,2,9,401641003,2024-10-23,18:30,2024-10-23T23:30:00+00:00,Middle Tennessee Blue Raiders,Jacksonville State Gamecocks,AmFirst Stadium,0,resolved_schedule_stadium,33.8201052,-85.76647,America/Chicago,USA,35.8511463,-86.3681649,America/Chicago,144.4,0.0,0.0,0,1,33.8201052,-85.76647,America/Chicago,0.0,0.0,0.0,0,0,0,2024-10-23T23:00:00+00:00,23.7,1.89,3.4,,0.0,0.0,0.0,0,0,51,0,open_air,open_air,0,0,1,open-meteo-era5,ok
2024,2,9,401634770,2024-10-24,19:30,2024-10-24T23:30:00+00:00,Syracuse Orange,Pittsburgh Panthers,Acrisure Stadium,0,resolved_schedule_stadium,40.4467648,-80.0157603,America/New_York,USA,43.0362269,-76.1363161,America/New_York,268.3,0.0,0.0,1,0,40.4467648,-80.0157603,America/New_York,0.0,0.0,0.0,0,0,0,2024-10-24T23:00:00+00:00,11.1,1.32,2.7,,0.0,0.0,0.0,0,0,62,0,open_air,open_air,0,0,1,open-meteo-era5,ok
2024,2,9,401643815,2024-10-24,19:00,2024-10-24T23:00:00+00:00,Georgia Southern Eagles,Old Dominion Monarchs,S.B. Ballard Stadium,0,resolved_schedule_stadium,36.8889533,-76.3049175,America/New_York,USA,32.4122471,-81.7849296,America/New_York,438.8,0.0,0.0,0,1,36.8889533,-76.3049175,America/New_York,0.0,0.0,0.0,0,0,0,2024-10-24T23:00:00+00:00,16.1,3.02,5.4,,0.0,0.0,0.0,0,0,60,0,open_air,open_air,0,0,1,open-meteo-era5,ok
2024,2,9,401628532,2024-10-25,20:00,2024-10-26T03:00:00+00:00,Rutgers Scarlet Knights,USC Trojans,Los Angeles Memorial Coliseum,0,resolved_schedule_stadium,34.014167,-118.287778,America/Los_Angeles,USA,40.5462553,-74.4660408,America/New_York,2425.6,-3.0,3.0,1,0,34.014167,-118.287778,America/Los_Angeles,0.0,0.0,0.0,0,0,0,2024-10-26T03:00:00+00:00,18.9,0.7,1.8,,0.0,0.0,0.0,0,0,67,3,open_air,open_air,0,0,1,open-meteo-era5,ok
2024,2,9,401634771,2024-10-25,19:30,2024-10-25T23:30:00+00:00,Louisville Cardinals,Boston College Eagles,"Alumni Stadium (Chestnut Hill, MA)",0,resolved_schedule_stadium,42.335104,-71.1664413,America/New_York,USA,38.2057621,-85.7588141,America/Kentucky/Louisville,819.2,0.0,0.0,0,1,42.335104,-71.1664413,America/New_York,0.0,0.0,0.0,0,0,0,2024-10-25T23:00:00+00:00,10.3,2.36,3.9,,0.0,0.0,0.0,0,0,68,1,open_air,open_air,0,0,1,open-meteo-era5,ok
2024,2,9,401643740,2024-10-25,19:30,2024-10-26T02:30:00+00:00,Boise State Broncos,UNLV Rebels,Allegiant Stadium,0,resolved_schedule_stadium,36.0908,-115.1830,America/Los_Angeles,USA,43.6028839,-116.1958882,America/Boise,521.8,-1.0,1.0,0,1,36.0908,-115.1830,America/Los_Angeles,0.0,0.0,0.0,0,0,0,2024-10-26T02:00:00+00:00,23.6,1.06,1.8,,0.0,0.0,0.0,0,0,17,0,fixed_roof,fixed_roof,1,0,0,open-meteo-era5,ok
2024,2,9,401628400,2024-10-26,14:30,2024-10-26T19:30:00+00:00,Missouri Tigers,Alabama Crimson Tide,Bryant-Denny Stadium,0,resolved_schedule_stadium,33.2082752,-87.5503836,America/Chicago,USA,38.9358491,-92.3332009,America/Chicago,477.3,0.0,0.0,0,1,33.2082752,-87.5503836,America/Chicago,0.0,0.0,0.0,0,0,0,2024-10-26T19:00:00+00:00,29.2,2.1,6.0,,0.0,0.0,0.0,0,0,42,0,open_air,open_air,0,0,1,open-meteo-era5,ok
2024,2,9,401628401,2024-10-26,19:45,2024-10-26T23:45:00+00:00,Auburn Tigers,Kentucky Wildcats,Kroger Field,0,resolved_schedule_stadium,38.0220905,-84.5053408,America/New_York,USA,32.6025532,-85.4897479,America/Chicago,378.5,1.0,1.0,0,1,38.0220905,-84.5053408,America/New_York,0.0,0.0,0.0,0,0,0,2024-10-27T00:00:00+00:00,11.7,3.1,4.8,,0.0,0.0,0.0,0,0,54,0,open_air,open_air,0,0,1,open-meteo-era5,ok
2024,2,9,401628402,2024-10-26,11:00,2024-10-26T16:00:00+00:00,Oklahoma Sooners,Ole Miss Rebels,Vaught-Hemingway Stadium,0,resolved_schedule_stadium,34.3619837,-89.5342076,America/Chicago,USA,35.2058537,-97.4423145,America/Chicago,452.4,0.0,0.0,0,1,34.3619837,-89.5342076,America/Chicago,0.0,0.0,0.0,0,0,0,2024-10-26T16:00:00+00:00,24.5,1.27,4.3,,0.0,0.0,0.0,0,0,55,0,open_air,open_air,0,0,1,open-meteo-era5,ok
2024,2,9,401628403,2024-10-26,11:45,2024-10-26T16:45:00+00:00,Arkansas Razorbacks,Mississippi State Bulldogs,Davis Wade Stadium,0,resolved_schedule_stadium,33.4563403,-88.7933652,America/Chicago,USA,36.0680662,-94.1789534,America/Chicago,354.9,0.0,0.0,0,1,33.4563403,-88.7933652,America/Chicago,0.0,0.0,0.0,0,0,0,2024-10-26T17:00:00+00:00,26.8,1.76,5.1,,0.0,0.0,0.0,0,0,52,0,open_air,open_air,0,0,1,open-meteo-era5,ok
2024,2,9,401628404,2024-10-26,18:30,2024-10-26T23:30:00+00:00,LSU Tigers,Texas A&M Aggies,Kyle Field,0,resolved_schedule_stadium,30.6098891,-96.3403828,America/Chicago,USA,30.412035,-91.1838163,America/Chicago,307.2,0.0,0.0,1,0,30.6098891,-96.3403828,America/Chicago,0.0,0.0,0.0,0,0,0,2024-10-26T23:00:00+00:00,31.4,0.98,1.8,,0.0,0.0,0.0,0,0,37,1,open_air,open_air,0,0,1,open-meteo-era5,ok
2024,2,9,401628405,2024-10-26,15:15,2024-10-26T20:15:00+00:00,Texas Longhorns,Vanderbilt Commodores,FirstBank Stadium,0,resolved_schedule_stadium,36.1440455,-86.8088942,America/Chicago,USA,30.2836813,-97.7325345,America/Chicago,749.4,0.0,0.0,0,1,36.1440455,-86.8088942,America/Chicago,0.0,0.0,0.0,0,0,0,2024-10-26T20:00:00+00:00,20.7,3.27,8.4,,0.0,0.0,0.0,0,0,66,3,open_air,open_air,0,0,1,open-meteo-era5,ok
2024,2,9,401628525,2024-10-26,12:30,2024-10-26T19:30:00+00:00,Illinois Fighting Illini,Oregon Ducks,Autzen Stadium,0,resolved_schedule_stadium,44.0582712,-123.0684883,America/Los_Angeles,USA,40.0993268,-88.2359569,America/Chicago,1793.5,-2.0,2.0,1,0,44.0582712,-123.0684883,America/Los_Angeles,0.0,0.0,0.0,0,0,0,2024-10-26T19:00:00+00:00,21.5,0.92,4.9,,0.0,0.0,0.0,0,0,50,1,open_air,open_air,0,0,1,open-meteo-era5,ok
2024,2,9,401628526,2024-10-26,12:00,2024-10-26T16:00:00+00:00,Washington Huskies,Indiana Hoosiers,"Memorial Stadium (Bloomington, IN)",0,resolved_schedule_stadium_timezone,39.1808959,-86.5256217,America/Indiana/Indianapolis,USA,47.6503235,-122.3015746,America/Los_Angeles,1869.4,3.0,3.0,0,1,39.1808959,-86.5256217,America/Indiana/Indianapolis,0.0,0.0,0.0,0,0,0,2024-10-26T16:00:00+00:00,14.9,3.73,10.5,,0.0,0.0,0.0,0,0,47,0,open_air,open_air,0,0,1,open-meteo-era5,ok
2024,2,9,401628527,2024-10-26,14:30,2024-10-26T19:30:00+00:00,Northwestern Wildcats,Iowa Hawkeyes,Kinnick Stadium,0,resolved_schedule_stadium,41.6586045,-91.5510829,America/Chicago,USA,42.0653994,-87.6924751,America/Chicago,200.5,0.0,0.0,1,0,41.6586045,-91.5510829,America/Chicago,0.0,0.0,0.0,0,0,0,2024-10-26T19:00:00+00:00,15.6,1.63,5.0,,0.0,0.0,0.0,0,0,30,0,open_air,open_air,0,0,1,open-meteo-era5,ok
2024,2,9,401628528,2024-10-26,14:30,2024-10-26T19:30:00+00:00,Maryland Terrapins,Minnesota Golden Gophers,Huntington Bank Stadium,0,resolved_schedule_stadium,44.976525,-93.2245462,America/Chicago,USA,38.9903332,-76.9473792,America/New_York,930.4,-1.0,1.0,1,0,44.976525,-93.2245462,America/Chicago,0.0,0.0,0.0,0,0,0,2024-10-26T19:00:00+00:00,13.7,2.64,6.5,,0.0,0.0,0.0,0,0,40,0,open_air,open_air,0,0,1,open-meteo-era5,ok
2024,2,9,401628529,2024-10-26,19:30,2024-10-26T23:30:00+00:00,Michigan State Spartans,Michigan Wolverines,Michigan Stadium,0,resolved_schedule_stadium,42.2658365,-83.7486956,America/Detroit,USA,42.7281474,-84.4848526,America/Detroit,49.3,0.0,0.0,0,1,42.2658365,-83.7486956,America/Detroit,0.0,0.0,0.0,0,0,0,2024-10-26T23:00:00+00:00,8.7,2.11,2.9,,0.0,0.0,0.0,0,0,47,1,open_air,open_air,0,0,1,open-meteo-era5,ok
2024,2,9,401628530,2024-10-26,12:00,2024-10-26T16:00:00+00:00,Nebraska Cornhuskers,Ohio State Buckeyes,Ohio Stadium,0,resolved_schedule_stadium,40.0016447,-83.0197266,America/New_York,USA,40.820682,-96.705594,America/Chicago,721.5,1.0,1.0,0,1,40.0016447,-83.0197266,America/New_York,0.0,0.0,0.0,0,0,0,2024-10-26T16:00:00+00:00,13.8,3.57,8.6,,0.0,0.0,0.0,0,0,54,1,open_air,open_air,0,0,1,open-meteo-era5,ok
2024,2,9,401628531,2024-10-26,18:30,2024-10-26T23:30:00+00:00,Penn State Nittany Lions,Wisconsin Badgers,Camp Randall Stadium,0,resolved_schedule_stadium,43.06994,-89.4126943,America/Chicago,USA,40.8121958,-77.8561023,America/New_York,613.5,-1.0,1.0,1,0,43.06994,-89.4126943,America/Chicago,0.0,0.0,0.0,0,0,0,2024-10-26T23:00:00+00:00,10.9,0.89,1.8,,0.0,0.0,0.0,0,0,36,3,open_air,open_air,0,0,1,open-meteo-era5,ok
2024,2,9,401628662,2024-10-26,15:00,2024-10-26T19:00:00+00:00,UAlbany Great Danes,Delaware Blue Hens,Delaware Stadium,0,resolved_schedule_stadium,39.6617428,-75.7488224,America/New_York,USA,,,,,,,,,39.6617428,-75.7488224,America/New_York,0.0,0.0,0.0,0,0,0,2024-10-26T19:00:00+00:00,18.8,5.08,11.9,,0.0,0.0,0.0,0,0,32,3,open_air,open_air,0,0,1,open-meteo-era5,ok
2024,2,9,401628983,2024-10-26,16:00,,Notre Dame Fighting Irish,Navy Midshipmen,MetLife Stadium,1,unresolved_neutral_venue,,,,,41.698378,-86.2339425,America/Indiana/Indianapolis,,,,,,38.9846985,-76.5076335,America/New_York,,,,,,,,,,,,,,,,,,,,,,,,,venue_unresolved
2024,2,9,401629035,2024-10-26,15:30,2024-10-26T19:30:00+00:00,Rice Owls,UConn Huskies,Pratt & Whitney Stadium,0,resolved_schedule_stadium,41.7595675,-72.6187728,America/New_York,USA,29.7163297,-95.4093261,America/Chicago,1517.7,1.0,1.0,0,1,41.7595675,-72.6187728,America/New_York,0.0,0.0,0.0,0,0,0,2024-10-26T19:00:00+00:00,17.9,5.46,13.0,,0.0,0.0,0.0,0,0,26,1,open_air,open_air,0,0,1,open-meteo-era5,ok
2024,2,9,401634108,2024-10-26,22:00,,Sacramento State Hornets,Idaho State Bengals,ICCU Dome,0,unresolved_schedule_stadium,,,,,38.5556718,-121.4229607,America/Los_Angeles,,,,,,,,,,,,,,,,,,,,,,,,,,,,,,,,,venue_unresolved
2024,2,9,401634185,2024-10-26,21:00,,Missouri State Bears,Northern Iowa Panthers,UNI-Dome,0,unresolved_schedule_stadium,,,,,37.1976229,-93.2798119,America/Chicago,,,,,,,,,,,,,,,,,,,,,,,,,,,,,,,,,venue_unresolved
2024,2,9,401634194,2024-10-26,18:00,,North Dakota State Bison,Murray State Racers,Roy Stewart Stadium,0,unresolved_schedule_stadium,,,,,46.9029938,-96.8003251,America/Chicago,,,,,,,,,,,,,,,,,,,,,,,,,,,,,,,,,venue_unresolved
2024,2,9,401635594,2024-10-26,13:00,2024-10-26T20:00:00+00:00,Oregon State Beavers,California Golden Bears,California Memorial Stadium,0,resolved_schedule_stadium,37.8710434,-122.2507729,America/Los_Angeles,USA,44.5594559,-123.2814341,America/Los_Angeles,465.2,0.0,0.0,0,1,37.8710434,-122.2507729,America/Los_Angeles,0.0,0.0,0.0,0,0,0,2024-10-26T20:00:00+00:00,21.0,0.49,3.7,,0.0,0.0,0.0,0,0,48,3,open_air,open_air,0,0,1,open-meteo-era5,ok
2024,2,9,401635595,2024-10-26,20:00,2024-10-27T00:00:00+00:00,SMU Mustangs,Duke Blue Devils,Wallace Wade Stadium,0,resolved_schedule_stadium,35.9953688,-78.9417564,America/New_York,USA,32.8377223,-96.7827859,America/Chicago,1038.5,1.0,1.0,0,1,35.9953688,-78.9417564,America/New_York,0.0,0.0,0.0,0,0,0,2024-10-27T00:00:00+00:00,19.6,3.53,4.9,,0.0,0.0,0.0,0,0,71,2,open_air,open_air,0,0,1,open-meteo-era5,ok
2024,2,9,401635596,2024-10-26,19:00,2024-10-26T23:00:00+00:00,Florida State Seminoles,Miami Hurricanes,Hard Rock Stadium,0,resolved_schedule_stadium,25.9579665,-80.2388604,America/New_York,USA,30.4381692,-84.3044032,America/New_York,396.3,0.0,0.0,0,1,25.9579665,-80.2388604,America/New_York,0.0,0.0,0.0,0,0,0,2024-10-26T23:00:00+00:00,25.7,4.48,6.5,,0.0,0.0,0.0,0,0,73,3,open_air,open_air,0,0,1,open-meteo-era5,ok
2024,2,9,401635597,2024-10-26,12:00,2024-10-26T16:00:00+00:00,Georgia Tech Yellow Jackets,Virginia Tech Hokies,Lane Stadium,0,resolved_schedule_stadium,37.2199873,-80.4180643,America/New_York,USA,33.7724449,-84.3928054,America/New_York,326.6,0.0,0.0,0,1,37.2199873,-80.4180643,America/New_York,0.0,0.0,0.0,0,0,0,2024-10-26T16:00:00+00:00,18.1,3.01,8.5,,0.0,0.0,0.0,0,0,64,2,open_air,open_air,0,0,1,open-meteo-era5,ok
2024,2,9,401635598,2024-10-26,12:00,2024-10-26T16:00:00+00:00,North Carolina Tar Heels,Virginia Cavaliers,Scott Stadium,0,resolved_schedule_stadium,38.0311801,-78.5137897,America/New_York,USA,35.9069294,-79.0478889,America/New_York,149.7,0.0,0.0,0,1,38.0311801,-78.5137897,America/New_York,0.0,0.0,0.0,0,0,0,2024-10-26T16:00:00+00:00,21.5,2.67,7.6,,0.0,0.0,0.0,0,0,54,0,open_air,open_air,0,0,1,open-meteo-era5,ok
2024,2,9,401635599,2024-10-26,12:30,2024-10-26T19:30:00+00:00,Wake Forest Demon Deacons,Stanford Cardinal,Stanford Stadium,0,resolved_schedule_stadium,37.4345556,-122.1611271,America/Los_Angeles,USA,36.1305507,-80.2545851,America/New_York,2301.5,-3.0,3.0,1,0,37.4345556,-122.1611271,America/Los_Angeles,0.0,0.0,0.0,0,0,0,2024-10-26T19:00:00+00:00,19.8,0.73,4.0,,0.0,0.0,0.0,0,0,54,3,open_air,open_air,0,0,1,open-meteo-era5,ok
2024,2,9,401636905,2024-10-26,16:00,2024-10-26T23:00:00+00:00,West Virginia Mountaineers,Arizona Wildcats,Arizona Stadium,0,resolved_schedule_stadium,32.2288054,-110.9488677,America/Phoenix,USA,39.6502744,-79.9551873,America/New_York,1797.9,-3.0,3.0,1,0,32.2288054,-110.9488677,America/Phoenix,0.0,0.0,0.0,0,0,0,2024-10-26T23:00:00+00:00,36.4,3.08,5.3,,0.0,0.0,0.0,0,0,9,0,open_air,open_air,0,0,1,open-meteo-era5,ok
2024,2,9,401636906,2024-10-26,14:30,2024-10-26T19:30:00+00:00,Oklahoma State Cowboys,Baylor Bears,McLane Stadium,0,resolved_schedule_stadium,31.5582015,-97.1156702,America/Chicago,USA,36.125673,-97.066513,America/Chicago,315.6,0.0,0.0,1,0,31.5582015,-97.1156702,America/Chicago,0.0,0.0,0.0,0,0,0,2024-10-26T19:00:00+00:00,30.5,1.99,5.2,,0.0,0.0,0.0,0,0,40,0,open_air,open_air,0,0,1,open-meteo-era5,ok
2024,2,9,401636907,2024-10-26,20:15,2024-10-27T02:15:00+00:00,Cincinnati Bearcats,Colorado Buffaloes,Folsom Field,0,resolved_schedule_stadium,40.0094746,-105.266905,America/Denver,USA,39.1312495,-84.5161913,America/New_York,1104.4,-2.0,2.0,1,0,40.0094746,-105.266905,America/Denver,0.0,0.0,0.0,0,0,0,2024-10-27T02:00:00+00:00,11.5,2.07,4.3,,0.0,0.0,0.0,0,0,35,0,open_air,open_air,0,0,1,open-meteo-era5,ok
2024,2,9,401636908,2024-10-26,18:00,2024-10-26T23:00:00+00:00,Utah Utes,Houston Cougars,TDECU Stadium,0,resolved_schedule_stadium,29.7219885,-95.3491623,America/Chicago,USA,40.7599724,-111.8488255,America/Denver,1199.9,1.0,1.0,0,1,29.7219885,-95.3491623,America/Chicago,0.0,0.0,0.0,0,0,0,2024-10-26T23:00:00+00:00,28.9,3.04,5.3,,0.0,0.0,0.0,0,0,51,1,open_air,open_air,0,0,1,open-meteo-era5,ok
2024,2,9,401636909,2024-10-26,19:00,2024-10-27T00:00:00+00:00,Kansas Jayhawks,Kansas State Wildcats,Bill Snyder Family Stadium,0,resolved_schedule_stadium,39.2020096,-96.5938395,America/Chicago,USA,38.9629418,-95.2463686,America/Chicago,74.1,0.0,0.0,1,0,39.2020096,-96.5938395,America/Chicago,0.0,0.0,0.0,0,0,0,2024-10-27T00:00:00+00:00,14.0,2.83,4.9,,0.0,0.0,0.0,0,0,35,3,open_air,open_air,0,0,1,open-meteo-era5,ok
2024,2,9,401636910,2024-10-26,14:30,2024-10-26T19:30:00+00:00,Texas Tech Red Raiders,TCU Horned Frogs,Amon G. Carter Stadium,0,resolved_schedule_stadium,32.7096604,-97.3680835,America/Chicago,USA,33.5910518,-101.8728824,America/Chicago,267.6,0.0,0.0,0,1,32.7096604,-97.3680835,America/Chicago,0.0,0.0,0.0,0,0,0,2024-10-26T19:00:00+00:00,27.7,2.58,6.5,,0.0,0.0,0.0,0,0,39,0,open_air,open_air,0,0,1,open-meteo-era5,ok
2024,2,9,401636911,2024-10-26,15:30,2024-10-26T19:30:00+00:00,BYU Cougars,UCF Knights,FBC Mortgage Stadium,0,resolved_schedule_stadium,28.6079765,-81.1927233,America/New_York,USA,40.2575347,-111.6545247,America/Denver,1900.9,2.0,2.0,0,1,28.6079765,-81.1927233,America/New_York,0.0,0.0,0.0,0,0,0,2024-10-26T19:00:00+00:00,28.8,3.54,7.6,,0.0,0.0,0.0,0,0,44,2,open_air,open_air,0,0,1,open-meteo-era5,ok
2024,2,9,401643741,2024-10-26,15:00,2024-10-26T21:00:00+00:00,New Mexico Lobos,Colorado State Rams,Canvas Stadium,0,resolved_schedule_stadium,40.570015,-105.088435,America/Denver,USA,35.0669479,-106.6283225,America/Denver,389.4,0.0,0.0,0,1,40.570015,-105.088435,America/Denver,0.0,0.0,0.0,0,0,0,2024-10-26T21:00:00+00:00,22.5,2.06,5.7,,0.0,0.0,0.0,0,0,22,0,open_air,open_air,0,0,1,open-meteo-era5,ok
2024,2,9,401643742,2024-10-26,17:00,2024-10-27T00:00:00+00:00,San José State Spartans,Fresno State Bulldogs,Valley Children's Stadium,0,resolved_schedule_stadium,36.8143527,-119.7580092,America/Los_Angeles,USA,37.3196675,-121.8682962,America/Los_Angeles,121.5,0.0,0.0,0,1,36.8143527,-119.7580092,America/Los_Angeles,0.0,0.0,0.0,0,0,0,2024-10-27T00:00:00+00:00,24.7,1.23,2.2,,0.0,0.0,0.0,0,0,30,3,open_air,open_air,0,0,1,open-meteo-era5,ok
2024,2,9,401643743,2024-10-26,17:59,2024-10-27T03:59:00+00:00,Nevada Wolf Pack,Hawai'i Rainbow Warriors,Clarence T.C. Ching Athletics Complex,0,resolved_schedule_stadium,21.294294,-157.819338,Pacific/Honolulu,USA,39.5469459,-119.8175435,America/Los_Angeles,2564.8,-3.0,3.0,1,0,21.294294,-157.819338,Pacific/Honolulu,0.0,0.0,0.0,0,0,0,2024-10-27T04:00:00+00:00,25.8,7.56,14.1,,0.0,0.0,0.0,0,0,82,3,open_air,open_air,0,0,1,open-meteo-era5,ok
2024,2,9,401643744,2024-10-26,19:30,2024-10-27T02:30:00+00:00,Washington State Cougars,San Diego State Aztecs,Snapdragon Stadium,0,resolved_schedule_stadium,32.784444,-117.122833,America/Los_Angeles,USA,46.731831,-117.1604991,America/Los_Angeles,963.7,0.0,0.0,0,1,32.784444,-117.122833,America/Los_Angeles,0.0,0.0,0.0,0,0,0,2024-10-27T02:00:00+00:00,21.3,1.02,1.3,,0.0,0.0,0.0,0,0,61,3,open_air,open_air,0,0,1,open-meteo-era5,ok
2024,2,9,401643745,2024-10-26,17:00,2024-10-26T23:00:00+00:00,Utah State Aggies,Wyoming Cowboys,War Memorial Stadium,0,resolved_schedule_stadium,41.31161,-105.5681384,America/Denver,USA,41.7517394,-111.8116007,America/Denver,324.3,0.0,0.0,0,1,41.31161,-105.5681384,America/Denver,0.0,0.0,0.0,0,0,0,2024-10-26T23:00:00+00:00,18.1,4.97,9.6,,0.0,0.0,0.0,0,0,15,0,open_air,open_air,0,0,1,open-meteo-era5,ok
2024,2,9,401643816,2024-10-26,13:00,2024-10-26T17:00:00+00:00,Georgia State Panthers,App State Mountaineers,Kidd Brewer Stadium,0,resolved_schedule_stadium,36.2114267,-81.6854278,America/New_York,USA,33.735267,-84.389949,America/New_York,229.6,0.0,0.0,0,1,36.2114267,-81.6854278,America/New_York,0.0,0.0,0.0,0,0,0,2024-10-26T17:00:00+00:00,19.8,3.66,12.4,,0.0,0.0,0.0,0,0,60,0,open_air,open_air,0,0,1,open-meteo-era5,ok
2024,2,9,401643817,2024-10-26,15:30,2024-10-26T19:30:00+00:00,Southern Miss Golden Eagles,James Madison Dukes,Bridgeforth Stadium,0,resolved_schedule_stadium,38.4352919,-78.8729349,America/New_York,USA,31.3289321,-89.3318118,America/Chicago,768.8,1.0,1.0,0,1,38.4352919,-78.8729349,America/New_York,0.0,0.0,0.0,0,0,0,2024-10-26T19:00:00+00:00,18.6,3.27,9.2,,0.0,0.0,0.0,0,0,42,3,open_air,open_air,0,0,1,open-meteo-era5,ok
2024,2,9,401643818,2024-10-26,18:00,2024-10-26T23:00:00+00:00,Troy Trojans,Arkansas State Red Wolves,Centennial Bank Stadium,0,resolved_schedule_stadium,35.8488977,-90.6677436,America/Chicago,USA,31.7995565,-85.9518328,America/Chicago,389.2,0.0,0.0,1,0,35.8488977,-90.6677436,America/Chicago,0.0,0.0,0.0,0,0,0,2024-10-26T23:00:00+00:00,18.8,3.07,5.3,,0.0,0.0,0.0,0,0,63,0,open_air,open_air,0,0,1,open-meteo-era5,ok
2024,2,9,401643819,2024-10-26,16:00,2024-10-26T21:00:00+00:00,UL Monroe Warhawks,South Alabama Jaguars,Hancock Whitney Stadium,0,resolved_schedule_stadium,30.6943566,-88.0430541,America/Chicago,USA,32.5308089,-92.0660602,America/Chicago,268.6,0.0,0.0,0,1,30.6943566,-88.0430541,America/Chicago,0.0,0.0,0.0,0,0,0,2024-10-26T21:00:00+00:00,30.5,2.61,6.4,,0.0,0.0,0.0,0,0,34,0,open_air,open_air,0,0,1,open-meteo-era5,ok
2024,2,9,401644687,2024-10-26,14:00,2024-10-26T18:00:00+00:00,Central Michigan Chippewas,Miami (OH) RedHawks,Yager Stadium,0,resolved_schedule_stadium,39.5197009,-84.7330255,America/New_York,USA,43.5777313,-84.7709904,America/Detroit,280.4,0.0,0.0,0,1,39.5197009,-84.7330255,America/New_York,0.0,0.0,0.0,0,0,0,2024-10-26T18:00:00+00:00,15.9,3.61,8.4,,0.0,0.0,0.0,0,0,39,0,open_air,open_air,0,0,1,open-meteo-era5,ok
2024,2,9,401644752,2024-10-26,15:30,2024-10-26T19:30:00+00:00,Eastern Michigan Eagles,Akron Zips,InfoCision Stadium,0,resolved_schedule_stadium,41.0725534,-81.5083408,America/New_York,USA,42.256126,-83.647285,America/Detroit,137.4,0.0,0.0,0,1,41.0725534,-81.5083408,America/New_York,0.0,0.0,0.0,0,0,0,2024-10-26T19:00:00+00:00,13.5,4.95,10.8,,0.0,0.0,0.0,0,0,40,2,open_air,open_air,0,0,1,open-meteo-era5,ok
2024,2,9,401644753,2024-10-26,15:30,2024-10-26T19:30:00+00:00,Northern Illinois Huskies,Ball State Cardinals,Scheumann Stadium,0,resolved_schedule_stadium,40.2159422,-85.4161148,America/Indiana/Indianapolis,USA,41.9339586,-88.7778357,America/Chicago,211.5,1.0,1.0,0,1,40.2159422,-85.4161148,America/Indiana/Indianapolis,0.0,0.0,0.0,0,0,0,2024-10-26T19:00:00+00:00,15.7,4.23,9.0,,0.0,0.0,0.0,0,0,30,0,open_air,open_air,0,0,1,open-meteo-era5,ok
2024,2,9,401644754,2024-10-26,15:30,2024-10-26T19:30:00+00:00,Bowling Green Falcons,Toledo Rockets,Glass Bowl,0,resolved_schedule_stadium,41.6574777,-83.6135652,America/New_York,USA,41.3780114,-83.6225,America/New_York,19.3,0.0,0.0,0,1,41.6574777,-83.6135652,America/New_York,0.0,0.0,0.0,0,0,0,2024-10-26T19:00:00+00:00,13.9,4.25,8.5,,0.0,0.0,0.0,0,0,35,0,open_air,open_air,0,0,1,open-meteo-era5,ok
2024,2,9,401644755,2024-10-26,12:00,2024-10-26T16:00:00+00:00,Buffalo Bulls,Ohio Bobcats,Peden Stadium,0,resolved_schedule_stadium,39.3212794,-82.1034315,America/New_York,USA,42.9991334,-78.7775113,America/New_York,307.4,0.0,0.0,1,0,39.3212794,-82.1034315,America/New_York,0.0,0.0,0.0,0,0,0,2024-10-26T16:00:00+00:00,15.6,3.0,8.4,,0.0,0.0,0.0,0,0,52,1,open_air,open_air,0,0,1,open-meteo-era5,ok
2024,2,9,401644756,2024-10-26,15:30,2024-10-26T19:30:00+00:00,Kent State Golden Flashes,Western Michigan Broncos,Waldo Stadium,0,resolved_schedule_stadium,42.2860064,-85.6007573,America/Detroit,USA,41.1390935,-81.31346,America/New_York,234.9,0.0,0.0,1,0,42.2860064,-85.6007573,America/Detroit,0.0,0.0,0.0,0,0,0,2024-10-26T19:00:00+00:00,13.0,3.62,8.6,,0.0,0.0,0.0,0,0,39,0,open_air,open_air,0,0,1,open-meteo-era5,ok
2024,2,9,401645308,2024-10-26,15:30,2024-10-26T19:30:00+00:00,Wagner Seahawks,Massachusetts Minutemen,Warren McGuirk Alumni Stadium,0,resolved_schedule_stadium,42.3773244,-72.5360595,America/New_York,USA,,,,,,,,,42.3773244,-72.5360595,America/New_York,0.0,0.0,0.0,0,0,0,2024-10-26T19:00:00+00:00,16.8,5.3,12.8,,0.0,0.0,0.0,0,0,27,1,open_air,open_air,0,0,1,open-meteo-era5,ok
2024,2,9,401645352,2024-10-26,14:00,2024-10-26T18:00:00+00:00,Temple Owls,East Carolina Pirates,Dowdy-Ficklen Stadium,0,resolved_schedule_stadium,35.5968486,-77.364564,America/New_York,USA,39.9007995,-75.1675414,America/New_York,320.7,0.0,0.0,1,0,35.5968486,-77.364564,America/New_York,0.0,0.0,0.0,0,0,0,2024-10-26T18:00:00+00:00,25.9,1.54,5.6,,0.0,0.0,0.0,0,0,49,0,open_air,open_air,0,0,1,open-meteo-era5,ok
2024,2,9,401645353,2024-10-26,11:00,2024-10-26T16:00:00+00:00,Charlotte 49ers,Memphis Tigers,Simmons Bank Liberty Stadium,0,resolved_schedule_stadium,35.1209429,-89.977147,America/Chicago,USA,35.3105033,-80.7401194,America/New_York,521.4,-1.0,1.0,1,0,35.1209429,-89.977147,America/Chicago,0.0,0.0,0.0,0,0,0,2024-10-26T16:00:00+00:00,20.5,3.15,8.5,,0.1,0.1,0.0,1,0,74,51,open_air,open_air,0,0,1,open-meteo-era5,ok
2024,2,9,401645354,2024-10-26,11:00,2024-10-26T16:00:00+00:00,Tulane Green Wave,North Texas Mean Green,DATCU Stadium,0,resolved_schedule_stadium,33.203899,-97.159245,America/Chicago,USA,29.944616,-90.116692,America/Chicago,471.6,0.0,0.0,1,0,33.203899,-97.159245,America/Chicago,0.0,0.0,0.0,0,0,0,2024-10-26T16:00:00+00:00,22.6,3.35,8.0,,0.0,0.0,0.0,0,0,45,0,open_air,open_air,0,0,1,open-meteo-era5,ok
2024,2,9,401645355,2024-10-26,14:30,2024-10-26T19:30:00+00:00,UTSA Roadrunners,Tulsa Golden Hurricane,Chapman Stadium,0,resolved_schedule_stadium,36.1489175,-95.9437853,America/Chicago,USA,29.4169834,-98.4788143,America/Chicago,487.8,0.0,0.0,0,1,36.1489175,-95.9437853,America/Chicago,0.0,0.0,0.0,0,0,0,2024-10-26T19:00:00+00:00,21.4,3.62,8.7,,0.0,0.0,0.0,0,0,38,0,open_air,open_air,0,0,1,open-meteo-era5,ok
2024,2,10,401640985,2024-10-29,19:00,2024-10-29T23:00:00+00:00,New Mexico State Aggies,Florida International Panthers,FIU Stadium,0,resolved_schedule_stadium,25.7525014,-80.3778912,America/New_York,USA,32.2796202,-106.7411148,America/Denver,1650.7,2.0,2.0,0,1,25.7525014,-80.3778912,America/New_York,0.0,0.0,0.0,0,0,0,2024-10-29T23:00:00+00:00,26.5,4.03,8.8,,0.0,0.0,0.0,0,0,73,1,open_air,open_air,0,0,1,open-meteo-era5,ok
2024,2,10,401641012,2024-10-29,19:00,2024-10-30T00:00:00+00:00,Louisiana Tech Bulldogs,Sam Houston Bearkats,Elliott T. Bowers Stadium,0,resolved_schedule_stadium,30.713926,-95.5419802,America/Chicago,USA,32.5321487,-92.6560019,America/Chicago,211.2,0.0,0.0,1,0,30.713926,-95.5419802,America/Chicago,0.0,0.0,0.0,0,0,0,2024-10-30T00:00:00+00:00,26.6,4.56,10.7,,0.0,0.0,0.0,0,0,55,1,open_air,open_air,0,0,1,open-meteo-era5,ok
2024,2,10,401643820,2024-10-29,18:30,2024-10-29T23:30:00+00:00,Louisiana Ragin' Cajuns,Texas State Bobcats,Bobcat Stadium (TX),0,resolved_schedule_stadium,29.8910008,-97.9255735,America/Chicago,USA,30.2158434,-92.0417371,America/Chicago,352.6,0.0,0.0,1,0,29.8910008,-97.9255735,America/Chicago,0.0,0.0,0.0,0,0,0,2024-10-29T23:00:00+00:00,29.0,6.83,13.7,,0.0,0.0,0.0,0,0,52,1,open_air,open_air,0,0,1,open-meteo-era5,ok
2024,2,10,401640994,2024-10-30,19:00,2024-10-30T23:00:00+00:00,Jacksonville State Gamecocks,Liberty Flames,Williams Stadium (VA),0,resolved_schedule_stadium,37.3544305,-79.1750239,America/New_York,USA,33.8201052,-85.76647,America/Chicago,443.4,1.0,1.0,0,1,37.3544305,-79.1750239,America/New_York,0.0,0.0,0.0,0,0,0,2024-10-30T23:00:00+00:00,20.1,3.7,6.4,,0.0,0.0,0.0,0,0,67,0,open_air,open_air,0,0,1,open-meteo-era5,ok
2024,2,10,401641020,2024-10-30,18:30,2024-10-30T23:30:00+00:00,Kennesaw State Owls,Western Kentucky Hilltoppers,Houchens Industries-L.T. Smith Stadium,0,resolved_schedule_stadium,36.9847901,-86.4594041,America/Chicago,USA,34.0289318,-84.5676234,America/New_York,230.3,-1.0,1.0,1,0,36.9847901,-86.4594041,America/Chicago,0.0,0.0,0.0,0,0,0,2024-10-30T23:00:00+00:00,23.7,3.91,6.8,,0.0,0.0,0.0,0,0,54,0,open_air,open_air,0,0,1,open-meteo-era5,ok
2024,2,10,401645356,2024-10-31,19:30,2024-10-31T23:30:00+00:00,Tulane Green Wave,Charlotte 49ers,Jerry Richardson Stadium,0,resolved_schedule_stadium,35.3105033,-80.7401194,America/New_York,USA,29.944616,-90.116692,America/Chicago,659.2,1.0,1.0,0,1,35.3105033,-80.7401194,America/New_York,0.0,0.0,0.0,0,0,0,2024-10-31T23:00:00+00:00,21.7,1.95,4.2,,0.0,0.0,0.0,0,0,57,1,open_air,open_air,0,0,1,open-meteo-era5,ok
2024,2,10,401629036,2024-11-01,19:00,2024-11-01T23:00:00+00:00,Georgia State Panthers,UConn Huskies,Pratt & Whitney Stadium,0,resolved_schedule_stadium,41.7595675,-72.6187728,America/New_York,USA,33.735267,-84.389949,America/New_York,847.7,0.0,0.0,0,1,41.7595675,-72.6187728,America/New_York,0.0,0.0,0.0,0,0,0,2024-11-01T23:00:00+00:00,17.8,5.32,12.0,,0.0,0.0,0.0,0,0,46,0,open_air,open_air,0,0,1,open-meteo-era5,ok
2024,2,10,401643747,2024-11-01,18:00,2024-11-02T00:00:00+00:00,San Diego State Aztecs,Boise State Broncos,Albertsons Stadium,0,resolved_schedule_stadium,43.6028839,-116.1958882,America/Boise,USA,32.784444,-117.122833,America/Los_Angeles,749.2,1.0,1.0,0,1,43.6028839,-116.1958882,America/Boise,0.0,0.0,0.0,0,0,0,2024-11-02T00:00:00+00:00,13.5,6.54,8.9,,0.0,0.0,0.0,0,0,35,3,open_air,open_air,0,0,1,open-meteo-era5,ok
2024,2,10,401645357,2024-11-01,19:30,2024-11-01T23:30:00+00:00,South Florida Bulls,Florida Atlantic Owls,FAU Stadium,0,resolved_schedule_stadium,26.3763763,-80.1015759,America/New_York,USA,27.9758691,-82.5033344,America/New_York,184.4,0.0,0.0,0,1,26.3763763,-80.1015759,America/New_York,0.0,0.0,0.0,0,0,0,2024-11-01T23:00:00+00:00,26.2,3.87,7.6,,0.0,0.0,0.0,0,0,78,0,open_air,open_air,0,0,1,open-meteo-era5,ok
2024,2,10,401628406,2024-11-02,11:00,2024-11-02T16:00:00+00:00,Ole Miss Rebels,Arkansas Razorbacks,Razorback Stadium,0,resolved_schedule_stadium,36.0680662,-94.1789534,America/Chicago,USA,34.3619837,-89.5342076,America/Chicago,287.4,0.0,0.0,1,0,36.0680662,-94.1789534,America/Chicago,0.0,0.0,0.0,0,0,0,2024-11-02T16:00:00+00:00,16.5,3.91,8.6,,0.0,0.0,0.0,0,0,89,3,open_air,open_air,0,0,1,open-meteo-era5,ok
2024,2,10,401628407,2024-11-02,11:45,2024-11-02T16:45:00+00:00,Vanderbilt Commodores,Auburn Tigers,Jordan-Hare Stadium,0,resolved_schedule_stadium,32.6025532,-85.4897479,America/Chicago,USA,36.1440455,-86.8088942,America/Chicago,256.0,0.0,0.0,0,1,32.6025532,-85.4897479,America/Chicago,0.0,0.0,0.0,0,0,0,2024-11-02T17:00:00+00:00,25.1,1.76,6.0,,0.0,0.0,0.0,0,0,62,3,open_air,open_air,0,0,1,open-meteo-era5,ok
2024,2,10,401628408,2024-11-02,19:30,,Florida Gators,Georgia Bulldogs,EverBank Stadium,1,unresolved_neutral_venue,,,,,29.6499357,-82.3485788,America/New_York,,,,,,33.9498197,-83.3733813,America/New_York,,,,,,,,,,,,,,,,,,,,,,,,,venue_unresolved
2024,2,10,401628409,2024-11-02,15:15,2024-11-02T20:15:00+00:00,Massachusetts Minutemen,Mississippi State Bulldogs,Davis Wade Stadium,0,resolved_schedule_stadium,33.4563403,-88.7933652,America/Chicago,USA,42.3773244,-72.5360595,America/New_York,1076.4,-1.0,1.0,1,0,33.4563403,-88.7933652,America/Chicago,0.0,0.0,0.0,0,0,0,2024-11-02T20:00:00+00:00,25.6,1.9,4.8,,0.0,0.0,0.0,0,0,63,2,open_air,open_air,0,0,1,open-meteo-era5,ok
2024,2,10,401628410,2024-11-02,11:00,2024-11-02T16:00:00+00:00,Maine Black Bears,Oklahoma Sooners,"Memorial Stadium (Norman, OK)",0,ambiguous_schedule_stadium,,,America/Chicago,,,,,,,,,,35.2058537,-97.4423145,America/Chicago,,,,,,,,,,,,,,,,,,,open_air,,,,,,venue_unresolved
2024,2,10,401628411,2024-11-02,19:30,2024-11-02T23:30:00+00:00,Texas A&M Aggies,South Carolina Gamecocks,Williams-Brice Stadium,0,resolved_schedule_stadium,33.9730239,-81.0191726,America/New_York,USA,30.6098891,-96.3403828,America/Chicago,923.5,1.0,1.0,0,1,33.9730239,-81.0191726,America/New_York,0.0,0.0,0.0,0,0,0,2024-11-02T23:00:00+00:00,22.9,2.44,4.5,,0.0,0.0,0.0,0,0,67,3,open_air,open_air,0,0,1,open-meteo-era5,ok
2024,2,10,401628412,2024-11-02,19:45,2024-11-02T23:45:00+00:00,Kentucky Wildcats,Tennessee Volunteers,Neyland Stadium,0,resolved_schedule_stadium,35.9550131,-83.9250128,America/New_York,USA,38.0220905,-84.5053408,America/New_York,146.4,0.0,0.0,0,1,35.9550131,-83.9250128,America/New_York,0.0,0.0,0.0,0,0,0,2024-11-03T00:00:00+00:00,16.5,2.09,3.7,,0.0,0.0,0.0,0,0,67,1,open_air,open_air,0,0,1,open-meteo-era5,ok
2024,2,10,401628533,2024-11-02,11:00,2024-11-02T16:00:00+00:00,Minnesota Golden Gophers,Illinois Fighting Illini,"Memorial Stadium (Champaign, IL)",0,ambiguous_schedule_stadium,,,America/Chicago,,44.976525,-93.2245462,America/Chicago,,,,,,40.0993268,-88.2359569,America/Chicago,,,,,,,,,,,,,,,,,,,open_air,,,,,,venue_unresolved
2024,2,10,401628534,2024-11-02,15:30,2024-11-02T19:30:00+00:00,Indiana Hoosiers,Michigan State Spartans,Spartan Stadium,0,resolved_schedule_stadium,42.7281474,-84.4848526,America/Detroit,USA,39.1808959,-86.5256217,America/Indiana/Indianapolis,267.2,0.0,0.0,0,1,42.7281474,-84.4848526,America/Detroit,0.0,0.0,0.0,0,0,0,2024-11-02T19:00:00+00:00,11.4,0.75,3.5,,0.0,0.0,0.0,0,0,45,1,open_air,open_air,0,0,1,open-meteo-era5,ok
2024,2,10,401628535,2024-11-02,18:30,2024-11-02T23:30:00+00:00,Wisconsin Badgers,Iowa Hawkeyes,Kinnick Stadium,0,resolved_schedule_stadium,41.6586045,-91.5510829,America/Chicago,USA,43.06994,-89.4126943,America/Chicago,146.4,0.0,0.0,1,0,41.6586045,-91.5510829,America/Chicago,0.0,0.0,0.0,0,0,0,2024-11-02T23:00:00+00:00,13.2,3.89,7.5,,0.0,0.0,0.0,0,0,55,3,open_air,open_air,0,0,1,open-meteo-era5,ok
2024,2,10,401628536,2024-11-02,15:30,2024-11-02T19:30:00+00:00,Oregon Ducks,Michigan Wolverines,Michigan Stadium,0,resolved_schedule_stadium,42.2658365,-83.7486956,America/Detroit,USA,44.0582712,-123.0684883,America/Los_Angeles,1966.7,3.0,3.0,0,1,42.2658365,-83.7486956,America/Detroit,0.0,0.0,0.0,0,0,0,2024-11-02T19:00:00+00:00,12.0,0.87,3.8,,0.0,0.0,0.0,0,0,45,0,open_air,open_air,0,0,1,open-meteo-era5,ok
2024,2,10,401628537,2024-11-02,14:30,2024-11-02T19:30:00+00:00,UCLA Bruins,Nebraska Cornhuskers,"Memorial Stadium (Lincoln, NE)",0,ambiguous_schedule_stadium,,,America/Chicago,,34.1613284,-118.1676462,America/Los_Angeles,,,,,,40.820682,-96.705594,America/Chicago,,,,,,,,,,,,,,,,,,,open_air,,,,,,venue_unresolved
2024,2,10,401628538,2024-11-02,12:00,2024-11-02T16:00:00+00:00,Northwestern Wildcats,Purdue Boilermakers,Ross-Ade Stadium,0,resolved_schedule_stadium,40.4352253,-86.9186843,America/Indiana/Indianapolis,USA,42.0653994,-87.6924751,America/Chicago,119.6,1.0,1.0,0,1,40.4352253,-86.9186843,America/Indiana/Indianapolis,0.0,0.0,0.0,0,0,0,2024-11-02T16:00:00+00:00,10.6,2.61,7.1,,0.0,0.0,0.0,0,0,63,0,open_air,open_air,0,0,1,open-meteo-era5,ok
2024,2,10,401628539,2024-11-02,12:00,2024-11-02T16:00:00+00:00,Ohio State Buckeyes,Penn State Nittany Lions,Beaver Stadium,0,resolved_schedule_stadium,40.8121958,-77.8561023,America/New_York,USA,40.0016447,-83.0197266,America/New_York,277.3,0.0,0.0,0,1,40.8121958,-77.8561023,America/New_York,0.0,0.0,0.0,0,0,0,2024-11-02T16:00:00+00:00,10.4,2.43,7.4,,0.0,0.0,0.0,0,0,50,0,open_air,open_air,0,0,1,open-meteo-era5,ok
2024,2,10,401628540,2024-11-02,16:30,2024-11-02T23:30:00+00:00,USC Trojans,Washington Huskies,Husky Stadium,0,resolved_schedule_stadium,47.6503235,-122.3015746,America/Los_Angeles,USA,34.014167,-118.287778,America/Los_Angeles,964.9,0.0,0.0,1,0,47.6503235,-122.3015746,America/Los_Angeles,0.0,0.0,0.0,0,0,0,2024-11-02T23:00:00+00:00,10.9,3.29,5.3,,0.4,0.4,0.0,1,0,84,51,open_air,open_air,0,0,1,open-meteo-era5,ok
2024,2,10,401634114,2024-11-02,18:00,2024-11-03T01:00:00+00:00,Portland State Vikings,Sacramento State Hornets,Hornet Stadium,0,resolved_schedule_stadium,38.5556718,-121.4229607,America/Los_Angeles,USA,,,,,,,,,38.5556718,-121.4229607,America/Los_Angeles,0.0,0.0,0.0,0,0,0,2024-11-03T01:00:00+00:00,18.2,1.22,2.9,,0.0,0.0,0.0,0,0,54,2,open_air,open_air,0,0,1,open-meteo-era5,ok
2024,2,10,401634186,2024-11-02,14:00,2024-11-02T19:00:00+00:00,Southern Illinois Salukis,Missouri State Bears,Plaster Sports Complex,0,resolved_schedule_stadium,37.1976229,-93.2798119,America/Chicago,USA,,,,,,,,,37.1976229,-93.2798119,America/Chicago,0.0,0.0,0.0,0,0,0,2024-11-02T19:00:00+00:00,15.5,4.82,11.4,,0.1,0.1,0.0,1,0,80,51,open_air,open_air,0,0,1,open-meteo-era5,ok
2024,2,10,401634210,2024-11-02,14:30,2024-11-02T19:30:00+00:00,Northern Iowa Panthers,North Dakota State Bison,Fargodome,0,resolved_schedule_stadium,46.9029938,-96.8003251,America/Chicago,USA,,,,,,,,,46.9029938,-96.8003251,America/Chicago,0.0,0.0,0.0,0,0,0,2024-11-02T19:00:00+00:00,4.9,2.38,6.2,,0.0,0.0,0.0,0,0,85,2,dome,dome,1,0,0,open-meteo-era5,ok
2024,2,10,401635516,2024-11-02,12:00,2024-11-02T16:00:00+00:00,Stanford Cardinal,NC State Wolfpack,Carter-Finley Stadium,0,resolved_schedule_stadium,35.8008001,-78.7195655,America/New_York,USA,37.4345556,-122.1611271,America/Los_Angeles,2390.3,3.0,3.0,0,1,35.8008001,-78.7195655,America/New_York,0.0,0.0,0.0,0,0,0,2024-11-02T16:00:00+00:00,18.0,3.21,6.8,,0.0,0.0,0.0,0,0,48,3,open_air,open_air,0,0,1,open-meteo-era5,ok
2024,2,10,401635600,2024-11-02,19:30,2024-11-02T23:30:00+00:00,Louisville Cardinals,Clemson Tigers,"Memorial Stadium (Clemson, SC)",0,resolved_schedule_stadium_timezone,34.6787737,-82.8432428,America/New_York,USA,38.2057621,-85.7588141,America/Kentucky/Louisville,292.6,0.0,0.0,0,1,34.6787737,-82.8432428,America/New_York,0.0,0.0,0.0,0,0,0,2024-11-02T23:00:00+00:00,20.2,1.56,3.1,,0.0,0.0,0.0,0,0,81,2,open_air,open_air,0,0,1,open-meteo-era5,ok
2024,2,10,401635601,2024-11-02,12:00,2024-11-02T16:00:00+00:00,Duke Blue Devils,Miami Hurricanes,Hard Rock Stadium,0,resolved_schedule_stadium,25.9579665,-80.2388604,America/New_York,USA,35.9953688,-78.9417564,America/New_York,697.7,0.0,0.0,1,0,25.9579665,-80.2388604,America/New_York,0.0,0.0,0.0,0,0,0,2024-11-02T16:00:00+00:00,26.9,4.75,10.1,,0.1,0.1,0.0,1,0,80,51,open_air,open_air,0,0,1,open-meteo-era5,ok
2024,2,10,401635602,2024-11-02,15:30,2024-11-02T19:30:00+00:00,North Carolina Tar Heels,Florida State Seminoles,Doak Campbell Stadium,0,resolved_schedule_stadium,30.4381692,-84.3044032,America/New_York,USA,35.9069294,-79.0478889,America/New_York,484.8,0.0,0.0,1,0,30.4381692,-84.3044032,America/New_York,0.0,0.0,0.0,0,0,0,2024-11-02T19:00:00+00:00,29.6,2.51,6.7,,0.0,0.0,0.0,0,0,46,2,open_air,open_air,0,0,1,open-meteo-era5,ok
2024,2,10,401635604,2024-11-02,12:00,2024-11-02T16:00:00+00:00,Virginia Tech Hokies,Syracuse Orange,JMA Wireless Dome,0,resolved_schedule_stadium,43.0362269,-76.1363161,America/New_York,USA,37.2199873,-80.4180643,America/New_York,461.0,0.0,0.0,0,1,43.0362269,-76.1363161,America/New_York,0.0,0.0,0.0,0,0,0,2024-11-02T16:00:00+00:00,6.2,3.02,7.9,,0.0,0.0,0.0,0,0,76,3,dome,dome,1,0,0,open-meteo-era5,ok
2024,2,10,401635627,2024-11-02,19:00,2024-11-03T00:00:00+00:00,Pittsburgh Panthers,SMU Mustangs,Gerald J. Ford Stadium,0,resolved_schedule_stadium,32.8377223,-96.7827859,America/Chicago,USA,40.4467648,-80.0157603,America/New_York,1065.3,-1.0,1.0,1,0,32.8377223,-96.7827859,America/Chicago,0.0,0.0,0.0,0,0,0,2024-11-03T00:00:00+00:00,24.2,3.69,9.8,,0.7,0.7,0.0,1,0,77,53,open_air,open_air,0,0,1,open-meteo-era5,ok
2024,2,10,401636912,2024-11-02,19:00,2024-11-03T00:00:00+00:00,TCU Horned Frogs,Baylor Bears,McLane Stadium,0,resolved_schedule_stadium,31.5582015,-97.1156702,America/Chicago,USA,32.7096604,-97.3680835,America/Chicago,80.9,0.0,0.0,0,1,31.5582015,-97.1156702,America/Chicago,0.0,0.0,0.0,0,0,0,2024-11-03T00:00:00+00:00,24.5,4.97,9.4,,1.4,1.4,0.0,1,0,83,61,open_air,open_air,0,0,1,open-meteo-era5,ok
2024,2,10,401636913,2024-11-02,14:30,2024-11-02T19:30:00+00:00,Kansas State Wildcats,Houston Cougars,TDECU Stadium,0,resolved_schedule_stadium,29.7219885,-95.3491623,America/Chicago,USA,39.2020096,-96.5938395,America/Chicago,658.8,0.0,0.0,0,1,29.7219885,-95.3491623,America/Chicago,0.0,0.0,0.0,0,0,0,2024-11-02T19:00:00+00:00,26.8,4.22,9.5,,2.4,2.4,0.0,1,0,80,61,open_air,open_air,0,0,1,open-meteo-era5,ok
2024,2,10,401636914,2024-11-02,14:30,2024-11-02T19:30:00+00:00,Texas Tech Red Raiders,Iowa State Cyclones,Jack Trice Stadium,0,resolved_schedule_stadium,42.0139977,-93.6357716,America/Chicago,USA,33.5910518,-101.8728824,America/Chicago,734.7,0.0,0.0,0,1,42.0139977,-93.6357716,America/Chicago,0.0,0.0,0.0,0,0,0,2024-11-02T19:00:00+00:00,13.0,4.89,9.2,,0.0,0.0,0.0,0,0,61,3,open_air,open_air,0,0,1,open-meteo-era5,ok
2024,2,10,401636915,2024-11-02,14:30,2024-11-02T19:30:00+00:00,Arizona State Sun Devils,Oklahoma State Cowboys,Boone Pickens Stadium,0,resolved_schedule_stadium,36.125673,-97.066513,America/Chicago,USA,33.4264471,-111.9325005,America/Phoenix,863.1,2.0,2.0,0,1,36.125673,-97.066513,America/Chicago,0.0,0.0,0.0,0,0,0,2024-11-02T19:00:00+00:00,19.0,4.32,9.2,,0.1,0.1,0.0,1,0,83,51,open_air,open_air,0,0,1,open-meteo-era5,ok
2024,2,10,401636916,2024-11-02,15:30,2024-11-02T19:30:00+00:00,Arizona Wildcats,UCF Knights,FBC Mortgage Stadium,0,resolved_schedule_stadium,28.6079765,-81.1927233,America/New_York,USA,32.2288054,-110.9488677,America/Phoenix,1784.8,3.0,3.0,0,1,28.6079765,-81.1927233,America/New_York,0.0,0.0,0.0,0,0,0,2024-11-02T19:00:00+00:00,27.0,4.13,7.6,,0.8,0.8,0.0,1,0,75,53,open_air,open_air,0,0,1,open-meteo-era5,ok
2024,2,10,401641026,2024-11-02,13:30,2024-11-02T19:30:00+00:00,Middle Tennessee Blue Raiders,UTEP Miners,Sun Bowl,0,resolved_schedule_stadium,31.7733353,-106.507957,America/Denver,USA,35.8511463,-86.3681649,America/Chicago,1187.7,-1.0,1.0,1,0,31.7733353,-106.507957,America/Denver,0.0,0.0,0.0,0,0,0,2024-11-02T19:00:00+00:00,23.1,4.21,8.9,,0.0,0.0,0.0,0,0,22,0,open_air,open_air,0,0,1,open-meteo-era5,ok
2024,2,10,401643746,2024-11-02,12:00,2024-11-02T16:00:00+00:00,Air Force Falcons,Army Black Knights,Michie Stadium,0,resolved_schedule_stadium,41.3874924,-73.9640891,America/New_York,USA,38.9969701,-104.8436165,America/Denver,1629.5,2.0,2.0,0,1,41.3874924,-73.9640891,America/New_York,0.0,0.0,0.0,0,0,0,2024-11-02T16:00:00+00:00,12.5,3.3,9.3,,0.0,0.0,0.0,0,0,48,1,open_air,open_air,0,0,1,open-meteo-era5,ok
2024,2,10,401643748,2024-11-02,17:00,2024-11-03T00:00:00+00:00,Colorado State Rams,Nevada Wolf Pack,Mackay Stadium,0,resolved_schedule_stadium,39.5469459,-119.8175435,America/Los_Angeles,USA,40.570015,-105.088435,America/Denver,781.2,-1.0,1.0,1,0,39.5469459,-119.8175435,America/Los_Angeles,0.0,0.0,0.0,0,0,0,2024-11-03T00:00:00+00:00,10.7,3.47,11.2,,0.0,0.0,0.0,0,0,49,2,open_air,open_air,0,0,1,open-meteo-era5,ok
2024,2,10,401643749,2024-11-02,16:00,2024-11-02T23:00:00+00:00,Hawai'i Rainbow Warriors,Fresno State Bulldogs,Valley Children's Stadium,0,resolved_schedule_stadium,36.8143527,-119.7580092,America/Los_Angeles,USA,21.294294,-157.819338,Pacific/Honolulu,2514.9,3.0,3.0,0,1,36.8143527,-119.7580092,America/Los_Angeles,0.0,0.0,0.0,0,0,0,2024-11-02T23:00:00+00:00,19.8,3.5,7.6,,0.0,0.0,0.0,0,0,44,1,open_air,open_air,0,0,1,open-meteo-era5,ok
2024,2,10,401643750,2024-11-02,14:00,2024-11-02T20:00:00+00:00,Wyoming Cowboys,New Mexico Lobos,University Stadium (NM),0,resolved_schedule_stadium,35.0669479,-106.6283225,America/Denver,USA,41.31161,-105.5681384,America/Denver,435.3,0.0,0.0,1,0,35.0669479,-106.6283225,America/Denver,0.0,0.0,0.0,0,0,0,2024-11-02T20:00:00+00:00,20.3,3.58,8.4,,0.0,0.0,0.0,0,0,18,0,open_air,open_air,0,0,1,open-meteo-era5,ok
2024,2,10,401643821,2024-11-02,14:30,2024-11-02T18:30:00+00:00,Old Dominion Monarchs,App State Mountaineers,Kidd Brewer Stadium,0,resolved_schedule_stadium,36.2114267,-81.6854278,America/New_York,USA,36.8889533,-76.3049175,America/New_York,302.3,0.0,0.0,1,0,36.2114267,-81.6854278,America/New_York,0.0,0.0,0.0,0,0,0,2024-11-02T18:00:00+00:00,18.1,1.55,5.3,,0.0,0.0,0.0,0,0,66,1,open_air,open_air,0,0,1,open-meteo-era5,ok
2024,2,10,401643822,2024-11-02,15:30,2024-11-02T19:30:00+00:00,UL Monroe Warhawks,Marshall Thundering Herd,Joan C. Edwards Stadium,0,resolved_schedule_stadium,38.4247042,-82.4214412,America/New_York,USA,32.5308089,-92.0660602,America/Chicago,677.8,1.0,1.0,0,1,38.4247042,-82.4214412,America/New_York,0.0,0.0,0.0,0,0,0,2024-11-02T19:00:00+00:00,17.8,1.61,5.3,,0.0,0.0,0.0,0,0,38,0,open_air,open_air,0,0,1,open-meteo-era5,ok
2024,2,10,401643823,2024-11-02,18:30,2024-11-02T23:30:00+00:00,Georgia Southern Eagles,South Alabama Jaguars,Hancock Whitney Stadium,0,resolved_schedule_stadium,30.6943566,-88.0430541,America/Chicago,USA,32.4122471,-81.7849296,America/New_York,387.0,-1.0,1.0,1,0,30.6943566,-88.0430541,America/Chicago,0.0,0.0,0.0,0,0,0,2024-11-02T23:00:00+00:00,25.7,2.46,4.9,,0.0,0.0,0.0,0,0,62,0,open_air,open_air,0,0,1,open-meteo-era5,ok
2024,2,10,401643824,2024-11-02,15:00,2024-11-02T20:00:00+00:00,Coastal Carolina Chanticleers,Troy Trojans,Veterans Memorial Stadium (AL),0,resolved_schedule_stadium,31.7995565,-85.9518328,America/Chicago,USA,33.7928506,-79.0166946,America/New_York,425.6,-1.0,1.0,1,0,31.7995565,-85.9518328,America/Chicago,0.0,0.0,0.0,0,0,0,2024-11-02T20:00:00+00:00,27.4,2.44,6.3,,0.0,0.0,0.0,0,0,50,2,open_air,open_air,0,0,1,open-meteo-era5,ok
2024,2,10,401644757,2024-11-02,12:00,2024-11-02T16:00:00+00:00,Buffalo Bulls,Akron Zips,InfoCision Stadium,0,resolved_schedule_stadium,41.0725534,-81.5083408,America/New_York,USA,42.9991334,-78.7775113,America/New_York,193.3,0.0,0.0,1,0,41.0725534,-81.5083408,America/New_York,0.0,0.0,0.0,0,0,0,2024-11-02T16:00:00+00:00,10.2,0.3,3.5,,0.0,0.0,0.0,0,0,61,1,open_air,open_air,0,0,1,open-meteo-era5,ok
2024,2,10,401644758,2024-11-02,12:00,2024-11-02T16:00:00+00:00,Toledo Rockets,Eastern Michigan Eagles,Rynearson Stadium,0,resolved_schedule_stadium,42.256126,-83.647285,America/Detroit,USA,41.6574777,-83.6135652,America/New_York,41.4,0.0,0.0,1,0,42.256126,-83.647285,America/Detroit,0.0,0.0,0.0,0,0,0,2024-11-02T16:00:00+00:00,8.8,0.7,4.6,,0.0,0.0,0.0,0,0,62,1,open_air,open_air,0,0,1,open-meteo-era5,ok
2024,2,10,401645358,2024-11-02,13:30,2024-11-02T18:30:00+00:00,Tulsa Golden Hurricane,UAB Blazers,Protective Stadium,0,resolved_schedule_stadium,33.5206824,-86.8024326,America/Chicago,USA,36.1489175,-95.9437853,America/Chicago,549.0,0.0,0.0,0,1,33.5206824,-86.8024326,America/Chicago,0.0,0.0,0.0,0,0,0,2024-11-02T18:00:00+00:00,24.0,1.41,4.7,,0.0,0.0,0.0,0,0,68,3,open_air,open_air,0,0,1,open-meteo-era5,ok
2024,2,10,401645359,2024-11-02,11:00,2024-11-02T16:00:00+00:00,Memphis Tigers,UTSA Roadrunners,Alamodome,0,resolved_schedule_stadium,29.4169834,-98.4788143,America/Chicago,USA,35.1209429,-89.977147,America/Chicago,633.6,0.0,0.0,1,0,29.4169834,-98.4788143,America/Chicago,0.0,0.0,0.0,0,0,0,2024-11-02T16:00:00+00:00,24.0,3.5,8.5,,0.4,0.4,0.0,1,0,90,51,dome,dome,1,0,0,open-meteo-era5,ok
2024,2,10,401645360,2024-11-02,15:00,2024-11-02T20:00:00+00:00,Navy Midshipmen,Rice Owls,Rice Stadium,0,resolved_schedule_stadium,29.7163297,-95.4093261,America/Chicago,USA,38.9846985,-76.5076335,America/New_York,1250.3,-1.0,1.0,1,0,29.7163297,-95.4093261,America/Chicago,0.0,0.0,0.0,0,0,0,2024-11-02T20:00:00+00:00,26.0,4.42,8.4,,2.5,2.5,0.0,1,0,82,63,open_air,open_air,0,0,1,open-meteo-era5,ok
2024,2,11,401644688,2024-11-05,20:00,2024-11-06T01:00:00+00:00,Miami (OH) RedHawks,Ball State Cardinals,Scheumann Stadium,0,resolved_schedule_stadium,40.2159422,-85.4161148,America/Indiana/Indianapolis,USA,39.5197009,-84.7330255,America/New_York,60.2,0.0,0.0,1,0,40.2159422,-85.4161148,America/Indiana/Indianapolis,0.0,0.0,0.0,0,0,0,2024-11-06T01:00:00+00:00,19.4,7.91,12.2,,1.4,1.4,0.0,1,0,84,61,open_air,open_air,0,0,1,open-meteo-era5,ok
2024,2,11,401644760,2024-11-05,19:30,2024-11-06T00:30:00+00:00,Bowling Green Falcons,Central Michigan Chippewas,Kelly/Shorts Stadium,0,resolved_schedule_stadium,43.5777313,-84.7709904,America/Detroit,USA,41.3780114,-83.6225,America/New_York,162.9,0.0,0.0,1,0,43.5777313,-84.7709904,America/Detroit,0.0,0.0,0.0,0,0,0,2024-11-06T00:00:00+00:00,19.3,7.14,16.7,,1.2,1.2,0.0,1,0,81,55,open_air,open_air,0,0,1,open-meteo-era5,ok
2024,2,11,401644761,2024-11-06,19:00,2024-11-07T00:00:00+00:00,Ohio Bobcats,Kent State Golden Flashes,Dix Stadium,0,resolved_schedule_stadium,41.1390935,-81.31346,America/New_York,USA,39.3212794,-82.1034315,America/New_York,132.3,0.0,0.0,0,1,41.1390935,-81.31346,America/New_York,0.0,0.0,0.0,0,0,0,2024-11-07T00:00:00+00:00,15.3,1.63,2.8,,0.0,0.0,0.0,0,0,91,1,open_air,open_air,0,0,1,open-meteo-era5,ok
2024,2,11,401644762,2024-11-06,19:00,2024-11-07T00:00:00+00:00,Northern Illinois Huskies,Western Michigan Broncos,Waldo Stadium,0,resolved_schedule_stadium,42.2860064,-85.6007573,America/Detroit,USA,41.9339586,-88.7778357,America/Chicago,164.6,1.0,1.0,0,1,42.2860064,-85.6007573,America/Detroit,0.0,0.0,0.0,0,0,0,2024-11-07T00:00:00+00:00,10.9,2.1,4.0,,0.0,0.0,0.0,0,0,78,3,open_air,open_air,0,0,1,open-meteo-era5,ok
2024,2,11,401643825,2024-11-07,20:00,2024-11-08T01:00:00+00:00,App State Mountaineers,Coastal Carolina Chanticleers,Brooks Stadium (SC),0,resolved_schedule_stadium,33.7928506,-79.0166946,America/New_York,USA,36.2114267,-81.6854278,America/New_York,225.2,0.0,0.0,0,1,33.7928506,-79.0166946,America/New_York,0.0,0.0,0.0,0,0,0,2024-11-08T01:00:00+00:00,21.5,2.11,2.5,,0.0,0.0,0.0,0,0,98,3,open_air,open_air,0,0,1,open-meteo-era5,ok
2024,2,11,401645361,2024-11-07,20:00,2024-11-08T01:00:00+00:00,Florida Atlantic Owls,East Carolina Pirates,Dowdy-Ficklen Stadium,0,resolved_schedule_stadium,35.5968486,-77.364564,America/New_York,USA,26.3763763,-80.1015759,America/New_York,657.3,0.0,0.0,0,1,35.5968486,-77.364564,America/New_York,0.0,0.0,0.0,0,0,0,2024-11-08T01:00:00+00:00,20.8,2.4,4.4,,0.0,0.0,0.0,0,0,94,0,open_air,open_air,0,0,1,open-meteo-era5,ok
2024,2,11,401628542,2024-11-08,18:00,2024-11-09T02:00:00+00:00,Iowa Hawkeyes,UCLA Bruins,Rose Bowl,0,resolved_schedule_stadium,34.1613284,-118.1676462,America/Los_Angeles,USA,41.6586045,-91.5510829,America/Chicago,1533.2,-2.0,2.0,1,0,34.1613284,-118.1676462,America/Los_Angeles,0.0,0.0,0.0,0,0,0,2024-11-09T02:00:00+00:00,18.8,1.05,2.4,,0.0,0.0,0.0,0,0,16,0,open_air,open_air,0,0,1,open-meteo-era5,ok
2024,2,11,401634773,2024-11-08,20:00,2024-11-09T01:00:00+00:00,California Golden Bears,Wake Forest Demon Deacons,Allegacy Federal Credit Union Stadium,0,resolved_schedule_stadium,36.1305507,-80.2545851,America/New_York,USA,37.8710434,-122.2507729,America/Los_Angeles,2300.9,3.0,3.0,0,1,36.1305507,-80.2545851,America/New_York,0.0,0.0,0.0,0,0,0,2024-11-09T01:00:00+00:00,19.5,4.04,7.2,,0.0,0.0,0.0,0,0,57,0,open_air,open_air,0,0,1,open-meteo-era5,ok
2024,2,11,401643754,2024-11-08,19:30,2024-11-09T03:30:00+00:00,New Mexico Lobos,San Diego State Aztecs,Snapdragon Stadium,0,resolved_schedule_stadium,32.784444,-117.122833,America/Los_Angeles,USA,35.0669479,-106.6283225,America/Denver,621.6,-1.0,1.0,1,0,32.784444,-117.122833,America/Los_Angeles,0.0,0.0,0.0,0,0,0,2024-11-09T03:00:00+00:00,14.3,1.33,2.9,,0.0,0.0,0.0,0,0,47,0,open_air,open_air,0,0,1,open-meteo-era5,ok
2024,2,11,401645362,2024-11-08,20:00,2024-11-09T02:00:00+00:00,Rice Owls,Memphis Tigers,Simmons Bank Liberty Stadium,0,resolved_schedule_stadium,35.1209429,-89.977147,America/Chicago,USA,29.7163297,-95.4093261,America/Chicago,489.5,0.0,0.0,0,1,35.1209429,-89.977147,America/Chicago,0.0,0.0,0.0,0,0,0,2024-11-09T02:00:00+00:00,16.8,3.81,6.4,,0.0,0.0,0.0,0,0,88,2,open_air,open_air,0,0,1,open-meteo-era5,ok
2024,2,11,401628413,2024-11-09,18:30,2024-11-10T00:30:00+00:00,Alabama Crimson Tide,LSU Tigers,Tiger Stadium (LA),0,resolved_schedule_stadium,30.412035,-91.1838163,America/Chicago,USA,33.2082752,-87.5503836,America/Chicago,287.8,0.0,0.0,1,0,30.412035,-91.1838163,America/Chicago,0.0,0.0,0.0,0,0,0,2024-11-10T00:00:00+00:00,25.2,3.4,8.1,,0.0,0.0,0.0,0,0,83,3,open_air,open_air,0,0,1,open-meteo-era5,ok
2024,2,11,401628414,2024-11-09,14:30,2024-11-09T20:30:00+00:00,Georgia Bulldogs,Ole Miss Rebels,Vaught-Hemingway Stadium,0,resolved_schedule_stadium,34.3619837,-89.5342076,America/Chicago,USA,33.9498197,-83.3733813,America/New_York,353.3,-1.0,1.0,1,0,34.3619837,-89.5342076,America/Chicago,0.0,0.0,0.0,0,0,0,2024-11-09T20:00:00+00:00,18.8,2.2,5.4,,0.4,0.4,0.0,1,0,100,51,open_air,open_air,0,0,1,open-meteo-era5,ok
2024,2,11,401628415,2024-11-09,18:45,2024-11-10T00:45:00+00:00,Oklahoma Sooners,Missouri Tigers,Memorial Stadium,0,ambiguous_schedule_stadium,,,America/Chicago,,35.2058537,-97.4423145,America/Chicago,,,,,,38.9358491,-92.3332009,America/Chicago,,,,,,,,,,,,,,,,,,,open_air,,,,,,venue_unresolved
2024,2,11,401628416,2024-11-09,19:00,2024-11-10T00:00:00+00:00,Mississippi State Bulldogs,Tennessee Volunteers,Neyland Stadium,0,resolved_schedule_stadium,35.9550131,-83.9250128,America/New_York,USA,33.4563403,-88.7933652,America/Chicago,325.9,1.0,1.0,0,1,35.9550131,-83.9250128,America/New_York,0.0,0.0,0.0,0,0,0,2024-11-10T00:00:00+00:00,20.1,0.07,2.8,,0.0,0.0,0.0,0,0,61,3,open_air,open_air,0,0,1,open-meteo-era5,ok
2024,2,11,401628417,2024-11-09,11:00,2024-11-09T17:00:00+00:00,Florida Gators,Texas Longhorns,DKR-Texas Memorial Stadium,0,resolved_schedule_stadium,30.2836813,-97.7325345,America/Chicago,USA,29.6499357,-82.3485788,America/New_York,921.2,-1.0,1.0,1,0,30.2836813,-97.7325345,America/Chicago,0.0,0.0,0.0,0,0,0,2024-11-09T17:00:00+00:00,22.0,3.35,8.1,,0.0,0.0,0.0,0,0,32,0,open_air,open_air,0,0,1,open-meteo-era5,ok
2024,2,11,401628418,2024-11-09,15:15,2024-11-09T21:15:00+00:00,South Carolina Gamecocks,Vanderbilt Commodores,FirstBank Stadium,0,resolved_schedule_stadium,36.1440455,-86.8088942,America/Chicago,USA,33.9730239,-81.0191726,America/New_York,360.1,-1.0,1.0,1,0,36.1440455,-86.8088942,America/Chicago,0.0,0.0,0.0,0,0,0,2024-11-09T21:00:00+00:00,17.6,0.92,3.9,,0.0,0.0,0.0,0,0,81,3,open_air,open_air,0,0,1,open-meteo-era5,ok
2024,2,11,401628541,2024-11-09,15:30,2024-11-09T20:30:00+00:00,Michigan Wolverines,Indiana Hoosiers,"Memorial Stadium (Bloomington, IN)",0,resolved_schedule_stadium_timezone,39.1808959,-86.5256217,America/Indiana/Indianapolis,USA,42.2658365,-83.7486956,America/Detroit,258.0,0.0,0.0,1,0,39.1808959,-86.5256217,America/Indiana/Indianapolis,0.0,0.0,0.0,0,0,0,2024-11-09T20:00:00+00:00,15.6,3.23,7.6,,0.0,0.0,0.0,0,0,49,3,open_air,open_air,0,0,1,open-meteo-era5,ok
2024,2,11,401628543,2024-11-09,16:00,2024-11-10T00:00:00+00:00,Maryland Terrapins,Oregon Ducks,Autzen Stadium,0,resolved_schedule_stadium,44.0582712,-123.0684883,America/Los_Angeles,USA,38.9903332,-76.9473792,America/New_York,2379.8,-3.0,3.0,1,0,44.0582712,-123.0684883,America/Los_Angeles,0.0,0.0,0.0,0,0,0,2024-11-10T00:00:00+00:00,14.6,1.11,2.5,,0.0,0.0,0.0,0,0,71,3,open_air,open_air,0,0,1,open-meteo-era5,ok
2024,2,11,401628544,2024-11-09,12:00,2024-11-09T17:00:00+00:00,Minnesota Golden Gophers,Rutgers Scarlet Knights,SHI Stadium,0,resolved_schedule_stadium,40.5462553,-74.4660408,America/New_York,USA,44.976525,-93.2245462,America/Chicago,996.9,1.0,1.0,0,1,40.5462553,-74.4660408,America/New_York,0.0,0.0,0.0,0,0,0,2024-11-09T17:00:00+00:00,12.0,2.57,7.5,,0.0,0.0,0.0,0,0,23,0,open_air,open_air,0,0,1,open-meteo-era5,ok
2024,2,11,401628545,2024-11-09,12:00,2024-11-09T17:00:00+00:00,Purdue Boilermakers,Ohio State Buckeyes,Ohio Stadium,0,resolved_schedule_stadium,40.0016447,-83.0197266,America/New_York,USA,40.4352253,-86.9186843,America/Indiana/Indianapolis,207.9,0.0,0.0,0,1,40.0016447,-83.0197266,America/New_York,0.0,0.0,0.0,0,0,0,2024-11-09T17:00:00+00:00,13.0,3.77,8.1,,0.0,0.0,0.0,0,0,45,3,open_air,open_air,0,0,1,open-meteo-era5,ok
2024,2,11,401628546,2024-11-09,20:00,2024-11-10T01:00:00+00:00,Washington Huskies,Penn State Nittany Lions,Beaver Stadium,0,resolved_schedule_stadium,40.8121958,-77.8561023,America/New_York,USA,47.6503235,-122.3015746,America/Los_Angeles,2218.6,3.0,3.0,0,1,40.8121958,-77.8561023,America/New_York,0.0,0.0,0.0,0,0,0,2024-11-10T01:00:00+00:00,4.5,1.71,3.2,,0.0,0.0,0.0,0,0,57,2,open_air,open_air,0,0,1,open-meteo-era5,ok
2024,2,11,401628680,2024-11-09,13:00,2024-11-09T18:00:00+00:00,Rhode Island Rams,Delaware Blue Hens,Delaware Stadium,0,resolved_schedule_stadium,39.6617428,-75.7488224,America/New_York,USA,,,,,,,,,39.6617428,-75.7488224,America/New_York,0.0,0.0,0.0,0,0,0,2024-11-09T18:00:00+00:00,13.2,2.26,6.5,,0.0,0.0,0.0,0,0,24,0,open_air,open_air,0,0,1,open-meteo-era5,ok
2024,2,11,401628984,2024-11-09,19:30,2024-11-10T00:30:00+00:00,Florida State Seminoles,Notre Dame Fighting Irish,Notre Dame Stadium,0,resolved_schedule_stadium,41.698378,-86.2339425,America/Indiana/Indianapolis,USA,30.4381692,-84.3044032,America/New_York,785.4,0.0,0.0,1,0,41.698378,-86.2339425,America/Indiana/Indianapolis,0.0,0.0,0.0,0,0,0,2024-11-10T00:00:00+00:00,10.5,4.43,10.4,,0.0,0.0,0.0,0,0,61,2,open_air,open_air,0,0,1,open-meteo-era5,ok
2024,2,11,401629037,2024-11-09,13:30,2024-11-09T19:30:00+00:00,UConn Huskies,UAB Blazers,Protective Stadium,0,resolved_schedule_stadium,33.5206824,-86.8024326,America/Chicago,USA,41.7595675,-72.6187728,America/New_York,960.3,-1.0,1.0,1,0,33.5206824,-86.8024326,America/Chicago,0.0,0.0,0.0,0,0,0,2024-11-09T19:00:00+00:00,23.2,2.94,8.0,,0.3,0.3,0.0,1,0,87,51,open_air,open_air,0,0,1,open-meteo-era5,ok
2024,2,11,401629045,2024-11-09,14:30,2024-11-09T20:30:00+00:00,Army Black Knights,North Texas Mean Green,DATCU Stadium,0,resolved_schedule_stadium,33.203899,-97.159245,America/Chicago,USA,41.3874924,-73.9640891,America/New_York,1389.0,-1.0,1.0,1,0,33.203899,-97.159245,America/Chicago,0.0,0.0,0.0,0,0,0,2024-11-09T20:00:00+00:00,21.9,1.41,4.3,,0.0,0.0,0.0,0,0,34,0,open_air,open_air,0,0,1,open-meteo-era5,ok
2024,2,11,401634120,2024-11-09,20:00,2024-11-10T02:00:00+00:00,Sacramento State Hornets,Montana State Bobcats,Bobcat Stadium (MT),0,resolved_schedule_stadium,29.8910008,-97.9255735,America/Chicago,USA,38.5556718,-121.4229607,America/Los_Angeles,1464.3,2.0,2.0,0,1,,,,,,,,,0,2024-11-10T02:00:00+00:00,18.7,1.77,2.9,,0.0,0.0,0.0,0,0,52,0,,open_air,0,0,1,open-meteo-era5,ok
2024,2,11,401634187,2024-11-09,19:00,,Missouri State Bears,Murray State Racers,Roy Stewart Stadium,0,unresolved_schedule_stadium,,,,,37.1976229,-93.2798119,America/Chicago,,,,,,,,,,,,,,,,,,,,,,,,,,,,,,,,,venue_unresolved
2024,2,11,401635606,2024-11-09,12:00,2024-11-09T17:00:00+00:00,Syracuse Orange,Boston College Eagles,"Alumni Stadium (Chestnut Hill, MA)",0,resolved_schedule_stadium,42.335104,-71.1664413,America/New_York,USA,43.0362269,-76.1363161,America/New_York,257.0,0.0,0.0,0,1,42.335104,-71.1664413,America/New_York,0.0,0.0,0.0,0,0,0,2024-11-09T17:00:00+00:00,10.0,4.99,12.6,,0.0,0.0,0.0,0,0,27,0,open_air,open_air,0,0,1,open-meteo-era5,ok
2024,2,11,401635607,2024-11-09,15:35,2024-11-09T20:35:00+00:00,Clemson Tigers,Virginia Tech Hokies,Lane Stadium,0,resolved_schedule_stadium,37.2199873,-80.4180643,America/New_York,USA,34.6787737,-82.8432428,America/New_York,221.9,0.0,0.0,0,1,37.2199873,-80.4180643,America/New_York,0.0,0.0,0.0,0,0,0,2024-11-09T21:00:00+00:00,16.0,3.06,7.6,,0.0,0.0,0.0,0,0,30,2,open_air,open_air,0,0,1,open-meteo-era5,ok
2024,2,11,401635608,2024-11-09,15:30,2024-11-09T20:30:00+00:00,Duke Blue Devils,NC State Wolfpack,Carter-Finley Stadium,0,resolved_schedule_stadium,35.8008001,-78.7195655,America/New_York,USA,35.9953688,-78.9417564,America/New_York,18.3,0.0,0.0,0,1,35.8008001,-78.7195655,America/New_York,0.0,0.0,0.0,0,0,0,2024-11-09T20:00:00+00:00,18.5,3.42,8.0,,0.0,0.0,0.0,0,0,39,0,open_air,open_air,0,0,1,open-meteo-era5,ok
2024,2,11,401635609,2024-11-09,12:00,2024-11-09T17:00:00+00:00,Miami Hurricanes,Georgia Tech Yellow Jackets,Bobby Dodd Stadium,0,resolved_schedule_stadium,33.7724449,-84.3928054,America/New_York,USA,25.9579665,-80.2388604,America/New_York,594.4,0.0,0.0,1,0,33.7724449,-84.3928054,America/New_York,0.0,0.0,0.0,0,0,0,2024-11-09T17:00:00+00:00,21.4,5.3,11.4,,0.0,0.0,0.0,0,0,73,3,open_air,open_air,0,0,1,open-meteo-era5,ok
2024,2,11,401635610,2024-11-09,20:00,2024-11-10T01:00:00+00:00,Virginia Cavaliers,Pittsburgh Panthers,Acrisure Stadium,0,resolved_schedule_stadium,40.4467648,-80.0157603,America/New_York,USA,38.0311801,-78.5137897,America/New_York,185.2,0.0,0.0,1,0,40.4467648,-80.0157603,America/New_York,0.0,0.0,0.0,0,0,0,2024-11-10T01:00:00+00:00,9.9,3.6,5.9,,0.0,0.0,0.0,0,0,38,2,open_air,open_air,0,0,1,open-meteo-era5,ok
2024,2,11,401636917,2024-11-09,17:00,2024-11-10T00:00:00+00:00,UCF Knights,Arizona State Sun Devils,Mountain America Stadium,0,resolved_schedule_stadium,33.4264471,-111.9325005,America/Phoenix,USA,28.6079765,-81.1927233,America/New_York,1843.5,-2.0,2.0,1,0,33.4264471,-111.9325005,America/Phoenix,0.0,0.0,0.0,0,0,0,2024-11-10T00:00:00+00:00,23.8,1.75,1.9,,0.0,0.0,0.0,0,0,7,0,open_air,open_air,0,0,1,open-meteo-era5,ok
2024,2,11,401636918,2024-11-09,12:00,2024-11-09T17:00:00+00:00,West Virginia Mountaineers,Cincinnati Bearcats,Nippert Stadium,0,resolved_schedule_stadium,39.1312495,-84.5161913,America/New_York,USA,39.6502744,-79.9551873,America/New_York,246.1,0.0,0.0,1,0,39.1312495,-84.5161913,America/New_York,0.0,0.0,0.0,0,0,0,2024-11-09T17:00:00+00:00,13.6,3.9,8.5,,0.0,0.0,0.0,0,0,54,3,open_air,open_air,0,0,1,open-meteo-era5,ok
2024,2,11,401636919,2024-11-09,14:30,2024-11-09T20:30:00+00:00,Iowa State Cyclones,Kansas Jayhawks,Memorial Stadium,0,ambiguous_schedule_stadium,,,America/Chicago,,42.0139977,-93.6357716,America/Chicago,,,,,,38.9629418,-95.2463686,America/Chicago,,,,,,,,,,,,,,,,,,,open_air,,,,,,venue_unresolved
2024,2,11,401636920,2024-11-09,18:00,2024-11-10T00:00:00+00:00,Oklahoma State Cowboys,TCU Horned Frogs,Amon G. Carter Stadium,0,resolved_schedule_stadium,32.7096604,-97.3680835,America/Chicago,USA,36.125673,-97.066513,America/Chicago,236.7,0.0,0.0,1,0,32.7096604,-97.3680835,America/Chicago,0.0,0.0,0.0,0,0,0,2024-11-10T00:00:00+00:00,17.9,2.68,2.7,,0.0,0.0,0.0,0,0,50,0,open_air,open_air,0,0,1,open-meteo-era5,ok
2024,2,11,401636921,2024-11-09,15:00,2024-11-09T21:00:00+00:00,Colorado Buffaloes,Texas Tech Red Raiders,Jones AT&T Stadium,0,resolved_schedule_stadium,33.5910518,-101.8728824,America/Chicago,USA,40.0094746,-105.266905,America/Denver,481.5,1.0,1.0,0,1,33.5910518,-101.8728824,America/Chicago,0.0,0.0,0.0,0,0,0,2024-11-09T21:00:00+00:00,17.7,6.09,10.4,,0.0,0.0,0.0,0,0,32,0,open_air,open_air,0,0,1,open-meteo-era5,ok
2024,2,11,401636922,2024-11-09,20:15,2024-11-10T03:15:00+00:00,BYU Cougars,Utah Utes,Rice-Eccles Stadium,0,resolved_schedule_stadium,40.7599724,-111.8488255,America/Denver,USA,40.2575347,-111.6545247,America/Denver,36.2,0.0,0.0,1,0,40.7599724,-111.8488255,America/Denver,0.0,0.0,0.0,0,0,0,2024-11-10T03:00:00+00:00,3.1,2.17,4.0,,0.0,0.0,0.0,0,0,78,0,open_air,open_air,0,0,1,open-meteo-era5,ok
2024,2,11,401640995,2024-11-09,12:00,2024-11-09T18:00:00+00:00,Liberty Flames,Middle Tennessee Blue Raiders,"Johnny ""Red"" Floyd Stadium",0,resolved_schedule_stadium,35.8511463,-86.3681649,America/Chicago,USA,37.3544305,-79.1750239,America/New_York,412.2,-1.0,1.0,1,0,35.8511463,-86.3681649,America/Chicago,0.0,0.0,0.0,0,0,0,2024-11-09T18:00:00+00:00,19.7,2.14,4.0,,0.4,0.4,0.0,1,0,82,51,open_air,open_air,0,0,1,open-meteo-era5,ok
2024,2,11,401641004,2024-11-09,15:30,2024-11-09T21:30:00+00:00,Jacksonville State Gamecocks,Louisiana Tech Bulldogs,Joe Aillet Stadium,0,resolved_schedule_stadium,32.5321487,-92.6560019,America/Chicago,USA,33.8201052,-85.76647,America/Chicago,408.2,0.0,0.0,1,0,32.5321487,-92.6560019,America/Chicago,0.0,0.0,0.0,0,0,0,2024-11-09T21:00:00+00:00,21.3,2.12,3.9,,1.2,1.2,0.0,1,0,100,55,open_air,open_air,0,0,1,open-meteo-era5,ok
2024,2,11,401641021,2024-11-09,14:00,2024-11-09T21:00:00+00:00,Kennesaw State Owls,UTEP Miners,Sun Bowl,0,resolved_schedule_stadium,31.7733353,-106.507957,America/Denver,USA,34.0289318,-84.5676234,America/New_York,1279.8,-2.0,2.0,1,0,31.7733353,-106.507957,America/Denver,0.0,0.0,0.0,0,0,0,2024-11-09T21:00:00+00:00,17.0,2.19,5.5,,0.0,0.0,0.0,0,0,20,0,open_air,open_air,0,0,1,open-meteo-era5,ok
2024,2,11,401641036,2024-11-09,16:00,2024-11-09T23:00:00+00:00,Western Kentucky Hilltoppers,New Mexico State Aggies,Aggie Memorial Stadium,0,resolved_schedule_stadium,32.2796202,-106.7411148,America/Denver,USA,36.9847901,-86.4594041,America/Chicago,1195.4,-1.0,1.0,1,0,32.2796202,-106.7411148,America/Denver,0.0,0.0,0.0,0,0,0,2024-11-09T23:00:00+00:00,18.3,2.4,3.9,,0.0,0.0,0.0,0,0,16,0,open_air,open_air,0,0,1,open-meteo-era5,ok
2024,2,11,401643751,2024-11-09,19:45,2024-11-10T02:45:00+00:00,Fresno State Bulldogs,Air Force Falcons,Falcon Stadium,0,resolved_schedule_stadium,38.9969701,-104.8436165,America/Denver,USA,36.8143527,-119.7580092,America/Los_Angeles,826.0,1.0,1.0,0,1,38.9969701,-104.8436165,America/Denver,0.0,0.0,0.0,0,0,0,2024-11-10T03:00:00+00:00,-0.6,1.92,5.1,,0.0,0.0,0.0,0,0,85,0,open_air,open_air,0,0,1,open-meteo-era5,ok
2024,2,11,401643752,2024-11-09,18:00,2024-11-10T01:00:00+00:00,Nevada Wolf Pack,Boise State Broncos,Albertsons Stadium,0,resolved_schedule_stadium,43.6028839,-116.1958882,America/Boise,USA,39.5469459,-119.8175435,America/Los_Angeles,336.9,1.0,1.0,0,1,43.6028839,-116.1958882,America/Boise,0.0,0.0,0.0,0,0,0,2024-11-10T01:00:00+00:00,9.6,1.92,2.0,,0.0,0.0,0.0,0,0,53,2,open_air,open_air,0,0,1,open-meteo-era5,ok
2024,2,11,401643753,2024-11-09,16:00,2024-11-10T02:00:00+00:00,UNLV Rebels,Hawai'i Rainbow Warriors,Clarence T.C. Ching Athletics Complex,0,resolved_schedule_stadium,21.294294,-157.819338,Pacific/Honolulu,USA,36.0908,-115.1830,America/Los_Angeles,2752.8,-2.0,2.0,1,0,21.294294,-157.819338,Pacific/Honolulu,0.0,0.0,0.0,0,0,0,2024-11-10T02:00:00+00:00,25.2,8.46,13.7,,0.0,0.0,0.0,0,0,77,0,open_air,open_air,0,0,1,open-meteo-era5,ok
2024,2,11,401643755,2024-11-09,12:30,2024-11-09T20:30:00+00:00,San José State Spartans,Oregon State Beavers,Reser Stadium,0,resolved_schedule_stadium,44.5594559,-123.2814341,America/Los_Angeles,USA,37.3196675,-121.8682962,America/Los_Angeles,505.6,0.0,0.0,1,0,44.5594559,-123.2814341,America/Los_Angeles,0.0,0.0,0.0,0,0,0,2024-11-09T20:00:00+00:00,12.9,0.85,3.4,,0.0,0.0,0.0,0,0,66,3,open_air,open_air,0,0,1,open-meteo-era5,ok
2024,2,11,401643756,2024-11-09,19:30,2024-11-10T03:30:00+00:00,Utah State Aggies,Washington State Cougars,Gesa Field,0,resolved_schedule_stadium,46.731831,-117.1604991,America/Los_Angeles,USA,41.7517394,-111.8116007,America/Denver,433.9,-1.0,1.0,1,0,46.731831,-117.1604991,America/Los_Angeles,0.0,0.0,0.0,0,0,0,2024-11-10T03:00:00+00:00,7.1,0.76,2.6,,0.0,0.0,0.0,0,0,74,3,open_air,open_air,0,0,1,open-meteo-era5,ok
2024,2,11,401643826,2024-11-09,15:30,2024-11-09T20:30:00+00:00,Georgia State Panthers,James Madison Dukes,Bridgeforth Stadium,0,resolved_schedule_stadium,38.4352919,-78.8729349,America/New_York,USA,33.735267,-84.389949,America/New_York,447.4,0.0,0.0,0,1,38.4352919,-78.8729349,America/New_York,0.0,0.0,0.0,0,0,0,2024-11-09T20:00:00+00:00,14.3,1.51,4.7,,0.0,0.0,0.0,0,0,33,3,open_air,open_air,0,0,1,open-meteo-era5,ok
2024,2,11,401643827,2024-11-09,16:00,2024-11-09T22:00:00+00:00,Arkansas State Red Wolves,Louisiana Ragin' Cajuns,Cajun Field,0,resolved_schedule_stadium,30.2158434,-92.0417371,America/Chicago,USA,35.8488977,-90.6677436,America/Chicago,397.3,0.0,0.0,1,0,30.2158434,-92.0417371,America/Chicago,0.0,0.0,0.0,0,0,0,2024-11-09T22:00:00+00:00,25.0,2.53,6.0,,1.6,1.6,0.0,1,0,87,61,open_air,open_air,0,0,1,open-meteo-era5,ok
2024,2,11,401643828,2024-11-09,11:00,2024-11-09T17:00:00+00:00,Texas State Bobcats,UL Monroe Warhawks,Malone Stadium,0,resolved_schedule_stadium,32.5308089,-92.0660602,America/Chicago,USA,29.8910008,-97.9255735,America/Chicago,391.3,0.0,0.0,0,1,32.5308089,-92.0660602,America/Chicago,0.0,0.0,0.0,0,0,0,2024-11-09T17:00:00+00:00,22.8,4.62,8.1,,0.2,0.2,0.0,1,0,90,51,open_air,open_air,0,0,1,open-meteo-era5,ok
2024,2,11,401643829,2024-11-09,14:00,2024-11-09T20:00:00+00:00,Marshall Thundering Herd,Southern Miss Golden Eagles,M. M. Roberts Stadium,0,resolved_schedule_stadium,31.3289321,-89.3318118,America/Chicago,USA,38.4247042,-82.4214412,America/New_York,627.1,-1.0,1.0,1,0,31.3289321,-89.3318118,America/Chicago,0.0,0.0,0.0,0,0,0,2024-11-09T20:00:00+00:00,29.5,3.78,9.7,,0.0,0.0,0.0,0,0,52,2,open_air,open_air,0,0,1,open-meteo-era5,ok
2024,2,11,401645363,2024-11-09,12:00,2024-11-09T17:00:00+00:00,Navy Midshipmen,South Florida Bulls,Raymond James Stadium,0,resolved_schedule_stadium,27.9758691,-82.5033344,America/New_York,USA,38.9846985,-76.5076335,America/New_York,834.9,0.0,0.0,1,0,27.9758691,-82.5033344,America/New_York,0.0,0.0,0.0,0,0,0,2024-11-09T17:00:00+00:00,28.4,3.44,8.9,,0.1,0.1,0.0,1,0,66,51,open_air,open_air,0,0,1,open-meteo-era5,ok
2024,2,11,401645364,2024-11-09,15:00,2024-11-09T21:00:00+00:00,Temple Owls,Tulane Green Wave,Yulman Stadium,0,resolved_schedule_stadium,29.944616,-90.116692,America/Chicago,USA,39.9007995,-75.1675414,America/New_York,1088.4,-1.0,1.0,1,0,29.944616,-90.116692,America/Chicago,0.0,0.0,0.0,0,0,0,2024-11-09T21:00:00+00:00,26.5,7.56,13.4,,0.1,0.1,0.0,1,0,81,51,open_air,open_air,0,0,1,open-meteo-era5,ok
2024,2,12,401644763,2024-11-12,19:00,2024-11-13T00:00:00+00:00,Ball State Cardinals,Buffalo Bulls,UB Stadium,0,resolved_schedule_stadium,42.9991334,-78.7775113,America/New_York,USA,40.2159422,-85.4161148,America/Indiana/Indianapolis,393.0,0.0,0.0,0,1,42.9991334,-78.7775113,America/New_York,0.0,0.0,0.0,0,0,0,2024-11-13T00:00:00+00:00,3.1,1.8,4.1,,0.0,0.0,0.0,0,0,68,1,open_air,open_air,0,0,1,open-meteo-era5,ok
2024,2,12,401644764,2024-11-12,19:00,2024-11-13T00:00:00+00:00,Western Michigan Broncos,Bowling Green Falcons,Doyt L. Perry Stadium,0,resolved_schedule_stadium,41.3780114,-83.6225,America/New_York,USA,42.2860064,-85.6007573,America/Detroit,119.6,0.0,0.0,0,1,41.3780114,-83.6225,America/New_York,0.0,0.0,0.0,0,0,0,2024-11-13T00:00:00+00:00,4.7,2.49,6.0,,0.0,0.0,0.0,0,0,72,0,open_air,open_air,0,0,1,open-meteo-era5,ok
2024,2,12,401644765,2024-11-12,19:00,2024-11-13T00:00:00+00:00,Central Michigan Chippewas,Toledo Rockets,Glass Bowl,0,resolved_schedule_stadium,41.6574777,-83.6135652,America/New_York,USA,43.5777313,-84.7709904,America/Detroit,145.1,0.0,0.0,0,1,41.6574777,-83.6135652,America/New_York,0.0,0.0,0.0,0,0,0,2024-11-13T00:00:00+00:00,5.4,2.88,6.5,,0.0,0.0,0.0,0,0,73,0,open_air,open_air,0,0,1,open-meteo-era5,ok
2024,2,12,401644689,2024-11-13,19:00,2024-11-14T00:00:00+00:00,Kent State Golden Flashes,Miami (OH) RedHawks,Yager Stadium,0,resolved_schedule_stadium,39.5197009,-84.7330255,America/New_York,USA,41.1390935,-81.31346,America/New_York,212.0,0.0,0.0,1,0,39.5197009,-84.7330255,America/New_York,0.0,0.0,0.0,0,0,0,2024-11-14T00:00:00+00:00,12.3,2.69,7.6,,0.0,0.0,0.0,0,0,65,3,open_air,open_air,0,0,1,open-meteo-era5,ok
2024,2,12,401644766,2024-11-13,18:00,2024-11-14T00:00:00+00:00,Akron Zips,Northern Illinois Huskies,Huskie Stadium,0,resolved_schedule_stadium,41.9339586,-88.7778357,America/Chicago,USA,41.0725534,-81.5083408,America/New_York,380.7,-1.0,1.0,1,0,41.9339586,-88.7778357,America/Chicago,0.0,0.0,0.0,0,0,0,2024-11-14T00:00:00+00:00,9.6,3.83,8.1,,0.1,0.1,0.0,1,0,66,51,open_air,open_air,0,0,1,open-meteo-era5,ok
2024,2,12,401644767,2024-11-13,19:00,2024-11-14T00:00:00+00:00,Eastern Michigan Eagles,Ohio Bobcats,Peden Stadium,0,resolved_schedule_stadium,39.3212794,-82.1034315,America/New_York,USA,42.256126,-83.647285,America/Detroit,218.3,0.0,0.0,0,1,39.3212794,-82.1034315,America/New_York,0.0,0.0,0.0,0,0,0,2024-11-14T00:00:00+00:00,13.5,4.3,7.0,,0.0,0.0,0.0,0,0,36,3,open_air,open_air,0,0,1,open-meteo-era5,ok
2024,2,12,401645365,2024-11-14,18:30,2024-11-15T00:30:00+00:00,East Carolina Pirates,Tulsa Golden Hurricane,Chapman Stadium,0,resolved_schedule_stadium,36.1489175,-95.9437853,America/Chicago,USA,35.5968486,-77.364564,America/New_York,1039.3,-1.0,1.0,1,0,36.1489175,-95.9437853,America/Chicago,0.0,0.0,0.0,0,0,0,2024-11-15T00:00:00+00:00,13.2,1.9,3.0,,0.0,0.0,0.0,0,0,50,0,open_air,open_air,0,0,1,open-meteo-era5,ok
2024,2,12,401628553,2024-11-15,18:00,2024-11-16T02:00:00+00:00,UCLA Bruins,Washington Huskies,Husky Stadium,0,resolved_schedule_stadium,47.6503235,-122.3015746,America/Los_Angeles,USA,34.1613284,-118.1676462,America/Los_Angeles,956.3,0.0,0.0,1,0,47.6503235,-122.3015746,America/Los_Angeles,0.0,0.0,0.0,0,0,0,2024-11-16T02:00:00+00:00,6.5,1.14,1.4,,0.0,0.0,0.0,0,0,80,1,open_air,open_air,0,0,1,open-meteo-era5,ok
2024,2,12,401636923,2024-11-15,20:15,2024-11-16T03:15:00+00:00,Houston Cougars,Arizona Wildcats,Arizona Stadium,0,resolved_schedule_stadium,32.2288054,-110.9488677,America/Phoenix,USA,29.7219885,-95.3491623,America/Chicago,939.3,-1.0,1.0,1,0,32.2288054,-110.9488677,America/Phoenix,0.0,0.0,0.0,0,0,0,2024-11-16T03:00:00+00:00,17.3,2.75,5.3,,0.0,0.0,0.0,0,0,38,0,open_air,open_air,0,0,1,open-meteo-era5,ok
2024,2,12,401643759,2024-11-15,18:00,2024-11-16T01:00:00+00:00,Wyoming Cowboys,Colorado State Rams,Canvas Stadium,0,resolved_schedule_stadium,40.570015,-105.088435,America/Denver,USA,41.31161,-105.5681384,America/Denver,57.0,0.0,0.0,0,1,40.570015,-105.088435,America/Denver,0.0,0.0,0.0,0,0,0,2024-11-16T01:00:00+00:00,6.9,0.59,1.7,,0.0,0.0,0.0,0,0,49,0,open_air,open_air,0,0,1,open-meteo-era5,ok
2024,2,12,401645366,2024-11-15,19:00,2024-11-16T01:00:00+00:00,North Texas Mean Green,UTSA Roadrunners,Alamodome,0,resolved_schedule_stadium,29.4169834,-98.4788143,America/Chicago,USA,33.203899,-97.159245,America/Chicago,273.0,0.0,0.0,1,0,29.4169834,-98.4788143,America/Chicago,0.0,0.0,0.0,0,0,0,2024-11-16T01:00:00+00:00,18.5,2.5,4.0,,0.0,0.0,0.0,0,0,40,0,dome,dome,1,0,0,open-meteo-era5,ok
2024,2,12,401628419,2024-11-16,11:00,2024-11-16T17:00:00+00:00,Texas Longhorns,Arkansas Razorbacks,Razorback Stadium,0,resolved_schedule_stadium,36.0680662,-94.1789534,America/Chicago,USA,30.2836813,-97.7325345,America/Chicago,449.3,0.0,0.0,0,1,36.0680662,-94.1789534,America/Chicago,0.0,0.0,0.0,0,0,0,2024-11-16T17:00:00+00:00,14.8,4.37,11.4,,0.0,0.0,0.0,0,0,64,3,open_air,open_air,0,0,1,open-meteo-era5,ok
2024,2,12,401628420,2024-11-16,15:30,2024-11-16T20:30:00+00:00,LSU Tigers,Florida Gators,Ben Hill Griffin Stadium,0,resolved_schedule_stadium,29.6499357,-82.3485788,America/New_York,USA,30.412035,-91.1838163,America/Chicago,531.0,1.0,1.0,0,1,29.6499357,-82.3485788,America/New_York,0.0,0.0,0.0,0,0,0,2024-11-16T20:00:00+00:00,24.3,1.91,5.4,,0.0,0.0,0.0,0,0,48,0,open_air,open_air,0,0,1,open-meteo-era5,ok
2024,2,12,401628421,2024-11-16,19:30,2024-11-17T00:30:00+00:00,Tennessee Volunteers,Georgia Bulldogs,Sanford Stadium,0,resolved_schedule_stadium,33.9498197,-83.3733813,America/New_York,USA,35.9550131,-83.9250128,America/New_York,142.0,0.0,0.0,0,1,33.9498197,-83.3733813,America/New_York,0.0,0.0,0.0,0,0,0,2024-11-17T00:00:00+00:00,12.0,1.87,3.2,,0.0,0.0,0.0,0,0,88,0,open_air,open_air,0,0,1,open-meteo-era5,ok
2024,2,12,401628422,2024-11-16,13:30,2024-11-16T18:30:00+00:00,Murray State Racers,Kentucky Wildcats,Kroger Field,0,resolved_schedule_stadium,38.0220905,-84.5053408,America/New_York,USA,,,,,,,,,38.0220905,-84.5053408,America/New_York,0.0,0.0,0.0,0,0,0,2024-11-16T18:00:00+00:00,11.2,1.75,5.2,,0.0,0.0,0.0,0,0,66,1,open_air,open_air,0,0,1,open-meteo-era5,ok
2024,2,12,401628423,2024-11-16,16:15,2024-11-16T21:15:00+00:00,Missouri Tigers,South Carolina Gamecocks,Williams-Brice Stadium,0,resolved_schedule_stadium,33.9730239,-81.0191726,America/New_York,USA,38.9358491,-92.3332009,America/Chicago,715.4,1.0,1.0,0,1,33.9730239,-81.0191726,America/New_York,0.0,0.0,0.0,0,0,0,2024-11-16T21:00:00+00:00,19.5,0.86,1.9,,0.0,0.0,0.0,0,0,52,0,open_air,open_air,0,0,1,open-meteo-era5,ok
2024,2,12,401628424,2024-11-16,18:45,2024-11-17T00:45:00+00:00,New Mexico State Aggies,Texas A&M Aggies,Kyle Field,0,resolved_schedule_stadium,30.6098891,-96.3403828,America/Chicago,USA,32.2796202,-106.7411148,America/Denver,623.6,1.0,1.0,0,1,30.6098891,-96.3403828,America/Chicago,0.0,0.0,0.0,0,0,0,2024-11-17T01:00:00+00:00,22.2,4.21,6.6,,0.0,0.0,0.0,0,0,71,3,open_air,open_air,0,0,1,open-meteo-era5,ok
2024,2,12,401628425,2024-11-16,13:00,2024-11-16T19:00:00+00:00,Mercer Bears,Alabama Crimson Tide,Bryant-Denny Stadium,0,resolved_schedule_stadium,33.2082752,-87.5503836,America/Chicago,USA,,,,,,,,,33.2082752,-87.5503836,America/Chicago,0.0,0.0,0.0,0,0,0,2024-11-16T19:00:00+00:00,20.2,0.25,2.9,,0.0,0.0,0.0,0,0,53,0,open_air,open_air,0,0,1,open-meteo-era5,ok
2024,2,12,401628426,2024-11-16,11:45,2024-11-16T17:45:00+00:00,UL Monroe Warhawks,Auburn Tigers,Jordan-Hare Stadium,0,resolved_schedule_stadium,32.6025532,-85.4897479,America/Chicago,USA,32.5308089,-92.0660602,America/Chicago,382.9,0.0,0.0,0,1,32.6025532,-85.4897479,America/Chicago,0.0,0.0,0.0,0,0,0,2024-11-16T18:00:00+00:00,20.1,0.96,3.6,,0.0,0.0,0.0,0,0,52,0,open_air,open_air,0,0,1,open-meteo-era5,ok
2024,2,12,401628547,2024-11-16,13:30,2024-11-16T19:30:00+00:00,Michigan State Spartans,Illinois Fighting Illini,"Memorial Stadium (Champaign, IL)",0,ambiguous_schedule_stadium,,,America/Chicago,,42.7281474,-84.4848526,America/Detroit,,,,,,40.0993268,-88.2359569,America/Chicago,,,,,,,,,,,,,,,,,,,open_air,,,,,,venue_unresolved
2024,2,12,401628548,2024-11-16,18:00,2024-11-16T23:00:00+00:00,Rutgers Scarlet Knights,Maryland Terrapins,SECU Stadium,0,resolved_schedule_stadium,38.9903332,-76.9473792,America/New_York,USA,40.5462553,-74.4660408,America/New_York,170.1,0.0,0.0,1,0,38.9903332,-76.9473792,America/New_York,0.0,0.0,0.0,0,0,0,2024-11-16T23:00:00+00:00,12.2,3.45,7.6,,0.0,0.0,0.0,0,0,55,0,open_air,open_air,0,0,1,open-meteo-era5,ok
2024,2,12,401628549,2024-11-16,13:00,2024-11-16T21:00:00+00:00,Nebraska Cornhuskers,USC Trojans,Los Angeles Memorial Coliseum,0,resolved_schedule_stadium,34.014167,-118.287778,America/Los_Angeles,USA,40.820682,-96.705594,America/Chicago,1270.1,-2.0,2.0,1,0,34.014167,-118.287778,America/Los_Angeles,0.0,0.0,0.0,0,0,0,2024-11-16T21:00:00+00:00,19.4,2.24,7.2,,0.0,0.0,0.0,0,0,27,0,open_air,open_air,0,0,1,open-meteo-era5,ok
2024,2,12,401628550,2024-11-16,11:00,2024-11-16T17:00:00+00:00,Ohio State Buckeyes,Northwestern Wildcats,Ryan Field,0,resolved_schedule_stadium,42.0653994,-87.6924751,America/Chicago,USA,40.0016447,-83.0197266,America/New_York,282.2,-1.0,1.0,1,0,42.0653994,-87.6924751,America/Chicago,0.0,0.0,0.0,0,0,0,2024-11-16T17:00:00+00:00,9.9,5.33,10.1,,0.0,0.0,0.0,0,0,68,3,open_air,open_air,0,0,1,open-meteo-era5,ok
2024,2,12,401628551,2024-11-16,18:30,2024-11-17T00:30:00+00:00,Oregon Ducks,Wisconsin Badgers,Camp Randall Stadium,0,resolved_schedule_stadium,43.06994,-89.4126943,America/Chicago,USA,44.0582712,-123.0684883,America/Los_Angeles,1674.6,2.0,2.0,0,1,43.06994,-89.4126943,America/Chicago,0.0,0.0,0.0,0,0,0,2024-11-17T00:00:00+00:00,7.7,5.08,10.4,,0.0,0.0,0.0,0,0,77,3,open_air,open_air,0,0,1,open-meteo-era5,ok
2024,2,12,401628552,2024-11-16,15:30,2024-11-16T20:30:00+00:00,Penn State Nittany Lions,Purdue Boilermakers,Ross-Ade Stadium,0,resolved_schedule_stadium,40.4352253,-86.9186843,America/Indiana/Indianapolis,USA,40.8121958,-77.8561023,America/New_York,475.8,0.0,0.0,1,0,40.4352253,-86.9186843,America/Indiana/Indianapolis,0.0,0.0,0.0,0,0,0,2024-11-16T20:00:00+00:00,11.7,4.43,8.6,,0.0,0.0,0.0,0,0,62,1,open_air,open_air,0,0,1,open-meteo-era5,ok
2024,2,12,401628691,2024-11-16,13:00,2024-11-16T18:00:00+00:00,Campbell Fighting Camels,Delaware Blue Hens,Delaware Stadium,0,resolved_schedule_stadium,39.6617428,-75.7488224,America/New_York,USA,,,,,,,,,39.6617428,-75.7488224,America/New_York,0.0,0.0,0.0,0,0,0,2024-11-16T18:00:00+00:00,15.8,5.43,13.1,,0.0,0.0,0.0,0,0,47,0,open_air,open_air,0,0,1,open-meteo-era5,ok
2024,2,12,401628985,2024-11-16,15:30,2024-11-16T20:30:00+00:00,Virginia Cavaliers,Notre Dame Fighting Irish,Notre Dame Stadium,0,resolved_schedule_stadium,41.698378,-86.2339425,America/Indiana/Indianapolis,USA,38.0311801,-78.5137897,America/New_York,481.2,0.0,0.0,1,0,41.698378,-86.2339425,America/Indiana/Indianapolis,0.0,0.0,0.0,0,0,0,2024-11-16T20:00:00+00:00,10.1,4.25,8.9,,0.0,0.0,0.0,0,0,67,3,open_air,open_air,0,0,1,open-meteo-era5,ok
2024,2,12,401629046,2024-11-16,12:00,2024-11-16T17:00:00+00:00,Liberty Flames,Massachusetts Minutemen,Warren McGuirk Alumni Stadium,0,resolved_schedule_stadium,42.3773244,-72.5360595,America/New_York,USA,37.3544305,-79.1750239,America/New_York,494.1,0.0,0.0,0,1,42.3773244,-72.5360595,America/New_York,0.0,0.0,0.0,0,0,0,2024-11-16T17:00:00+00:00,15.3,4.99,12.1,,0.0,0.0,0.0,0,0,24,0,open_air,open_air,0,0,1,open-meteo-era5,ok
2024,2,12,401634121,2024-11-16,22:00,,Sacramento State Hornets,Cal Poly Mustangs,Mustang Memorial Field,0,unresolved_schedule_stadium,,,,,38.5556718,-121.4229607,America/Los_Angeles,,,,,,,,,,,,,,,,,,,,,,,,,,,,,,,,,venue_unresolved
2024,2,12,401634188,2024-11-16,14:30,2024-11-16T20:30:00+00:00,Missouri State Bears,North Dakota State Bison,Fargodome,0,resolved_schedule_stadium,46.9029938,-96.8003251,America/Chicago,USA,37.1976229,-93.2798119,America/Chicago,694.3,0.0,0.0,1,0,46.9029938,-96.8003251,America/Chicago,0.0,0.0,0.0,0,0,0,2024-11-16T20:00:00+00:00,11.9,5.98,11.5,,0.0,0.0,0.0,0,0,66,2,dome,dome,1,0,0,open-meteo-era5,ok
2024,2,12,401635517,2024-11-16,12:30,2024-11-16T20:30:00+00:00,Louisville Cardinals,Stanford Cardinal,Stanford Stadium,0,resolved_schedule_stadium,37.4345556,-122.1611271,America/Los_Angeles,USA,38.2057621,-85.7588141,America/Kentucky/Louisville,1974.7,-3.0,3.0,1,0,37.4345556,-122.1611271,America/Los_Angeles,0.0,0.0,0.0,0,0,0,2024-11-16T20:00:00+00:00,14.1,2.11,6.2,,0.0,0.0,0.0,0,0,40,0,open_air,open_air,0,0,1,open-meteo-era5,ok
2024,2,12,401635580,2024-11-16,14:30,2024-11-16T20:30:00+00:00,Boston College Eagles,SMU Mustangs,Gerald J. Ford Stadium,0,resolved_schedule_stadium,32.8377223,-96.7827859,America/Chicago,USA,42.335104,-71.1664413,America/New_York,1540.4,-1.0,1.0,1,0,32.8377223,-96.7827859,America/Chicago,0.0,0.0,0.0,0,0,0,2024-11-16T20:00:00+00:00,23.2,5.79,10.4,,0.0,0.0,0.0,0,0,54,2,open_air,open_air,0,0,1,open-meteo-era5,ok
2024,2,12,401635581,2024-11-16,12:00,2024-11-16T20:00:00+00:00,Syracuse Orange,California Golden Bears,California Memorial Stadium,0,resolved_schedule_stadium,37.8710434,-122.2507729,America/Los_Angeles,USA,43.0362269,-76.1363161,America/New_York,2419.8,-3.0,3.0,1,0,37.8710434,-122.2507729,America/Los_Angeles,0.0,0.0,0.0,0,0,0,2024-11-16T20:00:00+00:00,13.8,1.76,5.4,,0.0,0.0,0.0,0,0,34,0,open_air,open_air,0,0,1,open-meteo-era5,ok
2024,2,12,401635582,2024-11-16,12:00,2024-11-16T17:00:00+00:00,Clemson Tigers,Pittsburgh Panthers,Acrisure Stadium,0,resolved_schedule_stadium,40.4467648,-80.0157603,America/New_York,USA,34.6787737,-82.8432428,America/New_York,427.5,0.0,0.0,0,1,40.4467648,-80.0157603,America/New_York,0.0,0.0,0.0,0,0,0,2024-11-16T17:00:00+00:00,10.0,3.27,8.3,,0.0,0.0,0.0,0,0,66,2,open_air,open_air,0,0,1,open-meteo-era5,ok
2024,2,12,401635583,2024-11-16,20:00,2024-11-17T01:00:00+00:00,Wake Forest Demon Deacons,North Carolina Tar Heels,Kenan Stadium,0,resolved_schedule_stadium,35.9069294,-79.0478889,America/New_York,USA,36.1305507,-80.2545851,America/New_York,69.2,0.0,0.0,0,1,35.9069294,-79.0478889,America/New_York,0.0,0.0,0.0,0,0,0,2024-11-17T01:00:00+00:00,8.0,1.73,2.4,,0.0,0.0,0.0,0,0,91,0,open_air,open_air,0,0,1,open-meteo-era5,ok
2024,2,12,401636924,2024-11-16,20:15,2024-11-17T03:15:00+00:00,Kansas Jayhawks,BYU Cougars,LaVell Edwards Stadium,0,resolved_schedule_stadium,40.2575347,-111.6545247,America/Denver,USA,38.9629418,-95.2463686,America/Chicago,876.7,-1.0,1.0,1,0,40.2575347,-111.6545247,America/Denver,0.0,0.0,0.0,0,0,0,2024-11-17T03:00:00+00:00,4.0,0.43,3.1,,0.0,0.0,0.0,0,0,81,1,open_air,open_air,0,0,1,open-meteo-era5,ok
2024,2,12,401636925,2024-11-16,10:00,2024-11-16T17:00:00+00:00,Utah Utes,Colorado Buffaloes,Folsom Field,0,resolved_schedule_stadium,40.0094746,-105.266905,America/Denver,USA,40.7599724,-111.8488255,America/Denver,350.2,0.0,0.0,0,1,40.0094746,-105.266905,America/Denver,0.0,0.0,0.0,0,0,0,2024-11-16T17:00:00+00:00,9.8,1.06,6.5,,0.0,0.0,0.0,0,0,32,0,open_air,open_air,0,0,1,open-meteo-era5,ok
2024,2,12,401636926,2024-11-16,19:00,2024-11-17T01:00:00+00:00,Cincinnati Bearcats,Iowa State Cyclones,Jack Trice Stadium,0,resolved_schedule_stadium,42.0139977,-93.6357716,America/Chicago,USA,39.1312495,-84.5161913,America/New_York,518.1,-1.0,1.0,1,0,42.0139977,-93.6357716,America/Chicago,0.0,0.0,0.0,0,0,0,2024-11-17T01:00:00+00:00,10.4,5.64,10.1,,0.0,0.0,0.0,0,0,80,1,open_air,open_air,0,0,1,open-meteo-era5,ok
2024,2,12,401636927,2024-11-16,18:00,2024-11-17T00:00:00+00:00,Arizona State Sun Devils,Kansas State Wildcats,Bill Snyder Family Stadium,0,resolved_schedule_stadium,39.2020096,-96.5938395,America/Chicago,USA,33.4264471,-111.9325005,America/Phoenix,940.9,1.0,1.0,0,1,39.2020096,-96.5938395,America/Chicago,0.0,0.0,0.0,0,0,0,2024-11-17T00:00:00+00:00,15.1,4.11,8.3,,0.0,0.0,0.0,0,0,73,1,open_air,open_air,0,0,1,open-meteo-era5,ok
2024,2,12,401636929,2024-11-16,16:00,2024-11-16T21:00:00+00:00,Baylor Bears,West Virginia Mountaineers,Milan Puskar Stadium,0,resolved_schedule_stadium,39.6502744,-79.9551873,America/New_York,USA,31.5582015,-97.1156702,America/Chicago,1111.6,1.0,1.0,0,1,39.6502744,-79.9551873,America/New_York,0.0,0.0,0.0,0,0,0,2024-11-16T21:00:00+00:00,10.4,2.19,4.9,,0.0,0.0,0.0,0,0,62,0,open_air,open_air,0,0,1,open-meteo-era5,ok
2024,2,12,401640986,2024-11-16,13:00,2024-11-16T19:00:00+00:00,Florida International Panthers,Jacksonville State Gamecocks,AmFirst Stadium,0,resolved_schedule_stadium,33.8201052,-85.76647,America/Chicago,USA,25.7525014,-80.3778912,America/New_York,644.0,-1.0,1.0,1,0,33.8201052,-85.76647,America/Chicago,0.0,0.0,0.0,0,0,0,2024-11-16T19:00:00+00:00,19.8,0.89,3.9,,0.0,0.0,0.0,0,0,49,0,open_air,open_air,0,0,1,open-meteo-era5,ok
2024,2,12,401641013,2024-11-16,11:00,2024-11-16T17:00:00+00:00,Louisiana Tech Bulldogs,Western Kentucky Hilltoppers,Houchens Industries-L.T. Smith Stadium,0,resolved_schedule_stadium,36.9847901,-86.4594041,America/Chicago,USA,32.5321487,-92.6560019,America/Chicago,467.1,0.0,0.0,0,1,36.9847901,-86.4594041,America/Chicago,0.0,0.0,0.0,0,0,0,2024-11-16T17:00:00+00:00,14.5,1.69,5.4,,0.0,0.0,0.0,0,0,61,0,open_air,open_air,0,0,1,open-meteo-era5,ok
2024,2,12,401641022,2024-11-16,15:00,2024-11-16T20:00:00+00:00,Sam Houston Bearkats,Kennesaw State Owls,Fifth Third Stadium,0,resolved_schedule_stadium,34.0289318,-84.5676234,America/New_York,USA,30.713926,-95.5419802,America/Chicago,679.7,1.0,1.0,0,1,34.0289318,-84.5676234,America/New_York,0.0,0.0,0.0,0,0,0,2024-11-16T20:00:00+00:00,19.9,1.44,4.3,,0.0,0.0,0.0,0,0,48,0,open_air,open_air,0,0,1,open-meteo-era5,ok
2024,2,12,401643757,2024-11-16,13:30,2024-11-16T20:30:00+00:00,Oregon State Beavers,Air Force Falcons,Falcon Stadium,0,resolved_schedule_stadium,38.9969701,-104.8436165,America/Denver,USA,44.5594559,-123.2814341,America/Los_Angeles,1021.9,1.0,1.0,0,1,38.9969701,-104.8436165,America/Denver,0.0,0.0,0.0,0,0,0,2024-11-16T20:00:00+00:00,8.7,0.68,2.6,,0.0,0.0,0.0,0,0,40,0,open_air,open_air,0,0,1,open-meteo-era5,ok
2024,2,12,401643758,2024-11-16,16:00,2024-11-17T00:00:00+00:00,Boise State Broncos,San José State Spartans,CEFCU Stadium,0,resolved_schedule_stadium,37.3196675,-121.8682962,America/Los_Angeles,USA,43.6028839,-116.1958882,America/Boise,526.4,-1.0,1.0,1,0,37.3196675,-121.8682962,America/Los_Angeles,0.0,0.0,0.0,0,0,0,2024-11-17T00:00:00+00:00,16.1,1.46,6.8,,0.0,0.0,0.0,0,0,31,0,open_air,open_air,0,0,1,open-meteo-era5,ok
2024,2,12,401643760,2024-11-16,13:00,2024-11-16T20:00:00+00:00,Hawai'i Rainbow Warriors,Utah State Aggies,Maverik Stadium,0,resolved_schedule_stadium,41.7517394,-111.8116007,America/Denver,USA,21.294294,-157.819338,Pacific/Honolulu,3009.9,3.0,3.0,0,1,41.7517394,-111.8116007,America/Denver,0.0,0.0,0.0,0,0,0,2024-11-16T20:00:00+00:00,3.7,1.92,8.0,,0.1,0.0,0.07,0,1,73,71,open_air,open_air,0,0,1,open-meteo-era5,ok
2024,2,12,401643761,2024-11-16,19:30,2024-11-17T02:30:00+00:00,Washington State Cougars,New Mexico Lobos,University Stadium (NM),0,resolved_schedule_stadium,35.0669479,-106.6283225,America/Denver,USA,46.731831,-117.1604991,America/Los_Angeles,973.8,1.0,1.0,0,1,35.0669479,-106.6283225,America/Denver,0.0,0.0,0.0,0,0,0,2024-11-17T02:00:00+00:00,7.5,0.76,4.4,,0.0,0.0,0.0,0,0,61,0,open_air,open_air,0,0,1,open-meteo-era5,ok
2024,2,12,401643762,2024-11-16,19:30,2024-11-17T03:30:00+00:00,San Diego State Aztecs,UNLV Rebels,Allegiant Stadium,0,resolved_schedule_stadium,36.0908,-115.1830,America/Los_Angeles,USA,32.784444,-117.122833,America/Los_Angeles,253.8,0.0,0.0,0,1,36.0908,-115.1830,America/Los_Angeles,0.0,0.0,0.0,0,0,0,2024-11-17T03:00:00+00:00,11.4,2.28,6.5,,0.0,0.0,0.0,0,0,27,0,fixed_roof,fixed_roof,1,0,0,open-meteo-era5,ok
2024,2,12,401643830,2024-11-16,16:00,2024-11-16T21:00:00+00:00,Troy Trojans,Georgia Southern Eagles,Allen E. Paulson Stadium,0,resolved_schedule_stadium,32.4122471,-81.7849296,America/New_York,USA,31.7995565,-85.9518328,America/Chicago,247.5,1.0,1.0,0,1,32.4122471,-81.7849296,America/New_York,0.0,0.0,0.0,0,0,0,2024-11-16T21:00:00+00:00,20.9,1.01,2.7,,0.0,0.0,0.0,0,0,43,0,open_air,open_air,0,0,1,open-meteo-era5,ok
2024,2,12,401643831,2024-11-16,17:00,2024-11-16T22:00:00+00:00,Arkansas State Red Wolves,Georgia State Panthers,Center Parc Stadium,0,resolved_schedule_stadium,33.735267,-84.389949,America/New_York,USA,35.8488977,-90.6677436,America/Chicago,384.9,1.0,1.0,0,1,33.735267,-84.389949,America/New_York,0.0,0.0,0.0,0,0,0,2024-11-16T22:00:00+00:00,18.8,0.93,1.2,,0.0,0.0,0.0,0,0,51,0,open_air,open_air,0,0,1,open-meteo-era5,ok
2024,2,12,401643832,2024-11-16,13:00,2024-11-16T18:00:00+00:00,Coastal Carolina Chanticleers,Marshall Thundering Herd,Joan C. Edwards Stadium,0,resolved_schedule_stadium,38.4247042,-82.4214412,America/New_York,USA,33.7928506,-79.0166946,America/New_York,372.1,0.0,0.0,1,0,38.4247042,-82.4214412,America/New_York,0.0,0.0,0.0,0,0,0,2024-11-16T18:00:00+00:00,11.4,1.23,4.0,,0.0,0.0,0.0,0,0,70,3,open_air,open_air,0,0,1,open-meteo-era5,ok
2024,2,12,401643833,2024-11-16,16:00,2024-11-16T21:00:00+00:00,James Madison Dukes,Old Dominion Monarchs,S.B. Ballard Stadium,0,resolved_schedule_stadium,36.8889533,-76.3049175,America/New_York,USA,38.4352919,-78.8729349,America/New_York,176.5,0.0,0.0,0,1,36.8889533,-76.3049175,America/New_York,0.0,0.0,0.0,0,0,0,2024-11-16T21:00:00+00:00,16.5,3.83,6.7,,0.0,0.0,0.0,0,0,54,0,open_air,open_air,0,0,1,open-meteo-era5,ok
2024,2,12,401643834,2024-11-16,18:00,2024-11-17T00:00:00+00:00,South Alabama Jaguars,Louisiana Ragin' Cajuns,Cajun Field,0,resolved_schedule_stadium,30.2158434,-92.0417371,America/Chicago,USA,30.6943566,-88.0430541,America/Chicago,240.4,0.0,0.0,1,0,30.2158434,-92.0417371,America/Chicago,0.0,0.0,0.0,0,0,0,2024-11-17T00:00:00+00:00,21.1,2.51,3.4,,0.0,0.0,0.0,0,0,76,1,open_air,open_air,0,0,1,open-meteo-era5,ok
2024,2,12,401643835,2024-11-16,18:00,2024-11-17T00:00:00+00:00,Southern Miss Golden Eagles,Texas State Bobcats,Bobcat Stadium (TX),0,resolved_schedule_stadium,29.8910008,-97.9255735,America/Chicago,USA,31.3289321,-89.3318118,America/Chicago,520.5,0.0,0.0,1,0,29.8910008,-97.9255735,America/Chicago,0.0,0.0,0.0,0,0,0,2024-11-17T00:00:00+00:00,24.2,3.2,5.3,,0.0,0.0,0.0,0,0,50,3,open_air,open_air,0,0,1,open-meteo-era5,ok
2024,2,12,401645367,2024-11-16,19:00,2024-11-17T01:00:00+00:00,UAB Blazers,Memphis Tigers,Simmons Bank Liberty Stadium,0,resolved_schedule_stadium,35.1209429,-89.977147,America/Chicago,USA,33.5206824,-86.8024326,America/Chicago,212.2,0.0,0.0,1,0,35.1209429,-89.977147,America/Chicago,0.0,0.0,0.0,0,0,0,2024-11-17T01:00:00+00:00,12.2,2.69,4.2,,0.0,0.0,0.0,0,0,87,3,open_air,open_air,0,0,1,open-meteo-era5,ok
2024,2,12,401645368,2024-11-16,15:30,2024-11-16T20:30:00+00:00,South Florida Bulls,Charlotte 49ers,Jerry Richardson Stadium,0,resolved_schedule_stadium,35.3105033,-80.7401194,America/New_York,USA,27.9758691,-82.5033344,America/New_York,517.3,0.0,0.0,0,1,35.3105033,-80.7401194,America/New_York,0.0,0.0,0.0,0,0,0,2024-11-16T20:00:00+00:00,18.2,1.38,4.1,,0.0,0.0,0.0,0,0,45,0,open_air,open_air,0,0,1,open-meteo-era5,ok
2024,2,12,401645369,2024-11-16,14:00,2024-11-16T19:00:00+00:00,Florida Atlantic Owls,Temple Owls,Lincoln Financial Field,0,resolved_schedule_stadium,39.9007995,-75.1675414,America/New_York,USA,26.3763763,-80.1015759,America/New_York,976.6,0.0,0.0,0,1,39.9007995,-75.1675414,America/New_York,0.0,0.0,0.0,0,0,0,2024-11-16T19:00:00+00:00,16.7,5.83,12.2,,0.0,0.0,0.0,0,0,40,0,open_air,open_air,0,0,1,open-meteo-era5,ok
2024,2,12,401645370,2024-11-16,12:00,2024-11-16T17:00:00+00:00,Tulane Green Wave,Navy Midshipmen,Navy-Marine Corps Memorial Stadium,0,resolved_schedule_stadium,38.9846985,-76.5076335,America/New_York,USA,29.944616,-90.116692,America/Chicago,993.6,1.0,1.0,0,1,38.9846985,-76.5076335,America/New_York,0.0,0.0,0.0,0,0,0,2024-11-16T17:00:00+00:00,14.6,6.18,12.6,,0.0,0.0,0.0,0,0,53,0,open_air,open_air,0,0,1,open-meteo-era5,ok
2024,2,13,401644690,2024-11-19,20:00,2024-11-20T01:00:00+00:00,Northern Illinois Huskies,Miami (OH) RedHawks,Yager Stadium,0,resolved_schedule_stadium,39.5197009,-84.7330255,America/New_York,USA,41.9339586,-88.7778357,America/Chicago,269.5,1.0,1.0,0,1,39.5197009,-84.7330255,America/New_York,0.0,0.0,0.0,0,0,0,2024-11-20T01:00:00+00:00,11.5,2.56,3.6,,0.0,0.0,0.0,0,0,92,0,open_air,open_air,0,0,1,open-meteo-era5,ok
2024,2,13,401644769,2024-11-19,19:00,2024-11-20T00:00:00+00:00,Akron Zips,Kent State Golden Flashes,Dix Stadium,0,resolved_schedule_stadium,41.1390935,-81.31346,America/New_York,USA,41.0725534,-81.5083408,America/New_York,11.1,0.0,0.0,0,1,41.1390935,-81.31346,America/New_York,0.0,0.0,0.0,0,0,0,2024-11-20T00:00:00+00:00,13.9,2.8,4.9,,0.1,0.1,0.0,1,0,95,51,open_air,open_air,0,0,1,open-meteo-era5,ok
2024,2,13,401644770,2024-11-19,19:30,2024-11-20T00:30:00+00:00,Western Michigan Broncos,Central Michigan Chippewas,Kelly/Shorts Stadium,0,resolved_schedule_stadium,43.5777313,-84.7709904,America/Detroit,USA,42.2860064,-85.6007573,America/Detroit,98.6,0.0,0.0,0,1,43.5777313,-84.7709904,America/Detroit,0.0,0.0,0.0,0,0,0,2024-11-20T00:00:00+00:00,13.1,3.33,6.5,,0.0,0.0,0.0,0,0,73,2,open_air,open_air,0,0,1,open-meteo-era5,ok
2024,2,13,401644772,2024-11-20,19:00,2024-11-21T00:00:00+00:00,Buffalo Bulls,Eastern Michigan Eagles,Rynearson Stadium,0,resolved_schedule_stadium,42.256126,-83.647285,America/Detroit,USA,42.9991334,-78.7775113,America/New_York,252.8,0.0,0.0,1,0,42.256126,-83.647285,America/Detroit,0.0,0.0,0.0,0,0,0,2024-11-21T00:00:00+00:00,3.7,4.62,9.0,,0.0,0.0,0.0,0,0,83,1,open_air,open_air,0,0,1,open-meteo-era5,ok
2024,2,13,401644773,2024-11-20,19:00,2024-11-21T00:00:00+00:00,Ohio Bobcats,Toledo Rockets,Glass Bowl,0,resolved_schedule_stadium,41.6574777,-83.6135652,America/New_York,USA,39.3212794,-82.1034315,America/New_York,179.9,0.0,0.0,1,0,41.6574777,-83.6135652,America/New_York,0.0,0.0,0.0,0,0,0,2024-11-21T00:00:00+00:00,5.0,5.02,10.0,,0.0,0.0,0.0,0,0,78,0,open_air,open_air,0,0,1,open-meteo-era5,ok
2024,2,13,401634772,2024-11-21,19:30,2024-11-22T00:30:00+00:00,NC State Wolfpack,Georgia Tech Yellow Jackets,Bobby Dodd Stadium,0,resolved_schedule_stadium,33.7724449,-84.3928054,America/New_York,USA,35.8008001,-78.7195655,America/New_York,351.0,0.0,0.0,1,0,33.7724449,-84.3928054,America/New_York,0.0,0.0,0.0,0,0,0,2024-11-22T00:00:00+00:00,9.2,5.07,10.1,,0.0,0.0,0.0,0,0,39,0,open_air,open_air,0,0,1,open-meteo-era5,ok
2024,2,13,401628558,2024-11-22,20:00,2024-11-23T01:00:00+00:00,Purdue Boilermakers,Michigan State Spartans,Spartan Stadium,0,resolved_schedule_stadium,42.7281474,-84.4848526,America/Detroit,USA,40.4352253,-86.9186843,America/Indiana/Indianapolis,202.3,0.0,0.0,0,1,42.7281474,-84.4848526,America/Detroit,0.0,0.0,0.0,0,0,0,2024-11-23T01:00:00+00:00,6.3,5.52,12.2,,0.0,0.0,0.0,0,0,81,3,open_air,open_air,0,0,1,open-meteo-era5,ok
2024,2,13,401643767,2024-11-22,19:00,2024-11-23T03:00:00+00:00,UNLV Rebels,San José State Spartans,CEFCU Stadium,0,resolved_schedule_stadium,37.3196675,-121.8682962,America/Los_Angeles,USA,36.0908,-115.1830,America/Los_Angeles,379.8,0.0,0.0,1,0,37.3196675,-121.8682962,America/Los_Angeles,0.0,0.0,0.0,0,0,0,2024-11-23T03:00:00+00:00,17.2,3.94,16.6,,3.7,3.7,0.0,1,0,91,63,open_air,open_air,0,0,1,open-meteo-era5,ok
2024,2,13,401645374,2024-11-22,18:00,2024-11-23T00:00:00+00:00,Temple Owls,UTSA Roadrunners,Alamodome,0,resolved_schedule_stadium,29.4169834,-98.4788143,America/Chicago,USA,39.9007995,-75.1675414,America/New_York,1503.4,-1.0,1.0,1,0,29.4169834,-98.4788143,America/Chicago,0.0,0.0,0.0,0,0,0,2024-11-23T00:00:00+00:00,18.6,2.41,3.0,,0.0,0.0,0.0,0,0,47,0,dome,dome,1,0,0,open-meteo-era5,ok
2024,2,13,401628427,2024-11-23,15:00,2024-11-23T21:00:00+00:00,Louisiana Tech Bulldogs,Arkansas Razorbacks,Razorback Stadium,0,resolved_schedule_stadium,36.0680662,-94.1789534,America/Chicago,USA,32.5321487,-92.6560019,America/Chicago,259.3,0.0,0.0,1,0,36.0680662,-94.1789534,America/Chicago,0.0,0.0,0.0,0,0,0,2024-11-23T21:00:00+00:00,18.4,3.18,7.2,,0.0,0.0,0.0,0,0,30,0,open_air,open_air,0,0,1,open-meteo-era5,ok
2024,2,13,401628428,2024-11-23,18:30,2024-11-24T00:30:00+00:00,Texas A&M Aggies,Auburn Tigers,Jordan-Hare Stadium,0,resolved_schedule_stadium,32.6025532,-85.4897479,America/Chicago,USA,30.6098891,-96.3403828,America/Chicago,652.9,0.0,0.0,0,1,32.6025532,-85.4897479,America/Chicago,0.0,0.0,0.0,0,0,0,2024-11-24T00:00:00+00:00,10.0,2.27,3.4,,0.0,0.0,0.0,0,0,77,0,open_air,open_air,0,0,1,open-meteo-era5,ok
2024,2,13,401628429,2024-11-23,12:00,2024-11-23T17:00:00+00:00,Ole Miss Rebels,Florida Gators,Ben Hill Griffin Stadium,0,resolved_schedule_stadium,29.6499357,-82.3485788,America/New_York,USA,34.3619837,-89.5342076,America/Chicago,531.9,1.0,1.0,0,1,29.6499357,-82.3485788,America/New_York,0.0,0.0,0.0,0,0,0,2024-11-23T17:00:00+00:00,16.2,2.21,6.5,,0.0,0.0,0.0,0,0,39,0,open_air,open_air,0,0,1,open-meteo-era5,ok
2024,2,13,401628430,2024-11-23,12:45,2024-11-23T17:45:00+00:00,Massachusetts Minutemen,Georgia Bulldogs,Sanford Stadium,0,resolved_schedule_stadium,33.9498197,-83.3733813,America/New_York,USA,42.3773244,-72.5360595,America/New_York,826.7,0.0,0.0,1,0,33.9498197,-83.3733813,America/New_York,0.0,0.0,0.0,0,0,0,2024-11-23T18:00:00+00:00,15.5,2.63,7.0,,0.0,0.0,0.0,0,0,42,0,open_air,open_air,0,0,1,open-meteo-era5,ok
2024,2,13,401628431,2024-11-23,18:45,2024-11-24T00:45:00+00:00,Vanderbilt Commodores,LSU Tigers,Tiger Stadium (LA),0,resolved_schedule_stadium,30.412035,-91.1838163,America/Chicago,USA,36.1440455,-86.8088942,America/Chicago,469.7,0.0,0.0,1,0,30.412035,-91.1838163,America/Chicago,0.0,0.0,0.0,0,0,0,2024-11-24T01:00:00+00:00,10.1,2.28,3.3,,0.0,0.0,0.0,0,0,86,0,open_air,open_air,0,0,1,open-meteo-era5,ok
2024,2,13,401628432,2024-11-23,15:15,2024-11-23T21:15:00+00:00,Missouri Tigers,Mississippi State Bulldogs,Davis Wade Stadium,0,resolved_schedule_stadium,33.4563403,-88.7933652,America/Chicago,USA,38.9358491,-92.3332009,America/Chicago,426.9,0.0,0.0,0,1,33.4563403,-88.7933652,America/Chicago,0.0,0.0,0.0,0,0,0,2024-11-23T21:00:00+00:00,16.0,0.99,3.0,,0.0,0.0,0.0,0,0,45,0,open_air,open_air,0,0,1,open-meteo-era5,ok
2024,2,13,401628433,2024-11-23,18:30,2024-11-24T00:30:00+00:00,Alabama Crimson Tide,Oklahoma Sooners,"Memorial Stadium (Norman, OK)",0,ambiguous_schedule_stadium,,,America/Chicago,,33.2082752,-87.5503836,America/Chicago,,,,,,35.2058537,-97.4423145,America/Chicago,,,,,,,,,,,,,,,,,,,open_air,,,,,,venue_unresolved
2024,2,13,401628434,2024-11-23,16:00,2024-11-23T21:00:00+00:00,Wofford Terriers,South Carolina Gamecocks,Williams-Brice Stadium,0,resolved_schedule_stadium,33.9730239,-81.0191726,America/New_York,USA,,,,,,,,,33.9730239,-81.0191726,America/New_York,0.0,0.0,0.0,0,0,0,2024-11-23T21:00:00+00:00,17.2,1.64,3.1,,0.0,0.0,0.0,0,0,43,0,open_air,open_air,0,0,1,open-meteo-era5,ok
2024,2,13,401628435,2024-11-23,13:00,2024-11-23T18:00:00+00:00,UTEP Miners,Tennessee Volunteers,Neyland Stadium,0,resolved_schedule_stadium,35.9550131,-83.9250128,America/New_York,USA,31.7733353,-106.507957,America/Denver,1324.2,2.0,2.0,0,1,35.9550131,-83.9250128,America/New_York,0.0,0.0,0.0,0,0,0,2024-11-23T18:00:00+00:00,9.0,1.25,4.9,,0.0,0.0,0.0,0,0,67,3,open_air,open_air,0,0,1,open-meteo-era5,ok
2024,2,13,401628436,2024-11-23,14:30,2024-11-23T20:30:00+00:00,Kentucky Wildcats,Texas Longhorns,DKR-Texas Memorial Stadium,0,resolved_schedule_stadium,30.2836813,-97.7325345,America/Chicago,USA,38.0220905,-84.5053408,America/New_York,924.7,-1.0,1.0,1,0,30.2836813,-97.7325345,America/Chicago,0.0,0.0,0.0,0,0,0,2024-11-23T20:00:00+00:00,25.6,4.98,10.5,,0.0,0.0,0.0,0,0,34,0,open_air,open_air,0,0,1,open-meteo-era5,ok
2024,2,13,401628554,2024-11-23,12:00,2024-11-23T17:00:00+00:00,Illinois Fighting Illini,Rutgers Scarlet Knights,SHI Stadium,0,resolved_schedule_stadium,40.5462553,-74.4660408,America/New_York,USA,40.0993268,-88.2359569,America/Chicago,725.3,1.0,1.0,0,1,40.5462553,-74.4660408,America/New_York,0.0,0.0,0.0,0,0,0,2024-11-23T17:00:00+00:00,9.5,8.56,18.8,,0.0,0.0,0.0,0,0,56,3,open_air,open_air,0,0,1,open-meteo-era5,ok
2024,2,13,401628555,2024-11-23,12:00,2024-11-23T17:00:00+00:00,Indiana Hoosiers,Ohio State Buckeyes,Ohio Stadium,0,resolved_schedule_stadium,40.0016447,-83.0197266,America/New_York,USA,39.1808959,-86.5256217,America/Indiana/Indianapolis,195.1,0.0,0.0,0,1,40.0016447,-83.0197266,America/New_York,0.0,0.0,0.0,0,0,0,2024-11-23T17:00:00+00:00,7.6,5.26,10.9,,0.0,0.0,0.0,0,0,79,3,open_air,open_air,0,0,1,open-meteo-era5,ok
2024,2,13,401628556,2024-11-23,12:00,2024-11-23T17:00:00+00:00,Iowa Hawkeyes,Maryland Terrapins,SECU Stadium,0,resolved_schedule_stadium,38.9903332,-76.9473792,America/New_York,USA,41.6586045,-91.5510829,America/Chicago,790.0,1.0,1.0,0,1,38.9903332,-76.9473792,America/New_York,0.0,0.0,0.0,0,0,0,2024-11-23T17:00:00+00:00,12.2,7.5,15.6,,0.0,0.0,0.0,0,0,48,2,open_air,open_air,0,0,1,open-meteo-era5,ok
2024,2,13,401628557,2024-11-23,15:30,2024-11-23T20:30:00+00:00,Northwestern Wildcats,Michigan Wolverines,Michigan Stadium,0,resolved_schedule_stadium,42.2658365,-83.7486956,America/Detroit,USA,42.0653994,-87.6924751,America/Chicago,202.4,1.0,1.0,0,1,42.2658365,-83.7486956,America/Detroit,0.0,0.0,0.0,0,0,0,2024-11-23T20:00:00+00:00,6.8,4.82,9.7,,0.0,0.0,0.0,0,0,72,3,open_air,open_air,0,0,1,open-meteo-era5,ok
2024,2,13,401628559,2024-11-23,14:30,2024-11-23T20:30:00+00:00,Penn State Nittany Lions,Minnesota Golden Gophers,Huntington Bank Stadium,0,resolved_schedule_stadium,44.976525,-93.2245462,America/Chicago,USA,40.8121958,-77.8561023,America/New_York,827.8,-1.0,1.0,1,0,44.976525,-93.2245462,America/Chicago,0.0,0.0,0.0,0,0,0,2024-11-23T20:00:00+00:00,3.9,0.76,3.0,,0.0,0.0,0.0,0,0,66,3,open_air,open_air,0,0,1,open-meteo-era5,ok
2024,2,13,401628560,2024-11-23,14:30,2024-11-23T20:30:00+00:00,Wisconsin Badgers,Nebraska Cornhuskers,"Memorial Stadium (Lincoln, NE)",0,ambiguous_schedule_stadium,,,America/Chicago,,43.06994,-89.4126943,America/Chicago,,,,,,40.820682,-96.705594,America/Chicago,,,,,,,,,,,,,,,,,,,open_air,,,,,,venue_unresolved
2024,2,13,401628561,2024-11-23,19:30,2024-11-24T03:30:00+00:00,USC Trojans,UCLA Bruins,Rose Bowl,0,resolved_schedule_stadium,34.1613284,-118.1676462,America/Los_Angeles,USA,34.014167,-118.287778,America/Los_Angeles,12.3,0.0,0.0,0,1,34.1613284,-118.1676462,America/Los_Angeles,0.0,0.0,0.0,0,0,0,2024-11-24T03:00:00+00:00,14.1,0.59,3.5,,0.2,0.2,0.0,1,0,85,51,open_air,open_air,0,0,1,open-meteo-era5,ok
2024,2,13,401628572,2024-11-23,16:00,2024-11-24T00:00:00+00:00,Washington State Cougars,Oregon State Beavers,Reser Stadium,0,resolved_schedule_stadium,44.5594559,-123.2814341,America/Los_Angeles,USA,46.731831,-117.1604991,America/Los_Angeles,331.5,0.0,0.0,1,0,44.5594559,-123.2814341,America/Los_Angeles,0.0,0.0,0.0,0,0,0,2024-11-24T00:00:00+00:00,9.5,2.51,7.2,,0.4,0.4,0.0,1,0,84,51,open_air,open_air,0,0,1,open-meteo-era5,ok
2024,2,13,401628694,2024-11-23,18:00,,Delaware Blue Hens,Villanova Wildcats,Villanova Stadium,0,unresolved_schedule_stadium,,,,,39.6617428,-75.7488224,America/New_York,,,,,,,,,,,,,,,,,,,,,,,,,,,,,,,,,venue_unresolved
2024,2,13,401634132,2024-11-23,14:00,2024-11-23T22:00:00+00:00,UC Davis Aggies,Sacramento State Hornets,Hornet Stadium,0,resolved_schedule_stadium,38.5556718,-121.4229607,America/Los_Angeles,USA,,,,,,,,,38.5556718,-121.4229607,America/Los_Angeles,0.0,0.0,0.0,0,0,0,2024-11-23T22:00:00+00:00,16.7,2.26,9.7,,0.0,0.0,0.0,0,0,65,2,open_air,open_air,0,0,1,open-meteo-era5,ok
2024,2,13,401634189,2024-11-23,14:00,2024-11-23T20:00:00+00:00,South Dakota State Jackrabbits,Missouri State Bears,Plaster Sports Complex,0,resolved_schedule_stadium,37.1976229,-93.2798119,America/Chicago,USA,,,,,,,,,37.1976229,-93.2798119,America/Chicago,0.0,0.0,0.0,0,0,0,2024-11-23T20:00:00+00:00,15.2,2.37,6.0,,0.0,0.0,0.0,0,0,35,0,open_air,open_air,0,0,1,open-meteo-era5,ok
2024,2,13,401634211,2024-11-23,19:00,,North Dakota State Bison,South Dakota Coyotes,The DakotaDome,0,unresolved_schedule_stadium,,,,,46.9029938,-96.8003251,America/Chicago,,,,,,,,,,,,,,,,,,,,,,,,,,,,,,,,,venue_unresolved
2024,2,13,401635518,2024-11-23,12:00,2024-11-23T17:00:00+00:00,UConn Huskies,Syracuse Orange,JMA Wireless Dome,0,resolved_schedule_stadium,43.0362269,-76.1363161,America/New_York,USA,41.7595675,-72.6187728,America/New_York,200.0,0.0,0.0,1,0,43.0362269,-76.1363161,America/New_York,0.0,0.0,0.0,0,0,0,2024-11-23T17:00:00+00:00,6.6,5.71,14.2,,0.0,0.0,0.0,0,0,78,2,dome,dome,1,0,0,open-meteo-era5,ok
2024,2,13,401635612,2024-11-23,12:00,2024-11-23T17:00:00+00:00,North Carolina Tar Heels,Boston College Eagles,"Alumni Stadium (Chestnut Hill, MA)",0,resolved_schedule_stadium,42.335104,-71.1664413,America/New_York,USA,35.9069294,-79.0478889,America/New_York,612.4,0.0,0.0,0,1,42.335104,-71.1664413,America/New_York,0.0,0.0,0.0,0,0,0,2024-11-23T17:00:00+00:00,6.4,6.19,12.1,,0.5,0.5,0.0,1,0,87,53,open_air,open_air,0,0,1,open-meteo-era5,ok
2024,2,13,401635613,2024-11-23,12:30,2024-11-23T20:30:00+00:00,Stanford Cardinal,California Golden Bears,California Memorial Stadium,0,resolved_schedule_stadium,37.8710434,-122.2507729,America/Los_Angeles,USA,37.4345556,-122.1611271,America/Los_Angeles,30.6,0.0,0.0,1,0,37.8710434,-122.2507729,America/Los_Angeles,0.0,0.0,0.0,0,0,0,2024-11-23T20:00:00+00:00,14.2,3.6,9.7,,0.1,0.1,0.0,1,0,75,51,open_air,open_air,0,0,1,open-meteo-era5,ok
2024,2,13,401635614,2024-11-23,15:30,2024-11-23T20:30:00+00:00,The Citadel Bulldogs,Clemson Tigers,"Memorial Stadium (Clemson, SC)",0,resolved_schedule_stadium_timezone,34.6787737,-82.8432428,America/New_York,USA,,,,,,,,,34.6787737,-82.8432428,America/New_York,0.0,0.0,0.0,0,0,0,2024-11-23T20:00:00+00:00,17.0,1.57,4.6,,0.0,0.0,0.0,0,0,42,0,open_air,open_air,0,0,1,open-meteo-era5,ok
2024,2,13,401635615,2024-11-23,20:00,2024-11-24T01:00:00+00:00,Virginia Tech Hokies,Duke Blue Devils,Wallace Wade Stadium,0,resolved_schedule_stadium,35.9953688,-78.9417564,America/New_York,USA,37.2199873,-80.4180643,America/New_York,117.7,0.0,0.0,0,1,35.9953688,-78.9417564,America/New_York,0.0,0.0,0.0,0,0,0,2024-11-24T01:00:00+00:00,8.5,3.27,5.0,,0.0,0.0,0.0,0,0,64,0,open_air,open_air,0,0,1,open-meteo-era5,ok
2024,2,13,401635616,2024-11-23,13:30,2024-11-23T18:30:00+00:00,Charleston Southern Buccaneers,Florida State Seminoles,Doak Campbell Stadium,0,resolved_schedule_stadium,30.4381692,-84.3044032,America/New_York,USA,,,,,,,,,30.4381692,-84.3044032,America/New_York,0.0,0.0,0.0,0,0,0,2024-11-23T18:00:00+00:00,17.5,2.12,6.2,,0.0,0.0,0.0,0,0,42,0,open_air,open_air,0,0,1,open-meteo-era5,ok
2024,2,13,401635617,2024-11-23,16:00,2024-11-23T21:00:00+00:00,Pittsburgh Panthers,Louisville Cardinals,L&N Federal Credit Union Stadium,0,resolved_schedule_stadium,38.2057621,-85.7588141,America/Kentucky/Louisville,USA,40.4467648,-80.0157603,America/New_York,343.7,0.0,0.0,1,0,38.2057621,-85.7588141,America/Kentucky/Louisville,0.0,0.0,0.0,0,0,0,2024-11-23T21:00:00+00:00,6.4,1.88,4.9,,0.0,0.0,0.0,0,0,79,1,open_air,open_air,0,0,1,open-meteo-era5,ok
2024,2,13,401635618,2024-11-23,12:00,2024-11-23T17:00:00+00:00,Wake Forest Demon Deacons,Miami Hurricanes,Hard Rock Stadium,0,resolved_schedule_stadium,25.9579665,-80.2388604,America/New_York,USA,36.1305507,-80.2545851,America/New_York,702.9,0.0,0.0,0,1,25.9579665,-80.2388604,America/New_York,0.0,0.0,0.0,0,0,0,2024-11-23T17:00:00+00:00,19.4,4.66,8.0,,0.0,0.0,0.0,0,0,43,0,open_air,open_air,0,0,1,open-meteo-era5,ok
2024,2,13,401635619,2024-11-23,12:00,2024-11-23T17:00:00+00:00,SMU Mustangs,Virginia Cavaliers,Scott Stadium,0,resolved_schedule_stadium,38.0311801,-78.5137897,America/New_York,USA,32.8377223,-96.7827859,America/Chicago,1087.1,1.0,1.0,0,1,38.0311801,-78.5137897,America/New_York,0.0,0.0,0.0,0,0,0,2024-11-23T17:00:00+00:00,14.3,5.81,15.2,,0.0,0.0,0.0,0,0,43,1,open_air,open_air,0,0,1,open-meteo-era5,ok
2024,2,13,401636930,2024-11-23,13:30,2024-11-23T20:30:00+00:00,BYU Cougars,Arizona State Sun Devils,Mountain America Stadium,0,resolved_schedule_stadium,33.4264471,-111.9325005,America/Phoenix,USA,40.2575347,-111.6545247,America/Denver,472.2,0.0,0.0,1,0,33.4264471,-111.9325005,America/Phoenix,0.0,0.0,0.0,0,0,0,2024-11-23T20:00:00+00:00,24.1,0.96,3.9,,0.0,0.0,0.0,0,0,14,0,open_air,open_air,0,0,1,open-meteo-era5,ok
2024,2,13,401636931,2024-11-23,18:00,2024-11-24T00:00:00+00:00,Baylor Bears,Houston Cougars,TDECU Stadium,0,resolved_schedule_stadium,29.7219885,-95.3491623,America/Chicago,USA,31.5582015,-97.1156702,America/Chicago,164.7,0.0,0.0,0,1,29.7219885,-95.3491623,America/Chicago,0.0,0.0,0.0,0,0,0,2024-11-24T00:00:00+00:00,18.1,3.48,5.5,,0.0,0.0,0.0,0,0,68,0,open_air,open_air,0,0,1,open-meteo-era5,ok
2024,2,13,401636932,2024-11-23,14:30,2024-11-23T20:30:00+00:00,Colorado Buffaloes,Kansas Jayhawks,Memorial Stadium,0,ambiguous_schedule_stadium,,,America/Chicago,,40.0094746,-105.266905,America/Denver,,,,,,38.9629418,-95.2463686,America/Chicago,,,,,,,,,,,,,,,,,,,open_air,,,,,,venue_unresolved
2024,2,13,401636933,2024-11-23,19:00,2024-11-24T01:00:00+00:00,Cincinnati Bearcats,Kansas State Wildcats,Bill Snyder Family Stadium,0,resolved_schedule_stadium,39.2020096,-96.5938395,America/Chicago,USA,39.1312495,-84.5161913,America/New_York,646.5,-1.0,1.0,1,0,39.2020096,-96.5938395,America/Chicago,0.0,0.0,0.0,0,0,0,2024-11-24T01:00:00+00:00,11.4,4.52,8.4,,0.0,0.0,0.0,0,0,64,3,open_air,open_air,0,0,1,open-meteo-era5,ok
2024,2,13,401636934,2024-11-23,14:30,2024-11-23T20:30:00+00:00,Texas Tech Red Raiders,Oklahoma State Cowboys,Boone Pickens Stadium,0,resolved_schedule_stadium,36.125673,-97.066513,America/Chicago,USA,33.5910518,-101.8728824,America/Chicago,323.9,0.0,0.0,0,1,36.125673,-97.066513,America/Chicago,0.0,0.0,0.0,0,0,0,2024-11-23T20:00:00+00:00,20.6,4.75,9.7,,0.0,0.0,0.0,0,0,39,0,open_air,open_air,0,0,1,open-meteo-era5,ok
2024,2,13,401636935,2024-11-23,14:00,2024-11-23T20:00:00+00:00,Arizona Wildcats,TCU Horned Frogs,Amon G. Carter Stadium,0,resolved_schedule_stadium,32.7096604,-97.3680835,America/Chicago,USA,32.2288054,-110.9488677,America/Phoenix,791.8,1.0,1.0,0,1,32.7096604,-97.3680835,America/Chicago,0.0,0.0,0.0,0,0,0,2024-11-23T20:00:00+00:00,23.4,5.08,9.3,,0.0,0.0,0.0,0,0,33,0,open_air,open_air,0,0,1,open-meteo-era5,ok
2024,2,13,401636936,2024-11-23,17:30,2024-11-24T00:30:00+00:00,Iowa State Cyclones,Utah Utes,Rice-Eccles Stadium,0,resolved_schedule_stadium,40.7599724,-111.8488255,America/Denver,USA,42.0139977,-93.6357716,America/Chicago,946.3,-1.0,1.0,1,0,40.7599724,-111.8488255,America/Denver,0.0,0.0,0.0,0,0,0,2024-11-24T00:00:00+00:00,13.1,2.51,7.6,,0.1,0.1,0.0,1,0,30,51,open_air,open_air,0,0,1,open-meteo-era5,ok
2024,2,13,401636937,2024-11-23,15:30,2024-11-23T20:30:00+00:00,UCF Knights,West Virginia Mountaineers,Milan Puskar Stadium,0,resolved_schedule_stadium,39.6502744,-79.9551873,America/New_York,USA,28.6079765,-81.1927233,America/New_York,766.2,0.0,0.0,0,1,39.6502744,-79.9551873,America/New_York,0.0,0.0,0.0,0,0,0,2024-11-23T20:00:00+00:00,7.6,4.61,10.7,,0.1,0.1,0.0,1,0,79,51,open_air,open_air,0,0,1,open-meteo-era5,ok
2024,2,13,401640987,2024-11-23,15:00,2024-11-23T20:00:00+00:00,Florida International Panthers,Kennesaw State Owls,Fifth Third Stadium,0,resolved_schedule_stadium,34.0289318,-84.5676234,America/New_York,USA,25.7525014,-80.3778912,America/New_York,624.3,0.0,0.0,1,0,34.0289318,-84.5676234,America/New_York,0.0,0.0,0.0,0,0,0,2024-11-23T20:00:00+00:00,14.5,3.97,8.8,,0.0,0.0,0.0,0,0,47,0,open_air,open_air,0,0,1,open-meteo-era5,ok
2024,2,13,401640996,2024-11-23,13:00,2024-11-23T18:00:00+00:00,Western Kentucky Hilltoppers,Liberty Flames,Williams Stadium (VA),0,resolved_schedule_stadium,37.3544305,-79.1750239,America/New_York,USA,36.9847901,-86.4594041,America/Chicago,401.8,1.0,1.0,0,1,37.3544305,-79.1750239,America/New_York,0.0,0.0,0.0,0,0,0,2024-11-23T18:00:00+00:00,12.6,5.12,13.7,,0.0,0.0,0.0,0,0,46,3,open_air,open_air,0,0,1,open-meteo-era5,ok
2024,2,13,401641005,2024-11-23,11:00,2024-11-23T17:00:00+00:00,Sam Houston Bearkats,Jacksonville State Gamecocks,AmFirst Stadium,0,resolved_schedule_stadium,33.8201052,-85.76647,America/Chicago,USA,30.713926,-95.5419802,America/Chicago,609.8,0.0,0.0,0,1,33.8201052,-85.76647,America/Chicago,0.0,0.0,0.0,0,0,0,2024-11-23T17:00:00+00:00,12.0,2.23,7.0,,0.0,0.0,0.0,0,0,57,0,open_air,open_air,0,0,1,open-meteo-era5,ok
2024,2,13,401641027,2024-11-23,13:30,2024-11-23T19:30:00+00:00,New Mexico State Aggies,Middle Tennessee Blue Raiders,"Johnny ""Red"" Floyd Stadium",0,resolved_schedule_stadium,35.8511463,-86.3681649,America/Chicago,USA,32.2796202,-106.7411148,America/Denver,1189.6,1.0,1.0,0,1,35.8511463,-86.3681649,America/Chicago,0.0,0.0,0.0,0,0,0,2024-11-23T19:00:00+00:00,11.3,1.22,4.7,,0.0,0.0,0.0,0,0,60,0,open_air,open_air,0,0,1,open-meteo-era5,ok
2024,2,13,401643763,2024-11-23,19:30,2024-11-24T03:30:00+00:00,Air Force Falcons,Nevada Wolf Pack,Mackay Stadium,0,resolved_schedule_stadium,39.5469459,-119.8175435,America/Los_Angeles,USA,38.9969701,-104.8436165,America/Denver,800.9,-1.0,1.0,1,0,39.5469459,-119.8175435,America/Los_Angeles,0.0,0.0,0.0,0,0,0,2024-11-24T03:00:00+00:00,3.9,1.64,6.8,,0.0,0.0,0.0,0,0,77,1,open_air,open_air,0,0,1,open-meteo-era5,ok
2024,2,13,401643764,2024-11-23,17:00,2024-11-24T00:00:00+00:00,Boise State Broncos,Wyoming Cowboys,War Memorial Stadium,0,resolved_schedule_stadium,41.31161,-105.5681384,America/Denver,USA,43.6028839,-116.1958882,America/Boise,564.0,0.0,0.0,0,1,41.31161,-105.5681384,America/Denver,0.0,0.0,0.0,0,0,0,2024-11-24T00:00:00+00:00,7.1,6.59,11.1,,0.0,0.0,0.0,0,0,25,0,open_air,open_air,0,0,1,open-meteo-era5,ok
2024,2,13,401643765,2024-11-23,19:30,2024-11-24T03:30:00+00:00,Colorado State Rams,Fresno State Bulldogs,Valley Children's Stadium,0,resolved_schedule_stadium,36.8143527,-119.7580092,America/Los_Angeles,USA,40.570015,-105.088435,America/Denver,831.4,-1.0,1.0,1,0,36.8143527,-119.7580092,America/Los_Angeles,0.0,0.0,0.0,0,0,0,2024-11-24T03:00:00+00:00,14.0,1.84,3.1,,0.0,0.0,0.0,0,0,87,0,open_air,open_air,0,0,1,open-meteo-era5,ok
2024,2,13,401643766,2024-11-23,13:30,2024-11-23T20:30:00+00:00,San Diego State Aztecs,Utah State Aggies,Maverik Stadium,0,resolved_schedule_stadium,41.7517394,-111.8116007,America/Denver,USA,32.784444,-117.122833,America/Los_Angeles,684.6,1.0,1.0,0,1,41.7517394,-111.8116007,America/Denver,0.0,0.0,0.0,0,0,0,2024-11-23T20:00:00+00:00,11.4,2.45,10.2,,0.0,0.0,0.0,0,0,37,3,open_air,open_air,0,0,1,open-meteo-era5,ok
2024,2,13,401643836,2024-11-23,14:30,2024-11-23T19:30:00+00:00,James Madison Dukes,App State Mountaineers,Kidd Brewer Stadium,0,resolved_schedule_stadium,36.2114267,-81.6854278,America/New_York,USA,38.4352919,-78.8729349,America/New_York,217.9,0.0,0.0,1,0,36.2114267,-81.6854278,America/New_York,0.0,0.0,0.0,0,0,0,2024-11-23T19:00:00+00:00,4.9,4.75,13.5,,0.0,0.0,0.0,0,0,70,3,open_air,open_air,0,0,1,open-meteo-era5,ok
2024,2,13,401643837,2024-11-23,15:30,2024-11-23T20:30:00+00:00,Georgia Southern Eagles,Coastal Carolina Chanticleers,Brooks Stadium (SC),0,resolved_schedule_stadium,33.7928506,-79.0166946,America/New_York,USA,32.4122471,-81.7849296,America/New_York,186.5,0.0,0.0,0,1,33.7928506,-79.0166946,America/New_York,0.0,0.0,0.0,0,0,0,2024-11-23T20:00:00+00:00,16.1,3.67,7.3,,0.0,0.0,0.0,0,0,43,0,open_air,open_air,0,0,1,open-meteo-era5,ok
2024,2,13,401643838,2024-11-23,19:30,2024-11-24T00:30:00+00:00,Marshall Thundering Herd,Old Dominion Monarchs,S.B. Ballard Stadium,0,resolved_schedule_stadium,36.8889533,-76.3049175,America/New_York,USA,38.4247042,-82.4214412,America/New_York,350.9,0.0,0.0,0,1,36.8889533,-76.3049175,America/New_York,0.0,0.0,0.0,0,0,0,2024-11-24T00:00:00+00:00,10.0,2.94,4.6,,0.0,0.0,0.0,0,0,68,2,open_air,open_air,0,0,1,open-meteo-era5,ok
2024,2,13,401643839,2024-11-23,14:00,2024-11-23T20:00:00+00:00,UL Monroe Warhawks,Arkansas State Red Wolves,Centennial Bank Stadium,0,resolved_schedule_stadium,35.8488977,-90.6677436,America/Chicago,USA,32.5308089,-92.0660602,America/Chicago,242.8,0.0,0.0,0,1,35.8488977,-90.6677436,America/Chicago,0.0,0.0,0.0,0,0,0,2024-11-23T20:00:00+00:00,13.3,1.1,3.9,,0.0,0.0,0.0,0,0,52,0,open_air,open_air,0,0,1,open-meteo-era5,ok
2024,2,13,401643840,2024-11-23,16:00,2024-11-23T22:00:00+00:00,Troy Trojans,Louisiana Ragin' Cajuns,Cajun Field,0,resolved_schedule_stadium,30.2158434,-92.0417371,America/Chicago,USA,31.7995565,-85.9518328,America/Chicago,376.8,0.0,0.0,1,0,30.2158434,-92.0417371,America/Chicago,0.0,0.0,0.0,0,0,0,2024-11-23T22:00:00+00:00,17.8,1.23,1.8,,0.0,0.0,0.0,0,0,41,0,open_air,open_air,0,0,1,open-meteo-era5,ok
2024,2,13,401643841,2024-11-23,14:00,2024-11-23T20:00:00+00:00,South Alabama Jaguars,Southern Miss Golden Eagles,M. M. Roberts Stadium,0,resolved_schedule_stadium,31.3289321,-89.3318118,America/Chicago,USA,30.6943566,-88.0430541,America/Chicago,88.0,0.0,0.0,1,0,31.3289321,-89.3318118,America/Chicago,0.0,0.0,0.0,0,0,0,2024-11-23T20:00:00+00:00,18.7,1.07,3.9,,0.0,0.0,0.0,0,0,37,0,open_air,open_air,0,0,1,open-meteo-era5,ok
2024,2,13,401643842,2024-11-23,18:00,2024-11-24T00:00:00+00:00,Georgia State Panthers,Texas State Bobcats,Bobcat Stadium (TX),0,resolved_schedule_stadium,29.8910008,-97.9255735,America/Chicago,USA,33.735267,-84.389949,America/New_York,837.2,-1.0,1.0,1,0,29.8910008,-97.9255735,America/Chicago,0.0,0.0,0.0,0,0,0,2024-11-24T00:00:00+00:00,20.7,2.45,4.0,,0.0,0.0,0.0,0,0,54,0,open_air,open_air,0,0,1,open-meteo-era5,ok
2024,2,13,401644774,2024-11-23,14:00,2024-11-23T19:00:00+00:00,Bowling Green Falcons,Ball State Cardinals,Scheumann Stadium,0,resolved_schedule_stadium,40.2159422,-85.4161148,America/Indiana/Indianapolis,USA,41.3780114,-83.6225,America/New_York,123.5,0.0,0.0,1,0,40.2159422,-85.4161148,America/Indiana/Indianapolis,0.0,0.0,0.0,0,0,0,2024-11-23T19:00:00+00:00,4.6,4.2,8.2,,0.0,0.0,0.0,0,0,87,3,open_air,open_air,0,0,1,open-meteo-era5,ok
2024,2,13,401645371,2024-11-23,15:00,2024-11-23T20:00:00+00:00,Charlotte 49ers,Florida Atlantic Owls,FAU Stadium,0,resolved_schedule_stadium,26.3763763,-80.1015759,America/New_York,USA,35.3105033,-80.7401194,America/New_York,618.5,0.0,0.0,0,1,26.3763763,-80.1015759,America/New_York,0.0,0.0,0.0,0,0,0,2024-11-23T20:00:00+00:00,21.1,2.89,6.5,,0.0,0.0,0.0,0,0,30,0,open_air,open_air,0,0,1,open-meteo-era5,ok
2024,2,13,401645372,2024-11-23,14:30,2024-11-23T20:30:00+00:00,East Carolina Pirates,North Texas Mean Green,DATCU Stadium,0,resolved_schedule_stadium,33.203899,-97.159245,America/Chicago,USA,35.5968486,-77.364564,America/New_York,1138.6,-1.0,1.0,1,0,33.203899,-97.159245,America/Chicago,0.0,0.0,0.0,0,0,0,2024-11-23T20:00:00+00:00,22.4,4.78,9.4,,0.0,0.0,0.0,0,0,38,0,open_air,open_air,0,0,1,open-meteo-era5,ok
2024,2,13,401645373,2024-11-23,13:00,2024-11-23T19:00:00+00:00,Rice Owls,UAB Blazers,Protective Stadium,0,resolved_schedule_stadium,33.5206824,-86.8024326,America/Chicago,USA,29.7163297,-95.4093261,America/Chicago,570.3,0.0,0.0,0,1,33.5206824,-86.8024326,America/Chicago,0.0,0.0,0.0,0,0,0,2024-11-23T19:00:00+00:00,14.5,1.96,5.9,,0.0,0.0,0.0,0,0,49,0,open_air,open_air,0,0,1,open-meteo-era5,ok
2024,2,13,401645375,2024-11-23,15:30,2024-11-23T20:30:00+00:00,Tulsa Golden Hurricane,South Florida Bulls,Raymond James Stadium,0,resolved_schedule_stadium,27.9758691,-82.5033344,America/New_York,USA,36.1489175,-95.9437853,America/Chicago,967.0,1.0,1.0,0,1,27.9758691,-82.5033344,America/New_York,0.0,0.0,0.0,0,0,0,2024-11-23T20:00:00+00:00,18.8,3.6,7.2,,0.0,0.0,0.0,0,0,41,0,open_air,open_air,0,0,1,open-meteo-era5,ok
2024,2,13,401640959,2024-11-24,00:00,,Army Black Knights,Notre Dame Fighting Irish,Yankee Stadium,1,unresolved_neutral_venue,,,,,41.3874924,-73.9640891,America/New_York,,,,,,41.698378,-86.2339425,America/Indiana/Indianapolis,,,,,,,,,,,,,,,,,,,,,,,,,venue_unresolved
2024,2,14,401644775,2024-11-26,19:00,2024-11-27T00:00:00+00:00,Toledo Rockets,Akron Zips,InfoCision Stadium,0,resolved_schedule_stadium,41.0725534,-81.5083408,America/New_York,USA,41.6574777,-83.6135652,America/New_York,116.4,0.0,0.0,0,1,41.0725534,-81.5083408,America/New_York,0.0,0.0,0.0,0,0,0,2024-11-27T00:00:00+00:00,3.3,4.15,7.7,,0.0,0.0,0.0,0,0,62,0,open_air,open_air,0,0,1,open-meteo-era5,ok
2024,2,14,401644776,2024-11-26,19:00,2024-11-27T00:00:00+00:00,Kent State Golden Flashes,Buffalo Bulls,UB Stadium,0,resolved_schedule_stadium,42.9991334,-78.7775113,America/New_York,USA,41.1390935,-81.31346,America/New_York,182.8,0.0,0.0,0,1,42.9991334,-78.7775113,America/New_York,0.0,0.0,0.0,0,0,0,2024-11-27T00:00:00+00:00,5.2,7.36,13.8,,0.0,0.0,0.0,0,0,65,2,open_air,open_air,0,0,1,open-meteo-era5,ok
2024,2,14,401645376,2024-11-28,18:30,2024-11-29T00:30:00+00:00,Memphis Tigers,Tulane Green Wave,Yulman Stadium,0,resolved_schedule_stadium,29.944616,-90.116692,America/Chicago,USA,35.1209429,-89.977147,America/Chicago,357.7,0.0,0.0,1,0,29.944616,-90.116692,America/Chicago,0.0,0.0,0.0,0,0,0,2024-11-29T00:00:00+00:00,16.5,5.57,9.6,,0.0,0.0,0.0,0,0,63,3,open_air,open_air,0,0,1,open-meteo-era5,ok
2024,2,14,401628439,2024-11-29,19:30,2024-11-30T00:30:00+00:00,Georgia Tech Yellow Jackets,Georgia Bulldogs,Sanford Stadium,0,resolved_schedule_stadium,33.9498197,-83.3733813,America/New_York,USA,33.7724449,-84.3928054,America/New_York,59.8,0.0,0.0,0,1,33.9498197,-83.3733813,America/New_York,0.0,0.0,0.0,0,0,0,2024-11-30T00:00:00+00:00,6.2,4.36,8.4,,0.0,0.0,0.0,0,0,35,0,open_air,open_air,0,0,1,open-meteo-era5,ok
2024,2,14,401628442,2024-11-29,14:30,2024-11-29T20:30:00+00:00,Mississippi State Bulldogs,Ole Miss Rebels,Vaught-Hemingway Stadium,0,resolved_schedule_stadium,34.3619837,-89.5342076,America/Chicago,USA,33.4563403,-88.7933652,America/Chicago,75.6,0.0,0.0,1,0,34.3619837,-89.5342076,America/Chicago,0.0,0.0,0.0,0,0,0,2024-11-29T20:00:00+00:00,7.6,3.07,8.2,,0.0,0.0,0.0,0,0,37,0,open_air,open_air,0,0,1,open-meteo-era5,ok
2024,2,14,401628562,2024-11-29,18:30,2024-11-30T00:30:00+00:00,Nebraska Cornhuskers,Iowa Hawkeyes,Kinnick Stadium,0,resolved_schedule_stadium,41.6586045,-91.5510829,America/Chicago,USA,40.820682,-96.705594,America/Chicago,273.9,0.0,0.0,0,1,41.6586045,-91.5510829,America/Chicago,0.0,0.0,0.0,0,0,0,2024-11-30T00:00:00+00:00,-6.9,4.57,7.0,,0.0,0.0,0.0,0,0,53,0,open_air,open_air,0,0,1,open-meteo-era5,ok
2024,2,14,401628568,2024-11-29,11:00,2024-11-29T17:00:00+00:00,Minnesota Golden Gophers,Wisconsin Badgers,Camp Randall Stadium,0,resolved_schedule_stadium,43.06994,-89.4126943,America/Chicago,USA,44.976525,-93.2245462,America/Chicago,230.7,0.0,0.0,0,1,43.06994,-89.4126943,America/Chicago,0.0,0.0,0.0,0,0,0,2024-11-29T17:00:00+00:00,-6.0,5.76,12.9,,0.0,0.0,0.0,0,0,58,3,open_air,open_air,0,0,1,open-meteo-era5,ok
2024,2,14,401635625,2024-11-29,13:00,2024-11-29T21:00:00+00:00,Stanford Cardinal,San José State Spartans,CEFCU Stadium,0,resolved_schedule_stadium,37.3196675,-121.8682962,America/Los_Angeles,USA,37.4345556,-122.1611271,America/Los_Angeles,17.9,0.0,0.0,0,1,37.3196675,-121.8682962,America/Los_Angeles,0.0,0.0,0.0,0,0,0,2024-11-29T21:00:00+00:00,17.8,1.79,5.2,,0.0,0.0,0.0,0,0,44,3,open_air,open_air,0,0,1,open-meteo-era5,ok
2024,2,14,401636938,2024-11-29,10:00,2024-11-29T17:00:00+00:00,Oklahoma State Cowboys,Colorado Buffaloes,Folsom Field,0,resolved_schedule_stadium,40.0094746,-105.266905,America/Denver,USA,36.125673,-97.066513,America/Chicago,520.2,-1.0,1.0,1,0,40.0094746,-105.266905,America/Denver,0.0,0.0,0.0,0,0,0,2024-11-29T17:00:00+00:00,-0.1,3.09,6.0,,0.0,0.0,0.0,0,0,64,0,open_air,open_air,0,0,1,open-meteo-era5,ok
2024,2,14,401636939,2024-11-29,20:00,2024-11-30T01:00:00+00:00,Utah Utes,UCF Knights,FBC Mortgage Stadium,0,resolved_schedule_stadium,28.6079765,-81.1927233,America/New_York,USA,40.7599724,-111.8488255,America/Denver,1920.2,2.0,2.0,0,1,28.6079765,-81.1927233,America/New_York,0.0,0.0,0.0,0,0,0,2024-11-30T01:00:00+00:00,16.4,3.62,8.5,,0.0,0.0,0.0,0,0,68,3,open_air,open_air,0,0,1,open-meteo-era5,ok
2024,2,14,401640997,2024-11-29,14:30,2024-11-29T20:30:00+00:00,Liberty Flames,Sam Houston Bearkats,Elliott T. Bowers Stadium,0,resolved_schedule_stadium,30.713926,-95.5419802,America/Chicago,USA,37.3544305,-79.1750239,America/New_York,1041.4,-1.0,1.0,1,0,30.713926,-95.5419802,America/Chicago,0.0,0.0,0.0,0,0,0,2024-11-29T20:00:00+00:00,14.2,3.85,9.5,,0.0,0.0,0.0,0,0,30,0,open_air,open_air,0,0,1,open-meteo-era5,ok
2024,2,14,401643769,2024-11-29,10:00,2024-11-29T17:00:00+00:00,Oregon State Beavers,Boise State Broncos,Albertsons Stadium,0,resolved_schedule_stadium,43.6028839,-116.1958882,America/Boise,USA,44.5594559,-123.2814341,America/Los_Angeles,357.7,1.0,1.0,0,1,43.6028839,-116.1958882,America/Boise,0.0,0.0,0.0,0,0,0,2024-11-29T17:00:00+00:00,0.9,1.02,4.6,,0.0,0.0,0.0,0,0,65,0,open_air,open_air,0,0,1,open-meteo-era5,ok
2024,2,14,401643770,2024-11-29,13:30,2024-11-29T20:30:00+00:00,Utah State Aggies,Colorado State Rams,Canvas Stadium,0,resolved_schedule_stadium,40.570015,-105.088435,America/Denver,USA,41.7517394,-111.8116007,America/Denver,359.0,0.0,0.0,0,1,40.570015,-105.088435,America/Denver,0.0,0.0,0.0,0,0,0,2024-11-29T20:00:00+00:00,7.7,2.06,5.6,,0.0,0.0,0.0,0,0,29,1,open_air,open_air,0,0,1,open-meteo-era5,ok
2024,2,14,401643843,2024-11-29,14:30,2024-11-29T20:30:00+00:00,Texas State Bobcats,South Alabama Jaguars,Hancock Whitney Stadium,0,resolved_schedule_stadium,30.6943566,-88.0430541,America/Chicago,USA,29.8910008,-97.9255735,America/Chicago,592.0,0.0,0.0,0,1,30.6943566,-88.0430541,America/Chicago,0.0,0.0,0.0,0,0,0,2024-11-29T20:00:00+00:00,13.3,5.6,11.8,,0.0,0.0,0.0,0,0,36,0,open_air,open_air,0,0,1,open-meteo-era5,ok
2024,2,14,401644691,2024-11-29,12:00,2024-11-29T17:00:00+00:00,Miami (OH) RedHawks,Bowling Green Falcons,Doyt L. Perry Stadium,0,resolved_schedule_stadium,41.3780114,-83.6225,America/New_York,USA,39.5197009,-84.7330255,America/New_York,141.0,0.0,0.0,0,1,41.3780114,-83.6225,America/New_York,0.0,0.0,0.0,0,0,0,2024-11-29T17:00:00+00:00,-1.3,7.83,15.9,,0.1,0.0,0.07,0,1,64,71,open_air,open_air,0,0,1,open-meteo-era5,ok
2024,2,14,401644777,2024-11-29,12:00,2024-11-29T17:00:00+00:00,Ball State Cardinals,Ohio Bobcats,Peden Stadium,0,resolved_schedule_stadium,39.3212794,-82.1034315,America/New_York,USA,40.2159422,-85.4161148,America/Indiana/Indianapolis,186.5,0.0,0.0,0,1,39.3212794,-82.1034315,America/New_York,0.0,0.0,0.0,0,0,0,2024-11-29T17:00:00+00:00,0.5,5.71,13.5,,0.0,0.0,0.0,0,0,61,3,open_air,open_air,0,0,1,open-meteo-era5,ok
2024,2,14,401645379,2024-11-29,12:00,2024-11-29T17:00:00+00:00,Navy Midshipmen,East Carolina Pirates,Dowdy-Ficklen Stadium,0,resolved_schedule_stadium,35.5968486,-77.364564,America/New_York,USA,38.9846985,-76.5076335,America/New_York,238.8,0.0,0.0,1,0,35.5968486,-77.364564,America/New_York,0.0,0.0,0.0,0,0,0,2024-11-29T17:00:00+00:00,11.5,2.23,5.8,,0.0,0.0,0.0,0,0,48,1,open_air,open_air,0,0,1,open-meteo-era5,ok
2024,2,14,401628437,2024-11-30,14:30,2024-11-30T20:30:00+00:00,Auburn Tigers,Alabama Crimson Tide,Bryant-Denny Stadium,0,resolved_schedule_stadium,33.2082752,-87.5503836,America/Chicago,USA,32.6025532,-85.4897479,America/Chicago,126.6,0.0,0.0,1,0,33.2082752,-87.5503836,America/Chicago,0.0,0.0,0.0,0,0,0,2024-11-30T20:00:00+00:00,11.5,0.43,2.9,,0.0,0.0,0.0,0,0,28,0,open_air,open_air,0,0,1,open-meteo-era5,ok
2024,2,14,401628438,2024-11-30,19:00,2024-12-01T00:00:00+00:00,Florida Gators,Florida State Seminoles,Doak Campbell Stadium,0,resolved_schedule_stadium,30.4381692,-84.3044032,America/New_York,USA,29.6499357,-82.3485788,America/New_York,129.0,0.0,0.0,1,0,30.4381692,-84.3044032,America/New_York,0.0,0.0,0.0,0,0,0,2024-12-01T00:00:00+00:00,6.1,2.11,3.4,,0.0,0.0,0.0,0,0,69,0,open_air,open_air,0,0,1,open-meteo-era5,ok
2024,2,14,401628440,2024-11-30,12:00,2024-11-30T17:00:00+00:00,Louisville Cardinals,Kentucky Wildcats,Kroger Field,0,resolved_schedule_stadium,38.0220905,-84.5053408,America/New_York,USA,38.2057621,-85.7588141,America/Kentucky/Louisville,69.3,0.0,0.0,0,1,38.0220905,-84.5053408,America/New_York,0.0,0.0,0.0,0,0,0,2024-11-30T17:00:00+00:00,-0.6,3.46,9.5,,0.0,0.0,0.0,0,0,42,3,open_air,open_air,0,0,1,open-meteo-era5,ok
2024,2,14,401628441,2024-11-30,18:00,2024-12-01T00:00:00+00:00,Oklahoma Sooners,LSU Tigers,Tiger Stadium (LA),0,resolved_schedule_stadium,30.412035,-91.1838163,America/Chicago,USA,35.2058537,-97.4423145,America/Chicago,491.5,0.0,0.0,0,1,30.412035,-91.1838163,America/Chicago,0.0,0.0,0.0,0,0,0,2024-12-01T00:00:00+00:00,8.5,2.22,3.3,,0.0,0.0,0.0,0,0,62,0,open_air,open_air,0,0,1,open-meteo-era5,ok
2024,2,14,401628443,2024-11-30,14:30,2024-11-30T20:30:00+00:00,Arkansas Razorbacks,Missouri Tigers,Memorial Stadium,0,ambiguous_schedule_stadium,,,America/Chicago,,36.0680662,-94.1789534,America/Chicago,,,,,,38.9358491,-92.3332009,America/Chicago,,,,,,,,,,,,,,,,,,,open_air,,,,,,venue_unresolved
2024,2,14,401628444,2024-11-30,12:00,2024-11-30T17:00:00+00:00,South Carolina Gamecocks,Clemson Tigers,"Memorial Stadium (Clemson, SC)",0,resolved_schedule_stadium_timezone,34.6787737,-82.8432428,America/New_York,USA,33.9730239,-81.0191726,America/New_York,114.9,0.0,0.0,1,0,34.6787737,-82.8432428,America/New_York,0.0,0.0,0.0,0,0,0,2024-11-30T17:00:00+00:00,7.9,1.52,5.3,,0.0,0.0,0.0,0,0,29,0,open_air,open_air,0,0,1,open-meteo-era5,ok
2024,2,14,401628445,2024-11-30,18:30,2024-12-01T00:30:00+00:00,Texas Longhorns,Texas A&M Aggies,Kyle Field,0,resolved_schedule_stadium,30.6098891,-96.3403828,America/Chicago,USA,30.2836813,-97.7325345,America/Chicago,85.9,0.0,0.0,0,1,30.6098891,-96.3403828,America/Chicago,0.0,0.0,0.0,0,0,0,2024-12-01T00:00:00+00:00,14.7,1.43,2.0,,0.0,0.0,0.0,0,0,59,2,open_air,open_air,0,0,1,open-meteo-era5,ok
2024,2,14,401628446,2024-11-30,11:00,2024-11-30T17:00:00+00:00,Tennessee Volunteers,Vanderbilt Commodores,FirstBank Stadium,0,resolved_schedule_stadium,36.1440455,-86.8088942,America/Chicago,USA,35.9550131,-83.9250128,America/New_York,161.6,-1.0,1.0,1,0,36.1440455,-86.8088942,America/Chicago,0.0,0.0,0.0,0,0,0,2024-11-30T17:00:00+00:00,4.6,1.37,5.0,,0.0,0.0,0.0,0,0,44,3,open_air,open_air,0,0,1,open-meteo-era5,ok
2024,2,14,401628563,2024-11-30,17:00,,Illinois Fighting Illini,Northwestern Wildcats,Wrigley Field,1,unresolved_neutral_venue,,,,,40.0993268,-88.2359569,America/Chicago,,,,,,42.0653994,-87.6924751,America/Chicago,,,,,,,,,,,,,,,,,,,,,,,,,venue_unresolved
2024,2,14,401628564,2024-11-30,19:00,2024-12-01T00:00:00+00:00,Purdue Boilermakers,Indiana Hoosiers,"Memorial Stadium (Bloomington, IN)",0,resolved_schedule_stadium_timezone,39.1808959,-86.5256217,America/Indiana/Indianapolis,USA,40.4352253,-86.9186843,America/Indiana/Indianapolis,89.1,0.0,0.0,0,1,39.1808959,-86.5256217,America/Indiana/Indianapolis,0.0,0.0,0.0,0,0,0,2024-12-01T00:00:00+00:00,-1.9,2.94,6.7,,0.2,0.0,0.14,0,1,94,71,open_air,open_air,0,0,1,open-meteo-era5,ok
2024,2,14,401628565,2024-11-30,15:30,2024-11-30T20:30:00+00:00,Maryland Terrapins,Penn State Nittany Lions,Beaver Stadium,0,resolved_schedule_stadium,40.8121958,-77.8561023,America/New_York,USA,38.9903332,-76.9473792,America/New_York,134.8,0.0,0.0,1,0,40.8121958,-77.8561023,America/New_York,0.0,0.0,0.0,0,0,0,2024-11-30T20:00:00+00:00,-2.2,4.75,11.4,,0.0,0.0,0.0,0,0,52,3,open_air,open_air,0,0,1,open-meteo-era5,ok
2024,2,14,401628566,2024-11-30,12:00,2024-11-30T17:00:00+00:00,Michigan Wolverines,Ohio State Buckeyes,Ohio Stadium,0,resolved_schedule_stadium,40.0016447,-83.0197266,America/New_York,USA,42.2658365,-83.7486956,America/Detroit,161.0,0.0,0.0,0,1,40.0016447,-83.0197266,America/New_York,0.0,0.0,0.0,0,0,0,2024-11-30T17:00:00+00:00,-3.2,4.95,10.6,,0.0,0.0,0.0,0,0,56,0,open_air,open_air,0,0,1,open-meteo-era5,ok
2024,2,14,401628567,2024-11-30,15:30,2024-11-30T20:30:00+00:00,Rutgers Scarlet Knights,Michigan State Spartans,Spartan Stadium,0,resolved_schedule_stadium,42.7281474,-84.4848526,America/Detroit,USA,40.5462553,-74.4660408,America/New_York,538.5,0.0,0.0,1,0,42.7281474,-84.4848526,America/Detroit,0.0,0.0,0.0,0,0,0,2024-11-30T20:00:00+00:00,-4.5,6.17,12.1,,0.1,0.0,0.07,0,1,75,71,open_air,open_air,0,0,1,open-meteo-era5,ok
2024,2,14,401628569,2024-11-30,16:30,2024-12-01T00:30:00+00:00,Washington Huskies,Oregon Ducks,Autzen Stadium,0,resolved_schedule_stadium,44.0582712,-123.0684883,America/Los_Angeles,USA,47.6503235,-122.3015746,America/Los_Angeles,250.9,0.0,0.0,1,0,44.0582712,-123.0684883,America/Los_Angeles,0.0,0.0,0.0,0,0,0,2024-12-01T00:00:00+00:00,3.8,1.91,3.2,,0.0,0.0,0.0,0,0,81,0,open_air,open_air,0,0,1,open-meteo-era5,ok
2024,2,14,401628570,2024-11-30,12:30,2024-11-30T20:30:00+00:00,Fresno State Bulldogs,UCLA Bruins,Rose Bowl,0,resolved_schedule_stadium,34.1613284,-118.1676462,America/Los_Angeles,USA,36.8143527,-119.7580092,America/Los_Angeles,204.0,0.0,0.0,0,1,34.1613284,-118.1676462,America/Los_Angeles,0.0,0.0,0.0,0,0,0,2024-11-30T20:00:00+00:00,23.3,2.02,5.9,,0.0,0.0,0.0,0,0,15,3,open_air,open_air,0,0,1,open-meteo-era5,ok
2024,2,14,401628571,2024-11-30,12:30,2024-11-30T20:30:00+00:00,Notre Dame Fighting Irish,USC Trojans,Los Angeles Memorial Coliseum,0,resolved_schedule_stadium,34.014167,-118.287778,America/Los_Angeles,USA,41.698378,-86.2339425,America/Indiana/Indianapolis,1815.6,-3.0,3.0,1,0,34.014167,-118.287778,America/Los_Angeles,0.0,0.0,0.0,0,0,0,2024-11-30T20:00:00+00:00,23.8,0.78,4.7,,0.0,0.0,0.0,0,0,18,3,open_air,open_air,0,0,1,open-meteo-era5,ok
2024,2,14,401629038,2024-11-30,12:00,2024-11-30T17:00:00+00:00,UConn Huskies,Massachusetts Minutemen,Warren McGuirk Alumni Stadium,0,resolved_schedule_stadium,42.3773244,-72.5360595,America/New_York,USA,41.7595675,-72.6187728,America/New_York,42.9,0.0,0.0,0,1,42.3773244,-72.5360595,America/New_York,0.0,0.0,0.0,0,0,0,2024-11-30T17:00:00+00:00,2.6,3.66,9.6,,0.0,0.0,0.0,0,0,52,1,open_air,open_air,0,0,1,open-meteo-era5,ok
2024,2,14,401635620,2024-11-30,15:00,2024-11-30T20:00:00+00:00,Pittsburgh Panthers,Boston College Eagles,"Alumni Stadium (Chestnut Hill, MA)",0,resolved_schedule_stadium,42.335104,-71.1664413,America/New_York,USA,40.4467648,-80.0157603,America/New_York,476.6,0.0,0.0,0,1,42.335104,-71.1664413,America/New_York,0.0,0.0,0.0,0,0,0,2024-11-30T20:00:00+00:00,3.9,3.82,8.0,,0.0,0.0,0.0,0,0,42,2,open_air,open_air,0,0,1,open-meteo-era5,ok
2024,2,14,401635621,2024-11-30,14:30,2024-11-30T20:30:00+00:00,California Golden Bears,SMU Mustangs,Gerald J. Ford Stadium,0,resolved_schedule_stadium,32.8377223,-96.7827859,America/Chicago,USA,37.8710434,-122.2507729,America/Los_Angeles,1471.7,2.0,2.0,0,1,32.8377223,-96.7827859,America/Chicago,0.0,0.0,0.0,0,0,0,2024-11-30T20:00:00+00:00,14.9,3.47,7.3,,0.0,0.0,0.0,0,0,30,0,open_air,open_air,0,0,1,open-meteo-era5,ok
2024,2,14,401635622,2024-11-30,12:00,2024-11-30T17:00:00+00:00,Duke Blue Devils,Wake Forest Demon Deacons,Allegacy Federal Credit Union Stadium,0,resolved_schedule_stadium,36.1305507,-80.2545851,America/New_York,USA,35.9953688,-78.9417564,America/New_York,73.9,0.0,0.0,1,0,36.1305507,-80.2545851,America/New_York,0.0,0.0,0.0,0,0,0,2024-11-30T17:00:00+00:00,4.3,3.52,8.7,,0.0,0.0,0.0,0,0,30,1,open_air,open_air,0,0,1,open-meteo-era5,ok
2024,2,14,401635623,2024-11-30,15:30,2024-11-30T20:30:00+00:00,Miami Hurricanes,Syracuse Orange,JMA Wireless Dome,0,resolved_schedule_stadium,43.0362269,-76.1363161,America/New_York,USA,25.9579665,-80.2388604,America/New_York,1202.5,0.0,0.0,0,1,43.0362269,-76.1363161,America/New_York,0.0,0.0,0.0,0,0,0,2024-11-30T20:00:00+00:00,0.3,5.37,11.4,,0.0,0.0,0.0,0,0,60,3,dome,dome,1,0,0,open-meteo-era5,ok
2024,2,14,401635624,2024-11-30,15:30,2024-11-30T20:30:00+00:00,NC State Wolfpack,North Carolina Tar Heels,Kenan Stadium,0,resolved_schedule_stadium,35.9069294,-79.0478889,America/New_York,USA,35.8008001,-78.7195655,America/New_York,19.8,0.0,0.0,1,0,35.9069294,-79.0478889,America/New_York,0.0,0.0,0.0,0,0,0,2024-11-30T20:00:00+00:00,7.2,3.63,8.6,,0.0,0.0,0.0,0,0,26,0,open_air,open_air,0,0,1,open-meteo-era5,ok
2024,2,14,401635640,2024-11-30,20:00,2024-12-01T01:00:00+00:00,Virginia Cavaliers,Virginia Tech Hokies,Lane Stadium,0,resolved_schedule_stadium,37.2199873,-80.4180643,America/New_York,USA,38.0311801,-78.5137897,America/New_York,118.3,0.0,0.0,1,0,37.2199873,-80.4180643,America/New_York,0.0,0.0,0.0,0,0,0,2024-12-01T01:00:00+00:00,-1.2,3.4,8.8,,0.0,0.0,0.0,0,0,43,1,open_air,open_air,0,0,1,open-meteo-era5,ok
2024,2,14,401636940,2024-11-30,13:30,2024-11-30T20:30:00+00:00,Arizona State Sun Devils,Arizona Wildcats,Arizona Stadium,0,resolved_schedule_stadium,32.2288054,-110.9488677,America/Phoenix,USA,33.4264471,-111.9325005,America/Phoenix,100.5,0.0,0.0,0,1,32.2288054,-110.9488677,America/Phoenix,0.0,0.0,0.0,0,0,0,2024-11-30T20:00:00+00:00,23.7,0.16,3.3,,0.0,0.0,0.0,0,0,23,1,open_air,open_air,0,0,1,open-meteo-era5,ok
2024,2,14,401636941,2024-11-30,11:00,2024-11-30T17:00:00+00:00,Kansas Jayhawks,Baylor Bears,McLane Stadium,0,resolved_schedule_stadium,31.5582015,-97.1156702,America/Chicago,USA,38.9629418,-95.2463686,America/Chicago,522.3,0.0,0.0,1,0,31.5582015,-97.1156702,America/Chicago,0.0,0.0,0.0,0,0,0,2024-11-30T17:00:00+00:00,12.0,2.6,7.2,,0.0,0.0,0.0,0,0,35,1,open_air,open_air,0,0,1,open-meteo-era5,ok
2024,2,14,401636942,2024-11-30,20:15,2024-12-01T03:15:00+00:00,Houston Cougars,BYU Cougars,LaVell Edwards Stadium,0,resolved_schedule_stadium,40.2575347,-111.6545247,America/Denver,USA,29.7219885,-95.3491623,America/Chicago,1172.2,-1.0,1.0,1,0,40.2575347,-111.6545247,America/Denver,0.0,0.0,0.0,0,0,0,2024-12-01T03:00:00+00:00,-2.2,1.0,3.8,,0.0,0.0,0.0,0,0,66,0,open_air,open_air,0,0,1,open-meteo-era5,ok
2024,2,14,401636943,2024-11-30,18:00,2024-11-30T23:00:00+00:00,TCU Horned Frogs,Cincinnati Bearcats,Nippert Stadium,0,resolved_schedule_stadium,39.1312495,-84.5161913,America/New_York,USA,32.7096604,-97.3680835,America/Chicago,843.7,1.0,1.0,0,1,39.1312495,-84.5161913,America/New_York,0.0,0.0,0.0,0,0,0,2024-11-30T23:00:00+00:00,-0.0,3.41,7.5,,0.0,0.0,0.0,0,0,49,3,open_air,open_air,0,0,1,open-meteo-era5,ok
2024,2,14,401636944,2024-11-30,18:30,2024-12-01T00:30:00+00:00,Kansas State Wildcats,Iowa State Cyclones,Jack Trice Stadium,0,resolved_schedule_stadium,42.0139977,-93.6357716,America/Chicago,USA,39.2020096,-96.5938395,America/Chicago,248.6,0.0,0.0,0,1,42.0139977,-93.6357716,America/Chicago,0.0,0.0,0.0,0,0,0,2024-12-01T00:00:00+00:00,-6.0,3.16,4.4,,0.0,0.0,0.0,0,0,54,3,open_air,open_air,0,0,1,open-meteo-era5,ok
2024,2,14,401636945,2024-11-30,11:00,2024-11-30T17:00:00+00:00,West Virginia Mountaineers,Texas Tech Red Raiders,Jones AT&T Stadium,0,resolved_schedule_stadium,33.5910518,-101.8728824,America/Chicago,USA,39.6502744,-79.9551873,America/New_York,1281.6,-1.0,1.0,1,0,33.5910518,-101.8728824,America/Chicago,0.0,0.0,0.0,0,0,0,2024-11-30T17:00:00+00:00,10.9,3.48,7.9,,0.0,0.0,0.0,0,0,35,0,open_air,open_air,0,0,1,open-meteo-era5,ok
2024,2,14,401640988,2024-11-30,14:00,2024-11-30T19:00:00+00:00,Middle Tennessee Blue Raiders,Florida International Panthers,FIU Stadium,0,resolved_schedule_stadium,25.7525014,-80.3778912,America/New_York,USA,35.8511463,-86.3681649,America/Chicago,782.7,1.0,1.0,0,1,25.7525014,-80.3778912,America/New_York,0.0,0.0,0.0,0,0,0,2024-11-30T19:00:00+00:00,25.7,4.03,8.2,,0.0,0.0,0.0,0,0,58,3,open_air,open_air,0,0,1,open-meteo-era5,ok
2024,2,14,401641006,2024-11-30,15:00,2024-11-30T21:00:00+00:00,Jacksonville State Gamecocks,Western Kentucky Hilltoppers,Houchens Industries-L.T. Smith Stadium,0,resolved_schedule_stadium,36.9847901,-86.4594041,America/Chicago,USA,33.8201052,-85.76647,America/Chicago,222.1,0.0,0.0,1,0,36.9847901,-86.4594041,America/Chicago,0.0,0.0,0.0,0,0,0,2024-11-30T21:00:00+00:00,4.0,1.49,1.9,,0.0,0.0,0.0,0,0,49,3,open_air,open_air,0,0,1,open-meteo-era5,ok
2024,2,14,401641014,2024-11-30,15:00,2024-11-30T21:00:00+00:00,Kennesaw State Owls,Louisiana Tech Bulldogs,Joe Aillet Stadium,0,resolved_schedule_stadium,32.5321487,-92.6560019,America/Chicago,USA,34.0289318,-84.5676234,America/New_York,478.4,-1.0,1.0,1,0,32.5321487,-92.6560019,America/Chicago,0.0,0.0,0.0,0,0,0,2024-11-30T21:00:00+00:00,13.9,2.7,6.5,,0.0,0.0,0.0,0,0,25,0,open_air,open_air,0,0,1,open-meteo-era5,ok
2024,2,14,401641031,2024-11-30,14:00,2024-11-30T21:00:00+00:00,UTEP Miners,New Mexico State Aggies,Aggie Memorial Stadium,0,resolved_schedule_stadium,32.2796202,-106.7411148,America/Denver,USA,31.7733353,-106.507957,America/Denver,37.6,0.0,0.0,1,0,32.2796202,-106.7411148,America/Denver,0.0,0.0,0.0,0,0,0,2024-11-30T21:00:00+00:00,17.1,1.5,4.6,,0.0,0.0,0.0,0,0,23,3,open_air,open_air,0,0,1,open-meteo-era5,ok
2024,2,14,401643768,2024-11-30,19:30,2024-12-01T03:30:00+00:00,Air Force Falcons,San Diego State Aztecs,Snapdragon Stadium,0,resolved_schedule_stadium,32.784444,-117.122833,America/Los_Angeles,USA,38.9969701,-104.8436165,America/Denver,809.2,-1.0,1.0,1,0,32.784444,-117.122833,America/Los_Angeles,0.0,0.0,0.0,0,0,0,2024-12-01T03:00:00+00:00,16.9,1.14,2.2,,0.0,0.0,0.0,0,0,42,3,open_air,open_air,0,0,1,open-meteo-era5,ok
2024,2,14,401643771,2024-11-30,18:00,2024-12-01T04:00:00+00:00,New Mexico Lobos,Hawai'i Rainbow Warriors,Clarence T.C. Ching Athletics Complex,0,resolved_schedule_stadium,21.294294,-157.819338,Pacific/Honolulu,USA,35.0669479,-106.6283225,America/Denver,3222.5,-3.0,3.0,1,0,21.294294,-157.819338,Pacific/Honolulu,0.0,0.0,0.0,0,0,0,2024-12-01T04:00:00+00:00,24.4,4.48,8.1,,0.0,0.0,0.0,0,0,73,1,open_air,open_air,0,0,1,open-meteo-era5,ok
2024,2,14,401643772,2024-11-30,17:00,2024-12-01T01:00:00+00:00,Nevada Wolf Pack,UNLV Rebels,Allegiant Stadium,0,resolved_schedule_stadium,36.0908,-115.1830,America/Los_Angeles,USA,39.5469459,-119.8175435,America/Los_Angeles,347.8,0.0,0.0,0,1,36.0908,-115.1830,America/Los_Angeles,0.0,0.0,0.0,0,0,0,2024-12-01T01:00:00+00:00,13.3,0.29,1.9,,0.0,0.0,0.0,0,0,15,3,fixed_roof,fixed_roof,1,0,0,open-meteo-era5,ok
2024,2,14,401643773,2024-11-30,15:30,2024-11-30T23:30:00+00:00,Wyoming Cowboys,Washington State Cougars,Gesa Field,0,resolved_schedule_stadium,46.731831,-117.1604991,America/Los_Angeles,USA,41.31161,-105.5681384,America/Denver,685.9,-1.0,1.0,1,0,46.731831,-117.1604991,America/Los_Angeles,0.0,0.0,0.0,0,0,0,2024-11-30T23:00:00+00:00,1.6,1.21,2.0,,0.0,0.0,0.0,0,0,82,3,open_air,open_air,0,0,1,open-meteo-era5,ok
2024,2,14,401643844,2024-11-30,18:00,2024-11-30T23:00:00+00:00,App State Mountaineers,Georgia Southern Eagles,Allen E. Paulson Stadium,0,resolved_schedule_stadium,32.4122471,-81.7849296,America/New_York,USA,36.2114267,-81.6854278,America/New_York,262.6,0.0,0.0,1,0,32.4122471,-81.7849296,America/New_York,0.0,0.0,0.0,0,0,0,2024-11-30T23:00:00+00:00,4.5,1.72,2.9,,0.0,0.0,0.0,0,0,60,0,open_air,open_air,0,0,1,open-meteo-era5,ok
2024,2,14,401643845,2024-11-30,14:00,2024-11-30T19:00:00+00:00,Coastal Carolina Chanticleers,Georgia State Panthers,Center Parc Stadium,0,resolved_schedule_stadium,33.735267,-84.389949,America/New_York,USA,33.7928506,-79.0166946,America/New_York,308.6,0.0,0.0,1,0,33.735267,-84.389949,America/New_York,0.0,0.0,0.0,0,0,0,2024-11-30T19:00:00+00:00,8.2,3.36,7.9,,0.0,0.0,0.0,0,0,32,0,open_air,open_air,0,0,1,open-meteo-era5,ok
2024,2,14,401643846,2024-11-30,20:00,2024-12-01T01:00:00+00:00,Marshall Thundering Herd,James Madison Dukes,Bridgeforth Stadium,0,resolved_schedule_stadium,38.4352919,-78.8729349,America/New_York,USA,38.4247042,-82.4214412,America/New_York,192.1,0.0,0.0,0,1,38.4352919,-78.8729349,America/New_York,0.0,0.0,0.0,0,0,0,2024-12-01T01:00:00+00:00,-3.0,1.15,4.6,,0.0,0.0,0.0,0,0,51,1,open_air,open_air,0,0,1,open-meteo-era5,ok
2024,2,14,401643847,2024-11-30,14:00,2024-11-30T20:00:00+00:00,Old Dominion Monarchs,Arkansas State Red Wolves,Centennial Bank Stadium,0,resolved_schedule_stadium,35.8488977,-90.6677436,America/Chicago,USA,36.8889533,-76.3049175,America/New_York,801.5,-1.0,1.0,1,0,35.8488977,-90.6677436,America/Chicago,0.0,0.0,0.0,0,0,0,2024-11-30T20:00:00+00:00,9.9,4.7,8.5,,0.0,0.0,0.0,0,0,33,3,open_air,open_air,0,0,1,open-meteo-era5,ok
2024,2,14,401643848,2024-11-30,11:00,2024-11-30T17:00:00+00:00,Louisiana Ragin' Cajuns,UL Monroe Warhawks,Malone Stadium,0,resolved_schedule_stadium,32.5308089,-92.0660602,America/Chicago,USA,30.2158434,-92.0417371,America/Chicago,160.0,0.0,0.0,1,0,32.5308089,-92.0660602,America/Chicago,0.0,0.0,0.0,0,0,0,2024-11-30T17:00:00+00:00,9.1,2.42,6.5,,0.0,0.0,0.0,0,0,43,2,open_air,open_air,0,0,1,open-meteo-era5,ok
2024,2,14,401643849,2024-11-30,13:00,2024-11-30T19:00:00+00:00,Southern Miss Golden Eagles,Troy Trojans,Veterans Memorial Stadium (AL),0,resolved_schedule_stadium,31.7995565,-85.9518328,America/Chicago,USA,31.3289321,-89.3318118,America/Chicago,201.6,0.0,0.0,0,1,31.7995565,-85.9518328,America/Chicago,0.0,0.0,0.0,0,0,0,2024-11-30T19:00:00+00:00,11.9,2.69,7.3,,0.0,0.0,0.0,0,0,24,3,open_air,open_air,0,0,1,open-meteo-era5,ok
2024,2,14,401644779,2024-11-30,14:30,2024-11-30T20:30:00+00:00,Central Michigan Chippewas,Northern Illinois Huskies,Huskie Stadium,0,resolved_schedule_stadium,41.9339586,-88.7778357,America/Chicago,USA,43.5777313,-84.7709904,America/Detroit,232.8,-1.0,1.0,1,0,41.9339586,-88.7778357,America/Chicago,0.0,0.0,0.0,0,0,0,2024-11-30T20:00:00+00:00,-4.3,5.41,10.4,,0.0,0.0,0.0,0,0,43,0,open_air,open_air,0,0,1,open-meteo-era5,ok
2024,2,14,401644780,2024-11-30,13:30,2024-11-30T18:30:00+00:00,Eastern Michigan Eagles,Western Michigan Broncos,Waldo Stadium,0,resolved_schedule_stadium,42.2860064,-85.6007573,America/Detroit,USA,42.256126,-83.647285,America/Detroit,99.9,0.0,0.0,1,0,42.2860064,-85.6007573,America/Detroit,0.0,0.0,0.0,0,0,0,2024-11-30T18:00:00+00:00,-4.9,5.61,11.3,,0.0,0.0,0.0,0,0,78,3,open_air,open_air,0,0,1,open-meteo-era5,ok
2024,2,14,401645377,2024-11-30,15:30,2024-11-30T20:30:00+00:00,UAB Blazers,Charlotte 49ers,Jerry Richardson Stadium,0,resolved_schedule_stadium,35.3105033,-80.7401194,America/New_York,USA,33.5206824,-86.8024326,America/Chicago,366.9,1.0,1.0,0,1,35.3105033,-80.7401194,America/New_York,0.0,0.0,0.0,0,0,0,2024-11-30T20:00:00+00:00,8.8,3.43,8.0,,0.0,0.0,0.0,0,0,21,0,open_air,open_air,0,0,1,open-meteo-era5,ok
2024,2,14,401645378,2024-11-30,12:00,2024-11-30T17:00:00+00:00,UTSA Roadrunners,Army Black Knights,Michie Stadium,0,resolved_schedule_stadium,41.3874924,-73.9640891,America/New_York,USA,29.4169834,-98.4788143,America/Chicago,1600.9,1.0,1.0,0,1,41.3874924,-73.9640891,America/New_York,0.0,0.0,0.0,0,0,0,2024-11-30T17:00:00+00:00,2.7,4.16,10.8,,0.0,0.0,0.0,0,0,42,3,open_air,open_air,0,0,1,open-meteo-era5,ok
2024,2,14,401645380,2024-11-30,14:30,2024-11-30T20:30:00+00:00,Florida Atlantic Owls,Tulsa Golden Hurricane,Chapman Stadium,0,resolved_schedule_stadium,36.1489175,-95.9437853,America/Chicago,USA,26.3763763,-80.1015759,America/New_York,1151.3,-1.0,1.0,1,0,36.1489175,-95.9437853,America/Chicago,0.0,0.0,0.0,0,0,0,2024-11-30T20:00:00+00:00,12.8,4.69,9.9,,0.0,0.0,0.0,0,0,38,0,open_air,open_air,0,0,1,open-meteo-era5,ok
2024,2,14,401645381,2024-11-30,12:00,2024-11-30T17:00:00+00:00,North Texas Mean Green,Temple Owls,Lincoln Financial Field,0,resolved_schedule_stadium,39.9007995,-75.1675414,America/New_York,USA,33.203899,-97.159245,America/Chicago,1301.2,1.0,1.0,0,1,39.9007995,-75.1675414,America/New_York,0.0,0.0,0.0,0,0,0,2024-11-30T17:00:00+00:00,2.9,5.39,11.0,,0.0,0.0,0.0,0,0,42,2,open_air,open_air,0,0,1,open-meteo-era5,ok
2024,2,14,401645382,2024-11-30,13:00,2024-11-30T19:00:00+00:00,South Florida Bulls,Rice Owls,Rice Stadium,0,resolved_schedule_stadium,29.7163297,-95.4093261,America/Chicago,USA,27.9758691,-82.5033344,America/New_York,789.8,-1.0,1.0,1,0,29.7163297,-95.4093261,America/Chicago,0.0,0.0,0.0,0,0,0,2024-11-30T19:00:00+00:00,15.2,3.16,7.1,,0.0,0.0,0.0,0,0,60,1,open_air,open_air,0,0,1,open-meteo-era5,ok
2024,2,15,401673462,2024-12-06,20:00,2024-12-07T01:00:00+00:00,Tulane Green Wave,Army Black Knights,Michie Stadium,0,resolved_schedule_stadium,41.3874924,-73.9640891,America/New_York,USA,29.944616,-90.116692,America/Chicago,1199.3,1.0,1.0,0,1,41.3874924,-73.9640891,America/New_York,0.0,0.0,0.0,0,0,0,2024-12-07T01:00:00+00:00,-1.3,2.36,5.1,,0.0,0.0,0.0,0,0,46,0,open_air,open_air,0,0,1,open-meteo-era5,ok
2024,2,15,401673466,2024-12-06,18:00,2024-12-07T00:00:00+00:00,Western Kentucky Hilltoppers,Jacksonville State Gamecocks,AmFirst Stadium,0,resolved_schedule_stadium,33.8201052,-85.76647,America/Chicago,USA,36.9847901,-86.4594041,America/Chicago,222.1,0.0,0.0,0,1,33.8201052,-85.76647,America/Chicago,0.0,0.0,0.0,0,0,0,2024-12-07T00:00:00+00:00,1.5,2.1,3.6,,0.0,0.0,0.0,0,0,47,0,open_air,open_air,0,0,1,open-meteo-era5,ok
2024,2,15,401673468,2024-12-06,18:00,2024-12-07T01:00:00+00:00,UNLV Rebels,Boise State Broncos,Albertsons Stadium,0,resolved_schedule_stadium,43.6028839,-116.1958882,America/Boise,USA,36.0908,-115.1830,America/Los_Angeles,521.8,1.0,1.0,1,0,43.6028839,-116.1958882,America/Boise,0.0,0.0,0.0,0,0,0,2024-12-07T01:00:00+00:00,-0.1,2.1,1.7,,0.0,0.0,0.0,0,0,83,2,open_air,open_air,0,0,1,open-meteo-era5,ok
2024,2,15,401673465,2024-12-07,17:00,,Iowa State Cyclones,Arizona State Sun Devils,AT&T Stadium,1,unresolved_neutral_venue,,,,,42.0139977,-93.6357716,America/Chicago,,,,,,33.4264471,-111.9325005,America/Phoenix,,,,,,,,,,,,,,,,,,,,,,,,,venue_unresolved
2024,2,15,401673467,2024-12-07,17:00,,Ohio Bobcats,Miami (OH) RedHawks,Ford Field,1,unresolved_neutral_venue,,,,,39.3212794,-82.1034315,America/New_York,,,,,,39.5197009,-84.7330255,America/New_York,,,,,,,,,,,,,,,,,,,,,,,,,venue_unresolved
2024,2,15,401673469,2024-12-07,21:00,,Georgia Bulldogs,Texas Longhorns,Mercedes-Benz Stadium,1,unresolved_neutral_venue,,,,,33.9498197,-83.3733813,America/New_York,,,,,,30.2836813,-97.7325345,America/Chicago,,,,,,,,,,,,,,,,,,,,,,,,,venue_unresolved
2024,2,15,401673470,2024-12-07,18:30,2024-12-08T00:30:00+00:00,Marshall Thundering Herd,Louisiana Ragin' Cajuns,Cajun Field,0,resolved_schedule_stadium,30.2158434,-92.0417371,America/Chicago,USA,38.4247042,-82.4214412,America/New_York,788.4,-1.0,1.0,1,0,30.2158434,-92.0417371,America/Chicago,0.0,0.0,0.0,0,0,0,2024-12-08T00:00:00+00:00,9.0,1.63,4.4,,0.1,0.1,0.0,1,0,78,51,open_air,open_air,0,0,1,open-meteo-era5,ok
2024,2,15,401729745,2024-12-07,14:00,2024-12-07T20:00:00+00:00,Abilene Christian Wildcats,North Dakota State Bison,Fargodome,0,resolved_schedule_stadium,46.9029938,-96.8003251,America/Chicago,USA,,,,,,,,,46.9029938,-96.8003251,America/Chicago,0.0,0.0,0.0,0,0,0,2024-12-07T20:00:00+00:00,6.8,4.46,8.4,,0.0,0.0,0.0,0,0,69,1,dome,dome,1,0,0,open-meteo-era5,ok
2024,2,15,401673463,2024-12-08,01:00,,Clemson Tigers,SMU Mustangs,Bank of America Stadium,1,unresolved_neutral_venue,,,,,34.6787737,-82.8432428,America/New_York,,,,,,32.8377223,-96.7827859,America/Chicago,,,,,,,,,,,,,,,,,,,,,,,,,venue_unresolved
2024,2,15,401673464,2024-12-08,01:00,,Penn State Nittany Lions,Oregon Ducks,Lucas Oil Stadium,1,unresolved_neutral_venue,,,,,40.8121958,-77.8561023,America/New_York,,,,,,44.0582712,-123.0684883,America/Los_Angeles,,,,,,,,,,,,,,,,,,,,,,,,,venue_unresolved
2024,2,16,401645383,2024-12-14,20:00,,Navy Midshipmen,Army Black Knights,Northwest Stadium,1,unresolved_neutral_venue,,,,,38.9846985,-76.5076335,America/New_York,,,,,,41.3874924,-73.9640891,America/New_York,,,,,,,,,,,,,,,,,,,,,,,,,venue_unresolved
2024,2,16,401729785,2024-12-14,14:30,2024-12-14T20:30:00+00:00,Mercer Bears,North Dakota State Bison,Fargodome,0,resolved_schedule_stadium,46.9029938,-96.8003251,America/Chicago,USA,,,,,,,,,46.9029938,-96.8003251,America/Chicago,0.0,0.0,0.0,0,0,0,2024-12-14T20:00:00+00:00,-4.4,3.13,5.7,,0.0,0.0,0.0,0,0,87,3,dome,dome,1,0,0,open-meteo-era5,ok
