model,rmse,mae,r2
xgboost,15.761422610027582,12.580858280899328,0.08228283919532065
lightgbm,19.258570781727997,15.453866153169127,-0.3701437476222893
