model,rmse,mae,r2,n_train,n_test,n_features,split_mode
linear,15.1070541913289,12.095923253061233,-0.040997627122978386,2193,549,13,"temporal(season,week)"
ridge,15.0301268490931,12.016183143408668,-0.030422794049570268,2193,549,13,"temporal(season,week)"
lasso,15.077483284942009,12.05611483829354,-0.03692626879387184,2193,549,13,"temporal(season,week)"
