model,rmse,mae,r2,n_train,n_test,n_features,split_mode
linear,15.271034620697263,12.09085235038305,-0.06440745076073306,2172,544,40,"temporal(season,week)"
ridge,15.171229234811326,12.045829735359726,-0.050539831597388174,2172,544,40,"temporal(season,week)"
lasso,15.2047189803464,12.055549125351293,-0.055182981167469336,2172,544,40,"temporal(season,week)"
