model,rmse,mae,r2
linear,29.24329078670734,19.26447688842595,-2.1591519160925237
ridge,14.380589677976994,11.46646168088143,0.23603860254391118
lasso,15.034112905636803,12.076104301424548,0.16502467796704268
