model,rmse,mae,r2,n_train,n_test,n_features,split_mode
linear,0.14939370331352014,0.11982931620773934,0.2512628796474794,1256,314,34,"temporal(season,week)"
ridge,0.14955570562744222,0.11920344690248487,0.2496381403104292,1256,314,34,"temporal(season,week)"
lasso,0.1548153731652276,0.1234602306008227,0.19593168918092851,1256,314,34,"temporal(season,week)"
