model,rmse,mae,r2,n_train,n_test,n_features,split_mode
linear,15.107054191328901,12.095923253061233,-0.04099762712297861,2193,549,13,"temporal(season,week)"
ridge,15.030126849093108,12.016183143408673,-0.030422794049571378,2193,549,13,"temporal(season,week)"
lasso,15.07748328494201,12.05611483829354,-0.036926268793872064,2193,549,13,"temporal(season,week)"
