model,rmse,mae,r2,n_train,n_test,n_features,split_mode
linear,15.107054191328901,12.095923253061233,-0.04099762712297861,2193,549,13,"temporal(season,week)"
ridge,15.03012684909311,12.016183143408673,-0.0304227940495716,2193,549,13,"temporal(season,week)"
lasso,15.077483284942009,12.056114838293539,-0.03692626879387184,2193,549,13,"temporal(season,week)"
