model,rmse,mae,r2,n_train,n_test,n_features,split_mode
linear,0.015763408839857686,0.01186632390769432,0.9916638588863205,1256,314,42,"temporal(season,week)"
ridge,0.015907705891481057,0.012049564602038864,0.991510543555123,1256,314,42,"temporal(season,week)"
lasso,0.026166674124253147,0.01975704942788852,0.9770299558363229,1256,314,42,"temporal(season,week)"
