model,rmse,mae,r2,n_train,n_test,n_features
linear,6.212026958549649e-15,4.124858749847054e-15,1.0,5838,1460,42
ridge,0.012745165507487314,0.008662075253618196,0.9999879140315009,5838,1460,42
lasso,0.010176134681136973,0.008796528135013736,0.9999922952918714,5838,1460,42
