model,rmse,mae,r2,n_train,n_test,n_features,split_mode
linear,15.1070541913289,12.095923253061233,-0.040997627122978386,2193,549,13,"temporal(season,week)"
ridge,15.030126849093103,12.016183143408668,-0.03042279404957071,2193,549,13,"temporal(season,week)"
lasso,15.07748328494201,12.05611483829354,-0.036926268793872064,2193,549,13,"temporal(season,week)"
