season,season_type,week,game_id,game_date,game_time,away_team,home_team,neutral_site,stadium,roof,surface,bookmaker,home_spread,total,neutral_site_original,neutral_site_corrected,home_stadium_match,home_field_points,home_team_id,away_team_id,home_prior_team_weeks,away_prior_team_weeks,home_prior_fallback,away_prior_fallback,home_prior_rating,away_prior_rating,prior_home_margin,home_fpi,away_fpi,fpi_home_margin,espn_prediction_match_valid,espn_margin_consistent,espn_matchup_quality,espn_home_prob,espn_away_prob,espn_tie_prob,espn_home_ptdiff,espn_away_ptdiff,espn_home_margin,market_home_margin,margin_weight_market,margin_weight_fpi,margin_weight_espn,margin_weight_prior,home_out_count,home_doubtful_count,home_questionable_count,away_out_count,away_doubtful_count,away_questionable_count,home_injury_penalty,away_injury_penalty,injury_margin_adjustment,travel_data_available,away_miles_traveled,home_miles_traveled,travel_net_miles_1000,travel_net_time_zones,travel_net_east_to_west,travel_net_west_to_east,travel_international,travel_features_used,travel_margin_adjustment,predicted_margin_before_travel,prior_total,market_total,total_weight_market,total_weight_prior,weather_data_available,weather_exposed,weather_temperature_c,weather_wind_speed_ms,weather_wind_gust_ms,weather_humidity_pct,weather_rain_flag,weather_snow_flag,weather_features_used,weather_total_adjustment,predicted_total_before_weather,predicted_margin,predicted_total,predicted_home_score,predicted_away_score,home_win_probability,away_win_probability,home_cover_probability,away_cover_probability,over_probability,under_probability,probability_margin_sd,probability_total_sd,spread_probability_line_available,total_probability_line_available,projection_version,home_prior_off_epa_per_play,away_prior_off_epa_per_play,home_prior_def_epa_per_play,away_prior_def_epa_per_play,home_prior_off_success_rate,away_prior_off_success_rate,home_prior_def_success_rate,away_prior_def_success_rate,home_prior_yards_per_play,away_prior_yards_per_play,home_prior_yards_per_play_allowed,away_prior_yards_per_play_allowed,home_prior_points_per_drive,away_prior_points_per_drive,home_prior_points_per_drive_allowed,away_prior_points_per_drive_allowed,home_prior_red_zone_td_rate,away_prior_red_zone_td_rate,home_prior_red_zone_td_rate_allowed,away_prior_red_zone_td_rate_allowed,home_prior_early_down_epa,away_prior_early_down_epa,home_prior_third_down_conversion_rate,away_prior_third_down_conversion_rate,ml_selected,ml_selection,ml_selection_reason,ml_odds_american,ml_model_probability,ml_implied_probability,ml_edge,ml_ev,ml_full_kelly,ml_kelly,spread_selected,spread_selection,spread_selection_reason,spread_line,spread_odds_american,spread_model_probability,spread_implied_probability,spread_edge,spread_ev,spread_full_kelly,spread_kelly,total_selected,total_selection,total_selection_reason,total_line,total_odds_american,total_model_probability,total_implied_probability,total_edge,total_ev,total_full_kelly,total_kelly,ml_home_available,ml_home_odds_american,ml_home_model_probability,ml_home_implied_probability,ml_home_edge,ml_home_ev,ml_home_full_kelly,ml_home_kelly,ml_away_available,ml_away_odds_american,ml_away_model_probability,ml_away_implied_probability,ml_away_edge,ml_away_ev,ml_away_full_kelly,ml_away_kelly,spread_home_available,spread_home_line,spread_home_odds_american,spread_home_model_probability,spread_home_implied_probability,spread_home_edge,spread_home_ev,spread_home_full_kelly,spread_home_kelly,spread_away_available,spread_away_line,spread_away_odds_american,spread_away_model_probability,spread_away_implied_probability,spread_away_edge,spread_away_ev,spread_away_full_kelly,spread_away_kelly,total_over_available,total_over_line,total_over_odds_american,total_over_model_probability,total_over_implied_probability,total_over_edge,total_over_ev,total_over_full_kelly,total_over_kelly,total_under_available,total_under_line,total_under_odds_american,total_under_model_probability,total_under_implied_probability,total_under_edge,total_under_ev,total_under_full_kelly,total_under_kelly,final_status,final_completed,final_away_score,final_home_score,final_total,final_home_margin,ml_grade,ml_profit_units,spread_grade,spread_profit_units,total_grade,total_profit_units,selected_bets,graded_bets,wins,losses,pushes,voids,pending_bets,net_units,grading_version
2026,2,3,401858225,2026-09-17,19:30,Syracuse Orange,Pittsburgh Panthers,0,Acrisure Stadium,open_air,Grass,DraftKings,-10.5,51.5,0,0,1,2.5,221,183,2,2,0,0,14.3017,8.9764,7.8252,11.617,1.193,12.924,1,1,66.881,0.8245,0.1755,,13.184,-13.184,13.184,10.5,0.36,0.28,0.2,0.16,0,0,0,0,0,0,0.0,0.0,0.0,1,268.3,0.0,0.26830000000000004,0.0,1.0,0.0,0.0,2,0.3092,11.2876,43.2623,51.5,0.75,0.25,1,1,23.7,2.0,,94.4,1.0,0.0,1,0.5934,49.4406,11.6,50.03,30.82,19.22,0.760791,0.239209,0.526726,0.473274,0.461632,0.538368,16.36,15.22,1,1,cfb-inseason-v6-history-coverage-2026-09-16,0.134686,0.016464,-0.058245,-0.067963,0.461777,0.443136,0.383761,0.412385,6.299982,6.16506,5.257025,5.004924,2.514647,2.185072,1.513935,1.310231,0.597398,0.511683,0.630731,0.729864,0.132156,0.024684,0.356552,0.421367,0,,NO_QUALIFYING_CANDIDATE,,,,,,,,0,,NO_QUALIFYING_CANDIDATE,,,,,,,,,0,,NO_QUALIFYING_CANDIDATE,,,,,,,,,1,-425.0,0.760791,0.7768331562167907,-0.016042156216790726,-0.060199352941176426,0.0,0.0,1,330.0,0.239209,0.22316684378320936,0.016042156216790643,0.028598699999999977,0.00866627272727272,0.00866627272727272,1,-10.5,-105.0,0.5268035501965352,0.4891657638136511,0.03763778638288412,0.028521217050378356,0.029947277902897276,0.029947277902897276,1,10.5,-115.0,0.47319644980346476,0.5108342361863489,-0.037637786382884175,-0.11532837645439203,0.0,0.0,1,51.5,-110.0,0.46152860285775055,0.5,-0.03847139714224945,-0.11889993999883985,0.0,0.0,1,51.5,-110.0,0.5384713971422495,0.5,0.03847139714224945,0.027990849089749026,0.030789933998723925,0.030789933998723925,Final,1,13.0,27.0,40.0,14.0,NO_BET,0.0,NO_BET,0.0,NO_BET,0.0,0,0,0,0,0,0,0,0.0,cfb-grade-picks-v1-2026-08-26
2026,2,3,401856811,2026-09-18,19:00,Houston Cougars,Texas Tech Red Raiders,0,Jones AT&T Stadium,open_air,Artificial,DraftKings,-7.5,52.5,0,0,1,2.5,2641,248,2,2,0,0,7.6224,22.1694,-12.047,15.999,10.297,8.202,1,1,81.449,0.7291,0.2709,,8.439,-8.439,8.439,7.5,0.36,0.28,0.2,0.16,0,0,0,0,0,0,0.0,0.0,0.0,1,467.5,0.0,0.4675,0.0,1.0,0.0,0.0,2,0.5388,4.7568,48.9774,52.5,0.75,0.25,1,1,31.6,4.0,,33.3,0.0,0.0,1,-0.531,51.6194,5.3,51.09,28.19,22.9,0.626916,0.373084,0.446409,0.553591,0.463051,0.536949,16.36,15.22,1,1,cfb-inseason-v6-history-coverage-2026-09-16,0.105325,0.249157,0.027243,0.042542,0.450114,0.543687,0.416905,0.414467,5.724735,7.191898,5.558431,5.37131,2.283878,3.175417,1.581624,1.476898,0.51962,0.654541,0.464064,0.729864,0.073504,0.220546,0.367795,0.457081,0,,NO_QUALIFYING_CANDIDATE,,,,,,,,0,,NO_QUALIFYING_CANDIDATE,,,,,,,,,0,,NO_QUALIFYING_CANDIDATE,,,,,,,,,1,-325.0,0.626916,0.7335423197492164,-0.10662631974921633,-0.18018676923076918,0.0,0.0,1,260.0,0.373084,0.26645768025078376,0.10662631974921627,0.34310240000000003,0.13196246153846156,0.05,1,-7.5,-110.0,0.44651375513615715,0.5,-0.05348624486384285,-0.14756464928551816,0.0,0.0,1,7.5,-110.0,0.5534862448638429,0.5,0.0534862448638429,0.05665555837642744,0.062321114214070175,0.05,1,52.5,-108.0,0.4630942813732383,0.4956702459300312,-0.03257596455679285,-0.10811471735524458,0.0,0.0,1,52.5,-112.0,0.5369057186267616,0.5043297540699689,0.03257596455679268,0.016285824543513017,0.01824012348873458,0.01824012348873458,Final,1,26.0,28.0,54.0,2.0,NO_BET,0.0,NO_BET,0.0,NO_BET,0.0,0,0,0,0,0,0,0,0.0,cfb-grade-picks-v1-2026-08-26
2026,2,3,401858226,2026-09-18,19:30,Miami Hurricanes,Wake Forest Demon Deacons,0,Allegacy Federal Credit Union Stadium,open_air,Artificial,DraftKings,20.5,55.5,0,0,1,2.5,154,2390,2,2,0,0,6.6145,32.1256,-23.011,2.699,27.11,-21.911,1,1,80.887,0.0605,0.9395,,-23.379,23.379,-23.379,-20.5,0.36,0.28,0.2,0.16,0,0,0,0,0,0,0.0,0.0,0.0,1,702.9,0.0,0.7029,0.0,1.0,0.0,0.0,2,0.8102,-21.8726,54.7802,55.5,0.75,0.25,1,1,24.7,2.4,,90.8,0.0,0.0,1,0.3685,55.3201,-21.06,55.69,17.31,38.38,0.098971,0.901029,0.486286,0.513714,0.504942,0.495058,16.36,15.22,1,1,cfb-inseason-v6-history-coverage-2026-09-16,0.209744,0.251111,0.146454,-0.055492,0.496168,0.545029,0.518051,0.385169,6.590713,8.124595,5.552391,4.70104,2.974583,3.02875,2.472689,1.050972,0.547398,0.697398,0.597398,0.297398,0.181415,0.284016,0.363675,0.457081,0,,NO_QUALIFYING_CANDIDATE,,,,,,,,0,,NO_QUALIFYING_CANDIDATE,,,,,,,,,0,,NO_QUALIFYING_CANDIDATE,,,,,,,,,1,900.0,0.098971,0.096045197740113,0.002925802259887006,-0.01028999999999991,0.0,0.0,1,-1600.0,0.901029,0.9039548022598869,-0.0029258022598869227,-0.04265668750000003,0.0,0.0,1,20.5,-108.0,0.4863469402447393,0.4956702459300312,-0.009323305685291883,-0.06333181878790939,0.0,0.0,1,-20.5,-112.0,0.5136530597552607,0.5043297540699689,0.009323305685291716,-0.02772813689182807,0.0,0.0,1,55.5,-112.0,0.5049800962269028,0.5043297540699689,0.0006503421569338252,-0.04414481785621982,0.0,0.0,1,55.5,-108.0,0.49501990377309724,0.4956702459300312,-0.0006503421569339363,-0.04662833347403489,0.0,0.0,Final,1,33.0,20.0,53.0,-13.0,NO_BET,0.0,NO_BET,0.0,NO_BET,0.0,0,0,0,0,0,0,0,0.0,cfb-grade-picks-v1-2026-08-26
2026,2,3,401858455,2026-09-18,19:30,Portland State Vikings,Oregon Ducks,0,Autzen Stadium,open_air,Artificial,DraftKings,-57.5,67.5,0,0,1,2.5,2483,,2,0,0,1,3.7323,0.0,,17.157,,,1,1,47.714,0.9971,0.0029,,49.691,-49.691,49.691,57.5,0.6429,0.0,0.3571,0.0,0,0,0,0,0,0,0.0,0.0,0.0,1,102.7,0.0,0.1027,0.0,1.0,0.0,0.0,2,0.1184,54.7111,46.3661,67.5,0.75,0.25,1,1,19.5,1.4,,66.3,0.0,0.0,1,0.9307,62.2165,54.83,63.15,58.99,4.16,0.999598,0.000402,0.435166,0.564834,0.387442,0.612558,16.36,15.22,1,1,cfb-inseason-v6-history-coverage-2026-09-16,0.03982,0.051438,-0.0123,0.065078,0.425858,0.450272,0.443727,0.456246,6.239905,5.873843,6.163878,5.986124,2.084702,1.9678,1.965114,2.04605,0.597398,0.580791,0.464064,0.585112,0.149341,0.070629,0.344444,0.339736,0,,NO_QUALIFYING_CANDIDATE,,,,,,,,0,,NO_QUALIFYING_CANDIDATE,,,,,,,,,0,,NO_QUALIFYING_CANDIDATE,,,,,,,,,0,,,,,,,,0,,,,,,,,1,-57.5,-108.0,0.4351793280973803,0.4956702459300312,-0.06049091783265087,-0.1618768495902304,0.0,0.0,1,57.5,-112.0,0.5648206719026196,0.5043297540699689,0.060490917832650704,0.06912484324424428,0.07741982443355361,0.05,1,67.5,-112.0,0.38751253388342105,0.5043297540699689,-0.11681722018654789,-0.26649413229209584,0.0,0.0,1,67.5,-108.0,0.6124874661165789,0.4956702459300312,0.11681722018654772,0.1796054902985964,0.1939739295224841,0.05,Final,1,0.0,84.0,84.0,84.0,NO_BET,0.0,NO_BET,0.0,NO_BET,0.0,0,0,0,0,0,0,0,0.0,cfb-grade-picks-v1-2026-08-26
2026,2,3,401858451,2026-09-19,11:00,Akron Zips,Minnesota Golden Gophers,0,Huntington Bank Stadium,open_air,Artificial,DraftKings,-23.5,48.5,0,0,1,2.5,135,2006,2,2,0,0,2.2082,4.9567,-0.2485,-0.896,-14.541,16.145,1,1,32.548,0.8805,0.1195,,17.026,-17.026,17.026,23.5,0.36,0.28,0.2,0.16,0,0,0,0,0,0,0.0,0.0,0.0,1,649.6,0.0,0.6496000000000001,1.0,1.0,0.0,0.0,2,0.7487,16.346,45.8396,48.5,0.75,0.25,1,1,17.8,4.6,,79.7,0.0,0.0,1,-0.8683,47.8349,17.09,46.97,32.03,14.94,0.851968,0.148032,0.347707,0.652293,0.459874,0.540126,16.36,15.22,1,1,cfb-inseason-v6-history-coverage-2026-09-16,0.097641,0.121499,0.085867,0.128317,0.490669,0.506923,0.454784,0.44925,5.922438,6.011751,5.944038,6.236528,1.951938,2.16933,1.895417,1.955417,0.497398,0.672398,0.697398,0.484898,0.038758,0.147783,0.393589,0.3797,0,,NO_QUALIFYING_CANDIDATE,,,,,,,,0,,NO_QUALIFYING_CANDIDATE,,,,,,,,,0,,NO_QUALIFYING_CANDIDATE,,,,,,,,,1,-3200.0,0.851968,0.9356725146198831,-0.08370451461988315,-0.12140800000000006,0.0,0.0,1,1400.0,0.148032,0.06432748538011696,0.08370451461988304,1.22048,0.08717714285714286,0.05,1,-23.5,-102.0,0.3475995648307838,0.4826358742837298,-0.13503630945294598,-0.31161654808021244,0.0,0.0,1,23.5,-118.0,0.6524004351692162,0.5173641257162701,0.1350363094529461,0.20528215988889087,0.24223294866889122,0.05,1,48.5,-115.0,0.4599635203592447,0.5108342361863489,-0.05087071582710423,-0.14006820106749912,0.0,0.0,1,48.5,-105.0,0.5400364796407553,0.4891657638136511,0.050870715827104174,0.054356936441474546,0.05707478326354828,0.05,Scheduled,0,,,,,NO_BET,0.0,NO_BET,0.0,NO_BET,0.0,0,0,0,0,0,0,0,0.0,cfb-grade-picks-v1-2026-08-26
2026,2,3,401856812,2026-09-19,11:00,Arizona State Sun Devils,Kansas Jayhawks,0,Memorial Stadium,open_air,Artificial,DraftKings,5.5,50.5,1,1,1,2.5,2305,9,2,2,0,0,7.7113,10.4647,-0.2535,1.419,4.981,-1.062,1,1,58.471,0.4807,0.5193,,-0.659,0.659,-0.659,-5.5,0.36,0.28,0.2,0.16,0,0,0,0,0,0,0.0,0.0,0.0,1,1004.0,0.0,1.004,2.0,0.0,1.0,0.0,2,-0.4667,-2.4497,47.5983,50.5,0.75,0.25,1,1,30.4,5.1,,49.3,0.0,0.0,1,-1.1494,49.7746,-2.92,48.63,22.85,25.77,0.429257,0.570743,0.56274,0.43726,0.45098,0.54902,16.36,15.22,1,1,cfb-inseason-v6-history-coverage-2026-09-16,0.090205,0.101919,0.011353,-0.01612,0.4423,0.471872,0.408962,0.428445,6.136803,7.302137,5.487439,5.08346,2.19912,2.32875,1.995417,1.754676,0.747398,0.511683,0.447398,0.630731,0.087794,0.072706,0.356552,0.30773,0,,NO_QUALIFYING_CANDIDATE,,,,,,,,1,HOME,SELECTED_BY_MARKETS_YAML,5.5,-112.0,0.5626540741017761,0.5043297540699689,0.05832432003180721,0.06502378312121915,0.07282663709576545,0.07282663709576545,0,,NO_QUALIFYING_CANDIDATE,,,,,,,,,1,180.0,0.429257,0.3425247738043946,0.08673222619560539,0.20191959999999998,0.11217755555555556,0.05,1,-218.0,0.570743,0.6574752261956053,-0.08673222619560528,-0.16744828440366977,0.0,0.0,1,5.5,-112.0,0.5626540741017761,0.5043297540699689,0.05832432003180721,0.06502378312121915,0.07282663709576545,0.05,1,-5.5,-108.0,0.43734592589822385,0.4956702459300312,-0.05832432003180732,-0.15770414271453181,0.0,0.0,1,50.5,-110.0,0.4511071386466715,0.5,-0.04889286135332849,-0.13879546258362707,0.0,0.0,1,50.5,-110.0,0.5488928613533285,0.5,0.04889286135332849,0.04788637167453624,0.05267500884198986,0.05,Scheduled,0,,,,,NO_BET,0.0,PENDING,,NO_BET,0.0,1,0,0,0,0,0,1,0.0,cfb-grade-picks-v1-2026-08-26
2026,2,3,401856798,2026-09-19,11:00,Bowling Green Falcons,Iowa State Cyclones,0,Jack Trice Stadium,open_air,Grass,DraftKings,-23.5,43.5,0,0,1,2.5,66,189,2,2,0,0,5.9615,-15.1763,23.6377,0.919,-18.627,22.046,1,1,30.646,0.9376,0.0624,,23.094,-23.094,23.094,23.5,0.36,0.28,0.2,0.16,0,0,0,0,0,0,0.0,0.0,0.0,1,518.2,0.0,0.5182,1.0,1.0,0.0,0.0,2,0.5973,23.0337,42.2462,43.5,0.75,0.25,1,1,26.3,4.6,,73.6,1.0,0.0,1,-0.8683,43.1865,23.63,42.32,32.97,9.34,0.925692,0.074308,0.503194,0.496806,0.469054,0.530946,16.36,15.22,1,1,cfb-inseason-v6-history-coverage-2026-09-16,0.033364,-0.038406,-0.064171,0.183403,0.41563,0.428404,0.410051,0.516129,5.733687,5.551667,5.014961,6.820904,1.906131,1.430199,1.515417,2.495417,0.609898,0.422398,0.630731,0.609898,0.042498,0.016935,0.323541,0.3172,0,,NO_QUALIFYING_CANDIDATE,,,,,,,,0,,NO_QUALIFYING_CANDIDATE,,,,,,,,,0,,NO_QUALIFYING_CANDIDATE,,,,,,,,,1,-2400.0,0.925692,0.9258160237388724,-0.00012402373887243634,-0.03573749999999997,0.0,0.0,1,1200.0,0.074308,0.0741839762611276,0.0001240237388723947,-0.033995999999999915,0.0,0.0,1,-23.5,-120.0,0.5031700458845662,0.5217391304347826,-0.01856908455021644,-0.077521582544962,0.0,0.0,1,23.5,100.0,0.49682995411543385,0.4782608695652174,0.01856908455021644,-0.0063400917691323055,0.0,0.0,1,43.5,-115.0,0.4691011357495086,0.5108342361863489,-0.04173310043684031,-0.12298483316396219,0.0,0.0,1,43.5,-105.0,0.5308988642504914,0.4891657638136511,0.041733100436840254,0.03651683020334029,0.038342671713507304,0.038342671713507304,Scheduled,0,,,,,NO_BET,0.0,NO_BET,0.0,NO_BET,0.0,0,0,0,0,0,0,0,0.0,cfb-grade-picks-v1-2026-08-26
2026,2,3,401856686,2026-09-19,11:00,Georgia Bulldogs,Arkansas Razorbacks,0,Razorback Stadium,open_air,Artificial,DraftKings,24.5,54.5,0,0,1,2.5,8,61,2,2,0,0,-3.5868,24.8802,-25.967,-1.806,26.552,-25.858,1,1,76.477,0.0391,0.9609,,-27.282,27.282,-27.282,-24.5,0.36,0.28,0.2,0.16,0,0,0,0,0,0,0.0,0.0,0.0,1,628.4,0.0,0.6284,1.0,1.0,0.0,0.0,2,0.7243,-25.6714,48.3441,54.5,0.75,0.25,1,1,32.2,5.1,,36.9,0.0,0.0,1,-1.1494,52.961,-24.95,51.81,13.43,38.38,0.063644,0.936356,0.489099,0.510901,0.429897,0.570103,16.36,15.22,1,1,cfb-inseason-v6-history-coverage-2026-09-16,-0.024267,0.247596,0.04721,0.01656,0.447256,0.529235,0.445957,0.422167,5.292966,8.027345,5.93733,4.688868,1.815417,3.16783,2.032454,1.391968,0.575176,0.682013,0.741842,0.672398,-0.071791,0.241891,0.413791,0.406661,0,,NO_QUALIFYING_CANDIDATE,,,,,,,,0,,NO_QUALIFYING_CANDIDATE,,,,,,,,,0,,NO_QUALIFYING_CANDIDATE,,,,,,,,,1,1300.0,0.063644,0.06888361045130642,-0.0052396104513064146,-0.10898399999999986,0.0,0.0,1,-2800.0,0.936356,0.9311163895486936,0.005239610451306387,-0.03020271428571423,0.0,0.0,1,24.5,-108.0,0.4890280323238378,0.4956702459300312,-0.006642213606193381,-0.05816823404297894,0.0,0.0,1,-24.5,-112.0,0.5109719676761622,0.5043297540699689,0.006642213606193215,-0.0328030611844074,0.0,0.0,1,54.5,-108.0,0.429855866135345,0.4956702459300312,-0.06581437979468618,-0.17212944299859478,0.0,0.0,1,54.5,-112.0,0.570144133864655,0.5043297540699689,0.06581437979468607,0.07920139624381128,0.08870556379306864,0.05,Scheduled,0,,,,,NO_BET,0.0,NO_BET,0.0,NO_BET,0.0,0,0,0,0,0,0,0,0.0,cfb-grade-picks-v1-2026-08-26
2026,2,3,401860889,2026-09-19,11:00,North Texas Mean Green,Texas State Bobcats,0,Bobcat Stadium (TX),open_air,Artificial,DraftKings,-2.5,62.5,0,0,1,2.5,326,249,2,2,0,0,-5.1323,4.9482,-7.5805,-9.851,-0.729,-6.622,1,1,40.886,0.294,0.706,,-7.468,7.468,-7.468,2.5,0.36,0.28,0.2,0.16,0,0,0,0,0,0,0.0,0.0,0.0,1,233.3,0.0,0.2333,0.0,1.0,0.0,0.0,2,0.2689,-3.6606,49.1471,62.5,0.75,0.25,1,1,31.1,1.8,,55.3,0.0,0.0,1,0.7058,59.1618,-3.39,59.87,28.24,31.63,0.41788,0.58212,0.359375,0.640625,0.431342,0.568658,16.36,15.22,1,1,cfb-inseason-v6-history-coverage-2026-09-16,0.06586,0.122315,0.185279,0.033643,0.482613,0.453075,0.489749,0.452087,6.035936,6.155521,6.233548,5.801819,1.655417,2.149263,2.538895,2.20375,0.51962,0.575176,0.672398,0.575176,0.076786,0.129498,0.447229,0.385653,0,,NO_QUALIFYING_CANDIDATE,,,,,,,,0,,NO_QUALIFYING_CANDIDATE,,,,,,,,,0,,NO_QUALIFYING_CANDIDATE,,,,,,,,,1,-142.0,0.41788,0.5634920634920635,-0.14561206349206351,-0.28783830985915493,0.0,0.0,1,120.0,0.58212,0.43650793650793646,0.14561206349206351,0.280664,0.23388666666666666,0.05,1,-2.5,-115.0,0.35941442475365254,0.5108342361863489,-0.1514198114326964,-0.32805129285186696,0.0,0.0,1,2.5,-105.0,0.6405855752463474,0.4891657638136511,0.15141981143269628,0.2506670754809639,0.2632004292550121,0.05,1,62.5,-108.0,0.43140473169426075,0.4956702459300312,-0.06426551423577043,-0.16914644266290518,0.0,0.0,1,62.5,-112.0,0.5685952683057393,0.5043297540699689,0.06426551423577032,0.07626961500729212,0.08542196880816719,0.05,Scheduled,0,,,,,NO_BET,0.0,NO_BET,0.0,NO_BET,0.0,0,0,0,0,0,0,0,0.0,cfb-grade-picks-v1-2026-08-26
2026,2,3,401856792,2026-09-19,11:00,Tulane Green Wave,Kansas State Wildcats,0,Bill Snyder Family Stadium,open_air,Artificial,DraftKings,-20.5,49.5,0,0,1,2.5,2306,2655,2,2,0,0,27.0667,0.1544,29.4124,10.345,-0.677,13.522,1,1,63.476,0.8436,0.1564,,14.363,-14.363,14.363,20.5,0.36,0.28,0.2,0.16,0,0,0,0,0,0,0.0,0.0,0.0,1,737.7,0.0,0.7377,0.0,1.0,0.0,0.0,2,0.8503,18.7447,43.4077,49.5,0.75,0.25,1,1,30.5,5.0,,48.3,0.0,0.0,1,-1.0932,47.9769,19.59,46.88,33.24,13.64,0.884491,0.115509,0.477943,0.522057,0.431759,0.568241,16.36,15.22,1,1,cfb-inseason-v6-history-coverage-2026-09-16,0.146913,0.063903,-0.103669,0.093476,0.503373,0.413785,0.377511,0.444752,6.857517,6.412487,4.425856,5.916138,3.037083,1.64125,1.055417,1.815417,0.672398,0.672398,0.297398,0.51962,0.108895,0.081028,0.5047,0.331367,0,,NO_QUALIFYING_CANDIDATE,,,,,,,,0,,NO_QUALIFYING_CANDIDATE,,,,,,,,,0,,NO_QUALIFYING_CANDIDATE,,,,,,,,,1,-1450.0,0.884491,0.8988580750407832,-0.014367075040783162,-0.05450962068965522,0.0,0.0,1,850.0,0.115509,0.10114192495921696,0.014367075040783037,0.09733550000000002,0.01145123529411765,0.01145123529411765,1,-20.5,-108.0,0.47782088279542545,0.4956702459300312,-0.017849363134605722,-0.07975237387547685,0.0,0.0,1,20.5,-112.0,0.5221791172045745,0.5043297540699689,0.01784936313460561,-0.011589528148483907,0.0,0.0,1,49.5,-112.0,0.4316629791984536,0.5043297540699689,-0.07266677487151535,-0.18292364651721282,0.0,0.0,1,49.5,-108.0,0.5683370208015464,0.4956702459300312,0.07266677487151518,0.0945750030252005,0.10214100326721652,0.05,Scheduled,0,,,,,NO_BET,0.0,NO_BET,0.0,NO_BET,0.0,0,0,0,0,0,0,0,0.0,cfb-grade-picks-v1-2026-08-26
2026,2,3,401869940,2026-09-19,11:30,Coastal Carolina Chanticleers,Delaware Blue Hens,0,Delaware Stadium,open_air,Artificial,DraftKings,-4.5,57.5,0,0,1,2.5,48,324,2,2,0,0,6.5418,8.2008,0.841,-3.282,-9.113,8.331,1,1,37.881,0.7316,0.2684,,8.548,-8.548,8.548,4.5,0.36,0.28,0.2,0.16,0,0,0,0,0,0,0.0,0.0,0.0,1,444.0,0.0,0.444,0.0,0.0,1.0,0.0,2,-1.1122,5.7968,42.7135,57.5,0.75,0.25,1,1,21.1,3.2,,57.4,0.0,0.0,1,-0.0813,53.8034,4.68,53.72,29.2,24.52,0.612695,0.387305,0.504504,0.495496,0.401983,0.598017,16.36,15.22,1,1,cfb-inseason-v6-history-coverage-2026-09-16,0.027761,0.09516,-0.058246,-0.038508,0.423163,0.454784,0.404203,0.416487,6.134354,6.077371,5.230709,5.502806,2.092191,1.995417,1.595417,1.745417,0.597398,0.609898,0.654541,0.583112,0.021513,0.157004,0.332081,0.3172,0,,NO_QUALIFYING_CANDIDATE,,,,,,,,0,,NO_QUALIFYING_CANDIDATE,,,,,,,,,0,,NO_QUALIFYING_CANDIDATE,,,,,,,,,1,-198.0,0.612695,0.6369041816941222,-0.024209181694122228,-0.07786308080808074,0.0,0.0,1,164.0,0.387305,0.36309581830587784,0.024209181694122173,0.022485199999999872,0.013710487804877974,0.013710487804877974,1,-4.5,-110.0,0.5043892519373011,0.5,0.0043892519373011085,-0.0370750644833342,0.0,0.0,1,4.5,-110.0,0.4956107480626989,0.5,-0.0043892519373011085,-0.05383402642575663,0.0,0.0,1,57.5,-108.0,0.40192893605359425,0.4956702459300312,-0.09374130987643692,-0.22591464167455916,0.0,0.0,1,57.5,-112.0,0.5980710639464057,0.5043297540699689,0.0937413098764368,0.13206308532712507,0.14791065556638008,0.05,Scheduled,0,,,,,NO_BET,0.0,NO_BET,0.0,NO_BET,0.0,0,0,0,0,0,0,0,0.0,cfb-grade-picks-v1-2026-08-26
2026,2,3,401858460,2026-09-19,11:30,Eastern Michigan Eagles,Wisconsin Badgers,0,Camp Randall Stadium,open_air,Artificial,DraftKings,-23.5,44.5,0,0,1,2.5,275,2199,2,2,0,0,2.7027,-3.6502,8.8528,1.463,-17.533,21.496,1,1,31.872,0.9316,0.0684,,22.257,-22.257,22.257,23.5,0.36,0.28,0.2,0.16,0,0,0,0,0,0,0.0,0.0,0.0,1,298.2,0.0,0.29819999999999997,1.0,1.0,0.0,0.0,2,0.3437,20.3467,39.6907,44.5,0.75,0.25,1,1,23.8,4.5,,85.1,0.0,0.0,1,-0.8121,43.2977,20.69,42.49,31.59,10.9,0.89701,0.10299,0.431823,0.568177,0.447351,0.552649,16.36,15.22,1,1,cfb-inseason-v6-history-coverage-2026-09-16,0.028465,-0.027651,0.02254,0.04669,0.439223,0.423163,0.441221,0.452149,6.29113,5.416962,5.672923,5.913339,1.88178,1.607917,1.682917,1.730111,0.422398,0.725969,0.484898,0.661034,0.033189,0.016987,0.367019,0.310902,0,,NO_QUALIFYING_CANDIDATE,,,,,,,,0,,NO_QUALIFYING_CANDIDATE,,,,,,,,,0,,NO_QUALIFYING_CANDIDATE,,,,,,,,,1,-2400.0,0.89701,0.9258160237388724,-0.02880602373887242,-0.0656145833333333,0.0,0.0,1,1200.0,0.10299,0.0741839762611276,0.028806023738872394,0.3388699999999999,0.02823916666666666,0.02823916666666666,1,-23.5,-112.0,0.43181295295884264,0.5043297540699689,-0.0725168011111263,-0.18263976761361939,0.0,0.0,1,23.5,-108.0,0.5681870470411574,0.4956702459300312,0.07251680111112624,0.0942861646718588,0.10182905784560749,0.05,1,44.5,-118.0,0.4474672010032716,0.5173641257162701,-0.06989692471299852,-0.17332330662107448,0.0,0.0,1,44.5,-102.0,0.5525327989967284,0.4826358742837298,0.06989692471299858,0.0942316215425405,0.0961162539733913,0.05,Scheduled,0,,,,,NO_BET,0.0,NO_BET,0.0,NO_BET,0.0,0,0,0,0,0,0,0,0.0,cfb-grade-picks-v1-2026-08-26
2026,2,3,401856695,2026-09-19,11:45,NC State Wolfpack,Vanderbilt Commodores,0,FirstBank Stadium,open_air,Artificial,DraftKings,-3,50.5,0,0,1,2.5,238,152,2,2,0,0,9.6915,14.0478,-1.8563,6.524,2.332,6.692,1,1,61.473,0.6859,0.3141,,6.657,-6.657,6.657,3.0,0.36,0.28,0.2,0.16,0,0,0,0,0,0,0.0,0.0,0.0,1,452.8,0.0,0.45280000000000004,1.0,1.0,0.0,0.0,2,0.5219,3.9882,43.765,50.5,0.75,0.25,1,1,35.7,1.4,,35.8,0.0,0.0,1,0.9307,48.8162,4.51,49.75,27.13,22.62,0.608601,0.391399,0.536771,0.463229,0.480269,0.519731,16.36,15.22,1,1,cfb-inseason-v6-history-coverage-2026-09-16,0.097696,0.12923,-0.052258,-0.037569,0.471605,0.492217,0.408927,0.419819,5.935877,6.488117,5.741222,5.223447,1.995417,2.456955,1.533878,1.625046,0.630731,0.706489,0.497398,0.729864,0.106959,0.109266,0.325213,0.410497,0,,NO_QUALIFYING_CANDIDATE,,,,,,,,0,,NO_QUALIFYING_CANDIDATE,,,,,,,,,0,,NO_QUALIFYING_CANDIDATE,,,,,,,,,1,-166.0,0.608601,0.5996387718242023,0.008962228175797615,-0.02477189156626519,0.0,0.0,1,140.0,0.391399,0.4003612281757977,-0.008962228175797726,-0.060642399999999985,0.0,0.0,1,-3.0,-115.0,0.5367694759302586,0.5108342361863489,0.025935239743909655,0.003525541956570344,0.004054373250055896,0.004054373250055896,1,3.0,-105.0,0.4632305240697414,0.4891657638136511,-0.02593523974390971,-0.09559754824479061,0.0,0.0,1,50.5,-112.0,0.48034916800300775,0.5043297540699689,-0.023980586066961185,-0.09076764628002104,0.0,0.0,1,50.5,-108.0,0.5196508319969922,0.4956702459300312,0.023980586066961074,0.0008090097719851141,0.0008737305537439232,0.0008737305537439232,Scheduled,0,,,,,NO_BET,0.0,NO_BET,0.0,NO_BET,0.0,0,0,0,0,0,0,0,0.0,cfb-grade-picks-v1-2026-08-26
2026,2,3,401858456,2026-09-19,12:00,Buffalo Bulls,Penn State Nittany Lions,0,Beaver Stadium,open_air,Grass,DraftKings,-40.5,49.5,0,0,1,2.5,213,2084,2,2,0,0,14.8993,-0.9458,18.3451,16.552,-13.798,32.85,1,1,53.767,0.9819,0.0181,,34.064,-34.064,34.064,40.5,0.36,0.28,0.2,0.16,0,0,0,0,0,0,0.0,0.0,0.0,1,158.4,0.0,0.1584,0.0,0.0,1.0,0.0,2,-1.4413,33.526,41.7916,49.5,0.75,0.25,1,1,18.7,1.9,,53.7,0.0,0.0,1,0.6496,47.5729,32.08,48.22,40.15,8.07,0.97507,0.02493,0.303492,0.696508,0.466553,0.533447,16.36,15.22,1,1,cfb-inseason-v6-history-coverage-2026-09-16,0.15135,0.015725,-0.032605,0.027722,0.481187,0.399925,0.431215,0.422875,6.114693,5.329931,5.309273,5.709721,2.560634,1.67875,1.199962,1.82875,0.479216,0.697398,0.464064,0.484898,0.153283,0.002794,0.367795,0.325213,0,,NO_QUALIFYING_CANDIDATE,,,,,,,,0,,NO_QUALIFYING_CANDIDATE,,,,,,,,,0,,NO_QUALIFYING_CANDIDATE,,,,,,,,,0,,,,,,,,0,,,,,,,,1,-40.5,-115.0,0.303391845914207,0.5108342361863489,-0.20744239027214195,-0.43278915763865655,0.0,0.0,1,40.5,-105.0,0.696608154085793,0.4891657638136511,0.2074423902721419,0.36004449131035776,0.3780467158758757,0.05,1,49.5,-115.0,0.46648851456111967,0.5108342361863489,-0.04434572162522926,-0.12786929886399367,0.0,0.0,1,49.5,-105.0,0.5335114854388803,0.4891657638136511,0.04434572162522915,0.041617662047337634,0.04369854514970452,0.04369854514970452,Scheduled,0,,,,,NO_BET,0.0,NO_BET,0.0,NO_BET,0.0,0,0,0,0,0,0,0,0.0,cfb-grade-picks-v1-2026-08-26
2026,2,3,401858454,2026-09-19,12:00,Kent State Golden Flashes,Ohio State Buckeyes,0,Ohio Stadium,open_air,Artificial,DraftKings,-52.5,58.5,0,0,1,2.5,194,2309,2,2,0,0,14.0146,-7.2736,23.7882,31.513,-22.914,56.927,1,1,50.163,0.9991,0.0009,,59.403,-59.403,59.403,52.5,0.36,0.28,0.2,0.16,0,0,0,0,0,0,0.0,0.0,0.0,1,119.1,0.0,0.1191,0.0,1.0,0.0,0.0,2,0.1373,50.5263,45.1533,58.5,0.75,0.25,1,1,23.2,2.1,,69.7,0.0,0.0,1,0.5371,55.1633,50.66,55.7,53.18,2.52,0.999022,0.000978,0.455312,0.544688,0.427032,0.572968,16.36,15.22,1,1,cfb-inseason-v6-history-coverage-2026-09-16,0.163482,0.066821,-0.023171,0.117509,0.479391,0.429192,0.429717,0.520194,6.648002,5.89568,5.265428,6.581066,2.32234,1.599583,1.495417,2.435417,0.647398,0.697398,0.64653,0.741842,0.154443,0.021177,0.371367,0.383488,0,,NO_QUALIFYING_CANDIDATE,,,,,,,,0,,NO_QUALIFYING_CANDIDATE,,,,,,,,,0,,NO_QUALIFYING_CANDIDATE,,,,,,,,,0,,,,,,,,0,,,,,,,,1,-52.5,-105.0,0.45522560059229084,0.4891657638136511,-0.03394016322136029,-0.11122620836743224,0.0,0.0,1,52.5,-115.0,0.5447743994077092,0.5108342361863489,0.03394016322136029,0.018491268457891064,0.021264958726574728,0.021264958726574728,1,58.5,-120.0,0.4270190979302928,0.5217391304347826,-0.09472003250448979,-0.21713165379446314,0.0,0.0,1,58.5,100.0,0.5729809020697072,0.4782608695652174,0.09472003250448979,0.1459618041394144,0.1459618041394144,0.05,In Progress,0,0.0,0.0,0.0,0.0,NO_BET,0.0,NO_BET,0.0,NO_BET,0.0,0,0,0,0,0,0,0,0.0,cfb-grade-picks-v1-2026-08-26
2026,2,3,401858228,2026-09-19,12:00,Mercer Bears,Georgia Tech Yellow Jackets,0,Bobby Dodd Stadium,open_air,Artificial,DraftKings,-38.5,58.5,0,0,1,2.5,59,,2,0,0,1,-3.4453,0.0,,0.875,,,1,1,33.489,0.9187,0.0813,,20.669,-20.669,20.669,38.5,0.6429,0.0,0.3571,0.0,0,0,0,0,0,0,0.0,0.0,0.0,1,,0.0,,,,,0.0,0,0.0,32.1318,44.0863,58.5,0.75,0.25,1,1,32.2,1.1,,45.8,0.0,0.0,1,1.0993,54.8966,32.13,56.0,44.06,11.93,0.975238,0.024762,0.348544,0.651456,0.434659,0.565341,16.36,15.22,1,1,cfb-inseason-v6-history-coverage-2026-09-16,-0.020092,0.051438,0.098349,0.065078,0.45735,0.450272,0.445368,0.456246,5.785826,5.873843,5.582025,5.986124,1.595417,1.9678,2.057917,2.04605,0.422398,0.580791,0.547398,0.585112,-0.006202,0.070629,0.402136,0.339736,0,,NO_QUALIFYING_CANDIDATE,,,,,,,,0,,NO_QUALIFYING_CANDIDATE,,,,,,,,,0,,NO_QUALIFYING_CANDIDATE,,,,,,,,,0,,,,,,,,0,,,,,,,,1,-38.5,-112.0,0.3485033372993187,0.5043297540699689,-0.15582641677065023,-0.3403329686834325,0.0,0.0,1,38.5,-108.0,0.6514966627006813,0.4956702459300312,0.15582641677065012,0.2547343133494604,0.2751130584174172,0.05,1,58.5,-115.0,0.43476419666177607,0.5108342361863489,-0.07607003952457286,-0.18717998015407084,0.0,0.0,1,58.5,-105.0,0.5652358033382239,0.4891657638136511,0.07607003952457275,0.10355561604129415,0.10873339684335886,0.05,Scheduled,0,,,,,NO_BET,0.0,NO_BET,0.0,NO_BET,0.0,0,0,0,0,0,0,0,0.0,cfb-grade-picks-v1-2026-08-26
2026,2,3,401858229,2026-09-19,12:00,North Carolina Tar Heels,Clemson Tigers,0,"Memorial Stadium (Clemson, SC)",open_air,Grass,DraftKings,-3,44.5,0,0,1,2.5,228,153,2,2,0,0,-10.3337,12.4907,-20.3245,6.612,6.5,2.612,1,1,65.754,0.5662,0.4338,,2.27,-2.27,2.27,3.0,0.36,0.28,0.2,0.16,0,0,0,0,0,0,0.0,0.0,0.0,1,230.2,0.0,0.2302,0.0,1.0,0.0,0.0,2,0.2653,-0.9866,38.1339,44.5,0.75,0.25,1,1,29.5,2.2,,61.0,0.0,0.0,1,0.4809,42.9085,-0.72,43.39,21.33,22.06,0.482418,0.517582,0.410033,0.589967,0.470915,0.529085,16.36,15.22,1,1,cfb-inseason-v6-history-coverage-2026-09-16,-0.124324,0.110279,0.060594,-0.011197,0.398344,0.493566,0.436886,0.43919,5.07131,6.434613,5.780685,4.916566,1.495417,2.017156,1.798988,1.320417,0.464064,0.609898,0.597398,0.380731,-0.004191,0.111309,0.209828,0.346367,0,,NO_QUALIFYING_CANDIDATE,,,,,,,,0,,NO_QUALIFYING_CANDIDATE,,,,,,,,,0,,NO_QUALIFYING_CANDIDATE,,,,,,,,,1,-166.0,0.482418,0.5996387718242023,-0.11722077182420232,-0.22696874698795183,0.0,0.0,1,140.0,0.517582,0.4003612281757977,0.11722077182420226,0.24219679999999988,0.1729977142857142,0.05,1,-3.0,-115.0,0.41006263353862793,0.5108342361863489,-0.100771602647721,-0.23336116338430435,0.0,0.0,1,3.0,-105.0,0.5899373664613721,0.4891657638136511,0.10077160264772095,0.1517824773769645,0.15937160124581273,0.05,1,44.5,-105.0,0.4709307693098479,0.4891657638136511,-0.018234994503803226,-0.08056373610934459,0.0,0.0,1,44.5,-115.0,0.5290692306901521,0.5108342361863489,0.01823499450380317,-0.0108705687097157,0.0,0.0,Scheduled,0,,,,,NO_BET,0.0,NO_BET,0.0,NO_BET,0.0,0,0,0,0,0,0,0,0.0,cfb-grade-picks-v1-2026-08-26
2026,2,3,401860890,2026-09-19,12:30,Duquesne Dukes,Washington State Cougars,0,Gesa Field,open_air,Artificial,DraftKings,-37.5,53.5,0,0,1,2.5,265,,2,0,0,1,-15.5627,0.0,,-9.465,,,1,1,23.147,0.9748,0.0252,,31.145,-31.145,31.145,37.5,0.6429,0.0,0.3571,0.0,0,0,0,0,0,0,0.0,0.0,0.0,1,1891.7,0.0,1.8917,3.0,1.0,0.0,0.0,2,2.1803,35.2304,42.3469,53.5,0.75,0.25,1,1,21.6,2.1,,40.3,0.0,0.0,1,0.5371,50.7117,37.41,51.25,44.33,6.92,0.988894,0.011106,0.497822,0.502178,0.441209,0.558791,16.36,15.22,1,1,cfb-inseason-v6-history-coverage-2026-09-16,-0.107263,0.051438,0.063719,0.065078,0.384918,0.450272,0.473834,0.456246,4.892607,5.873843,6.530134,5.986124,1.195417,1.9678,2.155417,2.04605,0.464064,0.580791,0.570125,0.585112,-0.046115,0.070629,0.214845,0.339736,0,,NO_QUALIFYING_CANDIDATE,,,,,,,,0,,NO_QUALIFYING_CANDIDATE,,,,,,,,,0,,NO_QUALIFYING_CANDIDATE,,,,,,,,,0,,,,,,,,0,,,,,,,,1,-37.5,-115.0,0.4978053408229577,0.5108342361863489,-0.013028895363391246,-0.06932044976577484,0.0,0.0,1,37.5,-105.0,0.5021946591770423,0.4891657638136511,0.01302889536339119,-0.019524713035298347,0.0,0.0,1,53.5,-112.0,0.44123775604234217,0.5043297540699689,-0.06309199802762677,-0.16479996177699524,0.0,0.0,1,53.5,-108.0,0.5587622439576578,0.4956702459300312,0.06309199802762666,0.07613469206660028,0.0822254674319283,0.05,Scheduled,0,,,,,NO_BET,0.0,NO_BET,0.0,NO_BET,0.0,0,0,0,0,0,0,0,0.0,cfb-grade-picks-v1-2026-08-26
2026,2,3,401858233,2026-09-19,12:30,Wagner Seahawks,California Golden Bears,0,California Memorial Stadium,open_air,Artificial,,,,0,0,1,2.5,25,,2,0,0,1,-4.802,0.0,,-2.821,,,1,1,29.879,0.9954,0.0046,,45.833,-45.833,45.833,,0.0,0.0,1.0,0.0,0,0,0,0,0,0,0.0,0.0,0.0,1,,0.0,,,,,0.0,0,0.0,45.833,43.2511,,0.0,1.0,1,1,19.2,3.7,,67.4,0.0,0.0,1,-0.3624,43.2511,45.83,47.83,46.83,1.0,0.997457,0.002543,0.5,0.5,0.5,0.5,16.36,15.22,0,0,cfb-inseason-v6-history-coverage-2026-09-16,-0.033388,0.051438,0.024482,0.065078,0.408066,0.450272,0.446489,0.456246,5.360199,5.873843,6.529704,5.986124,1.529899,1.9678,1.978175,2.04605,0.714064,0.580791,0.547398,0.585112,-0.009707,0.070629,0.368337,0.339736,0,,NO_QUALIFYING_CANDIDATE,,,,,,,,0,,NO_QUALIFYING_CANDIDATE,,,,,,,,,0,,NO_QUALIFYING_CANDIDATE,,,,,,,,,0,,,,,,,,0,,,,,,,,0,,,,,,,,,0,,,,,,,,,0,,,,,,,,,0,,,,,,,,,Scheduled,0,,,,,NO_BET,0.0,NO_BET,0.0,NO_BET,0.0,0,0,0,0,0,0,0,0.0,cfb-grade-picks-v1-2026-08-26
2026,2,3,401858448,2026-09-19,13:00,Southern Illinois Salukis,Illinois Fighting Illini,0,"Memorial Stadium (Champaign, IL)",open_air,Artificial,DraftKings,-38.5,54.5,0,0,1,2.5,356,,2,0,0,1,5.3547,0.0,,3.545,,,1,1,34.377,0.9543,0.0457,,25.9,-25.9,25.9,38.5,0.6429,0.0,0.3571,0.0,0,0,0,0,0,0,0.0,0.0,0.0,1,,0.0,,,,,0.0,0,0.0,34.0,51.7359,54.5,0.75,0.25,1,1,24.1,4.5,,94.7,1.0,0.0,1,-0.8121,53.809,34.0,53.0,43.5,9.5,0.981156,0.018844,0.391635,0.608365,0.460664,0.539336,16.36,15.22,1,1,cfb-inseason-v6-history-coverage-2026-09-16,0.176344,0.051438,0.16874,0.065078,0.504784,0.450272,0.477511,0.456246,6.307674,5.873843,6.187219,5.986124,2.638274,1.9678,2.345417,2.04605,0.714064,0.580791,0.630731,0.585112,0.239086,0.070629,0.365811,0.339736,0,,NO_QUALIFYING_CANDIDATE,,,,,,,,0,,NO_QUALIFYING_CANDIDATE,,,,,,,,,0,,NO_QUALIFYING_CANDIDATE,,,,,,,,,0,,,,,,,,0,,,,,,,,1,-38.5,-110.0,0.3916346389771667,0.5,-0.10836536102283328,-0.25233387104359073,0.0,0.0,1,38.5,-110.0,0.6083653610228332,0.5,0.10836536102283323,0.1614247801344999,0.17756725814794988,0.05,1,54.5,-108.0,0.46074598560032165,0.4956702459300312,-0.03492426032970952,-0.11263736106604716,0.0,0.0,1,54.5,-112.0,0.5392540143996783,0.5043297540699689,0.03492426032970941,0.02073081297081969,0.023218510527318055,0.023218510527318055,Scheduled,0,,,,,NO_BET,0.0,NO_BET,0.0,NO_BET,0.0,0,0,0,0,0,0,0,0.0,cfb-grade-picks-v1-2026-08-26
2026,2,3,401864508,2026-09-19,13:00,Wyoming Cowboys,Central Michigan Chippewas,0,Kelly/Shorts Stadium,open_air,Artificial,DraftKings,1.5,38.5,0,0,1,2.5,2117,2751,2,2,0,0,-6.4691,-0.7073,-3.2618,-17.407,-19.065,4.158,1,1,9.263,0.6393,0.3607,,4.879,-4.879,4.879,-1.5,0.36,0.28,0.2,0.16,0,0,0,0,0,0,0.0,0.0,0.0,1,1069.0,0.0,1.069,2.0,0.0,1.0,0.0,2,-0.3918,1.0781,40.4542,38.5,0.75,0.25,1,1,13.8,4.0,,97.6,1.0,0.0,1,-0.531,38.9885,0.69,38.46,19.57,18.89,0.516732,0.483268,0.553157,0.446843,0.498887,0.501113,16.36,15.22,1,1,cfb-inseason-v6-history-coverage-2026-09-16,-0.038957,0.019113,0.009394,0.022396,0.413875,0.459329,0.456519,0.449733,5.089492,5.725856,5.120165,5.88004,1.395417,1.649263,1.995417,1.995417,0.529864,0.630731,0.797398,0.630731,-0.089946,0.087086,0.319515,0.296367,0,,NO_QUALIFYING_CANDIDATE,,,,,,,,1,HOME,SELECTED_BY_MARKETS_YAML,1.5,-115.0,0.553244577591671,0.5108342361863489,0.04241034140532207,0.0343268189757327,0.03947584182209261,0.03947584182209261,0,,NO_QUALIFYING_CANDIDATE,,,,,,,,,1,-108.0,0.516732,0.4956702459300312,0.021061754069968797,-0.0048124444444444525,0.0,0.0,1,-112.0,0.483268,0.5043297540699689,-0.021061754069968963,-0.08524271428571428,0.0,0.0,1,1.5,-115.0,0.553244577591671,0.5108342361863489,0.04241034140532207,0.0343268189757327,0.03947584182209261,0.03947584182209261,1,-1.5,-105.0,0.446755422408329,0.4891657638136511,-0.04241034140532213,-0.12776322291707198,0.0,0.0,1,38.5,-112.0,0.4989515326645163,0.5043297540699689,-0.005378221405452632,-0.05555602745645133,0.0,0.0,1,38.5,-108.0,0.5010484673354837,0.4956702459300312,0.005378221405452521,-0.03501776661314243,0.0,0.0,Scheduled,0,,,,,NO_BET,0.0,PENDING,,NO_BET,0.0,1,0,0,0,0,0,1,0.0,cfb-grade-picks-v1-2026-08-26
2026,2,3,401856801,2026-09-19,13:30,Utah State Aggies,Utah Utes,0,Rice-Eccles Stadium,open_air,Artificial,DraftKings,-27.5,56.5,0,0,1,2.5,254,328,2,2,0,0,23.3968,5.477,20.4198,15.052,-6.575,24.127,1,1,62.46,0.9481,0.0519,,24.764,-24.764,24.764,27.5,0.36,0.28,0.2,0.16,0,0,0,0,0,0,0.0,0.0,0.0,1,68.6,0.0,0.0686,0.0,1.0,0.0,0.0,2,0.0791,24.8755,44.7696,56.5,0.75,0.25,1,1,19.4,4.2,,37.4,0.0,0.0,1,-0.6435,53.5674,24.95,52.92,38.94,13.98,0.936413,0.063587,0.438179,0.561821,0.407121,0.592879,16.36,15.22,1,1,cfb-inseason-v6-history-coverage-2026-09-16,0.217445,-0.006077,-0.052916,-0.093048,0.514824,0.452001,0.400305,0.434918,7.045937,5.804644,4.98234,4.808347,3.07234,1.512083,1.475417,1.726186,0.730731,0.547398,0.630731,0.440255,0.189015,-0.017679,0.409462,0.40351,0,,NO_QUALIFYING_CANDIDATE,,,,,,,,0,,NO_QUALIFYING_CANDIDATE,,,,,,,,,0,,NO_QUALIFYING_CANDIDATE,,,,,,,,,1,-5000.0,0.936413,0.949050949050949,-0.012637949050948949,-0.04485873999999993,0.0,0.0,1,1800.0,0.063587,0.050949050949050945,0.01263794905094906,0.20815300000000025,0.01156405555555557,0.01156405555555557,1,-27.5,-115.0,0.4380685462019009,0.5108342361863489,-0.07276568998444805,-0.18100228318775052,0.0,0.0,1,27.5,-105.0,0.5619314537980991,0.4891657638136511,0.07276568998444793,0.09710426693914576,0.10195948028610305,0.05,1,56.5,-112.0,0.4070202258699671,0.5043297540699689,-0.09730952820000183,-0.22956885817470513,0.0,0.0,1,56.5,-108.0,0.5929797741300329,0.4956702459300312,0.09730952820000172,0.14203512054673006,0.15339793019046846,0.05,Scheduled,0,,,,,NO_BET,0.0,NO_BET,0.0,NO_BET,0.0,0,0,0,0,0,0,0,0.0,cfb-grade-picks-v1-2026-08-26
2026,2,3,401858227,2026-09-19,14:00,Maine Black Bears,Boston College Eagles,0,"Alumni Stadium (Chestnut Hill, MA)",open_air,Artificial,DraftKings,-38.5,53.5,0,0,1,2.5,103,,2,0,0,1,-2.9692,0.0,,-3.916,,,1,1,26.301,0.9693,0.0307,,29.434,-29.434,29.434,38.5,0.6429,0.0,0.3571,0.0,0,0,0,0,0,0,0.0,0.0,0.0,1,216.9,0.0,0.2169,0.0,1.0,0.0,0.0,2,0.25,35.2621,44.9744,53.5,0.75,0.25,1,1,17.6,2.0,,49.2,0.0,0.0,1,0.5934,51.3686,35.51,51.96,43.74,8.22,0.985022,0.014978,0.427543,0.572457,0.459754,0.540246,16.36,15.22,1,1,cfb-inseason-v6-history-coverage-2026-09-16,-0.025223,0.051438,0.030665,0.065078,0.440109,0.450272,0.449733,0.456246,5.742964,5.873843,5.887977,5.986124,1.754676,1.9678,2.053109,2.04605,0.547398,0.580791,0.575176,0.585112,0.027213,0.070629,0.30773,0.339736,0,,NO_QUALIFYING_CANDIDATE,,,,,,,,0,,NO_QUALIFYING_CANDIDATE,,,,,,,,,0,,NO_QUALIFYING_CANDIDATE,,,,,,,,,0,,,,,,,,0,,,,,,,,1,-38.5,-110.0,0.4274920549146324,0.5,-0.07250794508536762,-0.1838788042538836,0.0,0.0,1,38.5,-110.0,0.5725079450853676,0.5,0.07250794508536762,0.09296971334479276,0.10226668467927202,0.05,1,53.5,-112.0,0.4597027329139131,0.5043297540699689,-0.044627021156055824,-0.12984839841295015,0.0,0.0,1,53.5,-108.0,0.5402972670860868,0.4956702459300312,0.04462702115605566,0.04057251438801912,0.04381831553906065,0.04381831553906065,Scheduled,0,,,,,NO_BET,0.0,NO_BET,0.0,NO_BET,0.0,0,0,0,0,0,0,0,0.0,cfb-grade-picks-v1-2026-08-26
2026,2,3,401856685,2026-09-19,14:30,Florida State Seminoles,Alabama Crimson Tide,0,Bryant-Denny Stadium,open_air,Grass,DraftKings,-19.5,48.5,0,0,1,2.5,333,52,2,1,0,0,15.5331,0.1417,17.8914,23.49,8.372,17.618,1,1,83.27,0.8835,0.1165,,17.273,-17.273,17.273,19.5,0.36,0.28,0.2,0.16,0,0,0,0,0,0,0.0,0.0,0.0,1,270.1,0.0,0.2701,1.0,1.0,0.0,0.0,2,0.3113,18.2703,45.6296,48.5,0.75,0.25,1,1,36.7,2.1,,36.3,0.0,0.0,1,0.5371,47.7824,18.58,48.32,33.45,14.87,0.871978,0.128022,0.477616,0.522384,0.49527,0.50473,16.36,15.22,1,1,cfb-inseason-v6-history-coverage-2026-09-16,0.031352,0.103436,-0.165556,0.11815,0.496742,0.453219,0.392605,0.462439,5.855926,5.842884,5.009046,6.416292,2.474583,2.099949,1.335417,2.025635,0.672398,0.64653,0.630731,0.463197,-0.003481,0.109369,0.402136,0.292592,0,,NO_QUALIFYING_CANDIDATE,,,,,,,,0,,NO_QUALIFYING_CANDIDATE,,,,,,,,,0,,NO_QUALIFYING_CANDIDATE,,,,,,,,,1,-1350.0,0.871978,0.8933823529411764,-0.021404352941176374,-0.0634310370370371,0.0,0.0,1,800.0,0.128022,0.10661764705882351,0.021404352941176485,0.15219799999999994,0.019024749999999993,0.019024749999999993,1,-19.5,-112.0,0.477577411644156,0.5043297540699689,-0.026752342425812925,-0.09601418510213328,0.0,0.0,1,19.5,-108.0,0.522422588355844,0.4956702459300312,0.026752342425812814,0.00614720720384776,0.00663898378015558,0.00663898378015558,1,48.5,-112.0,0.49528200154140195,0.5043297540699689,-0.009047752528566988,-0.06250192565377499,0.0,0.0,1,48.5,-108.0,0.5047179984585981,0.4956702459300312,0.009047752528566932,-0.02795052148714433,0.0,0.0,Scheduled,0,,,,,NO_BET,0.0,NO_BET,0.0,NO_BET,0.0,0,0,0,0,0,0,0,0.0,cfb-grade-picks-v1-2026-08-26
2026,2,3,401856694,2026-09-19,14:30,Kentucky Wildcats,Texas A&M Aggies,0,Kyle Field,open_air,Grass,DraftKings,-17.5,49.5,0,0,1,2.5,245,96,2,2,0,0,16.7451,1.9608,17.2843,23.222,4.332,21.39,1,1,77.567,0.9354,0.0646,,22.786,-22.786,22.786,17.5,0.36,0.28,0.2,0.16,0,0,0,0,0,0,0.0,0.0,0.0,1,846.4,0.0,0.8463999999999999,1.0,1.0,0.0,0.0,2,0.9755,19.6119,45.5662,49.5,0.75,0.25,1,1,34.8,2.9,,37.4,0.0,0.0,1,0.0874,48.5166,20.59,48.6,34.6,14.01,0.895877,0.104123,0.574843,0.425157,0.476527,0.523473,16.36,15.22,1,1,cfb-inseason-v6-history-coverage-2026-09-16,0.093756,0.026292,-0.165263,-0.000791,0.481032,0.458916,0.371075,0.469819,5.566381,6.062219,5.674281,5.479003,2.45838,2.035417,1.298988,2.13178,0.60509,0.714064,0.39653,0.672398,0.103838,0.155599,0.351367,0.266605,0,,NO_QUALIFYING_CANDIDATE,,,,,,,,0,,NO_QUALIFYING_CANDIDATE,,,,,,,,,0,,NO_QUALIFYING_CANDIDATE,,,,,,,,,1,-850.0,0.895877,0.8579439252336449,0.0379330747663551,0.0012742941176471234,0.010831500000000547,0.010831500000000547,1,575.0,0.104123,0.14205607476635515,-0.03793307476635516,-0.2971697500000001,0.0,0.0,1,-17.5,-105.0,0.5749047257689254,0.4891657638136511,0.08573896195527425,0.12243303602504474,0.12855468782629698,0.05,1,17.5,-115.0,0.4250952742310746,0.5108342361863489,-0.0857389619552743,-0.2052566612201649,0.0,0.0,1,49.5,-112.0,0.47642319867765526,0.5043297540699689,-0.02790655539231368,-0.09819894536015256,0.0,0.0,1,49.5,-108.0,0.5235768013223447,0.4956702459300312,0.02790655539231357,0.008370135880071405,0.009039746750477117,0.009039746750477117,Scheduled,0,,,,,NO_BET,0.0,NO_BET,0.0,NO_BET,0.0,0,0,0,0,0,0,0,0.0,cfb-grade-picks-v1-2026-08-26
2026,2,3,401867804,2026-09-19,15:00,Louisiana Tech Bulldogs,Baylor Bears,0,McLane Stadium,open_air,Artificial,DraftKings,-20.5,49.5,0,0,1,2.5,239,2348,2,2,0,0,10.914,2.7128,10.7012,7.98,-6.524,17.004,1,1,53.595,0.8861,0.1139,,17.488,-17.488,17.488,20.5,0.36,0.28,0.2,0.16,0,0,0,0,0,0,0.0,0.0,0.0,1,269.7,0.0,0.2697,0.0,1.0,0.0,0.0,2,0.3109,17.3509,43.5623,49.5,0.75,0.25,1,1,35.6,3.1,,29.1,0.0,0.0,1,-0.025,48.0156,17.66,47.99,32.83,15.16,0.859833,0.140167,0.431135,0.568865,0.460499,0.539501,16.36,15.22,1,1,cfb-inseason-v6-history-coverage-2026-09-16,0.039598,0.002139,-0.096018,-0.010986,0.459555,0.398682,0.381357,0.413718,5.780703,6.133472,4.963618,5.81269,2.106528,2.285739,1.365787,1.817997,0.575176,0.654541,0.547398,0.505731,0.018033,0.009826,0.342795,0.291367,0,,NO_QUALIFYING_CANDIDATE,,,,,,,,0,,NO_QUALIFYING_CANDIDATE,,,,,,,,,0,,NO_QUALIFYING_CANDIDATE,,,,,,,,,1,-1350.0,0.859833,0.8933823529411764,-0.03354935294117645,-0.07647566666666682,0.0,0.0,1,800.0,0.140167,0.10661764705882351,0.0335493529411765,0.26150300000000015,0.03268787500000002,0.03268787500000002,1,-20.5,-105.0,0.43109222198244446,0.4891657638136511,-0.058073541831206665,-0.1583437570818942,0.0,0.0,1,20.5,-115.0,0.5689077780175555,0.5108342361863489,0.05807354183120661,0.06361019368499504,0.07315172273774431,0.05,1,49.5,-108.0,0.46048514681391617,0.4956702459300312,-0.035185099116115004,-0.11313971724727251,0.0,0.0,1,49.5,-112.0,0.5395148531860838,0.5043297540699689,0.03518509911611489,0.0212245435308015,0.02377148875449768,0.02377148875449768,Scheduled,0,,,,,NO_BET,0.0,NO_BET,0.0,NO_BET,0.0,0,0,0,0,0,0,0,0.0,cfb-grade-picks-v1-2026-08-26
2026,2,3,401858471,2026-09-19,15:00,Northern Iowa Panthers,Iowa Hawkeyes,0,Kinnick Stadium,open_air,Artificial,DraftKings,-40.5,49.5,0,0,1,2.5,2294,,2,0,0,1,7.6676,0.0,,9.811,,,1,1,41.454,0.9758,0.0242,,31.526,-31.526,31.526,40.5,0.6429,0.0,0.3571,0.0,0,0,0,0,0,0,0.0,0.0,0.0,1,,0.0,,,,,0.0,0,0.0,37.295,41.3676,49.5,0.75,0.25,1,1,29.1,4.2,,64.4,0.0,0.0,1,-0.6435,47.4669,37.3,46.82,42.06,4.76,0.988686,0.011314,0.422342,0.577658,0.430202,0.569798,16.36,15.22,1,1,cfb-inseason-v6-history-coverage-2026-09-16,0.026504,0.051438,0.002771,0.065078,0.446489,0.450272,0.400408,0.456246,5.858172,5.873843,4.873179,5.986124,1.975417,1.9678,1.205094,2.04605,0.511683,0.580791,0.507641,0.585112,0.108365,0.070629,0.326539,0.339736,0,,NO_QUALIFYING_CANDIDATE,,,,,,,,0,,NO_QUALIFYING_CANDIDATE,,,,,,,,,0,,NO_QUALIFYING_CANDIDATE,,,,,,,,,0,,,,,,,,0,,,,,,,,1,-40.5,-108.0,0.42246201291061836,0.4956702459300312,-0.07320823301941282,-0.18636945661658683,0.0,0.0,1,40.5,-112.0,0.5775379870893816,0.5043297540699689,0.0732082330194127,0.09319690413347237,0.10438053262948906,0.05,1,49.5,-115.0,0.4301139361089179,0.5108342361863489,-0.08072030007743103,-0.19587394553550136,0.0,0.0,1,49.5,-105.0,0.5698860638910821,0.4891657638136511,0.08072030007743097,0.11263469616830313,0.1182664309767183,0.05,Scheduled,0,,,,,NO_BET,0.0,NO_BET,0.0,NO_BET,0.0,0,0,0,0,0,0,0,0.0,cfb-grade-picks-v1-2026-08-26
2026,2,3,401862774,2026-09-19,15:00,Temple Owls,Toledo Rockets,0,Glass Bowl,open_air,Artificial,DraftKings,-6,49.5,0,0,1,2.5,2649,218,2,2,0,0,14.809,-0.1458,17.4548,-2.454,-5.624,5.67,1,1,43.367,0.6627,0.3373,,5.758,-5.758,5.758,6.0,0.36,0.28,0.2,0.16,0,0,0,0,0,0,0.0,0.0,0.0,1,458.0,0.0,0.458,0.0,1.0,0.0,0.0,2,0.5279,7.692,46.0035,49.5,0.75,0.25,1,1,21.4,4.9,,81.7,1.0,0.0,1,-1.037,48.6259,8.22,47.59,27.9,19.68,0.69232,0.30768,0.553966,0.446034,0.450037,0.549963,16.36,15.22,1,1,cfb-inseason-v6-history-coverage-2026-09-16,0.117903,0.07179,-0.067733,0.079132,0.455581,0.459654,0.415454,0.461382,6.927451,5.966846,4.914573,6.031794,2.532454,1.781131,1.715417,1.971607,0.741842,0.583112,0.497398,0.464064,0.096084,0.086645,0.330458,0.280062,0,,NO_QUALIFYING_CANDIDATE,,,,,,,,1,HOME,SELECTED_BY_MARKETS_YAML,-6.0,-108.0,0.5539695197290024,0.4956702459300312,0.05829927379897126,0.06690426021881957,0.07225660103632513,0.07225660103632513,0,,NO_QUALIFYING_CANDIDATE,,,,,,,,,1,-218.0,0.69232,0.6574752261956053,0.03484477380439477,0.009897981651376175,0.021577600000000065,0.021577600000000065,1,180.0,0.30768,0.3425247738043946,-0.0348447738043946,-0.13849600000000006,0.0,0.0,1,-6.0,-108.0,0.5539695197290024,0.4956702459300312,0.05829927379897126,0.06690426021881957,0.07225660103632513,0.05,1,6.0,-112.0,0.44603048027099756,0.5043297540699689,-0.058299273798971374,-0.15572801948704035,0.0,0.0,1,49.5,-105.0,0.4500667231922009,0.4891657638136511,-0.0390990406214502,-0.12129830233903638,0.0,0.0,1,49.5,-115.0,0.5499332768077991,0.5108342361863489,0.0390990406214502,0.028136126205885237,0.03235654513676803,0.03235654513676803,Scheduled,0,,,,,NO_BET,0.0,PENDING,,NO_BET,0.0,1,0,0,0,0,0,1,0.0,cfb-grade-picks-v1-2026-08-26
2026,2,3,401856797,2026-09-19,15:30,Miami (OH) RedHawks,Cincinnati Bearcats,0,Nippert Stadium,open_air,Artificial,DraftKings,-15.5,49.5,0,0,1,2.5,2132,193,2,2,0,0,21.6439,-2.4653,26.6093,9.45,-11.575,23.525,1,1,48.476,0.9437,0.0563,,24.036,-24.036,24.036,15.5,0.36,0.28,0.2,0.16,0,0,0,0,0,0,0.0,0.0,0.0,1,29.2,0.0,0.0292,0.0,0.0,1.0,0.0,2,-1.5902,21.2317,54.2099,49.5,0.75,0.25,1,1,30.2,2.3,,57.8,0.0,0.0,1,0.4247,50.6775,19.64,51.1,35.37,15.73,0.885042,0.114958,0.599922,0.400078,0.541918,0.458082,16.36,15.22,1,1,cfb-inseason-v6-history-coverage-2026-09-16,0.226478,0.145445,-0.030219,0.191787,0.523807,0.457241,0.441797,0.488015,6.737977,6.246085,5.38004,6.383075,2.995417,2.233512,1.476186,2.722689,0.706489,0.597398,0.497398,0.672398,0.228008,0.163313,0.432236,0.361843,0,,NO_QUALIFYING_CANDIDATE,,,,,,,,0,,NO_QUALIFYING_CANDIDATE,,,,,,,,,1,OVER,SELECTED_BY_MARKETS_YAML,49.5,-110.0,0.5418616237911037,0.5,0.0418616237911037,0.034463099964834376,0.03790940996131781,0.03790940996131781,1,-750.0,0.885042,0.8465011286681716,0.038540871331828375,0.0030475999999999698,0.022856999999999777,0.022856999999999777,1,525.0,0.114958,0.15349887133182846,-0.03854087133182846,-0.28151249999999994,0.0,0.0,1,-15.5,-112.0,0.5998876210198665,0.5043297540699689,0.09555786694989754,0.13550156835903293,0.1517617565621169,0.05,1,15.5,-108.0,0.4001123789801335,0.4956702459300312,-0.09555786694989765,-0.22941319603826132,0.0,0.0,1,49.5,-110.0,0.5418616237911037,0.5,0.0418616237911037,0.034463099964834376,0.03790940996131781,0.03790940996131781,1,49.5,-110.0,0.4581383762088963,0.5,-0.0418616237911037,-0.1253721908739252,0.0,0.0,Scheduled,0,,,,,NO_BET,0.0,NO_BET,0.0,PENDING,,1,0,0,0,0,0,1,0.0,cfb-grade-picks-v1-2026-08-26
2026,2,3,401868317,2026-09-19,15:30,SE Louisiana Lions,UL Monroe Warhawks,0,Malone Stadium,open_air,Artificial,DraftKings,-10.5,48.5,0,0,1,2.5,2433,,2,0,0,1,-14.9212,0.0,,-24.797,,,1,1,3.632,0.5238,0.4762,,0.812,-0.812,0.812,10.5,0.6429,0.0,0.3571,0.0,0,0,0,0,0,0,0.0,0.0,0.0,1,168.3,0.0,0.1683,0.0,1.0,0.0,0.0,2,0.194,7.04,49.0408,48.5,0.75,0.25,1,1,37.2,2.2,,26.7,0.0,0.0,1,0.4809,48.6352,7.23,49.12,28.18,20.94,0.670819,0.329181,0.420883,0.579117,0.516145,0.483855,16.36,15.22,1,1,cfb-inseason-v6-history-coverage-2026-09-16,-0.006941,0.051438,0.193019,0.065078,0.445068,0.450272,0.499925,0.456246,5.028562,5.873843,6.988552,5.986124,1.606528,1.9678,2.90846,2.04605,0.563197,0.580791,0.511683,0.585112,0.035252,0.070629,0.27851,0.339736,0,,NO_QUALIFYING_CANDIDATE,,,,,,,,0,,NO_QUALIFYING_CANDIDATE,,,,,,,,,0,,NO_QUALIFYING_CANDIDATE,,,,,,,,,0,,,,,,,,0,,,,,,,,1,-10.5,-108.0,0.4207880958755074,0.4956702459300312,-0.07488215005452376,-0.18959329683235598,0.0,0.0,1,10.5,-112.0,0.5792119041244925,0.5043297540699689,0.07488215005452359,0.09636538994993227,0.10792923674392414,0.05,1,48.5,-112.0,0.516246768938077,0.5043297540699689,0.011917014868108033,-0.02281861593864004,0.0,0.0,1,48.5,-108.0,0.48375323106192303,0.4956702459300312,-0.011917014868108144,-0.06832711054740742,0.0,0.0,Scheduled,0,,,,,NO_BET,0.0,NO_BET,0.0,NO_BET,0.0,0,0,0,0,0,0,0,0.0,cfb-grade-picks-v1-2026-08-26
2026,2,3,401858230,2026-09-19,15:30,SMU Mustangs,Louisville Cardinals,0,L&N Federal Credit Union Stadium,open_air,Artificial,DraftKings,-1.5,58.5,0,0,1,2.5,97,2567,2,2,0,0,16.6389,17.3836,1.7553,12.113,14.398,0.215,1,1,82.242,0.5143,0.4857,,0.488,-0.488,0.488,1.5,0.36,0.28,0.2,0.16,0,0,0,0,0,0,0.0,0.0,0.0,1,721.6,0.0,0.7216,1.0,0.0,1.0,0.0,2,-0.7922,0.9787,49.649,58.5,0.75,0.25,1,1,33.1,2.3,,51.1,1.0,0.0,1,0.4247,56.2872,0.19,56.71,28.45,28.26,0.504547,0.495453,0.468003,0.531997,0.45324,0.54676,16.36,15.22,1,1,cfb-inseason-v6-history-coverage-2026-09-16,0.215118,0.234866,0.019132,0.014463,0.511602,0.502101,0.423163,0.436172,6.91828,7.631146,5.406093,5.388633,2.588009,2.591571,1.805761,1.649263,0.647398,0.61558,0.597398,0.672398,0.258335,0.183982,0.3797,0.3797,0,,NO_QUALIFYING_CANDIDATE,,,,,,,,0,,NO_QUALIFYING_CANDIDATE,,,,,,,,,0,,NO_QUALIFYING_CANDIDATE,,,,,,,,,1,-118.0,0.504547,0.5173641257162701,-0.012817125716270139,-0.06787079661016959,0.0,0.0,1,-102.0,0.495453,0.4826358742837298,0.012817125716270195,-0.01880876470588244,0.0,0.0,1,-1.5,-110.0,0.468089459291264,0.5,-0.031910540708736,-0.10637466862576872,0.0,0.0,1,1.5,-110.0,0.531910540708736,0.5,0.031910540708736,0.015465577716677892,0.01701213548834568,0.01701213548834568,1,58.5,-112.0,0.4531889704958117,0.5043297540699689,-0.051140783574157245,-0.14217802013292796,0.0,0.0,1,58.5,-108.0,0.5468110295041884,0.4956702459300312,0.05114078357415719,0.05311753830436283,0.05736694136871185,0.05,Scheduled,0,,,,,NO_BET,0.0,NO_BET,0.0,NO_BET,0.0,0,0,0,0,0,0,0,0.0,cfb-grade-picks-v1-2026-08-26
2026,2,3,401866424,2026-09-19,15:30,Stonehill Skyhawks,Massachusetts Minutemen,0,Warren McGuirk Alumni Stadium,open_air,Artificial,DraftKings,-33.5,49.5,0,0,1,2.5,113,,2,0,0,1,9.5892,0.0,,-12.671,,,1,1,17.641,0.9555,0.0445,,26.146,-26.146,26.146,33.5,0.6429,0.0,0.3571,0.0,0,0,0,0,0,0,0.0,0.0,0.0,1,,0.0,,,,,0.0,0,0.0,30.8736,44.2966,49.5,0.75,0.25,1,1,18.8,0.8,,41.5,0.0,0.0,1,1.268,48.1992,30.87,49.47,40.17,9.3,0.970429,0.029571,0.436228,0.563772,0.499139,0.500861,16.36,15.22,1,1,cfb-inseason-v6-history-coverage-2026-09-16,0.150291,0.051438,0.01905,0.065078,0.472609,0.450272,0.45798,0.456246,6.579153,5.873843,5.697873,5.986124,2.120417,1.9678,1.569491,2.04605,0.51962,0.580791,0.547398,0.585112,0.212184,0.070629,0.346367,0.339736,0,,NO_QUALIFYING_CANDIDATE,,,,,,,,0,,NO_QUALIFYING_CANDIDATE,,,,,,,,,0,,NO_QUALIFYING_CANDIDATE,,,,,,,,,0,,,,,,,,0,,,,,,,,1,-33.5,-108.0,0.43614202420605774,0.4956702459300312,-0.05952822172397343,-0.16002276819574057,0.0,0.0,1,33.5,-112.0,0.5638579757939423,0.5043297540699689,0.05952822172397332,0.06730259703853347,0.0753789086831575,0.05,1,49.5,-115.0,0.4992136491023523,0.5108342361863489,-0.011620587083996659,-0.06668752559125457,0.0,0.0,1,49.5,-105.0,0.5007863508976478,0.4891657638136511,0.011620587083996659,-0.02227426729506865,0.0,0.0,Scheduled,0,,,,,NO_BET,0.0,NO_BET,0.0,NO_BET,0.0,0,0,0,0,0,0,0,0.0,cfb-grade-picks-v1-2026-08-26
2026,2,3,401858457,2026-09-19,15:30,USC Trojans,Rutgers Scarlet Knights,0,SHI Stadium,open_air,Artificial,DraftKings,21.5,58.5,0,0,1,2.5,164,30,2,2,0,0,-5.6687,10.9002,-14.0689,-5.867,15.783,-19.15,1,1,64.273,0.0591,0.9409,,-23.588,23.588,-23.588,-21.5,0.36,0.28,0.2,0.16,0,0,0,0,0,0,0.0,0.0,0.0,1,2425.6,0.0,2.4255999999999998,3.0,0.0,1.0,0.0,2,1.1718,-20.0706,48.5672,58.5,0.75,0.25,1,1,22.1,2.6,,50.6,0.0,0.0,1,0.256,56.0168,-18.9,56.27,18.69,37.59,0.124008,0.875992,0.563164,0.436836,0.44183,0.55817,16.36,15.22,1,1,cfb-inseason-v6-history-coverage-2026-09-16,-0.03218,0.171662,0.051744,0.128699,0.439049,0.52135,0.456678,0.457774,5.87131,6.656144,6.13381,5.7246,1.773194,2.667292,2.162083,1.843902,0.51962,0.679751,0.583112,0.547398,-0.019044,0.141395,0.258323,0.421367,0,,NO_QUALIFYING_CANDIDATE,,,,,,,,0,,NO_QUALIFYING_CANDIDATE,,,,,,,,,0,,NO_QUALIFYING_CANDIDATE,,,,,,,,,1,1100.0,0.124008,0.08029197080291971,0.043716029197080286,0.488096,0.04437236363636363,0.04437236363636363,1,-2100.0,0.875992,0.9197080291970803,-0.043716029197080286,-0.0822940952380952,0.0,0.0,1,21.5,-105.0,0.5631357050393323,0.4891657638136511,0.07396994122568118,0.09945542412441066,0.1044281953306312,0.05,1,-21.5,-115.0,0.4368642949606677,0.5108342361863489,-0.07396994122568123,-0.18325370942136043,0.0,0.0,1,58.5,-105.0,0.44175634334558045,0.4891657638136511,-0.04740942046807067,-0.13752332965862868,0.0,0.0,1,58.5,-115.0,0.5582436566544196,0.5108342361863489,0.04740942046807062,0.043672923310436484,0.05022386180700197,0.05,Scheduled,0,,,,,NO_BET,0.0,NO_BET,0.0,NO_BET,0.0,0,0,0,0,0,0,0,0.0,cfb-grade-picks-v1-2026-08-26
2026,2,3,401858450,2026-09-19,15:30,UTEP Miners,Michigan Wolverines,0,Michigan Stadium,open_air,Artificial,DraftKings,-34.5,48.5,0,0,1,2.5,130,2638,2,2,0,0,5.9715,1.4086,7.0629,15.131,-17.714,35.345,1,1,48.472,0.9888,0.0112,,38.196,-38.196,38.196,34.5,0.36,0.28,0.2,0.16,0,0,0,0,0,0,0.0,0.0,0.0,1,1443.1,0.0,1.4430999999999998,2.0,0.0,1.0,0.0,2,0.0394,31.0859,40.8475,48.5,0.75,0.25,1,1,17.4,4.9,,95.7,1.0,0.0,1,-1.037,46.5869,31.13,45.55,38.34,7.21,0.971449,0.028551,0.418286,0.581714,0.423154,0.576846,16.36,15.22,1,1,cfb-inseason-v6-history-coverage-2026-09-16,0.033221,0.015986,-0.065966,0.002935,0.430341,0.463875,0.434542,0.435844,5.537348,6.162219,4.979123,5.587977,1.620417,2.031131,1.418494,2.033878,0.630731,0.380731,0.297398,0.511683,0.034925,0.051111,0.301802,0.258323,0,,NO_QUALIFYING_CANDIDATE,,,,,,,,0,,NO_QUALIFYING_CANDIDATE,,,,,,,,,0,,NO_QUALIFYING_CANDIDATE,,,,,,,,,0,,,,,,,,0,,,,,,,,1,-34.5,-118.0,0.41839927537962285,0.5173641257162701,-0.09896485033664726,-0.22702506751900187,0.0,0.0,1,34.5,-102.0,0.5816007246203772,0.4826358742837298,0.09896485033664737,0.15179751346388426,0.15483346373316192,0.05,1,48.5,-110.0,0.4231568799658719,0.5,-0.07684312003412808,-0.19215504733788086,0.0,0.0,1,48.5,-110.0,0.5768431200341281,0.5,0.07684312003412808,0.10124595642878997,0.11137055207166896,0.05,Scheduled,0,,,,,NO_BET,0.0,NO_BET,0.0,NO_BET,0.0,0,0,0,0,0,0,0,0.0,cfb-grade-picks-v1-2026-08-26
2026,2,3,401866422,2026-09-19,16:00,Ball State Cardinals,Liberty Flames,0,Williams Stadium (VA),open_air,Artificial,DraftKings,-14.5,49.5,0,0,1,2.5,2335,2050,2,2,0,0,4.002,-7.917,14.419,-9.232,-19.119,12.387,1,1,19.744,0.8171,0.1829,,12.761,-12.761,12.761,14.5,0.36,0.28,0.2,0.16,0,0,0,0,0,0,0.0,0.0,0.0,1,389.8,0.0,0.38980000000000004,0.0,0.0,1.0,0.0,2,-1.1746,13.5476,42.711,49.5,0.75,0.25,1,1,22.7,2.9,,76.2,0.0,0.0,1,0.0874,47.8028,12.37,47.89,30.13,17.76,0.775264,0.224736,0.448278,0.551722,0.457881,0.542119,16.36,15.22,1,1,cfb-inseason-v6-history-coverage-2026-09-16,-0.006383,0.031919,-0.038438,0.132191,0.452702,0.40493,0.402511,0.471955,5.87589,6.011633,5.704644,6.575014,1.82234,1.810231,1.662083,2.133348,0.464064,0.529864,0.440255,0.797398,0.051915,0.064341,0.319515,0.275533,0,,NO_QUALIFYING_CANDIDATE,,,,,,,,0,,NO_QUALIFYING_CANDIDATE,,,,,,,,,0,,NO_QUALIFYING_CANDIDATE,,,,,,,,,1,-700.0,0.775264,0.84,-0.06473600000000002,-0.1139840000000001,0.0,0.0,1,500.0,0.224736,0.15999999999999998,0.06473600000000002,0.34841600000000006,0.06968320000000001,0.05,1,-14.5,-112.0,0.4482058382082437,0.5043297540699689,-0.056123915861725215,-0.15161037767725305,0.0,0.0,1,14.5,-108.0,0.5517941617917563,0.4956702459300312,0.05612391586172516,0.06271468196930852,0.06773185652685319,0.05,1,49.5,-112.0,0.45787771245853365,0.5043297540699689,-0.04645204161143529,-0.13330290141777568,0.0,0.0,1,49.5,-108.0,0.5421222875414664,0.4956702459300312,0.046452041611435235,0.044087368598379806,0.04761435808625018,0.04761435808625018,Scheduled,0,,,,,NO_BET,0.0,NO_BET,0.0,NO_BET,0.0,0,0,0,0,0,0,0,0.0,cfb-grade-picks-v1-2026-08-26
2026,2,3,401858231,2026-09-19,16:00,Stanford Cardinal,Duke Blue Devils,0,Wallace Wade Stadium,open_air,Grass,DraftKings,-10,50.5,0,0,1,2.5,150,24,2,1,0,0,5.6756,-3.8547,12.0302,6.777,-3.969,13.246,1,1,55.271,0.8473,0.1527,,14.604,-14.604,14.604,10.0,0.36,0.28,0.2,0.16,0,0,0,0,0,0,0.0,0.0,0.0,1,2374.7,0.0,2.3747,3.0,0.0,1.0,0.0,2,1.1131,12.1545,42.6315,50.5,0.75,0.25,1,1,26.6,3.9,,76.8,0.0,0.0,1,-0.4748,48.5329,13.27,48.06,30.66,17.4,0.791312,0.208688,0.579156,0.420844,0.436266,0.563734,16.36,15.22,1,1,cfb-inseason-v6-history-coverage-2026-09-16,0.099899,0.046792,0.02279,0.112864,0.450167,0.435189,0.448822,0.465253,5.928342,5.824931,5.676228,6.002223,1.955417,1.780556,1.550972,2.127222,0.597398,0.544679,0.547398,0.729864,0.101744,0.055573,0.351367,0.361822,0,,NO_QUALIFYING_CANDIDATE,,,,,,,,0,,NO_QUALIFYING_CANDIDATE,,,,,,,,,0,,NO_QUALIFYING_CANDIDATE,,,,,,,,,1,-395.0,0.791312,0.7659021045164341,0.02540989548356587,-0.0083558481012658,0.0,0.0,1,310.0,0.208688,0.23409789548356588,-0.02540989548356587,-0.14437920000000004,0.0,0.0,1,-10.0,-110.0,0.5792119041244925,0.5,0.07921190412449253,0.105768180601304,0.11634499866143438,0.05,1,10.0,-110.0,0.4207880958755075,0.5,-0.07921190412449253,-0.19667727151039477,0.0,0.0,1,50.5,-115.0,0.4363163242040972,0.5108342361863489,-0.07451791198225172,-0.18427817648799216,0.0,0.0,1,50.5,-105.0,0.5636836757959027,0.4891657638136511,0.0745179119822516,0.10052527179200055,0.10555153538160059,0.05,Scheduled,0,,,,,NO_BET,0.0,NO_BET,0.0,NO_BET,0.0,0,0,0,0,0,0,0,0.0,cfb-grade-picks-v1-2026-08-26
2026,2,3,401858449,2026-09-19,16:00,Western Kentucky Hilltoppers,Indiana Hoosiers,0,"Memorial Stadium (Bloomington, IN)",open_air,Artificial,DraftKings,-44.5,60.5,0,0,1,2.5,84,98,2,2,0,0,20.9227,-12.9244,36.3471,26.199,-13.761,42.46,1,1,56.635,0.9944,0.0056,,44.187,-44.187,44.187,44.5,0.36,0.28,0.2,0.16,0,0,0,0,0,0,0.0,0.0,0.0,1,151.8,0.0,0.15180000000000002,1.0,1.0,0.0,0.0,2,0.175,42.5617,50.463,60.5,0.75,0.25,1,1,24.8,2.1,,98.0,1.0,0.0,1,0.5371,57.9907,42.74,58.53,50.63,7.9,0.995503,0.004497,0.457085,0.542915,0.448452,0.551548,16.36,15.22,1,1,cfb-inseason-v6-history-coverage-2026-09-16,0.246301,0.018373,0.014796,0.176029,0.491662,0.437702,0.407335,0.486283,7.056216,5.152839,5.642363,7.392363,3.209702,1.562083,1.315417,2.688965,0.714064,0.714064,0.507641,0.747398,0.16018,0.007883,0.355577,0.360556,0,,NO_QUALIFYING_CANDIDATE,,,,,,,,0,,NO_QUALIFYING_CANDIDATE,,,,,,,,,0,,NO_QUALIFYING_CANDIDATE,,,,,,,,,0,,,,,,,,0,,,,,,,,1,-44.5,-112.0,0.4571646446468373,0.5043297540699689,-0.047165109423131624,-0.1346526369184865,0.0,0.0,1,44.5,-108.0,0.5428353553531626,0.4956702459300312,0.04716510942313146,0.045460684383868855,0.04909753913457836,0.04909753913457836,1,60.5,-110.0,0.44850674549991415,0.5,-0.05149325450008585,-0.1437598495001639,0.0,0.0,1,60.5,-110.0,0.5514932545000859,0.5,0.051493254500085905,0.05285075859107313,0.05813583445018044,0.05,Scheduled,0,,,,,NO_BET,0.0,NO_BET,0.0,NO_BET,0.0,0,0,0,0,0,0,0,0.0,cfb-grade-picks-v1-2026-08-26
2026,2,3,401858459,2026-09-19,16:15,Eastern Washington Eagles,Washington Huskies,0,Husky Stadium,open_air,Artificial,DraftKings,-42.5,56.5,0,0,1,2.5,264,,2,0,0,1,6.7155,0.0,,7.583,,,1,1,37.811,0.9825,0.0175,,34.348,-34.348,34.348,42.5,0.6429,0.0,0.3571,0.0,0,0,0,0,0,0,0.0,0.0,0.0,1,,0.0,,,,,0.0,0,0.0,39.5886,41.25,56.5,0.75,0.25,1,1,20.1,1.6,,64.4,0.0,0.0,1,0.8182,52.6875,39.59,53.51,46.55,6.96,0.992236,0.007764,0.429377,0.570623,0.422019,0.577981,16.36,15.22,1,1,cfb-inseason-v6-history-coverage-2026-09-16,0.016248,0.051438,-0.078548,0.065078,0.466481,0.450272,0.420493,0.456246,5.750722,5.873843,5.5371,5.986124,1.764647,1.9678,1.395417,2.04605,0.51962,0.580791,0.547398,0.585112,0.069844,0.070629,0.349938,0.339736,0,,NO_QUALIFYING_CANDIDATE,,,,,,,,0,,NO_QUALIFYING_CANDIDATE,,,,,,,,,0,,NO_QUALIFYING_CANDIDATE,,,,,,,,,0,,,,,,,,0,,,,,,,,1,-42.5,-112.0,0.4294114125077496,0.5043297540699689,-0.07491834156221933,-0.1871855406103311,0.0,0.0,1,42.5,-108.0,0.5705885874922504,0.4956702459300312,0.07491834156221922,0.09891135368877857,0.10682426198388084,0.05,1,56.5,-112.0,0.42212818510156075,0.5043297540699689,-0.08220156896840819,-0.20097164962918856,0.0,0.0,1,56.5,-108.0,0.5778718148984392,0.4956702459300312,0.08220156896840802,0.11293831017477185,0.12197337498875359,0.05,Scheduled,0,,,,,NO_BET,0.0,NO_BET,0.0,NO_BET,0.0,0,0,0,0,0,0,0,0.0,cfb-grade-picks-v1-2026-08-26
2026,2,3,401856691,2026-09-19,16:15,Mississippi State Bulldogs,South Carolina Gamecocks,0,Williams-Brice Stadium,open_air,Grass,DraftKings,-4,58.5,0,0,1,2.5,2579,344,2,2,0,0,24.4641,20.459,6.5051,15.688,13.331,4.857,1,1,84.943,0.6396,0.3604,,4.889,-4.889,4.889,4.0,0.36,0.28,0.2,0.16,0,0,0,0,0,0,0.0,0.0,0.0,1,448.1,0.0,0.4481,1.0,0.0,1.0,0.0,2,-1.1074,4.8186,49.0365,58.5,0.75,0.25,1,1,24.6,4.7,,98.2,1.0,0.0,1,-0.9246,56.1341,3.71,55.21,29.46,25.75,0.589727,0.410273,0.492957,0.507043,0.414419,0.585581,16.36,15.22,1,1,cfb-inseason-v6-history-coverage-2026-09-16,0.23729,0.178274,-0.00875,0.007268,0.535482,0.511757,0.391147,0.441251,7.156093,7.255557,5.166765,5.1507,2.807917,3.16933,1.175417,1.375417,0.672398,0.597398,0.464064,0.39653,0.193937,0.173223,0.432236,0.409462,0,,NO_QUALIFYING_CANDIDATE,,,,,,,,0,,NO_QUALIFYING_CANDIDATE,,,,,,,,,0,,NO_QUALIFYING_CANDIDATE,,,,,,,,,1,-185.0,0.589727,0.6224665518611737,-0.03273955186117372,-0.09150164864864863,0.0,0.0,1,154.0,0.410273,0.37753344813882633,0.032739551861173666,0.04209342000000005,0.02733338961038964,0.02733338961038964,1,-4.0,-108.0,0.49292865508510764,0.4956702459300312,-0.002741590844923536,-0.05065592353979265,0.0,0.0,1,4.0,-112.0,0.5070713449148924,0.5043297540699689,0.002741590844923425,-0.04018638283966808,0.0,0.0,1,58.5,-112.0,0.41443036873746386,0.5043297540699689,-0.08989938533250508,-0.215542516318372,0.0,0.0,1,58.5,-108.0,0.5855696312625361,0.4956702459300312,0.08989938533250497,0.12776373428340304,0.13798483302607525,0.05,Scheduled,0,,,,,NO_BET,0.0,NO_BET,0.0,NO_BET,0.0,0,0,0,0,0,0,0,0.0,cfb-grade-picks-v1-2026-08-26
2026,2,3,401856795,2026-09-19,17:30,BYU Cougars,Colorado State Rams,0,Canvas Stadium,open_air,Artificial,DraftKings,17.5,52.5,0,0,1,2.5,36,252,2,2,0,0,14.6662,20.7819,-3.6157,-3.627,15.639,-16.766,1,1,66.016,0.1077,0.8923,,-18.025,18.025,-18.025,-17.5,0.36,0.28,0.2,0.16,0,0,0,0,0,0,0.0,0.0,0.0,1,346.0,0.0,0.346,0.0,0.0,1.0,0.0,2,-1.2251,-15.178,50.7182,52.5,0.75,0.25,1,1,20.3,4.1,,56.2,1.0,0.0,1,-0.5872,52.0545,-16.4,51.47,17.53,33.94,0.158019,0.841981,0.526728,0.473272,0.472952,0.527048,16.36,15.22,1,1,cfb-inseason-v6-history-coverage-2026-09-16,0.222063,0.230319,0.04014,0.024866,0.49087,0.55104,0.443028,0.435138,7.051463,6.706604,6.445448,5.297581,2.717639,2.973678,1.612083,1.517156,0.570125,0.751943,0.547398,0.597398,0.235527,0.21024,0.40351,0.433272,0,,NO_QUALIFYING_CANDIDATE,,,,,,,,0,,NO_QUALIFYING_CANDIDATE,,,,,,,,,0,,NO_QUALIFYING_CANDIDATE,,,,,,,,,1,700.0,0.158019,0.12,0.038019,0.26415200000000005,0.037736000000000006,0.037736000000000006,1,-1100.0,0.841981,0.88,-0.038019000000000025,-0.08147527272727281,0.0,0.0,1,17.5,-105.0,0.5268035501965352,0.4891657638136511,0.03763778638288412,0.028521217050378356,0.029947277902897276,0.029947277902897276,1,-17.5,-115.0,0.47319644980346476,0.5108342361863489,-0.037637786382884175,-0.11532837645439203,0.0,0.0,1,52.5,-110.0,0.4730225284410184,0.5,-0.026977471558981614,-0.09695699115805584,0.0,0.0,1,52.5,-110.0,0.5269774715589817,0.5,0.02697747155898167,0.006047900248965066,0.006652690273861572,0.006652690273861572,Scheduled,0,,,,,NO_BET,0.0,NO_BET,0.0,NO_BET,0.0,0,0,0,0,0,0,0,0.0,cfb-grade-picks-v1-2026-08-26
2026,2,3,401871047,2026-09-19,17:30,Marshall Thundering Herd,Missouri State Bears,0,Plaster Sports Complex,open_air,Artificial,DraftKings,4,53.5,0,0,1,2.5,2623,276,2,2,0,0,-3.3676,-7.5239,6.6562,-12.322,-14.092,4.27,1,1,20.491,0.6275,0.3725,,4.447,-4.447,4.447,-4.0,0.36,0.28,0.2,0.16,0,0,0,0,0,0,0.0,0.0,0.0,1,598.4,0.0,0.5983999999999999,1.0,1.0,0.0,0.0,2,0.6897,1.71,44.7525,53.5,0.75,0.25,1,1,35.7,4.7,,24.5,0.0,0.0,1,-0.9246,51.3131,2.4,50.39,26.39,23.99,0.558308,0.441692,0.652168,0.347832,0.419008,0.580992,16.36,15.22,1,1,cfb-inseason-v6-history-coverage-2026-09-16,0.002843,-0.030869,0.123732,0.116271,0.433651,0.437332,0.470265,0.473939,5.896749,5.37756,5.507542,6.12131,1.955417,1.513935,2.175417,2.138274,0.674308,0.697398,0.630731,0.447398,0.028444,0.074081,0.358867,0.258323,0,,NO_QUALIFYING_CANDIDATE,,,,,,,,1,HOME,SELECTED_BY_MARKETS_YAML,4.0,-108.0,0.6521745730020126,0.4956702459300312,0.15650432707198147,0.25603991837424667,0.2765231118441864,0.2765231118441864,0,,NO_QUALIFYING_CANDIDATE,,,,,,,,,1,160.0,0.558308,0.3690596562184024,0.1892483437815976,0.45160080000000014,0.28225050000000007,0.05,1,-192.0,0.441692,0.6309403437815976,-0.1892483437815976,-0.32826008333333334,0.0,0.0,1,4.0,-108.0,0.6521745730020126,0.4956702459300312,0.15650432707198147,0.25603991837424667,0.2765231118441864,0.05,1,-4.0,-112.0,0.34782542699798735,0.5043297540699689,-0.15650432707198159,-0.34161615603952394,0.0,0.0,1,53.5,-112.0,0.41904531365753456,0.5043297540699689,-0.08528444041243438,-0.20680708486252397,0.0,0.0,1,53.5,-108.0,0.5809546863424655,0.4956702459300312,0.08528444041243433,0.11887569221511884,0.12838574759232835,0.05,Scheduled,0,,,,,NO_BET,0.0,PENDING,,NO_BET,0.0,1,0,0,0,0,0,1,0.0,cfb-grade-picks-v1-2026-08-26
2026,2,3,401864574,2026-09-19,18:00,Charlotte 49ers,App State Mountaineers,0,Kidd Brewer Stadium,open_air,Artificial,DraftKings,-17.5,51.5,0,0,1,2.5,2026,2429,2,2,0,0,17.0635,-4.5123,24.0758,-3.462,-16.48,15.518,1,1,27.914,0.8632,0.1368,,15.702,-15.702,15.702,17.5,0.36,0.28,0.2,0.16,0,0,0,0,0,0,0.0,0.0,0.0,1,81.8,0.0,0.0818,0.0,1.0,0.0,0.0,2,0.0943,17.6376,51.4275,51.5,0.75,0.25,1,1,21.7,2.8,,82.4,1.0,0.0,1,0.1436,51.4819,17.73,51.63,34.68,16.95,0.860785,0.139215,0.505653,0.494347,0.503289,0.496711,16.36,15.22,1,1,cfb-inseason-v6-history-coverage-2026-09-16,0.219364,0.109616,-0.019257,0.22905,0.503735,0.481187,0.429801,0.529164,6.614667,6.372046,5.601081,6.35974,2.630032,2.341571,1.495417,2.476898,0.60509,0.51962,0.511683,0.697398,0.225645,0.106668,0.330458,0.348786,0,,NO_QUALIFYING_CANDIDATE,,,,,,,,0,,NO_QUALIFYING_CANDIDATE,,,,,,,,,0,,NO_QUALIFYING_CANDIDATE,,,,,,,,,1,-1000.0,0.860785,0.8720930232558138,-0.011308023255813815,-0.05313649999999989,0.0,0.0,1,650.0,0.139215,0.12790697674418605,0.011308023255813954,0.0441125,0.006786538461538461,0.006786538461538461,1,-17.5,100.0,0.5056084169936681,0.4782608695652174,0.02734754742845069,0.011216833987336194,0.011216833987336194,0.011216833987336194,1,17.5,-120.0,0.4943915830063319,0.5217391304347826,-0.02734754742845069,-0.0936154311550581,0.0,0.0,1,51.5,-112.0,0.5034074813305489,0.5043297540699689,-0.000922272739420027,-0.047121553195746735,0.0,0.0,1,51.5,-108.0,0.4965925186694511,0.4956702459300312,0.0009222727394199159,-0.043599593673649684,0.0,0.0,Scheduled,0,,,,,NO_BET,0.0,NO_BET,0.0,NO_BET,0.0,0,0,0,0,0,0,0,0.0,cfb-grade-picks-v1-2026-08-26
2026,2,3,401862710,2026-09-19,18:00,East Carolina Pirates,Old Dominion Monarchs,0,S.B. Ballard Stadium,open_air,Artificial,DraftKings,-3,48.5,0,0,1,2.5,295,151,2,2,0,0,0.6251,-7.36,10.4851,-6.656,-4.239,0.083,1,1,40.788,0.4841,0.5159,,-0.542,0.542,-0.542,3.0,0.36,0.28,0.2,0.16,0,0,0,0,0,0,0.0,0.0,0.0,1,107.0,0.0,0.107,0.0,0.0,1.0,0.0,2,-1.5006,2.6725,47.7496,48.5,0.75,0.25,1,1,24.8,6.5,,73.5,0.0,0.0,1,-1.9365,48.3124,1.17,46.38,23.77,22.6,0.528552,0.471448,0.455513,0.544487,0.444504,0.555496,16.36,15.22,1,1,cfb-inseason-v6-history-coverage-2026-09-16,-0.051766,-0.025255,0.003681,0.079063,0.42058,0.435475,0.419292,0.467511,5.822795,5.710248,5.361721,5.88131,2.45838,1.60256,2.017156,2.226186,0.654541,0.547398,0.497398,0.647398,-0.145888,0.067898,0.314224,0.218986,0,,NO_QUALIFYING_CANDIDATE,,,,,,,,0,,NO_QUALIFYING_CANDIDATE,,,,,,,,,0,,NO_QUALIFYING_CANDIDATE,,,,,,,,,1,-148.0,0.528552,0.5720596355604638,-0.043507635560463775,-0.11431827027027025,0.0,0.0,1,124.0,0.471448,0.4279403644395361,0.043507635560463886,0.05604352000000001,0.0451963870967742,0.0451963870967742,1,-3.0,-102.0,0.45546792373396594,0.4826358742837298,-0.027167950549763842,-0.09799489613469486,0.0,0.0,1,3.0,-118.0,0.5445320762660341,0.5173641257162701,0.027167950549763953,0.005999937508435804,0.007079926259954249,0.007079926259954249,1,48.5,-112.0,0.44461033490344093,0.5043297540699689,-0.05971941916652801,-0.15841615178991542,0.0,0.0,1,48.5,-108.0,0.5553896650965591,0.4956702459300312,0.0597194191665279,0.06963935500078045,0.07521050340084287,0.05,Scheduled,0,,,,,NO_BET,0.0,NO_BET,0.0,NO_BET,0.0,0,0,0,0,0,0,0,0.0,cfb-grade-picks-v1-2026-08-26
2026,2,3,401856687,2026-09-19,18:00,Florida Gators,Auburn Tigers,0,Jordan-Hare Stadium,open_air,Grass,DraftKings,2.5,53.5,0,0,1,2.5,2,57,2,2,0,0,10.7251,21.8962,-8.6711,14.399,17.037,-0.138,1,1,88.482,0.4831,0.5169,,-0.578,0.578,-0.578,-2.5,0.36,0.28,0.2,0.16,0,0,0,0,0,0,0.0,0.0,0.0,1,275.9,0.0,0.2759,1.0,1.0,0.0,0.0,2,0.318,-2.4416,45.1795,53.5,0.75,0.25,1,1,26.3,5.0,,83.1,1.0,0.0,1,-1.0932,51.4199,-2.12,50.33,24.1,26.23,0.44836,0.55164,0.509178,0.490822,0.41742,0.58258,16.36,15.22,1,1,cfb-inseason-v6-history-coverage-2026-09-16,0.075133,0.219399,-0.046739,-0.006601,0.46336,0.502705,0.421059,0.417053,6.097096,7.370535,5.239052,5.131441,1.976186,3.095417,1.32875,1.456955,0.609898,0.755731,0.497398,0.511683,0.034866,0.199329,0.421367,0.365811,0,,NO_QUALIFYING_CANDIDATE,,,,,,,,0,,NO_QUALIFYING_CANDIDATE,,,,,,,,,0,,NO_QUALIFYING_CANDIDATE,,,,,,,,,1,110.0,0.44836,0.4572564612326044,-0.008896461232604402,-0.058443999999999996,0.0,0.0,1,-130.0,0.55164,0.5427435387673957,0.008896461232604347,-0.024021538461538483,0.0,0.0,1,2.5,-115.0,0.5092655523334813,0.5108342361863489,-0.0015686838528676805,-0.047894836941752505,0.0,0.0,1,-2.5,-105.0,0.49073444766651875,0.4891657638136511,0.001568683852867625,-0.04189941169870154,0.0,0.0,1,53.5,-102.0,0.41750572747701525,0.4826358742837298,-0.06513014680671453,-0.1731749318592442,0.0,0.0,1,53.5,-118.0,0.5824942725229847,0.5173641257162701,0.06513014680671458,0.07613348652551405,0.08983751410010658,0.05,Scheduled,0,,,,,NO_BET,0.0,NO_BET,0.0,NO_BET,0.0,0,0,0,0,0,0,0,0.0,cfb-grade-picks-v1-2026-08-26
2026,2,3,401862771,2026-09-19,18:00,Florida International Panthers,Florida Atlantic Owls,0,FAU Stadium,open_air,Artificial,DraftKings,-6.5,62.5,0,0,1,2.5,2226,2229,2,2,0,0,-7.67,4.4942,-9.6642,-11.801,-8.691,-0.61,1,1,28.863,0.4606,0.5394,,-1.345,1.345,-1.345,6.5,0.36,0.28,0.2,0.16,0,0,0,0,0,0,0.0,0.0,0.0,1,46.4,0.0,0.0464,0.0,0.0,1.0,0.0,2,-1.5704,0.3539,48.4082,62.5,0.75,0.25,1,1,26.6,3.0,,79.0,1.0,0.0,1,0.0312,58.977,-1.22,59.01,28.9,30.11,0.470363,0.529637,0.318582,0.681418,0.409271,0.590729,16.36,15.22,1,1,cfb-inseason-v6-history-coverage-2026-09-16,0.070717,0.0249,0.199682,-0.000873,0.452062,0.432056,0.461382,0.402308,5.615023,6.045986,7.072117,5.166432,2.032454,1.860801,2.717639,1.807917,0.654541,0.464064,0.797398,0.464064,0.036986,0.077922,0.407478,0.347837,0,,NO_QUALIFYING_CANDIDATE,,,,,,,,0,,NO_QUALIFYING_CANDIDATE,,,,,,,,,0,,NO_QUALIFYING_CANDIDATE,,,,,,,,,1,-258.0,0.470363,0.690792883054068,-0.22042988305406808,-0.3473257596899225,0.0,0.0,1,210.0,0.529637,0.30920711694593195,0.22042988305406808,0.6418747000000001,0.3056546190476191,0.05,1,-6.5,-112.0,0.318505279735639,0.5043297540699689,-0.18582447433432991,-0.3971150062146833,0.0,0.0,1,6.5,-108.0,0.681494720264361,0.4956702459300312,0.1858244743343298,0.3125083501387693,0.33750901814987083,0.05,1,62.5,-108.0,0.40931649803408177,0.4956702459300312,-0.0863537478959494,-0.21168674452695357,0.0,0.0,1,62.5,-112.0,0.5906835019659182,0.5043297540699689,0.0863537478959493,0.11807948586405947,0.13224902416774661,0.05,Scheduled,0,,,,,NO_BET,0.0,NO_BET,0.0,NO_BET,0.0,0,0,0,0,0,0,0,0.0,cfb-grade-picks-v1-2026-08-26
2026,2,3,401869948,2026-09-19,18:00,Georgia Southern Eagles,Jacksonville State Gamecocks,0,AmFirst Stadium,open_air,Artificial,DraftKings,-3.5,52.5,0,0,1,2.5,55,290,2,2,0,0,3.5869,9.501,-3.4141,-9.366,-7.659,0.793,1,1,33.387,0.5109,0.4891,,0.373,-0.373,0.373,3.5,0.36,0.28,0.2,0.16,0,0,0,0,0,0,0.0,0.0,0.0,1,250.1,0.0,0.2501,1.0,1.0,0.0,0.0,2,0.2883,1.0104,41.3546,52.5,0.75,0.25,1,1,32.7,1.8,,46.1,0.0,0.0,1,0.7058,49.7136,1.3,50.42,25.86,24.56,0.531635,0.468365,0.446481,0.553519,0.445635,0.554365,16.36,15.22,1,1,cfb-inseason-v6-history-coverage-2026-09-16,0.096162,0.026756,0.070309,-0.134838,0.488264,0.405833,0.468349,0.364915,6.108407,5.663618,5.515813,4.6736,2.050972,1.548988,2.273194,1.318946,0.489705,0.464064,0.484898,0.380731,0.07285,0.103945,0.41461,0.316528,0,,NO_QUALIFYING_CANDIDATE,,,,,,,,0,,NO_QUALIFYING_CANDIDATE,,,,,,,,,0,,NO_QUALIFYING_CANDIDATE,,,,,,,,,1,-166.0,0.531635,0.5996387718242023,-0.06800377182420236,-0.148102951807229,0.0,0.0,1,140.0,0.468365,0.4003612281757977,0.06800377182420225,0.12407599999999985,0.08862571428571418,0.05,1,-3.5,-102.0,0.44651375513615715,0.4826358742837298,-0.03612211914757263,-0.11572766139702212,0.0,0.0,1,3.5,-118.0,0.5534862448638429,0.5173641257162701,0.036122119147572795,0.02254238457896396,0.02660001380317747,0.02660001380317747,1,52.5,-108.0,0.4456488704058707,0.4956702459300312,-0.05002137552416047,-0.1417132866257304,0.0,0.0,1,52.5,-112.0,0.5543511295941292,0.5043297540699689,0.050021375524160305,0.04930749530317319,0.05522439473955398,0.05,Scheduled,0,,,,,NO_BET,0.0,NO_BET,0.0,NO_BET,0.0,0,0,0,0,0,0,0,0.0,cfb-grade-picks-v1-2026-08-26
2026,2,3,401856803,2026-09-19,18:00,Murray State Racers,Oklahoma State Cowboys,0,Boone Pickens Stadium,open_air,Artificial,DraftKings,-56.5,70.5,0,0,1,2.5,197,,2,0,0,1,-1.4378,0.0,,3.012,,,1,1,33.085,0.9953,0.0047,,45.619,-45.619,45.619,56.5,0.6429,0.0,0.3571,0.0,0,0,0,0,0,0,0.0,0.0,0.0,1,487.8,0.0,0.4878,0.0,1.0,0.0,0.0,2,0.5622,52.6139,43.7216,70.5,0.75,0.25,1,1,34.6,5.6,,37.1,0.0,0.0,1,-1.4305,63.8054,53.18,62.37,57.78,4.6,0.999424,0.000576,0.419502,0.580498,0.296724,0.703276,16.36,15.22,1,1,cfb-inseason-v6-history-coverage-2026-09-16,-0.068551,0.051438,-0.001811,0.065078,0.440529,0.450272,0.407335,0.456246,6.036399,5.873843,5.813416,5.986124,1.737352,1.9678,1.85256,2.04605,0.412782,0.580791,0.630731,0.585112,0.063063,0.070629,0.292579,0.339736,0,,NO_QUALIFYING_CANDIDATE,,,,,,,,0,,NO_QUALIFYING_CANDIDATE,,,,,,,,,0,,NO_QUALIFYING_CANDIDATE,,,,,,,,,0,,,,,,,,0,,,,,,,,1,-56.5,-108.0,0.4195933152329513,0.4956702459300312,-0.07607693069707988,-0.1918943558476493,0.0,0.0,1,56.5,-112.0,0.5804066847670487,0.5043297540699689,0.07607693069707977,0.09862693902334219,0.11046217170614325,0.05,1,70.5,-115.0,0.2966134932455051,0.5108342361863489,-0.2142207429408438,-0.4454617300192731,0.0,0.0,1,70.5,-105.0,0.7033865067544949,0.4891657638136511,0.21422074294084376,0.3732784179492519,0.3919423388467145,0.05,Scheduled,0,,,,,NO_BET,0.0,NO_BET,0.0,NO_BET,0.0,0,0,0,0,0,0,0,0.0,cfb-grade-picks-v1-2026-08-26
2026,2,3,401864443,2026-09-19,18:00,Nevada Wolf Pack,Middle Tennessee Blue Raiders,0,"Johnny ""Red"" Floyd Stadium",open_air,Artificial,DraftKings,3.5,50.5,0,0,1,2.5,2393,2440,2,2,0,0,3.9136,6.0514,0.3622,-14.951,-4.611,-7.84,1,1,30.038,0.3086,0.6914,,-6.874,6.874,-6.874,-3.5,0.36,0.28,0.2,0.16,0,0,0,0,0,0,0.0,0.0,0.0,1,1835.7,0.0,1.8357,2.0,0.0,1.0,0.0,2,0.4919,-4.772,44.3286,50.5,0.75,0.25,1,1,34.5,1.9,,36.0,0.0,0.0,1,0.6496,48.9571,-4.28,49.61,22.66,26.94,0.396806,0.603194,0.480983,0.519017,0.476599,0.523401,16.36,15.22,1,1,cfb-inseason-v6-history-coverage-2026-09-16,0.151126,0.083591,0.066024,0.036202,0.484033,0.475542,0.470502,0.451649,6.397397,6.337452,5.863834,5.378207,2.13178,1.902824,1.90846,1.76625,0.440255,0.714064,0.714064,0.597398,0.177963,0.107924,0.250314,0.34528,0,,NO_QUALIFYING_CANDIDATE,,,,,,,,0,,NO_QUALIFYING_CANDIDATE,,,,,,,,,0,,NO_QUALIFYING_CANDIDATE,,,,,,,,,1,150.0,0.396806,0.38356164383561653,0.013244356164383464,-0.00798500000000002,0.0,0.0,1,-180.0,0.603194,0.6164383561643836,-0.013244356164383575,-0.06169822222222221,0.0,0.0,1,3.5,-108.0,0.4809867280467704,0.4956702459300312,-0.014683517883260777,-0.07365519042844221,0.0,0.0,1,-3.5,-112.0,0.5190132719532297,0.5043297540699689,0.014683517883260722,-0.01758202094567246,0.0,0.0,1,50.5,-108.0,0.47668486300818186,0.4956702459300312,-0.018985382921849314,-0.0819402638360941,0.0,0.0,1,50.5,-112.0,0.5233151369918181,0.5043297540699689,0.018985382921849148,-0.009439204979772964,0.0,0.0,Scheduled,0,,,,,NO_BET,0.0,NO_BET,0.0,NO_BET,0.0,0,0,0,0,0,0,0,0.0,cfb-grade-picks-v1-2026-08-26
2026,2,3,401870764,2026-09-19,18:00,Nicholls Colonels,Sam Houston Bearkats,0,Elliott T. Bowers Stadium,open_air,Artificial,DraftKings,-17.5,49.5,0,0,1,2.5,2534,,2,0,0,1,1.8299,0.0,,-13.605,,,1,1,16.907,0.8611,0.1389,,15.55,-15.55,15.55,17.5,0.6429,0.0,0.3571,0.0,0,0,0,0,0,0,0.0,0.0,0.0,1,290.0,0.0,0.29,0.0,1.0,0.0,0.0,2,0.3342,16.8036,43.4333,49.5,0.75,0.25,1,1,32.9,3.1,,40.7,0.0,0.0,1,-0.025,47.9833,17.14,47.96,32.55,15.41,0.852576,0.147424,0.491169,0.508831,0.459658,0.540342,16.36,15.22,1,1,cfb-inseason-v6-history-coverage-2026-09-16,0.016676,0.051438,0.026724,0.065078,0.458854,0.450272,0.412696,0.456246,5.844445,5.873843,5.649088,5.986124,1.673988,1.9678,1.865787,2.04605,0.547398,0.580791,0.547398,0.585112,0.085299,0.070629,0.332081,0.339736,0,,NO_QUALIFYING_CANDIDATE,,,,,,,,0,,NO_QUALIFYING_CANDIDATE,,,,,,,,,0,,NO_QUALIFYING_CANDIDATE,,,,,,,,,0,,,,,,,,0,,,,,,,,1,-17.5,-105.0,0.49122202742348703,0.4891657638136511,0.0020562636098359066,-0.04094747026843004,0.0,0.0,1,17.5,-115.0,0.5087779725765129,0.5108342361863489,-0.0020562636098360176,-0.04880639909608464,0.0,0.0,1,49.5,-112.0,0.4597027329139131,0.5043297540699689,-0.044627021156055824,-0.12984839841295015,0.0,0.0,1,49.5,-108.0,0.5402972670860868,0.4956702459300312,0.04462702115605566,0.04057251438801912,0.04381831553906065,0.04381831553906065,Scheduled,0,,,,,NO_BET,0.0,NO_BET,0.0,NO_BET,0.0,0,0,0,0,0,0,0,0.0,cfb-grade-picks-v1-2026-08-26
2026,2,3,401866423,2026-09-19,18:00,Ohio Bobcats,South Alabama Jaguars,0,Hancock Whitney Stadium,open_air,Artificial,DraftKings,-7,49.5,0,0,1,2.5,6,195,2,2,0,0,-1.1739,-2.5164,3.8425,-7.841,-11.696,6.355,1,1,29.283,0.6882,0.3118,,6.75,-6.75,6.75,7.0,0.36,0.28,0.2,0.16,0,0,0,0,0,0,0.0,0.0,0.0,1,683.9,0.0,0.6839,1.0,1.0,0.0,0.0,2,0.7883,6.2642,52.3197,49.5,0.75,0.25,1,1,31.8,3.6,,58.6,0.0,0.0,1,-0.3061,50.2049,7.05,49.9,28.48,21.42,0.666795,0.333205,0.501279,0.498721,0.510451,0.489549,16.36,15.22,1,1,cfb-inseason-v6-history-coverage-2026-09-16,0.104271,0.095535,0.115712,0.160617,0.456543,0.458571,0.45104,0.487785,5.764859,5.247825,7.006604,6.303502,2.055417,2.595417,2.045417,2.402824,0.547398,0.511683,0.797398,0.528167,0.07259,0.072331,0.421367,0.358867,0,,NO_QUALIFYING_CANDIDATE,,,,,,,,0,,NO_QUALIFYING_CANDIDATE,,,,,,,,,0,,NO_QUALIFYING_CANDIDATE,,,,,,,,,1,-258.0,0.666795,0.690792883054068,-0.023997883054068025,-0.0747573255813953,0.0,0.0,1,210.0,0.333205,0.30920711694593195,0.023997883054068025,0.032935499999999895,0.015683571428571377,0.015683571428571377,1,-7.0,-102.0,0.5012192593500739,0.4826358742837298,0.01858338506634416,-0.007389309914559439,0.0,0.0,1,7.0,-118.0,0.49878074064992606,0.5173641257162701,-0.01858338506634405,-0.07852371642640782,0.0,0.0,1,49.5,-105.0,0.5104834785840843,0.4891657638136511,0.02131771477043315,-0.0033417799072640864,0.0,0.0,1,49.5,-115.0,0.48951652141591573,0.5108342361863489,-0.021317714770433205,-0.08481693822241848,0.0,0.0,Scheduled,0,,,,,NO_BET,0.0,NO_BET,0.0,NO_BET,0.0,0,0,0,0,0,0,0,0.0,cfb-grade-picks-v1-2026-08-26
2026,2,3,401856689,2026-09-19,18:00,Troy Trojans,Missouri Tigers,0,Memorial Stadium,open_air,Artificial,DraftKings,-27.5,50.5,0,0,1,2.5,142,2653,2,2,0,0,15.205,4.9563,12.7486,13.057,-9.706,25.263,1,1,55.706,0.9585,0.0415,,26.767,-26.767,26.767,27.5,0.36,0.28,0.2,0.16,0,0,0,0,0,0,0.0,0.0,0.0,1,609.9,0.0,0.6099,0.0,1.0,0.0,0.0,2,0.703,24.3668,48.46,50.5,0.75,0.25,1,1,32.9,2.1,,48.8,0.0,0.0,1,0.5371,49.99,25.07,50.53,37.8,12.73,0.937286,0.062714,0.440956,0.559044,0.500712,0.499288,16.36,15.22,1,1,cfb-inseason-v6-history-coverage-2026-09-16,0.137506,0.078302,-0.033076,0.009065,0.470662,0.424481,0.389904,0.425185,6.464461,5.929644,5.219174,5.482938,3.048988,2.069491,1.513935,1.795417,0.566629,0.609898,0.797398,0.630731,0.1004,0.145324,0.356552,0.326539,0,,NO_QUALIFYING_CANDIDATE,,,,,,,,0,,NO_QUALIFYING_CANDIDATE,,,,,,,,,0,,NO_QUALIFYING_CANDIDATE,,,,,,,,,1,-4500.0,0.937286,0.9462616822429907,-0.008975682242990723,-0.04188542222222234,0.0,0.0,1,1700.0,0.062714,0.05373831775700934,0.008975682242990668,0.12885200000000008,0.007579529411764711,0.007579529411764711,1,-27.5,-105.0,0.4409610693827384,0.4891657638136511,-0.04820469443091274,-0.13907600739560605,0.0,0.0,1,27.5,-115.0,0.5590389306172616,0.5108342361863489,0.04820469443091269,0.04515973984966293,0.05193370082711238,0.05,1,50.5,-112.0,0.5007863508976477,0.5043297540699689,-0.003543403172321269,-0.05208297865802408,0.0,0.0,1,50.5,-108.0,0.49921364910235233,0.4956702459300312,0.003543403172321158,-0.03855149061769175,0.0,0.0,Scheduled,0,,,,,NO_BET,0.0,NO_BET,0.0,NO_BET,0.0,0,0,0,0,0,0,0,0.0,cfb-grade-picks-v1-2026-08-26
2026,2,3,401861963,2026-09-19,18:00,UConn Huskies,Southern Miss Golden Eagles,0,M. M. Roberts Stadium,open_air,Artificial,DraftKings,3,54.5,0,0,1,2.5,2572,41,2,2,0,0,3.3982,7.9353,-2.037,-7.123,-10.452,5.829,1,1,31.674,0.6884,0.3116,,6.758,-6.758,6.758,-3.0,0.36,0.28,0.2,0.16,0,0,0,0,0,0,0.0,0.0,0.0,1,1171.2,0.0,1.1712,1.0,1.0,0.0,0.0,2,1.3499,1.5778,45.3219,54.5,0.75,0.25,1,1,33.7,1.0,,44.0,0.0,0.0,1,1.1556,52.2055,2.93,53.36,28.14,25.22,0.571013,0.428987,0.641447,0.358553,0.470174,0.529826,16.36,15.22,1,1,cfb-inseason-v6-history-coverage-2026-09-16,0.024951,0.120336,0.047942,0.039045,0.472192,0.441221,0.443823,0.43892,5.928757,6.628568,6.045778,5.014934,2.060634,2.245417,1.680602,1.895417,0.686287,0.674308,0.511683,0.609898,0.073515,0.141847,0.351367,0.323541,0,,NO_QUALIFYING_CANDIDATE,,,,,,,,0,,NO_QUALIFYING_CANDIDATE,,,,,,,,,0,,NO_QUALIFYING_CANDIDATE,,,,,,,,,1,136.0,0.571013,0.4066302458405761,0.16438275415942388,0.34759068000000015,0.25558138235294126,0.05,1,-162.0,0.428987,0.593369754159424,-0.16438275415942394,-0.3062062098765432,0.0,0.0,1,3.0,-105.0,0.6414993709019889,0.4891657638136511,0.15233360708833782,0.2524511527134069,0.2650737103490773,0.05,1,-3.0,-115.0,0.35850062909801106,0.5108342361863489,-0.15233360708833787,-0.32975969342545763,0.0,0.0,1,54.5,-112.0,0.4701465632369773,0.5043297540699689,-0.03418319083299165,-0.11007971958715024,0.0,0.0,1,54.5,-108.0,0.5298534367630228,0.4956702459300312,0.034183190832991595,0.02045847080285873,0.022095148467087426,0.022095148467087426,Scheduled,0,,,,,NO_BET,0.0,NO_BET,0.0,NO_BET,0.0,0,0,0,0,0,0,0,0.0,cfb-grade-picks-v1-2026-08-26
2026,2,3,401862772,2026-09-19,18:00,UT Martin Skyhawks,Memphis Tigers,0,Simmons Bank Liberty Stadium,open_air,Artificial,DraftKings,-34.5,57.5,0,0,1,2.5,235,,2,0,0,1,3.6347,0.0,,1.275,,,1,1,30.907,0.9806,0.0194,,33.439,-33.439,33.439,34.5,0.6429,0.0,0.3571,0.0,0,0,0,0,0,0,0.0,0.0,0.0,1,,0.0,,,,,0.0,0,0.0,34.1211,45.5388,57.5,0.75,0.25,1,1,36.0,3.2,,27.2,0.0,0.0,1,-0.0813,54.5097,34.12,54.43,44.27,10.15,0.981494,0.018506,0.490761,0.509239,0.420032,0.579968,16.36,15.22,1,1,cfb-inseason-v6-history-coverage-2026-09-16,0.136128,0.051438,0.083804,0.065078,0.464505,0.450272,0.465606,0.456246,7.242987,5.873843,6.611786,5.986124,1.960533,1.9678,1.945417,2.04605,0.497398,0.580791,0.61558,0.585112,0.191946,0.070629,0.314224,0.339736,0,,NO_QUALIFYING_CANDIDATE,,,,,,,,0,,NO_QUALIFYING_CANDIDATE,,,,,,,,,0,,NO_QUALIFYING_CANDIDATE,,,,,,,,,1,-50000.0,0.981494,0.9761439931431837,0.005350006856816303,-0.01654301200000002,0.0,0.0,1,4000.0,0.018506,0.023856006856816343,-0.005350006856816341,-0.24125399999999997,0.0,0.0,1,-34.5,-110.0,0.49073444766651875,0.5,-0.009265552333481253,-0.06314332718210053,0.0,0.0,1,34.5,-110.0,0.5092655523334813,0.5,0.009265552333481253,-0.0277657637269903,0.0,0.0,1,57.5,-110.0,0.4200723951291091,0.5,-0.0799276048708909,-0.19804360929897352,0.0,0.0,1,57.5,-110.0,0.5799276048708909,0.5,0.0799276048708909,0.10713451838988264,0.11784797022887089,0.05,Scheduled,0,,,,,NO_BET,0.0,NO_BET,0.0,NO_BET,0.0,0,0,0,0,0,0,0,0.0,cfb-grade-picks-v1-2026-08-26
2026,2,3,401862773,2026-09-19,18:00,Western Michigan Broncos,Rice Owls,0,Rice Stadium,open_air,Artificial,DraftKings,9.5,43.5,0,0,1,2.5,242,2711,2,2,0,0,-1.8633,1.6347,-0.998,-14.324,0.112,-11.936,1,1,36.044,0.194,0.806,,-12.139,12.139,-12.139,-9.5,0.36,0.28,0.2,0.16,0,0,0,0,0,0,0.0,0.0,0.0,1,1025.4,0.0,1.0254,1.0,1.0,0.0,0.0,2,1.1819,-9.3496,42.4465,43.5,0.75,0.25,1,1,32.6,3.9,,45.6,0.0,0.0,1,-0.4748,43.2366,-8.17,42.76,17.3,25.46,0.308802,0.691198,0.532453,0.467547,0.480659,0.519341,16.36,15.22,1,1,cfb-inseason-v6-history-coverage-2026-09-16,0.052064,-0.00465,0.051357,0.02137,0.473543,0.461117,0.451088,0.470265,5.534802,5.274589,6.068871,5.55102,1.540871,2.047141,2.258575,1.535417,0.547398,0.609898,0.587007,0.597398,0.040915,0.029406,0.361022,0.375071,0,,NO_QUALIFYING_CANDIDATE,,,,,,,,0,,NO_QUALIFYING_CANDIDATE,,,,,,,,,0,,NO_QUALIFYING_CANDIDATE,,,,,,,,,1,270.0,0.308802,0.2591283863368669,0.04967361366313311,0.14256740000000012,0.05280274074074078,0.05,1,-340.0,0.691198,0.7408716136631331,-0.049673613663133165,-0.10550847058823529,0.0,0.0,1,9.5,-112.0,0.5323966602796024,0.5043297540699689,0.02806690620963348,0.007750821243533101,0.008680919792757074,0.008680919792757074,1,-9.5,-108.0,0.4676033397203976,0.4956702459300312,-0.02806690620963359,-0.09943060498293793,0.0,0.0,1,43.5,-118.0,0.4806109713081945,0.5173641257162701,-0.03675315440807558,-0.11209159537977625,0.0,0.0,1,43.5,-102.0,0.5193890286918055,0.4826358742837298,0.036753154408075694,0.028593958781810924,0.02916583795744714,0.02916583795744714,Scheduled,0,,,,,NO_BET,0.0,NO_BET,0.0,NO_BET,0.0,0,0,0,0,0,0,0,0.0,cfb-grade-picks-v1-2026-08-26
2026,2,3,401858452,2026-09-19,18:15,North Dakota Fighting Hawks,Nebraska Cornhuskers,0,"Memorial Stadium (Lincoln, NE)",open_air,Artificial,DraftKings,-24.5,51.5,0,0,1,2.5,158,,2,0,0,1,22.3308,0.0,,16.709,,,1,1,56.216,0.9746,0.0254,,31.08,-31.08,31.08,24.5,0.6429,0.0,0.3571,0.0,0,0,0,0,0,0,0.0,0.0,0.0,1,,0.0,,,,,0.0,0,0.0,26.85,50.6879,51.5,0.75,0.25,1,1,25.2,3.6,,70.8,0.0,0.0,1,-0.3061,51.297,26.85,50.99,38.92,12.07,0.949622,0.050378,0.557109,0.442891,0.486656,0.513344,16.36,15.22,1,1,cfb-inseason-v6-history-coverage-2026-09-16,0.26339,0.051438,0.0105,0.065078,0.527511,0.450272,0.428404,0.456246,6.789167,5.873843,5.431132,5.986124,3.222689,1.9678,1.57875,2.04605,0.797398,0.580791,0.464064,0.585112,0.245659,0.070629,0.367019,0.339736,0,,NO_QUALIFYING_CANDIDATE,,,,,,,,0,,NO_QUALIFYING_CANDIDATE,,,,,,,,,0,,NO_QUALIFYING_CANDIDATE,,,,,,,,,1,-3200.0,0.949622,0.9356725146198831,0.013949485380116866,-0.020702312500000035,0.0,0.0,1,1400.0,0.050378,0.06432748538011696,-0.013949485380116956,-0.24432999999999994,0.0,0.0,1,-24.5,-105.0,0.557108820724595,0.4891657638136511,0.06794305691094388,0.08768864998611403,0.09207308248541973,0.05,1,24.5,-115.0,0.442891179275405,0.5108342361863489,-0.06794305691094393,-0.17198605613728635,0.0,0.0,1,51.5,-108.0,0.4866345273058165,0.4956702459300312,-0.00903571862421465,-0.06277794741101994,0.0,0.0,1,51.5,-112.0,0.5133654726941834,0.5043297540699689,0.009035718624214484,-0.028272498114581435,0.0,0.0,Scheduled,0,,,,,NO_BET,0.0,NO_BET,0.0,NO_BET,0.0,0,0,0,0,0,0,0,0.0,cfb-grade-picks-v1-2026-08-26
2026,2,3,401856796,2026-09-19,18:30,Colorado Buffaloes,Northwestern Wildcats,0,Ryan Field,open_air,Grass,DraftKings,-3.5,47.5,0,0,1,2.5,77,38,1,2,0,0,10.9842,7.6698,5.8145,3.345,5.066,0.779,1,1,60.541,0.5061,0.4939,,0.207,-0.207,0.207,3.5,0.36,0.28,0.2,0.16,0,0,0,0,0,0,0.0,0.0,0.0,1,925.2,0.0,0.9252,1.0,0.0,1.0,0.0,2,-0.5575,2.4498,45.922,47.5,0.75,0.25,1,1,23.0,4.2,,94.5,1.0,0.0,1,-0.6435,47.1055,1.89,46.46,24.18,22.28,0.546042,0.453958,0.460859,0.539141,0.472814,0.527186,16.36,15.22,1,1,cfb-inseason-v6-history-coverage-2026-09-16,0.165458,0.091767,0.036744,-0.001097,0.470015,0.448201,0.464397,0.415481,7.004957,5.97131,5.369987,5.422438,2.357525,2.19912,1.827222,1.60256,0.59653,0.547398,0.444149,0.484898,0.1903,0.042022,0.3396,0.338033,0,,NO_QUALIFYING_CANDIDATE,,,,,,,,0,,NO_QUALIFYING_CANDIDATE,,,,,,,,,0,,NO_QUALIFYING_CANDIDATE,,,,,,,,,1,-175.0,0.546042,0.6092362344582594,-0.06319423445825934,-0.14193399999999995,0.0,0.0,1,145.0,0.453958,0.3907637655417407,0.06319423445825928,0.11219710000000005,0.07737731034482762,0.05,1,-3.5,-105.0,0.4608030662708078,0.4891657638136511,-0.028362697542843318,-0.10033687061413715,0.0,0.0,1,3.5,-115.0,0.5391969337291922,0.5108342361863489,0.028362697542843263,0.008063832624141842,0.00927340751776312,0.00927340751776312,1,47.5,-112.0,0.4727610166716288,0.5043297540699689,-0.03156873739834015,-0.10513093272870272,0.0,0.0,1,47.5,-108.0,0.5272389833283713,0.4956702459300312,0.031568737398340097,0.015423227150937302,0.016657085323012286,0.016657085323012286,Scheduled,0,,,,,NO_BET,0.0,NO_BET,0.0,NO_BET,0.0,0,0,0,0,0,0,0,0.0,cfb-grade-picks-v1-2026-08-26
2026,2,3,401856688,2026-09-19,18:30,LSU Tigers,Ole Miss Rebels,0,Vaught-Hemingway Stadium,open_air,Grass,DraftKings,3,58.5,0,0,1,2.5,145,99,2,2,0,0,8.3265,23.4629,-12.6364,14.729,22.494,-5.265,1,1,94.082,0.3318,0.6682,,-5.967,5.967,-5.967,-3.0,0.36,0.28,0.2,0.16,0,0,0,0,0,0,0.0,0.0,0.0,1,289.4,0.0,0.2894,0.0,0.0,1.0,0.0,2,-1.2903,-5.7694,45.7991,58.5,0.75,0.25,1,1,34.4,2.1,,33.0,0.0,0.0,1,0.5371,55.3248,-7.06,55.86,24.4,31.46,0.333043,0.666957,0.402008,0.597992,0.431196,0.568804,16.36,15.22,1,1,cfb-inseason-v6-history-coverage-2026-09-16,0.111417,0.088368,0.050741,-0.231604,0.484864,0.473321,0.465792,0.34887,6.309546,6.627735,5.979123,4.655776,2.439861,2.47756,1.778025,1.26961,0.734898,0.583112,0.397398,0.464064,0.182953,0.141108,0.321367,0.428943,0,,NO_QUALIFYING_CANDIDATE,,,,,,,,0,,NO_QUALIFYING_CANDIDATE,,,,,,,,,0,,NO_QUALIFYING_CANDIDATE,,,,,,,,,1,124.0,0.333043,0.4279403644395361,-0.09489736443953611,-0.25398368,0.0,0.0,1,-148.0,0.666957,0.5720596355604638,0.09489736443953622,0.11760362162162163,0.17405336000000002,0.05,1,3.0,-112.0,0.40200288558488384,0.5043297540699689,-0.1023268684850851,-0.2390659665714699,0.0,0.0,1,-3.0,-108.0,0.5979971144151162,0.4956702459300312,0.10232686848508499,0.15169814628096456,0.1638339979834417,0.05,1,58.5,-110.0,0.4311465135083089,0.5,-0.0688534864916911,-0.17690211057504662,0.0,0.0,1,58.5,-110.0,0.5688534864916911,0.5,0.0688534864916911,0.08599301966595574,0.09459232163255131,0.05,Scheduled,0,,,,,NO_BET,0.0,NO_BET,0.0,NO_BET,0.0,0,0,0,0,0,0,0,0.0,cfb-grade-picks-v1-2026-08-26
2026,2,3,401856690,2026-09-19,18:30,New Mexico Lobos,Oklahoma Sooners,0,"Memorial Stadium (Norman, OK)",open_air,Grass,DraftKings,-21.5,44.5,0,0,1,2.5,201,167,2,2,0,0,12.1443,18.8983,-4.254,17.865,1.424,18.941,1,1,73.569,0.9106,0.0894,,19.787,-19.787,19.787,21.5,0.36,0.28,0.2,0.16,0,0,0,0,0,0,0.0,0.0,0.0,1,519.0,0.0,0.519,1.0,0.0,1.0,0.0,2,-1.0257,16.3202,42.7467,44.5,0.75,0.25,1,1,34.6,5.3,,36.0,0.0,0.0,1,-1.2619,44.0617,15.29,42.8,29.05,13.75,0.825073,0.174927,0.35223,0.64777,0.455527,0.544473,16.36,15.22,1,1,cfb-inseason-v6-history-coverage-2026-09-16,0.069601,0.082797,-0.091663,-0.133145,0.458916,0.481082,0.398564,0.377996,6.194451,5.903453,5.050258,4.578106,2.075417,2.823003,1.298988,1.236796,0.440255,0.706489,0.422398,0.594796,0.118517,0.114958,0.3172,0.344444,0,,NO_QUALIFYING_CANDIDATE,,,,,,,,0,,NO_QUALIFYING_CANDIDATE,,,,,,,,,0,,NO_QUALIFYING_CANDIDATE,,,,,,,,,1,-2100.0,0.825073,0.9197080291970803,-0.09463502919708033,-0.13563780952380955,0.0,0.0,1,1100.0,0.174927,0.08029197080291971,0.09463502919708029,1.099124,0.09992036363636364,0.05,1,-21.5,-108.0,0.3521269890937739,0.4956702459300312,-0.1435432568362573,-0.321829502486065,0.0,0.0,1,21.5,-112.0,0.6478730109062261,0.5043297540699689,0.14354325683625713,0.2263310563582136,0.25349078312119927,0.05,1,44.5,-115.0,0.4555325672700079,0.5108342361863489,-0.05530166891634103,-0.14835215684302877,0.0,0.0,1,44.5,-105.0,0.5444674327299921,0.4891657638136511,0.055301668916340974,0.06300784485379407,0.06615823709648377,0.05,Scheduled,0,,,,,NO_BET,0.0,NO_BET,0.0,NO_BET,0.0,0,0,0,0,0,0,0,0.0,cfb-grade-picks-v1-2026-08-26
2026,2,3,401856799,2026-09-19,19:00,Arkansas State Red Wolves,TCU Horned Frogs,0,Amon G. Carter Stadium,open_air,Grass,DraftKings,-18.5,55.5,0,0,1,2.5,2628,2032,2,2,0,0,10.1617,5.518,7.1437,5.956,-10.059,18.515,1,1,46.206,0.9057,0.0943,,19.283,-19.283,19.283,18.5,0.36,0.28,0.2,0.16,0,0,0,0,0,0,0.0,0.0,0.0,1,439.6,0.0,0.43960000000000005,0.0,1.0,0.0,0.0,2,0.5067,16.8438,45.3722,55.5,0.75,0.25,1,1,34.9,4.7,,28.8,0.0,0.0,1,-0.9246,52.968,17.35,52.04,34.7,17.35,0.855551,0.144449,0.471991,0.528009,0.410172,0.589828,16.36,15.22,1,1,cfb-inseason-v6-history-coverage-2026-09-16,0.081995,0.116278,-0.019136,0.078073,0.468518,0.516985,0.424759,0.464799,6.417353,6.830959,5.760301,6.903514,2.217639,2.355417,1.380032,1.937724,0.566629,0.630731,0.464064,0.729864,0.132981,0.095346,0.338033,0.393589,0,,NO_QUALIFYING_CANDIDATE,,,,,,,,0,,NO_QUALIFYING_CANDIDATE,,,,,,,,,0,,NO_QUALIFYING_CANDIDATE,,,,,,,,,1,-1350.0,0.855551,0.8933823529411764,-0.037831352941176455,-0.08107485185185201,0.0,0.0,1,800.0,0.144449,0.10661764705882351,0.03783135294117648,0.300041,0.037505125,0.037505125,1,-18.5,-115.0,0.47198006835959,0.5108342361863489,-0.038854167826758934,-0.11760248089294045,0.0,0.0,1,18.5,-105.0,0.52801993164041,0.4891657638136511,0.03885416782675882,0.03089605701222886,0.03244085986284031,0.03244085986284031,1,55.5,-115.0,0.4100826182263512,0.5108342361863489,-0.10075161795999771,-0.2333238007072564,0.0,0.0,1,55.5,-105.0,0.5899173817736487,0.4891657638136511,0.1007516179599976,0.15174345965331415,0.15933063263597988,0.05,Scheduled,0,,,,,NO_BET,0.0,NO_BET,0.0,NO_BET,0.0,0,0,0,0,0,0,0,0.0,cfb-grade-picks-v1-2026-08-26
2026,2,3,401862777,2026-09-19,19:00,Delaware State Hornets,South Florida Bulls,0,Raymond James Stadium,open_air,Grass,DraftKings,-36.5,61.5,0,0,1,2.5,58,,2,0,0,1,5.1793,0.0,,-0.742,,,1,1,29.893,0.9858,0.0142,,36.147,-36.147,36.147,36.5,0.6429,0.0,0.3571,0.0,0,0,0,0,0,0,0.0,0.0,0.0,1,,0.0,,,,,0.0,0,0.0,36.3739,47.396,61.5,0.75,0.25,1,1,24.8,2.5,,85.1,0.0,0.0,1,0.3123,57.974,36.37,58.29,47.33,10.96,0.986904,0.013096,0.496926,0.503074,0.416384,0.583616,16.36,15.22,1,1,cfb-inseason-v6-history-coverage-2026-09-16,0.097829,0.051438,0.050642,0.065078,0.477511,0.450272,0.455452,0.456246,5.656495,5.873843,5.710281,5.986124,2.281131,1.9678,1.947798,2.04605,0.547398,0.580791,0.497398,0.585112,0.076966,0.070629,0.400533,0.339736,0,,NO_QUALIFYING_CANDIDATE,,,,,,,,0,,NO_QUALIFYING_CANDIDATE,,,,,,,,,0,,NO_QUALIFYING_CANDIDATE,,,,,,,,,0,,,,,,,,0,,,,,,,,1,-36.5,-110.0,0.49682995411543374,0.5,-0.003170045884566264,-0.05150645123417191,0.0,0.0,1,36.5,-110.0,0.5031700458845663,0.5,0.003170045884566264,-0.039402639674918916,0.0,0.0,1,61.5,-112.0,0.41648003727306093,0.5043297540699689,-0.087849716796908,-0.21166278659027754,0.0,0.0,1,61.5,-108.0,0.5835199627269391,0.4956702459300312,0.0878497167969079,0.12381622451114194,0.13372152247203328,0.05,Scheduled,0,,,,,NO_BET,0.0,NO_BET,0.0,NO_BET,0.0,0,0,0,0,0,0,0,0.0,cfb-grade-picks-v1-2026-08-26
2026,2,3,401862775,2026-09-19,19:00,East Texas A&M Lions,Tulsa Golden Hurricane,0,Chapman Stadium,open_air,Artificial,DraftKings,-42.5,56.5,0,0,1,2.5,202,,2,0,0,1,3.4482,0.0,,-3.147,,,1,1,26.966,0.9807,0.0193,,33.498,-33.498,33.498,42.5,0.6429,0.0,0.3571,0.0,0,0,0,0,0,0,0.0,0.0,0.0,1,,0.0,,,,,0.0,0,0.0,39.285,42.4066,56.5,0.75,0.25,1,1,34.6,4.5,,32.4,0.0,0.0,1,-0.8121,52.9766,39.28,52.16,45.72,6.44,0.991831,0.008169,0.422103,0.577897,0.387878,0.612122,16.36,15.22,1,1,cfb-inseason-v6-history-coverage-2026-09-16,0.031272,0.051438,-0.041479,0.065078,0.414019,0.450272,0.440844,0.456246,5.88004,5.873843,5.46131,5.986124,1.865787,1.9678,1.495417,2.04605,0.547398,0.580791,0.368826,0.585112,0.027527,0.070629,0.245441,0.339736,0,,NO_QUALIFYING_CANDIDATE,,,,,,,,0,,NO_QUALIFYING_CANDIDATE,,,,,,,,,0,,NO_QUALIFYING_CANDIDATE,,,,,,,,,0,,,,,,,,0,,,,,,,,1,-42.5,-110.0,0.42198360660008527,0.5,-0.07801639339991473,-0.19439493285438264,0.0,0.0,1,42.5,-110.0,0.5780163933999147,0.5,0.07801639339991473,0.10348584194529176,0.11383442613982092,0.05,1,56.5,-112.0,0.38776418461985895,0.5043297540699689,-0.11656556945010998,-0.26601779339812415,0.0,0.0,1,56.5,-108.0,0.612235815380141,0.4956702459300312,0.11656556945010987,0.1791208296210125,0.19345049599069347,0.05,Scheduled,0,,,,,NO_BET,0.0,NO_BET,0.0,NO_BET,0.0,0,0,0,0,0,0,0,0.0,cfb-grade-picks-v1-2026-08-26
2026,2,3,401856800,2026-09-19,19:00,Georgia State Panthers,UCF Knights,0,FBC Mortgage Stadium,open_air,Grass,DraftKings,-17.5,49.5,0,0,1,2.5,2116,2247,2,2,0,0,8.9354,19.5935,-8.1581,3.676,-8.937,15.113,1,1,45.219,0.8625,0.1375,,15.65,-15.65,15.65,17.5,0.36,0.28,0.2,0.16,0,0,0,0,0,0,0.0,0.0,0.0,1,401.5,0.0,0.4015,0.0,0.0,1.0,0.0,2,-1.1611,12.3563,46.0307,49.5,0.75,0.25,1,1,25.6,2.1,,87.8,1.0,0.0,1,0.5371,48.6327,11.2,49.17,30.18,18.99,0.753108,0.246892,0.349978,0.650022,0.491346,0.508654,16.36,15.22,1,1,cfb-inseason-v6-history-coverage-2026-09-16,0.045848,0.199267,0.025932,-0.001121,0.446809,0.5164,0.417433,0.417326,6.550258,7.026866,5.285264,5.656495,2.423988,2.795417,1.271279,1.514647,0.654541,0.589064,0.630731,0.397398,0.081321,0.23011,0.338033,0.421367,0,,NO_QUALIFYING_CANDIDATE,,,,,,,,0,,NO_QUALIFYING_CANDIDATE,,,,,,,,,0,,NO_QUALIFYING_CANDIDATE,,,,,,,,,1,-1050.0,0.753108,0.8761776581426649,-0.1230696581426649,-0.17516742857142847,0.0,0.0,1,675.0,0.246892,0.12382234185733514,0.12306965814266486,0.9134129999999999,0.13532044444444444,0.05,1,-17.5,-110.0,0.3500870076386003,0.5,-0.1499129923613997,-0.33165207632630855,0.0,0.0,1,17.5,-110.0,0.6499129923613998,0.5,0.14991299236139977,0.24074298541721784,0.2648172839589396,0.05,1,49.5,-110.0,0.4913508122069656,0.5,-0.008649187793034419,-0.061966631241247405,0.0,0.0,1,49.5,-110.0,0.5086491877930344,0.5,0.008649187793034363,-0.028942459667843423,0.0,0.0,Scheduled,0,,,,,NO_BET,0.0,NO_BET,0.0,NO_BET,0.0,0,0,0,0,0,0,0,0.0,cfb-grade-picks-v1-2026-08-26
2026,2,3,401860887,2026-09-19,19:00,James Madison Dukes,San Diego State Aztecs,0,Snapdragon Stadium,open_air,Grass,DraftKings,-1.5,46.5,0,0,1,2.5,21,256,2,2,0,0,1.5885,22.6947,-18.6063,-0.424,-0.316,2.392,1,1,51.241,0.6236,0.3764,,4.303,-4.303,4.303,1.5,0.36,0.28,0.2,0.16,0,0,0,0,0,0,0.0,0.0,0.0,1,2167.9,0.0,2.1679,3.0,1.0,0.0,0.0,2,2.4987,-0.9066,49.8169,46.5,0.75,0.25,1,1,21.9,2.1,,73.9,0.0,0.0,1,0.5371,47.3292,1.59,47.87,24.73,23.14,0.538761,0.461239,0.502245,0.497755,0.535767,0.464233,16.36,15.22,1,1,cfb-inseason-v6-history-coverage-2026-09-16,0.023727,0.16877,0.02842,-0.057144,0.435138,0.488772,0.472338,0.404203,5.793344,6.93077,5.560965,4.956273,2.255417,3.224583,1.823003,1.360801,0.609898,0.630731,0.51962,0.39653,0.074889,0.218346,0.296367,0.393589,0,,NO_QUALIFYING_CANDIDATE,,,,,,,,0,,NO_QUALIFYING_CANDIDATE,,,,,,,,,1,OVER,SELECTED_BY_MARKETS_YAML,46.5,-110.0,0.5358616137362445,0.5,0.035861613736244524,0.023008535314648693,0.02530938884611356,0.02530938884611356,1,-125.0,0.538761,0.5324675324675325,0.0062934675324675116,-0.030230199999999874,0.0,0.0,1,105.0,0.461239,0.4675324675324676,-0.006293467532467567,-0.05446005000000009,0.0,0.0,1,-1.5,-110.0,0.5021946591770422,0.5,0.002194659177042202,-0.041264741571101216,0.0,0.0,1,1.5,-110.0,0.4978053408229578,0.5,-0.002194659177042202,-0.04964434933798961,0.0,0.0,1,46.5,-110.0,0.5358616137362445,0.5,0.035861613736244524,0.023008535314648693,0.02530938884611356,0.02530938884611356,1,46.5,-110.0,0.4641383862637555,0.5,-0.035861613736244524,-0.11391762622373952,0.0,0.0,Scheduled,0,,,,,NO_BET,0.0,NO_BET,0.0,PENDING,,1,0,0,0,0,0,1,0.0,cfb-grade-picks-v1-2026-08-26
2026,2,3,401862776,2026-09-19,19:00,UAB Blazers,Louisiana Ragin' Cajuns,0,Cajun Field,open_air,Artificial,DraftKings,-7.5,55.5,0,0,1,2.5,309,5,2,2,0,0,9.1011,0.6758,10.9252,-4.794,-14.7,12.406,1,1,28.545,0.8174,0.1826,,12.773,-12.773,12.773,7.5,0.36,0.28,0.2,0.16,0,0,0,0,0,0,0.0,0.0,0.0,1,382.9,0.0,0.38289999999999996,0.0,1.0,0.0,0.0,2,0.4413,10.4763,51.9716,55.5,0.75,0.25,1,1,30.7,3.1,,54.6,0.0,0.0,1,-0.025,54.6179,10.92,54.59,32.76,21.84,0.747722,0.252278,0.582738,0.417262,0.476236,0.523764,16.36,15.22,1,1,cfb-inseason-v6-history-coverage-2026-09-16,0.177594,0.110877,0.077223,0.097372,0.481678,0.472338,0.471786,0.484654,6.467144,5.964414,5.643066,5.79512,2.451938,2.28489,1.756286,2.545417,0.725969,0.464064,0.697398,0.654541,0.20349,0.051902,0.338033,0.436073,0,,NO_QUALIFYING_CANDIDATE,,,,,,,,1,HOME,SELECTED_BY_MARKETS_YAML,-7.5,-110.0,0.582794012997745,0.5,0.08279401299774503,0.1126067520866042,0.1238674272952646,0.1238674272952646,0,,NO_QUALIFYING_CANDIDATE,,,,,,,,,1,-310.0,0.747722,0.725752508361204,0.021969491638796024,-0.011077354838709724,0.0,0.0,1,250.0,0.252278,0.27424749163879597,-0.021969491638795968,-0.11702699999999999,0.0,0.0,1,-7.5,-110.0,0.582794012997745,0.5,0.08279401299774503,0.1126067520866042,0.1238674272952646,0.05,1,7.5,-110.0,0.417205987002255,0.5,-0.08279401299774503,-0.20351584299569503,0.0,0.0,1,55.5,-108.0,0.4761615445131093,0.4956702459300312,-0.019508701416921848,-0.08294813649327087,0.0,0.0,1,55.5,-112.0,0.5238384554868907,0.5043297540699689,0.019508701416921737,-0.008448637828385563,0.0,0.0,Scheduled,0,,,,,NO_BET,0.0,PENDING,,NO_BET,0.0,1,0,0,0,0,0,1,0.0,cfb-grade-picks-v1-2026-08-26
2026,2,3,401856693,2026-09-19,19:00,UTSA Roadrunners,Texas Longhorns,0,DKR-Texas Memorial Stadium,open_air,Artificial,DraftKings,-30.5,58.5,0,0,1,2.5,251,2636,2,2,0,0,10.0571,8.9143,3.6428,31.372,-3.791,37.663,1,1,70.159,0.9899,0.0101,,39.048,-39.048,39.048,30.5,0.36,0.28,0.2,0.16,0,0,0,0,0,0,0.0,0.0,0.0,1,74.7,0.0,0.0747,0.0,0.0,1.0,0.0,2,-1.5378,29.9181,45.7586,58.5,0.75,0.25,1,1,34.1,3.8,,35.3,0.0,0.0,1,-0.4186,55.3146,28.38,54.9,41.64,13.26,0.958606,0.041394,0.448454,0.551546,0.40641,0.59359,16.36,15.22,1,1,cfb-inseason-v6-history-coverage-2026-09-16,0.145159,0.156989,0.042301,0.032098,0.496218,0.504434,0.456519,0.469649,5.89648,6.598233,5.936959,6.012191,2.538895,2.143565,1.557917,1.717639,0.706489,0.547398,0.484898,0.51962,0.046499,0.235317,0.397173,0.301802,0,,NO_QUALIFYING_CANDIDATE,,,,,,,,0,,NO_QUALIFYING_CANDIDATE,,,,,,,,,0,,NO_QUALIFYING_CANDIDATE,,,,,,,,,1,-5000.0,0.958606,0.949050949050949,0.009555050949050958,-0.022221880000000027,0.0,0.0,1,1800.0,0.041394,0.050949050949050945,-0.009555050949050944,-0.21351399999999998,0.0,0.0,1,-30.5,-108.0,0.4484476420411032,0.4956702459300312,-0.04722260388892796,-0.13632305977269005,0.0,0.0,1,30.5,-112.0,0.5515523579588968,0.5043297540699689,0.04722260388892785,0.044009820422197476,0.049290998872861175,0.049290998872861175,1,58.5,-110.0,0.406510373933788,0.5,-0.09348962606621197,-0.22393474067185914,0.0,0.0,1,58.5,-110.0,0.5934896260662119,0.5,0.09348962606621192,0.1330256497627682,0.146328214739045,0.05,Scheduled,0,,,,,NO_BET,0.0,NO_BET,0.0,NO_BET,0.0,0,0,0,0,0,0,0,0.0,cfb-grade-picks-v1-2026-08-26
2026,2,3,401858453,2026-09-19,19:30,Michigan State Spartans,Notre Dame Fighting Irish,0,Notre Dame Stadium,open_air,Artificial,DraftKings,-29.5,51.5,0,0,1,2.5,87,127,2,2,0,0,18.133,6.8614,13.7717,28.901,3.499,27.902,1,1,77.607,0.967,0.033,,28.796,-28.796,28.796,29.5,0.36,0.28,0.2,0.16,0,0,0,0,0,0,0.0,0.0,0.0,1,114.3,0.0,0.1143,0.0,1.0,0.0,0.0,2,0.1317,26.3952,44.7014,51.5,0.75,0.25,1,1,25.1,1.7,,87.8,1.0,0.0,1,0.762,49.8004,26.53,50.56,38.54,12.02,0.94754,0.05246,0.427899,0.572101,0.475439,0.524561,16.36,15.22,1,1,cfb-inseason-v6-history-coverage-2026-09-16,0.138524,0.086825,-0.097793,0.039234,0.489416,0.475877,0.408463,0.426436,6.257025,5.824251,5.285596,5.863783,2.495417,2.473678,1.222689,1.582373,0.589064,0.647398,0.422398,0.797398,0.153137,0.054298,0.385653,0.390117,0,,NO_QUALIFYING_CANDIDATE,,,,,,,,0,,NO_QUALIFYING_CANDIDATE,,,,,,,,,0,,NO_QUALIFYING_CANDIDATE,,,,,,,,,1,-4500.0,0.94754,0.9462616822429907,0.0012783177570093729,-0.03140355555555558,0.0,0.0,1,1700.0,0.05246,0.05373831775700934,-0.0012783177570093382,-0.0557200000000001,0.0,0.0,1,-29.5,-108.0,0.42797173530427984,0.4956702459300312,-0.06769851062575133,-0.17575813941397955,0.0,0.0,1,29.5,-112.0,0.5720282646957202,0.5043297540699689,0.06769851062575127,0.08276778674547036,0.09269992115492681,0.05,1,51.5,-115.0,0.47537664414082603,0.5108342361863489,-0.0354575920455229,-0.1112523609541079,0.0,0.0,1,51.5,-105.0,0.524623355859174,0.4891657638136511,0.035457592045522845,0.024264647153625363,0.02547787951130663,0.02547787951130663,Scheduled,0,,,,,NO_BET,0.0,NO_BET,0.0,NO_BET,0.0,0,0,0,0,0,0,0,0.0,cfb-grade-picks-v1-2026-08-26
2026,2,3,401864507,2026-09-19,19:30,North Dakota State Bison,Sacramento State Hornets,0,Hornet Stadium,open_air,Artificial,DraftKings,27.5,50.5,0,0,1,2.5,16,2449,2,2,0,0,-1.7367,11.4601,-10.6968,-23.518,0.73,-21.748,1,1,25.306,0.0697,0.9303,,-22.083,22.083,-22.083,-27.5,0.36,0.28,0.2,0.16,0,0,0,0,0,0,0.0,0.0,0.0,1,1368.7,0.0,1.3687,2.0,1.0,0.0,0.0,2,1.5775,-22.1175,43.2547,50.5,0.75,0.25,1,1,29.6,3.8,,30.4,0.0,0.0,1,-0.4186,48.6887,-20.54,48.27,13.87,34.41,0.104649,0.895351,0.664738,0.335262,0.441759,0.558241,16.36,15.22,1,1,cfb-inseason-v6-history-coverage-2026-09-16,-0.002578,0.123516,0.019833,0.000587,0.459654,0.47882,0.433726,0.453414,5.529984,6.13885,6.036282,5.486371,1.691069,2.55256,1.912083,1.366845,0.52467,0.597398,0.647398,0.583112,0.030054,0.116413,0.305513,0.378684,0,,NO_QUALIFYING_CANDIDATE,,,,,,,,0,,NO_QUALIFYING_CANDIDATE,,,,,,,,,0,,NO_QUALIFYING_CANDIDATE,,,,,,,,,1,2200.0,0.104649,0.04216553878188443,0.06248346121811558,1.4069270000000003,0.06395122727272728,0.05,1,-8000.0,0.895351,0.9578344612181154,-0.06248346121811543,-0.09345711250000004,0.0,0.0,1,27.5,-102.0,0.6647376046248867,0.4826358742837298,0.18210173034115695,0.3164411385708542,0.32276996134227126,0.05,1,-27.5,-118.0,0.33526239537511326,0.5173641257162701,-0.18210173034115684,-0.3806169305781806,0.0,0.0,1,50.5,-118.0,0.44175634334558045,0.5173641257162701,-0.07560778237068966,-0.18387387415816497,0.0,0.0,1,50.5,-102.0,0.5582436566544196,0.4826358742837298,0.07560778237068977,0.10554135925679164,0.10765218644192746,0.05,Scheduled,0,,,,,NO_BET,0.0,NO_BET,0.0,NO_BET,0.0,0,0,0,0,0,0,0,0.0,cfb-grade-picks-v1-2026-08-26
2026,2,3,401856793,2026-09-19,19:30,Northern Illinois Huskies,Arizona Wildcats,0,Arizona Stadium,open_air,Artificial,DraftKings,-33.5,50.5,0,0,1,2.5,12,2459,2,2,0,0,9.1991,-5.8303,17.5294,5.95,-17.455,25.905,1,1,37.462,0.9646,0.0354,,28.18,-28.18,28.18,33.5,0.36,0.28,0.2,0.16,0,0,0,0,0,0,0.0,0.0,0.0,1,1388.0,0.0,1.388,2.0,1.0,0.0,0.0,2,1.5998,27.7541,39.7079,50.5,0.75,0.25,1,1,28.8,2.4,,38.4,0.0,0.0,1,0.3685,47.802,29.35,48.17,38.76,9.41,0.963613,0.036387,0.399968,0.600032,0.439176,0.560824,16.36,15.22,1,1,cfb-inseason-v6-history-coverage-2026-09-16,0.072494,-0.034086,0.044445,0.021408,0.513225,0.431678,0.41619,0.446935,6.366047,5.050477,5.480744,5.845411,2.07875,1.28852,1.57875,1.959702,0.654541,0.507641,0.630731,0.575176,0.064468,0.021776,0.421367,0.3047,0,,NO_QUALIFYING_CANDIDATE,,,,,,,,0,,NO_QUALIFYING_CANDIDATE,,,,,,,,,0,,NO_QUALIFYING_CANDIDATE,,,,,,,,,1,-6500.0,0.963613,0.9538784067085954,0.009734593291404692,-0.021562184615384616,0.0,0.0,1,2000.0,0.036387,0.046121593291404604,-0.009734593291404602,-0.235873,0.0,0.0,1,-33.5,-112.0,0.39987622917351817,0.5043297540699689,-0.10445352489645077,-0.24309142335012635,0.0,0.0,1,33.5,-108.0,0.6001237708264818,0.4956702459300312,0.10445352489645066,0.15579392899915023,0.16825744331908224,0.05,1,50.5,-108.0,0.4391644228916561,0.4956702459300312,-0.05650582303837509,-0.1542018522086624,0.0,0.0,1,50.5,-112.0,0.560835577108344,0.5043297540699689,0.056505823038375036,0.06158162809793677,0.06897142346968918,0.05,Scheduled,0,,,,,NO_BET,0.0,NO_BET,0.0,NO_BET,0.0,0,0,0,0,0,0,0,0.0,cfb-grade-picks-v1-2026-08-26
2026,2,3,401858232,2026-09-19,19:30,Virginia Tech Hokies,Maryland Terrapins,0,SECU Stadium,open_air,Artificial,DraftKings,3,53.5,0,0,1,2.5,120,259,2,2,0,0,24.0198,19.2909,7.2289,5.784,9.993,-1.709,1,1,68.645,0.4332,0.5668,,-2.292,2.292,-2.292,-3.0,0.36,0.28,0.2,0.16,0,0,0,0,0,0,0.0,0.0,0.0,1,224.8,0.0,0.2248,0.0,0.0,1.0,0.0,2,-1.3648,-0.8603,49.0873,53.5,0.75,0.25,1,1,22.7,2.4,,71.5,0.0,0.0,1,0.3685,52.3968,-2.23,52.77,25.27,27.5,0.445907,0.554093,0.518889,0.481111,0.48075,0.51925,16.36,15.22,1,1,cfb-inseason-v6-history-coverage-2026-09-16,0.161836,0.135791,-0.130796,-0.042311,0.509562,0.490169,0.366125,0.371742,6.3399,6.243462,4.728736,4.375156,2.918494,2.902824,1.254676,1.460934,0.609898,0.589064,0.594796,0.464064,0.158743,0.120781,0.429988,0.378263,0,,NO_QUALIFYING_CANDIDATE,,,,,,,,0,,NO_QUALIFYING_CANDIDATE,,,,,,,,,0,,NO_QUALIFYING_CANDIDATE,,,,,,,,,1,124.0,0.445907,0.4279403644395361,0.017966635560463906,-0.0011683199999998894,0.0,0.0,1,-148.0,0.554093,0.5720596355604638,-0.01796663556046385,-0.07151983783783794,0.0,0.0,1,3.0,-115.0,0.5187696931649506,0.5108342361863489,0.007935456978601652,-0.03012622582204899,0.0,0.0,1,-3.0,-105.0,0.4812303068350494,0.4891657638136511,-0.007935456978601707,-0.0604551152268083,0.0,0.0,1,53.5,-112.0,0.4808727829768122,0.5043297540699689,-0.023456971093156753,-0.08977651793674835,0.0,0.0,1,53.5,-108.0,0.5191272170231878,0.4956702459300312,0.023456971093156587,-0.00019943388126797412,0.0,0.0,Scheduled,0,,,,,NO_BET,0.0,NO_BET,0.0,NO_BET,0.0,0,0,0,0,0,0,0,0.0,cfb-grade-picks-v1-2026-08-26
2026,2,3,401856802,2026-09-19,19:30,West Virginia Mountaineers,Virginia Cavaliers,0,Scott Stadium,open_air,Grass,DraftKings,-10.5,53.5,1,1,1,2.5,258,277,2,2,0,0,19.6199,12.159,9.9609,11.684,0.251,13.933,1,1,66.014,0.841,0.159,,14.196,-14.196,14.196,10.5,0.36,0.28,0.2,0.16,0,0,0,0,0,0,0.0,0.0,0.0,1,136.1,0.0,0.1361,0.0,0.0,1.0,0.0,2,-1.467,12.1142,44.5431,53.5,0.75,0.25,1,1,23.5,2.0,,72.0,0.0,0.0,1,0.5934,51.2608,10.65,51.85,31.25,20.6,0.742413,0.257587,0.503588,0.496412,0.456943,0.543057,16.36,15.22,1,1,cfb-inseason-v6-history-coverage-2026-09-16,0.130069,0.120236,-0.13425,-0.003077,0.504855,0.459129,0.412856,0.443929,6.44006,6.500722,5.092,5.743698,2.649263,2.495417,1.162083,1.439861,0.672398,0.609898,0.422398,0.380731,0.146134,0.116267,0.285003,0.4047,0,,NO_QUALIFYING_CANDIDATE,,,,,,,,0,,NO_QUALIFYING_CANDIDATE,,,,,,,,,0,,NO_QUALIFYING_CANDIDATE,,,,,,,,,1,-410.0,0.742413,0.771505376344086,-0.029092376344086013,-0.0765106585365854,0.0,0.0,1,320.0,0.257587,0.22849462365591394,0.02909237634408607,0.08186540000000009,0.025582937500000028,0.025582937500000028,1,-10.5,-108.0,0.5036577324964768,0.4956702459300312,0.007987486566445656,-0.029992515191970492,0.0,0.0,1,10.5,-112.0,0.49634226750352317,0.5043297540699689,-0.007987486566445767,-0.06049499365404548,0.0,0.0,1,53.5,-110.0,0.45683523972938667,0.5,-0.043164760270613334,-0.12785999688026178,0.0,0.0,1,53.5,-110.0,0.5431647602706133,0.5,0.043164760270613334,0.036950905971170955,0.040645996568288045,0.040645996568288045,Scheduled,0,,,,,NO_BET,0.0,NO_BET,0.0,NO_BET,0.0,0,0,0,0,0,0,0,0.0,cfb-grade-picks-v1-2026-08-26
2026,2,3,401856692,2026-09-19,19:45,Kennesaw State Owls,Tennessee Volunteers,0,Neyland Stadium,open_air,Grass,DraftKings,-35.5,60.5,0,0,1,2.5,2633,338,2,2,0,0,19.8767,8.3868,13.9899,17.887,-11.419,31.806,1,1,58.175,0.9795,0.0205,,32.948,-32.948,32.948,35.5,0.36,0.28,0.2,0.16,0,0,0,0,0,0,0.0,0.0,0.0,1,138.0,0.0,0.138,0.0,0.0,1.0,0.0,2,-1.4648,30.5137,45.3351,60.5,0.75,0.25,1,1,28.1,1.2,,65.7,0.0,0.0,1,1.0431,56.7088,29.05,57.75,43.4,14.35,0.962101,0.037899,0.34667,0.65333,0.428357,0.571643,16.36,15.22,1,1,cfb-inseason-v6-history-coverage-2026-09-16,0.207583,0.086342,-0.077368,0.003149,0.495368,0.484757,0.428298,0.424092,6.84631,6.210441,5.487058,6.05678,2.668494,2.180602,1.443693,1.591571,0.741842,0.654541,0.563197,0.64653,0.183209,0.167276,0.391367,0.34528,0,,NO_QUALIFYING_CANDIDATE,,,,,,,,0,,NO_QUALIFYING_CANDIDATE,,,,,,,,,0,,NO_QUALIFYING_CANDIDATE,,,,,,,,,1,-50000.0,0.962101,0.9761439931431837,-0.01404299314318369,-0.035974798000000016,0.0,0.0,1,4000.0,0.037899,0.023856006856816343,0.01404299314318366,0.5538590000000002,0.013846475000000006,0.013846475000000006,1,-35.5,-108.0,0.346696657733194,0.4956702459300312,-0.14897358819683715,-0.33228791843977445,0.0,0.0,1,35.5,-112.0,0.653303342266806,0.5043297540699689,0.14897358819683704,0.23660989786216846,0.2650030856056287,0.05,1,60.5,-115.0,0.42830807936440796,0.5108342361863489,-0.08252615682194098,-0.19925011249262864,0.0,0.0,1,60.5,-105.0,0.571691920635592,0.4891657638136511,0.08252615682194092,0.11616041647901298,0.12196843730296364,0.05,Scheduled,0,,,,,NO_BET,0.0,NO_BET,0.0,NO_BET,0.0,0,0,0,0,0,0,0,0.0,cfb-grade-picks-v1-2026-08-26
2026,2,3,401860888,2026-09-19,20:00,Fresno State Bulldogs,San José State Spartans,0,CEFCU Stadium,open_air,Artificial,DraftKings,6.5,50.5,0,0,1,2.5,23,278,2,2,0,0,2.6122,1.7861,3.3261,-8.993,-1.47,-5.023,1,1,41.146,0.3334,0.6666,,-5.907,5.907,-5.907,-6.5,0.36,0.28,0.2,0.16,0,0,0,0,0,0,0.0,0.0,0.0,1,121.5,0.0,0.1215,0.0,1.0,0.0,0.0,2,0.14,-4.3957,44.4841,50.5,0.75,0.25,1,1,19.7,2.2,,59.9,0.0,0.0,1,0.4809,48.996,-4.26,49.48,22.61,26.87,0.397384,0.602616,0.554559,0.445441,0.473204,0.526796,16.36,15.22,1,1,cfb-inseason-v6-history-coverage-2026-09-16,0.113745,0.053379,0.047111,0.037672,0.470299,0.442464,0.481065,0.477511,6.091503,6.14888,5.698798,6.086695,1.960533,2.060634,1.969776,1.745417,0.575176,0.583112,0.720475,0.511683,0.129794,0.156642,0.312392,0.27663,0,,NO_QUALIFYING_CANDIDATE,,,,,,,,1,HOME,SELECTED_BY_MARKETS_YAML,6.5,-108.0,0.554452714431062,0.4956702459300312,0.05878246850103086,0.06783485742278617,0.07326164601660905,0.07326164601660905,0,,NO_QUALIFYING_CANDIDATE,,,,,,,,,1,185.0,0.397384,0.33635187580853815,0.06103212419146187,0.1325444,0.07164562162162162,0.05,1,-225.0,0.602616,0.6636481241914618,-0.061032124191461756,-0.1295546666666666,0.0,0.0,1,6.5,-108.0,0.554452714431062,0.4956702459300312,0.05878246850103086,0.06783485742278617,0.07326164601660905,0.05,1,-6.5,-112.0,0.44554728556893797,0.5043297540699689,-0.05878246850103097,-0.1566426380302246,0.0,0.0,1,50.5,-105.0,0.4732840518385091,0.4891657638136511,-0.015881711975142043,-0.07596923212481566,0.0,0.0,1,50.5,-115.0,0.5267159481614909,0.5108342361863489,0.015881711975141988,-0.015270183871995302,0.0,0.0,Scheduled,0,,,,,NO_BET,0.0,PENDING,,NO_BET,0.0,1,0,0,0,0,0,1,0.0,cfb-grade-picks-v1-2026-08-26
2026,2,3,401860886,2026-09-19,20:00,Montana Grizzlies,Oregon State Beavers,0,Reser Stadium,open_air,Artificial,DraftKings,-17.5,52.5,0,0,1,2.5,204,,2,0,0,1,-2.3046,0.0,,-5.715,,,1,1,36.559,0.7066,0.2934,,7.492,-7.492,7.492,17.5,0.6429,0.0,0.3571,0.0,0,0,0,0,0,0,0.0,0.0,0.0,1,,0.0,,,,,0.0,0,0.0,13.9257,45.2397,52.5,0.75,0.25,1,1,15.8,2.9,,87.5,0.0,0.0,1,0.0874,50.6849,13.93,50.77,32.35,18.42,0.802672,0.197328,0.413529,0.586471,0.454812,0.545188,16.36,15.22,1,1,cfb-inseason-v6-history-coverage-2026-09-16,0.07488,0.051438,0.118909,0.065078,0.4289,0.450272,0.458545,0.456246,6.085894,5.873843,6.040276,5.986124,1.662083,1.9678,2.191845,2.04605,0.697398,0.580791,0.51962,0.585112,0.132749,0.070629,0.288033,0.339736,0,,NO_QUALIFYING_CANDIDATE,,,,,,,,0,,NO_QUALIFYING_CANDIDATE,,,,,,,,,0,,NO_QUALIFYING_CANDIDATE,,,,,,,,,0,,,,,,,,0,,,,,,,,1,-17.5,-108.0,0.4136307372801341,0.4956702459300312,-0.08203950864989706,-0.20337783931233427,0.0,0.0,1,17.5,-112.0,0.5863692627198659,0.5043297540699689,0.08203950864989695,0.10991324729117469,0.12310283696611565,0.05,1,52.5,-115.0,0.454751192302255,0.5108342361863489,-0.05608304388409391,-0.1498129883044798,0.0,0.0,1,52.5,-105.0,0.545248807697745,0.4891657638136511,0.05608304388409385,0.06453338645750206,0.06776005578037717,0.05,Scheduled,0,,,,,NO_BET,0.0,NO_BET,0.0,NO_BET,0.0,0,0,0,0,0,0,0,0.0,cfb-grade-picks-v1-2026-08-26
2026,2,3,401858458,2026-09-19,20:00,Purdue Boilermakers,UCLA Bruins,0,Rose Bowl,open_air,Grass,DraftKings,-14,52.5,0,0,1,2.5,26,2509,2,2,0,0,14.5798,4.9673,12.1124,8.671,-1.58,12.751,1,1,60.575,0.8495,0.1505,,14.749,-14.749,14.749,14.0,0.36,0.28,0.2,0.16,0,0,0,0,0,0,0.0,0.0,0.0,1,1761.4,0.0,1.7614,3.0,1.0,0.0,0.0,2,2.0302,13.4981,53.0821,52.5,0.75,0.25,1,1,23.0,1.3,,61.2,0.0,0.0,1,0.9869,52.6455,15.53,53.63,34.58,19.05,0.82873,0.17127,0.537212,0.462788,0.529655,0.470345,16.36,15.22,1,1,cfb-inseason-v6-history-coverage-2026-09-16,0.114983,0.197046,-0.052508,0.204363,0.501015,0.515972,0.400046,0.468739,6.539686,6.105926,5.510043,6.186223,2.298988,2.876369,1.47756,2.57875,0.661034,0.60509,0.697398,0.583112,0.186028,0.177322,0.375912,0.402136,0,,NO_QUALIFYING_CANDIDATE,,,,,,,,0,,NO_QUALIFYING_CANDIDATE,,,,,,,,,1,OVER,SELECTED_BY_MARKETS_YAML,52.5,-108.0,0.5295920474524201,0.4956702459300312,0.033921801522388884,0.019955054352809032,0.02155145870103375,0.02155145870103375,1,-650.0,0.82873,0.8316498316498315,-0.0029198316498315613,-0.04377307692307705,0.0,0.0,1,470.0,0.17127,0.16835016835016833,0.0029198316498316723,-0.02376099999999992,0.0,0.0,1,-14.0,-110.0,0.5372550799587108,0.5,0.0372550799587108,0.025668789012084303,0.028235667913292732,0.028235667913292732,1,14.0,-110.0,0.4627449200412892,0.5,-0.0372550799587108,-0.11657787992117513,0.0,0.0,1,52.5,-108.0,0.5295920474524201,0.4956702459300312,0.033921801522388884,0.019955054352809032,0.02155145870103375,0.02155145870103375,1,52.5,-112.0,0.47040795254757994,0.5043297540699689,-0.033921801522388995,-0.1095849469635094,0.0,0.0,Scheduled,0,,,,,NO_BET,0.0,NO_BET,0.0,PENDING,,1,0,0,0,0,0,1,0.0,cfb-grade-picks-v1-2026-08-26
2026,2,3,401860885,2026-09-19,20:00,South Dakota Coyotes,Boise State Broncos,0,Albertsons Stadium,open_air,Artificial,DraftKings,-23.5,56.5,0,0,1,2.5,68,,2,0,0,1,0.3606,0.0,,8.422,,,1,1,47.195,0.9435,0.0565,,24.002,-24.002,24.002,23.5,0.6429,0.0,0.3571,0.0,0,0,0,0,0,0,0.0,0.0,0.0,1,,0.0,,,,,0.0,0,0.0,23.6793,45.8066,56.5,0.75,0.25,1,1,21.1,2.2,,47.6,0.0,0.0,1,0.4809,53.8267,23.68,54.31,38.99,15.31,0.926106,0.073894,0.504372,0.495628,0.442731,0.557269,16.36,15.22,1,1,cfb-inseason-v6-history-coverage-2026-09-16,0.107448,0.051438,0.123083,0.065078,0.468518,0.450272,0.44925,0.456246,6.054044,5.873843,7.423484,5.986124,2.012658,1.9678,1.939861,2.04605,0.609898,0.580791,0.422398,0.585112,0.143295,0.070629,0.326539,0.339736,0,,NO_QUALIFYING_CANDIDATE,,,,,,,,0,,NO_QUALIFYING_CANDIDATE,,,,,,,,,0,,NO_QUALIFYING_CANDIDATE,,,,,,,,,1,-3200.0,0.926106,0.9356725146198831,-0.009566514619883115,-0.04495318750000002,0.0,0.0,1,1400.0,0.073894,0.06432748538011696,0.009566514619883046,0.10841,0.007743571428571429,0.007743571428571429,1,-23.5,-112.0,0.5043892519373011,0.5043297540699689,5.9497867332169996e-05,-0.04526320169010867,0.0,0.0,1,23.5,-108.0,0.4956107480626989,0.4956702459300312,-5.949786733228102e-05,-0.04549041113850577,0.0,0.0,1,56.5,-108.0,0.44279381664002804,0.4956702459300312,-0.052876429290003135,-0.14721190869327927,0.0,0.0,1,56.5,-112.0,0.557206183359972,0.5043297540699689,0.052876429290003024,0.05471170421708976,0.06127710872314054,0.05,Scheduled,0,,,,,NO_BET,0.0,NO_BET,0.0,NO_BET,0.0,0,0,0,0,0,0,0,0.0,cfb-grade-picks-v1-2026-08-26
