season,week,game_id,home_id,away_id,home_team,away_team,season_type,neutral_site,home_points,away_points,asof_week,home_adj_net,away_adj_net,home_games,away_games,binding_games,sdv_slope,sdv_exp_margin,sdv_home_pick,actual_home_win,sdv_winner_correct,actual_margin,sdv_margin_abs_error
2022,2,401403868,251,333,Texas,Alabama,regular,False,19.0,20.0,1,0.0,0.9876120515985638,1,1,1,10.6201,-7.452038749181908,False,False,True,-1.0,6.452038749181908
2022,2,401403869,8,2579,Arkansas,South Carolina,regular,False,44.0,30.0,1,-0.08378605969710648,0.011950074144693595,1,1,1,10.6201,2.019772684986699,True,True,True,14.0,11.980227315013302
2022,2,401403871,57,96,Florida,Kentucky,regular,False,16.0,26.0,1,0.08718341478829117,0.24805108770656753,1,1,1,10.6201,1.3280692268406133,True,False,False,-10.0,11.328069226840613
2022,2,401403875,12,344,Arizona,Mississippi State,regular,False,17.0,39.0,1,0.062008607260211984,0.0,1,1,1,10.6201,3.6950376099641775,True,False,False,-22.0,25.695037609964178
2022,2,401403877,221,2633,Pittsburgh,Tennessee,regular,False,27.0,34.0,1,0.11926987235620931,0.0,1,1,1,10.6201,4.303157971410179,True,False,False,-7.0,11.30315797141018
2022,2,401404066,201,2309,Oklahoma,Kent State,regular,False,33.0,3.0,1,0.17099906774035403,0.0,1,1,1,10.6201,4.852527199309334,True,True,True,30.0,25.147472800690664
2022,2,401404148,41,183,UConn,Syracuse,regular,False,14.0,48.0,1,-0.08583227800028127,0.3155143087122477,1,1,1,10.6201,-1.225840885545729,False,False,True,-34.0,32.77415911445427
2022,2,401405073,77,150,Northwestern,Duke,regular,False,23.0,31.0,1,0.07328025570714755,-0.12061098279388255,1,1,1,10.6201,5.095644342004791,True,False,False,-8.0,13.09564434200479
2022,2,401405077,130,62,Michigan,Hawai'i,regular,False,56.0,10.0,1,0.0,-0.03742378272991881,1,2,1,10.6201,3.433944314970011,True,True,True,46.0,42.56605568502999
2022,2,401405080,213,195,Penn State,Ohio,regular,False,46.0,10.0,1,-0.07102352039167449,0.030471334422008,1,1,1,10.6201,1.9586144923932107,True,True,True,36.0,34.04138550760679
2022,2,401411103,2247,153,Georgia State,North Carolina,regular,False,28.0,35.0,1,-0.011950074144691764,-0.18263707823676228,1,1,1,10.6201,4.849213052158198,True,False,False,-7.0,11.849213052158198
2022,2,401411108,259,103,Virginia Tech,Boston College,regular,False,27.0,10.0,1,0.100796847259609,0.00517374252227799,1,1,1,10.6201,4.05202693462093,True,True,True,17.0,12.94797306537907
2022,2,401415024,151,295,East Carolina,Old Dominion,regular,False,39.0,21.0,1,0.2932390254995537,-0.10079684725961094,1,1,1,10.6201,7.221200372289605,True,True,True,18.0,10.778799627710395
2022,2,401416594,2050,2711,Ball State,Western Michigan,regular,False,30.0,37.0,1,0.0,0.5953060957113065,1,1,1,10.6201,-3.2857102670636467,False,False,True,-7.0,3.7142897329363533
2022,2,401426545,2429,120,Charlotte,Maryland,regular,False,21.0,56.0,1,-0.0033306106891738685,0.0,1,1,1,10.6201,3.0011285814199047,True,False,False,-35.0,38.001128581419906
2022,2,401426548,36,2393,Colorado State,Middle Tennessee,regular,False,19.0,34.0,1,0.0,0.06430726056378162,1,1,1,10.6201,2.353550462086583,True,False,False,-15.0,17.353550462086584
2022,2,401426552,2638,166,UTEP,New Mexico State,regular,False,20.0,13.0,1,-0.22313581837806382,0.045762151781536524,2,2,2,10.6201,0.18077666710802864,True,True,True,7.0,6.819223332891971
2022,2,401426553,349,2636,Army,UTSA,regular,False,38.0,41.0,1,-0.08375291580821953,0.11228155901904359,1,1,1,10.6201,0.954594273886983,True,False,False,-3.0,3.954594273886983
2022,3,401403880,333,2433,Alabama,UL Monroe,regular,False,63.0,7.0,2,0.4250624118055053,-0.5345243067787354,2,1,1,10.6201,13.227406910036496,True,True,True,56.0,42.77259308996351
2022,3,401403882,2,213,Auburn,Penn State,regular,False,12.0,41.0,2,-0.11234415518216817,0.17407169068772868,1,2,1,10.6201,-0.005264924722891973,False,False,True,-29.0,28.99473507527711
2022,3,401403883,57,58,Florida,South Florida,regular,False,31.0,28.0,2,-0.036013894125139265,3.3408076147679293,2,1,1,10.6201,-32.82568210659528,False,True,False,3.0,35.82568210659528
2022,3,401403885,99,344,LSU,Mississippi State,regular,False,31.0,16.0,2,0.32885698722284173,0.35067164628673775,1,1,1,10.6201,2.804826139275518,True,True,True,15.0,12.195173860724482
2022,3,401403886,59,145,Georgia Tech,Ole Miss,regular,False,0.0,42.0,2,-0.14072741633890748,-0.46839026153762653,1,1,1,10.6201,6.516312182294916,True,False,False,-42.0,48.51631218229492
2022,3,401403888,2579,61,South Carolina,Georgia,regular,False,7.0,48.0,2,0.29965056033165394,0.2421310277165465,2,1,1,10.6201,3.647363188325703,True,False,False,-41.0,44.647363188325706
2022,3,401403889,2633,2006,Tennessee,Akron,regular,False,63.0,6.0,2,0.2284787912789551,1.3221756087643701,2,1,1,10.6201,-8.578669571376855,False,True,False,57.0,65.57866957137685
2022,3,401403890,245,2390,Texas A&M,Miami,regular,False,17.0,9.0,2,-0.6256948397835572,0.38189807223191874,1,1,1,10.6201,-7.664237484895555,False,True,False,8.0,15.664237484895555
2022,3,401403891,2459,238,Northern Illinois,Vanderbilt,regular,False,28.0,38.0,2,-0.06378219426399986,0.1759509146970151,1,2,1,10.6201,0.4905104095231252,True,False,False,-10.0,10.490510409523125
2022,3,401403986,9,2199,Arizona State,Eastern Michigan,regular,False,21.0,30.0,2,-0.1755926491867477,-0.4916731677877737,1,1,1,10.6201,6.393306715594758,True,False,False,-9.0,15.393306715594758
2022,3,401403987,87,25,Notre Dame,California,regular,False,24.0,17.0,2,-0.08794530233902426,-0.22601160711074167,2,1,1,10.6201,4.502777963306117,True,True,True,7.0,2.4972220366938833
2022,3,401403988,135,38,Minnesota,Colorado,regular,False,49.0,7.0,2,0.5313686743441917,-0.3259947476720846,1,1,1,10.6201,12.141785278155057,True,True,True,42.0,29.858214721844945
2022,3,401403989,2483,252,Oregon,BYU,regular,False,41.0,20.0,2,-0.2421310277165501,-3.3408076147678853,1,1,1,10.6201,35.94475522214388,True,True,True,21.0,14.944755222143883
2022,3,401403991,26,6,UCLA,South Alabama,regular,False,32.0,31.0,2,0.12038307057916031,-0.021623303896564958,1,1,1,10.6201,4.54462189756965,True,True,True,1.0,3.54462189756965
2022,3,401403993,254,21,Utah,San Diego State,regular,False,35.0,7.0,2,-0.23740264296847194,-0.05473678757222303,1,1,1,10.6201,1.096570349106297,True,True,True,28.0,26.903429650893703
2022,3,401403994,264,127,Washington,Michigan State,regular,False,39.0,28.0,2,-0.5598727435307438,0.2820696029249271,1,2,1,10.6201,-5.905011913593871,False,True,False,11.0,16.90501191359387
2022,3,401404068,248,2305,Houston,Kansas,regular,False,30.0,48.0,2,-0.07050392436551993,0.40485390877225935,2,1,1,10.6201,-2.0118477237065298,False,False,True,-18.0,15.98815227629347
2022,3,401404069,66,195,Iowa State,Ohio,regular,False,43.0,10.0,2,0.03618439464442336,-0.17102519536200297,1,2,1,10.6201,5.237086566827249,True,True,True,33.0,27.762913433172752
2022,3,401404070,158,201,Nebraska,Oklahoma,regular,False,14.0,49.0,2,-0.17022819278466803,-0.12478781985397894,2,2,2,10.6201,2.553918695438789,True,False,False,-35.0,37.55391869543879
2022,3,401404072,152,2641,NC State,Texas Tech,regular,False,27.0,14.0,2,-0.16359119840734526,0.1700093027838575,1,1,1,10.6201,-0.5063706827006924,False,True,False,13.0,13.506370682700693
2022,3,401404149,130,41,Michigan,UConn,regular,False,59.0,0.0,2,0.06733191142298572,-0.023719492426863553,1,2,1,10.6201,4.003475014025785,True,True,True,59.0,54.99652498597422
2022,3,401404159,154,2335,Wake Forest,Liberty,regular,False,37.0,36.0,2,0.3037046136034525,0.09596567893549893,1,2,1,10.6201,5.242708260067134,True,True,True,1.0,4.242708260067134
2022,3,401405082,2294,2440,Iowa,Nevada,regular,False,27.0,0.0,2,-0.0361843946444213,-0.053031316715121776,1,1,1,10.6201,3.2154159970830465,True,True,True,27.0,23.784584002916954
2022,3,401405084,183,2509,Syracuse,Purdue,regular,False,32.0,29.0,2,0.23345324446825982,0.07831934723799805,2,1,1,10.6201,4.684037501975103,True,True,True,3.0,1.6840375019751033
2022,3,401405087,120,2567,Maryland,SMU,regular,False,34.0,27.0,2,0.0,0.5475920671865518,1,1,1,10.6201,-2.7789825127278993,False,True,False,7.0,9.7789825127279
2022,3,401405088,194,2649,Ohio State,Toledo,regular,False,77.0,21.0,2,0.13386217058607167,0.0,2,1,1,10.6201,4.4581296378411395,True,True,True,56.0,51.54187036215886
2022,3,401405089,218,164,Temple,Rutgers,regular,False,14.0,16.0,2,0.05202462049384532,0.09443554927905401,1,1,1,10.6201,2.5860916952082054,True,False,False,-2.0,4.586091695208205
2022,3,401411109,97,52,Louisville,Florida State,regular,False,31.0,35.0,2,-0.11378822409000022,-0.3288569872228463,2,1,1,10.6201,5.320551771347139,True,False,False,-4.0,9.320551771347139
2022,3,401411113,258,295,Virginia,Old Dominion,regular,False,16.0,14.0,2,-0.011303663421860288,-0.11819127535099075,1,2,1,10.6201,4.171657127448559,True,True,True,2.0,2.171657127448559
2022,3,401411115,2711,221,Western Michigan,Pittsburgh,regular,False,13.0,34.0,2,0.6849728803818145,0.07232301836733471,2,2,2,10.6201,9.542902799579977,True,False,False,-21.0,30.542902799579977
2022,3,401415029,189,276,Bowling Green,Marshall,regular,False,34.0,31.0,2,-0.1203830705791597,0.050751663336513694,1,1,1,10.6201,1.219032012342157,True,True,True,3.0,1.780967987657843
2022,3,401415622,235,2032,Memphis,Arkansas State,regular,False,44.0,32.0,2,0.24256328817626413,-0.38780084979021034,2,1,1,10.6201,9.731030181617758,True,True,True,12.0,2.268969818382242
2022,3,401415623,193,2132,Miami (OH),Cincinnati,regular,True,17.0,38.0,2,-0.14592443940472416,0.5398529369654803,1,1,1,10.6201,-7.283024314789208,False,False,True,-21.0,13.716975685210791
2022,3,401416601,324,2084,Coastal Carolina,Buffalo,regular,False,38.0,26.0,2,0.09305612727699808,0.0,1,1,1,10.6201,4.024765377294448,True,True,True,12.0,7.975234622705552
2022,3,401426333,2026,2653,App State,Troy,regular,False,32.0,28.0,2,-0.22376212865837453,0.4683902615377731,2,1,1,10.6201,-4.314227599122107,False,True,False,4.0,8.314227599122107
2022,3,401426554,2247,2429,Georgia State,Charlotte,regular,False,41.0,42.0,2,0.060704899864764156,-0.0013401688977634219,2,1,1,10.6201,3.6954248347649195,True,False,False,-1.0,4.6954248347649195
2022,3,401426555,2226,2116,Florida Atlantic,UCF,regular,False,14.0,40.0,2,-0.13644176644407835,-0.1407933306293363,2,1,1,10.6201,3.0827140468038583,True,False,False,-26.0,29.082714046803858
2022,3,401426556,228,2348,Clemson,Louisiana Tech,regular,False,48.0,20.0,2,0.14072741633896121,-0.5099051073773604,1,1,1,10.6201,9.946282465119708,True,True,True,28.0,18.053717534880292
2022,3,401426558,2439,249,UNLV,North Texas,regular,False,58.0,27.0,2,0.22601160711073018,0.13744845971317934,1,2,1,10.6201,3.9770494816767297,True,True,True,31.0,27.02295051832327
2022,3,401426559,242,309,Rice,Louisiana,regular,False,33.0,21.0,2,0.007163490309314263,0.4916731677877743,1,1,1,10.6201,-2.109041225788994,False,True,False,12.0,14.109041225788994
2022,3,401426560,5,290,UAB,Georgia Southern,regular,False,35.0,21.0,2,-0.2260153038334417,-0.14138418188793667,1,1,1,10.6201,2.137709021826542,True,True,True,14.0,11.862290978173458
2022,3,401426561,167,2638,New Mexico,UTEP,regular,False,27.0,10.0,2,-0.5885858520096824,0.08165687191901738,1,2,1,10.6201,-4.081544752395184,False,True,False,17.0,21.081544752395185
2022,3,401426562,251,2636,Texas,UTSA,regular,False,41.0,20.0,2,0.13017989061789034,-0.054529658166650535,2,2,2,10.6201,4.998133879046703,True,True,True,21.0,16.001866120953295
2022,3,401426563,84,98,Indiana,Western Kentucky,regular,False,33.0,30.0,2,0.1619859985401779,-0.07002976670285452,1,1,1,10.6201,5.500530628457529,True,True,True,3.0,2.500530628457529
2022,4,401403892,333,238,Alabama,Vanderbilt,regular,False,55.0,3.0,3,0.3973212215799068,0.18823859037932023,3,3,3,10.6201,5.2569784516133495,True,True,True,52.0,46.74302154838665
2022,4,401403893,245,8,Texas A&M,Arkansas,regular,True,23.0,21.0,3,-0.655888847295719,0.12453965474324202,1,2,1,10.6201,-8.28822873450397,False,True,False,2.0,10.28822873450397
2022,4,401403894,2,142,Auburn,Missouri,regular,False,17.0,14.0,3,-0.4624670642030591,-0.5090289478499513,2,2,2,10.6201,3.5309918605183603,True,True,True,3.0,0.5309918605183603
2022,4,401403895,61,2309,Georgia,Kent State,regular,False,39.0,22.0,3,1.0617250328449597,0.6176799016702952,2,2,2,10.6201,7.752303697588055,True,True,True,17.0,9.247696302411946
2022,4,401403896,96,2459,Kentucky,Northern Illinois,regular,False,31.0,23.0,3,-0.17835776005080134,-0.020075478945162845,2,2,2,10.6201,1.3555263464300087,True,True,True,8.0,6.6444736535699915
2022,4,401403897,99,167,LSU,New Mexico,regular,False,38.0,0.0,3,0.6704765500312905,-1.1704512302313335,2,1,1,10.6201,22.587337119167096,True,True,True,38.0,15.412662880832904
2022,4,401403898,145,202,Ole Miss,Tulsa,regular,False,35.0,27.0,3,0.05380691335673762,0.07263357165618237,2,2,2,10.6201,2.836559006194067,True,True,True,8.0,5.163440993805933
2022,4,401403899,344,189,Mississippi State,Bowling Green,regular,False,45.0,14.0,3,-0.024084359631948757,-0.35704629889700923,3,1,1,10.6201,6.572589091188869,True,True,True,31.0,24.427410908811133
2022,4,401403901,2633,57,Tennessee,Florida,regular,False,38.0,33.0,3,0.13803023387222316,-0.7233873177491796,3,3,3,10.6201,12.184840539974461,True,True,True,5.0,7.184840539974461
2022,4,401403996,25,12,California,Arizona,regular,False,49.0,31.0,3,-0.05193742225035,-0.37394144206284174,2,2,2,10.6201,6.456214890810644,True,True,True,18.0,11.543785109189356
2022,4,401403997,9,254,Arizona State,Utah,regular,False,13.0,34.0,3,-0.36765081705963176,-0.7515668508526552,1,1,1,10.6201,7.113726670485288,True,False,False,-21.0,28.11372667048529
2022,4,401403998,38,26,Colorado,UCLA,regular,False,17.0,45.0,3,-0.2982572545725137,0.11177670799510836,2,2,2,10.6201,-1.318101685864403,False,False,True,-28.0,26.681898314135598
2022,4,401403999,265,2483,Washington State,Oregon,regular,False,41.0,44.0,3,-0.3224306611218566,0.9901654797386199,1,2,1,10.6201,-10.903402275552347,False,False,True,-3.0,7.903402275552347
2022,4,401404000,204,30,Oregon State,USC,regular,False,14.0,17.0,3,-0.29007472080241514,0.14370091443293342,2,2,2,10.6201,-1.5702406237629258,False,False,True,-3.0,1.4297593762370742
2022,4,401404001,264,24,Washington,Stanford,regular,False,40.0,22.0,3,0.052778672747166466,0.5546937641491102,2,1,1,10.6201,-2.293888462197782,False,True,False,18.0,20.29388846219778
2022,4,401404078,2567,2628,SMU,TCU,regular,False,34.0,42.0,3,0.24763099376775874,0.298257254572513,2,1,1,10.6201,2.498844047627429,True,False,False,-8.0,10.49884404762743
2022,4,401404079,2305,150,Kansas,Duke,regular,False,35.0,27.0,3,0.45301570938955216,0.40253097781076325,2,2,2,10.6201,3.5726528978398964,True,True,True,8.0,4.427347102160104
2022,4,401404080,66,239,Iowa State,Baylor,regular,False,24.0,31.0,3,0.21623328468951675,0.8283182472205202,2,2,2,10.6201,-3.46390351057551,False,False,True,-7.0,3.53609648942449
2022,4,401404081,201,2306,Oklahoma,Kansas State,regular,False,34.0,41.0,3,-0.20668523137117034,-0.04994005031594337,3,2,2,10.6201,1.371850502675384,True,False,False,-7.0,8.371850502675384
2022,4,401404082,2641,251,Texas Tech,Texas,regular,False,37.0,34.0,3,0.25424764474427863,0.1579143246659106,2,2,2,10.6201,4.059569492564277,True,True,True,3.0,1.0595694925642771
2022,4,401404126,153,87,North Carolina,Notre Dame,regular,False,32.0,45.0,3,-0.34328780105481727,0.21845782727318414,2,3,2,10.6201,-2.9292947474062077,False,False,True,-13.0,10.070705252593793
2022,4,401404150,152,41,NC State,UConn,regular,False,41.0,10.0,3,0.011133924473686121,0.0635650801106264,2,3,2,10.6201,2.4796758840201307,True,True,True,31.0,28.520324115979868
2022,4,401404160,2335,2006,Liberty,Akron,regular,False,21.0,12.0,3,0.40525893240088234,0.12830100341366613,3,2,2,10.6201,5.977820901637136,True,True,True,9.0,3.022179098362864
2022,4,401405091,164,2294,Rutgers,Iowa,regular,False,10.0,27.0,3,0.03663152189466336,0.012204596967185434,2,2,2,10.6201,3.2959163854223084,True,False,False,-17.0,20.29591638542231
2022,4,401405092,127,135,Michigan State,Minnesota,regular,False,7.0,34.0,3,0.697267229347562,-0.08878910483765746,3,2,2,10.6201,11.38449687468045,True,False,False,-27.0,38.38449687468045
2022,4,401405093,77,193,Northwestern,Miami (OH),regular,False,14.0,17.0,3,0.37641490430045166,-0.5714229318753752,2,1,1,10.6201,13.1026326039709,True,False,False,-3.0,16.1026326039709
2022,4,401405095,194,275,Ohio State,Wisconsin,regular,False,52.0,21.0,3,0.6131318660950238,-0.44760175578401296,3,1,1,10.6201,14.301597137717557,True,True,True,31.0,16.698402862282443
2022,4,401405096,2132,84,Cincinnati,Indiana,regular,False,45.0,24.0,3,0.3586443770505977,0.531859749056998,1,2,1,10.6201,1.1969354277548288,True,True,True,21.0,19.80306457224517
2022,4,401405097,130,120,Michigan,Maryland,regular,False,34.0,27.0,3,0.2878365251633552,0.4738751973748486,3,2,2,10.6201,1.0607506972467184,True,True,True,7.0,5.939249302753281
2022,4,401405098,213,2117,Penn State,Central Michigan,regular,False,33.0,14.0,3,0.17078312009547691,-0.020885681062996153,3,2,2,10.6201,5.0720418351831,True,True,True,19.0,13.9279581648169
2022,4,401409237,166,62,New Mexico State,Hawai'i,regular,False,45.0,26.0,3,-0.7406985850942625,-0.15504067906681715,4,3,3,10.6201,-3.1832455278020717,False,True,False,19.0,22.18324552780207
2022,4,401411116,259,277,Virginia Tech,West Virginia,regular,False,10.0,33.0,3,0.25622005882311977,-0.09386702509310564,2,2,2,10.6201,6.754459839898706,True,False,False,-23.0,29.754459839898708
2022,4,401411117,183,258,Syracuse,Virginia,regular,False,22.0,20.0,3,0.38024583161756687,0.19207511226397694,2,2,2,10.6201,5.034891856607061,True,True,True,2.0,3.034891856607061
2022,4,401411118,52,103,Florida State,Boston College,regular,False,44.0,14.0,3,0.2841117462370427,0.18427495262628665,2,2,2,10.6201,4.0967767318255905,True,True,True,30.0,25.903223268174408
2022,4,401411119,97,58,Louisville,South Florida,regular,False,41.0,3.0,3,0.21326421231469153,-0.05094809542199999,3,2,2,10.6201,5.842461129394438,True,True,True,38.0,32.15753887060556
2022,4,401411122,2116,59,UCF,Georgia Tech,regular,False,27.0,10.0,3,0.09587375275856605,-0.0016989148343389826,2,2,2,10.6201,4.072731487103411,True,True,True,17.0,12.927268512896589
2022,4,401411123,154,228,Wake Forest,Clemson,regular,False,45.0,51.0,3,0.3038222927695129,0.14072802772548595,2,1,1,10.6201,4.768577404194071,True,False,False,-6.0,10.76857740419407
2022,4,401414781,218,113,Temple,Massachusetts,regular,False,28.0,0.0,3,0.14761372361611297,0.0,2,1,1,10.6201,4.604172506175482,True,True,True,28.0,23.39582749382452
2022,4,401415037,2026,256,App State,James Madison,regular,False,28.0,32.0,3,-0.3055010980469435,0.40659795164156953,3,1,1,10.6201,-4.526063117596977,False,False,True,-4.0,0.5260631175969772
2022,4,401415040,2655,2572,Tulane,Southern Miss,regular,False,24.0,27.0,3,0.17214132598275966,0.14549297283932816,1,2,1,10.6201,3.319508175218557,True,False,False,-3.0,6.319508175218557
2022,4,401415220,2005,2440,Air Force,Nevada,regular,False,48.0,20.0,3,-0.0367998024040936,-0.5227974859954947,1,2,1,10.6201,8.19784399950904,True,True,True,28.0,19.80215600049096
2022,4,401415222,328,2439,Utah State,UNLV,regular,False,24.0,34.0,3,-0.23592120873546807,0.022519255485454137,2,2,2,10.6201,0.291836425927384,True,False,False,-10.0,10.291836425927384
2022,4,401415223,252,2751,BYU,Wyoming,regular,False,38.0,24.0,3,0.27957675130514203,0.01713914271907048,3,3,3,10.6201,5.823613646944938,True,True,True,14.0,8.176386353055062
2022,4,401415224,21,2649,San Diego State,Toledo,regular,False,17.0,14.0,3,-0.7192807834988683,0.05459415746591051,1,2,1,10.6201,-5.182129260540046,False,True,False,3.0,8.182129260540046
2022,4,401415225,23,2711,San José State,Western Michigan,regular,False,34.0,6.0,3,-0.4867266088115604,-0.018485556906315953,1,3,1,10.6201,-1.936266795338887,False,True,False,28.0,29.936266795338888
2022,4,401415624,151,2426,East Carolina,Navy,regular,False,20.0,23.0,3,0.3198040863966574,-0.4237043849592208,2,1,1,10.6201,10.932634316646563,True,False,False,-3.0,13.932634316646563
2022,4,401416604,2199,2084,Eastern Michigan,Buffalo,regular,False,31.0,50.0,3,-0.568458180454026,-0.09095615553574166,1,2,1,10.6201,-2.0346192548346718,False,False,True,-19.0,16.965380745165326
2022,4,401416605,290,2050,Georgia Southern,Ball State,regular,False,34.0,23.0,3,-0.10036267997902396,-0.21851170063132855,2,2,2,10.6201,4.29125441422954,True,True,True,11.0,6.70874558577046
2022,4,401426334,2247,324,Georgia State,Coastal Carolina,regular,False,24.0,41.0,3,-0.07539934221180877,0.087441278435308,3,2,2,10.6201,1.3071163246655553,True,False,False,-17.0,18.307116324665554
2022,4,401426335,295,2032,Old Dominion,Arkansas State,regular,False,29.0,26.0,3,0.07909508884165453,-0.07820011403773197,3,2,2,10.6201,4.706990784099373,True,True,True,3.0,1.7069907840993732
2022,4,401426336,2433,309,UL Monroe,Louisiana,regular,False,21.0,17.0,3,-0.4962890794720127,0.3212595891899111,2,2,2,10.6201,-5.645948616056497,False,True,False,4.0,9.645948616056497
2022,4,401426393,2653,276,Troy,Marshall,regular,False,16.0,7.0,3,0.021717842756358824,0.39897825467235626,2,1,1,10.6201,-0.9700433005890847,False,True,False,9.0,9.970043300589085
2022,4,401426564,2579,2429,South Carolina,Charlotte,regular,False,56.0,20.0,3,0.39896458198774853,-0.2969603770590936,3,2,2,10.6201,10.427292657573368,True,True,True,36.0,25.572707342426632
2022,4,401426565,98,2229,Western Kentucky,Florida International,regular,False,73.0,0.0,3,0.09828303781120126,0.03317625509737284,2,1,1,10.6201,3.7279405430991295,True,True,True,73.0,69.27205945690088
2022,4,401426566,2509,2226,Purdue,Florida Atlantic,regular,False,28.0,26.0,3,0.3127135865499998,-0.13243945409208077,1,3,1,10.6201,7.764069806922961,True,True,True,2.0,5.764069806922961
2022,4,401426567,6,2348,South Alabama,Louisiana Tech,regular,False,38.0,14.0,3,0.050946908156350786,-1.173759987852293,2,1,1,10.6201,16.043009706301397,True,True,True,24.0,7.956990293698603
2022,4,401426568,2390,2393,Miami,Middle Tennessee,regular,False,31.0,45.0,3,0.4885098990166952,-0.15599057675336764,1,2,1,10.6201,9.881159502725644,True,False,False,-14.0,23.881159502725644
2022,4,401426569,235,249,Memphis,North Texas,regular,False,44.0,34.0,3,0.1559920785783086,-0.41358447438255047,3,3,3,10.6201,9.08545995009962,True,True,True,10.0,0.9145400499003795
2022,4,401426570,248,242,Houston,Rice,regular,False,34.0,27.0,3,-0.06966050426211212,0.014013056357272291,3,2,2,10.6201,2.1478784188660756,True,True,True,7.0,4.852121581133924
2022,4,401426571,2638,68,UTEP,Boise State,regular,False,27.0,10.0,3,-0.5186257487673457,-0.4099951377876403,3,2,2,10.6201,1.882832048334431,True,True,True,17.0,15.11716795166557
2022,5,401403902,8,333,Arkansas,Alabama,regular,False,26.0,49.0,4,-0.012464328198078745,0.6121281111462732,3,4,3,10.6201,-3.596734165080952,False,False,True,-23.0,19.403265834919047
2022,5,401403903,2,99,Auburn,LSU,regular,False,17.0,21.0,4,-0.7760076407039417,0.6013237220380753,3,3,3,10.6201,-11.590896805456495,False,False,True,-4.0,7.590896805456495
2022,5,401403905,145,96,Ole Miss,Kentucky,regular,False,22.0,19.0,4,0.09807113155389344,0.2266471371455707,3,3,3,10.6201,1.6710099630158284,True,True,True,3.0,1.3289900369841716
2022,5,401403906,344,245,Mississippi State,Texas A&M,regular,False,42.0,24.0,4,-0.10156906848390393,-0.11932194308090269,4,3,3,10.6201,3.2250373035075866,True,True,True,18.0,14.774962696492413
2022,5,401403907,142,61,Missouri,Georgia,regular,False,22.0,26.0,4,-0.5538381595190923,0.25803873688206613,3,3,3,10.6201,-5.585713827469943,False,False,True,-4.0,1.5857138274699434
2022,5,401404002,12,38,Arizona,Colorado,regular,False,43.0,20.0,4,-0.22168740592520703,0.8529734365683755,3,3,3,10.6201,-8.376505613366097,False,True,False,23.0,31.3765056133661
2022,5,401404003,30,9,USC,Arizona State,regular,False,42.0,25.0,4,0.46751875448634034,-0.26083809135615577,3,1,1,10.6201,10.771722538531893,True,True,True,17.0,6.228277461468107
2022,5,401404004,265,25,Washington State,California,regular,False,28.0,9.0,4,0.14262013282216135,-0.0693225959236679,2,3,2,10.6201,5.287352973553581,True,True,True,19.0,13.712647026446419
2022,5,401404005,2483,24,Oregon,Stanford,regular,False,45.0,27.0,4,0.7427959628602678,0.9943023067215222,3,1,1,10.6201,0.36547747755909255,True,True,True,18.0,17.634522522440907
2022,5,401404006,254,204,Utah,Oregon State,regular,False,42.0,16.0,4,-0.05663314242553519,0.003031218531723237,2,2,2,10.6201,2.40285852019782,True,True,True,26.0,23.59714147980218
2022,5,401404007,26,264,UCLA,Washington,regular,False,40.0,32.0,4,0.428854576243204,-0.06666767783517455,3,2,2,10.6201,8.298995890537789,True,True,True,8.0,0.29899589053778897
2022,5,401404083,239,197,Baylor,Oklahoma State,regular,False,25.0,36.0,4,0.678413929188015,-0.21433029668340203,3,2,2,10.6201,12.517532953177037,True,False,False,-11.0,23.51753295317704
2022,5,401404084,2305,66,Kansas,Iowa State,regular,False,14.0,11.0,4,0.6773907053055679,0.3363312562533546,3,3,3,10.6201,6.658585454879411,True,True,True,3.0,3.658585454879411
2022,5,401404085,2306,2641,Kansas State,Texas Tech,regular,False,37.0,28.0,4,-0.07481237120320676,0.32732292611037245,2,3,2,10.6201,-1.234217070999943,False,True,False,9.0,10.234217070999943
2022,5,401404086,2628,201,TCU,Oklahoma,regular,False,55.0,24.0,4,0.6515650019727456,-0.3136531391519607,2,3,2,10.6201,13.287213180558494,True,True,True,31.0,17.712786819441504
2022,5,401404087,251,277,Texas,West Virginia,regular,False,38.0,20.0,4,0.3505761609754955,0.33252419113785,3,3,3,10.6201,3.2282137248727794,True,True,True,18.0,14.771786275127221
2022,5,401404137,349,2247,Army,Georgia State,regular,False,14.0,31.0,4,0.18498011418747395,-0.1035221238650841,2,4,2,10.6201,6.100422618341971,True,False,False,-17.0,23.100422618341973
2022,5,401404151,41,278,UConn,Fresno State,regular,False,19.0,14.0,4,-0.0680541591928629,0.8275525919326436,4,2,2,10.6201,-6.474933257627994,False,True,False,5.0,11.474933257627994
2022,5,401404161,295,2335,Old Dominion,Liberty,regular,False,24.0,38.0,4,-0.04802556029723287,0.033943304513987194,4,4,4,26.0576,0.9005881082951523,True,False,False,-14.0,14.900588108295153
2022,5,401405099,275,356,Wisconsin,Illinois,regular,False,10.0,34.0,4,-0.034115112285823396,0.15277873123958438,2,3,2,10.6201,1.051668692375817,True,False,False,-24.0,25.051668692375817
2022,5,401405100,2294,130,Iowa,Michigan,regular,False,14.0,27.0,4,0.0640678395875344,0.2729606381010121,3,4,3,10.6201,0.8180375905070152,True,False,False,-13.0,13.818037590507014
2022,5,401405101,135,2509,Minnesota,Purdue,regular,False,10.0,20.0,4,0.6866484555871644,-0.06863967870330887,3,2,2,10.6201,11.057735514978257,True,False,False,-10.0,21.057735514978255
2022,5,401405102,158,84,Nebraska,Indiana,regular,False,35.0,21.0,4,-0.19765208906648662,0.12096093604502059,3,3,3,10.6201,-0.347202187986718,False,True,False,14.0,14.347202187986717
2022,5,401405103,120,127,Maryland,Michigan State,regular,False,27.0,13.0,4,0.5221103585510602,0.798148125526962,3,4,3,10.6201,0.10495131093922572,True,True,True,14.0,13.895048689060774
2022,5,401405104,194,164,Ohio State,Rutgers,regular,False,49.0,10.0,4,0.34135259006568214,0.02481927803706844,4,3,3,10.6201,6.39811542707508,True,True,True,39.0,32.60188457292492
2022,5,401405105,213,77,Penn State,Northwestern,regular,False,17.0,7.0,4,-0.07930943649241802,0.1516736737608268,4,3,3,10.6201,0.5834362707995147,True,True,True,10.0,9.416563729200485
2022,5,401411124,103,97,Boston College,Louisville,regular,False,34.0,33.0,4,0.04459494601954412,0.0655323408707,2,4,2,10.6201,2.8141427729412394,True,True,True,1.0,1.8141427729412394
2022,5,401411125,228,152,Clemson,NC State,regular,False,30.0,20.0,4,-0.02843662965718108,0.1555312820599735,3,3,3,10.6201,1.0827423807726468,True,True,True,10.0,8.917257619227353
2022,5,401411126,150,258,Duke,Virginia,regular,False,38.0,17.0,4,0.31238543334820196,0.09346671311677372,3,3,3,10.6201,5.361438700729791,True,True,True,21.0,15.638561299270208
2022,5,401411127,52,154,Florida State,Wake Forest,regular,False,21.0,31.0,4,0.23882965235044723,0.14015121687295834,2,3,2,10.6201,4.0844748526144805,True,False,False,-10.0,14.08447485261448
2022,5,401411128,153,259,North Carolina,Virginia Tech,regular,False,41.0,10.0,4,-0.08103209349929089,0.15283459539163186,3,3,3,10.6201,0.5528123773095115,True,True,True,31.0,30.44718762269049
2022,5,401411129,221,59,Pittsburgh,Georgia Tech,regular,False,21.0,26.0,4,0.46854398123597885,-0.3132023564553893,3,3,3,10.6201,11.3387242809161,True,False,False,-5.0,16.3387242809161
2022,5,401414782,2199,113,Eastern Michigan,Massachusetts,regular,False,20.0,13.0,4,-0.437701301900001,-0.6529266923207504,2,2,2,10.6201,5.322215168807401,True,True,True,7.0,1.6777848311925991
2022,5,401415226,252,328,BYU,Utah State,regular,False,38.0,26.0,4,0.4212596854846469,-0.04632194582883717,3,2,2,10.6201,8.002263682712332,True,True,True,12.0,3.997736317287668
2022,5,401415227,2005,2426,Air Force,Navy,regular,False,13.0,10.0,4,-0.28216623711596944,-0.6235986531791732,2,1,1,10.6201,6.662546401832831,True,True,True,3.0,3.662546401832831
2022,5,401415228,68,21,Boise State,San Diego State,regular,False,35.0,13.0,4,-0.06284913204027767,-0.4295747858567128,3,3,3,10.6201,6.931163116095924,True,True,True,22.0,15.068836883904076
2022,5,401415229,2439,167,UNLV,New Mexico,regular,False,31.0,20.0,4,-0.06704839833417686,-0.5212775037044127,2,3,2,10.6201,7.8604585219424425,True,True,True,11.0,3.1395414780575575
2022,5,401415230,2751,23,Wyoming,San José State,regular,False,16.0,33.0,4,-0.2937121773782621,-0.8233936470470034,3,1,1,10.6201,8.661770176029,True,False,False,-17.0,25.661770176029002
2022,5,401415625,248,2655,Houston,Tulane,regular,False,24.0,27.0,4,0.1379839358198049,0.0011889698526356546,4,2,2,10.6201,4.489276218067934,True,False,False,-3.0,7.489276218067934
2022,5,401415626,58,151,South Florida,East Carolina,regular,True,28.0,48.0,4,0.07215771393229356,0.2736143966488032,3,2,2,10.6201,-2.1394901161176043,False,False,True,-20.0,17.860509883882397
2022,5,401415627,202,2132,Tulsa,Cincinnati,regular,False,21.0,31.0,4,-0.2677541437270844,0.147441741753881,3,2,2,10.6201,-1.3729218233964007,False,False,True,-10.0,8.6270781766036
2022,5,401415628,235,218,Memphis,Temple,regular,False,24.0,3.0,4,-0.06932171472066184,-0.01110301181609305,4,3,3,10.6201,2.4182115532831894,True,True,True,21.0,18.58178844671681
2022,5,401416607,2649,2117,Toledo,Central Michigan,regular,False,38.0,17.0,4,-0.13610431239769152,0.005579967353533895,3,3,3,10.6201,1.5317987806140112,True,True,True,21.0,19.46820121938599
2022,5,401416608,2050,2459,Ball State,Northern Illinois,regular,False,44.0,38.0,4,-0.22938394044097893,-0.11986235940203613,3,3,3,10.6201,1.8733698572083237,True,True,True,6.0,4.126630142791676
2022,5,401416609,2006,189,Akron,Bowling Green,regular,False,28.0,31.0,4,-0.01523174300684535,-0.06074381048845602,3,2,2,10.6201,3.5198427078614536,True,False,False,-3.0,6.519842707861454
2022,5,401416610,2084,193,Buffalo,Miami (OH),regular,False,24.0,20.0,4,-0.028252879829521405,0.04431145182342605,3,2,2,10.6201,2.265859541412533,True,True,True,4.0,1.7341404585874671
2022,5,401416611,2309,195,Kent State,Ohio,regular,False,31.0,24.0,4,0.7696492599232065,-0.16035170226225007,3,3,3,10.6201,12.913203218505767,True,True,True,7.0,5.9132032185057675
2022,5,401426337,324,290,Coastal Carolina,Georgia Southern,regular,False,34.0,30.0,4,0.2609299217346211,-0.2683813763296416,3,3,3,10.6201,8.657838916572278,True,True,True,4.0,4.6578389165722776
2022,5,401426338,256,326,James Madison,Texas State,regular,False,40.0,13.0,4,0.28865014893492974,0.11444400526617035,2,2,2,10.6201,4.8865866663765924,True,True,True,27.0,22.113413333623406
2022,5,401426340,2032,2433,Arkansas State,UL Monroe,regular,False,45.0,28.0,4,-0.1257336073989937,-0.07946731300712218,3,2,2,10.6201,2.5451473269288853,True,True,True,17.0,14.454852673071114
2022,5,401426341,309,6,Louisiana,South Alabama,regular,False,17.0,20.0,4,0.3089210069073049,-0.07957860197308678,2,3,2,10.6201,7.162404696270649,True,False,False,-3.0,10.162404696270649
2022,5,401426573,2429,2638,Charlotte,UTEP,regular,False,35.0,41.0,4,-0.4556408186346004,-0.5682653766111692,3,5,3,10.6201,4.232584068166958,True,False,False,-6.0,10.232584068166958
2022,5,401426574,166,2229,New Mexico State,Florida International,regular,False,7.0,21.0,4,0.03120590022160576,-0.26815970142431095,4,2,2,10.6201,6.2157926260398,True,False,False,-14.0,20.2157926260398
2022,5,401426575,249,2226,North Texas,Florida Atlantic,regular,False,45.0,28.0,4,-0.4370376499563803,-0.1774795520042492,4,4,4,26.0576,-3.726961093197451,False,True,False,17.0,20.726961093197453
2022,5,401426576,2393,2636,Middle Tennessee,UTSA,regular,False,30.0,45.0,4,-0.14713415036222208,0.10431186596540337,3,2,2,10.6201,0.36611816199898506,True,False,False,-15.0,15.366118161998985
2022,5,401426577,242,5,Rice,UAB,regular,False,28.0,24.0,4,0.17898209940543808,-0.2379109155290967,3,2,2,10.6201,7.463945507906254,True,True,True,4.0,3.4639455079062538
2022,5,401426578,98,2653,Western Kentucky,Troy,regular,False,27.0,34.0,4,-5.5305469327613516e-05,-0.07088414130404636,3,3,3,10.6201,3.788709319448297,True,False,False,-7.0,10.788709319448298
2022,6,401403909,333,245,Alabama,Texas A&M,regular,False,24.0,20.0,5,0.7007418389271562,-0.07437240688072583,5,4,4,26.0576,23.23411697156347,True,True,True,4.0,19.23411697156347
2022,6,401403910,57,142,Florida,Missouri,regular,False,24.0,17.0,5,0.1416753482125249,0.004928279108922573,4,4,4,26.0576,6.599800427874028,True,True,True,7.0,0.4001995721259721
2022,6,401403911,61,2,Georgia,Auburn,regular,False,42.0,10.0,5,0.3923499125436614,-0.04198750157512518,4,4,4,26.0576,14.354290602141694,True,True,True,32.0,17.645709397858305
2022,6,401403912,96,2579,Kentucky,South Carolina,regular,False,14.0,24.0,5,0.24395533373402659,-0.048074631813563834,4,4,4,26.0576,10.646100030252892,True,False,False,-10.0,20.646100030252892
2022,6,401403913,99,2633,LSU,Tennessee,regular,False,13.0,40.0,5,0.34230276999184006,0.15413231557158943,4,4,4,26.0576,7.939770433101123,True,False,False,-27.0,34.939770433101124
2022,6,401403914,344,8,Mississippi State,Arkansas,regular,False,40.0,17.0,5,-0.03583013990634133,0.10363041309268028,5,4,4,26.0576,-0.597507305827305,False,True,False,23.0,23.597507305827307
2022,6,401403915,238,145,Vanderbilt,Ole Miss,regular,False,28.0,52.0,5,-0.13818739414628814,0.15775757338277505,4,4,4,26.0576,-4.675115585885317,False,False,True,-24.0,19.324884414114685
2022,6,401404008,12,2483,Arizona,Oregon,regular,False,22.0,49.0,5,-0.13789111583415964,0.36885902387647557,3,3,3,10.6201,-2.3452371587409173,False,False,True,-27.0,24.654762841259082
2022,6,401404009,9,264,Arizona State,Washington,regular,False,45.0,38.0,5,0.25464434710503725,-0.20975045483902832,2,4,2,10.6201,7.968419236126171,True,True,True,7.0,0.968419236126171
2022,6,401404010,24,204,Stanford,Oregon State,regular,False,27.0,28.0,5,-0.057925381117556136,-0.1362861733592819,2,4,2,10.6201,3.868699449686352,True,False,False,-1.0,4.868699449686352
2022,6,401404011,26,254,UCLA,Utah,regular,False,42.0,32.0,5,0.5019202385485158,0.37586371034065397,4,4,4,26.0576,6.321230589429179,True,True,True,10.0,3.678769410570821
2022,6,401404012,30,265,USC,Washington State,regular,False,30.0,14.0,5,-0.010263908586257822,0.14466626180033876,4,3,3,10.6201,1.3911260974773059,True,True,True,16.0,14.608873902522694
2022,6,401404088,66,2306,Iowa State,Kansas State,regular,False,9.0,10.0,5,0.21799090283817787,0.262652340111278,4,4,4,26.0576,1.8727301321124656,True,False,False,-1.0,2.8727301321124656
2022,6,401404089,2305,2628,Kansas,TCU,regular,False,31.0,38.0,5,0.44607983679087415,0.7214533670255281,4,3,3,10.6201,0.11200557155495172,True,False,False,-7.0,7.112005571554952
2022,6,401404090,201,251,Oklahoma,Texas,regular,True,0.0,49.0,5,0.22514272712095107,0.4492959979762949,5,4,4,26.0576,-5.840896270640207,False,False,True,-49.0,43.15910372935979
2022,6,401404091,197,2641,Oklahoma State,Texas Tech,regular,False,41.0,31.0,5,0.3065059978519312,0.2790877723509049,3,4,3,10.6201,3.3276842966434503,True,True,True,10.0,6.672315703356549
2022,6,401404127,87,252,Notre Dame,BYU,regular,True,28.0,20.0,5,0.23026698440953836,0.3353462121628543,4,5,4,26.0576,-2.738112485104806,False,True,False,8.0,10.738112485104807
2022,6,401404138,154,349,Wake Forest,Army,regular,False,45.0,10.0,5,0.17530699891700557,-0.17838339565328795,4,3,3,10.6201,6.7927273593759745,True,True,True,35.0,28.207272640624026
2022,6,401404164,113,2335,Massachusetts,Liberty,regular,False,24.0,42.0,5,-0.5130723022341906,0.03805803960069286,3,5,3,10.6201,-2.8165593433206464,False,False,True,-18.0,15.183440656679354
2022,6,401405106,356,2294,Illinois,Iowa,regular,False,9.0,6.0,5,-0.01859490572428213,0.25567624215814166,4,4,4,26.0576,-4.110347863061047,False,True,False,3.0,7.110347863061047
2022,6,401405107,77,275,Northwestern,Wisconsin,regular,False,7.0,42.0,5,0.08489882750702807,0.06873043024731669,4,3,3,10.6201,3.208209995737861,True,False,False,-35.0,38.20820999573786
2022,6,401405108,84,130,Indiana,Michigan,regular,False,10.0,31.0,5,-0.10504088028971775,0.24034188705613246,4,5,4,26.0576,-5.963345998391226,False,False,True,-21.0,15.036654001608774
2022,6,401405109,120,2509,Maryland,Purdue,regular,False,29.0,31.0,5,0.4156441061582654,0.1537200041803892,4,3,3,10.6201,5.818160155415243,True,False,False,-2.0,7.818160155415243
2022,6,401405110,127,194,Michigan State,Ohio State,regular,False,20.0,49.0,5,-0.03956230376841682,0.391904232957387,5,5,5,26.0576,-8.206482427386305,False,False,True,-29.0,20.793517572613695
2022,6,401405111,164,158,Rutgers,Nebraska,regular,False,13.0,14.0,5,-0.03865963772133327,-0.09328205273372064,4,4,4,26.0576,4.459829041426786,True,False,False,-1.0,5.459829041426786
2022,6,401411131,103,228,Boston College,Clemson,regular,False,3.0,31.0,5,0.0470841347544797,0.21433451005311843,4,4,4,26.0576,-1.3216433793818085,False,False,True,-28.0,26.678356620618192
2022,6,401411132,59,150,Georgia Tech,Duke,regular,False,23.0,20.0,5,-0.17663702867154787,0.2317743217068363,3,4,3,10.6201,-1.3008693821534774,False,True,False,3.0,4.300869382153477
2022,6,401411133,2390,153,Miami,North Carolina,regular,False,24.0,27.0,5,-0.036262254449449895,0.13000288076907945,3,4,3,10.6201,1.2707476374656965,True,False,False,-3.0,4.270747637465696
2022,6,401411134,152,52,NC State,Florida State,regular,False,19.0,17.0,5,0.25079036529863713,0.16724312413139178,4,4,4,26.0576,5.213540591439613,True,True,True,2.0,3.213540591439613
2022,6,401411135,221,259,Pittsburgh,Virginia Tech,regular,False,45.0,29.0,5,0.29347933480481747,-0.006549010420446644,3,4,3,10.6201,6.222831029126828,True,True,True,16.0,9.777168970873172
2022,6,401411136,258,97,Virginia,Louisville,regular,False,17.0,34.0,5,-0.04595571642093729,-0.25017079000125597,4,5,4,26.0576,8.357854701326513,True,False,False,-17.0,25.357854701326513
2022,6,401415231,328,2005,Utah State,Air Force,regular,False,34.0,27.0,5,0.243515176432914,-0.32914500764138993,3,3,3,10.6201,9.118208420887516,True,True,True,7.0,2.118208420887516
2022,6,401415232,68,278,Boise State,Fresno State,regular,False,40.0,20.0,5,-0.19628419702933117,-0.09953254094840125,3,3,3,10.6201,2.008987737254916,True,True,True,20.0,17.991012262745084
2022,6,401415233,2440,36,Nevada,Colorado State,regular,False,14.0,17.0,5,-0.3602146199003932,0.1320689946143776,3,3,3,10.6201,-2.191601214508318,False,False,True,-3.0,0.8083987854916819
2022,6,401415234,167,2751,New Mexico,Wyoming,regular,False,14.0,27.0,5,-0.5406745396213122,-0.32675225056759494,4,5,4,26.0576,-2.5378014392461425,False,False,True,-13.0,10.462198560753858
2022,6,401415235,21,62,San Diego State,Hawai'i,regular,False,16.0,14.0,5,-0.25714085549562055,-0.49400653122568555,3,4,3,10.6201,5.552037162820864,True,True,True,2.0,3.552037162820864
2022,6,401415236,23,2439,San José State,UNLV,regular,False,40.0,7.0,5,-0.09272205467734985,0.03545260377665761,3,3,3,10.6201,1.6752723097525954,True,True,True,33.0,31.324727690247403
2022,6,401415629,2116,2567,UCF,SMU,regular,False,41.0,19.0,5,-0.3037358442337447,0.37650106650562193,3,3,3,10.6201,-4.187684015743148,False,True,False,22.0,26.187684015743148
2022,6,401415630,235,248,Memphis,Houston,regular,False,32.0,33.0,5,-0.015632062667032723,0.06071319560510091,5,5,5,26.0576,1.0471257980480508,True,False,False,-1.0,2.047125798048051
2022,6,401415631,2655,151,Tulane,East Carolina,regular,False,24.0,9.0,5,0.08630778382631593,0.16001463946019528,3,2,2,10.6201,2.2537258224826378,True,True,True,15.0,12.746274177517362
2022,6,401415632,2426,202,Navy,Tulsa,regular,False,53.0,21.0,5,-0.5026997845396255,-0.07192761807310007,2,4,2,10.6201,-1.538343485091147,False,True,False,32.0,33.53834348509115
2022,6,401415633,2132,58,Cincinnati,South Florida,regular,False,28.0,24.0,5,0.002352684308216252,-0.09686180620978697,3,3,3,10.6201,4.090167810750247,True,True,True,4.0,0.0901678107502466
2022,6,401416613,2117,2050,Central Michigan,Ball State,regular,False,16.0,17.0,5,0.24337108538566637,-0.2904072388468963,4,4,4,26.0576,16.945482061522426,True,False,False,-1.0,17.945482061522426
2022,6,401416614,2711,2199,Western Michigan,Eastern Michigan,regular,False,23.0,45.0,5,-0.41183317509253614,-0.42070628186542486,4,3,3,10.6201,3.1307332812387556,True,False,False,-22.0,25.130733281238754
2022,6,401416615,2459,2649,Northern Illinois,Toledo,regular,False,32.0,52.0,5,-0.2687912799788519,-0.07280683504842686,4,4,4,26.0576,-2.0703842722190426,False,False,True,-20.0,17.929615727780956
2022,6,401416616,195,2006,Ohio,Akron,regular,False,55.0,34.0,5,-0.27403203393866465,-0.3507400192771293,4,4,4,26.0576,5.035325998755576,True,True,True,21.0,15.964674001244424
2022,6,401416617,189,2084,Bowling Green,Buffalo,regular,False,7.0,38.0,5,-0.1498802613493498,-0.07664022109204158,3,4,3,10.6201,2.258683448463361,True,False,False,-31.0,33.25868344846336
2022,6,401416618,193,2309,Miami (OH),Kent State,regular,False,27.0,24.0,5,-0.04163933638082172,-0.03701975836619442,3,4,3,10.6201,2.9874396195268567,True,True,True,3.0,0.01256038047314334
2022,6,401426342,2247,290,Georgia State,Georgia Southern,regular,False,41.0,33.0,5,-0.06277517163531401,-0.23908572133751194,5,4,4,26.0576,7.630729779919993,True,True,True,8.0,0.3692702200800069
2022,6,401426343,2032,256,Arkansas State,James Madison,regular,False,20.0,42.0,5,-0.06475731041699215,0.14893771793992436,4,3,3,10.6201,0.7670374293467113,True,False,False,-22.0,22.76703742934671
2022,6,401426344,2433,324,UL Monroe,Coastal Carolina,regular,False,21.0,28.0,5,0.07070962602542641,0.10936652725672552,4,4,4,26.0576,2.0291939304753006,True,False,False,-7.0,9.029193930475301
2022,6,401426345,326,2026,Texas State,App State,regular,False,36.0,24.0,5,-0.153544707233751,0.21738397289917605,3,4,3,10.6201,-0.9027996758796983,False,True,False,12.0,12.902799675879699
2022,6,401426346,2653,2572,Troy,Southern Miss,regular,False,27.0,10.0,5,0.14473631792879726,-0.2477708236706099,4,3,3,10.6201,7.204965094499864,True,True,True,17.0,9.795034905500135
2022,6,401426579,2229,41,Florida International,UConn,regular,False,12.0,33.0,5,-0.7938849199767909,0.01603807406629057,2,5,2,10.6201,-5.564963189036929,False,False,True,-21.0,15.435036810963071
2022,6,401426580,2348,2638,Louisiana Tech,UTEP,regular,False,41.0,31.0,5,-0.02194061733843794,-0.4752137145508738,3,6,3,10.6201,7.85030561970579,True,True,True,10.0,2.1496943802942097
2022,6,401426581,5,2393,UAB,Middle Tennessee,regular,False,41.0,14.0,5,-0.10958207130599623,-0.21615661595395824,3,4,3,10.6201,4.1683323216158215,True,True,True,27.0,22.83166767838418
2022,6,401426582,2636,98,UTSA,Western Kentucky,regular,False,31.0,28.0,5,-0.02672467172225671,-0.2999393910476205,3,4,3,10.6201,5.938067640707296,True,True,True,3.0,2.9380676407072963
2022,7,401403916,252,8,BYU,Arkansas,regular,False,35.0,52.0,6,0.2397628713693808,0.15280712293495785,6,5,5,26.0576,5.302358110404819,True,False,False,-17.0,22.302358110404818
2022,7,401403917,57,99,Florida,LSU,regular,False,35.0,45.0,6,0.1065301208601099,0.32877401506778514,5,5,5,26.0576,-2.754642497705918,False,False,True,-10.0,7.245357502294082
2022,7,401403918,61,238,Georgia,Vanderbilt,regular,False,55.0,0.0,6,0.4821148985218147,-0.1954059472266899,5,5,5,26.0576,20.691067190176238,True,True,True,55.0,34.30893280982376
2022,7,401403919,96,344,Kentucky,Mississippi State,regular,False,27.0,17.0,6,0.13969120013227843,-0.01180842625167354,5,6,5,26.0576,6.984216664462467,True,True,True,10.0,3.0157833355375327
2022,7,401403920,145,2,Ole Miss,Auburn,regular,False,48.0,34.0,6,0.2621593223883011,0.05670183564236338,5,5,5,26.0576,8.390229006630946,True,True,True,14.0,5.609770993369054
2022,7,401403921,2633,333,Tennessee,Alabama,regular,False,52.0,49.0,6,0.07046960952335204,0.6465743247885731,5,5,5,26.0576,-11.975406228495025,False,True,False,3.0,14.975406228495025
2022,7,401404013,264,12,Washington,Arizona,regular,False,49.0,39.0,6,-0.30132795923706435,-0.07701569164956731,5,4,4,26.0576,-2.8085393438879622,False,True,False,10.0,12.808539343887961
2022,7,401404014,38,25,Colorado,California,regular,False,20.0,13.0,6,0.055160581682968224,0.09878130723606626,4,4,4,26.0576,1.8998485818275928,True,True,True,7.0,5.100151418172407
2022,7,401404015,204,265,Oregon State,Washington State,regular,False,24.0,10.0,6,-0.15898085120698635,0.17822163927392898,4,4,4,26.0576,-5.7501876159554985,False,True,False,14.0,19.750187615955497
2022,7,401404016,87,24,Notre Dame,Stanford,regular,False,14.0,16.0,6,0.2828591124730704,0.0210069426722538,5,3,3,10.6201,5.817396228501653,True,False,False,-2.0,7.817396228501653
2022,7,401404017,254,30,Utah,USC,regular,False,43.0,42.0,6,0.25681501375342514,0.08286183528310004,5,6,5,26.0576,7.569302343308344,True,True,True,1.0,6.569302343308344
2022,7,401404092,277,239,West Virginia,Baylor,regular,False,43.0,40.0,6,0.16811763998064053,0.5048373466186985,4,4,4,26.0576,-5.737607427691859,False,True,False,3.0,8.73760742769186
2022,7,401404093,251,66,Texas,Iowa State,regular,False,24.0,21.0,6,0.5849643462435571,0.1760243039852722,5,5,5,26.0576,13.692496045149484,True,True,True,3.0,10.692496045149484
2022,7,401404094,201,2305,Oklahoma,Kansas,regular,False,52.0,42.0,6,0.07905888245545713,0.4125198083137915,6,5,5,26.0576,-5.652691421646134,False,True,False,10.0,15.652691421646134
2022,7,401404095,2628,197,TCU,Oklahoma State,regular,False,43.0,40.0,6,0.31991735470141586,0.045686832564113475,4,4,4,26.0576,10.18228925364497,True,True,True,3.0,7.182289253644971
2022,7,401404153,2050,41,Ball State,UConn,regular,False,25.0,21.0,6,-0.338943448739267,-0.05279246042489462,5,6,5,26.0576,-4.4199079931005905,False,True,False,4.0,8.41990799310059
2022,7,401405112,356,135,Illinois,Minnesota,regular,False,26.0,14.0,6,0.08345744497776064,0.18283815717584584,5,4,4,26.0576,0.4468771538271752,True,True,True,12.0,11.553122846172824
2022,7,401405113,2509,158,Purdue,Nebraska,regular,False,43.0,37.0,6,0.15737709921989945,-0.12228858144559802,4,5,4,26.0576,10.323916440509267,True,True,True,6.0,4.323916440509267
2022,7,401405114,84,120,Indiana,Maryland,regular,False,33.0,38.0,6,-0.07937189821681445,0.2830769590556303,5,5,5,26.0576,-6.4080473432624565,False,False,True,-5.0,1.4080473432624565
2022,7,401405115,130,213,Michigan,Penn State,regular,False,41.0,17.0,6,0.19641076970730106,0.09422095162566857,6,5,5,26.0576,5.699321403643947,True,True,True,24.0,18.300678596356054
2022,7,401405116,127,275,Michigan State,Wisconsin,regular,False,34.0,28.0,6,-0.1647121278411952,0.0976967578473329,6,4,4,26.0576,-3.80124577971739,False,True,False,6.0,9.80124577971739
2022,7,401409239,166,167,New Mexico State,New Mexico,regular,False,21.0,9.0,6,-0.639598307130011,-0.580322624353809,6,5,5,26.0576,1.4919179684908392,True,True,True,12.0,10.508082031509161
2022,7,401411137,150,153,Duke,North Carolina,regular,False,35.0,38.0,6,0.19994980949888003,0.10409690433630805,5,5,5,26.0576,5.534196661564236,True,False,False,-3.0,8.534196661564236
2022,7,401411138,52,228,Florida State,Clemson,regular,False,28.0,34.0,6,0.216928445448696,0.5307425340236985,4,5,4,26.0576,-5.140741994451986,False,False,True,-6.0,0.8592580055480141
2022,7,401411139,183,152,Syracuse,NC State,regular,False,24.0,9.0,6,0.15540047569106785,0.2804389073143311,3,4,3,10.6201,1.7085793523177824,True,True,True,15.0,13.291420647682218
2022,7,401411140,259,2390,Virginia Tech,Miami,regular,False,14.0,20.0,6,0.0008517309504563197,0.01703464605703384,5,4,4,26.0576,2.6148120713188456,True,False,False,-6.0,8.614812071318845
2022,7,401414783,113,2084,Massachusetts,Buffalo,regular,False,7.0,34.0,6,-0.33650865008279257,-0.19213763382376817,4,5,4,26.0576,-0.725462193271154,False,False,True,-27.0,26.274537806728844
2022,7,401415237,2439,2005,UNLV,Air Force,regular,False,7.0,42.0,6,-0.13972374065633705,-0.2124418076470168,4,4,4,26.0576,4.931358302416337,True,False,False,-35.0,39.931358302416335
2022,7,401415238,36,328,Colorado State,Utah State,regular,False,13.0,17.0,6,-0.08396127716623004,0.14941104801887212,4,4,4,26.0576,-3.044622700743318,False,False,True,-4.0,0.955377299256682
2022,7,401415239,278,23,Fresno State,San José State,regular,False,17.0,10.0,6,-0.08732139462284076,-0.031226606384020028,3,4,3,10.6201,2.4407677394249,True,True,True,7.0,4.5592322605751
2022,7,401415240,62,2440,Hawai'i,Nevada,regular,False,31.0,16.0,6,-0.624144770248755,-0.33853615423006134,4,4,4,26.0576,-4.405775072768713,False,True,False,15.0,19.405775072768712
2022,7,401415634,2116,218,UCF,Temple,regular,False,70.0,13.0,6,0.05871879991688426,-0.1741278130622505,4,4,4,26.0576,9.103923902365102,True,True,True,57.0,47.8960760976349
2022,7,401415635,2567,2426,SMU,Navy,regular,False,40.0,34.0,6,0.02200974046761861,-0.2746018667919342,4,3,3,10.6201,6.1865449302571776,True,True,True,6.0,0.18654493025717755
2022,7,401415636,58,2655,South Florida,Tulane,regular,False,31.0,45.0,6,-0.12410146306965215,0.08865911831867553,4,4,4,26.0576,-2.5075301255844877,False,False,True,-14.0,11.492469874415512
2022,7,401415637,151,235,East Carolina,Memphis,regular,False,47.0,45.0,6,0.10310103315845617,0.0756526445673628,3,6,3,10.6201,3.328004631676271,True,True,True,2.0,1.3280046316762708
2022,7,401416619,2006,2117,Akron,Central Michigan,regular,False,21.0,28.0,6,-0.5398408868483509,0.060522278286065684,5,5,5,26.0576,-12.607523211806573,False,False,True,-7.0,5.607523211806573
2022,7,401416620,2199,2459,Eastern Michigan,Northern Illinois,regular,False,10.0,39.0,6,-0.28472025138268015,-0.3556302849477331,4,5,4,26.0576,4.884245290624723,True,False,False,-29.0,33.884245290624726
2022,7,401416621,2649,2309,Toledo,Kent State,regular,False,52.0,31.0,6,-0.059140495394308684,-0.05989610852842325,5,4,4,26.0576,3.056189464803504,True,True,True,21.0,17.943810535196498
2022,7,401416622,189,193,Bowling Green,Miami (OH),regular,False,17.0,13.0,6,-0.3210977107963319,-0.10497528696007218,4,3,3,10.6201,0.741258246616538,True,True,True,4.0,3.258741753383462
2022,7,401416623,2711,195,Western Michigan,Ohio,regular,False,14.0,33.0,6,-0.408942447039,-0.41319935856623113,5,5,5,26.0576,3.147424897811978,True,False,False,-19.0,22.147424897811977
2022,7,401426347,276,309,Marshall,Louisiana,regular,False,13.0,23.0,6,0.30161782266907766,0.227048824440588,2,4,2,10.6201,3.8284302180863836,True,False,False,-10.0,13.828430218086384
2022,7,401426348,324,295,Coastal Carolina,Old Dominion,regular,False,21.0,49.0,6,0.16866206583311796,-0.1833688065021657,4,5,4,26.0576,12.209579658963888,True,False,False,-28.0,40.20957965896389
2022,7,401426349,290,256,Georgia Southern,James Madison,regular,False,45.0,38.0,6,-0.18809286520041063,0.4282774672846402,4,4,4,26.0576,-13.024631575762463,False,True,False,7.0,20.024631575762463
2022,7,401426350,6,2433,South Alabama,UL Monroe,regular,False,41.0,34.0,6,0.2803279207862668,0.13339525673311353,4,4,4,26.0576,6.865212586831447,True,True,True,7.0,0.13478741316855292
2022,7,401426351,2572,2032,Southern Miss,Arkansas State,regular,False,20.0,19.0,6,-0.16056817554993408,0.009441567305954718,4,5,4,26.0576,-1.3935458754416077,False,True,False,1.0,2.3935458754416077
2022,7,401426352,2653,326,Troy,Texas State,regular,False,17.0,14.0,6,0.07578264723308767,0.05903685045675647,5,4,4,26.0576,3.472855274078928,True,True,True,3.0,0.472855274078928
2022,7,401426583,5,2429,UAB,Charlotte,regular,False,34.0,20.0,6,0.006895906045854716,-0.3942647144029452,4,4,4,26.0576,13.489782983406648,True,True,True,14.0,0.5102170165933515
2022,7,401426584,2229,2636,Florida International,UTSA,regular,False,10.0,30.0,6,-0.3262627359841371,-0.032261959713517904,4,4,4,26.0576,-4.6244546277492855,False,False,True,-20.0,15.375545372250714
2022,7,401426585,2226,242,Florida Atlantic,Rice,regular,False,17.0,14.0,6,-0.19363296645048467,-0.12229835948357157,5,4,4,26.0576,1.1776913454989653,True,True,True,3.0,1.8223086545010347
2022,7,401426586,249,2348,North Texas,Louisiana Tech,regular,False,47.0,27.0,6,-0.3766353147316126,-0.12231871703780446,5,4,4,26.0576,-3.5903801760661755,False,True,False,20.0,23.590380176066176
2022,7,401426587,2393,98,Middle Tennessee,Western Kentucky,regular,False,17.0,35.0,6,-0.15555429860613246,-0.10595734839270411,5,5,5,26.0576,1.7441225101185698,True,False,False,-18.0,19.74412251011857
2022,8,401403922,333,344,Alabama,Mississippi State,regular,False,30.0,6.0,7,0.4689233416312723,0.08460651621881476,7,7,7,42.0032,19.179036481164538,True,True,True,24.0,4.8209635188354625
2022,8,401403923,99,145,LSU,Ole Miss,regular,False,45.0,20.0,7,0.3114033512719061,0.2736549335606415,6,6,6,42.0032,4.6220543388097886,True,True,True,25.0,20.37794566119021
2022,8,401403924,142,238,Missouri,Vanderbilt,regular,False,17.0,14.0,7,0.054340768124593444,-0.11854860494583208,5,6,5,26.0576,7.54158212771992,True,True,True,3.0,4.54158212771992
2022,8,401403925,2579,245,South Carolina,Texas A&M,regular,False,30.0,24.0,7,0.11686941037552576,0.13717704302359773,5,5,5,26.0576,2.5073318315095996,True,True,True,6.0,3.4926681684904004
2022,8,401404018,24,9,Stanford,Arizona State,regular,False,15.0,14.0,7,0.044933777839656804,0.13796960778677553,5,4,4,26.0576,0.6122095575699591,True,True,True,1.0,0.3877904424300409
2022,8,401404019,25,264,California,Washington,regular,False,21.0,28.0,7,0.0001190894679579807,0.02719483511141335,5,6,5,26.0576,2.3309710503210974,True,False,False,-7.0,9.330971050321097
2022,8,401404020,204,38,Oregon State,Colorado,regular,False,42.0,9.0,7,-0.11986094375840124,0.014794824458106065,5,5,5,26.0576,-0.472306145878461,False,True,False,33.0,33.47230614587846
2022,8,401404021,2483,26,Oregon,UCLA,regular,False,45.0,30.0,7,0.17319166944293085,0.3529698236503511,5,5,5,26.0576,-1.6480872310752748,False,True,False,15.0,16.648087231075273
2022,8,401404096,239,2305,Baylor,Kansas,regular,False,35.0,23.0,7,0.31909265969679723,0.3573955106695605,5,5,5,26.0576,2.0384196304921245,True,True,True,12.0,9.961580369507875
2022,8,401404097,2628,2306,TCU,Kansas State,regular,False,38.0,28.0,7,0.3613404658702981,0.25083407341244723,5,5,5,26.0576,5.916031372109695,True,True,True,10.0,4.083968627890305
2022,8,401404098,197,251,Oklahoma State,Texas,regular,False,41.0,34.0,7,0.09847269732922123,0.42537345448531555,5,6,5,26.0576,-5.481749169670644,False,True,False,7.0,12.481749169670644
2022,8,401404099,2641,277,Texas Tech,West Virginia,regular,False,48.0,10.0,7,0.24359977669488364,0.10107464567336617,5,5,5,26.0576,6.750362854106294,True,True,True,38.0,31.249637145893708
2022,8,401404128,87,2439,Notre Dame,UNLV,regular,False,44.0,21.0,7,0.05141927805111587,-0.16232297673111962,6,4,4,26.0576,8.60611017821358,True,True,True,23.0,14.39388982178642
2022,8,401404140,349,2433,Army,UL Monroe,regular,False,48.0,24.0,7,0.005277864020303946,0.06260873804290697,4,6,4,26.0576,1.5425950170686198,True,True,True,24.0,22.45740498293138
2022,8,401404163,2335,252,Liberty,BYU,regular,False,41.0,14.0,7,-0.01379937597843807,0.12377269368819978,6,7,6,42.0032,-2.7419671566217225,False,True,False,27.0,29.741967156621723
2022,8,401405117,275,2509,Wisconsin,Purdue,regular,False,35.0,24.0,7,0.008344114197353546,0.10226356069416934,5,5,5,26.0576,0.589184630964573,True,True,True,11.0,10.410815369035427
2022,8,401405118,120,77,Maryland,Northwestern,regular,False,31.0,24.0,7,0.2936008455502439,-0.0830527588403891,6,5,5,26.0576,12.85118896176936,True,True,True,7.0,5.85118896176936
2022,8,401405119,194,2294,Ohio State,Iowa,regular,False,54.0,10.0,7,0.4555160657665929,0.09875186882128671,6,5,5,26.0576,12.332918738322011,True,True,True,44.0,31.66708126167799
2022,8,401405120,213,135,Penn State,Minnesota,regular,False,45.0,17.0,7,0.11334003293053438,0.1474399828086935,6,5,5,26.0576,2.147937146054881,True,True,True,28.0,25.85206285394512
2022,8,401405121,164,84,Rutgers,Indiana,regular,False,24.0,17.0,7,-0.11961376724626846,-0.011498501365392776,5,6,5,26.0576,0.21927564778249398,True,True,True,7.0,6.780724352217506
2022,8,401409240,166,23,New Mexico State Aggies,San José State Spartans,regular,False,0.0,0.0,7,-0.6421121063460485,-0.06009807325631447,6,4,4,26.0576,-12.129388868639055,False,False,True,0.0,12.129388868639055
2022,8,401411141,59,258,Georgia Tech,Virginia,regular,False,9.0,16.0,7,0.1351016267570131,-0.06082413175929516,5,5,5,26.0576,8.141855045114553,True,False,False,-7.0,15.141855045114553
2022,8,401411142,228,183,Clemson,Syracuse,regular,False,27.0,21.0,7,0.4501101510924213,0.1925672359055841,6,4,4,26.0576,9.747450266772528,True,True,True,6.0,3.7474502667725282
2022,8,401411143,97,221,Louisville,Pittsburgh,regular,False,24.0,10.0,7,-0.02865988774556124,0.27763387435694764,6,5,5,26.0576,-4.944780335362335,False,True,False,14.0,18.944780335362335
2022,8,401411144,2390,150,Miami,Duke,regular,False,21.0,45.0,7,0.04330137306023117,0.1616183906829601,5,5,5,26.0576,-0.04655751840602118,False,False,True,-24.0,23.953442481593978
2022,8,401411145,154,103,Wake Forest,Boston College,regular,False,43.0,15.0,7,0.2194521130076364,0.12175266626918434,5,5,5,26.0576,5.582313103331888,True,True,True,28.0,22.417686896668112
2022,8,401415241,2005,68,Air Force,Boise State,regular,False,14.0,19.0,7,-0.34573168296224244,-0.190511092703801,4,4,4,26.0576,-1.0081760527183636,False,False,True,-5.0,3.9918239472816364
2022,8,401415242,36,62,Colorado State,Hawai'i,regular,False,17.0,13.0,7,-0.11751857537500462,-0.5350184955773549,5,5,5,26.0576,13.915545920664764,True,True,True,4.0,9.915545920664764
2022,8,401415243,167,278,New Mexico,Fresno State,regular,False,9.0,41.0,7,-0.5334350857062742,-0.3429398577070727,5,4,4,26.0576,-1.9273484531119927,False,False,True,-32.0,30.072651546888007
2022,8,401415244,2751,328,Wyoming,Utah State,regular,False,28.0,14.0,7,-0.37122540431321094,-0.12057017153212325,6,5,5,26.0576,-3.494973793716471,False,True,False,14.0,17.494973793716472
2022,8,401415245,2440,21,Nevada,San Diego State,regular,False,7.0,23.0,7,-0.3618406509900126,-0.4016857907728995,4,4,4,26.0576,4.074768714406554,True,False,False,-16.0,20.074768714406552
2022,8,401415638,218,202,Temple,Tulsa,regular,False,16.0,27.0,7,-0.3575867667751493,-0.18965617055399414,5,5,5,26.0576,-1.339368304092372,False,False,True,-11.0,9.660631695907629
2022,8,401415639,2655,235,Tulane,Memphis,regular,False,38.0,28.0,7,0.03402332570621125,-0.020810491509058088,5,7,5,26.0576,4.465337675468603,True,True,True,10.0,5.534662324531397
2022,8,401415640,2426,248,Navy,Houston,regular,False,20.0,38.0,7,-0.3233707780245133,0.0661942901961183,4,6,4,26.0576,-7.114630721665931,False,False,True,-18.0,10.88536927833407
2022,8,401415641,2567,2132,SMU,Cincinnati,regular,False,27.0,29.0,7,-0.020921066431861646,-0.01463430179659686,5,4,4,26.0576,2.8726820018401247,True,False,False,-2.0,4.872682001840125
2022,8,401415642,151,2116,East Carolina,UCF,regular,False,34.0,13.0,7,0.046822781976827516,0.20532654240852377,4,5,4,26.0576,-1.0937275878249686,False,True,False,21.0,22.09372758782497
2022,8,401416624,2050,2199,Ball State,Eastern Michigan,regular,False,16.0,20.0,7,-0.24294849046206246,-0.4012812540470092,6,5,5,26.0576,7.162271820391108,True,False,False,-4.0,11.162271820391108
2022,8,401416625,195,2459,Ohio,Northern Illinois,regular,False,24.0,17.0,7,-0.28328564337848094,-0.195216943329669,6,6,6,42.0032,-0.6626672218902581,False,True,False,7.0,7.662667221890258
2022,8,401416626,2084,2649,Buffalo,Toledo,regular,False,34.0,27.0,7,-0.0860741064167728,-0.11050062305786951,6,6,6,42.0032,4.0624918637793135,True,True,True,7.0,2.9375081362206865
2022,8,401416627,193,2711,Miami (OH),Western Michigan,regular,False,10.0,16.0,7,-0.2432411890451948,-0.4163941488912336,4,6,4,26.0576,7.548450566484141,True,False,False,-6.0,13.548450566484142
2022,8,401416628,2309,2006,Kent State,Akron,regular,False,33.0,27.0,7,-0.11944639822598052,-0.37757986242156283,5,5,5,26.0576,9.762838556622807,True,True,True,6.0,3.762838556622807
2022,8,401416629,2117,189,Central Michigan,Bowling Green,regular,False,18.0,34.0,7,0.07868436115353705,-0.1286015645232591,5,5,5,26.0576,8.437873736915684,True,False,False,-16.0,24.437873736915684
2022,8,401426353,2026,2247,App State,Georgia State,regular,False,42.0,17.0,7,0.15696847681345938,0.030716670904308394,5,5,5,26.0576,6.326319057658292,True,True,True,25.0,18.673680942341708
2022,8,401426354,6,2653,South Alabama,Troy,regular,False,6.0,10.0,7,0.22262853607669,0.12066141258451955,5,6,5,26.0576,5.693518517109581,True,False,False,-4.0,9.693518517109581
2022,8,401426355,256,276,James Madison,Marshall,regular,False,12.0,26.0,7,0.15542749173812162,0.10650848877286323,5,3,3,10.6201,3.556024703391341,True,False,False,-14.0,17.55602470339134
2022,8,401426356,295,290,Old Dominion,Georgia Southern,regular,False,23.0,28.0,7,-0.06852692077994813,-0.08464766355618097,6,5,5,26.0576,3.4565678669659654,True,False,False,-5.0,8.456567866965965
2022,8,401426357,309,2032,Louisiana,Arkansas State,regular,False,38.0,18.0,7,0.1914754954410904,-0.1683529199202936,5,6,5,26.0576,12.4127649161208,True,True,True,20.0,7.5872350838792
2022,8,401426358,326,2572,Texas State,Southern Miss,regular,False,14.0,20.0,7,-0.08912206641323378,-0.13262022817684505,5,5,5,26.0576,4.169957699971477,True,False,False,-6.0,10.169957699971476
2022,8,401426588,2429,2229,Charlotte,Florida International,regular,False,15.0,34.0,7,-0.3119884225951305,-0.4558668283532753,5,5,5,26.0576,6.785625945883435,True,False,False,-19.0,25.785625945883435
2022,8,401426589,2638,2226,UTEP,Florida Atlantic,regular,False,24.0,21.0,7,-0.464235845477444,-0.0963633673143166,7,5,5,26.0576,-6.549373886983508,False,True,False,3.0,9.549373886983508
2022,8,401426590,2348,242,Louisiana Tech,Rice,regular,False,41.0,42.0,7,-0.17296583243169159,-0.12419956283590641,5,4,4,26.0576,1.7657680533808684,True,False,False,-1.0,2.765768053380868
2022,8,401426591,2636,249,UTSA,North Texas,regular,False,31.0,27.0,7,-0.08111976856578933,-0.2816366610541727,5,6,5,26.0576,8.261488977705298,True,True,True,4.0,4.261488977705298
2022,8,401426592,98,5,Western Kentucky,UAB,regular,False,20.0,17.0,7,-0.06377596095894308,-0.0344454543911048,6,5,5,26.0576,2.272217392057897,True,True,True,3.0,0.7277826079421028
2022,9,401403927,2,8,Auburn,Arkansas,regular,False,27.0,41.0,8,0.1065882178349706,0.1673061395900835,6,6,6,42.0032,0.4861529889356424,True,False,False,-14.0,14.486152988935643
2022,9,401403928,61,57,Georgia,Florida,regular,True,42.0,20.0,8,0.4869534279785677,0.15705696819182516,6,6,6,42.0032,13.856706979714504,True,True,True,22.0,8.143293020285496
2022,9,401403929,2579,142,South Carolina,Missouri,regular,False,10.0,23.0,8,0.07489333313597055,0.029514994009751494,6,6,6,42.0032,4.942535453986404,True,False,False,-13.0,17.942535453986405
2022,9,401403930,2633,96,Tennessee,Kentucky,regular,False,44.0,6.0,8,0.25596831146676197,0.24248332742289194,6,6,6,42.0032,3.6029124817914817,True,True,True,38.0,34.397087518208515
2022,9,401403931,245,145,Texas A&M,Ole Miss,regular,False,28.0,31.0,8,0.17850400648607792,0.1948431180135575,6,7,6,42.0032,2.35020503068897,True,False,False,-3.0,5.35020503068897
2022,9,401404022,12,30,Arizona,USC,regular,False,37.0,45.0,8,-0.05133996235216974,0.3113443486940747,6,7,6,42.0032,-12.197401653737614,False,False,True,-8.0,4.197401653737614
2022,9,401404023,38,9,Colorado,Arizona State,regular,False,34.0,42.0,8,-0.027844377766245536,0.10057394283108687,5,5,5,26.0576,-0.3097732307970489,False,False,True,-8.0,7.690226769202951
2022,9,401404024,25,2483,California,Oregon,regular,False,24.0,42.0,8,-0.0509652044251656,0.25407595024586316,5,6,5,26.0576,-4.912140391955799,False,False,True,-18.0,13.087859608044202
2022,9,401404025,26,24,UCLA,Stanford,regular,False,38.0,13.0,8,0.3349413167191015,0.058905048794294444,6,6,6,42.0032,14.630906568899256,True,True,True,25.0,10.369093431100744
2022,9,401404026,265,254,Washington State,Utah,regular,False,17.0,21.0,8,0.10969786911418807,0.309639817918363,5,6,5,26.0576,-2.173507325159669,False,False,True,-4.0,1.8264926748403312
2022,9,401404100,66,201,Iowa State,Oklahoma,regular,False,13.0,27.0,8,0.18667097928993792,0.07603532864174589,6,6,6,42.0032,7.683551361306139,True,False,False,-14.0,21.68355136130614
2022,9,401404101,2641,239,Texas Tech,Baylor,regular,False,17.0,45.0,8,0.2708523602884308,0.2791085700537658,6,6,6,42.0032,2.6897127699846797,True,False,False,-28.0,30.68971276998468
2022,9,401404102,2306,197,Kansas State,Oklahoma State,regular,False,48.0,0.0,8,0.29022240093379315,0.15325733733532035,5,6,5,26.0576,6.6054808412235655,True,True,True,48.0,41.39451915877643
2022,9,401404103,277,2628,West Virginia,TCU,regular,False,31.0,41.0,8,0.03818840189680723,0.32261482454892954,6,5,5,26.0576,-4.374969950899942,False,False,True,-10.0,5.625030049100058
2022,9,401404129,183,87,Syracuse,Notre Dame,regular,False,24.0,41.0,8,0.2947919594188594,-0.0008149706720447583,5,7,5,26.0576,10.739307141536745,True,False,False,-17.0,27.739307141536745
2022,9,401404154,41,103,UConn,Boston College,regular,False,13.0,3.0,8,-0.14119111648658417,0.15487291195701566,7,6,6,42.0032,-9.399136599522212,False,True,False,10.0,19.399136599522212
2022,9,401405122,2294,77,Iowa,Northwestern,regular,False,33.0,13.0,8,-0.026517938962037246,-0.10440621820336493,6,6,6,42.0032,6.308056970629336,True,True,True,20.0,13.691943029370664
2022,9,401405123,135,164,Minnesota,Rutgers,regular,False,31.0,0.0,8,0.12056092785282693,-0.09075490897881071,6,6,6,42.0032,11.912441357606642,True,True,True,31.0,19.087558642393358
2022,9,401405124,158,356,Nebraska,Illinois,regular,False,9.0,26.0,8,-0.05303795759375964,0.15969623415942946,6,6,6,42.0032,-5.899016803047553,False,False,True,-17.0,11.100983196952447
2022,9,401405125,130,127,Michigan,Michigan State,regular,False,29.0,7.0,8,0.2877602144672904,-0.06515828295335044,7,7,7,42.0032,17.86020623085866,True,True,True,22.0,4.139793769141338
2022,9,401405126,213,194,Penn State,Ohio State,regular,False,31.0,44.0,8,0.10871170371295077,0.5565812895458351,7,7,7,42.0032,-15.775455787655805,False,False,True,-13.0,2.7754557876558046
2022,9,401409242,113,166,Massachusetts,New Mexico State,regular,False,13.0,23.0,8,-0.3663350843270804,-0.570332434231557,5,7,5,26.0576,8.352181344870889,True,False,False,-10.0,18.35218134487089
2022,9,401411146,152,259,NC State,Virginia Tech,regular,False,22.0,21.0,8,0.18272908042140423,-0.053501167663002835,6,6,6,42.0032,12.958926356338967,True,True,True,1.0,11.958926356338967
2022,9,401411147,52,59,Florida State,Georgia Tech,regular,False,41.0,16.0,8,0.3370353809078915,0.0006218855322056849,6,6,6,42.0032,17.166943328964003,True,True,True,25.0,7.8330566710359975
2022,9,401411148,97,154,Louisville,Wake Forest,regular,False,48.0,21.0,8,0.004952718121076567,0.25693710575442336,6,6,6,42.0032,-7.547650630640993,False,True,False,27.0,34.547650630640995
2022,9,401411149,153,221,North Carolina,Pittsburgh,regular,False,42.0,24.0,8,0.04444028085677365,0.2022710740196303,6,5,5,26.0576,-1.0761916759204535,False,True,False,18.0,19.076191675920455
2022,9,401411150,258,2390,Virginia,Miami,regular,False,12.0,14.0,8,-0.01131739925664299,0.09454106263158257,6,6,6,42.0032,-1.4098941463835155,False,False,True,-2.0,0.5901058536164845
2022,9,401415246,68,36,Boise State,Colorado State,regular,False,49.0,10.0,8,-0.12360924792369199,-0.23689259300618945,5,6,5,26.0576,5.988392092821686,True,True,True,39.0,33.011607907178316
2022,9,401415247,62,2751,Hawai'i,Wyoming,regular,False,20.0,27.0,8,-0.4770224903866841,-0.3768361333919543,7,6,6,42.0032,-1.171647590121033,False,False,True,-7.0,5.828352409878967
2022,9,401415248,278,21,Fresno State,San Diego State,regular,False,32.0,28.0,8,-0.18610750070187204,-0.32176701126188423,6,4,4,26.0576,6.571461262368574,True,True,True,4.0,2.571461262368574
2022,9,401415249,23,2440,San José State,Nevada,regular,False,35.0,28.0,8,-0.09614289943043577,-0.4444968719264391,5,5,5,26.0576,12.113768473711856,True,True,True,7.0,5.113768473711856
2022,9,401415643,248,58,Houston,South Florida,regular,False,42.0,27.0,8,0.024052676633140778,-0.12441845718702418,7,5,5,26.0576,6.905301416632331,True,True,True,15.0,8.09469858336767
2022,9,401415644,2116,2132,UCF,Cincinnati,regular,False,25.0,21.0,8,0.03834698304959743,0.013286631895424478,6,5,5,26.0576,3.6895126062349775,True,True,True,4.0,0.31048739376502255
2022,9,401415645,252,151,BYU,East Carolina,regular,False,24.0,27.0,8,0.06514549717360436,0.10801377094485198,8,5,5,26.0576,1.9194556693783382,True,False,False,-3.0,4.919455669378339
2022,9,401415646,2426,218,Navy,Temple,regular,False,27.0,20.0,8,-0.2775443405476504,-0.40382625893834323,5,6,5,26.0576,6.327103716657318,True,True,True,7.0,0.6728962833426824
2022,9,401415647,202,2567,Tulsa,SMU,regular,False,34.0,45.0,8,-0.20054198046881755,-0.04259128710033182,6,6,6,42.0032,-3.597934563695179,False,False,True,-11.0,7.402065436304821
2022,9,401416630,2199,2649,Eastern Michigan,Toledo,regular,False,24.0,27.0,8,-0.3287987423028797,-0.10267605154789602,6,6,6,42.0032,-6.46137660431973,False,False,True,-3.0,3.46137660431973
2022,9,401416631,2006,193,Akron,Miami (OH),regular,False,9.0,27.0,8,-0.3808800495961926,-0.20480154514341725,6,5,5,26.0576,-1.5516832376286382,False,False,True,-18.0,16.448316762371363
2022,9,401426359,2572,309,Southern Miss,Louisiana,regular,False,39.0,24.0,8,-0.004712190557896817,0.17810995014814246,6,6,6,42.0032,-4.6426149405039085,False,True,False,15.0,19.642614940503908
2022,9,401426361,2247,295,Georgia State,Old Dominion,regular,False,31.0,17.0,8,-0.0743568955435382,-0.03710916410458345,6,7,6,42.0032,1.4719760868232958,True,True,True,14.0,12.528023913176703
2022,9,401426362,276,324,Marshall,Coastal Carolina,regular,False,13.0,24.0,8,0.2036262508086913,0.05544145430826586,4,6,4,26.0576,6.897840153289486,True,False,False,-11.0,17.897840153289486
2022,9,401426363,2032,6,Arkansas State,South Alabama,regular,False,3.0,31.0,8,-0.1421715631664468,0.1739406945260018,7,6,6,42.0032,-10.241226382307458,False,False,True,-28.0,17.75877361769254
2022,9,401426593,242,2429,Rice,Charlotte,regular,False,23.0,56.0,8,-0.09978130558643021,-0.35522120943396523,5,6,5,26.0576,9.692650838497528,True,False,False,-33.0,42.69265083849753
2022,9,401426594,2229,2348,Florida International,Louisiana Tech,regular,False,42.0,34.0,8,-0.42605603338464754,-0.18417216219479246,6,6,6,42.0032,-7.1233966183617206,False,True,False,8.0,15.12339661836172
2022,9,401426595,2226,5,Florida Atlantic,UAB,regular,False,24.0,17.0,8,-0.22969788911164674,-0.030776341946414126,6,6,6,42.0032,-5.3188415298906975,False,True,False,7.0,12.318841529890697
2022,9,401426596,2638,2393,UTEP,Middle Tennessee,regular,False,13.0,24.0,8,-0.4173191559107407,-0.19861413472103748,8,6,6,42.0032,-6.149810746035342,False,False,True,-11.0,4.850189253964658
2022,9,401426597,98,249,Western Kentucky,North Texas,regular,False,13.0,40.0,8,0.0601749672564675,-0.3094940445403449,7,7,7,42.0032,18.56378143630387,True,False,False,-27.0,45.56378143630387
2022,10,401403932,8,2335,Arkansas,Liberty,regular,False,19.0,21.0,9,0.12189329440288665,0.07781102101310364,7,7,7,42.0032,4.888096545645734,True,False,False,-2.0,6.888096545645734
2022,10,401403933,61,2633,Georgia,Tennessee,regular,False,27.0,13.0,9,0.48793526205943855,0.34230062505484543,7,7,7,42.0032,9.153620785031325,True,True,True,14.0,4.846379214968675
2022,10,401403934,99,333,LSU,Alabama,regular,False,32.0,31.0,9,0.3600180144169137,0.39919670756857206,7,8,7,42.0032,1.3908695158122646,True,True,True,1.0,0.3908695158122646
2022,10,401403935,344,2,Mississippi State,Auburn,regular,False,39.0,33.0,9,0.16314267632380597,0.13519806305462803,8,7,7,42.0032,4.210263180067935,True,True,True,6.0,1.789736819932065
2022,10,401403936,142,96,Missouri,Kentucky,regular,False,17.0,21.0,9,0.12200939898778546,0.13566763389437975,7,7,7,42.0032,2.462810427571339,True,False,False,-4.0,6.462810427571339
2022,10,401403937,245,57,Texas A&M,Florida,regular,False,24.0,41.0,9,0.14869109521982476,0.21664125667014572,7,7,7,42.0032,0.1823757785698792,True,False,False,-17.0,17.182375778569877
2022,10,401403938,238,2579,Vanderbilt,South Carolina,regular,False,27.0,38.0,9,-0.09899172361199954,0.045744529537384664,7,7,7,42.0032,-3.042885788284215,False,False,True,-11.0,7.957114211715785
2022,10,401404027,254,12,Utah,Arizona,regular,False,45.0,20.0,9,0.3417298714999358,-0.0021179326602036586,7,7,7,42.0032,17.47920808769917,True,True,True,25.0,7.5207919123008296
2022,10,401404028,9,26,Arizona State,UCLA,regular,False,36.0,50.0,9,0.10475519365752263,0.3190076153183627,6,6,6,42.0032,-5.962787317504597,False,False,True,-14.0,8.037212682495403
2022,10,401404029,30,25,USC,California,regular,False,41.0,35.0,9,0.28358750527355586,0.006931430564355107,8,7,7,42.0032,14.6569404372255,True,True,True,6.0,8.6569404372255
2022,10,401404030,38,2483,Colorado,Oregon,regular,False,10.0,49.0,9,-0.06835328383761335,0.2730738909352215,7,7,7,42.0032,-11.304533907418337,False,False,True,-39.0,27.69546609258166
2022,10,401404031,264,204,Washington,Oregon State,regular,False,24.0,21.0,9,0.09019064679888564,0.09246433076781024,7,7,7,42.0032,2.940997997516466,True,True,True,3.0,0.05900200248353382
2022,10,401404032,24,265,Stanford,Washington State,regular,False,14.0,52.0,9,0.10956640931696443,0.12276880576886842,6,6,6,42.0032,2.4819571013513864,True,False,False,-38.0,40.481957101351384
2022,10,401404104,201,239,Oklahoma,Baylor,regular,False,35.0,38.0,9,0.12823383291215887,0.28238279883498496,7,7,7,42.0032,-3.438249845449649,False,False,True,-3.0,0.43824984544964884
2022,10,401404105,66,277,Iowa State,West Virginia,regular,False,31.0,14.0,9,0.21446951156456312,0.02415736890674837,7,7,7,42.0032,11.030218990484725,True,True,True,17.0,5.969781009515275
2022,10,401404106,2305,197,Kansas,Oklahoma State,regular,False,37.0,16.0,9,0.2512155401881257,0.09768284053728327,6,7,6,42.0032,9.485364689974265,True,True,True,21.0,11.514635310025735
2022,10,401404107,2306,251,Kansas State,Texas,regular,False,27.0,34.0,9,0.43291826877078887,0.3481964689880762,7,7,7,42.0032,6.595086700633237,True,False,False,-7.0,13.595086700633237
2022,10,401404108,2628,2641,TCU,Texas Tech,regular,False,34.0,24.0,9,0.3593527356556613,0.20660862547474745,7,7,7,42.0032,9.452241408750961,True,True,True,10.0,0.547758591249039
2022,10,401404130,87,228,Notre Dame,Clemson,regular,False,35.0,14.0,9,0.08900643340296578,0.3372385849165557,8,7,7,42.0032,-7.390044706455619,False,True,False,21.0,28.39004470645562
2022,10,401404141,349,2005,Army,Air Force,regular,True,7.0,13.0,9,-0.003456476926152627,-0.37500895598864303,5,6,5,26.0576,9.68176587841875,True,False,False,-6.0,15.68176587841875
2022,10,401404155,41,113,UConn,Massachusetts,regular,False,27.0,10.0,9,-0.20809010500155498,-0.44408270744362177,7,6,6,42.0032,12.94894447889462,True,True,True,17.0,4.051055521105379
2022,10,401405127,356,127,Illinois,Michigan State,regular,False,15.0,23.0,9,0.20733948288756734,0.01982320989985882,7,8,7,42.0032,10.912783517557319,True,False,False,-8.0,18.91278351755732
2022,10,401405128,158,135,Nebraska,Minnesota,regular,False,13.0,20.0,9,-0.07278917544815211,0.16952626659779435,7,7,7,42.0032,-7.141523975344299,False,False,True,-7.0,0.14152397534429895
2022,10,401405129,77,194,Northwestern,Ohio State,regular,False,7.0,21.0,9,-0.11871638264929801,0.5980706325592725,7,8,7,42.0032,-27.070848357208625,False,False,True,-14.0,13.070848357208625
2022,10,401405130,2509,2294,Purdue,Iowa,regular,False,3.0,24.0,9,0.04954723472548591,-0.008533655091649744,6,7,6,42.0032,5.476083231167113,True,False,False,-21.0,26.476083231167113
2022,10,401405131,275,120,Wisconsin,Maryland,regular,False,23.0,10.0,9,0.13597987213063178,0.2260806966689639,6,7,6,42.0032,-0.7480229532484715,False,True,False,13.0,13.748022953248471
2022,10,401405132,84,213,Indiana,Penn State,regular,False,14.0,45.0,9,-0.07258933759693843,0.15898282549870402,7,8,7,42.0032,-6.690271880938887,False,False,True,-31.0,24.309728119061113
2022,10,401405133,164,130,Rutgers,Michigan,regular,False,17.0,52.0,9,-0.12287025018609354,0.29623611639065006,7,8,7,42.0032,-14.567308536596276,False,False,True,-35.0,20.432691463403724
2022,10,401411151,103,150,Boston College,Duke,regular,False,31.0,38.0,9,0.10060889915805794,0.12919421289773297,6,7,6,42.0032,1.835825349929682,True,False,False,-7.0,8.835825349929681
2022,10,401411152,97,256,Louisville,James Madison,regular,False,34.0,10.0,9,0.14155177109743308,0.136418470481077,8,6,6,42.0032,3.252115052448928,True,True,True,24.0,20.74788494755107
2022,10,401411153,2390,52,Miami,Florida State,regular,False,3.0,45.0,9,0.0799520597340175,0.2748807969852711,7,7,7,42.0032,-5.151130736511856,False,False,True,-42.0,36.84886926348814
2022,10,401411154,152,154,NC State,Wake Forest,regular,False,30.0,21.0,9,0.1227500730305292,0.1346971787795327,7,7,7,42.0032,2.534683327803457,True,True,True,9.0,6.465316672196543
2022,10,401411155,221,183,Pittsburgh,Syracuse,regular,False,19.0,9.0,9,0.158693229934458,0.2147361020567213,6,6,6,42.0032,0.6825200336741504,True,True,True,10.0,9.31747996632585
2022,10,401411156,258,153,Virginia,North Carolina,regular,False,28.0,31.0,9,0.015325193208594878,0.05835947675155009,7,6,6,42.0032,1.2289223814885437,True,False,False,-3.0,4.228922381488544
2022,10,401411157,259,59,Virginia Tech,Georgia Tech,regular,False,27.0,28.0,9,-0.04889207043543535,-0.0015280680052138507,7,7,7,42.0032,1.0470603331229205,True,False,False,-1.0,2.0470603331229205
2022,10,401415250,68,252,Boise State,BYU,regular,False,28.0,31.0,9,-0.10558455290924036,0.04340286222318362,6,9,6,42.0032,-3.2214481952902307,False,False,True,-3.0,0.22144819529023074
2022,10,401415251,23,36,San José State,Colorado State,regular,False,28.0,16.0,9,-0.07930402056319699,-0.3577943849400644,5,7,5,26.0576,10.293290518786659,True,True,True,12.0,1.7067094812133412
2022,10,401415252,328,167,Utah State,New Mexico,regular,False,27.0,10.0,9,-0.27596080163395587,-0.5083098584957296,6,7,6,42.0032,12.795903905176456,True,True,True,17.0,4.204096094823544
2022,10,401415253,278,62,Fresno State,Hawai'i,regular,False,55.0,13.0,9,-0.18227852430274888,-0.48180444926354965,6,7,6,42.0032,15.617547331313506,True,True,True,42.0,26.382452668686494
2022,10,401415254,21,2439,San Diego State,UNLV,regular,False,14.0,10.0,9,-0.2725678516948751,-0.1907140624143281,5,6,5,26.0576,0.9035867004432192,True,True,True,4.0,3.096413299556781
2022,10,401415648,218,58,Temple,South Florida,regular,False,54.0,28.0,9,-0.43469341631826414,-0.12124020316849332,6,6,6,42.0032,-10.129538002572453,False,True,False,26.0,36.12953800257245
2022,10,401415649,202,2655,Tulsa,Tulane,regular,False,13.0,27.0,9,-0.18324417345096694,0.09416230611351384,7,6,6,42.0032,-8.6154598424428,False,False,True,-14.0,5.3845401575572005
2022,10,401415650,2132,2426,Cincinnati,Navy,regular,False,20.0,10.0,9,0.011599721843696231,-0.2879385357124558,6,5,5,26.0576,10.841748100095188,True,True,True,10.0,0.8417481000951881
2022,10,401415651,235,2116,Memphis,UCF,regular,False,28.0,35.0,9,0.030801416941557858,0.1040509569266748,8,7,7,42.0032,-0.04021507790286405,False,False,True,-7.0,6.9597849220971355
2022,10,401415652,2567,248,SMU,Houston,regular,False,77.0,63.0,9,-0.08792892822890709,0.001090764915247365,7,8,7,42.0032,-0.7026119750725481,False,True,False,14.0,14.702611975072548
2022,10,401416632,2309,2050,Kent State,Ball State,regular,False,20.0,27.0,9,-0.12023336420867557,-0.3011109223978974,6,7,6,42.0032,10.633936252133521,True,False,False,-7.0,17.633936252133523
2022,10,401416633,195,2084,Ohio,Buffalo,regular,False,45.0,24.0,9,-0.24852692130576476,-0.1296744695075701,7,6,6,42.0032,-1.9556833033699288,False,True,False,21.0,22.95568330336993
2022,10,401416634,2459,2117,Northern Illinois,Central Michigan,regular,False,22.0,35.0,9,-0.24312554740333672,-0.008264471894640836,7,6,6,42.0032,-6.828416726806855,False,False,True,-13.0,6.171583273193145
2022,10,401416635,189,2711,Bowling Green,Western Michigan,regular,False,13.0,9.0,9,-0.13018402517884,-0.4638063701087576,6,7,6,42.0032,17.049706078560313,True,True,True,4.0,13.049706078560313
2022,10,401426364,324,2026,Coastal Carolina,App State,regular,False,35.0,28.0,9,0.02940591565392088,0.20579951345960532,6,6,6,42.0032,-4.372595567351723,False,True,False,7.0,11.372595567351723
2022,10,401426365,290,6,Georgia Southern,South Alabama,regular,False,31.0,38.0,9,-0.08631641596759812,0.15205841294732997,6,7,6,42.0032,-6.976005613879508,False,False,True,-7.0,0.023994386120492095
2022,10,401426366,295,276,Old Dominion,Marshall,regular,False,0.0,12.0,9,-0.05921794564855917,0.19105005611348347,8,4,4,26.0576,-3.4848834827146034,False,False,True,-12.0,8.515116517285396
2022,10,401426367,309,2653,Louisiana,Troy,regular,False,17.0,23.0,9,0.08923511080819715,0.16941395522479524,7,7,7,42.0032,-0.33126803779925273,False,False,True,-6.0,5.668731962200747
2022,10,401426368,2433,326,UL Monroe,Texas State,regular,False,31.0,30.0,9,-0.08038347125894905,-0.0011233830327744831,7,6,6,42.0032,-0.2926773377816554,False,True,False,1.0,1.2926773377816554
2022,10,401426369,2572,2247,Southern Miss,Georgia State,regular,False,14.0,42.0,9,0.03539257470192518,-0.06876579253547253,7,7,7,42.0032,7.411484730745864,True,False,False,-28.0,35.41148473074586
2022,10,401426598,2429,98,Charlotte,Western Kentucky,regular,False,7.0,59.0,9,-0.28562275522937575,0.03918269844689455,7,7,7,42.0032,-10.606368431855115,False,False,True,-52.0,41.39363156814488
2022,10,401426599,249,2229,North Texas,Florida International,regular,False,52.0,14.0,9,-0.27135688180033246,-0.4012455078276346,7,7,7,42.0032,8.492237936749977,True,True,True,38.0,29.507762063250023
2022,10,401426600,2348,2393,Louisiana Tech,Middle Tennessee,regular,False,40.0,24.0,9,-0.1827942731520503,-0.22661408906087982,7,6,6,42.0032,4.877072491581749,True,True,True,16.0,11.12292750841825
2022,10,401426601,242,2638,Rice,UTEP,regular,False,37.0,30.0,9,-0.24972564402843855,-0.35785048621091886,6,8,6,42.0032,7.578089371159157,True,True,True,7.0,0.578089371159157
2022,10,401426602,5,2636,UAB,UTSA,regular,False,38.0,44.0,9,-0.045895370924484584,-0.047508534557262186,6,6,6,42.0032,3.104258034700284,True,False,False,-6.0,9.104258034700283
2022,11,401403939,8,99,Arkansas,LSU,regular,False,10.0,13.0,10,0.09710317684355708,0.3927512688708839,8,8,8,54.4874,-13.072595849529769,False,False,True,-3.0,10.072595849529769
2022,11,401403940,2,245,Auburn,Texas A&M,regular,False,13.0,10.0,10,0.12718500437941016,0.08588516358362502,8,8,8,54.4874,5.286820945376263,True,True,True,3.0,2.286820945376263
2022,11,401403941,57,2579,Florida,South Carolina,regular,False,38.0,6.0,10,0.21906520770684249,0.01281951727870749,8,8,8,54.4874,14.274291432633964,True,True,True,32.0,17.725708567366034
2022,11,401403942,96,238,Kentucky,Vanderbilt,regular,False,21.0,24.0,10,0.1617811766307135,-0.13181792148996524,8,8,8,54.4874,19.033951498940674,True,False,False,-3.0,22.033951498940674
2022,11,401403943,145,333,Ole Miss,Alabama,regular,False,24.0,30.0,10,0.1576593794077837,0.3821698537715331,8,9,8,54.4874,-9.196492020847359,False,False,True,-6.0,3.1964920208473586
2022,11,401403944,344,61,Mississippi State,Georgia,regular,False,19.0,45.0,10,0.14839309152939248,0.5146363046297878,9,8,8,54.4874,-16.91914044948648,False,False,True,-26.0,9.08085955051352
2022,11,401403945,2633,142,Tennessee,Missouri,regular,False,66.0,24.0,10,0.3796488204318421,0.1152447508680953,8,8,8,54.4874,17.4431902999477,True,True,True,42.0,24.5568097000523
2022,11,401404033,30,38,USC,Colorado,regular,False,55.0,17.0,10,0.2758705205019489,-0.06470922782867085,8,8,8,54.4874,21.59380497918981,True,True,True,38.0,16.40619502081019
2022,11,401404034,26,12,UCLA,Arizona,regular,False,28.0,34.0,10,0.33785820588347176,0.04616303518357398,7,8,7,42.0032,15.288630593941948,True,False,False,-6.0,21.288630593941946
2022,11,401404035,265,9,Washington State,Arizona State,regular,False,28.0,18.0,10,0.1721193708119973,0.08977869977127458,7,6,6,42.0032,6.495071673857685,True,True,True,10.0,3.5049283261423154
2022,11,401404036,204,25,Oregon State,California,regular,False,38.0,10.0,10,0.0911715567072705,0.035526694832068925,8,7,7,42.0032,5.373762262316467,True,True,True,28.0,22.62623773768353
2022,11,401404037,2483,264,Oregon,Washington,regular,False,34.0,37.0,10,0.2850447136519307,0.12156222633961397,8,8,8,54.4874,11.944235679181126,True,False,False,-3.0,14.944235679181126
2022,11,401404038,254,24,Utah,Stanford,regular,False,42.0,7.0,10,0.3437749040542568,0.07469757382935202,8,8,8,54.4874,17.697824122896478,True,True,True,35.0,17.302175877103522
2022,11,401404109,239,2306,Baylor,Kansas State,regular,False,3.0,31.0,10,0.33487458444515894,0.3843475372087687,8,8,8,54.4874,0.34084743358809044,True,False,False,-28.0,28.34084743358809
2022,11,401404110,197,66,Oklahoma State,Iowa State,regular,False,20.0,14.0,10,0.0655049295278454,0.25027495037352526,8,8,8,54.4874,-7.031138033826897,False,True,False,6.0,13.031138033826897
2022,11,401404111,2641,2305,Texas Tech,Kansas,regular,False,43.0,28.0,10,0.18765609175874842,0.30466585020079207,8,7,7,42.0032,-1.878284285792847,False,True,False,15.0,16.878284285792848
2022,11,401404112,277,201,West Virginia,Oklahoma,regular,False,23.0,20.0,10,0.015895914214299728,0.06486171699020923,8,8,8,54.4874,0.3684807178279086,True,True,True,3.0,2.6315192821720914
2022,11,401404113,251,2628,Texas,TCU,regular,False,10.0,17.0,10,0.32425592438284967,0.3119957245928722,8,8,8,54.4874,3.7045264100364172,True,False,False,-7.0,10.704526410036417
2022,11,401404131,2426,87,Navy,Notre Dame,regular,True,32.0,35.0,10,-0.2025543774908435,0.13967205276062572,6,9,6,42.0032,-14.374605195138514,False,False,True,-3.0,11.374605195138514
2022,11,401404142,2653,349,Troy,Army,regular,False,10.0,9.0,10,0.1383645875376202,-0.06472564687352159,8,6,6,42.0032,11.56693973401807,True,True,True,1.0,10.56693973401807
2022,11,401404156,41,2335,UConn,Liberty,regular,False,36.0,33.0,10,-0.22260133651512753,0.0672328326170077,8,8,8,54.4874,-12.755810307170306,False,True,False,3.0,15.755810307170306
2022,11,401405134,356,2509,Illinois,Purdue,regular,False,24.0,31.0,10,0.2648950100583648,0.05137686460604875,8,7,7,42.0032,12.004945367062723,True,False,False,-7.0,19.004945367062724
2022,11,401405135,2294,275,Iowa,Wisconsin,regular,False,24.0,10.0,10,0.0694767395249496,0.17271658751802418,8,7,7,42.0032,-1.2999039832227108,False,True,False,14.0,15.29990398322271
2022,11,401405136,135,77,Minnesota,Northwestern,regular,False,31.0,3.0,10,0.1888739534922197,0.004511295837388447,8,8,8,54.4874,13.081941872701853,True,True,True,28.0,14.918058127298147
2022,11,401405137,130,158,Michigan,Nebraska,regular,False,34.0,3.0,10,0.3842068594285074,-0.08842220239887463,9,8,8,54.4874,28.788828743413298,True,True,True,31.0,2.2111712565867023
2022,11,401405138,127,164,Michigan State,Rutgers,regular,False,27.0,21.0,10,0.07004091279401352,-0.11375331572330805,9,8,8,54.4874,13.050969646914709,True,True,True,6.0,7.050969646914709
2022,11,401405139,194,84,Ohio State,Indiana,regular,False,56.0,14.0,10,0.5818703629195698,-0.08246494855822849,9,8,8,54.4874,39.234403850615394,True,True,True,42.0,2.7655961493846064
2022,11,401405140,213,120,Penn State,Maryland,regular,False,30.0,0.0,10,0.19424508038857338,0.2304622362795121,9,8,8,54.4874,1.0631213401080661,True,True,True,30.0,28.936878659891935
2022,11,401411158,228,97,Clemson,Louisville,regular,False,31.0,16.0,10,0.285709978852456,0.1816977512637414,8,9,8,54.4874,8.703855849517328,True,True,True,15.0,6.296144150482672
2022,11,401411159,150,259,Duke,Virginia Tech,regular,False,24.0,7.0,10,0.18166409573798792,-0.09445635861351953,8,8,8,54.4874,18.081585644432327,True,True,True,17.0,1.0815856444323266
2022,11,401411160,59,2390,Georgia Tech,Miami,regular,False,14.0,35.0,10,0.07012546492045857,0.005980887082997974,8,8,8,54.4874,6.531571270460851,True,False,False,-21.0,27.53157127046085
2022,11,401411161,152,103,NC State,Boston College,regular,False,20.0,21.0,10,0.07871763835504678,0.078503247854531,7,7,7,42.0032,3.0455050870712643,True,False,False,-1.0,4.045505087071264
2022,11,401411162,183,52,Syracuse,Florida State,regular,False,3.0,38.0,10,0.14755477413651935,0.3320039600125346,7,8,7,42.0032,-4.710956044187444,False,False,True,-35.0,30.289043955812556
2022,11,401411163,258,221,Virginia,Pittsburgh,regular,False,7.0,37.0,10,0.06081376975141019,0.16307770516019007,8,8,8,54.4874,-2.5355959541923534,False,False,True,-30.0,27.464404045807647
2022,11,401411164,154,153,Wake Forest,North Carolina,regular,False,34.0,36.0,10,0.11226831766599646,0.11764488000498846,7,8,7,42.0032,2.8106671767628515,True,False,False,-2.0,4.810667176762852
2022,11,401414784,2032,113,Arkansas State,Massachusetts,regular,False,35.0,33.0,10,-0.13998224107904197,-0.4230531941543268,8,7,7,42.0032,14.926385856211805,True,True,True,2.0,12.926385856211805
2022,11,401415255,2440,68,Nevada,Boise State,regular,False,3.0,41.0,10,-0.3757144317022344,-0.06589519726014452,7,6,6,42.0032,-9.976899268117988,False,False,True,-38.0,28.02310073188201
2022,11,401415256,2005,167,Air Force,New Mexico,regular,False,35.0,3.0,10,-0.25976408313104316,-0.44852979638200824,7,8,7,42.0032,10.965264006822936,True,True,True,32.0,21.034735993177065
2022,11,401415257,62,328,Hawai'i,Utah State,regular,False,34.0,41.0,10,-0.45716832469525004,-0.27381322621403803,8,7,7,42.0032,-4.665000872526044,False,False,True,-7.0,2.3349991274739557
2022,11,401415258,36,2751,Colorado State,Wyoming,regular,False,13.0,14.0,10,-0.3280292366223285,-0.28521351237047765,7,8,7,42.0032,1.2381025711046576,True,False,False,-1.0,2.2381025711046574
2022,11,401415259,2439,278,UNLV,Fresno State,regular,False,30.0,37.0,10,-0.15437331006249494,-0.19051415081904158,7,7,7,42.0032,4.55453096246538,True,False,False,-7.0,11.55453096246538
2022,11,401415260,21,23,San Diego State,San José State,regular,False,43.0,27.0,10,-0.186956422349365,-0.05884802884336145,7,6,6,42.0032,-2.344462474111369,False,True,False,16.0,18.344462474111367
2022,11,401415653,235,202,Memphis,Tulsa,regular,False,26.0,10.0,10,0.022543967050563253,-0.15414951504721092,9,8,8,54.4874,12.66406843645426,True,True,True,16.0,3.3359315635457403
2022,11,401415654,2132,151,Cincinnati,East Carolina,regular,False,27.0,25.0,10,-0.07320774306821323,0.11643465181433839,7,6,6,42.0032,-4.929087440730792,False,True,False,2.0,6.929087440730792
2022,11,401415655,248,218,Houston,Temple,regular,False,43.0,36.0,10,0.007850856866199532,-0.3189924623233913,9,7,7,42.0032,16.764965304584223,True,True,True,7.0,9.764965304584223
2022,11,401415656,58,2567,South Florida,SMU,regular,False,23.0,41.0,10,-0.235719108986478,-0.08166580106762292,7,8,7,42.0032,-3.4342319031772535,False,False,True,-18.0,14.565768096822747
2022,11,401415657,2655,2116,Tulane,UCF,regular,False,31.0,38.0,10,0.004166513443724124,0.12883988092084625,7,8,7,42.0032,-2.200180388815056,False,False,True,-7.0,4.799819611184944
2022,11,401416636,2649,2050,Toledo,Ball State,regular,False,28.0,21.0,10,-0.02454486844386311,-0.2703281588383847,7,8,7,42.0032,13.360184703099169,True,True,True,7.0,6.3601847030991685
2022,11,401416637,2006,2199,Akron,Eastern Michigan,regular,False,28.0,34.0,10,-0.3254095165691205,-0.3825486616510161,7,7,7,42.0032,5.436526938703878,True,False,False,-6.0,11.436526938703878
2022,11,401416638,193,195,Miami (OH),Ohio,regular,False,21.0,37.0,10,-0.2962270676206113,-0.19407818714491865,6,8,6,42.0032,-1.2540798563966131,False,False,True,-16.0,14.745920143603387
2022,11,401416639,2711,2459,Western Michigan,Northern Illinois,regular,False,21.0,24.0,10,-0.3893305781460717,-0.2290409558458894,8,8,8,54.4874,-5.697264766118952,False,False,True,-3.0,2.697264766118952
2022,11,401416640,2117,2084,Central Michigan,Buffalo,regular,False,31.0,27.0,10,-0.031632028939093816,-0.14051070430086401,7,7,7,42.0032,7.6097527769555064,True,True,True,4.0,3.6097527769555064
2022,11,401416641,189,2309,Bowling Green,Kent State,regular,False,6.0,40.0,10,-0.16532601433760488,-0.16190728611238592,7,7,7,42.0032,2.8929024746104828,True,False,False,-34.0,36.89290247461048
2022,11,401426370,309,290,Louisiana,Georgia Southern,regular,False,36.0,17.0,10,0.0633971714108557,-0.0767461883499427,8,7,7,42.0032,8.922969568704767,True,True,True,19.0,10.077030431295233
2022,11,401426371,324,2572,Coastal Carolina,Southern Miss,regular,False,26.0,23.0,10,0.04183790685310468,-0.04578790729292363,7,8,7,42.0032,6.717064596738457,True,True,True,3.0,3.7170645967384566
2022,11,401426372,2247,2433,Georgia State,UL Monroe,regular,False,28.0,31.0,10,-0.029402706180818354,-0.07223560553966332,8,8,8,54.4874,5.37035332052513,True,False,False,-3.0,8.37035332052513
2022,11,401426373,276,2026,Marshall,App State,regular,False,28.0,21.0,10,0.19688445874873003,0.13773347599247962,5,7,5,26.0576,4.577832648269271,True,True,True,7.0,2.422167351730729
2022,11,401426374,295,256,Old Dominion,James Madison,regular,False,3.0,37.0,10,-0.07681500295601333,0.03408414122354922,9,7,7,42.0032,-1.6216189328030017,False,False,True,-34.0,32.378381067197
2022,11,401426375,6,326,South Alabama,Texas State,regular,False,38.0,21.0,10,0.19840190718754555,-0.06737511322044842,8,7,7,42.0032,14.199985343601053,True,True,True,17.0,2.8000146563989468
2022,11,401426603,2393,2429,Middle Tennessee,Charlotte,regular,False,24.0,14.0,10,-0.2218468652193749,-0.3235667407305374,8,8,8,54.4874,8.578951544926916,True,True,True,10.0,1.421048455073084
2022,11,401426604,2229,2226,Florida International,Florida Atlantic,regular,False,7.0,52.0,10,-0.4048075051244747,-0.1549102651940232,8,6,6,42.0032,-7.45998374824674,False,False,True,-45.0,37.54001625175326
2022,11,401426605,2636,2348,UTSA,Louisiana Tech,regular,False,51.0,7.0,10,-0.06624761944438215,-0.18532595787781475,7,8,7,42.0032,8.038171264887158,True,True,True,44.0,35.961828735112846
2022,11,401426606,5,249,UAB,North Texas,regular,False,41.0,21.0,10,-0.026058739294389812,-0.21148437789902774,7,8,7,42.0032,10.824970183438328,True,True,True,20.0,9.175029816561672
2022,11,401426607,98,242,Western Kentucky,Rice,regular,False,45.0,10.0,10,0.06889684403778663,-0.23602510801076315,8,7,7,42.0032,15.844197736285645,True,True,True,35.0,19.155802263714357
2022,12,401403947,8,145,Arkansas,Ole Miss,regular,False,42.0,27.0,11,0.10839166848807295,0.18671463784628375,9,9,9,54.4874,-1.2311149606085747,False,True,False,15.0,16.231114960608576
2022,12,401403949,96,61,Kentucky,Georgia,regular,False,6.0,16.0,11,0.12102841381548375,0.5381199840705783,9,8,8,54.4874,-19.68973522511744,False,False,True,-10.0,9.689735225117438
2022,12,401403952,142,166,Missouri,New Mexico State,regular,False,45.0,14.0,11,0.10212460662915385,-0.46770419771262195,9,8,8,54.4874,34.084989993692076,True,True,True,31.0,3.0849899936920764
2022,12,401403953,2579,2633,South Carolina,Tennessee,regular,False,63.0,38.0,11,-0.0066536772432523525,0.3875242992677892,9,9,9,54.4874,-18.441233077347725,False,True,False,25.0,43.441233077347725
2022,12,401403954,245,113,Texas A&M,Massachusetts,regular,False,20.0,3.0,11,0.08616504094064463,-0.3921969011455213,8,8,8,54.4874,29.101198483225758,True,True,True,17.0,12.101198483225758
2022,12,401403955,238,57,Vanderbilt,Florida,regular,False,31.0,24.0,11,-0.10270647152345491,0.22067548448546118,9,9,9,54.4874,-14.583741989840213,False,True,False,7.0,21.583741989840213
2022,12,401404039,12,265,Arizona,Washington State,regular,False,20.0,31.0,11,0.04588961485493866,0.18361996055016352,8,8,8,54.4874,-4.468068438033995,False,False,True,-11.0,6.531931561966005
2022,12,401404040,9,204,Arizona State,Oregon State,regular,False,7.0,31.0,11,0.1378564806079556,0.09574296557832389,8,8,8,54.4874,5.331155938825555,True,False,False,-24.0,29.331155938825553
2022,12,401404041,25,24,California,Stanford,regular,False,27.0,20.0,11,0.07343997261454603,0.0759881726907404,8,8,8,54.4874,2.897655203168367,True,True,True,7.0,4.102344796831633
2022,12,401404042,264,38,Washington,Colorado,regular,False,54.0,7.0,11,0.11681832744986848,-0.04290439270023703,8,9,8,54.4874,11.739375741906859,True,True,True,47.0,35.260624258093145
2022,12,401404043,2483,254,Oregon,Utah,regular,False,20.0,17.0,11,0.2859776071754469,0.3466947841157746,8,8,8,54.4874,-0.27182110681841065,False,True,False,3.0,3.2718211068184107
2022,12,401404044,26,30,UCLA,USC,regular,False,45.0,48.0,11,0.3195477957521251,0.23822921351158072,8,10,8,54.4874,7.467338117973439,True,False,False,-3.0,10.467338117973439
2022,12,401404114,239,2628,Baylor,TCU,regular,False,28.0,29.0,11,0.33333265484156654,0.3091393151923235,8,8,8,54.4874,4.354732174804164,True,False,False,-1.0,5.354732174804164
2022,12,401404115,66,2641,Iowa State,Texas Tech,regular,False,10.0,14.0,11,0.2447989527196866,0.1990138534861794,9,8,8,54.4874,5.531211015975801,True,False,False,-4.0,9.531211015975801
2022,12,401404116,2305,251,Kansas,Texas,regular,False,14.0,55.0,11,0.30161208651667615,0.3206625188621013,7,8,7,42.0032,2.236320880108639,True,False,False,-41.0,43.236320880108636
2022,12,401404117,277,2306,West Virginia,Kansas State,regular,False,31.0,48.0,11,0.04099078277095622,0.3648001946804898,9,8,8,54.4874,-14.607032950479521,False,False,True,-17.0,2.392967049520479
2022,12,401404118,201,197,Oklahoma,Oklahoma State,regular,False,28.0,13.0,11,0.06546913480910733,0.07503121379913724,9,9,9,54.4874,2.5154871772386445,True,True,True,15.0,12.484512822761356
2022,12,401404132,87,103,Notre Dame,Boston College,regular,False,44.0,0.0,11,0.07607300567146412,0.1386565441926421,10,8,8,54.4874,-0.3735142968188323,False,True,False,44.0,44.37351429681883
2022,12,401404143,349,41,Army,UConn,regular,False,34.0,17.0,11,-0.006811396258861282,-0.17400340898601582,7,9,7,42.0032,10.059099548981218,True,True,True,17.0,6.940900451018782
2022,12,401404165,2335,259,Liberty,Virginia Tech,regular,False,22.0,23.0,11,0.05527733984576488,-0.07838008963118602,9,9,9,54.4874,10.319145822882415,True,False,False,-1.0,11.319145822882415
2022,12,401405141,135,2294,Minnesota,Iowa,regular,False,10.0,13.0,11,0.18794115082201776,0.10367540665125363,9,9,9,54.4874,7.627921308930094,True,False,False,-3.0,10.627921308930095
2022,12,401405142,158,275,Nebraska,Wisconsin,regular,False,14.0,15.0,11,-0.0700929623874086,0.16632806758228766,9,8,8,54.4874,-9.845467228370829,False,False,True,-1.0,8.845467228370829
2022,12,401405143,2509,77,Purdue,Northwestern,regular,False,17.0,9.0,11,0.08356455803912313,-0.03408720035364676,8,9,8,54.4874,9.44703842025021,True,True,True,8.0,1.4470384202502107
2022,12,401405144,120,194,Maryland,Ohio State,regular,False,30.0,43.0,11,0.17121265012643755,0.5551179579620346,9,10,9,54.4874,-17.881502070161307,False,False,True,-13.0,4.881502070161307
2022,12,401405145,130,356,Michigan,Illinois,regular,False,19.0,17.0,11,0.3956899185721491,0.22646334791772338,10,9,9,54.4874,12.257215845875955,True,True,True,2.0,10.257215845875955
2022,12,401405146,127,84,Michigan State,Indiana,regular,False,31.0,39.0,11,0.026502255171497235,-0.05249475144282823,10,9,9,54.4874,7.340841498197397,True,False,False,-8.0,15.340841498197397
2022,12,401405147,164,213,Rutgers,Penn State,regular,False,10.0,55.0,11,-0.059655801018347596,0.24823679229210535,9,10,9,54.4874,-13.739766888743972,False,False,True,-45.0,31.260233111256028
2022,12,401411165,228,2390,Clemson,Miami,regular,False,40.0,10.0,11,0.29536100510951635,0.06862804166778358,9,9,9,54.4874,15.390589672235071,True,True,True,30.0,14.609410327764929
2022,12,401411166,52,309,Florida State,Louisiana,regular,False,49.0,17.0,11,0.3417947870690603,0.05490012970417554,8,9,8,54.4874,18.668643953703423,True,True,True,32.0,13.331356046296577
2022,12,401411167,97,152,Louisville,NC State,regular,False,25.0,10.0,11,0.19020238969108827,0.08971451043471008,10,9,9,54.4874,8.51182327219398,True,True,True,15.0,6.488176727806019
2022,12,401411168,153,59,North Carolina,Georgia Tech,regular,False,17.0,21.0,11,0.12283141699772154,0.04063795556343597,8,9,8,54.4874,7.515008010554492,True,False,False,-4.0,11.515008010554492
2022,12,401411169,221,150,Pittsburgh,Duke,regular,False,28.0,26.0,11,0.19321265585294978,0.16871305534272624,9,9,9,54.4874,4.371419532840754,True,True,True,2.0,2.371419532840754
2022,12,401411170,258,324,Virginia Cavaliers,Coastal Carolina Chanticleers,regular,False,0.0,0.0,11,0.022605313373262187,0.051734537710567505,9,7,7,42.0032,1.8129793643152974,True,False,False,0.0,1.8129793643152974
2022,12,401411171,154,183,Wake Forest,Syracuse,regular,False,45.0,35.0,11,0.1548130183227769,0.17777723741374346,8,7,7,42.0032,2.0719293126783143,True,True,True,10.0,7.928070687321686
2022,12,401415261,2751,68,Wyoming,Boise State,regular,False,17.0,20.0,11,-0.2766451486936398,-0.04771014000474982,8,6,6,42.0032,-6.579502956961184,False,False,True,-3.0,3.579502956961184
2022,12,401415262,2005,36,Air Force,Colorado State,regular,False,24.0,12.0,11,-0.17471201859612334,-0.30102894808766595,8,8,8,54.4874,9.91918106397748,True,True,True,12.0,2.0808189360225207
2022,12,401415263,2440,278,Nevada,Fresno State,regular,False,14.0,41.0,11,-0.3534996149792955,-0.17613647502564134,7,9,7,42.0032,-4.4133194401013265,False,False,True,-27.0,22.586680559898674
2022,12,401415264,167,21,New Mexico,San Diego State,regular,False,10.0,34.0,11,-0.47037477846794623,-0.1723481147183208,9,7,7,42.0032,-9.481573562808267,False,False,True,-24.0,14.518426437191733
2022,12,401415265,328,23,Utah State,San José State,regular,False,35.0,31.0,11,-0.25375251727062464,-0.09926417358670757,7,7,7,42.0032,-3.4525047974243046,False,True,False,4.0,7.452504797424305
2022,12,401415266,62,2439,Hawai'i,UNLV,regular,False,31.0,25.0,11,-0.4612167716487916,-0.14963269547154875,9,8,8,54.4874,-13.940906192299902,False,True,False,6.0,19.940906192299902
2022,12,401415658,2655,2567,Tulane,SMU,regular,False,59.0,24.0,11,0.005633052513206043,-0.09639751957960864,8,9,8,54.4874,8.595880593850032,True,True,True,35.0,26.404119406149967
2022,12,401415659,202,58,Tulsa,South Florida,regular,False,48.0,42.0,11,-0.15124618107612448,-0.23963832869434842,9,8,8,54.4874,7.852758304133216,True,True,True,6.0,1.852758304133216
2022,12,401415660,151,248,East Carolina,Houston,regular,False,3.0,42.0,11,0.15482916213386488,-0.022606795185172515,7,10,7,42.0032,10.489378002462992,True,False,False,-39.0,49.48937800246299
2022,12,401415661,2116,2426,UCF,Navy,regular,False,14.0,17.0,11,0.12648100908391788,-0.12393942238663351,9,7,7,42.0032,13.554959467143863,True,False,False,-3.0,16.554959467143863
2022,12,401415663,218,2132,Temple,Cincinnati,regular,False,3.0,23.0,11,-0.2695895575510095,-0.058131754420341644,8,8,8,54.4874,-8.485285902301952,False,False,True,-20.0,11.514714097698048
2022,12,401416642,2649,189,Toledo,Bowling Green,regular,False,35.0,42.0,11,0.011571844085065383,-0.22652958838309598,8,8,8,54.4874,16.010027991465694,True,False,False,-7.0,23.010027991465694
2022,12,401416643,2050,195,Ball State,Ohio,regular,False,18.0,32.0,11,-0.23642438561462611,-0.17063268903062362,9,9,9,54.4874,-0.5483184884511774,False,False,True,-14.0,13.451681511548824
2022,12,401416644,2309,2199,Kent State,Eastern Michigan,regular,False,24.0,31.0,11,-0.13395007147014334,-0.3694088114426691,8,7,7,42.0032,12.926520546813995,True,False,False,-7.0,19.926520546813997
2022,12,401416645,2117,2711,Central Michigan,Western Michigan,regular,False,10.0,12.0,11,0.0005249509785242995,-0.41416228056929316,8,9,8,54.4874,25.63172906023855,True,False,False,-2.0,27.63172906023855
2022,12,401416646,2459,193,Northern Illinois,Miami (OH),regular,False,23.0,29.0,11,-0.2019588046940202,-0.32171751188948655,9,7,7,42.0032,8.066748930072613,True,False,False,-6.0,14.066748930072613
2022,12,401416647,2084,2006,Buffalo Bulls,Akron Zips,regular,False,0.0,0.0,11,-0.17230176471179068,-0.33453005216210985,8,7,7,42.0032,9.850607203433245,True,False,False,0.0,9.850607203433245
2022,12,401426376,2026,295,App State,Old Dominion,regular,False,27.0,14.0,11,0.1346805533219044,-0.09195378341272036,8,10,8,54.4874,15.385215759394193,True,True,True,13.0,2.3852157593941925
2022,12,401426377,290,276,Georgia Southern,Marshall,regular,False,10.0,23.0,11,-0.05737251640727953,0.178573831863332,8,6,6,42.0032,-6.87400165568015,False,False,True,-13.0,6.12599834431985
2022,12,401426378,256,2247,James Madison,Georgia State,regular,False,42.0,40.0,11,0.05539505243588458,-0.03062395701289189,8,9,8,54.4874,7.723452175439263,True,True,True,2.0,5.723452175439263
2022,12,401426379,2572,6,Southern Miss,South Alabama,regular,False,20.0,27.0,11,-0.05537285463115857,0.22126070630046746,8,9,8,54.4874,-12.036543487905881,False,False,True,-7.0,5.036543487905881
2022,12,401426380,326,2032,Texas State,Arkansas State,regular,False,16.0,13.0,11,-0.05315195922801146,-0.17153890888411294,8,9,8,54.4874,9.487097080691864,True,True,True,3.0,6.487097080691864
2022,12,401426381,2653,2433,Troy,UL Monroe,regular,False,34.0,16.0,11,0.10861973373499956,-0.0656938565941957,9,9,9,54.4874,12.534394321702994,True,True,True,18.0,5.465605678297006
2022,12,401426608,2429,2348,Charlotte,Louisiana Tech,regular,False,26.0,21.0,11,-0.30736197917921904,-0.2231392528004969,9,9,9,54.4874,-1.5525773812879846,False,True,False,5.0,6.552577381287985
2022,12,401426609,2638,2229,UTEP,Florida International,regular,False,40.0,6.0,11,-0.3437846012361745,-0.3826667024689311,10,8,8,54.4874,5.155084602709701,True,True,True,34.0,28.8449153972903
2022,12,401426610,2393,2226,Middle Tennessee,Florida Atlantic,regular,False,49.0,21.0,11,-0.21575060323368692,-0.11723815319854249,9,6,6,42.0032,-1.1013381413161785,False,True,False,28.0,29.101338141316177
2022,12,401426611,242,2636,Rice,UTSA,regular,False,7.0,41.0,11,-0.2369816185667134,0.002600874794171648,8,8,8,54.4874,-10.017727148751888,False,False,True,-34.0,23.982272851248112
2022,12,401426612,99,5,LSU,UAB,regular,False,41.0,10.0,11,0.3756290894149209,-0.0055228873022304115,9,8,8,54.4874,23.80448021617811,True,True,True,31.0,7.19551978382189
2022,12,401426613,2,98,Auburn,Western Kentucky,regular,False,41.0,17.0,11,0.12829379240843525,0.09029653408036414,8,9,8,54.4874,5.106871813424942,True,True,True,24.0,18.89312818657506
2022,13,401403956,145,344,Ole Miss,Mississippi State,regular,False,22.0,24.0,12,0.19814322090285755,0.17966478522264973,9,10,9,54.4874,4.043341916281756,True,False,False,-2.0,6.043341916281756
2022,13,401403957,333,2,Alabama,Auburn,regular,False,49.0,27.0,12,0.3947400750483086,0.13591922565114814,10,10,10,54.4874,17.138975149442842,True,True,True,22.0,4.861024850557158
2022,13,401403958,52,57,Florida State,Florida,regular,False,45.0,38.0,12,0.3686382842086173,0.2111718470848967,10,10,10,54.4874,11.616436746135014,True,True,True,7.0,4.6164367461350135
2022,13,401403959,61,59,Georgia,Georgia Tech,regular,False,37.0,14.0,12,0.5393542199822311,0.0739988145323752,10,10,10,54.4874,28.39250611890848,True,True,True,23.0,5.392506118908479
2022,13,401403960,96,97,Kentucky,Louisville,regular,False,26.0,13.0,12,0.18449629702609177,0.19752115502730355,10,11,10,54.4874,2.3268093521447732,True,True,True,13.0,10.673190647855227
2022,13,401403961,142,8,Missouri,Arkansas,regular,False,29.0,27.0,12,0.11673830954866703,0.08985580856649716,9,9,9,54.4874,4.501257584015883,True,True,True,2.0,2.5012575840158826
2022,13,401403962,228,2579,Clemson,South Carolina,regular,False,30.0,31.0,12,0.321432484870674,0.010328811169592333,10,9,9,54.4874,19.987730310420318,True,False,False,-1.0,20.987730310420318
2022,13,401403963,245,99,Texas A&M,LSU,regular,False,38.0,23.0,12,0.03658948481139668,0.36635241772921745,10,9,9,54.4874,-14.931424831066469,False,True,False,15.0,29.93142483106647
2022,13,401403964,238,2633,Vanderbilt,Tennessee,regular,False,0.0,56.0,12,-0.08753467942090465,0.3940013299553543,10,9,9,54.4874,-23.20114515728797,False,False,True,-56.0,32.79885484271203
2022,13,401404045,12,9,Arizona,Arizona State,regular,False,38.0,35.0,12,0.10239320469121557,0.1037002053555968,10,9,9,54.4874,2.9652849319995944,True,True,True,3.0,0.03471506800040558
2022,13,401404046,25,26,California,UCLA,regular,False,28.0,35.0,12,0.03465500941747464,0.2657171145554735,10,9,9,54.4874,-9.5534733474962,False,False,True,-7.0,2.5534733474961993
2022,13,401404047,204,2483,Oregon State,Oregon,regular,False,38.0,34.0,12,0.15728871865313016,0.27667356044409686,10,9,9,54.4874,-3.4684696286011185,False,True,False,4.0,7.4684696286011185
2022,13,401404048,38,254,Colorado,Utah,regular,False,21.0,63.0,12,-0.04792478016370961,0.3697539905096408,9,9,9,54.4874,-19.721730249187114,False,False,True,-42.0,22.278269750812886
2022,13,401404049,24,252,Stanford,BYU,regular,False,26.0,35.0,12,0.02619873462842933,0.017763643009866506,10,9,9,54.4874,3.4961062110572803,True,False,False,-9.0,12.496106211057281
2022,13,401404051,265,264,Washington State,Washington,regular,False,33.0,51.0,12,0.17578491736312166,0.1489140255093771,9,9,9,54.4874,4.500625032791721,True,False,False,-18.0,22.50062503279172
2022,13,401404119,251,239,Texas,Baylor,regular,False,38.0,27.0,12,0.29159623072961527,0.2879882517507062,10,10,10,54.4874,3.2330893938154106,True,True,True,11.0,7.76691060618459
2022,13,401404120,2628,66,TCU,Iowa State,regular,False,62.0,14.0,12,0.3317405115311235,0.24260413062126523,10,9,9,54.4874,7.893309641187812,True,True,True,48.0,40.10669035881219
2022,13,401404121,2306,2305,Kansas State,Kansas,regular,False,47.0,27.0,12,0.3477125975730243,0.29305542223289904,10,9,9,54.4874,6.0146273756275415,True,True,True,20.0,13.98537262437246
2022,13,401404122,2641,201,Texas Tech,Oklahoma,regular,False,51.0,48.0,12,0.17625603096914141,0.06968885556832631,9,9,9,54.4874,8.843068312934374,True,True,True,3.0,5.843068312934374
2022,13,401404123,197,277,Oklahoma State,West Virginia,regular,False,19.0,24.0,12,0.06225452981312403,0.07764029755394253,9,10,9,54.4874,2.1981695187989265,True,False,False,-5.0,7.1981695187989265
2022,13,401404133,30,87,USC,Notre Dame,regular,False,38.0,27.0,12,0.25422198607128643,0.12379437714942304,10,11,10,54.4874,10.14316129836914,True,True,True,11.0,0.8568387016308598
2022,13,401404144,113,349,Massachusetts,Army,regular,False,7.0,44.0,12,-0.3979499231647617,-0.01856524159221492,9,8,8,54.4874,-17.635184898715988,False,False,True,-37.0,19.364815101284012
2022,13,401404166,2335,166,Liberty,New Mexico State,regular,False,14.0,49.0,12,0.02473664499775599,-0.480646925879824,10,8,8,54.4874,30.573536779835052,True,False,False,-35.0,65.57353677983505
2022,13,401405148,2294,158,Iowa,Nebraska,regular,False,17.0,24.0,12,0.07880105084970723,-0.06381914396833582,10,10,10,54.4874,10.80750360312864,True,False,False,-7.0,17.807503603128637
2022,13,401405149,77,356,Northwestern,Illinois,regular,False,3.0,41.0,12,-0.039924478686062775,0.25395279079000393,10,10,10,54.4874,-12.976108332850238,False,False,True,-38.0,25.023891667149762
2022,13,401405150,275,135,Wisconsin,Minnesota,regular,False,16.0,23.0,12,0.13899586366264044,0.19630990956309882,9,10,9,54.4874,-0.08639334459663583,False,False,True,-7.0,6.913606655403364
2022,13,401405151,84,2509,Indiana,Purdue,regular,False,16.0,30.0,12,-0.05647918232790374,0.05814040729895848,10,9,9,54.4874,-3.2088234278346928,False,False,True,-14.0,10.791176572165307
2022,13,401405152,120,164,Maryland,Rutgers,regular,False,37.0,0.0,12,0.19491449940607372,-0.08167695515913967,10,9,9,54.4874,18.107249221476607,True,True,True,37.0,18.892750778523393
2022,13,401405153,194,130,Ohio State,Michigan,regular,False,23.0,45.0,12,0.48795596699894317,0.37915152171177546,11,11,11,54.4874,8.964971332140022,True,False,False,-22.0,30.964971332140024
2022,13,401405154,213,127,Penn State,Michigan State,regular,False,35.0,16.0,12,0.23827834506703088,0.006237603429448034,10,11,10,54.4874,15.679796705903632,True,True,True,19.0,3.320203294096368
2022,13,401411172,153,152,North Carolina,NC State,regular,False,27.0,30.0,12,0.12659105862102868,0.07007800623193716,10,10,10,54.4874,6.115749290745385,True,False,False,-3.0,9.115749290745384
2022,13,401411173,103,183,Boston College,Syracuse,regular,False,23.0,32.0,12,0.07741530312860864,0.1145458497910459,9,8,8,54.4874,1.0133530517851161,True,False,False,-9.0,10.013353051785117
2022,13,401411174,150,154,Duke,Wake Forest,regular,False,34.0,31.0,12,0.1924738867981977,0.15298493325364382,10,9,9,54.4874,5.188150407363526,True,True,True,3.0,2.1881504073635263
2022,13,401411175,2390,221,Miami,Pittsburgh,regular,False,16.0,42.0,12,0.05231433046707034,0.17851320482195474,10,10,10,54.4874,-3.8397485465243273,False,False,True,-26.0,22.160251453475674
2022,13,401411176,259,258,Virginia Tech Hokies,Virginia Cavaliers,regular,False,0.0,0.0,12,-0.06042307582501104,0.02123248641948669,10,9,9,54.4874,-1.4126992822408457,False,False,True,0.0,1.4126992822408457
2022,13,401415267,21,2005,San Diego State,Air Force,regular,False,3.0,13.0,12,-0.1041530414770572,-0.1383064490500843,9,8,8,54.4874,4.897430379794557,True,False,False,-10.0,14.897430379794557
2022,13,401415268,36,167,Colorado State,New Mexico,regular,False,17.0,0.0,12,-0.29650969304483465,-0.454352017439351,9,10,9,54.4874,11.63691786621377,True,True,True,17.0,5.36308213378623
2022,13,401415269,68,328,Boise State,Utah State,regular,False,42.0,23.0,12,0.0031056323181305606,-0.3002353397118984,7,8,7,42.0032,15.777791516371712,True,True,True,19.0,3.222208483628288
2022,13,401415270,278,2751,Fresno State,Wyoming,regular,False,30.0,0.0,12,-0.15411002027112108,-0.2819660162280436,9,9,9,54.4874,10.003040794103221,True,True,True,30.0,19.99695920589678
2022,13,401415271,23,62,San José State,Hawai'i,regular,False,27.0,14.0,12,-0.09354884468127055,-0.41647253123019956,8,10,8,54.4874,20.631772078466113,True,True,True,13.0,7.631772078466113
2022,13,401415272,2439,2440,UNLV,Nevada,regular,False,27.0,22.0,12,-0.1421257866293165,-0.3903015046622434,8,8,8,54.4874,16.558949618747302,True,True,True,5.0,11.558949618747302
2022,13,401415664,218,151,Temple,East Carolina,regular,False,46.0,49.0,12,-0.2792449568028935,0.06646118512330362,9,8,8,54.4874,-15.800128837589476,False,False,True,-3.0,12.800128837589476
2022,13,401415665,2132,2655,Cincinnati,Tulane,regular,False,24.0,27.0,12,-0.03131008689239048,0.03339924277393332,9,9,9,54.4874,-0.4893431292608521,False,False,True,-3.0,2.510656870739148
2022,13,401415666,2567,235,SMU,Memphis,regular,False,34.0,31.0,12,-0.09482909113025223,0.01528429270538767,10,10,10,54.4874,-2.963291990406045,False,True,False,3.0,5.963291990406045
2022,13,401415667,58,2116,South Florida,UCF,regular,False,39.0,46.0,12,-0.2748931517039155,0.0722728646025145,9,10,9,54.4874,-15.879673596894971,False,False,True,-7.0,8.879673596894971
2022,13,401415668,248,202,Houston,Tulsa,regular,False,30.0,37.0,12,0.049987040410712086,-0.14511455308545843,11,10,10,54.4874,13.66707856546324,True,False,False,-7.0,20.667078565463243
2022,13,401416648,193,2050,Miami (OH),Ball State,regular,False,18.0,17.0,12,-0.29229218867036233,-0.25532618618563563,8,10,8,54.4874,1.0223186362137024,True,True,True,1.0,0.022318636213702447
2022,13,401416649,195,189,Ohio,Bowling Green,regular,False,38.0,14.0,12,-0.1556881856167543,-0.21415208798480612,10,9,9,54.4874,6.222046033888987,True,True,True,24.0,17.777953966111014
2022,13,401416650,2199,2117,Eastern Michigan,Central Michigan,regular,False,38.0,19.0,12,-0.3653046450364149,-0.07047139646208943,8,9,8,54.4874,-13.028197148368701,False,True,False,19.0,32.028197148368704
2022,13,401416651,2711,2649,Western Michigan,Toledo,regular,False,20.0,14.0,12,-0.37969340693597853,-0.0339059179215515,10,9,9,54.4874,-15.80456122892469,False,True,False,6.0,21.80456122892469
2022,13,401416652,2459,2006,Northern Illinois,Akron,regular,False,12.0,44.0,12,-0.20860327662864034,-0.32581806073405717,10,7,7,42.0032,7.959896019736644,True,False,False,-32.0,39.95989601973665
2022,13,401416653,2084,2309,Buffalo,Kent State,regular,False,27.0,30.0,12,-0.1592592559310021,-0.1259551530731743,8,9,8,54.4874,1.221846025944393,True,False,False,-3.0,4.221846025944393
2022,13,401426382,290,2026,Georgia Southern,App State,regular,False,51.0,48.0,12,-0.04369625316852421,0.12496545206769955,9,9,9,54.4874,-6.153437797888218,False,True,False,3.0,9.153437797888218
2022,13,401426383,256,324,James Madison,Coastal Carolina,regular,False,47.0,7.0,12,0.10147496509371315,0.04596153458308981,9,8,8,54.4874,6.061282493604539,True,True,True,40.0,33.93871750639546
2022,13,401426384,2032,2653,Arkansas State,Troy,regular,False,19.0,48.0,12,-0.19847155683366272,0.08412185752706682,10,10,10,54.4874,-12.361280405638816,False,False,True,-29.0,16.638719594361184
2022,13,401426385,2433,2572,UL Monroe,Southern Miss,regular,False,10.0,20.0,12,-0.0808210421896699,-0.042077670335483985,10,10,10,54.4874,0.9254744004322304,True,False,False,-10.0,10.92547440043223
2022,13,401426386,326,309,Texas State,Louisiana,regular,False,13.0,41.0,12,-0.07147577185274286,0.03664401207503644,9,10,9,54.4874,-2.854665914786481,False,False,True,-28.0,25.14533408521352
2022,13,401426389,6,295,South Alabama,Old Dominion,regular,False,27.0,20.0,12,0.1789677571117953,-0.1091098841004507,10,11,10,54.4874,18.733101667788134,True,True,True,7.0,11.733101667788134
2022,13,401426390,276,2247,Marshall,Georgia State,regular,False,28.0,23.0,12,0.15442200876169315,-0.05908992248062444,7,10,7,42.0032,12.004684350357314,True,True,True,5.0,7.004684350357314
2022,13,401426614,2229,2393,Florida International,Middle Tennessee,regular,False,28.0,33.0,12,-0.5120137405390129,-0.16117576231779743,10,10,10,54.4874,-16.07974925453066,False,False,True,-5.0,11.079749254530661
2022,13,401426615,2226,98,Florida Atlantic,Western Kentucky,regular,False,31.0,32.0,12,-0.14088173792462566,0.07048681753064366,8,10,8,54.4874,-8.480423028513442,False,False,True,-1.0,7.480423028513442
2022,13,401426616,2348,5,Louisiana Tech,UAB,regular,False,27.0,37.0,12,-0.2558458189445685,0.007533723817157887,10,8,8,54.4874,-11.31436649827529,False,False,True,-10.0,1.3143664982752892
2022,13,401426617,249,242,North Texas,Rice,regular,False,21.0,17.0,12,-0.21918219381297396,-0.22523021733370793,9,9,9,54.4874,3.3660410767836404,True,True,True,4.0,0.6339589232163596
2022,13,401426618,2636,2638,UTSA,UTEP,regular,False,34.0,31.0,12,0.0019334271474496373,-0.24629416851098246,9,11,9,54.4874,16.561776295679252,True,True,True,3.0,13.561776295679252
2022,14,401437008,2655,2116,Tulane,UCF,regular,False,45.0,28.0,13,0.030449649645292287,0.073463034608766,10,10,10,54.4874,0.6928124881412221,True,True,True,17.0,16.30718751185878
2022,14,401437009,153,228,North Carolina,Clemson,regular,True,10.0,39.0,13,0.13051818447317584,0.2870170740572109,11,11,11,54.4874,-8.527217596321151,False,False,True,-29.0,20.47278240367885
2022,14,401437030,2628,2306,TCU,Kansas State,regular,True,28.0,31.0,13,0.35053770897867853,0.33736392895344247,11,10,10,54.4874,0.7178050217470473,True,False,False,-3.0,3.717805021747047
2022,14,401437031,130,2509,Michigan,Purdue,regular,True,43.0,22.0,13,0.41996723455754736,0.06298840576626023,12,10,10,54.4874,19.45084823588238,True,True,True,21.0,1.549151764117621
2022,14,401437032,2636,249,UTSA,North Texas,regular,False,48.0,27.0,13,-0.01645028174567749,-0.20711533674237798,10,10,10,54.4874,13.42534311762722,True,True,True,21.0,7.57465688237278
2022,14,401437033,195,2649,Ohio,Toledo,regular,True,7.0,17.0,13,-0.09516535554281955,-0.0745558006188975,11,10,10,54.4874,-1.1229610629617104,False,False,True,-10.0,8.87703893703829
2022,14,401437034,68,278,Boise State,Fresno State,regular,False,16.0,28.0,13,0.010059707147763074,-0.12401058140277121,9,11,9,54.4874,10.341641440368383,True,False,False,-12.0,22.341641440368385
2022,14,401437035,30,254,USC,Utah,regular,True,24.0,47.0,13,0.2686217531610355,0.3376883597389283,11,11,11,54.4874,-3.7632598192522773,False,False,True,-23.0,19.236740180747724
2022,14,401437036,61,99,Georgia,LSU,regular,True,50.0,30.0,13,0.5568814756577152,0.36134659265667324,11,10,10,54.4874,10.654187384030973,True,True,True,20.0,9.345812615969027
2022,14,401437037,2653,324,Troy,Coastal Carolina,regular,False,45.0,26.0,13,0.08976810495648742,0.006532224773334164,11,9,9,54.4874,7.571806697891545,True,True,True,19.0,11.428193302108454
2022,14,401506450,2084,2006,Buffalo,Akron,regular,False,23.0,22.0,13,-0.1821901593205303,-0.25675423897645455,9,8,8,54.4874,7.099302833844208,True,True,True,1.0,6.099302833844208
2022,15,401404145,349,2426,Army,Navy,regular,True,20.0,17.0,14,-0.008084931617233388,-0.10891106491338229,9,8,8,54.4874,5.493753855360583,True,True,True,3.0,2.493753855360583
2023,2,401520183,333,251,Alabama,Texas,regular,False,24.0,34.0,1,0.0,0.0,1,1,1,10.6201,3.0365,True,False,False,-10.0,13.0365
2023,2,401520186,25,2,California,Auburn,regular,False,10.0,14.0,1,0.32132722279840353,0.779826153594591,1,1,1,10.6201,-1.83280449494859,False,False,True,-4.0,2.16719550505141
2023,2,401520187,324,55,Coastal Carolina,Jacksonville State,regular,False,30.0,16.0,1,0.03024524510976627,-0.02032183130057426,1,1,1,10.6201,3.5735274081854578,True,True,True,14.0,10.426472591814543
2023,2,401520188,38,158,Colorado,Nebraska,regular,False,36.0,14.0,1,0.05481348258737018,-0.08668024304217756,1,1,1,10.6201,4.53917751555836,True,True,True,22.0,17.46082248444164
2023,2,401520189,2229,249,Florida International,North Texas,regular,False,46.0,39.0,1,-0.18952936921946528,-0.32132722279840265,1,1,1,10.6201,4.436206384793673,True,True,True,7.0,2.563793615206327
2023,2,401520198,2335,166,Liberty,New Mexico State,regular,False,33.0,17.0,1,0.03379447492147812,0.03985985541314921,1,1,1,10.6201,2.972085052640404,True,True,True,16.0,13.027914947359596
2023,2,401520201,2390,245,Miami,Texas A&M,regular,False,48.0,33.0,1,-1.8798201263349517,0.0,1,1,1,10.6201,-16.927377723689823,False,True,False,15.0,31.927377723689823
2023,2,401520207,77,2638,Northwestern,UTEP,regular,False,38.0,7.0,1,-0.07892137074069311,0.020321831300575924,1,1,1,10.6201,1.9825272700015188,True,True,True,31.0,29.01747272999848
2023,2,401520210,164,218,Rutgers,Temple,regular,False,36.0,7.0,1,0.07892137074069033,0.08494645270951838,1,1,1,10.6201,2.9725130269828495,True,True,True,29.0,26.02748697301715
2023,2,401520215,259,2509,Virginia Tech,Purdue,regular,False,17.0,24.0,1,0.03702485212576909,-0.1138235399165561,1,1,1,10.6201,4.638525008328698,True,False,False,-7.0,11.638525008328699
2023,2,401520217,265,275,Washington State,Wisconsin,regular,False,31.0,22.0,1,-0.04932941342046068,0.07177725610187288,1,1,1,10.6201,1.7503350590058655,True,True,True,9.0,7.249664940994134
2023,2,401523999,239,254,Baylor,Utah,regular,False,13.0,20.0,1,-0.12060243658195238,-0.1676974484870793,1,1,1,10.6201,3.5366537359336387,True,False,False,-7.0,10.536653735933639
2023,2,401524001,21,26,San Diego State,UCLA,regular,False,10.0,35.0,1,0.036607024258390644,-0.030245245109765256,1,1,1,10.6201,3.7464777859167526,True,False,False,-25.0,28.746477785916753
2023,2,401524003,30,24,USC,Stanford,regular,False,56.0,10.0,1,-0.16031826049432346,-0.34229016123709655,2,1,1,10.6201,4.9690597830783245,True,True,True,46.0,41.03094021692168
2023,2,401525436,152,87,NC State,Notre Dame,regular,False,24.0,45.0,1,-0.04609644812890781,0.0,1,1,1,10.6201,2.5469511112261864,True,False,False,-21.0,23.546951111226186
2023,2,401525827,68,2116,Boise State,UCF,regular,False,16.0,18.0,1,-0.4844217247286774,0.0,1,1,1,10.6201,-2.108107158791027,False,False,True,-2.0,0.10810715879102695
2023,2,401525830,201,2567,Oklahoma,SMU,regular,False,28.0,11.0,1,0.0,0.4733056850572295,1,1,1,10.6201,-1.9900537058762833,False,True,False,17.0,18.990053705876285
2023,2,401525831,242,248,Rice,Houston,regular,False,43.0,41.0,1,0.0,-0.10341019387941974,1,1,1,10.6201,4.134726600018826,True,True,True,2.0,2.1347266000188263
2023,2,401526833,113,193,Massachusetts,Miami (OH),regular,False,28.0,41.0,1,-0.039859855413148876,1.8798201263349308,2,1,1,10.6201,-17.35069337416278,False,False,True,-13.0,4.3506933741627805
2023,2,401531395,2636,326,UTSA,Texas State,regular,False,20.0,13.0,1,0.10341019387942016,0.12060243658195434,1,1,1,10.6201,2.8539166632748167,True,True,True,7.0,4.146083336725184
2023,3,401520219,12,2638,Arizona,UTEP,regular,False,31.0,10.0,2,0.039704734772581574,-0.08459396425291914,1,2,1,10.6201,4.35656461352072,True,True,True,21.0,16.64343538647928
2023,3,401520220,8,252,Arkansas,BYU,regular,False,31.0,38.0,2,0.0,-0.7481594940859989,1,1,1,10.6201,10.982028643142717,True,False,False,-7.0,17.98202864314272
2023,3,401520222,2084,2335,Buffalo,Liberty,regular,False,27.0,55.0,2,-0.26329760987089473,-0.4256555774021418,1,2,1,10.6201,4.760757850978598,True,False,False,-28.0,32.7607578509786
2023,3,401520223,150,77,Duke,Northwestern,regular,False,38.0,14.0,2,0.22762979544490247,0.3848912027285535,1,2,1,10.6201,1.366368128506898,True,True,True,24.0,22.6336318714931
2023,3,401520224,57,2633,Florida,Tennessee,regular,False,29.0,16.0,2,-0.126997871631865,0.4092893113300822,1,1,1,10.6201,-2.6589235117741747,False,True,False,13.0,15.658923511774175
2023,3,401520225,61,2579,Georgia,South Carolina,regular,False,24.0,14.0,2,0.059453504301662685,-0.16273348322614417,1,1,1,10.6201,5.396148026244061,True,True,True,10.0,4.603851973755939
2023,3,401520227,2294,2711,Iowa,Western Michigan,regular,False,41.0,10.0,2,-0.16065678273389827,0.0,2,1,1,10.6201,1.330308901687727,True,True,True,31.0,29.669691098312274
2023,3,401520228,96,2006,Kentucky,Akron,regular,False,35.0,3.0,2,0.07928720755806087,-0.21833977176606664,1,1,1,10.6201,6.197328283120167,True,True,True,32.0,25.802671716879832
2023,3,401520229,2348,249,Louisiana Tech,North Texas,regular,False,37.0,40.0,2,0.13917357343462683,-0.33094129928004407,2,2,2,10.6201,8.029166959717077,True,False,False,-3.0,11.029166959717077
2023,3,401520231,120,258,Maryland,Virginia,regular,False,42.0,14.0,2,0.14208626955039838,-0.0071758362574318585,1,2,1,10.6201,4.621678489889738,True,True,True,28.0,23.37832151011026
2023,3,401520232,130,189,Michigan,Bowling Green,regular,False,31.0,6.0,2,0.2692182968755654,-0.6128036247903647,2,1,1,10.6201,12.403661010284345,True,True,True,25.0,12.596338989715655
2023,3,401520233,127,264,Michigan State,Washington,regular,False,7.0,41.0,2,0.25667495383190936,0.5423767256672813,1,2,1,10.6201,0.0023186129311660864,True,False,False,-34.0,34.00231861293116
2023,3,401520235,344,99,Mississippi State,LSU,regular,False,14.0,41.0,2,-0.03970473477258235,-0.20393541555397907,1,1,1,10.6201,4.780646252966512,True,False,False,-27.0,31.780646252966513
2023,3,401520236,142,2306,Missouri,Kansas State,regular,False,30.0,27.0,2,-0.05358822200139547,-0.35606919489283695,1,1,1,10.6201,6.2488781802043984,True,True,True,3.0,3.2488781802043984
2023,3,401520237,158,2459,Nebraska,Northern Illinois,regular,False,35.0,11.0,2,-0.2031053882312855,0.06355177514655617,2,1,1,10.6201,0.20457425921098338,True,True,True,24.0,23.795425740789018
2023,3,401520238,167,166,New Mexico,New Mexico State,regular,False,17.0,27.0,2,0.33823181080974696,-0.32232262029278247,1,2,1,10.6201,10.051654113751972,True,False,False,-10.0,20.051654113751972
2023,3,401520239,153,135,North Carolina,Minnesota,regular,False,31.0,13.0,2,0.11121268087949007,-0.4055089494584201,2,2,2,10.6201,8.524135386351642,True,True,True,18.0,9.475864613648358
2023,3,401520240,194,98,Ohio State,Western Kentucky,regular,False,63.0,10.0,2,0.0,-0.04864348239093379,1,1,1,10.6201,3.553098647339956,True,True,True,53.0,49.44690135266004
2023,3,401520242,2509,183,Purdue,Syracuse,regular,False,20.0,35.0,2,0.18444226301169955,0.0,2,1,1,10.6201,4.995295277410551,True,False,False,-15.0,19.995295277410552
2023,3,401520243,164,259,Rutgers,Virginia Tech,regular,False,35.0,16.0,2,0.37497179094708455,-0.06113764458954861,2,2,2,10.6201,7.668025816342598,True,True,True,19.0,11.331974183657401
2023,3,401520244,58,333,South Florida,Alabama,regular,False,3.0,17.0,2,0.04864348239093388,0.0986633830698703,1,2,1,10.6201,2.5052836527996276,True,False,False,-14.0,16.505283652799626
2023,3,401520245,245,2433,Texas A&M,UL Monroe,regular,False,47.0,3.0,2,0.8138399112233671,0.11362605519005728,2,1,1,10.6201,10.472841172459354,True,True,True,44.0,33.527158827540646
2023,3,401520246,41,2229,UConn,Florida International,regular,False,17.0,24.0,2,-0.06617721130553596,-0.10922775452966513,2,2,2,10.6201,3.4937010740945746,True,False,False,-7.0,10.493701074094574
2023,3,401520247,2439,238,UNLV,Vanderbilt,regular,False,40.0,37.0,2,0.0,-0.2867298675058557,1,2,1,10.6201,6.081599865898939,True,True,True,3.0,3.081599865898939
2023,3,401520249,275,290,Wisconsin,Georgia Southern,regular,False,35.0,14.0,2,-0.07797432166981327,-0.2375596252682512,2,1,1,10.6201,4.731311882745771,True,True,True,21.0,16.26868811725423
2023,3,401524007,38,36,Colorado,Colorado State,regular,False,43.0,35.0,2,0.2153944499831471,-0.06384300928214995,2,1,1,10.6201,6.002029741143382,True,True,True,8.0,1.9979702588566184
2023,3,401524008,2483,62,Oregon,Hawai'i,regular,False,55.0,10.0,2,0.1192558557781052,-0.06661564546065286,1,2,1,10.6201,5.010473930305735,True,True,True,45.0,39.989526069694264
2023,3,401524009,204,21,Oregon State,San Diego State,regular,False,26.0,9.0,2,-0.15458927221796281,-0.19047253714331402,1,2,1,10.6201,3.4175838618337226,True,True,True,17.0,13.582416138166277
2023,3,401525437,87,2117,Notre Dame,Central Michigan,regular,False,41.0,17.0,2,0.25942062920269676,-0.2566749538319151,2,1,1,10.6201,8.517486701385883,True,True,True,24.0,15.482513298614117
2023,3,401525500,103,52,Boston College,Florida State,regular,False,29.0,31.0,2,0.12929137933057755,0.20393541555397926,1,1,1,10.6201,2.2437728709038516,True,False,False,-2.0,4.243772870903852
2023,3,401525501,228,2226,Clemson,Florida Atlantic,regular,False,48.0,14.0,2,-0.22762979544492207,-0.30534717509059295,1,1,1,10.6201,3.86186634357499,True,True,True,34.0,30.138133656425012
2023,3,401525504,295,154,Old Dominion,Wake Forest,regular,False,24.0,27.0,2,-0.397032582410042,0.7945641816749023,2,1,1,10.6201,-9.618376794258518,False,False,True,-3.0,6.618376794258518
2023,3,401525835,2132,193,Cincinnati,Miami (OH),regular,False,24.0,31.0,2,0.06234217858455296,0.2748947523324675,1,2,1,10.6201,0.7791704115397726,True,False,False,-7.0,7.779170411539773
2023,3,401525836,248,2628,Houston,TCU,regular,False,13.0,36.0,2,0.22483854331087483,0.09865710078553097,2,1,1,10.6201,4.376559537763405,True,False,False,-23.0,27.376559537763406
2023,3,401525837,2440,2305,Nevada,Kansas,regular,False,24.0,31.0,2,0.0,-0.09614681264351559,1,1,1,10.6201,4.0575887649554,True,False,False,-7.0,11.057588764955401
2023,3,401525838,195,66,Ohio,Iowa State,regular,False,10.0,7.0,2,-0.2086777192763335,0.16065678273389666,2,1,1,10.6201,-0.8858693447988455,False,True,False,3.0,3.8858693447988455
2023,3,401525840,251,2751,Texas,Wyoming,regular,False,31.0,10.0,2,0.516360319270322,-0.06919672463106738,2,1,1,10.6201,9.255174361937147,True,True,True,21.0,11.744825638062853
2023,3,401525842,202,201,Tulsa,Oklahoma,regular,False,17.0,66.0,2,-0.3112636682716335,1.27365614491626,1,2,1,10.6201,-13.79550690803675,False,False,True,-49.0,35.20449309196325
2023,3,401526834,2199,113,Eastern Michigan,Massachusetts,regular,False,19.0,17.0,2,-0.40357534847777987,0.3188735003148464,1,3,1,10.6201,-4.635979019062571,False,True,False,2.0,6.635979019062571
2023,3,401531379,5,309,UAB,Louisiana,regular,False,21.0,41.0,2,0.23755962526825047,-0.40835651387446575,1,1,1,10.6201,9.89619398930956,True,False,False,-20.0,29.89619398930956
2023,3,401531396,2636,349,UTSA,Army,regular,False,29.0,37.0,2,0.1726552782690502,-0.11362605519005928,2,1,1,10.6201,6.076836389469088,True,False,False,-8.0,14.076836389469088
2023,3,401531403,2429,2247,Charlotte,Georgia State,regular,False,25.0,41.0,2,-0.14208626955039516,-0.14146080690585405,1,1,1,10.6201,3.029857524168709,True,False,False,-16.0,19.02985752416871
2023,3,401531412,2026,151,App State,East Carolina,regular,False,43.0,28.0,2,-0.12263969627154755,-0.19263444174781047,1,2,1,10.6201,3.77985119643246,True,True,True,15.0,11.22014880356754
2023,3,401531428,235,2426,Memphis,Navy,regular,False,28.0,24.0,2,1.0443646829176156,-0.3947663456269035,1,1,1,10.6201,18.320215436245647,True,True,True,4.0,14.320215436245647
2023,3,401531848,2653,256,Troy,James Madison,regular,False,14.0,16.0,2,0.35606919489284267,0.007175836257431789,1,1,1,10.6201,6.741782358043928,True,False,False,-2.0,8.741782358043928
2023,3,401532403,2649,23,Toledo,San José State,regular,False,21.0,17.0,2,-0.1785629720433443,0.15458927221796148,1,2,1,10.6201,-0.5016101492794931,False,True,False,4.0,4.501610149279493
2023,4,401520250,333,145,Alabama,Ole Miss,regular,False,24.0,10.0,3,0.19961724603971065,0.7664036184105841,3,1,1,10.6201,-2.9828279532159137,False,True,False,14.0,16.982827953215914
2023,4,401520251,57,2429,Florida,Charlotte,regular,False,22.0,7.0,3,-0.4654312458591967,-0.3939060118065282,2,2,2,10.6201,2.2768948618372553,True,True,True,15.0,12.723105138162744
2023,4,401520252,61,5,Georgia,UAB,regular,False,49.0,21.0,3,0.2537297538719805,-0.36645115086559954,2,2,2,10.6201,9.622883226403573,True,True,True,28.0,18.377116773596427
2023,4,401520253,62,166,Hawai'i,New Mexico State,regular,False,20.0,17.0,3,-0.5780209736441839,-0.40432651265195463,2,2,2,10.6201,1.1918474548164257,True,True,True,3.0,1.8081525451835743
2023,4,401520254,248,2534,Houston,Sam Houston,regular,False,38.0,7.0,3,0.19766074587044055,-0.24516073195434213,2,2,2,10.6201,7.739308376646974,True,True,True,31.0,23.260691623353026
2023,4,401520255,356,2226,Illinois,Florida Atlantic,regular,False,23.0,17.0,3,0.45755891331159076,-0.23831479878401007,3,1,1,10.6201,10.42674840982649,True,True,True,6.0,4.426748409826491
2023,4,401520256,84,2006,Indiana,Akron,regular,False,29.0,27.0,3,0.14642622309729075,-0.3114095522871359,2,2,2,10.6201,7.89876171816015,True,True,True,2.0,5.89876171816015
2023,4,401520257,55,2199,Jacksonville State,Eastern Michigan,regular,False,21.0,0.0,3,0.03982349017264597,-0.20733545929108743,2,2,2,10.6201,5.661352759199795,True,True,True,21.0,15.338647240800205
2023,4,401520258,99,8,LSU,Arkansas,regular,False,34.0,31.0,3,-0.12267455825029056,0.770841478093169,2,2,2,10.6201,-6.452729657571176,False,True,False,3.0,9.452729657571176
2023,4,401520259,142,235,Missouri,Memphis,regular,True,34.0,27.0,3,0.2982441519567059,0.7333417799053966,2,2,2,10.6201,-4.620780318577891,False,True,False,7.0,11.620780318577891
2023,4,401520260,130,164,Michigan,Rutgers,regular,False,31.0,7.0,3,0.13926970884279016,0.31857068811091716,3,3,3,10.6201,1.1323056700745646,True,True,True,24.0,22.867694329925435
2023,4,401520261,127,120,Michigan State,Maryland,regular,False,9.0,31.0,3,-0.25108975381084164,-0.19519173376128968,2,2,2,10.6201,2.442857437271753,True,False,False,-22.0,24.442857437271755
2023,4,401520262,2393,36,Middle Tennessee,Colorado State,regular,False,23.0,31.0,3,-0.06983573454666094,-0.28507823738575777,2,1,1,10.6201,5.322396904401493,True,False,False,-8.0,13.322396904401494
2023,4,401520263,158,2348,Nebraska,Louisiana Tech,regular,False,28.0,14.0,3,0.25610230723422006,0.06620118204562189,3,3,3,10.6201,5.053268939615432,True,True,True,14.0,8.946731060384568
2023,4,401520264,77,135,Northwestern,Minnesota,regular,False,37.0,34.0,3,0.11873861025164051,0.1563569304451385,3,3,3,10.6201,2.636989677713032,True,True,True,3.0,0.36301032228696783
2023,4,401520265,213,2294,Penn State,Iowa,regular,False,31.0,0.0,3,0.13759881747770306,-1.0764750094835205,1,3,1,10.6201,15.93008544971089,True,True,True,31.0,15.06991455028911
2023,4,401520266,2509,275,Purdue,Wisconsin,regular,False,17.0,38.0,3,0.40839033231828237,-0.4271240943298033,3,3,3,10.6201,11.909746762445335,True,False,False,-21.0,32.90974676244534
2023,4,401520267,2579,344,South Carolina,Mississippi State,regular,False,37.0,30.0,3,0.2924932944106197,-0.5233009475401826,2,2,2,10.6201,11.700316428941717,True,True,True,7.0,4.700316428941717
2023,4,401520268,183,349,Syracuse,Army,regular,False,29.0,16.0,3,0.17586045940735703,-0.03159405332266613,2,2,2,10.6201,5.23968767064412,True,True,True,13.0,7.76031232935588
2023,4,401520269,2633,2636,Tennessee,UTSA,regular,False,45.0,14.0,3,-0.2608544209333355,0.19761762706783662,2,3,2,10.6201,-1.8325189969772486,False,True,False,31.0,32.83251899697725
2023,4,401520270,245,2,Texas A&M,Auburn,regular,False,27.0,10.0,3,0.6921010564238957,0.43298111847611714,3,2,2,10.6201,5.788379652999204,True,True,True,17.0,11.211620347000796
2023,4,401520271,2653,98,Troy,Western Kentucky,regular,False,27.0,24.0,3,-0.11758293733583285,-0.20936735626395714,2,2,2,10.6201,4.011259707458573,True,True,True,3.0,1.0112597074585734
2023,4,401520272,41,150,UConn,Duke,regular,False,7.0,41.0,3,-0.05896095629682521,0.35239631937899585,3,2,2,10.6201,-1.332155403404787,False,False,True,-34.0,32.667844596595216
2023,4,401520273,2638,2439,UTEP,UNLV,regular,False,28.0,45.0,3,-0.0924695337392497,0.11570697073430367,2,2,2,10.6201,0.8256447048404163,True,False,False,-17.0,17.825644704840418
2023,4,401520274,238,96,Vanderbilt,Kentucky,regular,False,28.0,45.0,3,-0.5297894005868624,0.15431276656293974,3,2,2,10.6201,-4.228733425347615,False,False,True,-17.0,12.771266574652385
2023,4,401520275,2229,2335,Florida International,Liberty,regular,False,6.0,38.0,3,-0.07834931799789735,-0.5933413609910888,3,3,3,10.6201,8.505766995791994,True,False,False,-32.0,40.505766995791994
2023,4,401521330,87,194,Notre Dame,Ohio State,regular,False,14.0,17.0,3,0.07654589975717846,0.37188761051840835,3,2,2,10.6201,-0.10005850245533754,False,False,True,-3.0,2.8999414975446625
2023,4,401524014,9,30,Arizona State,USC,regular,False,28.0,42.0,3,-0.9107616537728178,-0.3230822784569375,1,3,1,10.6201,-3.2047137337921807,False,False,True,-14.0,10.79528626620782
2023,4,401524015,2483,38,Oregon,Colorado,regular,False,42.0,6.0,3,0.11842846552508297,0.5840530705883256,1,2,1,10.6201,-1.9084798682321429,False,True,False,36.0,37.90847986823214
2023,4,401524016,24,12,Stanford,Arizona,regular,False,20.0,21.0,3,-1.7712892320638973,-0.9039656548110663,2,1,1,10.6201,-6.174563122782791,False,False,True,-1.0,5.174563122782791
2023,4,401524017,254,26,Utah,UCLA,regular,False,14.0,7.0,3,-0.22253510121772943,0.3829179836445648,2,2,2,10.6201,-3.393472306546051,False,True,False,7.0,10.393472306546052
2023,4,401524018,264,25,Washington,California,regular,False,59.0,32.0,3,0.3835873436726195,0.4337772048855583,3,2,2,10.6201,2.5034786549324686,True,True,True,27.0,24.49652134506753
2023,4,401524019,265,204,Washington State,Oregon State,regular,False,38.0,35.0,3,-0.22965715944980286,0.1454541259802191,2,2,2,10.6201,-0.947219362395376,False,True,False,3.0,3.947219362395376
2023,4,401525505,258,152,Virginia,NC State,regular,False,21.0,24.0,3,-0.804204601636133,-0.02829883729178856,3,2,2,10.6201,-5.203696807913374,False,False,True,-3.0,2.2036968079133743
2023,4,401525506,97,103,Louisville,Boston College,regular,False,56.0,28.0,3,-0.14642622309728515,0.22025263530791842,1,2,1,10.6201,-0.857666144149102,False,True,False,28.0,28.857666144149103
2023,4,401525507,228,52,Clemson,Florida State,regular,False,24.0,31.0,3,-0.2582287956419927,0.4684728304349413,1,3,1,10.6201,-4.681143939099647,False,False,True,-7.0,2.3188560609003526
2023,4,401525509,218,2390,Temple,Miami,regular,False,7.0,41.0,3,0.04882191604343722,1.2538342664225357,2,2,2,10.6201,-9.760851662261066,False,False,True,-34.0,24.239148337738932
2023,4,401525510,221,153,Pittsburgh,North Carolina,regular,False,24.0,41.0,3,0.1693221783165246,0.4779946089930217,2,3,2,10.6201,-0.24163208102746658,False,False,True,-17.0,16.75836791897253
2023,4,401525511,276,259,Marshall,Virginia Tech,regular,False,24.0,17.0,3,0.24342838085602012,0.1699217565085518,1,3,1,10.6201,3.8171477012325488,True,True,True,7.0,3.1828522987674512
2023,4,401525844,239,251,Baylor,Texas,regular,False,6.0,38.0,3,-0.2104277857238255,0.6052820091898241,2,2,2,10.6201,-5.626419592962451,False,False,True,-32.0,26.37358040703755
2023,4,401525845,2132,201,Cincinnati,Oklahoma,regular,False,6.0,20.0,3,0.5530674349010232,1.571911885891762,2,3,2,10.6201,-7.783729953966747,False,False,True,-14.0,6.216270046033253
2023,4,401525846,66,197,Iowa State,Oklahoma State,regular,False,34.0,27.0,3,0.008645138447691658,-0.5044038795817255,2,2,2,10.6201,8.485131876374215,True,True,True,7.0,1.485131876374215
2023,4,401525847,2305,252,Kansas,BYU,regular,False,38.0,27.0,3,-0.03714154092655955,-0.004536381571069392,1,2,1,10.6201,2.690229947128759,True,True,True,11.0,8.30977005287124
2023,4,401525848,2306,2116,Kansas State,UCF,regular,False,44.0,31.0,3,0.1519807751967774,0.16680403406659558,2,2,2,10.6201,2.879075508476644,True,True,True,13.0,10.120924491523356
2023,4,401525849,2628,2567,TCU,SMU,regular,False,34.0,17.0,3,0.4448684381665829,0.3174127827910792,1,2,1,10.6201,4.3900918056533875,True,True,True,17.0,12.609908194346612
2023,4,401525850,277,2641,West Virginia,Texas Tech,regular,False,20.0,13.0,3,0.3820493618012437,-0.04787766360977906,1,2,1,10.6201,7.602368002567603,True,True,True,7.0,0.6023680025676033
2023,4,401526835,113,167,Massachusetts,New Mexico,regular,False,31.0,34.0,3,-0.08157776849455113,0.36417201310498076,4,1,1,10.6201,-1.6974072555651887,False,False,True,-3.0,1.3025927444348113
2023,4,401531338,2459,202,Northern Illinois,Tulsa,regular,False,14.0,22.0,3,-0.00977856144841878,0.4149984206763524,2,2,2,10.6201,-1.4746740278632826,False,False,True,-8.0,6.525325972136717
2023,4,401531423,58,242,South Florida,Rice,regular,False,42.0,29.0,3,-0.1463516379200893,0.1962694208287504,2,2,2,10.6201,-0.6021699060185526,False,True,False,13.0,13.602169906018553
2023,4,401531849,324,2247,Coastal Carolina,Georgia State,regular,False,17.0,30.0,3,0.09519074416336157,-0.18152818172355784,2,2,2,10.6201,5.975282664811672,True,False,False,-13.0,18.975282664811672
2023,4,401531870,2751,2026,Wyoming,App State,regular,False,22.0,19.0,3,-0.0700241148840896,0.27116590859004774,1,2,1,10.6201,-0.5869721682976863,False,True,False,3.0,3.5869721682976863
2023,4,401531871,2050,290,Ball State,Georgia Southern,regular,False,3.0,40.0,3,-0.08079926470400389,-0.6617881091895144,2,2,2,10.6201,9.20665962732057,True,False,False,-37.0,46.20665962732057
2023,4,401531872,328,256,Utah State,James Madison,regular,False,38.0,45.0,3,-0.3707549633879924,-0.3722016804696721,2,2,2,10.6201,3.0518642800791467,True,False,False,-7.0,10.051864280079148
2023,4,401531874,2032,2572,Arkansas State,Southern Miss,regular,False,44.0,37.0,3,0.10260420395120584,0.1047949966547326,2,2,2,10.6201,3.0132335624092756,True,True,True,7.0,3.9867664375907244
2023,4,401531875,309,2084,Louisiana,Buffalo,regular,False,45.0,38.0,3,-0.41057457894939003,-0.5139870482881321,2,2,2,10.6201,4.134750765624375,True,True,True,7.0,2.865249234375625
2023,4,401531876,6,2117,South Alabama,Central Michigan,regular,False,30.0,34.0,3,-0.05353679978460403,-0.573582079265373,2,2,2,10.6201,8.559432872613716,True,False,False,-4.0,12.559432872613716
2023,4,401531877,326,2440,Texas State,Nevada,regular,False,35.0,24.0,3,-0.005302223518636327,0.0,2,1,1,10.6201,2.9801898560097304,True,True,True,11.0,8.01981014399027
2023,4,401532405,189,195,Bowling Green,Ohio,regular,False,7.0,38.0,3,-0.5694881963355518,-0.15979500595102805,2,3,2,10.6201,-1.314482651202681,False,False,True,-31.0,29.68551734879732
2023,4,401532406,2649,2711,Toledo,Western Michigan,regular,False,49.0,31.0,3,-0.06349245039298577,-0.09953451652139528,2,2,2,10.6201,3.419270346490322,True,True,True,18.0,14.580729653509678
2023,4,401532407,278,2309,Fresno State,Kent State,regular,False,53.0,10.0,3,0.5941520925548762,0.1552740769469227,1,2,1,10.6201,7.697428413558028,True,True,True,43.0,35.30257158644197
2023,4,401532583,21,68,San Diego State,Boise State,regular,False,31.0,34.0,3,0.06759649723367124,0.3449629980581098,3,2,2,10.6201,0.0908400245943799,True,False,False,-3.0,3.09084002459438
2023,4,401532584,23,2005,San José State,Air Force,regular,False,20.0,45.0,3,0.01225281008300455,-1.4376183310910429,3,2,2,10.6201,18.434276506382503,True,False,False,-25.0,43.4342765063825
2023,5,401520276,2534,55,Sam Houston,Jacksonville State,regular,False,28.0,35.0,4,-0.5592754093414817,-0.1596083971806067,3,3,3,10.6201,-1.2080036358497086,False,False,True,-7.0,5.791996364150291
2023,5,401520277,98,2393,Western Kentucky,Middle Tennessee,regular,False,31.0,10.0,4,-0.22308409763243647,0.27556609612849936,3,3,3,10.6201,-2.259214922760515,False,True,False,21.0,23.259214922760513
2023,5,401520278,2638,2348,UTEP,Louisiana Tech,regular,False,10.0,24.0,4,-0.3970646919481363,-0.21992415532184012,3,4,3,10.6201,1.1552497869750717,True,False,False,-14.0,15.155249786975071
2023,5,401520279,8,245,Arkansas,Texas A&M,regular,True,22.0,34.0,4,0.47172994317507977,0.4429685812159535,3,4,3,10.6201,0.30544854014211686,True,False,False,-12.0,12.305448540142116
2023,5,401520280,2,61,Auburn,Georgia,regular,False,20.0,27.0,4,0.16703100595135356,-0.1705559490937114,3,3,3,10.6201,6.621707221274095,True,False,False,-7.0,13.621707221274095
2023,5,401520281,2294,127,Iowa,Michigan State,regular,False,26.0,16.0,4,-0.8423411076572316,-0.12439327350493645,4,3,3,10.6201,-4.5881777934807895,False,True,False,10.0,14.588177793480789
2023,5,401520282,96,57,Kentucky,Florida,regular,False,33.0,14.0,4,-0.16585764103459827,-0.2910419176004569,3,3,3,10.6201,4.365969535557076,True,True,True,19.0,14.634030464442924
2023,5,401520283,120,84,Maryland,Indiana,regular,False,44.0,17.0,4,-0.09761138203400155,-0.17817132027046478,3,3,3,10.6201,3.8920546000650633,True,True,True,27.0,23.107945399934938
2023,5,401520284,135,309,Minnesota,Louisiana,regular,False,35.0,24.0,4,-0.009965848645724744,-0.32790705578205853,4,3,3,10.6201,6.413067413908578,True,True,True,11.0,4.586932586091422
2023,5,401520285,344,333,Mississippi State,Alabama,regular,False,17.0,40.0,4,-0.0745254442247688,0.6154385387864701,3,4,3,10.6201,-4.290986495977659,False,False,True,-23.0,18.70901350402234
2023,5,401520286,158,130,Nebraska,Michigan,regular,False,7.0,45.0,4,0.04237754955027767,0.3390214679759647,4,4,4,26.0576,-4.693328568769183,False,False,True,-38.0,33.30667143123082
2023,5,401520287,77,213,Northwestern,Penn State,regular,False,13.0,41.0,4,0.2285302411963904,0.1608846288176845,4,2,2,10.6201,3.7549031680230947,True,False,False,-28.0,31.754903168023095
2023,5,401520288,145,99,Ole Miss,LSU,regular,False,55.0,49.0,4,0.6332916763620868,0.2952762149821009,2,3,2,10.6201,6.626258001401589,True,True,True,6.0,0.626258001401589
2023,5,401520289,2509,356,Purdue,Illinois,regular,False,44.0,19.0,4,0.17235241495712755,0.07003481465684838,4,4,4,26.0576,5.702651101584555,True,True,True,25.0,19.297348898415443
2023,5,401520291,2633,2579,Tennessee,South Carolina,regular,False,41.0,20.0,4,0.020206434695505343,0.06227574935650737,3,3,3,10.6201,2.5897196713686927,True,True,True,21.0,18.41028032863131
2023,5,401520292,41,328,UConn,Utah State,regular,False,33.0,34.0,4,-0.13424918880886502,-0.44686561407484693,4,2,2,10.6201,6.356517697967254,True,False,False,-1.0,7.356517697967254
2023,5,401520293,238,142,Vanderbilt,Missouri,regular,False,21.0,38.0,4,0.032276416566693694,0.4780616097391236,4,3,3,10.6201,-1.6977833300105232,False,False,True,-17.0,15.302216669989477
2023,5,401524020,204,254,Oregon State,Utah,regular,False,21.0,7.0,4,0.19015412661618697,-0.026863778090037538,3,3,3,10.6201,5.341251849770575,True,True,True,14.0,8.658748150229425
2023,5,401524021,12,264,Arizona,Washington,regular,False,24.0,31.0,4,-0.09532286528317782,0.45100819390612057,3,3,3,10.6201,-2.765590481696268,False,False,True,-7.0,4.234409518303732
2023,5,401524022,25,9,California,Arizona State,regular,False,24.0,21.0,4,0.05336783134318579,-0.4547321464823392,2,2,2,10.6201,8.432572574504858,True,True,True,3.0,5.432572574504858
2023,5,401524023,38,30,Colorado,USC,regular,False,41.0,48.0,4,0.3651291791405098,0.10749509451993636,4,3,3,10.6201,5.7725997420789525,True,False,False,-7.0,12.772599742078953
2023,5,401524024,24,2483,Stanford,Oregon,regular,False,6.0,42.0,4,-0.6215380583834211,0.19027255734284415,3,3,3,10.6201,-5.58500992007451,False,False,True,-36.0,30.414990079925488
2023,5,401525438,150,87,Duke,Notre Dame,regular,False,14.0,21.0,4,0.3182036776149478,0.26332831650697597,3,4,3,10.6201,3.6192818225027716,True,False,False,-7.0,10.61928182250277
2023,5,401525512,152,97,NC State,Louisville,regular,False,10.0,13.0,4,-0.2665957044045827,0.1340218775404046,3,2,2,10.6201,-1.2180987820139597,False,False,True,-3.0,1.7819012179860403
2023,5,401525513,103,258,Boston College,Virginia,regular,False,27.0,24.0,4,0.2326026435452155,-0.45397346810719896,3,4,3,10.6201,10.328006963359808,True,True,True,3.0,7.328006963359808
2023,5,401525514,183,228,Syracuse,Clemson,regular,False,14.0,31.0,4,0.12710778420753605,0.3448665291203322,3,3,3,10.6201,0.7238803531516131,True,False,False,-17.0,17.723880353151614
2023,5,401525515,59,189,Georgia Tech,Bowling Green,regular,False,27.0,38.0,4,0.5109419206493621,0.1271278909062172,1,3,1,10.6201,7.112643377275173,True,False,False,-11.0,18.112643377275173
2023,5,401525516,259,221,Virginia Tech,Pittsburgh,regular,False,38.0,21.0,4,-0.0012678643006401036,0.0020066656677472094,4,2,2,10.6201,3.00172416428273,True,True,True,17.0,13.99827583571727
2023,5,401525851,252,2132,BYU,Cincinnati,regular,False,35.0,27.0,4,-0.04157992439091543,0.49516864789799375,3,3,3,10.6201,-2.663823512565444,False,True,False,8.0,10.663823512565443
2023,5,401525852,201,66,Oklahoma,Iowa State,regular,False,50.0,20.0,4,0.8274959016791714,-0.15619445541321197,4,3,3,10.6201,13.483389961356822,True,True,True,30.0,16.51661003864318
2023,5,401525853,2628,277,TCU,West Virginia,regular,False,21.0,24.0,4,0.24755753278846962,0.13243578366127373,3,2,2,10.6201,4.259104487905733,True,False,False,-3.0,7.259104487905733
2023,5,401525854,251,2305,Texas,Kansas,regular,False,40.0,14.0,4,0.42766614759317345,0.08947508522546903,4,3,3,10.6201,6.628122901451258,True,True,True,26.0,19.371877098548744
2023,5,401525855,2641,248,Texas Tech,Houston,regular,False,49.0,28.0,4,0.10995080901863105,-0.2522578785305259,3,4,3,10.6201,6.883192482640801,True,True,True,21.0,14.116807517359199
2023,5,401525856,2116,239,UCF,Baylor,regular,False,35.0,36.0,4,-0.19770983030327915,0.04513824752522688,2,3,2,10.6201,0.45742912865348284,True,False,False,-1.0,1.4574291286534828
2023,5,401526836,113,2032,Massachusetts,Arkansas State,regular,False,28.0,52.0,4,-0.25257128616374225,-0.0022922188732220246,5,3,3,10.6201,0.378511277467946,True,False,False,-24.0,24.378511277467947
2023,5,401531339,202,218,Tulsa,Temple,regular,False,48.0,26.0,4,0.06053233048944512,0.08776355415597734,3,3,3,10.6201,2.7473016815390614,True,True,True,22.0,19.25269831846094
2023,5,401531370,2655,5,Tulane,UAB,regular,False,35.0,23.0,4,0.23006816747589148,0.017484480033091568,3,3,3,10.6201,5.294160019011279,True,True,True,12.0,6.705839980988721
2023,5,401531404,2567,2429,SMU,Charlotte,regular,False,34.0,16.0,4,-0.04628223844574063,-0.4336510991989399,3,3,3,10.6201,7.150396038085052,True,True,True,18.0,10.849603961914948
2023,5,401531414,242,151,Rice,East Carolina,regular,False,24.0,17.0,4,0.20238295578115276,0.21329263854409766,3,3,3,10.6201,2.920638078089249,True,True,True,7.0,4.079361921910751
2023,5,401531424,2426,58,Navy,South Florida,regular,False,30.0,44.0,4,-0.09298773913831257,0.21329285136845583,2,3,2,10.6201,-0.21623049924093074,False,False,True,-14.0,13.78376950075907
2023,5,401531429,235,68,Memphis,Boise State,regular,False,35.0,32.0,4,0.36280405771645474,-0.019076707114097632,3,3,3,10.6201,7.09211191057695,True,True,True,3.0,4.09211191057695
2023,5,401531878,290,324,Georgia Southern,Coastal Carolina,regular,False,38.0,28.0,4,-0.24161047399672844,-0.15250828011735776,3,3,3,10.6201,2.0902257907816955,True,True,True,10.0,7.9097742092183045
2023,5,401531879,2247,2653,Georgia State,Troy,regular,False,7.0,28.0,4,-0.25528268469779447,0.21696921006248387,3,3,3,10.6201,-1.9788623475436324,False,False,True,-21.0,19.021137652456368
2023,5,401531880,256,6,James Madison,South Alabama,regular,False,31.0,23.0,4,-0.035747362468320665,-0.11162648388795907,2,3,2,10.6201,3.842343857388702,True,True,True,8.0,4.157656142611298
2023,5,401531881,276,295,Marshall,Old Dominion,regular,False,41.0,35.0,4,0.07841021321747962,-0.15921709774377124,2,3,2,10.6201,5.560125805139581,True,True,True,6.0,0.439874194860419
2023,5,401531882,2433,2026,UL Monroe,App State,regular,False,40.0,41.0,4,0.04269975809407722,0.20335148179633522,2,3,2,10.6201,1.33036262910965,True,False,False,-1.0,2.3303626291096498
2023,5,401531883,2572,326,Southern Miss,Texas State,regular,False,36.0,50.0,4,0.06154783823598548,-0.02165270905987455,3,3,3,10.6201,3.920098132336763,True,False,False,-14.0,17.92009813233676
2023,5,401532409,2711,2050,Western Michigan,Ball State,regular,False,42.0,24.0,4,-0.4668399376861768,0.010425167919194215,3,3,3,10.6201,-2.0321031480396012,False,True,False,18.0,20.032103148039603
2023,5,401532410,2117,2199,Central Michigan,Eastern Michigan,regular,False,26.0,23.0,4,-0.3272791269752373,-0.3914448207032211,3,3,3,10.6201,3.717946083960561,True,True,True,3.0,0.7179460839605611
2023,5,401532411,2649,2459,Toledo,Northern Illinois,regular,False,35.0,33.0,4,-0.3090374803917086,0.04648821097465132,3,3,3,10.6201,-0.7392183948798792,False,True,False,2.0,2.739218394879879
2023,5,401532412,2006,2084,Akron,Buffalo,regular,False,10.0,13.0,4,0.007847198811419404,-0.016981142038367952,3,3,3,10.6201,3.300179462658827,True,False,False,-3.0,6.300179462658827
2023,5,401532413,2309,193,Kent State,Miami (OH),regular,False,3.0,23.0,4,-0.17390708262385046,0.12585108668530473,2,3,2,10.6201,-0.14696173388015943,False,False,True,-20.0,19.85303826611984
2023,5,401532586,2439,62,UNLV,Hawai'i,regular,False,44.0,20.0,4,0.48427197718794956,-0.19918421827782348,2,3,2,10.6201,10.294873141466057,True,True,True,24.0,13.705126858533943
2023,5,401532587,278,2440,Fresno State,Nevada,regular,False,27.0,9.0,4,-0.05094767929719516,-0.07446371590292583,2,3,2,10.6201,3.2862426603565207,True,True,True,18.0,14.713757339643479
2023,5,401532588,2751,167,Wyoming,New Mexico,regular,False,35.0,26.0,4,0.22201058816566932,-0.22872722368817403,3,3,3,10.6201,7.823380635669002,True,True,True,9.0,1.176619364330998
2023,5,401532589,2005,21,Air Force,San Diego State,regular,False,49.0,10.0,4,-1.1190961405918927,-0.16614698659009952,3,4,3,10.6201,-7.083915310414444,False,True,False,39.0,46.08391531041444
2023,6,401520294,2393,55,Middle Tennessee,Jacksonville State,regular,False,30.0,45.0,5,0.17042301162429174,-0.2165048223944085,4,4,4,26.0576,13.118910727725684,True,False,False,-15.0,28.118910727725684
2023,6,401520295,2348,98,Louisiana Tech,Western Kentucky,regular,False,28.0,35.0,5,-0.22740908900485968,0.09921883624906938,5,4,4,26.0576,-5.474639825096782,False,False,True,-7.0,1.5253601749032182
2023,6,401520296,2335,2534,Liberty,Sam Houston,regular,False,21.0,16.0,5,-0.005200972232862339,-0.2991592406541731,4,4,4,26.0576,10.69634697521515,True,True,True,5.0,5.69634697521515
2023,6,401520297,166,2229,New Mexico State,Florida International,regular,False,34.0,17.0,5,-0.29218406937969743,-0.3732153789706928,4,4,4,26.0576,5.147981452798321,True,True,True,17.0,11.852018547201679
2023,6,401520298,349,103,Army,Boston College,regular,False,24.0,27.0,5,-0.12507154965131928,0.08164436173723652,3,4,3,10.6201,0.8411563494623984,True,False,False,-3.0,3.8411563494623984
2023,6,401520299,57,238,Florida,Vanderbilt,regular,False,38.0,14.0,5,0.21889174101593015,0.09254220111461578,4,5,4,26.0576,6.32886577093249,True,True,True,24.0,17.671134229067512
2023,6,401520300,61,96,Georgia,Kentucky,regular,False,51.0,13.0,5,-0.01647088541962818,-0.06686554104486972,4,4,4,26.0576,4.349663778420294,True,True,True,38.0,33.65033622157971
2023,6,401520301,356,158,Illinois,Nebraska,regular,False,7.0,20.0,5,0.14935135711891714,0.25407661051478675,5,5,5,26.0576,0.3076112371117885,True,False,False,-13.0,13.30761123711179
2023,6,401520302,2294,2509,Iowa,Purdue,regular,False,20.0,14.0,5,-0.15267237854895993,0.13910804930755932,5,5,5,26.0576,-4.566597676914036,False,True,False,6.0,10.566597676914036
2023,6,401520303,135,130,Minnesota,Michigan,regular,False,10.0,52.0,5,-0.06166389883399334,0.46624229630205494,5,5,5,26.0576,-10.719468470377093,False,False,True,-42.0,31.280531529622905
2023,6,401520304,344,2711,Mississippi State,Western Michigan,regular,False,41.0,28.0,5,-0.12022256111805993,-0.4797502825428041,3,4,3,10.6201,6.854720354302927,True,True,True,13.0,6.145279645697073
2023,6,401520305,142,99,Missouri,LSU,regular,False,39.0,49.0,5,0.3052299681545266,0.3335572214765733,4,4,4,26.0576,2.2983597638354354,True,False,False,-10.0,12.298359763835435
2023,6,401520307,194,120,Ohio State,Maryland,regular,False,37.0,17.0,5,0.5035890833424592,0.021315916540431953,3,4,3,10.6201,8.158289258754209,True,True,True,20.0,11.841710741245791
2023,6,401520308,145,8,Ole Miss,Arkansas,regular,False,27.0,20.0,5,0.4441949036623428,0.5099132778270059,3,4,3,10.6201,2.3385642945338616,True,True,True,7.0,4.661435705466138
2023,6,401520309,242,41,Rice,UConn,regular,False,31.0,38.0,5,0.29838911352274483,-0.1465405616519791,4,5,4,26.0576,14.630299503832887,True,False,False,-7.0,21.630299503832887
2023,6,401520310,245,333,Texas A&M,Alabama,regular,False,20.0,26.0,5,0.4289636281389587,0.5905499522516093,5,4,4,26.0576,-1.1740517991978043,False,False,True,-6.0,4.825948200802196
2023,6,401520311,275,164,Wisconsin,Rutgers,regular,False,24.0,13.0,5,0.25490778663126723,0.20232345580010574,4,4,4,26.0576,4.406721459066073,True,True,True,11.0,6.593278540933927
2023,6,401524025,30,12,USC,Arizona,regular,False,43.0,41.0,5,0.16970799885064727,-0.15529012356193575,5,3,3,10.6201,6.488012559833873,True,True,True,2.0,4.488012559833873
2023,6,401524026,9,38,Arizona State,Colorado,regular,False,24.0,27.0,5,0.6155479904830621,1.0461819384831872,4,5,4,26.0576,-8.18478716340806,False,False,True,-3.0,5.1847871634080605
2023,6,401524027,25,204,California,Oregon State,regular,False,40.0,52.0,5,-0.05148388785360264,0.40875630421867226,4,4,4,26.0576,-8.95625482894251,False,False,True,-12.0,3.0437451710574894
2023,6,401524028,26,265,UCLA,Washington State,regular,False,25.0,17.0,5,0.240247652312913,0.5773979093344486,3,3,3,10.6201,-0.5440694445944096,False,True,False,8.0,8.54406944459441
2023,6,401525439,97,87,Louisville,Notre Dame,regular,False,33.0,20.0,5,0.12255111782380504,0.408816262181526,3,5,3,10.6201,-0.003664459593432756,False,True,False,13.0,13.003664459593432
2023,6,401525517,228,154,Clemson,Wake Forest,regular,False,17.0,12.0,5,0.31998568592480214,0.02127950909239098,4,3,3,10.6201,6.208789468577891,True,True,True,5.0,1.2087894685778906
2023,6,401525518,52,259,Florida State,Virginia Tech,regular,False,39.0,17.0,5,0.40178546228936846,-0.06779822206583938,4,4,4,26.0576,15.272723813454263,True,True,True,22.0,6.727276186545737
2023,6,401525519,2390,59,Miami,Georgia Tech,regular,False,20.0,23.0,5,0.644322011277944,0.08719667241313274,3,2,2,10.6201,8.953226811278181,True,False,False,-3.0,11.953226811278181
2023,6,401525520,153,183,North Carolina,Syracuse,regular,False,40.0,7.0,5,0.2652823679718417,0.23476390130555996,4,4,4,26.0576,3.8317379970033025,True,True,True,33.0,29.1682620029967
2023,6,401525521,152,276,NC State,Marshall,regular,False,48.0,41.0,5,0.04019506099215234,0.02831192185321825,4,3,3,10.6201,3.162700125969394,True,True,True,7.0,3.837299874030606
2023,6,401525857,197,2306,Oklahoma State,Kansas State,regular,False,29.0,21.0,5,-0.4075940811315396,0.49421933642220783,3,3,3,10.6201,-6.540848675762554,False,True,False,8.0,14.540848675762554
2023,6,401525858,239,2641,Baylor,Texas Tech,regular,False,14.0,39.0,5,0.20083114025722984,-0.02768987719220678,4,4,4,26.0576,8.99120926429044,True,False,False,-25.0,33.99120926429044
2023,6,401525859,66,2628,Iowa State,TCU,regular,False,27.0,14.0,5,0.07301081762455797,0.3137459438192858,4,3,3,10.6201,0.4798688862993714,True,True,True,13.0,12.520131113700629
2023,6,401525860,2305,2116,Kansas,UCF,regular,False,51.0,22.0,5,0.24584505333541667,0.0936303838971145,4,4,4,26.0576,7.002848970355503,True,True,True,29.0,21.9971510296445
2023,6,401525861,251,201,Texas,Oklahoma,regular,True,30.0,34.0,5,0.5256510927624081,0.6332035036261103,5,5,5,26.0576,-2.802557701322008,False,False,True,-4.0,1.1974422986779918
2023,6,401526837,113,2649,Massachusetts,Toledo,regular,False,24.0,41.0,5,-0.3047097192129239,0.002816237403177914,6,4,4,26.0576,-4.976888367119734,False,False,True,-17.0,12.023111632880266
2023,6,401531340,2226,202,Florida Atlantic,Tulsa,regular,False,20.0,17.0,5,-0.09738647847489786,0.035648495462591995,3,4,3,10.6201,1.623655273286464,True,True,True,3.0,1.376344726713536
2023,6,401531380,5,58,UAB,South Florida,regular,False,56.0,35.0,5,-0.02910101773167971,0.24828130693020833,4,4,4,26.0576,-4.191417663109614,False,True,False,21.0,25.191417663109615
2023,6,401531389,218,2636,Temple,UTSA,regular,False,34.0,49.0,5,-0.1283745225531574,-0.013749826892739677,4,4,4,26.0576,0.04965553035909931,True,False,False,-15.0,15.0496555303591
2023,6,401531433,2426,249,Navy,North Texas,regular,False,27.0,24.0,5,0.045018649220711755,-0.5559900060613222,3,3,3,10.6201,9.41927201996073,True,True,True,3.0,6.419272019960729
2023,6,401531884,309,326,Louisiana,Texas State,regular,False,34.0,30.0,5,-0.24289797805831104,0.01785506029373253,4,4,4,26.0576,-3.75809837216221,False,True,False,4.0,7.75809837216221
2023,6,401531885,2433,6,UL Monroe,South Alabama,regular,False,7.0,55.0,5,0.022214117606738387,-0.10743053766012048,2,4,2,10.6201,4.413339203399568,True,False,False,-48.0,52.413339203399566
2023,6,401531886,2572,295,Southern Miss,Old Dominion,regular,False,13.0,17.0,5,-0.07286636245508246,-0.2125504990068116,4,4,4,26.0576,6.676333356610337,True,False,False,-4.0,10.676333356610337
2023,6,401531887,2653,2032,Troy,Arkansas State,regular,False,37.0,3.0,5,0.3626491575918225,-0.18919951124109524,4,4,4,26.0576,17.416351872980638,True,True,True,34.0,16.583648127019362
2023,6,401532414,2199,2050,Eastern Michigan,Ball State,regular,False,24.0,10.0,5,-0.4992105974766352,-0.17944104254216198,4,4,4,26.0576,-5.29592715466053,False,True,False,14.0,19.295927154660532
2023,6,401532415,2084,2117,Buffalo,Central Michigan,regular,False,37.0,13.0,5,-0.08770572082809888,-0.2683459554166462,4,4,4,26.0576,7.7435509768145305,True,True,True,24.0,16.256449023185468
2023,6,401532416,193,189,Miami (OH),Bowling Green,regular,False,27.0,0.0,5,0.16787349324840384,0.25965274838127483,4,4,4,26.0576,0.6449528814497008,True,True,True,27.0,26.3550471185503
2023,6,401532417,195,2309,Ohio,Kent State,regular,False,42.0,17.0,5,0.04659961568964213,-0.05637984622226343,4,4,4,26.0576,5.719897626715671,True,True,True,25.0,19.28010237328433
2023,6,401532418,2006,2459,Akron,Northern Illinois,regular,False,14.0,55.0,5,-0.2122687243480864,-0.025466605086125433,4,4,4,26.0576,-1.8311149028804738,False,False,True,-41.0,39.16888509711953
2023,6,401532590,328,36,Utah State,Colorado State,regular,False,44.0,24.0,5,-0.08038351729095447,0.2669494945054516,4,3,3,10.6201,-0.6522113185790124,False,True,False,20.0,20.652211318579013
2023,6,401532591,2751,278,Wyoming,Fresno State,regular,False,24.0,19.0,5,0.017324311429526007,0.24231346364295167,4,3,3,10.6201,0.6470927045781982,True,True,True,5.0,4.352907295421802
2023,6,401532592,68,23,Boise State,San José State,regular,False,35.0,27.0,5,0.1626577774425793,0.7648517873535918,4,4,4,26.0576,-12.6552306326572,False,True,False,8.0,20.6552306326572
2023,7,401520312,55,2335,Jacksonville State,Liberty,regular,False,13.0,31.0,6,-0.18671855480135094,0.07270763227039637,5,5,5,26.0576,-3.723523812240763,False,False,True,-18.0,14.276476187759236
2023,7,401520313,2393,2348,Middle Tennessee,Louisiana Tech,regular,False,31.0,23.0,6,-0.03895175362041932,-0.1734391561019069,5,6,5,26.0576,6.540918938901612,True,True,True,8.0,1.459081061098388
2023,7,401520314,2229,2638,Florida International,UTEP,regular,False,14.0,27.0,6,-0.3437960673579401,-0.4240130013960972,5,5,5,26.0576,5.126760780392683,True,False,False,-13.0,18.126760780392683
2023,7,401520315,166,2534,New Mexico State,Sam Houston,regular,False,27.0,13.0,6,-0.25138642037599934,-0.18665102664198396,5,5,5,26.0576,1.349651004236521,True,True,True,14.0,12.65034899576348
2023,7,401520316,333,8,Alabama,Arkansas,regular,False,24.0,21.0,6,0.3813562584512588,0.4627789720597467,6,5,5,26.0576,0.9148194978754658,True,True,True,3.0,2.085180502124534
2023,7,401520317,349,2653,Army,Troy,regular,False,0.0,19.0,6,-0.19770981046793587,0.27539779413247994,4,5,4,26.0576,-9.291548717635795,False,False,True,-19.0,9.708451282364205
2023,7,401520318,96,142,Kentucky,Missouri,regular,False,21.0,38.0,6,-0.036851803994947335,0.11474735792948823,5,5,5,26.0576,-0.9138103217621723,False,False,True,-17.0,16.08618967823783
2023,7,401520319,99,2,LSU,Auburn,regular,False,48.0,18.0,6,0.3595812359029813,0.13522511829332867,5,4,4,26.0576,8.882681970225285,True,True,True,30.0,21.117318029774715
2023,7,401520320,120,356,Maryland,Illinois,regular,False,24.0,27.0,6,0.044128137538607316,0.16868031013137175,5,6,5,26.0576,-0.2090306925532186,False,False,True,-3.0,2.7909693074467814
2023,7,401520321,130,84,Michigan,Indiana,regular,False,52.0,7.0,6,0.48615534260220555,-0.11347736711590613,6,4,4,26.0576,18.661489296750666,True,True,True,45.0,26.338510703249334
2023,7,401520322,213,113,Penn State,Massachusetts,regular,False,63.0,0.0,6,0.21892513604738148,-0.2595334764225811,3,7,3,10.6201,8.11777831029225,True,True,True,63.0,54.88222168970775
2023,7,401520323,2509,194,Purdue,Ohio State,regular,False,7.0,41.0,6,0.10459740592170358,0.516899602215287,6,4,4,26.0576,-7.707105710139679,False,False,True,-34.0,26.29289428986032
2023,7,401520324,164,127,Rutgers,Michigan State,regular,False,27.0,24.0,6,0.2361155556096372,-0.0703842279588894,5,4,4,26.0576,11.02314876031524,True,True,True,3.0,8.02314876031524
2023,7,401520325,2579,57,South Carolina,Florida,regular,False,39.0,41.0,6,-0.11471709245852232,0.16214980233331805,4,5,4,26.0576,-4.177986797727859,False,False,True,-2.0,2.1779867977278586
2023,7,401520326,2633,245,Tennessee,Texas A&M,regular,False,20.0,13.0,6,0.20078239743239915,0.4390920065793952,4,6,4,26.0576,-3.173276471308764,False,True,False,7.0,10.173276471308764
2023,7,401520327,238,61,Vanderbilt,Georgia,regular,False,20.0,37.0,6,-0.04522528653690138,0.3587633639688732,6,5,5,26.0576,-7.490474659419272,False,False,True,-17.0,9.509525340580728
2023,7,401520328,275,2294,Wisconsin,Iowa,regular,False,6.0,15.0,6,0.2327495533294651,-0.0744710801420106,5,6,5,26.0576,11.041932378746326,True,False,False,-9.0,20.041932378746324
2023,7,401524029,38,24,Colorado,Stanford,regular,False,43.0,46.0,6,0.8080905526701558,0.5779945299850854,6,4,4,26.0576,9.032250120718492,True,False,False,-3.0,12.032250120718492
2023,7,401524030,265,12,Washington State,Arizona,regular,False,6.0,44.0,6,0.29439330399450014,-0.04818089243126067,4,4,4,26.0576,11.963161380783905,True,False,False,-38.0,49.9631613807839
2023,7,401524031,87,30,Notre Dame,USC,regular,False,48.0,20.0,6,0.29617945848818816,0.1983028382201652,6,5,5,26.0576,5.586929820296035,True,True,True,28.0,22.413070179703965
2023,7,401524032,204,26,Oregon State,UCLA,regular,False,36.0,24.0,6,0.32529542423102176,0.40589249037860087,4,4,4,26.0576,0.9363338891528428,True,True,True,12.0,11.063666110847157
2023,7,401524033,254,25,Utah,California,regular,False,34.0,14.0,6,0.18067373167638814,0.05862945312494733,4,4,4,26.0576,6.216680992782024,True,True,True,20.0,13.783319007217976
2023,7,401524034,264,2483,Washington,Oregon,regular,False,36.0,33.0,6,0.3308066752926521,0.24779858547301528,5,4,4,26.0576,5.199491601284169,True,True,True,3.0,2.199491601284169
2023,7,401525523,150,152,Duke,NC State,regular,False,24.0,3.0,6,0.26980446034096744,0.0991940197906653,4,5,4,26.0576,7.482198615683553,True,True,True,21.0,13.517801384316446
2023,7,401525524,52,183,Florida State,Syracuse,regular,False,41.0,3.0,6,0.3434963117841324,0.1845707895876589,5,5,5,26.0576,7.177717687186829,True,True,True,38.0,30.822282312813172
2023,7,401525525,221,97,Pittsburgh,Louisville,regular,False,38.0,21.0,6,-0.09882053834141169,0.3402288826597442,4,4,4,26.0576,-8.40407419267972,False,True,False,17.0,25.404074192679722
2023,7,401525526,153,2390,North Carolina,Miami,regular,False,41.0,31.0,6,0.26907351161946697,0.6452767735195692,5,3,3,10.6201,-0.9588162617052762,False,True,False,10.0,10.958816261705277
2023,7,401525527,259,154,Virginia Tech,Wake Forest,regular,False,30.0,13.0,6,-0.07119858405355127,0.04946456020703095,6,4,4,26.0576,-0.10769194788454728,False,True,False,17.0,17.107691947884547
2023,7,401525862,248,277,Houston,West Virginia,regular,False,41.0,39.0,6,-0.154938164160655,0.005619408517939073,5,3,3,10.6201,1.331362522396063,True,True,True,2.0,0.668637477603937
2023,7,401525863,2132,66,Cincinnati,Iowa State,regular,False,10.0,30.0,6,0.44247164951392204,0.20212284832475413,4,4,4,26.0576,9.299412921866862,True,False,False,-20.0,29.29941292186686
2023,7,401525864,197,2305,Oklahoma State,Kansas,regular,False,39.0,32.0,6,-0.10524359282833484,0.22764950553111615,4,5,4,26.0576,-5.637895199811231,False,True,False,7.0,12.637895199811231
2023,7,401525865,2628,252,TCU,BYU,regular,False,44.0,11.0,6,0.1243225334815592,0.23309924319644196,4,4,4,26.0576,0.20204000893347107,True,True,True,33.0,32.79795999106653
2023,7,401525866,2641,2306,Texas Tech,Kansas State,regular,False,21.0,38.0,6,-0.08620125483869889,0.21229772191430796,4,4,4,26.0576,-4.7416669366391515,False,False,True,-17.0,12.258333063360848
2023,7,401531371,235,2655,Memphis,Tulane,regular,False,21.0,31.0,6,0.06206531040385421,0.032502473109156896,4,4,4,26.0576,3.806836589090305,True,False,False,-10.0,13.806836589090306
2023,7,401531381,2636,5,UTSA,UAB,regular,False,41.0,20.0,6,-0.08957376560342425,0.0937064995016948,5,5,5,26.0576,-1.7393438360031501,False,True,False,21.0,22.73934383600315
2023,7,401531390,249,218,North Texas,Temple,regular,False,45.0,14.0,6,-0.43832213930420516,-0.17882300187109618,4,5,4,26.0576,-3.725424723576981,False,True,False,31.0,34.72542472357698
2023,7,401531405,2429,2426,Charlotte,Navy,regular,False,0.0,14.0,6,-0.1922028905367721,-0.22442260048169968,4,4,4,26.0576,3.8760683138609453,True,False,False,-14.0,17.876068313860944
2023,7,401531415,151,2567,East Carolina,SMU,regular,False,10.0,31.0,6,0.05629542164542915,-0.13657368535507802,4,4,4,26.0576,8.062206042576417,True,False,False,-21.0,29.062206042576417
2023,7,401531420,58,2226,South Florida,Florida Atlantic,regular,False,14.0,56.0,6,-0.019353255746062892,-0.08765612788556963,5,4,4,26.0576,4.8163089210624115,True,False,False,-42.0,46.816308921062415
2023,7,401531888,2026,324,App State,Coastal Carolina,regular,False,24.0,27.0,6,0.0002932477080125895,-0.014055160695732566,4,4,4,26.0576,3.41038508682143,True,False,False,-3.0,6.41038508682143
2023,7,401531889,2247,276,Georgia State,Marshall,regular,False,41.0,24.0,6,-0.10601941667516719,0.030677126255206844,4,4,4,26.0576,-0.5254838370625143,False,True,False,17.0,17.525483837062513
2023,7,401531890,256,290,James Madison,Georgia Southern,regular,False,41.0,13.0,6,-0.011645657382316474,-0.007411757442176675,4,4,4,26.0576,2.9261747289198135,True,True,True,28.0,25.073825271080185
2023,7,401531891,326,2433,Texas State,UL Monroe,regular,False,21.0,20.0,6,-0.043818363884384544,-0.22856567066001537,5,4,4,26.0576,7.850571421036679,True,True,True,1.0,6.850571421036679
2023,7,401532419,2050,2649,Ball State,Toledo,regular,False,6.0,13.0,6,-0.30794249132307483,-0.019537535401820613,5,5,5,26.0576,-4.478640979413673,False,False,True,-7.0,2.5213590205863268
2023,7,401532420,2117,2006,Central Michigan,Akron,regular,False,17.0,10.0,6,-0.31408182435784016,-0.26046719794634743,5,5,5,26.0576,1.6394315108198874,True,True,True,7.0,5.360568489180112
2023,7,401532421,2084,189,Buffalo,Bowling Green,regular,False,14.0,24.0,6,-0.05180767351240893,0.2290946855603663,5,5,5,26.0576,-4.283141311774748,False,False,True,-10.0,5.716858688225252
2023,7,401532422,2199,2309,Eastern Michigan,Kent State,regular,False,28.0,14.0,6,-0.5223030663751609,-0.10341395034683747,5,5,5,26.0576,-7.87874502981964,False,True,False,14.0,21.87874502981964
2023,7,401532423,2711,193,Western Michigan,Miami (OH),regular,False,21.0,34.0,6,-0.413281388746061,0.2280479886320514,5,5,5,26.0576,-13.675004383967902,False,False,True,-13.0,0.6750043839679023
2023,7,401532424,2459,195,Northern Illinois,Ohio,regular,False,23.0,13.0,6,0.011271628666514565,0.19397557139753635,5,5,5,26.0576,-1.7243262581078733,False,True,False,10.0,11.724326258107872
2023,7,401532593,36,68,Colorado State,Boise State,regular,False,31.0,30.0,6,-0.012505937923666145,0.015794019562627,3,4,3,10.6201,2.7359516214998183,True,True,True,1.0,1.7359516214998183
2023,7,401532594,328,278,Utah State,Fresno State,regular,False,32.0,37.0,6,-0.012758135071979537,0.24957375591951267,4,4,4,26.0576,-3.7992394826999076,False,False,True,-5.0,1.2007605173000924
2023,7,401532595,62,21,Hawai'i,San Diego State,regular,False,34.0,41.0,6,-0.3148738959926979,-0.11189717062310442,5,5,5,26.0576,-2.2525863189907183,False,False,True,-7.0,4.747413681009282
2023,7,401532596,167,23,New Mexico,San José State,regular,False,24.0,52.0,6,-0.24535956888114174,0.8602086064482332,4,4,4,26.0576,-25.771953285462722,False,False,True,-28.0,2.228046714537278
2023,7,401532597,2440,2439,Nevada,UNLV,regular,False,27.0,45.0,6,0.8863034412735356,0.03141641351840363,4,4,4,26.0576,25.312804214432127,True,False,False,-18.0,43.31280421443213
2023,7,401532598,2005,2751,Air Force,Wyoming,regular,False,34.0,27.0,6,0.1633535357308138,-0.055466774629127774,4,4,4,26.0576,8.738432119235213,True,True,True,7.0,1.7384321192352132
2023,8,401520329,55,98,Jacksonville State,Western Kentucky,regular,False,20.0,17.0,7,-0.12376706983643705,-0.12297497499068313,6,5,5,26.0576,3.015859909347283,True,True,True,3.0,0.015859909347283097
2023,8,401520330,2335,2393,Liberty,Middle Tennessee,regular,False,42.0,35.0,7,0.0948947573867713,-0.1151882772515362,6,6,6,42.0032,11.860659720519758,True,True,True,7.0,4.860659720519758
2023,8,401520331,2534,2229,Sam Houston,Florida International,regular,False,27.0,33.0,7,-0.2540578856577621,-0.32612058072503064,6,6,6,42.0032,6.0633637934494935,True,False,False,-6.0,12.063363793449493
2023,8,401520332,2638,166,UTEP,New Mexico State,regular,False,7.0,28.0,7,-0.29734969346060275,-0.20894497413142227,6,6,6,42.0032,-0.6767811069274332,False,False,True,-21.0,20.323218893072568
2023,8,401520333,333,2633,Alabama,Tennessee,regular,False,34.0,20.0,7,0.3251300427826236,0.20506501440061392,7,5,5,26.0576,6.1651064835670555,True,True,True,14.0,7.8348935164329445
2023,8,401520334,8,344,Arkansas,Mississippi State,regular,False,3.0,7.0,7,0.2746647518258819,0.010660528675121623,6,5,5,26.0576,9.915816445173252,True,False,False,-4.0,13.915816445173252
2023,8,401520335,2,145,Auburn,Ole Miss,regular,False,21.0,28.0,7,0.04887399771815265,0.3562922200620416,5,4,4,26.0576,-4.97408107054812,False,False,True,-7.0,2.02591892945188
2023,8,401520336,356,275,Illinois,Wisconsin,regular,False,21.0,25.0,7,0.1464704239636866,0.14733086638593795,7,6,6,42.0032,3.0003586648496916,True,False,False,-4.0,7.000358664849692
2023,8,401520337,84,164,Indiana,Rutgers,regular,False,14.0,31.0,7,0.005571745590634725,0.18813623845500566,5,6,5,26.0576,-1.7206925292626316,False,False,True,-17.0,15.279307470737368
2023,8,401520338,2294,135,Iowa,Minnesota,regular,False,10.0,12.0,7,0.10875026145494202,0.10948499540507549,7,6,6,42.0032,3.005638822945754,True,False,False,-2.0,5.005638822945754
2023,8,401520339,99,349,LSU,Army,regular,False,62.0,0.0,7,0.3744788433130515,-0.15869776946424125,6,5,5,26.0576,16.929802905105586,True,True,True,62.0,45.07019709489441
2023,8,401520340,127,130,Michigan State,Michigan,regular,False,0.0,49.0,7,-0.06145613185070123,0.40379927052777653,5,7,5,26.0576,-9.086939173017422,False,False,True,-49.0,39.91306082698258
2023,8,401520341,142,2579,Missouri,South Carolina,regular,False,34.0,12.0,7,0.1997833558955225,0.00032374268796425687,6,5,5,26.0576,8.23393881711727,True,True,True,22.0,13.76606118288273
2023,8,401520342,158,77,Nebraska,Northwestern,regular,False,17.0,9.0,7,0.1856180598174559,0.04956199959686315,6,5,5,26.0576,6.581794394804118,True,True,True,8.0,1.4182056051958822
2023,8,401520343,194,213,Ohio State,Penn State,regular,False,20.0,12.0,7,0.45809457851650726,0.30510548167798385,5,4,4,26.0576,7.023028689779508,True,True,True,8.0,0.9769713102204918
2023,8,401520344,41,58,UConn,South Florida,regular,False,21.0,24.0,7,-0.0712443670685818,-0.1150483091057219,6,6,6,42.0032,4.8764057381744035,True,False,False,-3.0,7.8764057381744035
2023,8,401524035,2483,265,Oregon,Washington State,regular,False,38.0,24.0,7,0.3155169015899194,-0.013437978679520072,5,5,5,26.0576,11.608274688108947,True,True,True,14.0,2.3917253118910526
2023,8,401524036,24,26,Stanford,UCLA,regular,False,7.0,42.0,7,-0.201379492807053,0.299874758666658,5,4,4,26.0576,-10.024982783201374,False,False,True,-35.0,24.975017216798626
2023,8,401524037,30,254,USC,Utah,regular,False,32.0,34.0,7,0.14760985362168486,0.028990428341491292,7,5,5,26.0576,6.127437536181172,True,False,False,-2.0,8.127437536181173
2023,8,401524038,264,9,Washington,Arizona State,regular,False,15.0,7.0,7,0.363856258274246,-0.13945839820009753,6,5,5,26.0576,16.151671992545857,True,True,True,8.0,8.151671992545857
2023,8,401525528,59,103,Georgia Tech,Boston College,regular,False,23.0,38.0,7,0.12203793325263947,0.07638302707576823,3,5,3,10.6201,3.5213596690889903,True,False,False,-15.0,18.52135966908899
2023,8,401525529,2390,228,Miami,Clemson,regular,False,28.0,20.0,7,0.3302023512775052,0.2725485924157933,5,5,5,26.0576,4.538818586914943,True,True,True,8.0,3.4611814130850567
2023,8,401525530,52,150,Florida State,Duke,regular,False,38.0,20.0,7,0.37100704533419177,0.2844523021451598,6,4,4,26.0576,5.29190887612252,True,True,True,18.0,12.70809112387748
2023,8,401525531,153,258,North Carolina,Virginia,regular,False,27.0,31.0,7,0.3374923062449994,-0.02801988056282851,6,5,5,26.0576,12.560870358963657,True,False,False,-4.0,16.560870358963655
2023,8,401525532,154,221,Wake Forest,Pittsburgh,regular,False,21.0,17.0,7,-0.07560367554249363,0.02570369981067544,5,5,5,26.0576,0.3966729359972616,True,True,True,4.0,3.6033270640027384
2023,8,401525867,252,2641,BYU,Texas Tech,regular,False,27.0,14.0,7,-0.011561257755102361,-0.015650793724832326,5,6,5,26.0576,3.1430634924848357,True,True,True,13.0,9.856936507515165
2023,8,401525868,2132,239,Cincinnati,Baylor,regular,False,29.0,32.0,7,0.24510856755694757,-0.035329836152846614,5,5,5,26.0576,10.344051748508333,True,False,False,-3.0,13.344051748508333
2023,8,401525869,248,251,Houston,Texas,regular,False,24.0,31.0,7,-0.10746918434207825,0.45255916994376727,6,6,6,42.0032,-20.486482970739225,False,False,True,-7.0,13.486482970739225
2023,8,401525870,2306,2628,Kansas State,TCU,regular,False,41.0,3.0,7,0.284353124169012,0.23872345484399116,5,6,5,26.0576,4.225499671403663,True,True,True,38.0,33.77450032859634
2023,8,401525871,201,2116,Oklahoma,UCF,regular,False,31.0,29.0,7,0.7198839671584729,-0.13946629881892303,6,5,5,26.0576,25.429105490732592,True,True,True,2.0,23.429105490732592
2023,8,401525872,277,197,West Virginia,Oklahoma State,regular,False,34.0,48.0,7,0.028726610206144004,0.05525008427571205,4,5,4,26.0576,2.345361922084824,True,False,False,-14.0,16.345361922084823
2023,8,401531341,202,242,Tulsa,Rice,regular,False,10.0,42.0,7,0.017557856188908205,0.04231448407698412,5,5,5,26.0576,2.3914016931436732,True,False,False,-32.0,34.39140169314367
2023,8,401531372,2655,249,Tulane,North Texas,regular,False,35.0,28.0,7,0.038012825988697006,-0.4243242142934349,5,5,5,26.0576,15.083893660855681,True,True,True,7.0,8.083893660855681
2023,8,401531382,5,235,UAB,Memphis,regular,False,21.0,45.0,7,0.052681243515718595,0.040948590541541666,5,5,5,26.0576,3.342224778139913,True,False,False,-24.0,27.34222477813991
2023,8,401531391,218,2567,Temple,SMU,regular,False,0.0,55.0,7,-0.39528053930815293,-0.0965367651570661,6,5,5,26.0576,-4.7480457693193605,False,False,True,-55.0,50.25195423068064
2023,8,401531397,2226,2636,Florida Atlantic,UTSA,regular,False,10.0,36.0,7,0.003777121295094249,-0.09453275770798389,5,5,5,26.0576,5.5982195031106095,True,False,False,-26.0,31.59821950311061
2023,8,401531406,151,2429,East Carolina,Charlotte,regular,False,7.0,10.0,7,0.005971279359883452,-0.2618410397474064,5,5,5,26.0576,10.015046286370117,True,False,False,-3.0,13.015046286370117
2023,8,401531434,2426,2005,Navy,Air Force,regular,False,6.0,17.0,7,-0.29637643875304087,0.23761069138955404,5,5,5,26.0576,-10.877923042403681,False,False,True,-11.0,0.12207695759631854
2023,8,401531892,6,2572,South Alabama,Southern Miss,regular,False,55.0,3.0,7,0.16304741263236586,-0.15101056417272438,5,5,5,26.0576,11.22009713639632,True,True,True,52.0,40.77990286360368
2023,8,401531893,276,256,Marshall,James Madison,regular,False,9.0,20.0,7,0.041866779758379866,0.1634425798708408,5,5,5,26.0576,-0.1314735690104616,False,False,True,-11.0,10.868526430989538
2023,8,401531894,290,2433,Georgia Southern,UL Monroe,regular,False,38.0,28.0,7,0.042574648271585636,-0.2732410507083669,5,5,5,26.0576,11.265899157740012,True,True,True,10.0,1.2658991577400123
2023,8,401531895,295,2026,Old Dominion,App State,regular,False,28.0,21.0,7,-0.2110049708758203,0.04995919062809029,5,5,5,26.0576,-3.7635997348042993,False,True,False,7.0,10.763599734804298
2023,8,401531896,2032,324,Arkansas State,Coastal Carolina,regular,False,17.0,27.0,7,-0.24510595327684034,-0.0363069453768447,5,5,5,26.0576,-2.4043010282549266,False,False,True,-10.0,7.595698971745073
2023,8,401531897,309,2247,Louisiana,Georgia State,regular,False,17.0,20.0,7,-0.06987815721171585,-0.05282930880136537,5,5,5,26.0576,2.5922479276624513,True,False,False,-3.0,5.592247927662451
2023,8,401532425,2050,2117,Ball State,Central Michigan,regular,False,24.0,17.0,7,-0.3337383520092648,-0.2845554510277183,6,6,6,42.0032,0.9706607734919044,True,True,True,7.0,6.029339226508096
2023,8,401532426,2459,2199,Northern Illinois,Eastern Michigan,regular,False,20.0,13.0,7,0.05264717824993921,-0.36911865704132973,6,6,6,42.0032,20.752014732906225,True,True,True,7.0,13.752014732906225
2023,8,401532427,193,2649,Miami (OH),Toledo,regular,False,17.0,21.0,7,-0.019711187926884085,0.014775772346602822,6,6,6,42.0032,1.5879373102406749,True,False,False,-4.0,5.587937310240675
2023,8,401532428,195,2711,Ohio,Western Michigan,regular,False,20.0,17.0,7,0.16292933519832228,-0.21790299611006386,6,6,6,42.0032,19.032676578412406,True,True,True,3.0,16.032676578412406
2023,8,401532429,189,2006,Bowling Green,Akron,regular,False,41.0,14.0,7,0.11298810190277077,-0.4132303726543475,6,6,6,42.0032,25.13935983051755,True,True,True,27.0,1.8606401694824513
2023,8,401532430,2309,2084,Kent State,Buffalo,regular,False,6.0,24.0,7,-0.23679541712890714,-0.08687111265030746,6,6,6,42.0032,-3.260800545875517,False,False,True,-18.0,14.739199454124483
2023,8,401532599,2439,36,UNLV,Colorado State,regular,False,25.0,23.0,7,-0.028977410882930155,-0.1902780216815249,5,4,4,26.0576,7.239606795945463,True,True,True,2.0,5.239606795945463
2023,8,401532600,167,62,New Mexico,Hawai'i,regular,False,42.0,21.0,7,-0.2798676343413726,-0.21995941195975457,5,5,5,26.0576,1.475435504468751,True,True,True,21.0,19.524564495531248
2023,8,401532601,21,2440,San Diego State,Nevada,regular,False,0.0,6.0,7,-0.18042312656278678,-0.24401636743614002,5,5,5,26.0576,4.69358723338149,True,False,False,-6.0,10.69358723338149
2023,8,401532602,23,328,San José State,Utah State,regular,False,42.0,21.0,7,-0.1502007976699115,0.10399348498894147,6,6,6,42.0032,-7.640473293376333,False,True,False,21.0,28.64047329337633
2023,9,401520345,2348,166,Louisiana Tech,New Mexico State,regular,False,24.0,27.0,8,-0.19439258557219877,-0.1115214923270888,7,7,7,42.0032,-0.4443511037930028,False,False,True,-3.0,2.555648896206997
2023,9,401520346,98,2335,Western Kentucky,Liberty,regular,False,29.0,42.0,8,-0.1223120309644358,0.09392934349962272,6,7,6,42.0032,-6.046329699888743,False,False,True,-13.0,6.953670300111257
2023,9,401520347,2229,55,Florida International,Jacksonville State,regular,False,16.0,41.0,8,-0.3188325719168733,-0.039147981326089945,7,7,7,42.0032,-8.711147795502793,False,False,True,-25.0,16.288852204497207
2023,9,401520348,2534,2638,Sam Houston,UTEP,regular,False,34.0,37.0,8,-0.20749166460677926,-0.3133041370812143,7,7,7,42.0032,7.48096244383819,True,False,False,-3.0,10.480962443838191
2023,9,401520349,349,113,Army,Massachusetts,regular,False,14.0,21.0,8,-0.22539566515871262,-0.2654139146953712,6,8,6,42.0032,4.717394538938176,True,False,False,-7.0,11.717394538938176
2023,9,401520350,2,344,Auburn,Mississippi State,regular,False,27.0,13.0,8,0.05079995839541508,-0.022857403535465233,6,6,6,42.0032,6.130344904655153,True,True,True,14.0,7.869655095344847
2023,9,401520351,103,41,Boston College,UConn,regular,False,21.0,14.0,8,0.08020584148498436,-0.07691508376916519,6,7,6,42.0032,9.636081647635095,True,True,True,7.0,2.636081647635095
2023,9,401520352,57,61,Florida,Georgia,regular,True,20.0,43.0,8,0.11640522103782616,0.3061568904455906,6,6,6,42.0032,-7.970177320468211,False,False,True,-23.0,15.02982267953179
2023,9,401520353,96,2633,Kentucky,Tennessee,regular,False,27.0,33.0,8,0.032970298512519626,0.2310393756329216,6,6,6,42.0032,-5.283035060103668,False,False,True,-6.0,0.7169649398963323
2023,9,401520354,135,127,Minnesota,Michigan State,regular,False,27.0,12.0,8,0.10967045393550068,0.026960616957723033,7,6,6,42.0032,6.51057782454499,True,True,True,15.0,8.48942217545501
2023,9,401520355,158,2509,Nebraska,Purdue,regular,False,31.0,14.0,8,0.12293267640701817,0.046067348462188004,7,7,7,42.0032,6.265089742732291,True,True,True,17.0,10.734910257267709
2023,9,401520356,77,120,Northwestern,Maryland,regular,False,33.0,27.0,8,0.028333518335143852,0.15044277337407339,6,6,6,42.0032,-2.0924794612511644,False,True,False,6.0,8.092479461251164
2023,9,401520357,145,238,Ole Miss,Vanderbilt,regular,False,33.0,7.0,8,0.2450976638718299,-0.08407371992272711,5,7,5,26.0576,11.61391625036505,True,True,True,26.0,14.38608374963495
2023,9,401520358,213,84,Penn State,Indiana,regular,False,33.0,24.0,8,0.32238269597659336,0.04165192291467706,5,6,5,26.0576,10.35167019213819,True,True,True,9.0,1.3516701921381902
2023,9,401520359,245,2579,Texas A&M,South Carolina,regular,False,30.0,17.0,8,0.19409983418941523,0.010370568650188754,7,6,6,42.0032,10.753717086297238,True,True,True,13.0,2.2462829137027622
2023,9,401520360,275,194,Wisconsin,Ohio State,regular,False,10.0,24.0,8,0.12015042103406971,0.5474390773504323,7,6,6,42.0032,-14.910990888987442,False,False,True,-14.0,0.9109908889874418
2023,9,401524039,12,204,Arizona,Oregon State,regular,False,27.0,24.0,8,0.20520346469402717,0.23160401425112923,6,6,6,42.0032,1.9275924368431312,True,True,True,3.0,1.0724075631568688
2023,9,401524040,9,265,Arizona State,Washington State,regular,False,38.0,27.0,8,-0.1334291466557999,-0.02348449638031941,5,6,5,26.0576,0.17160628098163944,True,True,True,11.0,10.828393719018361
2023,9,401524041,25,30,California,USC,regular,False,49.0,50.0,8,0.014152258176558075,0.1663042839931481,6,7,6,42.0032,-3.3543719707793933,False,False,True,-1.0,2.3543719707793933
2023,9,401524042,24,264,Stanford,Washington,regular,False,33.0,42.0,8,-0.17548701886079596,0.3519046037730751,5,6,5,26.0576,-10.706059945944359,False,False,True,-9.0,1.706059945944359
2023,9,401524043,26,38,UCLA,Colorado,regular,False,28.0,16.0,8,0.2566834539323099,0.08198892374883573,5,7,5,26.0576,7.588620189708897,True,True,True,12.0,4.411379810291103
2023,9,401524044,254,2483,Utah,Oregon,regular,False,6.0,35.0,8,0.07157631865909586,0.3649301360534996,5,6,5,26.0576,-4.607596432136416,False,False,True,-29.0,24.392403567863585
2023,9,401525440,87,221,Notre Dame,Pittsburgh,regular,False,58.0,7.0,8,0.3258619179097295,-0.02602179879010573,7,6,6,42.0032,17.81674212928652,True,True,True,51.0,33.183257870713476
2023,9,401525533,259,183,Virginia Tech,Syracuse,regular,False,38.0,10.0,8,-0.045294132844493316,0.17751733855466403,7,6,6,42.0032,-6.322294795473086,False,True,False,28.0,34.322294795473084
2023,9,401525534,152,228,NC State,Clemson,regular,False,24.0,17.0,8,0.08832270463428807,0.2534573703086704,6,5,5,26.0576,-1.2665130642767846,False,True,False,7.0,8.266513064276785
2023,9,401525535,97,150,Louisville,Duke,regular,False,23.0,0.0,8,0.24621670358523468,0.30504237665199657,5,6,5,26.0576,1.5036441414955453,True,True,True,23.0,21.496355858504455
2023,9,401525536,154,52,Wake Forest,Florida State,regular,False,16.0,41.0,8,-0.10661231866829295,0.40749971430768417,6,7,6,42.0032,-18.55785054349656,False,False,True,-25.0,6.44214945650344
2023,9,401525537,59,153,Georgia Tech,North Carolina,regular,False,46.0,42.0,8,-0.07172434264612987,0.2561828175736434,4,7,4,26.0576,-5.507973618142765,False,True,False,4.0,9.507973618142765
2023,9,401525538,2390,258,Miami,Virginia,regular,False,29.0,26.0,8,0.24015138440148331,0.06423647630844997,5,6,5,26.0576,7.620420309125026,True,True,True,3.0,4.620420309125026
2023,9,401525873,239,66,Baylor,Iowa State,regular,False,18.0,30.0,8,-0.06985518611151444,0.21358739826938417,6,6,6,42.0032,-8.86899556026776,False,False,True,-12.0,3.1310044397322407
2023,9,401525874,2305,201,Kansas,Oklahoma,regular,False,38.0,33.0,8,0.050544397740709346,0.5043367773317828,6,7,6,42.0032,-16.024232078439777,False,True,False,5.0,21.024232078439777
2023,9,401525875,2306,248,Kansas State,Houston,regular,False,41.0,0.0,8,0.3590414722092188,0.02185912128999004,6,7,6,42.0032,17.199237722130547,True,True,True,41.0,23.800762277869453
2023,9,401525876,197,2132,Oklahoma State,Cincinnati,regular,False,45.0,13.0,8,0.09928529569514916,0.07456035099272053,6,6,6,42.0032,4.07502679732505,True,True,True,32.0,27.92497320267495
2023,9,401525877,251,252,Texas,BYU,regular,False,35.0,6.0,8,0.32223312048961,-0.07946498997901492,7,6,6,42.0032,19.909106073635748,True,True,True,29.0,9.090893926364252
2023,9,401525878,2116,277,UCF,West Virginia,regular,False,28.0,41.0,8,-0.0550279283116843,0.014626391088685617,6,5,5,26.0576,1.2214756067929209,True,False,False,-13.0,14.221475606792922
2023,9,401531342,2567,202,SMU,Tulsa,regular,False,69.0,10.0,8,-0.0890511907787142,-0.15468688719955878,6,6,6,42.0032,5.793409283904019,True,True,True,59.0,53.20659071609598
2023,9,401531373,242,2655,Rice,Tulane,regular,False,28.0,30.0,8,0.06185581511737002,-0.026037826618516738,6,6,6,42.0032,6.728314212560798,True,False,False,-2.0,8.728314212560798
2023,9,401531398,2636,151,UTSA,East Carolina,regular,False,41.0,27.0,8,-0.059881420386525615,-0.1384171881962397,7,6,6,42.0032,6.335253562464983,True,True,True,14.0,7.664746437535017
2023,9,401531407,2429,2226,Charlotte,Florida Atlantic,regular,False,16.0,38.0,8,-0.18143035536698385,-0.0805417101825242,6,6,6,42.0032,-1.2011459414118946,False,False,True,-22.0,20.798854058588105
2023,9,401531430,249,235,North Texas,Memphis,regular,False,42.0,45.0,8,-0.32856669122843596,0.09645357469528287,6,6,6,42.0032,-14.815711233647146,False,False,True,-3.0,11.815711233647146
2023,9,401531898,2026,2572,App State,Southern Miss,regular,False,48.0,38.0,8,-0.05190893909455961,-0.2877450076879592,6,6,6,42.0032,12.94236955634228,True,True,True,10.0,2.94236955634228
2023,9,401531899,324,276,Coastal Carolina,Marshall,regular,False,34.0,6.0,8,-0.057992045159256725,0.025510590388343128,6,6,6,42.0032,-0.47087790143294583,False,True,False,28.0,28.470877901432946
2023,9,401531900,256,295,James Madison,Old Dominion,regular,False,30.0,27.0,8,0.21721328472226384,-0.18437062822338804,6,6,6,42.0032,19.904309412238806,True,True,True,3.0,16.904309412238806
2023,9,401531901,2433,2032,UL Monroe,Arkansas State,regular,False,24.0,34.0,8,-0.2381695429396044,-0.2631819997794635,6,6,6,42.0032,4.0871032271359695,True,False,False,-10.0,14.08710322713597
2023,9,401531902,6,309,South Alabama,Louisiana,regular,False,20.0,33.0,8,0.2194907649654506,-0.07158655565170415,6,5,5,26.0576,10.621276389713572,True,False,False,-13.0,23.62127638971357
2023,9,401531903,326,2653,Texas State,Troy,regular,False,13.0,31.0,8,-0.11008968814552368,0.31531338007565113,6,6,6,42.0032,-14.831790155107647,False,False,True,-18.0,3.1682098448923526
2023,9,401531929,290,2247,Georgia Southern,Georgia State,regular,False,44.0,27.0,8,-0.005788722808603937,0.0038422836960136098,6,5,5,26.0576,2.785539084905278,True,True,True,17.0,14.214460915094723
2023,9,401532431,2199,2711,Eastern Michigan,Western Michigan,regular,False,21.0,45.0,8,-0.3579038941569575,-0.1848451598198027,7,7,7,42.0032,-4.23252063011038,False,False,True,-24.0,19.76747936988962
2023,9,401532432,195,193,Ohio,Miami (OH),regular,False,16.0,30.0,8,-0.017459677960100565,-0.1413585280227797,7,7,7,42.0032,8.240648178952725,True,False,False,-14.0,22.240648178952725
2023,9,401532603,36,2005,Colorado State,Air Force,regular,False,13.0,30.0,8,-0.10423877250638647,0.2103073914683628,6,6,6,42.0032,-10.175445434664189,False,False,True,-17.0,6.824554565335811
2023,9,401532604,2440,167,Nevada,New Mexico,regular,False,34.0,24.0,8,-0.24914252920162822,-0.2362265076298678,5,6,5,26.0576,2.699939476291696,True,True,True,10.0,7.300060523708304
2023,9,401532605,62,23,Hawai'i,San José State,regular,False,0.0,35.0,8,-0.235532056227221,-0.050769407340099486,7,7,7,42.0032,-4.724122493735543,False,False,True,-35.0,30.275877506264457
2023,9,401532606,278,2439,Fresno State,UNLV,regular,False,31.0,24.0,8,-0.021104943405008042,-0.018200485164975785,6,6,6,42.0032,2.9145034596522774,True,True,True,7.0,4.085496540347723
2023,9,401532607,68,2751,Boise State,Wyoming,regular,False,32.0,7.0,8,0.0021502558107140274,-0.04143179511936748,6,6,6,42.0032,4.8670856016264,True,True,True,25.0,20.1329143983736
2023,10,401520361,2005,349,Air Force,Army,regular,True,3.0,23.0,9,0.14510052873277463,-0.2861554827024492,7,7,7,42.0032,18.114132499515993,True,False,False,-20.0,38.11413249951599
2023,10,401520362,333,99,Alabama,LSU,regular,False,42.0,28.0,9,0.2324560470018474,0.4033756280615333,8,7,7,42.0032,-4.142669347166199,False,True,False,14.0,18.142669347166198
2023,10,401520363,57,8,Florida,Arkansas,regular,False,36.0,39.0,9,0.0850713596067272,0.11207573190839763,7,7,7,42.0032,1.9022299493384764,True,False,False,-3.0,4.9022299493384764
2023,10,401520364,61,142,Georgia,Missouri,regular,False,30.0,21.0,9,0.3015497354949943,0.2251028329213821,7,7,7,42.0032,6.2475145381799475,True,True,True,9.0,2.7524854618200525
2023,10,401520365,84,275,Indiana,Wisconsin,regular,False,20.0,14.0,9,0.0979130429632935,0.14270294069871908,7,8,7,42.0032,1.1551809674393727,True,True,True,6.0,4.844819032560627
2023,10,401520366,2335,2348,Liberty,Louisiana Tech,regular,False,56.0,30.0,9,0.10100677526847211,-0.17966188669745345,8,8,8,54.4874,18.329405652002173,True,True,True,26.0,7.670594347997827
2023,10,401520367,120,213,Maryland,Penn State,regular,False,15.0,51.0,9,0.08613748043007968,0.26380812378720675,7,6,6,42.0032,-4.42623556705808,False,False,True,-36.0,31.57376443294192
2023,10,401520368,130,2509,Michigan,Purdue,regular,False,41.0,13.0,9,0.40912628135736695,-0.009835046126941253,8,8,8,54.4874,25.864613435168494,True,True,True,28.0,2.1353865648315065
2023,10,401520369,127,158,Michigan State,Nebraska,regular,False,20.0,17.0,9,0.009731611497643247,0.19422906006055424,7,8,7,42.0032,-4.712983231477663,False,True,False,3.0,7.712983231477663
2023,10,401520370,135,356,Minnesota,Illinois,regular,False,26.0,27.0,9,0.13574766762269652,0.1409190139759428,8,8,8,54.4874,2.7547267827121287,True,False,False,-1.0,3.7547267827121287
2023,10,401520371,344,96,Mississippi State,Kentucky,regular,False,3.0,24.0,9,-0.033251538091441345,0.04204160287438885,7,7,7,42.0032,-0.12605285861595883,False,False,True,-21.0,20.87394714138404
2023,10,401520372,166,2393,New Mexico State,Middle Tennessee,regular,False,13.0,7.0,9,-0.14532108685812056,-0.11531273076206326,8,7,7,42.0032,1.7760530172260862,True,True,True,6.0,4.223946982773914
2023,10,401520373,77,2294,Northwestern,Iowa,regular,True,7.0,10.0,9,0.0731465481920652,0.08107296342555098,7,8,7,42.0032,-0.3329348043351498,False,False,True,-3.0,2.66706519566485
2023,10,401520374,145,245,Ole Miss,Texas A&M,regular,False,38.0,35.0,9,0.2534726729290251,0.21971615528765773,6,8,6,42.0032,4.454381761793882,True,True,True,3.0,1.454381761793882
2023,10,401520375,164,194,Rutgers,Ohio State,regular,False,16.0,35.0,9,0.18078603838855736,0.5174018557827667,7,7,7,42.0032,-11.102441501172452,False,False,True,-19.0,7.897558498827548
2023,10,401520376,2579,55,South Carolina,Jacksonville State,regular,False,38.0,28.0,9,-0.022928112766032297,-0.049005022947984825,7,8,7,42.0032,4.131813673754588,True,True,True,10.0,5.868186326245412
2023,10,401520377,2633,41,Tennessee,UConn,regular,False,59.0,3.0,9,0.2307916803411844,-0.142602639484498,7,8,7,42.0032,18.7202562945021,True,True,True,56.0,37.2797437054979
2023,10,401520378,2638,98,UTEP,Western Kentucky,regular,False,13.0,21.0,9,-0.2505390481063282,-0.08565150136880341,8,7,7,42.0032,-3.889304603125602,False,False,True,-8.0,4.110695396874398
2023,10,401520379,238,2,Vanderbilt,Auburn,regular,False,15.0,31.0,9,-0.12151577632091022,0.08792048634518303,8,7,7,42.0032,-5.760493228016447,False,False,True,-16.0,10.239506771983553
2023,10,401524045,12,26,Arizona,UCLA,regular,False,27.0,10.0,9,0.16032631899932004,0.23353467032510433,6,7,6,42.0032,-0.038485022407182434,False,True,False,17.0,17.038485022407183
2023,10,401524046,38,204,Colorado,Oregon State,regular,False,19.0,26.0,9,0.07102275707669548,0.2207897105247828,8,6,6,42.0032,-3.254191299070701,False,False,True,-7.0,3.745808700929299
2023,10,401524047,2483,25,Oregon,California,regular,False,63.0,19.0,9,0.36812719948249023,0.0140403798376528,7,7,7,42.0032,17.90927950290604,True,True,True,44.0,26.09072049709396
2023,10,401524048,30,264,USC,Washington,regular,False,42.0,52.0,9,0.16402553222968508,0.21457644814175375,9,8,8,54.4874,0.28211202433274973,True,False,False,-10.0,10.28211202433275
2023,10,401524049,254,9,Utah,Arizona State,regular,False,55.0,3.0,9,0.061418623477419595,-0.062398310941898794,7,6,6,42.0032,8.237207459801514,True,True,True,52.0,43.76279254019849
2023,10,401524050,265,24,Washington State,Stanford,regular,False,7.0,10.0,9,-0.013185913414325207,-0.1435897983918374,6,7,6,42.0032,8.513880461487439,True,False,False,-3.0,11.513880461487439
2023,10,401525441,228,87,Clemson,Notre Dame,regular,False,31.0,23.0,9,0.16146686960365064,0.31318738031121396,7,8,7,42.0032,-3.336246955351923,False,True,False,8.0,11.336246955351923
2023,10,401525539,150,154,Duke,Wake Forest,regular,False,24.0,21.0,9,0.22631655710326665,-0.10947613246445465,7,7,7,42.0032,17.14086749845091,True,True,True,3.0,14.140867498450909
2023,10,401525540,183,103,Syracuse,Boston College,regular,False,10.0,17.0,9,0.05075589867916287,0.03297654520778394,7,7,7,42.0032,3.7832897397290237,True,False,False,-7.0,10.783289739729025
2023,10,401525541,221,52,Pittsburgh,Florida State,regular,False,7.0,24.0,9,-0.02640791406276559,0.33410219145183273,7,8,7,42.0032,-12.106078063950777,False,False,True,-17.0,4.893921936049223
2023,10,401525542,258,59,Virginia,Georgia Tech,regular,False,17.0,45.0,9,0.06052141655403173,-0.06768803181238367,7,4,4,26.0576,6.377330521752706,True,False,False,-28.0,34.377330521752704
2023,10,401525543,97,259,Louisville,Virginia Tech,regular,False,34.0,3.0,9,0.30318190743076723,-0.03253392719500301,6,8,6,42.0032,17.137639344953154,True,True,True,31.0,13.862360655046846
2023,10,401525544,152,2390,NC State,Miami,regular,False,20.0,6.0,9,0.04433587589065931,0.2660557284431646,7,7,7,42.0032,-6.2764433107333915,False,True,False,14.0,20.27644331073339
2023,10,401525879,2641,2628,Texas Tech,TCU,regular,False,35.0,28.0,9,0.08565998782119864,0.1787940629987898,7,7,7,42.0032,-0.8754291864993968,False,True,False,7.0,7.875429186499397
2023,10,401525880,239,248,Baylor,Houston,regular,False,24.0,25.0,9,-0.06862291274233899,-0.0022139900432796254,7,8,7,42.0032,0.24711273808686984,True,False,False,-1.0,1.2471127380868698
2023,10,401525881,2132,2116,Cincinnati,UCF,regular,False,26.0,28.0,9,0.0782876343524397,-0.06054416881619257,6,7,6,42.0032,8.867879994852695,True,False,False,-2.0,10.867879994852695
2023,10,401525882,66,2305,Iowa State,Kansas,regular,False,21.0,28.0,9,0.17420358128027816,0.14747750681582966,7,7,7,42.0032,4.159080650945123,True,False,False,-7.0,11.159080650945123
2023,10,401525883,197,201,Oklahoma State,Oklahoma,regular,False,27.0,24.0,9,0.1487012063307585,0.466922983437814,6,8,6,42.0032,-10.329832948183073,False,True,False,3.0,13.329832948183073
2023,10,401525884,251,2306,Texas,Kansas State,regular,False,33.0,30.0,9,0.3239075082461964,0.3425547275920482,8,7,7,42.0032,2.2532571163723185,True,True,True,3.0,0.7467428836276815
2023,10,401525885,277,252,West Virginia,BYU,regular,False,37.0,7.0,9,0.06042216529950732,-0.041257347679399994,6,7,6,42.0032,7.30736491955564,True,True,True,30.0,22.69263508044436
2023,10,401531343,202,2429,Tulsa,Charlotte,regular,False,26.0,33.0,9,-0.25448308656633245,-0.26150041321828693,7,7,7,42.0032,3.3312501748273746,True,False,False,-7.0,10.331250174827375
2023,10,401531374,151,2655,East Carolina,Tulane,regular,False,10.0,13.0,9,-0.16921411861547977,-0.03274490745726971,7,7,7,42.0032,-2.695643570120529,False,False,True,-3.0,0.304356429879471
2023,10,401531383,5,2226,UAB,Florida Atlantic,regular,False,45.0,42.0,9,-0.010045940174775704,-0.11224700072973243,7,7,7,42.0032,7.329271586701958,True,True,True,3.0,4.329271586701958
2023,10,401531392,218,2426,Temple,Navy,regular,False,32.0,18.0,9,-0.46248633207698886,-0.22243267375233897,7,6,6,42.0032,-7.046521821341933,False,True,False,14.0,21.046521821341933
2023,10,401531399,249,2636,North Texas,UTSA,regular,False,29.0,37.0,9,-0.26543180284943035,-0.07712532409373651,7,8,7,42.0032,-4.872974688471159,False,False,True,-8.0,3.1270253115288407
2023,10,401531425,235,58,Memphis,South Florida,regular,False,59.0,50.0,9,0.019493469026100683,-0.17348620723187536,7,7,7,42.0032,11.14226393779902,True,True,True,9.0,2.1422639377990205
2023,10,401531440,242,2567,Rice,SMU,regular,False,31.0,36.0,9,0.06511558498587022,-0.02934560510818996,7,7,7,42.0032,7.004172259758828,True,False,False,-5.0,12.004172259758828
2023,10,401531904,2653,6,Troy,South Alabama,regular,False,28.0,10.0,9,0.26504877817213185,0.20893224002442895,7,7,7,42.0032,5.393574175125595,True,True,True,18.0,12.606425824874405
2023,10,401531905,2026,276,App State,Marshall,regular,False,31.0,9.0,9,-0.07018425455053179,-0.0670506640286555,7,7,7,42.0032,2.9048791705915264,True,True,True,22.0,19.095120829408472
2023,10,401531906,2247,256,Georgia State,James Madison,regular,False,14.0,42.0,9,-0.03340179788012298,0.19101567238258432,7,6,6,42.0032,-6.389751886938548,False,False,True,-28.0,21.610248113061452
2023,10,401531907,295,324,Old Dominion,Coastal Carolina,regular,False,24.0,28.0,9,-0.1910665718348198,0.02258633549416569,6,7,6,42.0032,-5.937605797120842,False,False,True,-4.0,1.9376057971208418
2023,10,401531908,2032,309,Arkansas State,Louisiana,regular,False,37.0,17.0,9,-0.2622657391031898,-0.0538489685360058,7,7,7,42.0032,-5.717671297487543,False,True,False,20.0,25.71767129748754
2023,10,401531909,2572,2433,Southern Miss,UL Monroe,regular,False,24.0,7.0,9,-0.2810816721871703,-0.2202455601861904,7,7,7,42.0032,0.4811886204004421,True,True,True,17.0,16.51881137959956
2023,10,401531910,326,290,Texas State,Georgia Southern,regular,False,45.0,24.0,9,-0.02585250393204374,0.02728469641352776,7,7,7,42.0032,0.8045675464448916,True,True,True,21.0,20.195432453555107
2023,10,401532433,2117,2459,Central Michigan,Northern Illinois,regular,False,37.0,31.0,9,-0.3019025296603442,-0.009364329750343688,7,7,7,42.0032,-9.251040518459734,False,True,False,6.0,15.251040518459734
2023,10,401532434,2649,2084,Toledo,Buffalo,regular,False,31.0,13.0,9,0.0903275528947857,-0.11952192678310189,7,7,7,42.0032,11.850849664806248,True,True,True,18.0,6.149150335193752
2023,10,401532435,189,2050,Bowling Green,Ball State,regular,False,24.0,21.0,9,0.007173390026855249,-0.29087984634026903,7,7,7,42.0032,15.555689697775595,True,True,True,3.0,12.555689697775595
2023,10,401532436,2006,2309,Akron,Kent State,regular,False,31.0,27.0,9,-0.35622865842041196,-0.33809806563269434,7,7,7,42.0032,2.2749570850189396,True,True,True,4.0,1.7250429149810604
2023,10,401532608,278,68,Fresno State,Boise State,regular,False,37.0,30.0,9,0.00955598666445355,0.043534835566329956,6,7,6,42.0032,1.6092796138047052,True,True,True,7.0,5.390720386195294
2023,10,401532609,2751,36,Wyoming,Colorado State,regular,False,24.0,15.0,9,-0.11846516903195482,-0.08285839025689297,7,7,7,42.0032,1.5409013497553221,True,True,True,9.0,7.459098650244678
2023,10,401532610,2440,62,Nevada,Hawai'i,regular,False,14.0,27.0,9,-0.18571079951747793,-0.2598765317408277,6,7,6,42.0032,6.151698083723805,True,False,False,-13.0,19.151698083723804
2023,10,401532611,167,2439,New Mexico,UNLV,regular,False,14.0,56.0,9,-0.23925524036380474,0.030895586316114512,6,6,6,42.0032,-8.310699203201983,False,False,True,-42.0,33.689300796798015
2023,10,401532612,21,328,San Diego State,Utah State,regular,False,24.0,32.0,9,-0.2665543719938261,0.036492165361278334,7,7,7,42.0032,-9.692424317833924,False,False,True,-8.0,1.6924243178339236
2023,11,401520380,8,2,Arkansas,Auburn,regular,False,10.0,48.0,10,0.10481532190318209,0.05440637825521747,8,8,8,54.4874,5.783152276124108,True,False,False,-38.0,43.783152276124106
2023,11,401520382,61,145,Georgia,Ole Miss,regular,False,52.0,17.0,10,0.3241431517587304,0.24844322293803148,8,7,7,42.0032,6.21613925024158,True,True,True,35.0,28.783860749758418
2023,11,401520383,356,84,Illinois,Indiana,regular,False,48.0,45.0,10,0.13676182417387023,0.11367908804679248,9,8,8,54.4874,4.294218276450536,True,True,True,3.0,1.294218276450536
2023,11,401520384,2294,164,Iowa,Rutgers,regular,False,22.0,0.0,10,0.04270005494882606,0.21245471411514488,9,8,8,54.4874,-6.21299001585888,False,True,False,22.0,28.212990015858878
2023,11,401520385,256,41,James Madison,UConn,regular,False,44.0,6.0,10,0.12472698876498825,-0.23633755716677302,8,9,8,54.4874,22.709968340002252,True,True,True,38.0,15.290031659997748
2023,11,401520386,96,333,Kentucky,Alabama,regular,False,21.0,49.0,10,0.06455885062086655,0.26239051569544697,8,9,8,54.4874,-7.742833067584693,False,False,True,-28.0,20.25716693241531
2023,11,401520387,2348,2534,Louisiana Tech,Sam Houston,regular,False,27.0,42.0,10,-0.18313508763056205,-0.27655110445553677,9,8,8,54.4874,8.126495875149129,True,False,False,-15.0,23.12649587514913
2023,11,401520388,2335,295,Liberty,Old Dominion,regular,False,38.0,10.0,10,0.06484804020715332,-0.07297617249002854,9,8,8,54.4874,10.546183006916428,True,True,True,28.0,17.45381699308357
2023,11,401520389,99,57,LSU,Florida,regular,False,52.0,35.0,10,0.3678789915494281,0.09479398128732966,8,8,8,54.4874,17.916192188155062,True,True,True,17.0,0.9161921881550619
2023,11,401520390,2393,2229,Middle Tennessee,Florida International,regular,False,40.0,6.0,10,-0.14618430749842704,-0.34568842319861265,8,8,8,54.4874,13.906960553802294,True,True,True,34.0,20.093039446197707
2023,11,401520391,142,2633,Missouri,Tennessee,regular,False,36.0,7.0,10,0.2627670246649561,0.26988677579158393,8,8,8,54.4874,2.648563272462979,True,True,True,29.0,26.35143672753702
2023,11,401520392,158,120,Nebraska,Maryland,regular,False,10.0,13.0,10,0.13631307415702462,0.09315305060732425,9,8,8,54.4874,5.3881774671619445,True,False,False,-3.0,8.388177467161945
2023,11,401520393,194,127,Ohio State,Michigan State,regular,False,38.0,3.0,10,0.49521001595338143,0.0376691957268318,8,8,8,54.4874,27.966709688012102,True,True,True,35.0,7.033290311987898
2023,11,401520394,213,130,Penn State,Michigan,regular,False,15.0,24.0,10,0.32539434761557534,0.37738170964557644,7,9,7,42.0032,0.8528644351814583,True,False,False,-9.0,9.85286443518146
2023,11,401520395,2509,135,Purdue,Minnesota,regular,False,49.0,30.0,10,0.08191572582650586,0.0951050179450221,9,9,9,54.4874,2.3178497646215583,True,True,True,19.0,16.68215023537844
2023,11,401520396,2579,238,South Carolina,Vanderbilt,regular,False,47.0,6.0,10,-0.010014123489124085,-0.08722849826491486,8,9,8,54.4874,7.2437105241584225,True,True,True,41.0,33.75628947584158
2023,11,401520397,245,344,Texas A&M,Mississippi State,regular,False,51.0,10.0,10,0.2179567832449212,-0.026063773961730992,9,8,8,54.4874,16.33254570874174,True,True,True,41.0,24.66745429125826
2023,11,401520398,275,77,Wisconsin,Northwestern,regular,False,10.0,24.0,10,0.08447191096318082,0.05076440087381552,9,8,8,54.4874,4.8731345852432835,True,False,False,-14.0,18.873134585243285
2023,11,401520399,98,166,Western Kentucky,New Mexico State,regular,False,29.0,38.0,10,-0.11481968525964237,-0.16502550033108646,7,9,7,42.0032,5.14530489160888,True,False,False,-9.0,14.14530489160888
2023,11,401524051,25,265,California,Washington State,regular,False,42.0,39.0,10,-0.007626245473041995,-0.11265889526182668,8,7,7,42.0032,7.448207395608281,True,True,True,3.0,4.448207395608281
2023,11,401524052,38,12,Colorado,Arizona,regular,False,31.0,34.0,10,0.05440946417557846,0.13872997294957107,8,7,7,42.0032,-0.5052311941357659,False,False,True,-3.0,2.494768805864234
2023,11,401524053,2483,30,Oregon,USC,regular,False,36.0,27.0,10,0.4047087069066203,0.15251095629211858,8,10,8,54.4874,16.7780997168326,True,True,True,9.0,7.7780997168326
2023,11,401524054,204,24,Oregon State,Stanford,regular,False,62.0,17.0,10,0.17845992806571692,-0.13303507527433306,7,7,7,42.0032,16.120286924292788,True,True,True,45.0,28.879713075707212
2023,11,401524055,26,9,UCLA,Arizona State,regular,False,7.0,17.0,10,0.2015485934438237,-0.09002982667543888,7,8,7,42.0032,15.283726695953412,True,False,False,-10.0,25.283726695953412
2023,11,401524056,264,254,Washington,Utah,regular,False,35.0,28.0,10,0.2332219310811098,0.1409253584281369,9,8,8,54.4874,8.065500272771597,True,True,True,7.0,1.0655002727715974
2023,11,401525546,97,258,Louisville,Virginia,regular,False,31.0,24.0,10,0.33326320028328194,-0.00989261311196836,7,8,7,42.0032,17.45014226120338,True,True,True,7.0,10.450142261203379
2023,11,401525547,103,259,Boston College,Virginia Tech,regular,False,22.0,48.0,10,0.03433510832356945,-0.05506070814260497,8,9,8,54.4874,7.907445610119033,True,False,False,-26.0,33.907445610119034
2023,11,401525548,228,59,Clemson,Georgia Tech,regular,False,42.0,21.0,10,0.15550389613339227,0.06916120796111495,8,6,6,42.0032,6.663169199837799,True,True,True,21.0,14.3368308001622
2023,11,401525549,153,150,North Carolina,Duke,regular,False,47.0,45.0,10,0.1788383183468083,0.17936105209098552,8,8,8,54.4874,3.0080175973875183,True,True,True,2.0,1.0080175973875183
2023,11,401525550,52,2390,Florida State,Miami,regular,False,27.0,20.0,10,0.32642720775882045,0.27896263363501916,9,7,7,42.0032,5.030163999836851,True,True,True,7.0,1.9698360001631494
2023,11,401525551,154,152,Wake Forest,NC State,regular,False,6.0,26.0,10,-0.07197415281328207,0.005129752766627263,8,7,7,42.0032,-0.20211076685404716,False,False,True,-20.0,19.797889233145952
2023,11,401525552,183,221,Syracuse,Pittsburgh,regular,True,28.0,13.0,10,0.018927559313676595,-0.017838005377141142,8,8,8,54.4874,2.0032600295344625,True,True,True,15.0,12.996739970465537
2023,11,401525886,252,66,BYU,Iowa State,regular,False,13.0,45.0,10,-0.07592163593124018,0.16808394407192168,8,8,8,54.4874,-10.258729639864281,False,False,True,-32.0,21.74127036013572
2023,11,401525887,248,2132,Houston,Cincinnati,regular,False,14.0,24.0,10,-0.05182353625888544,0.03512447633019468,9,8,8,54.4874,-1.7010711411462438,False,False,True,-10.0,8.298928858853756
2023,11,401525888,2305,2641,Kansas,Texas Tech,regular,False,13.0,16.0,10,0.16982389781227974,0.10126989208592523,8,8,8,54.4874,6.77182953161417,True,False,False,-3.0,9.77182953161417
2023,11,401525889,2306,239,Kansas State,Baylor,regular,False,59.0,25.0,10,0.3957753486055382,-0.04380912308732672,8,8,8,54.4874,26.988314942917807,True,True,True,34.0,7.011685057082193
2023,11,401525890,201,277,Oklahoma,West Virginia,regular,False,59.0,20.0,10,0.46956050457028187,0.1317976149251699,9,7,7,42.0032,17.223622206341567,True,True,True,39.0,21.776377793658433
2023,11,401525891,2628,251,TCU,Texas,regular,False,26.0,29.0,10,0.1854846881197154,0.2967768443470249,8,9,8,54.4874,-3.027520233219902,False,False,True,-3.0,0.027520233219902046
2023,11,401525892,2116,197,UCF,Oklahoma State,regular,False,45.0,3.0,10,0.0003793751008180912,0.23307529992789447,8,8,8,54.4874,-9.642495934422842,False,True,False,42.0,51.64249593442284
2023,11,401531344,2655,202,Tulane,Tulsa,regular,False,24.0,22.0,10,-0.04312324956751508,-0.270801172985208,8,8,8,54.4874,15.442078084429204,True,True,True,2.0,13.442078084429204
2023,11,401531384,2426,5,Navy,UAB,regular,False,31.0,6.0,10,-0.3367504221401432,-0.05375007459979993,7,8,7,42.0032,-8.850420197806548,False,True,False,25.0,33.85042019780655
2023,11,401531393,58,218,South Florida,Temple,regular,False,27.0,23.0,10,-0.20075676127983144,-0.40655340418353514,8,8,8,54.4874,14.249824000551266,True,True,True,4.0,10.249824000551266
2023,11,401531400,2636,242,UTSA,Rice,regular,False,34.0,14.0,10,-0.10287944609597346,0.022744827218859523,9,8,8,54.4874,-3.8084400298146317,False,True,False,20.0,23.808440029814633
2023,11,401531408,2429,235,Charlotte,Memphis,regular,False,38.0,44.0,10,-0.2508889951954112,0.00024189199361449726,8,8,8,54.4874,-10.64696910262332,False,False,True,-6.0,4.64696910262332
2023,11,401531416,2226,151,Florida Atlantic,East Carolina,regular,False,7.0,22.0,10,-0.14617096373957056,-0.15744211710506625,8,8,8,54.4874,3.6506358418871105,True,False,False,-15.0,18.65063584188711
2023,11,401531437,2567,249,SMU,North Texas,regular,False,45.0,21.0,10,-0.022966640166426702,-0.24848855291846164,8,8,8,54.4874,15.324602668885229,True,True,True,24.0,8.675397331114771
2023,11,401531911,309,2572,Louisiana,Southern Miss,regular,False,31.0,34.0,10,-0.06505873346516558,-0.2048588613547183,8,8,8,54.4874,10.653845488369216,True,False,False,-3.0,13.653845488369216
2023,11,401531912,324,326,Coastal Carolina,Texas State,regular,False,31.0,23.0,10,-0.0015409897303279574,0.016166538734761662,8,8,8,54.4874,2.071662813511276,True,True,True,8.0,5.928337186488724
2023,11,401531913,2247,2026,Georgia State,App State,regular,False,14.0,42.0,10,-0.06006542632801391,-0.016142069487771804,8,8,8,54.4874,0.6432304865029921,True,False,False,-28.0,28.643230486502993
2023,11,401531914,276,290,Marshall,Georgia Southern,regular,False,38.0,33.0,10,-0.11893432487039741,-0.016486867857266614,8,8,8,54.4874,-2.5455955692572623,False,True,False,5.0,7.545595569257262
2023,11,401531915,2433,2653,UL Monroe,Troy,regular,False,14.0,45.0,10,-0.22801281081149505,0.27577476614205815,8,8,8,54.4874,-24.41357522049903,False,False,True,-31.0,6.58642477950097
2023,11,401531916,6,2032,South Alabama,Arkansas State,regular,False,21.0,14.0,10,0.19807007614719196,-0.21531914306640287,8,8,8,54.4874,25.561003742978826,True,True,True,7.0,18.561003742978826
2023,11,401532437,2459,2050,Northern Illinois,Ball State,regular,False,17.0,20.0,10,-0.03911945686531047,-0.25244331149948046,8,8,8,54.4874,14.659962196993874,True,False,False,-3.0,17.659962196993874
2023,11,401532438,2711,2117,Western Michigan,Central Michigan,regular,False,38.0,28.0,10,-0.20819838104928085,-0.26887457297118167,8,8,8,54.4874,6.342587939725379,True,True,True,10.0,3.6574120602746207
2023,11,401532439,2084,195,Buffalo,Ohio,regular,False,10.0,20.0,10,-0.0763845265037435,0.00971757883037249,8,8,8,54.4874,-1.6549798541821117,False,False,True,-10.0,8.345020145817887
2023,11,401532440,2649,2199,Toledo,Eastern Michigan,regular,False,49.0,23.0,10,0.06317041459714155,-0.3186636832579842,8,8,8,54.4874,23.84164722347138,True,True,True,26.0,2.15835277652862
2023,11,401532441,193,2006,Miami (OH),Akron,regular,False,19.0,0.0,10,-0.07453591631407315,-0.3112377219954922,8,8,8,54.4874,15.933765966885755,True,True,True,19.0,3.0662340331142452
2023,11,401532442,2309,189,Kent State,Bowling Green,regular,False,19.0,49.0,10,-0.33512369351055604,-0.0017957638855793934,8,8,8,54.4874,-15.125672232647954,False,False,True,-30.0,14.874327767352046
2023,11,401532613,62,2005,Hawai'i,Air Force,regular,False,27.0,13.0,10,-0.2775806179457111,0.04033355050801551,9,8,8,54.4874,-14.285816462205585,False,True,False,14.0,28.285816462205585
2023,11,401532614,23,278,San José State,Fresno State,regular,False,42.0,18.0,10,-0.0954779202552743,0.014610860176532306,8,7,7,42.0032,-1.5875810622332587,False,True,False,24.0,25.58758106223326
2023,11,401532615,328,2440,Utah State,Nevada,regular,False,41.0,24.0,10,-0.009544275727912204,-0.23415500344438792,8,8,8,54.4874,15.2749545653787,True,True,True,17.0,1.7250454346213004
2023,11,401532616,68,167,Boise State,New Mexico,regular,False,42.0,14.0,10,0.03703847756293555,-0.3074455803595146,7,8,7,42.0032,17.505932781728255,True,True,True,28.0,10.494067218271745
2023,11,401532617,36,21,Colorado State,San Diego State,regular,False,22.0,19.0,10,-0.14299408042213668,-0.2999181322505224,8,8,8,54.4874,11.586883581593984,True,True,True,3.0,8.586883581593984
2023,11,401532618,2439,2751,UNLV,Wyoming,regular,False,34.0,14.0,10,0.052485643749723455,-0.10529317449887879,8,8,8,54.4874,11.63345758143889,True,True,True,20.0,8.36654241856111
2023,12,401520402,8,2229,Arkansas,Florida International,regular,False,44.0,20.0,11,0.06982399838270378,-0.34143590086392844,9,9,9,54.4874,25.444982634210948,True,True,True,24.0,1.4449826342109482
2023,12,401520403,349,324,Army,Coastal Carolina,regular,False,28.0,21.0,11,-0.20058512785024743,0.021700701611624372,8,9,8,54.4874,-9.075276904220795,False,True,False,7.0,16.075276904220793
2023,12,401520404,2,166,Auburn,New Mexico State,regular,False,10.0,31.0,11,0.10287920790102208,-0.11142258027579169,9,10,9,54.4874,14.713247253105324,True,False,False,-21.0,35.71324725310532
2023,12,401520405,84,127,Indiana,Michigan State,regular,False,21.0,24.0,11,0.011082210574481915,-0.022616033387575327,9,8,8,54.4874,4.872629698058198,True,False,False,-3.0,7.872629698058198
2023,12,401520406,2294,356,Iowa,Illinois,regular,False,15.0,13.0,11,0.10253357088783083,0.13123011653115815,10,10,10,54.4874,1.4728998389137669,True,True,True,2.0,0.5271001610862331
2023,12,401520407,55,2348,Jacksonville State,Louisiana Tech,regular,False,56.0,17.0,11,-0.07125598529874493,-0.20370033773285498,9,10,9,54.4874,10.25304840881833,True,True,True,39.0,28.74695159118167
2023,12,401520408,2335,113,Liberty,Massachusetts,regular,False,49.0,25.0,11,0.09570812400196221,-0.19136457878657503,10,9,9,54.4874,18.678345185920143,True,True,True,24.0,5.3216548140798565
2023,12,401520409,99,2247,LSU,Georgia State,regular,False,56.0,14.0,11,0.39146119747437413,-0.10064729185658261,8,9,8,54.4874,29.85021210157157,True,True,True,42.0,12.149787898428428
2023,12,401520410,120,130,Maryland,Michigan,regular,False,24.0,31.0,11,0.1386184740713431,0.4198489873486337,9,10,9,54.4874,-12.287019469145044,False,False,True,-7.0,5.287019469145044
2023,12,401520411,2393,2638,Middle Tennessee,UTEP,regular,False,34.0,30.0,11,-0.12888689741186293,-0.24899143034621213,9,9,9,54.4874,9.58068372780706,True,True,True,4.0,5.58068372780706
2023,12,401520412,344,2572,Mississippi State,Southern Miss,regular,False,41.0,20.0,11,-0.01403431655079114,-0.14198383485757915,8,9,8,54.4874,10.008136583789282,True,True,True,21.0,10.991863416210718
2023,12,401520413,142,57,Missouri,Florida,regular,False,33.0,31.0,11,0.29476107328765977,0.09634473197137274,9,8,8,54.4874,13.84769055583706,True,True,True,2.0,11.84769055583706
2023,12,401520414,77,2509,Northwestern,Purdue,regular,False,23.0,15.0,11,0.07429159860766346,0.07972612425027605,9,10,9,54.4874,2.7403868275007115,True,True,True,8.0,5.2596131724992885
2023,12,401520415,194,135,Ohio State,Minnesota,regular,False,37.0,3.0,11,0.49345388471537566,0.012756235172336823,8,10,8,54.4874,29.228465109711376,True,True,True,34.0,4.771534890288624
2023,12,401520416,145,2433,Ole Miss,UL Monroe,regular,False,35.0,3.0,11,0.262920942024724,-0.18655640596292872,7,9,7,42.0032,21.915986942994973,True,True,True,32.0,10.084013057005027
2023,12,401520417,213,164,Penn State,Rutgers,regular,False,27.0,6.0,11,0.38518398112968166,0.08627033043125046,8,9,8,54.4874,19.323527651065703,True,True,True,21.0,1.676472348934297
2023,12,401520418,2579,96,South Carolina,Kentucky,regular,False,17.0,14.0,11,0.041969181294889815,0.04926343241908817,9,9,9,54.4874,2.639055221295355,True,True,True,3.0,0.36094477870464514
2023,12,401520419,2633,61,Tennessee,Georgia,regular,False,10.0,38.0,11,0.230056629443813,0.3242827135798413,9,8,8,54.4874,-2.097634336753428,False,False,True,-28.0,25.90236566324657
2023,12,401520422,275,158,Wisconsin,Nebraska,regular,False,24.0,17.0,11,0.06771273063038166,0.07502860198448702,10,10,10,54.4874,2.63787719118032,True,True,True,7.0,4.36212280881968
2023,12,401520423,98,2534,Western Kentucky,Sam Houston,regular,False,28.0,23.0,11,-0.11078469385291448,-0.2516601342454856,9,9,9,54.4874,10.712436470846182,True,True,True,5.0,5.712436470846182
2023,12,401524057,265,38,Washington State,Colorado,regular,False,56.0,14.0,11,-0.06901046822192984,0.062367968994258755,9,10,9,54.4874,-4.121969459973354,False,True,False,42.0,46.12196945997336
2023,12,401524058,12,254,Arizona,Utah,regular,False,42.0,18.0,11,0.1699305690571073,0.16514565065926975,9,9,9,54.4874,3.2972177627103334,True,True,True,24.0,20.702782237289668
2023,12,401524059,9,2483,Arizona State,Oregon,regular,False,13.0,49.0,11,-0.08394680124678663,0.418101392477517,8,8,8,54.4874,-24.318800750733622,False,False,True,-36.0,11.681199249266378
2023,12,401524060,204,264,Oregon State,Washington,regular,False,20.0,22.0,11,0.21531800270824306,0.24794738112827194,9,10,9,54.4874,1.2586100062765182,True,False,False,-2.0,3.258610006276518
2023,12,401524061,24,25,Stanford,California,regular,False,15.0,27.0,11,-0.1323177634586273,-0.01712470166501032,9,9,9,54.4874,-3.2400704351735268,False,False,True,-12.0,8.759929564826473
2023,12,401524062,30,26,USC,UCLA,regular,False,20.0,38.0,11,0.16078570324639818,0.1873691515708236,10,8,8,54.4874,1.588037017767703,True,False,False,-18.0,19.588037017767704
2023,12,401525442,87,154,Notre Dame,Wake Forest,regular,False,45.0,7.0,11,0.3215220422742437,-0.053280997605866666,9,8,8,54.4874,23.458543155163525,True,True,True,38.0,14.541456844836475
2023,12,401525553,221,103,Pittsburgh,Boston College,regular,False,24.0,16.0,11,-0.04283126196468315,0.009191549035341237,9,9,9,54.4874,0.20191228791727145,True,True,True,8.0,7.7980877120827286
2023,12,401525554,228,153,Clemson,North Carolina,regular,False,31.0,20.0,11,0.18753122819030876,0.194358765562607,9,8,8,54.4874,2.664485240180637,True,True,True,11.0,8.335514759819363
2023,12,401525555,258,150,Virginia,Duke,regular,False,30.0,27.0,11,0.04494291699552799,0.20450660304263155,9,8,8,54.4874,-5.65771038712295,False,True,False,3.0,8.65771038712295
2023,12,401525557,59,183,Georgia Tech,Syracuse,regular,False,31.0,22.0,11,0.06119691947644693,0.08951905561622775,7,9,7,42.0032,1.8468796512935586,True,True,True,9.0,7.153120348706441
2023,12,401525558,2390,97,Miami,Louisville,regular,False,31.0,38.0,11,0.252229943749695,0.2816172793723345,9,8,8,54.4874,1.435260488994992,True,False,False,-7.0,8.435260488994992
2023,12,401525559,259,152,Virginia Tech,NC State,regular,False,28.0,35.0,11,-0.00272050993453472,0.04319722025572838,10,8,8,54.4874,0.5345622680310584,True,False,False,-7.0,7.534562268031058
2023,12,401525893,252,201,BYU,Oklahoma,regular,False,24.0,31.0,11,-0.08269445653087615,0.46285140425229976,8,9,8,54.4874,-26.68887553483722,False,False,True,-7.0,19.68887553483722
2023,12,401525894,248,197,Houston,Oklahoma State,regular,False,30.0,43.0,11,-0.04462229761275703,0.16713966144492495,9,9,9,54.4874,-8.501858567959541,False,False,True,-13.0,4.498141432040459
2023,12,401525895,66,251,Iowa State,Texas,regular,False,16.0,26.0,11,0.15489782193033902,0.29834461239245874,8,9,8,54.4874,-4.779542650625702,False,False,True,-10.0,5.220457349374298
2023,12,401525896,2305,2306,Kansas,Kansas State,regular,False,27.0,31.0,11,0.1634138766481876,0.36889825276666405,9,9,9,54.4874,-8.159809395317874,False,False,True,-4.0,4.159809395317874
2023,12,401525897,2628,239,TCU,Baylor,regular,False,42.0,17.0,11,0.183933896019096,-0.03978184178644918,8,9,8,54.4874,15.226188892105862,True,True,True,25.0,9.773811107894138
2023,12,401525898,2641,2116,Texas Tech,UCF,regular,False,24.0,23.0,11,0.12253537458948807,0.051997200009192335,9,9,9,54.4874,6.879941733626406,True,True,True,1.0,5.879941733626406
2023,12,401525899,277,2132,West Virginia,Cincinnati,regular,False,42.0,21.0,11,0.12760642245372866,0.024504489485820832,7,8,7,42.0032,7.367111110837627,True,True,True,21.0,13.632888889162373
2023,12,401531345,202,249,Tulsa,North Texas,regular,False,28.0,35.0,11,-0.2078243003944496,-0.2322021954213726,9,9,9,54.4874,4.364788117489964,True,False,False,-7.0,11.364788117489965
2023,12,401531375,2226,2655,Florida Atlantic,Tulane,regular,False,8.0,24.0,11,-0.17304997348001874,-0.05868584831034999,9,9,9,54.4874,-3.1949038337698097,False,False,True,-16.0,12.80509616623019
2023,12,401531385,5,218,UAB,Temple,regular,False,34.0,24.0,11,-0.14606683230880332,-0.3967284502527909,9,9,9,54.4874,16.69439984156123,True,True,True,10.0,6.6943998415612285
2023,12,401531401,2636,58,UTSA,South Florida,regular,False,49.0,21.0,11,-0.11654917213123367,-0.23728100690062487,9,9,9,54.4874,9.614863773813727,True,True,True,28.0,18.385136226186273
2023,12,401531409,2429,242,Charlotte,Rice,regular,False,7.0,28.0,11,-0.2217339018331892,0.04552685677306944,9,8,8,54.4874,-11.525843858482657,False,False,True,-21.0,9.474156141517343
2023,12,401531417,2426,151,Navy,East Carolina,regular,False,10.0,0.0,11,-0.2762040935841476,-0.16903316768979917,8,9,8,54.4874,-2.8029651075757203,False,True,False,10.0,12.80296510757572
2023,12,401531431,235,2567,Memphis,SMU,regular,False,34.0,38.0,11,-0.02984606013671972,-0.03641928156618694,9,9,9,54.4874,3.3946577453159525,True,False,False,-4.0,7.3946577453159525
2023,12,401531917,290,295,Georgia Southern,Old Dominion,regular,False,17.0,20.0,11,-0.037243311927319854,-0.032079142874933776,8,9,8,54.4874,2.755117855175019,True,False,False,-3.0,5.755117855175019
2023,12,401531918,256,2026,James Madison,App State,regular,False,23.0,26.0,11,0.15366077560920405,0.06592477803173379,9,9,9,54.4874,7.817006394402654,True,False,False,-3.0,10.817006394402654
2023,12,401531919,2032,326,Arkansas State,Texas State,regular,False,77.0,31.0,11,-0.21411902659933085,0.005914695212964255,9,9,9,54.4874,-8.952565413875249,False,True,False,46.0,54.95256541387525
2023,12,401531920,6,276,South Alabama,Marshall,regular,False,28.0,0.0,11,0.1908788982614053,-0.09114571003945962,9,8,8,54.4874,18.40328764233255,True,True,True,28.0,9.59671235766745
2023,12,401531921,2653,309,Troy,Louisiana,regular,False,31.0,24.0,11,0.23731502885658015,-0.11033639781889547,9,9,9,54.4874,21.97912234583731,True,True,True,7.0,14.979122345837311
2023,12,401532443,189,2649,Bowling Green,Toledo,regular,False,31.0,32.0,11,-0.030042915122583516,0.06338301782119286,9,9,9,54.4874,-2.054036178680721,False,False,True,-1.0,1.0540361786807209
2023,12,401532444,2459,2711,Northern Illinois,Western Michigan,regular,False,24.0,0.0,11,-0.08026969218321586,-0.19009938451639558,9,9,9,54.4874,9.020834378034897,True,True,True,24.0,14.979165621965103
2023,12,401532445,2199,2006,Eastern Michigan,Akron,regular,False,30.0,27.0,11,-0.3102612481330852,-0.31826029050111027,9,9,9,54.4874,3.472347021123529,True,True,True,3.0,0.4723470211235292
2023,12,401532446,195,2117,Ohio,Central Michigan,regular,False,34.0,20.0,11,-0.0061415072164546815,-0.26129307011176894,9,9,9,54.4874,16.93904526810215,True,True,True,14.0,2.9390452681021486
2023,12,401532447,193,2084,Miami (OH),Buffalo,regular,False,23.0,10.0,11,-0.09685251147246074,-0.09711578208366073,9,9,9,54.4874,3.0508449311006984,True,True,True,13.0,9.949155068899302
2023,12,401532448,2050,2309,Ball State,Kent State,regular,False,34.0,3.0,11,-0.2360044505638832,-0.36868257000558113,9,9,9,54.4874,10.265785765267573,True,True,True,31.0,20.734214234732427
2023,12,401532619,328,68,Utah State,Boise State,regular,False,10.0,45.0,11,-0.006838933220918445,0.05190708136035553,9,8,8,54.4874,-0.16441759489570718,False,False,True,-35.0,34.83558240510429
2023,12,401532620,2751,62,Wyoming,Hawai'i,regular,False,42.0,9.0,11,-0.07431561681177537,-0.2644786040812537,9,9,9,54.4874,13.397986752546972,True,True,True,33.0,19.60201324745303
2023,12,401532621,36,2440,Colorado State,Nevada,regular,False,30.0,20.0,11,-0.1339348413648844,-0.2446512003308485,8,9,8,54.4874,9.069146537522073,True,True,True,10.0,0.930853462477927
2023,12,401532622,278,167,Fresno State,New Mexico,regular,False,17.0,25.0,11,0.02045469644125872,-0.29259910594829364,8,8,8,54.4874,20.093987752320498,True,False,False,-8.0,28.093987752320498
2023,12,401532623,23,21,San José State,San Diego State,regular,False,24.0,13.0,11,-0.07591398923018952,-0.2921376118618093,8,8,8,54.4874,14.81796301577812,True,True,True,11.0,3.817963015778121
2023,12,401532624,2005,2439,Air Force,UNLV,regular,False,27.0,31.0,11,0.057040914279078786,0.004764320375363867,8,9,8,54.4874,5.884915682669277,True,False,False,-4.0,9.884915682669277
2023,13,401520424,344,145,Mississippi State,Ole Miss,regular,False,7.0,17.0,12,-0.015502077639677939,0.23361945590808786,10,9,9,54.4874,-10.537484647030533,False,False,True,-10.0,0.5374846470305332
2023,13,401520425,158,2294,Nebraska,Iowa,regular,False,10.0,13.0,12,0.05186167521524651,0.09223044621517693,10,11,10,54.4874,0.8369106270183915,True,False,False,-3.0,3.8369106270183915
2023,13,401520426,8,142,Arkansas,Missouri,regular,False,14.0,48.0,12,0.04967361141606465,0.3054749918117644,9,9,9,54.4874,-10.901452134172652,False,False,True,-34.0,23.09854786582735
2023,13,401520427,2,333,Auburn,Alabama,regular,False,24.0,27.0,12,0.057838787198492544,0.3100535168076054,10,10,10,54.4874,-10.706024858103575,False,False,True,-3.0,7.706024858103575
2023,13,401520428,2229,98,Florida International,Western Kentucky,regular,False,28.0,41.0,12,-0.30021896859376984,-0.09745158668799248,9,10,9,54.4874,-8.011767444852854,False,False,True,-13.0,4.988232555147146
2023,13,401520429,57,52,Florida,Florida State,regular,False,15.0,24.0,12,0.06534962906092151,0.34000425551535896,9,10,9,54.4874,-11.928716493473514,False,False,True,-9.0,2.928716493473514
2023,13,401520430,59,61,Georgia Tech,Georgia,regular,False,23.0,31.0,12,0.07059080102297362,0.3720365847524445,7,10,7,42.0032,-9.625187543145712,False,False,True,-8.0,1.625187543145712
2023,13,401520431,356,77,Illinois,Northwestern,regular,False,43.0,45.0,12,0.11325466692707437,0.055687393667778716,11,10,10,54.4874,6.173191044988545,True,False,False,-2.0,8.173191044988545
2023,13,401520432,97,96,Louisville,Kentucky,regular,False,31.0,38.0,12,0.28628203160873367,0.04767201875599165,9,9,9,54.4874,16.037739214312495,True,False,False,-7.0,23.037739214312495
2023,13,401520433,99,245,LSU,Texas A&M,regular,False,42.0,30.0,12,0.3928129701738615,0.23878080821471326,9,10,9,54.4874,11.429312021532896,True,True,True,12.0,0.5706879784671042
2023,13,401520434,130,194,Michigan,Ohio State,regular,False,30.0,24.0,12,0.38432011591583803,0.4944087189808876,11,10,10,54.4874,-2.9619417506465826,False,True,False,6.0,8.961941750646583
2023,13,401520435,127,213,Michigan State,Penn State,regular,True,0.0,42.0,12,-0.07605930450574874,0.35465832099024536,10,9,9,54.4874,-23.468683547450432,False,False,True,-42.0,18.531316452549568
2023,13,401520436,135,275,Minnesota,Wisconsin,regular,False,14.0,28.0,12,-0.014900609624752642,0.0574541930806161,11,10,10,54.4874,-0.9059250769285088,False,False,True,-14.0,13.094074923071492
2023,13,401520437,166,55,New Mexico State,Jacksonville State,regular,False,20.0,17.0,12,-0.018127422474937392,-0.044635020956040675,11,10,10,54.4874,4.480830121479267,True,True,True,3.0,1.4808301214792667
2023,13,401520438,2509,84,Purdue,Indiana,regular,False,35.0,31.0,12,0.047006771610545145,0.011644942890300325,11,10,10,54.4874,4.963274106211468,True,True,True,4.0,0.9632741062114683
2023,13,401520439,164,120,Rutgers,Maryland,regular,False,24.0,42.0,12,0.09919926964880416,0.2025034918060335,10,10,10,54.4874,-2.5922784743698175,False,False,True,-18.0,15.407721525630183
2023,13,401520440,2534,2393,Sam Houston,Middle Tennessee,regular,False,23.0,20.0,12,-0.22367663710928495,-0.10303900809568936,10,10,10,54.4874,-3.5367307471153886,False,True,False,3.0,6.536730747115389
2023,13,401520441,2579,228,South Carolina,Clemson,regular,False,7.0,16.0,12,0.036901063920634636,0.19597117843285783,9,10,9,54.4874,-5.630816957473311,False,False,True,-9.0,3.3691830425266893
2023,13,401520442,2633,238,Tennessee,Vanderbilt,regular,False,48.0,24.0,12,0.2172230422296411,-0.14373237472443467,10,10,10,54.4874,22.704022185743508,True,True,True,24.0,1.2959778142564922
2023,13,401520443,113,41,Massachusetts,UConn,regular,False,18.0,31.0,12,-0.13478254172027831,-0.2708714304297038,10,10,10,54.4874,10.45162971466595,True,False,False,-13.0,23.45162971466595
2023,13,401520444,2638,2335,UTEP,Liberty,regular,False,28.0,42.0,12,-0.2196604854249069,0.10559121044584568,10,11,10,54.4874,-14.685619253588044,False,False,True,-14.0,0.6856192535880439
2023,13,401524063,2483,204,Oregon,Oregon State,regular,False,31.0,7.0,12,0.42280817294325923,0.2075377301076624,10,9,9,54.4874,14.766026726960298,True,True,True,24.0,9.233973273039702
2023,13,401524064,9,12,Arizona State,Arizona,regular,False,23.0,59.0,12,-0.05664412871909692,0.18500979629832154,10,10,10,54.4874,-10.130594073994086,False,False,True,-36.0,25.869405926005914
2023,13,401524065,24,87,Stanford,Notre Dame,regular,False,23.0,56.0,12,-0.1367417033208034,0.3082225179912207,10,10,10,54.4874,-21.20844351231678,False,False,True,-33.0,11.79155648768322
2023,13,401524066,26,25,UCLA,California,regular,False,7.0,33.0,12,0.13123264081137967,-0.008206394474925875,10,10,10,54.4874,10.634170491259045,True,False,False,-26.0,36.63417049125904
2023,13,401524067,254,38,Utah,Colorado,regular,False,23.0,17.0,12,0.12077498089106972,0.020032300739588366,10,11,10,54.4874,8.525706710485824,True,True,True,6.0,2.5257067104858244
2023,13,401524068,264,265,Washington,Washington State,regular,False,24.0,21.0,12,0.23053439766500558,-0.020717210052163915,10,10,10,54.4874,16.7265468503285,True,True,True,3.0,13.7265468503285
2023,13,401525560,103,2390,Boston College,Miami,regular,False,20.0,45.0,12,-0.010335297519966383,0.27161353395789145,10,10,10,54.4874,-12.32615876026663,False,False,True,-25.0,12.67384123973337
2023,13,401525561,150,221,Duke,Pittsburgh,regular,False,30.0,19.0,12,0.19366654616652484,-0.016406427852764582,10,10,10,54.4874,14.482830164578631,True,True,True,11.0,3.4828301645786315
2023,13,401525562,152,153,NC State,North Carolina,regular,False,39.0,20.0,12,0.025503804555157217,0.21182293299616547,9,10,9,54.4874,-7.115544879016593,False,True,False,19.0,26.115544879016593
2023,13,401525563,183,154,Syracuse,Wake Forest,regular,False,35.0,31.0,12,0.08145051912315784,-0.038111777087898445,9,9,9,54.4874,9.55113865857031,True,True,True,4.0,5.551138658570309
2023,13,401525564,258,259,Virginia,Virginia Tech,regular,False,17.0,55.0,12,0.051029380895890986,0.008347347017642573,10,11,10,54.4874,5.362133052737673,True,False,False,-38.0,43.362133052737676
2023,13,401525900,201,2628,Oklahoma,TCU,regular,False,69.0,45.0,12,0.4547910606647716,0.21648668373042665,11,10,10,54.4874,16.021085907772427,True,True,True,24.0,7.978914092227573
2023,13,401525901,251,2641,Texas,Texas Tech,regular,False,57.0,7.0,12,0.2743409411651666,0.12810816094712602,10,10,10,54.4874,11.004343988852465,True,True,True,50.0,38.99565601114753
2023,13,401525902,239,277,Baylor,West Virginia,regular,False,31.0,34.0,12,-0.06852149586779584,0.1249856868985413,10,9,9,54.4874,-7.507203270262519,False,False,True,-3.0,4.507203270262519
2023,13,401525903,2132,2305,Cincinnati,Kansas,regular,False,16.0,49.0,12,0.02246038815833198,0.17193421940124826,10,9,9,54.4874,-5.107940432465275,False,False,True,-33.0,27.892059567534723
2023,13,401525904,2306,66,Kansas State,Iowa State,regular,False,35.0,42.0,12,0.37014920464439627,0.18782121018050352,9,9,9,54.4874,12.97107836555191,True,False,False,-7.0,19.97107836555191
2023,13,401525905,197,252,Oklahoma State,BYU,regular,False,40.0,34.0,12,0.1855607056923097,-0.054880736680954445,10,10,10,54.4874,16.137529047168993,True,True,True,6.0,10.137529047168993
2023,13,401525906,2116,248,UCF,Houston,regular,False,27.0,13.0,12,0.07120396015835258,-0.05255351485376565,10,11,10,54.4874,9.779723043975292,True,True,True,14.0,4.220276956024708
2023,13,401531346,151,202,East Carolina,Tulsa,regular,False,27.0,29.0,12,-0.22425279166962328,-0.2272954787605178,10,10,10,54.4874,3.202288108596407,True,False,False,-2.0,5.202288108596407
2023,13,401531376,2655,2636,Tulane,UTSA,regular,False,29.0,16.0,12,-0.050288090540209475,-0.09187606555643976,10,11,10,54.4874,5.302520629899346,True,True,True,13.0,7.697479370100654
2023,13,401531386,249,5,North Texas,UAB,regular,False,45.0,42.0,12,-0.2037506644440338,-0.1566004272097322,10,10,10,54.4874,0.4674061637197142,True,True,True,3.0,2.532593836280286
2023,13,401531394,218,235,Temple,Memphis,regular,False,21.0,45.0,12,-0.40127623626403364,0.008184777664924293,10,10,10,54.4874,-19.273966050352705,False,False,True,-24.0,4.726033949647295
2023,13,401531410,58,2429,South Florida,Charlotte,regular,False,48.0,14.0,12,-0.22620057503239316,-0.2575460082600207,10,10,10,54.4874,4.744431158447034,True,True,True,34.0,29.255568841552964
2023,13,401531421,242,2226,Rice,Florida Atlantic,regular,False,24.0,21.0,12,0.028242986447309344,-0.18313171473742343,10,10,10,54.4874,14.55375789333301,True,True,True,3.0,11.55375789333301
2023,13,401531435,2567,2426,SMU,Navy,regular,False,59.0,14.0,12,-0.02549016608549988,-0.2452863996988342,10,9,9,54.4874,15.012625299383194,True,True,True,45.0,29.987374700616805
2023,13,401531922,2026,290,App State,Georgia Southern,regular,False,55.0,27.0,12,0.08893944732047221,-0.1114889148667009,10,10,10,54.4874,13.957320341837377,True,True,True,28.0,14.042679658162623
2023,13,401531923,324,256,Coastal Carolina,James Madison,regular,False,14.0,56.0,12,-0.0022831965282993777,0.12344000603230479,10,10,10,54.4874,-3.8138304272006627,False,False,True,-42.0,38.186169572799336
2023,13,401531924,276,2032,Marshall,Arkansas State,regular,False,35.0,21.0,12,-0.1187479790347346,-0.12442174206422486,10,10,10,54.4874,3.3456485956930484,True,True,True,14.0,10.65435140430695
2023,13,401531925,295,2247,Old Dominion,Georgia State,regular,False,25.0,24.0,12,-0.031088588485650007,-0.13138374106405762,10,9,9,54.4874,8.501322096600727,True,True,True,1.0,7.5013220966007275
2023,13,401531926,309,2433,Louisiana,UL Monroe,regular,False,52.0,21.0,12,-0.08770118615730414,-0.19206940794716867,10,10,10,54.4874,8.723253047953065,True,True,True,31.0,22.276746952046935
2023,13,401531927,2572,2653,Southern Miss,Troy,regular,False,17.0,35.0,12,-0.160686386798578,0.21231999869467477,10,10,10,54.4874,-17.28764812892506,False,False,True,-18.0,0.7123518710749401
2023,13,401531928,326,6,Texas State,South Alabama,regular,False,52.0,44.0,12,-0.07369821141556743,0.19508747830631168,10,10,10,54.4874,-11.608933390151916,False,True,False,8.0,19.60893339015192
2023,13,401532449,2084,2199,Buffalo,Eastern Michigan,regular,False,11.0,24.0,12,-0.09731403702237677,-0.31562124929926993,10,10,10,54.4874,14.931492398215989,True,False,False,-13.0,27.931492398215987
2023,13,401532450,2711,189,Western Michigan,Bowling Green,regular,False,10.0,34.0,12,-0.235959818738387,-0.01763037046670661,10,10,10,54.4874,-8.859703979758358,False,False,True,-24.0,15.140296020241642
2023,13,401532451,2117,2649,Central Michigan,Toledo,regular,False,17.0,32.0,12,-0.2567831095468789,0.07372180145128823,10,10,10,54.4874,-14.971853287521533,False,False,True,-15.0,0.028146712478466895
2023,13,401532452,2006,195,Akron,Ohio,regular,False,14.0,25.0,12,-0.31612337886899944,-0.00794856495564552,10,10,10,54.4874,-13.75514435562248,False,False,True,-11.0,2.7551443556224804
2023,13,401532453,2309,2459,Kent State,Northern Illinois,regular,False,27.0,37.0,12,-0.42140054788775105,-0.05240868708530074,10,10,10,54.4874,-17.068907116287434,False,False,True,-10.0,7.068907116287434
2023,13,401532454,2050,193,Ball State,Miami (OH),regular,False,15.0,17.0,12,-0.1970798096655245,-0.06870502605715123,10,10,10,54.4874,-3.9583081843828776,False,False,True,-2.0,1.9583081843828776
2023,13,401532625,68,2005,Boise State,Air Force,regular,False,27.0,19.0,12,0.07263462840071752,0.013161136532351615,9,10,9,54.4874,6.277055940828401,True,True,True,8.0,1.7229440591715992
2023,13,401532626,62,36,Hawai'i,Colorado State,regular,False,27.0,24.0,12,-0.22881582343422185,-0.1663805202139337,11,10,10,54.4874,-0.3654373406851281,False,True,False,3.0,3.365437340685128
2023,13,401532627,21,278,San Diego State,Fresno State,regular,False,33.0,18.0,12,-0.2689435731991222,-0.021048151806327478,9,9,9,54.4874,-10.470676983597764,False,True,False,15.0,25.470676983597762
2023,13,401532628,2439,23,UNLV,San José State,regular,False,31.0,37.0,12,0.018599800243720516,-0.011029596049497076,10,9,9,54.4874,4.6509287675870645,True,False,False,-6.0,10.650928767587065
2023,13,401532629,167,328,New Mexico,Utah State,regular,False,41.0,44.0,12,-0.259542763529226,-0.019078897371136768,9,9,9,54.4874,-10.065750860902272,False,False,True,-3.0,7.065750860902272
2023,13,401532630,2440,2751,Nevada,Wyoming,regular,False,6.0,42.0,12,-0.23617979436025388,-0.05002360896698134,10,10,10,54.4874,-7.106666535997398,False,False,True,-36.0,28.893333464002602
2023,14,401539475,264,2483,Washington,Oregon,regular,True,34.0,31.0,13,0.21604173400854357,0.44860849020347354,12,11,11,54.4874,-12.671957871495628,False,True,False,3.0,15.671957871495628
2023,14,401539476,2335,166,Liberty,New Mexico State,regular,False,49.0,35.0,13,0.08747635217940516,-0.018700190548990907,12,12,12,54.4874,8.821783754259208,True,True,True,14.0,5.178216245740792
2023,14,401539477,2655,2567,Tulane,SMU,regular,False,14.0,26.0,13,-0.022286142540777182,0.0003969249911990741,11,11,11,54.4874,1.8005586261581972,True,False,False,-12.0,13.800558626158198
2023,14,401539478,52,97,Florida State,Louisville,regular,True,16.0,6.0,13,0.3499984980876961,0.2768748887459733,10,10,10,54.4874,3.984315351646187,True,True,True,10.0,6.015684648353814
2023,14,401539479,251,197,Texas,Oklahoma State,regular,True,49.0,21.0,13,0.3086068085258397,0.1830081955774166,12,11,11,54.4874,6.8435418631659095,True,True,True,28.0,21.15645813683409
2023,14,401539480,2294,130,Iowa,Michigan,regular,True,0.0,26.0,13,0.08881264407148251,0.39492921952088594,12,12,12,54.4874,-16.679496293141824,False,False,True,-26.0,9.320503706858176
2023,14,401539481,2649,193,Toledo,Miami (OH),regular,True,14.0,23.0,13,0.04923545865979893,-0.09989903333105421,11,11,11,54.4874,8.125950718902411,True,False,False,-9.0,17.12595071890241
2023,14,401539482,2439,68,UNLV,Boise State,regular,False,20.0,44.0,13,0.010403986968025886,0.10343282841313564,11,11,11,54.4874,-2.032399695356273,False,False,True,-24.0,21.967600304643728
2023,14,401539483,333,61,Alabama,Georgia,regular,True,27.0,24.0,13,0.33612646767973653,0.4063294738967831,11,10,10,54.4874,-3.8251792809507026,False,True,False,3.0,6.825179280950703
2023,14,401539484,2653,2026,Troy,App State,regular,False,49.0,23.0,13,0.20142962765862352,0.10841870034692658,11,11,11,54.4874,8.104423600803356,True,True,True,26.0,17.895576399196642
2023,15,401520445,349,2426,Army,Navy,regular,True,17.0,11.0,14,-0.18526103867393162,-0.2385650051126473,9,10,9,54.4874,2.904394540932877,True,True,True,6.0,3.095605459067123
2024,2,401628340,96,2579,Kentucky,South Carolina,regular,False,6.0,31.0,1,0.0,0.006629456907060016,1,1,1,10.6201,2.9660945047013323,True,False,False,-25.0,27.96609450470133
2024,2,401628345,201,248,Oklahoma,Houston,regular,False,16.0,12.0,1,0.0,0.11567214366318818,1,1,1,10.6201,1.8080502670825753,True,True,True,4.0,2.1919497329174247
2024,2,401628347,130,251,Michigan,Texas,regular,False,12.0,31.0,1,-0.4480080048842268,0.0,1,1,1,10.6201,-1.721389812670977,False,False,True,-19.0,17.278610187329022
2024,2,401628465,120,127,Maryland,Michigan State,regular,False,24.0,27.0,1,0.0,-0.1830013734209565,1,1,1,10.6201,4.9799928858679,True,False,False,-3.0,7.9799928858679
2024,2,401628468,194,2711,Ohio State,Western Michigan,regular,False,56.0,0.0,1,0.0,0.09002163433794676,1,1,1,10.6201,2.080461241167572,True,True,True,56.0,53.91953875883243
2024,2,401635534,183,59,Syracuse,Georgia Tech,regular,False,31.0,28.0,1,0.057591856292170146,-0.28457014491010135,1,2,1,10.6201,6.670294668968244,True,True,True,3.0,3.6702946689682436
2024,2,401635537,153,2429,North Carolina,Charlotte,regular,False,38.0,20.0,1,-0.039366432804725876,-0.14236269055583395,1,1,1,10.6201,4.130330556942543,True,True,True,18.0,13.869669443057457
2024,2,401643708,2440,290,Nevada,Georgia Southern,regular,False,17.0,20.0,1,-0.058944143313771916,-0.056672546711620836,2,1,1,10.6201,3.0123754169254955,True,False,False,-3.0,6.0123754169254955
2024,2,401643781,195,6,Ohio,South Alabama,regular,False,27.0,20.0,1,-0.057591856292176266,-0.028769067062635822,1,1,1,10.6201,2.7303990961033575,True,True,True,7.0,4.2696009038966425
2024,3,401628350,275,333,Wisconsin,Alabama,regular,False,10.0,42.0,2,-0.0797394842391922,-0.0694558986666765,1,2,1,10.6201,2.927287292861326,True,False,False,-32.0,34.92728729286132
2024,3,401628351,8,5,Arkansas,UAB,regular,False,37.0,27.0,2,-0.006059621768534917,-0.023808664215974162,1,1,1,10.6201,3.2249966056960497,True,True,True,10.0,6.77500339430395
2024,3,401628352,2,167,Auburn,New Mexico,regular,False,45.0,19.0,2,-0.12780795628485048,0.42127842960521744,1,1,1,10.6201,-2.7948523267911103,False,True,False,26.0,28.79485232679111
2024,3,401628353,57,245,Florida,Texas A&M,regular,False,20.0,33.0,2,-0.2230700912711609,-0.1513681743357456,1,1,1,10.6201,2.275018471954196,True,False,False,-13.0,15.275018471954196
2024,3,401628354,96,61,Kentucky,Georgia,regular,False,12.0,13.0,2,-0.2509928949054791,0.29801986892027643,2,1,1,10.6201,-2.794070453105907,False,False,True,-1.0,1.794070453105907
2024,3,401628355,154,145,Wake Forest,Ole Miss,regular,False,6.0,40.0,2,-0.05796416650108165,0.0,1,1,1,10.6201,2.4209147553418626,True,False,False,-34.0,36.42091475534186
2024,3,401628357,142,103,Missouri,Boston College,regular,False,27.0,21.0,2,0.0,0.08618286129977781,1,1,1,10.6201,2.12122939471023,True,True,True,6.0,3.87877060528977
2024,3,401628358,201,2655,Oklahoma,Tulane,regular,False,34.0,19.0,2,0.002718636157997889,-0.06497597104021631,2,1,1,10.6201,3.755423497905755,True,True,True,15.0,11.244576502094246
2024,3,401628359,2579,99,South Carolina,LSU,regular,False,33.0,36.0,2,0.11636641705200795,-0.04955874461927366,2,1,1,10.6201,4.798641809465178,True,False,False,-3.0,7.798641809465178
2024,3,401628360,2633,2309,Tennessee,Kent State,regular,False,71.0,0.0,2,0.2719515339182217,-0.5662675571743379,1,1,1,10.6201,11.938470569312093,True,True,True,71.0,59.061529430687905
2024,3,401628361,251,2636,Texas,UTSA,regular,False,56.0,7.0,2,0.020808203044138315,0.16484784229855706,2,1,1,10.6201,1.5067846271541474,True,True,True,49.0,47.49321537284585
2024,3,401628362,2247,238,Georgia State,Vanderbilt,regular,False,36.0,32.0,2,-0.39019547369701824,0.15014562228868567,1,1,1,10.6201,-2.7019764734777745,False,True,False,4.0,6.7019764734777745
2024,3,401628475,356,2117,Illinois,Central Michigan,regular,False,30.0,9.0,2,-0.06368238101428027,0.03112841065366391,1,1,1,10.6201,2.0295999114072663,True,True,True,21.0,18.970400088592733
2024,3,401628476,26,84,UCLA,Indiana,regular,False,13.0,42.0,2,0.05338853607677964,0.683866855380969,1,1,1,10.6201,-3.6592427988424223,False,False,True,-29.0,25.34075720115758
2024,3,401628477,2294,2653,Iowa,Troy,regular,False,38.0,21.0,2,-0.16351899595678449,0.07398677743962417,1,2,1,10.6201,0.5141649359528002,True,True,True,17.0,16.4858350640472
2024,3,401628478,258,120,Virginia,Maryland,regular,False,13.0,27.0,2,0.057964166501082416,0.04677167856875869,1,2,1,10.6201,3.1553653410900715,True,False,False,-14.0,17.15536534109007
2024,3,401628479,130,2032,Michigan,Arkansas State,regular,False,28.0,18.0,2,-0.4101344746461773,0.010473206325693247,2,1,1,10.6201,-1.430395632689363,False,True,False,10.0,11.430395632689363
2024,3,401628481,135,2440,Minnesota,Nevada,regular,False,27.0,0.0,2,0.04965099384727149,-0.14927424212727758,1,3,1,10.6201,5.149105898573309,True,True,True,27.0,21.85089410142669
2024,3,401629030,150,41,Duke,UConn,regular,False,26.0,21.0,2,0.10326574354504732,-0.28038954124762766,1,1,1,10.6201,7.110957490026688,True,True,True,5.0,2.1109574900266876
2024,3,401629041,2084,113,Buffalo,Massachusetts,regular,False,34.0,3.0,2,0.0,-0.12062823975465978,1,2,1,10.6201,4.317583969018463,True,True,True,31.0,26.682416030981535
2024,3,401635542,52,235,Florida State,Memphis,regular,False,12.0,20.0,2,-0.25256507798641714,-0.052771567956020476,2,1,1,10.6201,0.9146729441261843,True,False,False,-8.0,8.914672944126185
2024,3,401635547,221,277,Pittsburgh,West Virginia,regular,False,38.0,34.0,2,0.22587226525671725,-0.1639886344728976,2,1,1,10.6201,7.176861741218483,True,True,True,4.0,3.1768617412184827
2024,3,401635548,295,259,Old Dominion,Virginia Tech,regular,False,17.0,37.0,2,0.040137470496223605,-0.43532085455677283,2,2,2,10.6201,8.085914957895328,True,False,False,-20.0,28.085914957895326
2024,3,401636860,239,2005,Baylor,Air Force,regular,False,31.0,3.0,2,0.43651916140852787,-0.17152779610756885,1,1,1,10.6201,9.4940194935167,True,True,True,28.0,18.5059805064833
2024,3,401636861,36,38,Colorado State,Colorado,regular,False,9.0,28.0,2,-0.35025625991790055,0.7444436548800581,1,1,1,10.6201,-8.589322565145801,False,False,True,-19.0,10.410677434854199
2024,3,401636862,248,242,Houston,Rice,regular,False,33.0,7.0,2,0.1469655477682422,0.014989899483466726,2,1,1,10.6201,4.4380945823491444,True,True,True,26.0,21.561905417650856
2024,3,401636863,2305,2439,Kansas,UNLV,regular,True,20.0,23.0,2,0.06368238101427875,-0.03208891493420066,1,1,1,10.6201,1.0171007401024463,True,False,False,-3.0,4.017100740102446
2024,3,401636864,2306,12,Kansas State,Arizona,regular,False,31.0,7.0,2,0.06497597104023047,-0.4212784296051789,1,1,1,10.6201,8.200570360294313,True,True,True,24.0,15.799429639705687
2024,3,401636865,193,2132,Miami (OH),Cincinnati,regular,False,16.0,27.0,2,-0.0898671814640715,-0.22587226525671722,1,1,1,10.6201,4.480887590386278,True,False,False,-11.0,15.480887590386278
2024,3,401636866,2628,2116,TCU,UCF,regular,False,34.0,35.0,2,0.1670692697189084,0.5870680904254455,1,1,1,10.6201,-1.4239294757854948,False,False,True,-1.0,0.4239294757854948
2024,3,401636869,202,197,Tulsa,Oklahoma State,regular,False,10.0,45.0,2,-0.010473206325694607,0.006059621768535195,1,1,1,10.6201,2.8609197123564702,True,False,False,-35.0,37.86091971235647
2024,3,401636871,2751,252,Wyoming,BYU,regular,False,14.0,34.0,2,-0.1198736901099963,0.2672941801536406,1,1,1,10.6201,-1.0752614989868503,False,False,True,-20.0,18.92473850101315
2024,3,401640980,2226,2229,Florida Atlantic,Florida International,regular,False,38.0,20.0,2,-0.11607140468100108,-0.031128410653662425,2,2,2,10.6201,2.134396909130261,True,True,True,18.0,15.865603090869739
2024,3,401640999,2199,55,Eastern Michigan,Jacksonville State,regular,False,37.0,34.0,2,0.14934643542641204,0.22957740499428975,2,2,2,10.6201,2.184439080092182,True,True,True,3.0,0.815560919907818
2024,3,401641017,23,338,San José State,Kennesaw State,regular,False,31.0,10.0,2,0.17152779610757052,1.3534598446426944,1,2,1,10.6201,-9.51573654864787,False,True,False,21.0,30.515736548647872
2024,3,401641024,2393,98,Middle Tennessee,Western Kentucky,regular,False,21.0,49.0,2,0.0,-0.6433610956307595,1,1,1,10.6201,9.86905917170823,True,False,False,-28.0,37.86905917170823
2024,3,401641040,2534,62,Sam Houston,Hawai'i,regular,False,31.0,13.0,2,-0.01498989948339445,-0.05338853607677817,2,1,1,10.6201,3.4442973604853946,True,True,True,18.0,14.555702639514605
2024,3,401643786,218,324,Temple,Coastal Carolina,regular,False,20.0,28.0,2,-0.31489101749048115,-0.22957740499436116,2,1,1,10.6201,2.130460903929956,True,False,False,-8.0,10.130460903929956
2024,3,401643789,2572,58,Southern Miss,South Florida,regular,False,24.0,49.0,2,-0.9533226883401998,0.06945589866668685,1,1,1,10.6201,-7.8255108718718365,False,False,True,-25.0,17.174489128128165
2024,4,401628363,2,8,Auburn,Arkansas,regular,False,14.0,24.0,3,-0.9401514899472568,0.022204780537591395,2,2,2,10.6201,-7.183819828176137,False,False,True,-10.0,2.816180171823863
2024,4,401628364,96,195,Kentucky,Ohio,regular,False,41.0,6.0,3,0.07180568792927385,-0.1196050370670644,3,2,2,10.6201,5.069301040533611,True,True,True,35.0,29.93069895946639
2024,4,401628365,99,26,LSU,UCLA,regular,False,34.0,17.0,3,-0.0023197536596581414,0.1967792129720067,2,2,2,10.6201,0.9220490644750563,True,True,True,17.0,16.077950935524942
2024,4,401628366,145,290,Ole Miss,Georgia Southern,regular,False,52.0,13.0,3,0.40389315318401126,-0.4332635793285514,2,2,2,10.6201,11.927188214956667,True,True,True,39.0,27.072811785043335
2024,4,401628367,344,57,Mississippi State,Florida,regular,False,28.0,45.0,3,-0.08108598725610727,-0.41555582549649217,2,2,2,10.6201,6.588603129096712,True,False,False,-17.0,23.58860312909671
2024,4,401628368,142,238,Missouri,Vanderbilt,regular,False,30.0,27.0,3,0.3894591276341447,-0.1980357683531121,2,2,2,10.6201,9.275754544874268,True,True,True,3.0,6.2757545448742675
2024,4,401628369,201,2633,Oklahoma,Tennessee,regular,False,15.0,25.0,3,-0.04714623796758163,0.6042471906512451,3,2,2,10.6201,-3.8813633512748025,False,False,True,-10.0,6.1186366487251975
2024,4,401628370,2579,2006,South Carolina,Akron,regular,False,50.0,7.0,3,-0.0828671696591568,0.279482416976086,3,2,2,10.6201,-0.8116888450249422,False,True,False,43.0,43.81168884502494
2024,4,401628371,251,2433,Texas,UL Monroe,regular,False,51.0,3.0,3,1.5047962912637503,0.08273132298447072,3,1,1,10.6201,18.13897216962278,True,True,True,48.0,29.86102783037722
2024,4,401628372,245,189,Texas A&M,Bowling Green,regular,False,26.0,20.0,3,-0.22912890908520533,0.354955399751318,2,1,1,10.6201,-3.1665337682747614,False,True,False,6.0,9.16653376827476
2024,4,401628485,158,356,Nebraska,Illinois,regular,False,24.0,31.0,3,-0.2698208471195431,-0.1892092307840067,2,2,2,10.6201,2.18039657335497,True,False,False,-7.0,9.18039657335497
2024,4,401628486,84,2429,Indiana,Charlotte,regular,False,52.0,14.0,3,0.12369721228720716,-0.11261999898444529,2,1,1,10.6201,5.546212415426076,True,True,True,38.0,32.453787584573924
2024,4,401628487,135,2294,Minnesota,Iowa,regular,False,14.0,31.0,3,0.23720116069299338,-0.05502195330425508,2,2,2,10.6201,6.139938692962179,True,False,False,-17.0,23.13993869296218
2024,4,401628489,130,30,Michigan,USC,regular,False,27.0,24.0,3,0.23067448173974345,0.5610090396961204,3,2,2,10.6201,-0.47168603895251815,False,True,False,3.0,3.471686038952518
2024,4,401628490,103,127,Boston College,Michigan State,regular,False,23.0,19.0,3,0.11834685637018844,0.1741871147335068,2,2,2,10.6201,2.443470872155723,True,True,True,4.0,1.5565291278442772
2024,4,401628491,264,77,Washington,Northwestern,regular,False,24.0,5.0,3,0.6402444796487339,-0.07807158279466542,2,2,2,10.6201,10.665088414755147,True,True,True,19.0,8.334911585244853
2024,4,401628492,194,276,Ohio State,Marshall,regular,False,49.0,14.0,3,0.1486869610517565,-0.2156348383975008,2,1,1,10.6201,6.9056339423310575,True,True,True,35.0,28.094366057668942
2024,4,401628493,213,2309,Penn State,Kent State,regular,False,56.0,0.0,3,0.22070487345636086,-0.32898344118465356,2,2,2,10.6201,8.874244870319039,True,True,True,56.0,47.12575512968096
2024,4,401628494,259,164,Virginia Tech,Rutgers,regular,False,23.0,26.0,3,-0.46612904915738873,-0.2794824169760886,3,1,1,10.6201,1.0542941015713747,True,False,False,-3.0,4.054294101571375
2024,4,401628979,87,193,Notre Dame,Miami (OH),regular,False,28.0,3.0,3,0.25359087095617294,-0.035360343294676286,3,2,2,10.6201,6.1051907904654446,True,True,True,25.0,18.894809209534557
2024,4,401629031,41,2226,UConn,Florida Atlantic,regular,False,48.0,14.0,3,0.005870658653513355,0.01520554406831881,2,3,2,10.6201,2.937362583406225,True,True,True,34.0,31.062637416593773
2024,4,401634766,183,24,Syracuse,Stanford,regular,False,24.0,26.0,3,0.2127748928821122,-0.2407860640168632,2,1,1,10.6201,7.853362718362809,True,False,False,-2.0,9.85336271836281
2024,4,401635551,52,25,Florida State,California,regular,False,14.0,9.0,3,-0.15808765302537597,0.24773129755055073,3,1,1,10.6201,-1.2733378370113995,False,True,False,5.0,6.2733378370113995
2024,4,401635552,228,152,Clemson,NC State,regular,False,59.0,35.0,3,-0.19579986134502647,-0.06866102336961699,2,2,2,10.6201,1.686272826817354,True,True,True,24.0,22.313727173182645
2024,4,401635553,2393,150,Middle Tennessee,Duke,regular,False,17.0,45.0,3,0.3371241620529929,0.0371481216907433,2,2,2,10.6201,6.222275546251128,True,False,False,-28.0,34.222275546251126
2024,4,401635554,97,59,Louisville,Georgia Tech,regular,False,31.0,19.0,3,0.38653617911089955,0.14883690967634974,1,3,1,10.6201,5.560890011321863,True,True,True,12.0,6.439109988678137
2024,4,401635555,58,2390,South Florida,Miami,regular,False,15.0,50.0,3,0.25844394573980595,-0.2757280951377208,2,2,2,10.6201,8.709460491323423,True,False,False,-35.0,43.709460491323426
2024,4,401635556,153,256,North Carolina,James Madison,regular,False,50.0,70.0,3,0.41299964489155316,0.11261999898445159,1,1,1,10.6201,6.2265618774980105,True,False,False,-20.0,26.22656187749801
2024,4,401635557,2567,2628,SMU,TCU,regular,False,66.0,42.0,3,-0.208882548039443,-0.02120574105378696,2,2,2,10.6201,1.0433535421316344,True,True,True,24.0,22.956646457868366
2024,4,401635558,324,258,Coastal Carolina,Virginia,regular,False,24.0,43.0,3,0.08666065802950093,0.0384447558923485,2,1,1,10.6201,3.548557702286773,True,False,False,-19.0,22.54855770228677
2024,4,401636872,252,2306,BYU,Kansas State,regular,False,38.0,9.0,3,-0.05816419762852032,-0.3821691116430248,1,2,1,10.6201,6.477464587325439,True,True,True,29.0,22.52253541267456
2024,4,401636873,2132,248,Cincinnati,Houston,regular,False,34.0,0.0,3,-0.11794003605533046,0.14183053123387965,2,2,2,10.6201,0.2777105983318595,True,True,True,34.0,33.72228940166814
2024,4,401636874,38,239,Colorado,Baylor,regular,False,38.0,31.0,3,0.6117130288565129,0.3562892432869553,2,2,2,10.6201,5.749126145127259,True,True,True,7.0,1.250873854872741
2024,4,401636875,66,2032,Iowa State,Arkansas State,regular,False,52.0,7.0,3,0.6176605290226718,0.036163091207182085,1,2,1,10.6201,9.212060939344283,True,True,True,45.0,35.78793906065572
2024,4,401636876,197,254,Oklahoma State,Utah,regular,False,19.0,22.0,3,0.12335789530890348,0.27832855272538143,2,2,2,10.6201,1.3906961211712627,True,False,False,-3.0,4.3906961211712625
2024,4,401636877,2641,9,Texas Tech,Arizona State,regular,False,30.0,22.0,3,0.46435937308319214,-0.4605621257447866,2,2,2,10.6201,12.859258809703018,True,True,True,8.0,4.859258809703018
2024,4,401636879,277,2305,West Virginia,Kansas,regular,False,32.0,28.0,3,-0.08576980961082975,0.4359124523265093,2,2,2,10.6201,-2.5038177900007357,False,True,False,4.0,6.503817790000736
2024,4,401640991,2335,151,Liberty,East Carolina,regular,False,35.0,24.0,3,-0.26856984057896066,-0.5082832320602759,2,2,2,10.6201,5.582280188870717,True,True,True,11.0,5.417719811129283
2024,4,401641000,55,2572,Jacksonville State,Southern Miss,regular,False,44.0,7.0,3,0.18231909889696482,-0.5687193665696518,3,2,2,10.6201,11.012603607102015,True,True,True,37.0,25.987396392897985
2024,4,401641008,2348,202,Louisiana Tech,Tulsa,regular,False,20.0,23.0,3,-0.43058093421888255,-0.3869826439292623,1,2,1,10.6201,2.573481797295204,True,False,False,-3.0,5.573481797295204
2024,4,401641028,36,2638,Colorado State,UTEP,regular,False,27.0,17.0,3,0.14131384495536894,0.6144201729847436,2,2,2,10.6201,-1.9879365143047627,False,True,False,10.0,11.987936514304764
2024,4,401641034,2534,166,Sam Houston,New Mexico State,regular,False,31.0,11.0,3,-0.12679309999251373,-0.06258518326520734,3,1,1,10.6201,2.3546055035643336,True,True,True,20.0,17.645394496435667
2024,4,401641037,98,2649,Western Kentucky,Toledo,regular,False,26.0,21.0,3,-0.2905562144585153,-0.25089710404336185,2,2,2,10.6201,2.615316281480029,True,True,True,5.0,2.384683718519971
2024,4,401643711,167,278,New Mexico,Fresno State,regular,False,21.0,38.0,3,-0.6399117676872704,0.15618894863950095,2,1,1,10.6201,-5.418169217461944,False,False,True,-17.0,11.581830782538056
2024,4,401643714,265,23,Washington State,San José State,regular,False,54.0,52.0,3,0.5113443083635428,-0.0399261028614884,2,2,2,10.6201,8.891046894250955,True,True,True,2.0,6.891046894250955
2024,4,401643715,218,328,Temple,Utah State,regular,False,45.0,29.0,3,0.03262648123066847,0.011920690525208083,3,2,2,10.6201,3.25639756787106,True,True,True,16.0,12.74360243212894
2024,4,401643716,249,2751,North Texas,Wyoming,regular,False,44.0,17.0,3,-0.1638208157881862,-0.6856942460957189,2,1,1,10.6201,8.57884801720903,True,True,True,27.0,18.42115198279097
2024,4,401643717,204,2509,Oregon State,Purdue,regular,False,38.0,21.0,3,-0.1764092640745133,-0.585345947934891,2,1,1,10.6201,7.3794484762655985,True,True,True,17.0,9.620551523734402
2024,4,401643790,2026,6,App State,South Alabama,regular,False,14.0,48.0,3,-0.33538482744220127,-0.17840228240454045,2,2,2,10.6201,1.3693296734455385,True,False,False,-34.0,35.36932967344554
2024,4,401643791,309,2655,Louisiana,Tulane,regular,False,33.0,41.0,3,-0.15013594028749938,-0.29126984370884357,1,2,1,10.6201,4.535356167725018,True,False,False,-8.0,12.535356167725018
2024,4,401644735,2117,2050,Central Michigan,Ball State,regular,False,37.0,34.0,3,-0.3000736020319493,-1.2981545314217575,2,1,1,10.6201,13.636219278212703,True,True,True,3.0,10.636219278212703
2024,4,401644736,2459,2084,Northern Illinois,Buffalo,regular,False,20.0,23.0,3,0.36935334819525356,-0.16271632666372648,1,2,1,10.6201,8.687133153969855,True,False,False,-3.0,11.687133153969855
2024,4,401645328,349,242,Army,Rice,regular,False,37.0,14.0,3,0.36829301186255703,-0.04068408239906127,1,1,1,10.6201,7.379877638767813,True,True,True,23.0,15.620122361232188
2024,4,401645329,2426,235,Navy,Memphis,regular,False,56.0,44.0,3,0.27857952982550704,-0.27731871708998607,1,2,1,10.6201,8.940194972067228,True,True,True,12.0,3.0598050279327715
2024,5,401628373,245,8,Texas A&M,Arkansas,regular,True,21.0,17.0,4,0.15832957495488015,-0.15941382161714296,3,3,3,10.6201,3.3744666459345427,True,True,True,4.0,0.6255333540654573
2024,5,401628374,333,61,Alabama,Georgia,regular,False,41.0,34.0,4,0.14214935888390812,0.23543777489094309,3,2,2,10.6201,2.045767693163688,True,True,True,7.0,4.954232306836312
2024,5,401628375,2,201,Auburn,Oklahoma,regular,False,21.0,27.0,4,-0.7801869134737708,0.13154094879856687,3,4,3,10.6201,-6.646141070118453,False,False,True,-6.0,0.6461410701184533
2024,5,401628376,99,6,LSU,South Alabama,regular,False,42.0,10.0,4,-0.10046656964032305,-0.14192755369097948,3,3,3,10.6201,3.4768197967163768,True,True,True,32.0,28.523180203283623
2024,5,401628377,145,96,Ole Miss,Kentucky,regular,False,17.0,20.0,4,0.28199676985898053,-0.016777011801536554,3,4,3,10.6201,6.209507438612858,True,False,False,-3.0,9.209507438612858
2024,5,401628378,251,344,Texas,Mississippi State,regular,False,35.0,13.0,4,1.331831664552184,-0.12449577548416382,3,3,3,10.6201,18.502843045930017,True,True,True,22.0,3.4971569540699825
2024,5,401628495,213,356,Penn State,Illinois,regular,False,21.0,7.0,4,0.3083215751406931,0.07794390928780418,3,3,3,10.6201,5.4831338491242665,True,True,True,14.0,8.516866150875734
2024,5,401628496,84,120,Indiana,Maryland,regular,False,42.0,28.0,4,0.12735692450904143,0.6015809573284371,3,3,3,10.6201,-1.9998066509452634,False,True,False,14.0,15.999806650945263
2024,5,401628497,130,135,Michigan,Minnesota,regular,False,27.0,24.0,4,0.25948954581498507,0.07508849424382952,4,3,3,10.6201,4.994857607790829,True,True,True,3.0,1.9948576077908289
2024,5,401628498,127,194,Michigan State,Ohio State,regular,False,7.0,38.0,4,0.24134766601599128,-0.33587100031597095,2,2,2,10.6201,9.166619958312072,True,False,False,-31.0,40.16661995831207
2024,5,401628499,2509,158,Purdue,Nebraska,regular,False,10.0,28.0,4,-0.08957377111530873,-0.34889722572836823,1,3,1,10.6201,5.790541020336153,True,False,False,-18.0,23.790541020336153
2024,5,401628500,26,2483,UCLA,Oregon,regular,False,13.0,34.0,4,-0.301980657198643,0.08967382805679891,3,2,2,10.6201,-1.1229097988613184,False,False,True,-21.0,19.87709020113868
2024,5,401628501,164,264,Rutgers,Washington,regular,False,21.0,18.0,4,-0.24594904170679394,0.6376113115027431,2,3,2,10.6201,-6.346999307120605,False,True,False,3.0,9.346999307120605
2024,5,401628502,30,275,USC,Wisconsin,regular,False,38.0,21.0,4,0.3356324111487471,-0.687871204932523,3,2,2,10.6201,13.906210753144697,True,True,True,17.0,3.0937892468553034
2024,5,401628980,87,97,Notre Dame,Louisville,regular,False,31.0,24.0,4,0.6989775179481983,0.36209321757090907,4,2,2,10.6201,6.614244958436849,True,True,True,7.0,0.38575504156315077
2024,5,401629032,41,2084,UConn,Buffalo,regular,False,47.0,3.0,4,0.13996601729374883,0.029631220968103,3,3,3,10.6201,4.208266570457992,True,True,True,44.0,39.791733429542006
2024,5,401629043,193,113,Miami (OH),Massachusetts,regular,False,23.0,20.0,4,0.20120634043842256,-0.08460753510099792,3,3,3,10.6201,6.0718719396162,True,True,True,3.0,3.0718719396161998
2024,5,401634767,2390,259,Miami,Virginia Tech,regular,False,38.0,34.0,4,0.11621106312189661,-0.24251611742655121,3,4,3,10.6201,6.846218530142571,True,True,True,4.0,2.846218530142571
2024,5,401635560,103,98,Boston College,Western Kentucky,regular,False,21.0,20.0,4,0.09525495593569519,-0.521586273158477,2,3,2,10.6201,9.58741553710302,True,True,True,1.0,8.58741553710302
2024,5,401635561,228,24,Clemson,Stanford,regular,False,40.0,14.0,4,-0.12028170250737136,0.28956356468356126,3,2,2,10.6201,-1.3160977220944234,False,True,False,26.0,27.316097722094423
2024,5,401635562,150,153,Duke,North Carolina,regular,False,21.0,20.0,4,-0.06716955296352745,0.2995796415252869,3,2,2,10.6201,-0.8584131203906571,False,True,False,1.0,1.858413120390657
2024,5,401635563,2567,52,SMU,Florida State,regular,False,42.0,16.0,4,-0.021263061312054465,-0.1291177248344597,3,4,3,10.6201,4.181927312074296,True,True,True,26.0,21.818072687925703
2024,5,401635564,152,2459,NC State,Northern Illinois,regular,False,24.0,17.0,4,-0.0781302171724707,0.5497432937164817,3,2,2,10.6201,-3.6315794729917634,False,True,False,7.0,10.631579472991763
2024,5,401635659,154,309,Wake Forest,Louisiana,regular,False,38.0,41.0,4,0.3353806410241811,-0.329435888054534,2,2,2,10.6201,10.096918020468863,True,False,False,-3.0,13.096918020468863
2024,5,401636880,239,252,Baylor,BYU,regular,False,28.0,34.0,4,0.2013801966529833,-0.24943230565452876,2,2,2,10.6201,7.824173855756009,True,False,False,-6.0,13.824173855756008
2024,5,401636881,248,66,Houston,Iowa State,regular,False,0.0,20.0,4,-0.03378609614905151,0.522663300625198,4,2,2,10.6201,-2.8730482386822063,False,False,True,-20.0,17.126951761317795
2024,5,401636882,2305,2628,Kansas,TCU,regular,True,27.0,38.0,4,0.3106178223480582,0.23736227117761774,3,3,3,10.6201,0.7779812789851945,True,False,False,-11.0,11.777981278985195
2024,5,401636883,2306,197,Kansas State,Oklahoma State,regular,False,42.0,20.0,4,-0.20144675008151502,0.13718621135691408,2,3,2,10.6201,-0.5598159137722614,False,True,False,22.0,22.559815913772262
2024,5,401636884,2641,2132,Texas Tech,Cincinnati,regular,False,44.0,41.0,4,0.2793120770548283,0.15257636516235598,3,3,3,10.6201,4.382445933869246,True,True,True,3.0,1.3824459338692456
2024,5,401636885,2116,38,UCF,Colorado,regular,False,21.0,48.0,4,0.35752646027681295,-0.1286434041911056,2,2,2,10.6201,8.199672577635742,True,False,False,-27.0,35.19967257763574
2024,5,401636886,254,12,Utah,Arizona,regular,False,10.0,23.0,4,0.04138661865107385,-1.11597671593156,3,2,2,10.6201,15.327814349601029,True,False,False,-13.0,28.327814349601027
2024,5,401640981,2229,2348,Florida International,Louisiana Tech,regular,True,17.0,10.0,4,-0.4553657832956546,-0.44699477726450276,3,2,2,10.6201,-0.08890092115143543,False,True,False,7.0,7.088900921151436
2024,5,401640992,2026,2335,App State,Liberty,regular,False,0.0,0.0,4,-0.4103590893377109,-0.4605080766631635,3,3,3,10.6201,3.5690872602950394,True,False,False,0.0,3.5690872602950394
2024,5,401641025,235,2393,Memphis,Middle Tennessee,regular,False,24.0,7.0,4,-0.19323627992607498,-0.04345139855542374,3,3,3,10.6201,1.445769581355547,True,True,True,17.0,15.554230418644453
2024,5,401641035,166,167,New Mexico State,New Mexico,regular,False,40.0,50.0,4,-0.5381083055567014,-0.7276752273486411,2,2,2,10.6201,5.049719666122579,True,False,False,-10.0,15.049719666122579
2024,5,401643718,2751,2005,Wyoming,Air Force,regular,False,31.0,19.0,4,-0.6177931197595672,-0.16933403574591593,3,2,2,10.6201,-1.7261803181333777,False,True,False,12.0,13.726180318133377
2024,5,401643719,68,265,Boise State,Washington State,regular,False,45.0,24.0,4,0.16135211259157972,0.382131787637659,2,3,2,10.6201,0.6917977730431337,True,True,True,21.0,20.308202226956865
2024,5,401643720,2439,278,UNLV,Fresno State,regular,False,59.0,14.0,4,0.16111494483455163,0.07664584580569667,2,2,2,10.6201,3.933570278596343,True,True,True,45.0,41.06642972140366
2024,5,401643721,2117,21,Central Michigan,San Diego State,regular,False,22.0,21.0,4,-0.5051946704780643,-0.8308973740543858,3,1,1,10.6201,6.495495282250892,True,True,True,1.0,5.495495282250892
2024,5,401643792,2247,290,Georgia State,Georgia Southern,regular,False,21.0,38.0,4,-0.15525338800116473,-0.5184031856669431,2,3,2,10.6201,6.893187166190334,True,False,False,-17.0,23.893187166190334
2024,5,401643793,256,2050,James Madison,Ball State,regular,False,63.0,7.0,4,0.3191472069198743,-0.974479082797997,2,2,2,10.6201,16.774940559432764,True,True,True,56.0,39.225059440567236
2024,5,401643794,276,2711,Marshall,Western Michigan,regular,False,27.0,20.0,4,-0.08221482656304419,-0.8932021529476216,1,2,1,10.6201,11.649266504936852,True,True,True,7.0,4.649266504936852
2024,5,401643795,189,295,Bowling Green,Old Dominion,regular,False,27.0,30.0,4,0.5037324243774042,-0.2392331451660777,2,3,2,10.6201,10.926868645108732,True,False,False,-3.0,13.926868645108732
2024,5,401643796,2653,2433,Troy,UL Monroe,regular,False,9.0,13.0,4,-0.2891778147442822,-0.059409705857646544,3,1,1,10.6201,0.5963397068130405,True,False,False,-4.0,4.5963397068130405
2024,5,401644738,195,2006,Ohio,Akron,regular,False,30.0,10.0,4,-0.25448940199149367,-0.43273995530827025,3,3,3,10.6201,4.929538701279499,True,True,True,20.0,15.0704612987205
2024,5,401644739,2309,2199,Kent State,Eastern Michigan,regular,False,33.0,52.0,4,-0.2398619734737395,-0.015761345919519,3,3,3,10.6201,0.6565289253114228,True,False,False,-19.0,19.656528925311424
2024,5,401645331,218,349,Temple,Army,regular,False,14.0,42.0,4,-0.07448916776452606,-0.2597338160654593,4,2,2,10.6201,5.003816689420741,True,False,False,-28.0,33.003816689420745
2024,5,401645332,5,2426,UAB,Navy,regular,False,18.0,41.0,4,-0.14410331711267785,0.29516631938250193,2,2,2,10.6201,-1.6285874665424593,False,False,True,-23.0,21.37141253345754
2024,5,401645333,242,2429,Rice,Charlotte,regular,False,20.0,21.0,4,-0.3210650800417139,0.07917489017679552,3,2,2,10.6201,-1.2140885077175918,False,False,True,-1.0,0.2140885077175918
2024,5,401645334,151,2636,East Carolina,UTSA,regular,False,30.0,20.0,4,-0.5259181922986521,0.06794340678688338,3,2,2,10.6201,-3.270369568448296,False,True,False,10.0,13.270369568448295
2024,5,401645336,249,202,North Texas,Tulsa,regular,False,52.0,20.0,4,-0.20159452098381547,-0.32419013892931,3,3,3,10.6201,4.3384777221429465,True,True,True,32.0,27.661522277857053
2024,5,401645337,2655,58,Tulane,South Florida,regular,False,45.0,10.0,4,-0.12884602932314856,-0.42120286926785827,3,3,3,10.6201,6.141358875896812,True,True,True,35.0,28.858641124103187
2024,6,401628379,8,2633,Arkansas,Tennessee,regular,False,19.0,14.0,5,-0.10249006462951482,0.3968197544236781,4,3,3,10.6201,-2.2662202093268142,False,True,False,5.0,7.266220209326814
2024,6,401628380,57,2116,Florida,UCF,regular,False,24.0,13.0,5,-0.13657199550875793,0.21141461675755746,3,3,3,10.6201,-0.659152620929496,False,True,False,11.0,11.659152620929497
2024,6,401628381,61,2,Georgia,Auburn,regular,False,31.0,13.0,5,0.19624575307798403,-0.24272387915252736,3,4,3,10.6201,7.698401391251254,True,True,True,18.0,10.301598608748746
2024,6,401628382,2579,145,South Carolina,Ole Miss,regular,False,3.0,27.0,5,0.03438039624758792,0.0897249217063476,4,4,4,26.0576,1.5943544934058238,True,False,False,-24.0,25.594354493405824
2024,6,401628383,245,142,Texas A&M,Missouri,regular,False,41.0,10.0,5,0.06208224583676404,0.1458850911372243,4,3,3,10.6201,2.146505402624582,True,True,True,31.0,28.853494597375416
2024,6,401628384,238,333,Vanderbilt,Alabama,regular,False,40.0,35.0,5,-0.040133255245190874,0.33932361539800787,3,4,3,10.6201,-0.993369911917835,False,True,False,5.0,5.993369911917835
2024,6,401628503,77,84,Northwestern,Indiana,regular,True,24.0,41.0,5,-0.13688901625032018,0.1802647531818442,3,4,3,10.6201,-3.3682047467465295,False,False,True,-17.0,13.63179525325347
2024,6,401628504,194,2294,Ohio State,Iowa,regular,False,35.0,7.0,5,0.34200299165878806,0.135205813683274,3,3,3,10.6201,5.232706709817757,True,True,True,28.0,22.767293290182245
2024,6,401628505,264,130,Washington,Michigan,regular,False,27.0,17.0,5,0.5094485242617077,0.25928592023436925,4,5,4,26.0576,9.555137070702775,True,True,True,10.0,0.4448629292972246
2024,6,401628506,2483,127,Oregon,Michigan State,regular,False,31.0,10.0,5,0.5193317383907712,0.14387567821908298,2,4,2,10.6201,7.023880904629346,True,True,True,21.0,13.976119095370654
2024,6,401628507,135,30,Minnesota,USC,regular,False,24.0,17.0,5,0.19140557339924344,0.35694298047546946,4,4,4,26.0576,-1.2770075386294675,False,True,False,7.0,8.277007538629467
2024,6,401628508,158,164,Nebraska,Rutgers,regular,False,14.0,7.0,5,-0.043194867175045226,0.060048266240271514,4,3,3,10.6201,1.9400475988159949,True,True,True,7.0,5.059952401184005
2024,6,401628509,275,2509,Wisconsin,Purdue,regular,False,52.0,6.0,5,-0.04981020622412935,-0.22353620829411236,3,3,3,10.6201,4.8814875145834264,True,True,True,46.0,41.118512485416574
2024,6,401628510,213,26,Penn State,UCLA,regular,False,27.0,11.0,5,0.34154825144886497,-0.2272310385858639,4,3,3,10.6201,9.076992938097824,True,True,True,16.0,6.923007061902176
2024,6,401629033,41,218,UConn,Temple,regular,False,29.0,20.0,5,0.14715208198248322,-0.09853629455127978,4,5,4,26.0576,9.438549440366184,True,True,True,9.0,0.4385494403661845
2024,6,401629044,2459,113,Northern Illinois,Massachusetts,regular,False,34.0,20.0,5,0.32776355331010576,-0.1931997993882769,3,4,3,10.6201,8.569182901992095,True,True,True,14.0,5.430817098007905
2024,6,401634779,2439,183,UNLV,Syracuse,regular,False,41.0,44.0,5,0.155890226193471,0.11888359354535802,3,3,3,10.6201,3.429514139386225,True,False,False,-3.0,6.4295141393862245
2024,6,401635567,258,103,Virginia,Boston College,regular,False,24.0,14.0,5,0.1191678983100343,0.0770237900265297,3,4,3,10.6201,3.4840746443816473,True,True,True,10.0,6.515925355618353
2024,6,401635568,25,2390,California,Miami,regular,False,38.0,39.0,5,0.0010419533416027027,0.2556065033388679,2,4,2,10.6201,0.332999022574044,True,False,False,-1.0,1.332999022574044
2024,6,401635569,52,228,Florida State,Clemson,regular,False,13.0,29.0,5,-0.11656371697107573,-0.0023942554460466836,4,4,4,26.0576,0.061517839365403226,True,False,False,-16.0,16.061517839365404
2024,6,401635570,59,150,Georgia Tech,Duke,regular,False,24.0,14.0,5,0.07469931366102629,-0.1149694664650503,4,4,4,26.0576,7.978813205013253,True,True,True,10.0,2.021186794986747
2024,6,401635571,97,2567,Louisville,SMU,regular,False,27.0,34.0,5,0.3414259593829173,0.09111098406014807,3,3,3,10.6201,5.694870069425342,True,False,False,-7.0,12.694870069425342
2024,6,401635572,153,221,North Carolina,Pittsburgh,regular,False,24.0,34.0,5,0.0048121926676126525,0.0026765543036794126,3,3,3,10.6201,3.0591806929888077,True,False,False,-10.0,13.059180692988807
2024,6,401635573,24,259,Stanford,Virginia Tech,regular,False,7.0,31.0,5,-0.15912338393461076,0.04456511928717251,3,5,3,10.6201,0.8733077269343394,True,False,False,-24.0,24.87330772693434
2024,6,401635638,152,154,NC State,Wake Forest,regular,False,30.0,34.0,5,-0.078925005236022,-0.26766731547917066,4,3,3,10.6201,5.040962209013264,True,False,False,-4.0,9.040962209013264
2024,6,401636887,12,2641,Arizona,Texas Tech,regular,False,22.0,28.0,5,-0.28710812033575467,0.31124409043619716,2,3,2,10.6201,-3.318060313619206,False,False,True,-6.0,2.681939686380794
2024,6,401636888,9,2305,Arizona State,Kansas,regular,False,35.0,31.0,5,-0.14613477957741347,0.18714741183100145,3,4,3,10.6201,-0.5029902009765075,False,True,False,4.0,4.502990200976507
2024,6,401636889,66,239,Iowa State,Baylor,regular,False,43.0,21.0,5,0.43021878482358283,0.133610574738983,3,4,3,10.6201,6.186508851919459,True,True,True,22.0,15.81349114808054
2024,6,401636890,197,277,Oklahoma State,West Virginia,regular,False,14.0,38.0,5,0.09830811896218546,0.08884981194163691,4,3,3,10.6201,3.136948166388928,True,False,False,-24.0,27.136948166388926
2024,6,401636891,2628,248,TCU,Houston,regular,False,19.0,30.0,5,0.18114708904593363,-0.007214765938656539,4,5,4,26.0576,7.944757872446457,True,False,False,-11.0,18.94475787244646
2024,6,401641001,338,55,Kennesaw State,Jacksonville State,regular,False,24.0,63.0,5,-0.44850339806419814,-0.24807899265163205,3,4,3,10.6201,0.9079727720780069,True,False,False,-39.0,39.907972772078004
2024,6,401641029,2638,2534,UTEP,Sam Houston,regular,False,21.0,41.0,5,-0.33645008965435064,-0.17271971760336124,3,4,3,10.6201,1.2976670757812876,True,False,False,-20.0,21.297667075781288
2024,6,401643722,2005,2426,Air Force,Navy,regular,False,7.0,34.0,5,-0.12048053815656001,0.06089431121108241,2,3,2,10.6201,1.1102809622307008,True,False,False,-27.0,28.1102809622307
2024,6,401643723,68,328,Boise State,Utah State,regular,False,62.0,30.0,5,0.5435784186172548,-0.22212508472581205,2,3,2,10.6201,11.168347775853704,True,True,True,32.0,20.831652224146296
2024,6,401643724,204,36,Oregon State,Colorado State,regular,False,39.0,31.0,5,0.10055214545409995,-0.24161793134349085,3,3,3,10.6201,6.670380432598095,True,True,True,8.0,1.3296195674019051
2024,6,401643725,21,62,San Diego State,Hawai'i,regular,False,27.0,24.0,5,-0.45046117058825597,-0.41957354750970016,2,2,2,10.6201,2.70847035414343,True,True,True,3.0,0.29152964585657015
2024,6,401643726,23,2440,San José State,Nevada,regular,False,35.0,31.0,5,0.22300534606350678,-0.3138128461565195,3,4,3,10.6201,8.737562883195901,True,True,True,4.0,4.737562883195901
2024,6,401643797,2653,326,Troy,Texas State,regular,False,17.0,38.0,5,-0.23833614451348936,-0.1626223927246898,4,1,1,10.6201,2.23241238462777,True,False,False,-21.0,23.23241238462777
2024,6,401643798,324,295,Coastal Carolina,Old Dominion,regular,False,45.0,37.0,5,-0.024658745552121525,-0.21284521551781482,3,4,3,10.6201,5.03505912968266,True,True,True,8.0,2.9649408703173403
2024,6,401643799,276,2026,Marshall,App State,regular,False,52.0,37.0,5,-0.19486643141472532,-0.40395776909227005,2,3,2,10.6201,5.257070915269293,True,True,True,15.0,9.742929084730708
2024,6,401643800,2032,6,Arkansas State,South Alabama,regular,False,18.0,16.0,5,0.04944030741238653,-0.09732884590763982,3,4,3,10.6201,4.595203085174012,True,True,True,2.0,2.5952030851740124
2024,6,401643801,2433,256,UL Monroe,James Madison,regular,False,21.0,19.0,5,-0.05049759563611242,0.02738461458640953,3,3,3,10.6201,2.2093831392157948,True,True,True,2.0,0.20938313921579477
2024,6,401643802,2572,309,Southern Miss,Louisiana,regular,False,13.0,23.0,5,-0.9623693308934811,0.006270647662750317,3,3,3,10.6201,-7.250553436265033,False,False,True,-10.0,2.749446563734967
2024,6,401644684,2649,193,Toledo,Miami (OH),regular,False,30.0,20.0,5,-0.259273904684561,-0.03830795539406838,3,4,3,10.6201,0.6898195219400391,True,True,True,10.0,9.31018047805996
2024,6,401644740,2006,189,Akron,Bowling Green,regular,False,20.0,27.0,5,-0.43662979169482236,0.07207918797584602,4,3,3,10.6201,-2.366040235000466,False,False,True,-7.0,4.633959764999534
2024,6,401644741,2050,2711,Ball State,Western Michigan,regular,False,42.0,45.0,5,-0.7028625817492834,-0.36283569372520275,3,3,3,10.6201,-0.5746195535045389,False,False,True,-3.0,2.425380446495461
2024,6,401645338,5,2655,UAB,Tulane,regular,False,20.0,71.0,5,-0.1335596371787972,0.08630017362709287,3,4,3,10.6201,0.7015668232603671,True,False,False,-51.0,51.701566823260364
2024,6,401645339,202,349,Tulsa,Army,regular,False,7.0,49.0,5,-0.3701791515033975,0.12933435341692912,4,3,3,10.6201,-2.268383373604361,False,False,True,-42.0,39.73161662639564
2024,6,401645340,2429,151,Charlotte,East Carolina,regular,False,55.0,24.0,5,-0.24282937818970257,-0.40884765200190276,3,4,3,10.6201,4.799630669712948,True,True,True,31.0,26.200369330287053
2024,7,401628385,333,2579,Alabama,South Carolina,regular,False,27.0,25.0,6,0.3458816919435681,-0.0021691176635612736,5,5,5,26.0576,12.105868776418735,True,True,True,2.0,10.105868776418735
2024,7,401628386,61,344,Georgia,Mississippi State,regular,False,41.0,31.0,6,0.2206392182499342,0.16911511171443883,4,4,4,26.0576,4.379094558459325,True,True,True,10.0,5.620905441540675
2024,7,401628387,96,238,Kentucky,Vanderbilt,regular,False,13.0,20.0,6,-0.04710331248121878,0.1420229569332249,5,4,4,26.0576,-1.8916766778938072,False,False,True,-7.0,5.108323322106193
2024,7,401628388,99,145,LSU,Ole Miss,regular,False,29.0,26.0,6,-0.01523890214019305,0.15579845649118504,4,5,4,26.0576,-1.4203230762729975,False,True,False,3.0,4.4203230762729975
2024,7,401628389,113,142,Massachusetts,Missouri,regular,False,3.0,45.0,6,-0.13872486476918772,0.14669359263859763,5,4,4,26.0576,-4.400819995749108,False,False,True,-42.0,37.59918000425089
2024,7,401628390,201,251,Oklahoma,Texas,regular,True,3.0,34.0,6,0.08425716778127951,0.32742328101937934,5,5,5,26.0576,-6.33632531231311,False,False,True,-31.0,24.66367468768689
2024,7,401628391,2633,57,Tennessee,Florida,regular,False,23.0,17.0,6,0.2698523822516795,0.039867204883059934,4,4,4,26.0576,9.02936175780054,True,True,True,6.0,3.0293617578005403
2024,7,401628511,356,2509,Illinois,Purdue,regular,False,50.0,49.0,6,0.11833426543755964,-0.42452197264637914,4,4,4,26.0576,17.182030709496043,True,True,True,1.0,16.182030709496043
2024,7,401628512,2294,264,Iowa,Washington,regular,False,40.0,16.0,6,0.1118997594289193,0.5094674605311751,3,5,3,10.6201,-1.1857087424760673,False,True,False,24.0,25.185708742476066
2024,7,401628513,120,77,Maryland,Northwestern,regular,False,10.0,37.0,6,0.33255498896914876,-0.12866136569201558,4,4,4,26.0576,15.054691283218757,True,False,False,-27.0,42.05469128321876
2024,7,401628514,26,135,UCLA,Minnesota,regular,False,17.0,21.0,6,-0.008194227755068353,0.18119871958355976,5,5,5,26.0576,-1.8986256645710355,False,False,True,-4.0,2.1013743354289645
2024,7,401628515,2483,194,Oregon,Ohio State,regular,False,32.0,31.0,6,0.30349746120825594,0.25129809989894003,4,3,3,10.6201,3.590862437041066,True,True,True,1.0,2.590862437041066
2024,7,401628516,30,213,USC,Penn State,regular,False,30.0,33.0,6,0.2455660313834389,0.2449292255598312,5,5,5,26.0576,3.05309363142924,True,False,False,-3.0,6.05309363142924
2024,7,401628517,164,275,Rutgers,Wisconsin,regular,False,7.0,42.0,6,0.024437246027716318,-0.07196248308314909,3,4,3,10.6201,4.060274763130302,True,False,False,-35.0,39.0602747631303
2024,7,401628981,87,24,Notre Dame,Stanford,regular,False,49.0,7.0,6,0.38982955250230966,-0.14225352840075828,5,4,4,26.0576,16.901308088939782,True,True,True,42.0,25.098691911060218
2024,7,401635574,152,183,NC State,Syracuse,regular,False,17.0,24.0,6,-0.15184055385504244,0.015319896718293008,5,4,4,26.0576,-1.3193001568597458,False,False,True,-7.0,5.680699843140254
2024,7,401635575,221,25,Pittsburgh,California,regular,False,17.0,15.0,6,0.039134459167080624,-0.005860524022298551,4,2,2,10.6201,3.514351220969526,True,True,True,2.0,1.5143512209695258
2024,7,401635576,154,228,Wake Forest,Clemson,regular,False,14.0,49.0,6,-0.15408516470354258,-0.04769414811659257,4,5,4,26.0576,0.2642054461838912,True,False,False,-35.0,35.264205446183894
2024,7,401635577,153,59,North Carolina,Georgia Tech,regular,False,34.0,41.0,6,-0.07464311361507883,0.07013494642660145,4,4,4,26.0576,-0.736068777342088,False,False,True,-7.0,6.263931222657912
2024,7,401635578,258,97,Virginia,Louisville,regular,False,20.0,24.0,6,0.07714694530253267,0.26814696159470947,4,4,4,26.0576,-1.940502024535026,False,False,True,-4.0,2.059497975464974
2024,7,401636892,9,254,Arizona State,Utah,regular,False,27.0,19.0,6,0.014271110906493883,0.06597519183102646,3,4,3,10.6201,2.4873974901733718,True,True,True,8.0,5.512602509826628
2024,7,401636893,252,12,BYU,Arizona,regular,False,41.0,19.0,6,0.17246337338898568,0.08486642115386589,4,3,3,10.6201,3.966788392432196,True,True,True,22.0,18.033211607567804
2024,7,401636894,38,2306,Colorado,Kansas State,regular,False,28.0,31.0,6,0.16447460982110254,0.26468558496897815,4,4,4,26.0576,0.42524249398671676,True,False,False,-3.0,3.4252424939867168
2024,7,401636895,2116,2132,UCF,Cincinnati,regular,False,13.0,19.0,6,0.0557871059499825,0.14533632092482435,4,4,4,26.0576,0.7030623758715611,True,False,False,-6.0,6.703062375871561
2024,7,401636896,277,66,West Virginia,Iowa State,regular,False,16.0,28.0,6,0.15388128187982583,0.40232764277759137,4,4,4,26.0576,-3.4374158937296153,False,False,True,-12.0,8.562584106270386
2024,7,401640982,2335,2229,Liberty,Florida International,regular,False,31.0,24.0,6,-0.20420425916638876,-0.3809161543672389,3,4,3,10.6201,4.913197998222549,True,True,True,7.0,2.0868020017774507
2024,7,401641002,55,166,Jacksonville State,New Mexico State,regular,False,54.0,13.0,6,-0.22005202190616246,-0.5643196233128175,5,3,3,10.6201,6.692656353698817,True,True,True,41.0,34.307343646301184
2024,7,401641009,2348,2393,Louisiana Tech,Middle Tennessee,regular,False,48.0,21.0,6,-0.5081459186496655,-0.2592157306610739,3,4,3,10.6201,0.39283651054235813,True,True,True,27.0,26.60716348945764
2024,7,401641030,98,2638,Western Kentucky,UTEP,regular,False,44.0,17.0,6,-0.317108156275287,-0.19331540512889728,4,4,4,26.0576,-0.18924199227216443,False,True,False,27.0,27.189241992272166
2024,7,401643727,167,2005,New Mexico,Air Force,regular,False,52.0,37.0,6,-0.26959909179727987,-0.23418397781778155,4,4,4,26.0576,2.113667125967825,True,True,True,15.0,12.886332874032174
2024,7,401643728,62,68,Hawai'i,Boise State,regular,False,7.0,28.0,6,-0.3724556823087257,0.4509299014896777,2,4,2,10.6201,-5.707937238497424,False,False,True,-21.0,15.292062761502576
2024,7,401643729,36,23,Colorado State,San José State,regular,False,31.0,24.0,6,-0.1654396973445643,-0.03080680421517394,4,4,4,26.0576,-0.4717100760084021,False,True,False,7.0,7.471710076008402
2024,7,401643730,278,265,Fresno State,Washington State,regular,False,17.0,25.0,6,-0.16251190389760875,0.2547884402294556,4,4,4,26.0576,-7.837345447125394,False,False,True,-8.0,0.1626545528746064
2024,7,401643731,2440,204,Nevada,Oregon State,regular,False,42.0,37.0,6,-0.21089003958876568,-0.018870311221402605,5,4,4,26.0576,-1.9670732739054007,False,True,False,5.0,6.967073273905401
2024,7,401643732,2751,21,Wyoming,San Diego State,regular,False,24.0,27.0,6,-0.3119304760864422,-0.6222145743971428,4,2,2,10.6201,6.331748152469472,True,False,False,-3.0,9.331748152469473
2024,7,401643733,328,2439,Utah State,UNLV,regular,False,34.0,50.0,6,-0.09730456677536817,0.2368865307452198,4,4,4,26.0576,-5.671717942752473,False,False,True,-16.0,10.328282057247527
2024,7,401643803,256,324,James Madison,Coastal Carolina,regular,False,39.0,7.0,6,-0.05770724331900481,-0.011452135075885356,4,4,4,26.0576,1.8312028914440908,True,True,True,32.0,30.16879710855591
2024,7,401643804,290,276,Georgia Southern,Marshall,regular,False,24.0,23.0,6,-0.20668579552570024,-0.13230447540838045,4,3,3,10.6201,2.2465629422220523,True,True,True,1.0,1.2465629422220523
2024,7,401643805,2247,295,Georgia State,Old Dominion,regular,False,14.0,21.0,6,-0.21575123771232918,-0.12577368516717416,3,5,3,10.6201,2.0809293942151994,True,False,False,-7.0,9.0809293942152
2024,7,401643806,309,2026,Louisiana,App State,regular,False,34.0,24.0,6,-0.23464672523114544,-0.34576037473701204,4,4,4,26.0576,5.931855033364069,True,True,True,10.0,4.068144966635931
2024,7,401643807,2433,2572,UL Monroe,Southern Miss,regular,False,38.0,21.0,6,-0.011915143298074776,-0.7559253433120564,4,4,4,26.0576,22.423620187884328,True,True,True,17.0,5.423620187884328
2024,7,401643808,326,2032,Texas State,Arkansas State,regular,False,41.0,9.0,6,-0.135407251295813,-0.11604549276269868,2,4,2,10.6201,2.830876188202473,True,True,True,32.0,29.169123811797526
2024,7,401644685,2199,193,Eastern Michigan,Miami (OH),regular,False,14.0,38.0,6,-0.19208224801969598,-0.020917117466536142,4,5,4,26.0576,-1.4236525059020178,False,False,True,-24.0,22.57634749409798
2024,7,401644742,2711,2006,Western Michigan,Akron,regular,False,34.0,24.0,6,-0.48015213837683646,-0.4674575895225329,4,5,4,26.0576,2.7057105237741004,True,True,True,10.0,7.2942894762259
2024,7,401644743,2309,2050,Kent State,Ball State,regular,False,35.0,37.0,6,-0.3996116966516226,-0.7057447807269711,4,4,4,26.0576,11.013593451601801,True,False,False,-2.0,13.013593451601801
2024,7,401644744,189,2459,Bowling Green,Northern Illinois,regular,False,7.0,17.0,6,-0.020680341382256634,0.21249438920929659,4,4,4,26.0576,-3.039473859862457,False,False,True,-10.0,6.960526140137543
2024,7,401644745,2084,2649,Buffalo,Toledo,regular,False,30.0,15.0,6,-0.23497572704635408,-0.18370243916596996,4,4,4,26.0576,1.7004411737281027,True,True,True,15.0,13.299558826271898
2024,7,401644746,2117,195,Central Michigan,Ohio,regular,False,25.0,27.0,6,-0.41198581197925127,-0.3499566462531042,4,4,4,26.0576,1.4201688111743498,True,False,False,-2.0,3.42016881117435
2024,7,401645341,58,235,South Florida,Memphis,regular,True,3.0,21.0,6,-0.2991767603918824,-0.24580292421847375,4,4,4,26.0576,-1.3907940734722135,False,False,True,-18.0,16.609205926527785
2024,7,401645342,349,5,Army,UAB,regular,False,44.0,10.0,6,0.24644472489438618,-0.1600868888405853,4,4,4,26.0576,13.629738178060393,True,True,True,34.0,20.370261821939607
2024,7,401645343,2226,249,Florida Atlantic,North Texas,regular,False,37.0,41.0,6,0.021631530572805147,0.03376185610495473,4,4,4,26.0576,2.7204128294134593,True,False,False,-4.0,6.720412829413459
2024,7,401645344,242,2636,Rice,UTSA,regular,False,29.0,27.0,6,-0.09305380123006608,-0.09374608985381892,4,3,3,10.6201,3.043852174413118,True,True,True,2.0,1.043852174413118
2024,8,401628392,8,99,Arkansas,LSU,regular,False,10.0,34.0,7,0.03360054978911934,0.14048058168300478,5,5,5,26.0576,0.2514628809218906,True,False,False,-24.0,24.251462880921892
2024,8,401628393,57,96,Florida,Kentucky,regular,False,48.0,20.0,7,0.03858534250672063,0.053494635328744974,5,6,5,26.0576,2.647999611360819,True,True,True,28.0,25.35200038863918
2024,8,401628394,344,245,Mississippi State,Texas A&M,regular,False,24.0,34.0,7,0.10873947146573432,0.2829231289671983,5,5,5,26.0576,-1.5023080737101475,False,False,True,-10.0,8.497691926289853
2024,8,401628395,142,2,Missouri,Auburn,regular,False,21.0,17.0,7,0.2153285817333704,-0.05475624017471898,5,5,5,26.0576,10.074262255352231,True,True,True,4.0,6.074262255352231
2024,8,401628396,201,2579,Oklahoma,South Carolina,regular,False,9.0,35.0,7,0.13395018134645534,0.20669902909440827,6,6,6,42.0032,-0.019184401726816347,False,False,True,-26.0,25.980815598273182
2024,8,401628397,2633,333,Tennessee,Alabama,regular,False,24.0,17.0,7,0.19529972328476272,0.3328013389928582,5,6,5,26.0576,-0.5464621014752682,False,True,False,7.0,7.546462101475268
2024,8,401628398,251,61,Texas,Georgia,regular,False,15.0,30.0,7,0.34582368814913944,0.17477251477770608,6,5,5,26.0576,7.493683055243462,True,False,False,-15.0,22.493683055243462
2024,8,401628399,238,2050,Vanderbilt,Ball State,regular,False,24.0,14.0,7,0.047839906816814645,-0.7957367452459488,5,5,5,26.0576,25.018082968790665,True,True,True,10.0,15.018082968790665
2024,8,401628518,356,130,Illinois,Michigan,regular,False,21.0,7.0,7,0.06744813929985158,0.17916279780409702,4,6,4,26.0576,0.12548411455977382,True,True,True,14.0,13.874515885440227
2024,8,401628519,84,158,Indiana,Nebraska,regular,False,56.0,7.0,7,0.18271653730110696,-0.006715184575235622,5,4,4,26.0576,7.972636035964984,True,True,True,49.0,41.02736396403502
2024,8,401628520,127,2294,Michigan State,Iowa,regular,False,32.0,20.0,7,0.11780165629514562,0.24288395036577268,5,4,4,26.0576,-0.22284438597477108,False,True,False,12.0,12.22284438597477
2024,8,401628521,120,30,Maryland,USC,regular,False,29.0,28.0,7,0.21105213160322622,0.32870349112894537,5,6,5,26.0576,-0.02921206597737891,False,True,False,1.0,1.029212065977379
2024,8,401628522,77,275,Northwestern,Wisconsin,regular,True,3.0,23.0,7,-0.030598104883198418,0.033855230133421454,5,5,5,26.0576,-1.6794992225290741,False,False,True,-20.0,18.320500777470926
2024,8,401628523,2509,2483,Purdue,Oregon,regular,False,0.0,35.0,7,-0.40702033621947004,0.34262222969352474,4,5,4,26.0576,-16.497386125534454,False,False,True,-35.0,18.502613874465546
2024,8,401628524,164,26,Rutgers,UCLA,regular,False,32.0,35.0,7,-0.09027564378163845,-0.028114322895551935,4,5,4,26.0576,1.4167251648787123,True,False,False,-3.0,4.416725164878712
2024,8,401628982,59,87,Georgia Tech,Notre Dame,regular,True,13.0,31.0,7,0.11975310479220953,0.43291032599743945,6,6,6,42.0032,-13.153605393727513,False,False,True,-18.0,4.8463946062724865
2024,8,401629034,41,154,UConn,Wake Forest,regular,False,20.0,23.0,7,0.0935052896108452,-0.1513391113462373,5,5,5,26.0576,9.416557462379274,True,False,False,-3.0,12.416557462379274
2024,8,401634768,259,103,Virginia Tech,Boston College,regular,False,42.0,21.0,7,0.06739449643733025,0.05830670781161166,6,5,5,26.0576,3.273305960893525,True,True,True,21.0,17.726694039106476
2024,8,401634769,150,52,Duke,Florida State,regular,False,23.0,16.0,7,-0.14302756828878702,-0.041348806232880876,5,6,5,26.0576,0.38699548985202004,True,True,True,7.0,6.61300451014798
2024,8,401635587,25,152,California,NC State,regular,False,23.0,24.0,7,0.06556662422094892,-0.11869086186261428,4,5,4,26.0576,7.837807869371057,True,False,False,-1.0,8.837807869371057
2024,8,401635588,228,258,Clemson,Virginia,regular,False,48.0,31.0,7,0.0772507887294446,0.018947870768699027,6,5,5,26.0576,4.555734115053924,True,True,True,17.0,12.444265884946077
2024,8,401635589,97,2390,Louisville,Miami,regular,False,45.0,52.0,7,0.2651862771823916,0.3126385611806062,5,5,5,26.0576,1.8000073644881247,True,False,False,-7.0,8.800007364488124
2024,8,401635590,24,2567,Stanford,SMU,regular,False,10.0,40.0,7,-0.07646569221232917,0.20286305480126432,5,5,5,26.0576,-4.242136758181414,False,False,True,-30.0,25.757863241818587
2024,8,401636897,12,38,Arizona,Colorado,regular,False,7.0,34.0,7,0.10753165649992188,0.20520895888918694,5,4,4,26.0576,0.491263925261487,True,False,False,-27.0,27.491263925261485
2024,8,401636898,252,197,BYU,Oklahoma State,regular,False,38.0,35.0,7,0.2056910911674818,-0.015642065183095244,5,5,5,26.0576,8.803910854920797,True,True,True,3.0,5.803910854920797
2024,8,401636899,2132,9,Cincinnati,Arizona State,regular,False,24.0,14.0,7,0.12136295056979725,0.08723950591703192,5,5,5,26.0576,3.925675071383898,True,True,True,10.0,6.074324928616102
2024,8,401636900,66,2116,Iowa State,UCF,regular,False,38.0,35.0,7,0.436121965994434,0.12945025953947228,4,5,4,26.0576,11.02762865812081,True,True,True,3.0,8.02762865812081
2024,8,401636901,2305,248,Kansas,Houston,regular,True,42.0,14.0,7,0.13846830945572788,0.034263385384180695,5,6,5,26.0576,2.715330229486748,True,True,True,28.0,25.28466977051325
2024,8,401636902,2641,239,Texas Tech,Baylor,regular,False,35.0,59.0,7,0.2825138434665931,0.06783266989917694,5,5,5,26.0576,8.630576148350304,True,False,False,-24.0,32.6305761483503
2024,8,401636903,254,2628,Utah,TCU,regular,False,7.0,13.0,7,0.01138479371423537,0.05002720313900785,5,5,5,26.0576,2.0295715521730484,True,False,False,-6.0,8.02957155217305
2024,8,401636904,277,2306,West Virginia,Kansas State,regular,False,18.0,45.0,7,0.10747928160873782,0.23412229968998946,4,4,4,26.0576,-0.2635131079540227,False,False,True,-27.0,26.736486892045978
2024,8,401640983,2638,2229,UTEP,Florida International,regular,False,30.0,21.0,7,-0.1891634930027556,-0.31414867975836386,5,5,5,26.0576,6.293314002402939,True,True,True,9.0,2.706685997597061
2024,8,401641010,166,2348,New Mexico State,Louisiana Tech,regular,False,33.0,30.0,7,-0.523537355289456,-0.5662725231193788,4,4,4,26.0576,4.150075909244997,True,True,True,3.0,1.1500759092449968
2024,8,401641019,2393,338,Middle Tennessee,Kennesaw State,regular,False,14.0,5.0,7,-0.3227625491362434,-0.6265465355945583,5,4,4,26.0576,10.952381605536186,True,True,True,9.0,1.9523816055361856
2024,8,401641038,2534,98,Sam Houston,Western Kentucky,regular,False,14.0,31.0,7,-0.11856732285357902,-0.4091058338829892,5,5,5,26.0576,10.60723630499996,True,False,False,-17.0,27.607236304999958
2024,8,401643734,2005,36,Air Force,Colorado State,regular,False,13.0,21.0,7,-0.33802768328811533,-0.2261687006202005,5,5,5,26.0576,0.12172337323254245,True,False,False,-8.0,8.121723373232543
2024,8,401643735,2440,278,Nevada,Fresno State,regular,False,21.0,24.0,7,-0.16101759270696267,-0.1446019274585215,6,4,4,26.0576,2.6087471612222193,True,False,False,-3.0,5.608747161222219
2024,8,401643736,265,62,Washington State,Hawai'i,regular,False,42.0,10.0,7,0.14357652377897293,-0.3084314543403649,4,3,3,10.6201,7.8368699284251795,True,True,True,32.0,24.16313007157482
2024,8,401643737,328,167,Utah State,New Mexico,regular,False,45.0,50.0,7,-0.05865036379406287,-0.2682739278057139,5,5,5,26.0576,8.498786981589998,True,False,False,-5.0,13.498786981589998
2024,8,401643738,23,2751,San José State,Wyoming,regular,False,24.0,14.0,7,-0.10773631999413641,-0.37620268476450625,5,5,5,26.0576,10.03208914664039,True,True,True,10.0,0.03208914664038964
2024,8,401643739,204,2439,Oregon State,UNLV,regular,False,25.0,33.0,7,-0.13421047009902115,0.1859743740682501,5,5,5,26.0576,-5.306748595373087,False,False,True,-8.0,2.6932514046269134
2024,8,401643809,6,2653,South Alabama,Troy,regular,False,25.0,9.0,7,-0.11352331423749827,-0.05151579143646605,5,5,5,26.0576,1.420732773859823,True,True,True,16.0,14.579267226140177
2024,8,401643810,276,2247,Marshall,Georgia State,regular,False,35.0,20.0,7,-0.1526905235049496,-0.24515446970324584,3,4,3,10.6201,4.0184763550205265,True,True,True,15.0,10.981523644979474
2024,8,401643811,324,309,Coastal Carolina,Louisiana,regular,False,24.0,34.0,7,-0.07558428879888132,-0.20849554376930401,5,5,5,26.0576,6.499848317517287,True,False,False,-10.0,16.499848317517287
2024,8,401643812,290,256,Georgia Southern,James Madison,regular,False,28.0,14.0,7,-0.19704981353447698,0.10098501447440482,4,5,4,26.0576,-4.729572334324239,False,True,False,14.0,18.72957233432424
2024,8,401643813,295,326,Old Dominion,Texas State,regular,False,24.0,14.0,7,-0.10184425064757696,0.015984629397167938,6,3,3,10.6201,1.7851455110368049,True,True,True,10.0,8.214854488963194
2024,8,401643814,2572,2032,Southern Miss,Arkansas State,regular,False,28.0,44.0,7,-0.7526241090341566,-0.09573966362459448,5,5,5,26.0576,-14.080332124704203,False,False,True,-16.0,1.9196678752957972
2024,8,401644686,193,195,Miami (OH),Ohio,regular,False,30.0,20.0,7,0.023141952233263687,-0.3501756672188677,6,5,5,26.0576,12.764261200635861,True,True,True,10.0,2.764261200635861
2024,8,401644748,189,2309,Bowling Green,Kent State,regular,False,27.0,6.0,7,0.011526302041086706,-0.4902503711117512,5,5,5,26.0576,16.11159583834739,True,True,True,21.0,4.888404161652609
2024,8,401644749,2084,2711,Buffalo,Western Michigan,regular,False,41.0,48.0,7,-0.17756653563491598,-0.40264429268582846,5,5,5,26.0576,8.901486162129856,True,False,False,-7.0,15.901486162129856
2024,8,401644750,2199,2117,Eastern Michigan,Central Michigan,regular,False,38.0,34.0,7,-0.35664646891372254,-0.30788095822782924,5,5,5,26.0576,1.765787828751267,True,True,True,4.0,2.234212171248733
2024,8,401644751,2459,2649,Northern Illinois,Toledo,regular,False,6.0,13.0,7,0.22385127988236692,-0.15556183743940272,5,5,5,26.0576,12.923095245923745,True,False,False,-7.0,19.923095245923747
2024,8,401645345,58,5,South Florida,UAB,regular,False,35.0,25.0,7,-0.3403303198713799,-0.11436106557102987,5,5,5,26.0576,-2.8517164408568005,False,True,False,10.0,12.851716440856801
2024,8,401645346,349,151,Army,East Carolina,regular,False,45.0,28.0,7,0.2321966104850436,-0.4000368166607226,5,5,5,26.0576,19.510985751193516,True,True,True,17.0,2.510985751193516
2024,8,401645347,2426,2429,Navy,Charlotte,regular,False,51.0,17.0,7,0.13565737429026709,-0.1609942653410186,4,4,4,26.0576,10.766529764856191,True,True,True,34.0,23.23347023514381
2024,8,401645348,2636,2226,UTSA,Florida Atlantic,regular,False,38.0,24.0,7,-0.2240643195827861,0.024899432948705898,4,5,4,26.0576,-3.4508978779646062,False,True,False,14.0,17.450897877964607
2024,8,401645349,235,249,Memphis,North Texas,regular,False,52.0,44.0,7,-0.2767703876388096,-0.032991163866559564,5,5,5,26.0576,-3.3158015013677833,False,True,False,8.0,11.315801501367783
2024,8,401645350,2655,242,Tulane,Rice,regular,False,24.0,10.0,7,0.053787245633295094,-0.10415724599341095,5,5,5,26.0576,7.1521543850120555,True,True,True,14.0,6.8478456149879445
2024,8,401645351,218,202,Temple,Tulsa,regular,False,20.0,10.0,7,-0.03594782293752191,-0.4199620877726234,6,5,5,26.0576,13.04299010736714,True,True,True,10.0,3.0429901073671406
2024,9,401628400,333,142,Alabama,Missouri,regular,False,34.0,0.0,8,0.36023370364867985,0.1652942378865299,7,6,6,42.0032,11.224581368300738,True,True,True,34.0,22.77541863169926
2024,9,401628401,96,2,Kentucky,Auburn,regular,False,10.0,24.0,8,0.044867622039350935,-0.06656372914414574,7,6,6,42.0032,7.716973330030648,True,False,False,-14.0,21.716973330030648
2024,9,401628402,145,201,Ole Miss,Oklahoma,regular,False,26.0,14.0,8,0.2846392424134371,0.05365300809526942,6,6,6,42.0032,12.738660997312861,True,True,True,12.0,0.7386609973128611
2024,9,401628403,344,8,Mississippi State,Arkansas,regular,False,25.0,58.0,8,0.119236026349349,0.05793726657876152,6,6,6,42.0032,5.61124406639594,True,False,False,-33.0,38.61124406639594
2024,9,401628404,245,99,Texas A&M,LSU,regular,False,38.0,23.0,8,0.2029580213097295,0.2781644299729688,6,6,6,42.0032,-0.12240982436377257,False,True,False,15.0,15.122409824363773
2024,9,401628405,238,251,Vanderbilt,Texas,regular,False,24.0,27.0,8,-0.007357877628239529,0.34498107145168555,6,7,6,42.0032,-11.762863345993908,False,False,True,-3.0,8.762863345993908
2024,9,401628525,2483,356,Oregon,Illinois,regular,False,38.0,9.0,8,0.40012512384932486,0.08791082733253269,6,5,5,26.0576,11.172055252915964,True,True,True,29.0,17.827944747084036
2024,9,401628526,84,264,Indiana,Washington,regular,False,31.0,17.0,8,0.36938143425473674,0.26004748777543035,6,6,6,42.0032,7.628875620759602,True,True,True,14.0,6.371124379240398
2024,9,401628527,2294,77,Iowa,Northwestern,regular,False,40.0,14.0,8,0.074499306009712,-0.004874786338970427,5,6,5,26.0576,5.104798348785027,True,True,True,26.0,20.895201651214972
2024,9,401628528,135,120,Minnesota,Maryland,regular,False,48.0,23.0,8,0.07743574703903058,0.2652758126031342,6,6,6,42.0032,-4.853383841902157,False,True,False,25.0,29.853383841902158
2024,9,401628529,130,127,Michigan,Michigan State,regular,False,24.0,17.0,8,0.0461851984653042,0.15284760015865978,7,6,6,42.0032,-1.4436621908063527,False,True,False,7.0,8.443662190806354
2024,9,401628530,194,158,Ohio State,Nebraska,regular,False,21.0,17.0,8,0.5095562503362956,-0.0031753376829227603,4,5,4,26.0576,16.397054627969585,True,True,True,4.0,12.397054627969585
2024,9,401628531,275,213,Wisconsin,Penn State,regular,False,13.0,28.0,8,0.02263135018082521,0.30207247244650276,6,6,6,42.0032,-8.700921346749706,False,False,True,-15.0,6.2990786532502945
2024,9,401628532,30,164,USC,Rutgers,regular,False,42.0,20.0,8,0.2610315800372757,-0.12183666552058578,7,5,5,26.0576,13.013127595448532,True,True,True,22.0,8.986872404551468
2024,9,401628983,2426,87,Navy,Notre Dame,regular,True,14.0,51.0,8,0.0973868127938321,0.4206416875379059,5,7,5,26.0576,-8.423246224131177,False,False,True,-37.0,28.576753775868823
2024,9,401629035,41,242,UConn,Rice,regular,False,17.0,10.0,8,0.042066722296119526,-0.057535414414310086,6,6,6,42.0032,7.220108468675517,True,True,True,7.0,0.2201084686755168
2024,9,401634770,221,183,Pittsburgh,Syracuse,regular,False,41.0,13.0,8,-0.019559176533093428,0.053286355262021246,5,5,5,26.0576,1.13832027069562,True,True,True,28.0,26.86167972930438
2024,9,401634771,103,97,Boston College,Louisville,regular,False,27.0,31.0,8,0.06622919158672608,0.2491482756053267,6,6,6,42.0032,-4.646686869850086,False,False,True,-4.0,0.646686869850086
2024,9,401635594,25,204,California,Oregon State,regular,False,44.0,7.0,8,-0.0038286739730397923,-0.108691851626433,5,5,5,26.0576,5.768982738021059,True,True,True,37.0,31.23101726197894
2024,9,401635595,150,2567,Duke,SMU,regular,False,27.0,28.0,8,-0.09151554387110906,0.18072211479488265,6,5,5,26.0576,-4.057360014454946,False,False,True,-1.0,3.0573600144549458
2024,9,401635596,2390,52,Miami,Florida State,regular,False,36.0,14.0,8,0.34135832662283133,-0.06776706656273591,6,7,6,42.0032,20.221075715052017,True,True,True,22.0,1.7789242849479834
2024,9,401635597,259,59,Virginia Tech,Georgia Tech,regular,False,21.0,6.0,8,0.11874364169387895,0.1587498526944171,7,7,7,42.0032,1.356111118102196,True,True,True,15.0,13.643888881897803
2024,9,401635598,258,153,Virginia,North Carolina,regular,False,14.0,41.0,8,0.08517514552312767,-0.12465121686198075,6,5,5,26.0576,8.504071420486202,True,False,False,-27.0,35.5040714204862
2024,9,401635599,24,154,Stanford,Wake Forest,regular,False,24.0,27.0,8,-0.05043246431723877,-0.045715425523588725,5,6,5,26.0576,2.9135852899305847,True,False,False,-3.0,5.913585289930585
2024,9,401636905,12,277,Arizona,West Virginia,regular,False,26.0,31.0,8,0.06307351301670625,0.052772182470871516,6,6,6,42.0032,3.4691888471828056,True,False,False,-5.0,8.469188847182807
2024,9,401636906,239,197,Baylor,Oklahoma State,regular,False,38.0,28.0,8,0.07283869111984204,0.028795588037535208,6,6,6,42.0032,4.88645126738675,True,True,True,10.0,5.11354873261325
2024,9,401636907,38,2132,Colorado,Cincinnati,regular,False,34.0,23.0,8,0.2711787324432633,0.1403689421384012,6,6,6,42.0032,8.530929784133184,True,True,True,11.0,2.4690702158668163
2024,9,401636908,248,254,Houston,Utah,regular,False,17.0,14.0,8,-0.0400933566719886,-0.002270225591770675,7,5,5,26.0576,2.0509199795641138,True,True,True,3.0,0.9490800204358862
2024,9,401636909,2306,2305,Kansas State,Kansas,regular,False,29.0,27.0,8,0.30330899395979677,0.14593225265626913,6,6,6,42.0032,9.646826740320332,True,True,True,2.0,7.646826740320332
2024,9,401636910,2628,2641,TCU,Texas Tech,regular,False,35.0,34.0,8,0.0451806897487719,0.20071371563058196,5,6,5,26.0576,-1.016317375217854,False,True,False,1.0,2.016317375217854
2024,9,401636911,2116,252,UCF,BYU,regular,False,24.0,37.0,8,0.18945738506658602,0.17201940892004206,6,6,6,42.0032,3.7689507996785157,True,False,False,-13.0,16.768950799678514
2024,9,401640984,2229,2534,Florida International,Sam Houston,regular,True,7.0,10.0,8,-0.37573711959290756,0.029112398149722725,6,6,6,42.0032,-17.00497526364725,False,False,True,-3.0,14.00497526364725
2024,9,401640993,338,2335,Kennesaw State,Liberty,regular,False,27.0,24.0,8,-0.6522831076911375,-0.13194926926015765,5,4,4,26.0576,-10.522151028299103,False,True,False,3.0,13.522151028299103
2024,9,401641003,55,2393,Jacksonville State,Middle Tennessee,regular,False,42.0,20.0,8,-0.2468571034215943,-0.3515838379061897,6,6,6,42.0032,7.435357973903357,True,True,True,22.0,14.564642026096642
2024,9,401641011,2348,2638,Louisiana Tech,UTEP,regular,False,14.0,10.0,8,-0.49148770612592196,-0.14103449322957254,5,6,5,26.0576,-6.095469640367915,False,True,False,4.0,10.095469640367915
2024,9,401643740,2439,68,UNLV,Boise State,regular,False,24.0,29.0,8,0.16257730866226233,0.3358711736991185,5,5,5,26.0576,-1.4791222175843837,False,False,True,-5.0,3.5208777824156163
2024,9,401643741,36,167,Colorado State,New Mexico,regular,False,17.0,6.0,8,-0.2514607588995063,-0.27118769117220765,5,5,5,26.0576,3.5505365103891426,True,True,True,11.0,7.449463489610857
2024,9,401643742,278,23,Fresno State,San José State,regular,False,33.0,10.0,8,-0.15000938955667265,-0.13264889518655737,5,6,5,26.0576,2.5841271819012843,True,True,True,23.0,20.415872818098716
2024,9,401643743,62,2440,Hawai'i,Nevada,regular,False,34.0,13.0,8,-0.13394857113997416,-0.16049055574087645,5,7,5,26.0576,3.7281204179364718,True,True,True,21.0,17.271879582063526
2024,9,401643744,21,265,San Diego State,Washington State,regular,False,26.0,29.0,8,-0.5052949513763905,0.13557681918921263,4,5,4,26.0576,-13.66308024869026,False,False,True,-3.0,10.66308024869026
2024,9,401643745,2751,328,Wyoming,Utah State,regular,False,25.0,27.0,8,-0.3867089804091827,-0.08440731921796787,6,5,5,26.0576,-4.8407557666561996,False,False,True,-2.0,2.8407557666561996
2024,9,401643815,295,290,Old Dominion,Georgia Southern,regular,False,47.0,19.0,8,-0.08416564713423817,-0.1052653359878152,6,6,6,42.0032,3.9227544508545673,True,True,True,28.0,24.07724554914543
2024,9,401643816,2026,2247,App State,Georgia State,regular,False,33.0,26.0,8,-0.16073629679772974,-0.1990562581936876,5,5,5,26.0576,4.035026226071312,True,True,True,7.0,2.964973773928688
2024,9,401643817,256,2572,James Madison,Southern Miss,regular,False,32.0,15.0,8,0.046337389373333274,-0.6873527387824097,6,6,6,42.0032,33.853833190951306,True,True,True,17.0,16.853833190951306
2024,9,401643818,2032,2653,Arkansas State,Troy,regular,False,34.0,31.0,8,-0.26797277191583424,-0.19432778959649455,6,6,6,42.0032,-0.05682492135568884,False,True,False,3.0,3.056824921355689
2024,9,401643819,6,2433,South Alabama,UL Monroe,regular,False,46.0,17.0,8,-0.07216666415234868,-0.35504311348723716,6,5,5,26.0576,10.40758136618879,True,True,True,29.0,18.59241863381121
2024,9,401644687,193,2117,Miami (OH),Central Michigan,regular,False,46.0,7.0,8,0.03744037384693281,-0.33030327028837847,7,6,6,42.0032,18.48290983334431,True,True,True,39.0,20.51709016665569
2024,9,401644752,2006,2199,Akron,Eastern Michigan,regular,False,25.0,21.0,8,-0.35328420113312264,-0.3369004371834381,6,6,6,42.0032,2.34832948606861,True,True,True,4.0,1.65167051393139
2024,9,401644753,2050,2459,Ball State,Northern Illinois,regular,False,25.0,23.0,8,-0.6672052627240553,0.1856798739393998,6,6,6,42.0032,-32.78740497230244,False,True,False,2.0,34.78740497230244
2024,9,401644754,2649,189,Toledo,Bowling Green,regular,False,26.0,41.0,8,-0.0963496002180828,-0.03940690739642427,6,6,6,42.0032,0.6447246848733128,True,False,False,-15.0,15.644724684873314
2024,9,401644755,195,2084,Ohio,Buffalo,regular,False,47.0,16.0,8,-0.2733101831396227,-0.2239372835138877,6,6,6,42.0032,0.9626802224403281,True,True,True,31.0,30.037319777559674
2024,9,401644756,2711,2309,Western Michigan,Kent State,regular,False,52.0,21.0,8,-0.27624537928884746,-0.47166975015643553,6,6,6,42.0032,11.244948934425475,True,True,True,31.0,19.755051065574527
2024,9,401645352,151,218,East Carolina,Temple,regular,False,56.0,34.0,8,-0.1859956003802136,-0.10728809824353838,6,7,6,42.0032,-0.26946695374719587,False,True,False,22.0,22.269466953747195
2024,9,401645353,235,2429,Memphis,Charlotte,regular,False,33.0,28.0,8,-0.1996518541965368,-0.1014850272275259,6,5,5,26.0576,0.47850808957230173,True,True,True,5.0,4.521491910427699
2024,9,401645354,249,2655,North Texas,Tulane,regular,False,37.0,45.0,8,-0.055153871138375804,0.06205047846023819,6,6,6,42.0032,-1.8864577370605033,False,False,True,-8.0,6.113542262939497
2024,9,401645355,202,2636,Tulsa,UTSA,regular,False,46.0,45.0,8,-0.3711249846601246,-0.21542872400877575,6,5,5,26.0576,-1.020570881548588,False,True,False,1.0,2.020570881548588
2024,10,401628406,8,145,Arkansas,Ole Miss,regular,False,31.0,63.0,9,0.10085110656249621,0.26730798703264286,7,7,7,42.0032,-3.9552216417636634,False,False,True,-32.0,28.044778358236336
2024,10,401628407,2,238,Auburn,Vanderbilt,regular,False,7.0,17.0,9,0.03791205109142727,0.06077866427736221,7,7,7,42.0032,2.0760290730285376,True,False,False,-10.0,12.076029073028538
2024,10,401628408,61,57,Georgia,Florida,regular,True,34.0,20.0,9,0.210173637644203,0.1285153018746315,6,6,6,42.0032,3.4299114089964653,True,True,True,14.0,10.570088591003534
2024,10,401628409,344,113,Mississippi State,Massachusetts,regular,False,45.0,20.0,9,0.04018491638067981,-0.2698440117398796,7,6,6,42.0032,16.058707073633478,True,True,True,25.0,8.941292926366522
2024,10,401628411,2579,245,South Carolina,Texas A&M,regular,False,44.0,20.0,9,0.31786663391084047,0.2675709004328742,6,7,6,42.0032,5.149081752421713,True,True,True,24.0,18.850918247578285
2024,10,401628412,2633,96,Tennessee,Kentucky,regular,False,28.0,18.0,9,0.3503259270193564,-0.012114264307837075,6,8,6,42.0032,18.26014784435437,True,True,True,10.0,8.260147844354371
2024,10,401628533,356,135,Illinois,Minnesota,regular,False,17.0,25.0,9,0.13345520564324698,0.18139766034742366,6,7,6,42.0032,1.0227634865695263,True,False,False,-8.0,9.022763486569527
2024,10,401628534,127,84,Michigan State,Indiana,regular,False,10.0,47.0,9,0.14332802746480477,0.39737840064345475,7,7,7,42.0032,-7.634428634697471,False,False,True,-37.0,29.36557136530253
2024,10,401628535,2294,275,Iowa,Wisconsin,regular,False,42.0,10.0,9,0.1755996320122445,0.07975994554787819,6,7,6,42.0032,7.062073518500071,True,True,True,32.0,24.93792648149993
2024,10,401628536,130,2483,Michigan,Oregon,regular,False,17.0,38.0,9,0.10189550858018931,0.4436708667742436,8,7,7,42.0032,-11.319158725296502,False,False,True,-21.0,9.680841274703498
2024,10,401628537,158,26,Nebraska,UCLA,regular,False,20.0,27.0,9,0.10895058622162875,0.054632991091908785,6,7,6,42.0032,5.318012811752654,True,False,False,-7.0,12.318012811752654
2024,10,401628538,2509,77,Purdue,Northwestern,regular,False,20.0,26.0,9,-0.3143522556251462,-0.04176675839025569,5,7,5,26.0576,-4.066423852747882,False,False,True,-6.0,1.9335761472521176
2024,10,401628539,213,194,Penn State,Ohio State,regular,False,13.0,20.0,9,0.39196034620464615,0.4998254765070151,7,5,5,26.0576,0.22579358063299138,True,False,False,-7.0,7.225793580632992
2024,10,401628540,264,30,Washington,USC,regular,False,26.0,21.0,9,0.2964227400351018,0.2955551988568311,7,8,7,42.0032,3.072939505619138,True,True,True,5.0,1.927060494380862
2024,10,401629036,41,2247,UConn,Georgia State,regular,False,34.0,27.0,9,0.013126686701620885,-0.18969897480092185,7,6,6,42.0032,11.555826825223603,True,True,True,7.0,4.555826825223603
2024,10,401635516,152,24,NC State,Stanford,regular,False,59.0,28.0,9,0.020830456382249205,-0.08014408644124815,7,7,7,42.0032,7.277753917123924,True,True,True,31.0,23.722246082876076
2024,10,401635600,228,97,Clemson,Louisville,regular,False,21.0,33.0,9,0.15724148307356497,0.2531522340856943,7,7,7,42.0032,-0.9920584569126714,False,False,True,-12.0,11.007941543087329
2024,10,401635601,2390,150,Miami,Duke,regular,False,53.0,31.0,9,0.388087854761531,-0.060148200833872636,7,6,6,42.0032,21.86384869038486,True,True,True,22.0,0.13615130961514055
2024,10,401635602,52,153,Florida State,North Carolina,regular,False,11.0,35.0,9,-0.06144654484081294,0.04127200328936997,8,6,6,42.0032,-1.278007720821699,False,False,True,-24.0,22.721992279178302
2024,10,401635604,183,259,Syracuse,Virginia Tech,regular,False,38.0,31.0,9,0.05991842407692389,0.1672575834978505,6,8,6,42.0032,-1.472088180989065,False,True,False,7.0,8.472088180989065
2024,10,401635627,2567,221,SMU,Pittsburgh,regular,False,48.0,25.0,9,0.21755800425216976,0.10011588897227611,6,6,6,42.0032,7.969444656524429,True,True,True,23.0,15.030555343475571
2024,10,401636912,239,2628,Baylor,TCU,regular,False,37.0,34.0,9,0.10119333945594111,0.09616437280411352,7,7,7,42.0032,3.247732692070045,True,True,True,3.0,0.2477326920700449
2024,10,401636913,248,2306,Houston,Kansas State,regular,False,24.0,19.0,9,-0.012627569213069664,0.32873958673208764,8,6,6,42.0032,-11.302012924595632,False,True,False,5.0,16.30201292459563
2024,10,401636914,66,2641,Iowa State,Texas Tech,regular,False,22.0,23.0,9,0.32357125838029793,0.15599624665446976,6,7,6,42.0032,10.075186732522306,True,False,False,-1.0,11.075186732522306
2024,10,401636915,197,9,Oklahoma State,Arizona State,regular,False,21.0,42.0,9,0.016265745039421436,0.04551588030839543,7,6,6,42.0032,1.8079007182702318,True,False,False,-21.0,22.807900718270233
2024,10,401636916,2116,12,UCF,Arizona,regular,False,56.0,12.0,9,0.17200836087614343,0.05800723239220674,7,7,7,42.0032,7.82491219993649,True,True,True,44.0,36.17508780006351
2024,10,401640985,2229,166,Florida International,New Mexico State,regular,True,34.0,13.0,9,-0.32089164884595034,-0.480025168575685,7,5,5,26.0576,4.146637603709534,True,True,True,21.0,16.853362396290464
2024,10,401640994,2335,55,Liberty,Jacksonville State,regular,False,21.0,31.0,9,-0.15812572620417115,-0.259655860403274,5,7,5,26.0576,5.6821316249065426,True,False,False,-10.0,15.682131624906543
2024,10,401641012,2534,2348,Sam Houston,Louisiana Tech,regular,False,9.0,3.0,9,-0.020248813285197315,-0.45905099266692406,7,6,6,42.0032,21.467595701006545,True,True,True,6.0,15.467595701006545
2024,10,401641020,98,338,Western Kentucky,Kennesaw State,regular,False,31.0,14.0,9,-0.20105653998726322,-0.5157930154201444,6,6,6,42.0032,16.256439124902393,True,True,True,17.0,0.7435608750976073
2024,10,401641026,2638,2393,UTEP,Middle Tennessee,regular,False,13.0,20.0,9,-0.19903367605402103,-0.3202470644619581,7,7,7,42.0032,8.127850195976263,True,False,False,-7.0,15.127850195976263
2024,10,401643746,349,2005,Army,Air Force,regular,False,20.0,3.0,9,0.1640279105183428,-0.31404079344701064,6,6,6,42.0032,23.116915386397533,True,True,True,17.0,6.116915386397533
2024,10,401643747,68,21,Boise State,San Diego State,regular,False,56.0,24.0,9,0.2748701554200626,-0.4597968508450246,6,4,4,26.0576,22.180158982453136,True,True,True,32.0,9.819841017546864
2024,10,401643748,2440,36,Nevada,Colorado State,regular,False,21.0,38.0,9,-0.12409276057178106,-0.24647468202815037,7,7,7,42.0032,8.176932323316171,True,False,False,-17.0,25.176932323316173
2024,10,401643749,278,62,Fresno State,Hawai'i,regular,False,20.0,21.0,9,-0.14571335663851645,-0.15579017474955253,5,5,5,26.0576,3.299077695610134,True,False,False,-1.0,4.2990776956101335
2024,10,401643750,167,2751,New Mexico,Wyoming,regular,False,45.0,49.0,9,-0.22215775444801664,-0.3806363192741746,6,7,6,42.0032,9.693106854106077,True,False,False,-4.0,13.693106854106077
2024,10,401643820,326,309,Texas State,Louisiana,regular,False,17.0,23.0,9,-0.03407117291604894,-0.06184272209269896,3,6,3,10.6201,3.331436629410941,True,False,False,-6.0,9.331436629410941
2024,10,401643821,2026,295,App State,Old Dominion,regular,False,28.0,20.0,9,-0.13499500757839766,-0.008525191649593564,6,7,6,42.0032,-2.2756369724207444,False,True,False,8.0,10.275636972420745
2024,10,401643822,276,2433,Marshall,UL Monroe,regular,False,28.0,23.0,9,0.008156677660008604,-0.3316441048434061,5,6,5,26.0576,11.89089287016098,True,True,True,5.0,6.890892870160981
2024,10,401643823,6,290,South Alabama,Georgia Southern,regular,False,30.0,34.0,9,-0.023108287393098212,-0.07619987385848224,7,7,7,42.0032,5.266516524622819,True,False,False,-4.0,9.26651652462282
2024,10,401643824,2653,324,Troy,Coastal Carolina,regular,False,38.0,24.0,9,-0.1948759094961526,-0.0860037811022973,7,6,6,42.0032,-1.5364777833527832,False,True,False,14.0,15.536477783352783
2024,10,401644757,2006,2084,Akron,Buffalo,regular,False,30.0,41.0,9,-0.30204127479602416,-0.26496666335905456,7,7,7,42.0032,1.4792476808906785,True,False,False,-11.0,12.479247680890678
2024,10,401644758,2199,2649,Eastern Michigan,Toledo,regular,False,28.0,29.0,9,-0.2841648715938683,-0.1556482072358119,7,7,7,42.0032,-2.3616111563643125,False,False,True,-1.0,1.3616111563643125
2024,10,401645356,2429,2655,Charlotte,Tulane,regular,False,3.0,34.0,9,-0.029757138538148542,0.0667070478837235,6,7,6,42.0032,-1.0153045151151758,False,False,True,-31.0,29.984695484884824
2024,10,401645357,2226,58,Florida Atlantic,South Florida,regular,False,21.0,44.0,9,-0.08033296814633385,-0.36739358862525756,6,6,6,42.0032,15.09396465410033,True,False,False,-23.0,38.09396465410033
2024,10,401645358,5,202,UAB,Tulsa,regular,False,59.0,21.0,9,-0.22870124674022824,-0.33558524488233327,6,7,6,42.0032,7.525969950762466,True,True,True,38.0,30.474030049237534
2024,10,401645359,2636,235,UTSA,Memphis,regular,False,44.0,36.0,9,-0.17011022691614452,-0.20680715448282677,6,7,6,42.0032,4.577888387968867,True,True,True,8.0,3.4221116120311326
2024,10,401645360,242,2426,Rice,Navy,regular,False,24.0,10.0,9,-0.05365954849648731,0.11273684728162983,7,6,6,42.0032,-3.9526810911474106,False,True,False,14.0,17.95268109114741
2024,11,401628413,99,333,LSU,Alabama,regular,False,13.0,42.0,10,0.3710891207192272,0.42855383574376316,7,8,7,42.0032,0.6227980818814105,True,False,False,-29.0,29.62279808188141
2024,11,401628414,145,61,Ole Miss,Georgia,regular,False,28.0,10.0,10,0.3374250090874739,0.22385378586039612,8,7,7,42.0032,7.8068548034515945,True,True,True,18.0,10.193145196548405
2024,11,401628415,142,201,Missouri,Oklahoma,regular,False,30.0,23.0,10,0.12691043165360466,0.1254312987145198,7,7,7,42.0032,3.0986283166669693,True,True,True,7.0,3.9013716833330307
2024,11,401628416,2633,344,Tennessee,Mississippi State,regular,False,33.0,14.0,10,0.34891951962764345,0.030037084588982937,7,8,7,42.0032,16.430582695415865,True,True,True,19.0,2.5694173045841353
2024,11,401628417,251,57,Texas,Florida,regular,False,49.0,17.0,10,0.37701423072618595,0.13607735431399612,8,7,7,42.0032,13.156619807316492,True,True,True,32.0,18.843380192683508
2024,11,401628418,238,2579,Vanderbilt,South Carolina,regular,False,7.0,28.0,10,0.053811994266139085,0.385127468423697,8,7,7,42.0032,-10.879810124134735,False,False,True,-21.0,10.120189875865265
2024,11,401628541,84,130,Indiana,Michigan,regular,False,20.0,15.0,10,0.4377363074946644,0.11878704563971076,8,9,8,54.4874,20.415216010395604,True,True,True,5.0,15.415216010395604
2024,11,401628542,26,2294,UCLA,Iowa,regular,False,20.0,17.0,10,0.12894599470711196,0.27128441808715625,8,7,7,42.0032,-2.942169264916676,False,True,False,3.0,5.942169264916676
2024,11,401628543,2483,120,Oregon,Maryland,regular,False,39.0,18.0,10,0.44913718807208075,0.19630566469635904,8,7,7,42.0032,13.656233042655114,True,True,True,21.0,7.3437669573448865
2024,11,401628544,164,135,Rutgers,Minnesota,regular,False,26.0,19.0,10,-0.018880108149157998,0.2280555140094573,6,8,6,42.0032,-7.33558632465275,False,True,False,7.0,14.33558632465275
2024,11,401628545,194,2509,Ohio State,Purdue,regular,False,45.0,0.0,10,0.47117634119842716,-0.350825486410592,6,6,6,42.0032,37.56320716542716,True,True,True,45.0,7.436792834572842
2024,11,401628546,213,264,Penn State,Washington,regular,False,35.0,6.0,10,0.39695269525815924,0.3122534218523694,8,8,8,54.4874,7.651543189770635,True,True,True,29.0,21.348456810229365
2024,11,401628984,87,52,Notre Dame,Florida State,regular,False,52.0,3.0,10,0.41696635728147124,-0.14329026390037639,8,9,8,54.4874,33.563426620983805,True,True,True,49.0,15.436573379016195
2024,11,401629037,5,41,UAB,UConn,regular,False,23.0,31.0,10,-0.20567541833051473,-0.021053019388492383,7,8,7,42.0032,-4.718231547241553,False,False,True,-8.0,3.281768452758447
2024,11,401629045,249,349,North Texas,Army,regular,False,3.0,14.0,10,-0.06404610300780672,0.13172867972642655,7,7,7,42.0032,-5.186667354142546,False,False,True,-11.0,5.813332645857454
2024,11,401634773,154,25,Wake Forest,California,regular,False,36.0,46.0,10,-0.08764407753737304,0.13038891997564317,7,6,6,42.0032,-6.121583601138722,False,False,True,-10.0,3.878416398861278
2024,11,401635606,103,183,Boston College,Syracuse,regular,False,37.0,31.0,10,0.03247676893578716,0.13075686917978277,7,7,7,42.0032,-1.0915787065685958,False,True,False,6.0,7.091578706568596
2024,11,401635607,259,228,Virginia Tech,Clemson,regular,False,14.0,24.0,10,0.13743798666066456,0.15311515321073912,9,8,8,54.4874,2.1822919553194673,True,False,False,-10.0,12.182291955319467
2024,11,401635608,152,150,NC State,Duke,regular,False,19.0,29.0,10,-0.01200312773877242,0.026875667996744873,8,8,8,54.4874,0.9180955052405753,True,False,False,-10.0,10.918095505240576
2024,11,401635609,59,2390,Georgia Tech,Miami,regular,False,28.0,23.0,10,0.22233332951685553,0.40667404477979024,8,8,8,54.4874,-7.0077462888176285,False,True,False,5.0,12.007746288817629
2024,11,401635610,221,258,Pittsburgh,Virginia,regular,False,19.0,24.0,10,0.11548255900890397,-0.047777418199970494,6,7,6,42.0032,9.893941474699798,True,False,False,-5.0,14.893941474699798
2024,11,401636917,9,2116,Arizona State,UCF,regular,False,35.0,31.0,10,0.09183878095486717,0.2119212424457911,7,8,7,42.0032,-2.0073476464955764,False,True,False,4.0,6.007347646495576
2024,11,401636918,2132,277,Cincinnati,West Virginia,regular,False,24.0,31.0,10,0.17717247872436936,0.06834834687465938,7,7,7,42.0032,7.607461774909739,True,False,False,-7.0,14.607461774909739
2024,11,401636919,2305,66,Kansas,Iowa State,regular,True,45.0,36.0,10,0.18526687368844397,0.3335964172615499,7,7,7,42.0032,-6.230315484609884,False,True,False,9.0,15.230315484609884
2024,11,401636920,2628,197,TCU,Oklahoma State,regular,False,38.0,13.0,10,0.10191330427468168,-0.0408572697588207,7,8,7,42.0032,9.033320975244006,True,True,True,25.0,15.966679024755994
2024,11,401636921,2641,38,Texas Tech,Colorado,regular,False,27.0,41.0,10,0.1570365321733408,0.23160123313834108,8,7,7,42.0032,-0.09545604757309967,False,False,True,-14.0,13.9045439524269
2024,11,401636922,254,252,Utah,BYU,regular,False,21.0,22.0,10,-0.05862841655865669,0.14196764606985177,7,7,7,42.0032,-5.389176537797766,False,False,True,-1.0,4.389176537797766
2024,11,401640995,2393,2335,Middle Tennessee,Liberty,regular,False,17.0,37.0,10,-0.32026011128259013,-0.19491938249807333,8,6,6,42.0032,-2.2282116992818155,False,False,True,-20.0,17.771788300718185
2024,11,401641004,2348,55,Louisiana Tech,Jacksonville State,regular,False,37.0,44.0,10,-0.39657456966051363,-0.18691764114553422,7,8,7,42.0032,-5.769761899800383,False,False,True,-7.0,1.2302381001996174
2024,11,401641021,2638,338,UTEP,Kennesaw State,regular,False,43.0,35.0,10,-0.30463119595866883,-0.4310430008364493,8,7,7,42.0032,8.346200322642389,True,True,True,8.0,0.34620032264238887
2024,11,401641036,166,98,New Mexico State,Western Kentucky,regular,False,28.0,41.0,10,-0.5608406071164489,-0.18966372346710386,6,7,6,42.0032,-12.55411687930017,False,False,True,-13.0,0.4458831206998308
2024,11,401643751,2005,278,Air Force,Fresno State,regular,False,36.0,28.0,10,-0.31043475052949515,-0.10360458056757225,7,7,7,42.0032,-5.651028994944639,False,True,False,8.0,13.651028994944639
2024,11,401643752,68,2440,Boise State,Nevada,regular,False,28.0,21.0,10,0.27731132423530397,-0.11371851648551629,7,8,7,42.0032,19.461004605764757,True,True,True,7.0,12.461004605764757
2024,11,401643753,62,2439,Hawai'i,UNLV,regular,False,27.0,29.0,10,-0.07193069219543671,0.1661511165479184,7,7,7,42.0032,-6.963697829008893,False,False,True,-2.0,4.963697829008893
2024,11,401643754,21,167,San Diego State,New Mexico,regular,False,16.0,21.0,10,-0.27674517279228145,-0.2970649063014129,6,7,6,42.0032,3.889993830530751,True,False,False,-5.0,8.88999383053075
2024,11,401643755,204,23,Oregon State,San José State,regular,False,13.0,24.0,10,-0.09059521170667291,-0.09685341693851938,7,7,7,42.0032,3.2993646459942942,True,False,False,-11.0,14.299364645994295
2024,11,401643756,265,328,Washington State,Utah State,regular,False,49.0,28.0,10,0.10922890002852255,-0.1985636796354906,6,6,6,42.0032,15.964773282143476,True,True,True,21.0,5.035226717856524
2024,11,401643825,324,2026,Coastal Carolina,App State,regular,False,38.0,24.0,10,-0.15362617637395304,-0.1292677490253688,7,7,7,42.0032,2.013368104391947,True,True,True,14.0,11.986631895608053
2024,11,401643826,256,2247,James Madison,Georgia State,regular,False,38.0,7.0,10,0.02711491885794888,-0.18683420269784587,7,7,7,42.0032,12.02304774253236,True,True,True,31.0,18.97695225746764
2024,11,401643827,309,2032,Louisiana,Arkansas State,regular,False,55.0,19.0,10,0.0014450818451013786,-0.3271827882458994,7,7,7,42.0032,16.839922153006327,True,True,True,36.0,19.160077846993673
2024,11,401643828,2433,326,UL Monroe,Texas State,regular,False,17.0,38.0,10,-0.20976378853146044,0.0009089464912824113,7,4,4,26.0576,-2.4531258601286243,False,False,True,-21.0,18.546874139871377
2024,11,401643829,2572,276,Southern Miss,Marshall,regular,False,3.0,37.0,10,-0.5023805026055413,-0.005793680259072148,7,6,6,42.0032,-17.821735616383215,False,False,True,-34.0,16.178264383616785
2024,11,401644688,2050,193,Ball State,Miami (OH),regular,False,21.0,27.0,10,-0.4682540540876602,0.0430933003628209,7,8,7,42.0032,-18.441725198454446,False,False,True,-6.0,12.441725198454446
2024,11,401644760,2117,189,Central Michigan,Bowling Green,regular,False,13.0,23.0,10,-0.30230742193369836,-0.0056672740787532955,7,7,7,42.0032,-9.423335458380828,False,False,True,-10.0,0.5766645416191718
2024,11,401644761,2309,195,Kent State,Ohio,regular,False,0.0,41.0,10,-0.4215419593412137,-0.17844260639502912,7,7,7,42.0032,-7.17445074166918,False,False,True,-41.0,33.825549258330824
2024,11,401644762,2711,2459,Western Michigan,Northern Illinois,regular,False,28.0,42.0,10,-0.24669206389374954,0.08116543068567889,7,7,7,42.0032,-10.734563916318647,False,False,True,-14.0,3.2654360836813527
2024,11,401645361,151,2226,East Carolina,Florida Atlantic,regular,False,49.0,14.0,10,-0.14191337416016786,-0.21065899407799482,7,7,7,42.0032,5.924036022532469,True,True,True,35.0,29.07596397746753
2024,11,401645362,235,242,Memphis,Rice,regular,False,27.0,20.0,10,-0.17349781049322163,-0.03205794420912057,8,8,8,54.4874,-4.6701905701683275,False,True,False,7.0,11.670190570168327
2024,11,401645363,58,2426,South Florida,Navy,regular,False,7.0,28.0,10,-0.26323826961665847,0.04730585589759158,7,7,7,42.0032,-10.007347012800146,False,False,True,-21.0,10.992652987199854
2024,11,401645364,2655,218,Tulane,Temple,regular,False,52.0,6.0,10,0.17680976482937397,-0.23456918930796683,8,8,8,54.4874,25.451469625662945,True,True,True,46.0,20.548530374337055
2024,12,401628419,8,251,Arkansas,Texas,regular,False,10.0,20.0,11,0.15013827795351603,0.391408257553449,8,9,8,54.4874,-10.109673886453388,False,False,True,-10.0,0.10967388645338794
2024,12,401628420,57,99,Florida,LSU,regular,False,27.0,16.0,11,0.08419005661046883,0.3865314590912672,8,7,7,42.0032,-9.662806396681468,False,True,False,11.0,20.662806396681468
2024,12,401628421,61,2633,Georgia,Tennessee,regular,False,31.0,17.0,11,0.2283227773047005,0.32585785447818705,8,7,7,42.0032,-1.0602853535333905,False,True,False,14.0,15.060285353533391
2024,12,401628423,2579,142,South Carolina,Missouri,regular,False,34.0,30.0,11,0.3963938277533877,0.10749739779157874,8,7,7,42.0032,15.171074526971855,True,True,True,4.0,11.171074526971855
2024,12,401628424,245,166,Texas A&M,New Mexico State,regular,False,38.0,3.0,11,0.2536655763795938,-0.4483375098822864,8,7,7,42.0032,32.522876032875004,True,True,True,35.0,2.477123967124996
2024,12,401628426,2,2433,Auburn,UL Monroe,regular,False,48.0,14.0,11,0.037840524131583335,-0.2056484280224098,8,8,8,54.4874,16.303579931595486,True,True,True,34.0,17.696420068404514
2024,12,401628547,356,127,Illinois,Michigan State,regular,False,38.0,16.0,11,0.08551739489175775,0.08221539471135025,7,8,7,42.0032,3.1751945739776923,True,True,True,22.0,18.82480542602231
2024,12,401628548,120,164,Maryland,Rutgers,regular,False,17.0,31.0,11,0.17706139592738207,-0.0015732542500332958,7,7,7,42.0032,10.539726938332013,True,False,False,-14.0,24.539726938332013
2024,12,401628549,30,158,USC,Nebraska,regular,False,28.0,20.0,11,0.29240385703653865,0.05353062448976052,9,7,7,42.0032,13.06994016130883,True,True,True,8.0,5.06994016130883
2024,12,401628550,77,194,Northwestern,Ohio State,regular,True,7.0,31.0,11,-0.05695592860994002,0.41744283923023817,8,7,7,42.0032,-19.926266325344574,False,False,True,-24.0,4.073733674655426
2024,12,401628551,275,2483,Wisconsin,Oregon,regular,False,13.0,16.0,11,0.015145927459701121,0.44600854930507716,8,8,8,54.4874,-20.440084021537743,False,False,True,-3.0,17.440084021537743
2024,12,401628552,2509,213,Purdue,Penn State,regular,False,10.0,49.0,11,-0.2999765036601723,0.4024660815419776,7,8,7,42.0032,-26.46833639476294,False,False,True,-39.0,12.53166360523706
2024,12,401628553,264,26,Washington,UCLA,regular,False,31.0,19.0,11,0.29238606758922026,0.16121290056366905,8,9,8,54.4874,10.18378482098802,True,True,True,12.0,1.81621517901198
2024,12,401628985,87,258,Notre Dame,Virginia,regular,False,35.0,14.0,11,0.4193394002022146,-0.02127118723872718,8,7,7,42.0032,21.543554626399366,True,True,True,21.0,0.5435546263993665
2024,12,401629046,113,2335,Massachusetts,Liberty,regular,False,34.0,35.0,11,-0.34852478013203175,-0.2012576581324366,7,7,7,42.0032,-3.149190378773395,False,False,True,-1.0,2.149190378773395
2024,12,401635517,24,97,Stanford,Louisville,regular,False,38.0,35.0,11,-0.14251546874621213,0.25838130160422257,8,8,8,54.4874,-18.807322684792275,False,True,False,3.0,21.807322684792275
2024,12,401635580,2567,103,SMU,Boston College,regular,False,38.0,28.0,11,0.1853326442285224,0.03695494370857118,8,8,8,54.4874,11.121215119310788,True,True,True,10.0,1.1212151193107882
2024,12,401635581,25,183,California,Syracuse,regular,False,25.0,33.0,11,0.08185779280032282,0.06963313450081797,7,8,7,42.0032,3.5499747674857622,True,False,False,-8.0,11.549974767485763
2024,12,401635582,221,228,Pittsburgh,Clemson,regular,False,20.0,24.0,11,0.05942630878108837,0.19078031865074746,7,9,7,42.0032,-2.4807887473572645,False,False,True,-4.0,1.5192112526427355
2024,12,401635583,153,154,North Carolina,Wake Forest,regular,False,31.0,24.0,11,0.11519163426964629,-0.04487135097590832,7,8,7,42.0032,9.75965758186608,True,True,True,7.0,2.7596575818660796
2024,12,401636923,12,248,Arizona,Houston,regular,False,27.0,3.0,11,-0.028141248780442454,0.0036458545702708067,8,9,8,54.4874,1.3045033848883465,True,True,True,24.0,22.695496615111654
2024,12,401636924,252,2305,BYU,Kansas,regular,False,13.0,17.0,11,0.14780892177982818,0.19348378180873962,7,8,7,42.0032,1.1180097192336271,True,False,False,-4.0,5.118009719233627
2024,12,401636925,38,254,Colorado,Utah,regular,False,49.0,24.0,11,0.24235629009547716,-0.06399164888379733,8,7,7,42.0032,15.904093750534262,True,True,True,25.0,9.095906249465738
2024,12,401636926,66,2132,Iowa State,Cincinnati,regular,False,34.0,17.0,11,0.2983073206557748,0.1801089321103983,8,8,8,54.4874,9.476822876027349,True,True,True,17.0,7.523177123972651
2024,12,401636927,2306,9,Kansas State,Arizona State,regular,False,14.0,24.0,11,0.27388921928882715,0.08152507768913084,8,7,7,42.0032,11.116409512440365,True,False,False,-10.0,21.116409512440363
2024,12,401636929,277,239,West Virginia,Baylor,regular,False,35.0,49.0,11,0.06036884965705888,0.08326353427575647,8,8,8,54.4874,1.789028161307177,True,False,False,-14.0,15.789028161307177
2024,12,401640986,55,2229,Jacksonville State,Florida International,regular,False,34.0,31.0,11,-0.19267809043554482,-0.30716071382806864,9,8,8,54.4874,9.274360493837804,True,True,True,3.0,6.274360493837804
2024,12,401641013,98,2348,Western Kentucky,Louisiana Tech,regular,False,7.0,12.0,11,-0.21292284075520487,-0.34568190912840646,8,8,8,54.4874,10.270196462077983,True,False,False,-5.0,15.270196462077983
2024,12,401641022,338,2534,Kennesaw State,Sam Houston,regular,False,17.0,23.0,11,-0.44779514393054987,-0.06906097659829483,8,8,8,54.4874,-17.599740069099514,False,False,True,-6.0,11.599740069099514
2024,12,401643757,2005,204,Air Force,Oregon State,regular,False,28.0,0.0,11,-0.2758351418591618,-0.13093182684622556,7,8,7,42.0032,-3.0499029211513635,False,True,False,28.0,31.049902921151364
2024,12,401643758,23,68,San José State,Boise State,regular,False,21.0,42.0,11,-0.052999166478291976,0.2564843435966715,8,7,7,42.0032,-9.962797770380703,False,False,True,-21.0,11.037202229619297
2024,12,401643759,36,2751,Colorado State,Wyoming,regular,False,24.0,10.0,11,-0.23792873896125238,-0.3546137040813747,8,8,8,54.4874,9.394360368486154,True,True,True,14.0,4.605639631513846
2024,12,401643760,328,62,Utah State,Hawai'i,regular,False,55.0,10.0,11,-0.19915800854781113,-0.08354516673059487,6,7,6,42.0032,-1.819609317416898,False,True,False,45.0,46.8196093174169
2024,12,401643761,167,265,New Mexico,Washington State,regular,False,38.0,35.0,11,-0.24234725193348008,0.0780862146933857,8,6,6,42.0032,-10.422730985421568,False,True,False,3.0,13.422730985421568
2024,12,401643762,2439,21,UNLV,San Diego State,regular,False,41.0,20.0,11,0.16117970401821016,-0.34297108809442206,7,7,7,42.0032,24.212446551265316,True,True,True,21.0,3.212446551265316
2024,12,401643830,290,2653,Georgia Southern,Troy,regular,False,20.0,28.0,11,-0.076383620748881,-0.1727017330255713,8,8,8,54.4874,8.284623510864936,True,False,False,-8.0,16.284623510864936
2024,12,401643831,2247,2032,Georgia State,Arkansas State,regular,False,20.0,27.0,11,-0.20439267777143816,-0.32239735358030486,8,8,8,54.4874,9.466267972668044,True,False,False,-7.0,16.466267972668042
2024,12,401643832,276,324,Marshall,Coastal Carolina,regular,False,31.0,19.0,11,-0.10164795746603951,-0.12991745941016214,7,8,7,42.0032,4.223909544059372,True,True,True,12.0,7.776090455940628
2024,12,401643833,295,256,Old Dominion,James Madison,regular,False,32.0,35.0,11,-0.05898412742539253,0.022618846577478632,8,8,8,54.4874,-1.4098338856840424,False,False,True,-3.0,1.5901661143159576
2024,12,401643834,309,6,Louisiana,South Alabama,regular,False,22.0,24.0,11,0.004967641470632417,0.012793486481816385,8,8,8,54.4874,2.6100900525376147,True,False,False,-2.0,4.610090052537615
2024,12,401643835,326,2572,Texas State,Southern Miss,regular,False,58.0,3.0,11,0.012232015754944814,-0.5225183594995562,5,8,5,26.0576,16.970811378231687,True,True,True,55.0,38.02918862176831
2024,12,401644689,193,2309,Miami (OH),Kent State,regular,False,34.0,7.0,11,-0.010611435107980637,-0.46272861663871045,9,8,8,54.4874,27.67118971693749,True,True,True,27.0,0.6711897169374907
2024,12,401644763,2084,2050,Buffalo,Ball State,regular,False,51.0,48.0,11,-0.30613209372363803,-0.4606642007765821,8,8,8,54.4874,11.456552729836584,True,True,True,3.0,8.456552729836584
2024,12,401644764,189,2711,Bowling Green,Western Michigan,regular,False,31.0,13.0,11,-0.02216998037226149,-0.2492664713226992,8,8,8,54.4874,15.41039734101288,True,True,True,18.0,2.58960265898712
2024,12,401644765,2649,2117,Toledo,Central Michigan,regular,False,37.0,10.0,11,-0.1820530801672933,-0.3436476284361817,8,8,8,54.4874,11.84136678934623,True,True,True,27.0,15.15863321065377
2024,12,401644766,2459,2006,Northern Illinois,Akron,regular,False,29.0,16.0,11,0.053524765716873896,-0.27054880966490213,8,8,8,54.4874,20.694426531256987,True,True,True,13.0,7.694426531256987
2024,12,401644767,195,2199,Ohio,Eastern Michigan,regular,False,35.0,10.0,11,-0.20862161693296688,-0.2831443921680744,8,8,8,54.4874,7.0970522633453985,True,True,True,25.0,17.902947736654603
2024,12,401645365,202,151,Tulsa,East Carolina,regular,False,31.0,38.0,11,-0.4115585326911305,-0.0965839309944063,8,8,8,54.4874,-14.125647112490089,False,False,True,-7.0,7.125647112490089
2024,12,401645366,2636,249,UTSA,North Texas,regular,False,48.0,27.0,11,-0.14556852486394237,-0.05548080171736314,7,8,7,42.0032,-0.7474726528703965,False,True,False,21.0,21.747472652870396
2024,12,401645367,235,5,Memphis,UAB,regular,False,53.0,18.0,11,-0.1405762546611959,-0.23716285943050996,9,8,8,54.4874,8.299252968707524,True,True,True,35.0,26.700747031292476
2024,12,401645368,2429,58,Charlotte,South Florida,regular,False,24.0,59.0,11,-0.12717651988084872,-0.26556192200330103,7,8,7,42.0032,8.84912972242979,True,False,False,-35.0,43.849129722429794
2024,12,401645369,218,2226,Temple,Florida Atlantic,regular,False,18.0,15.0,11,-0.26100910837329044,-0.29610673399986176,9,8,8,54.4874,4.948878366565242,True,True,True,3.0,1.9488783665652418
2024,12,401645370,2426,2655,Navy,Tulane,regular,False,0.0,35.0,11,0.02760036490283581,0.2127601363722748,8,9,8,54.4874,-7.0523745319639115,False,False,True,-35.0,27.947625468036087
2024,13,401628427,8,2348,Arkansas,Louisiana Tech,regular,False,35.0,14.0,12,0.13612776889648925,-0.26866187848103507,9,9,9,54.4874,25.09243543251812,True,True,True,21.0,4.092435432518119
2024,13,401628428,2,245,Auburn,Texas A&M,regular,False,43.0,41.0,12,0.08585046968527502,0.24188239119099697,9,8,8,54.4874,-5.465273719850874,False,True,False,2.0,7.465273719850874
2024,13,401628429,57,145,Florida,Ole Miss,regular,False,24.0,17.0,12,0.14872798429949402,0.3621603821635255,9,9,9,54.4874,-8.592876435376628,False,True,False,7.0,15.592876435376628
2024,13,401628430,61,113,Georgia,Massachusetts,regular,False,59.0,21.0,12,0.2463323614470778,-0.3259977202400197,8,8,8,54.4874,34.22127809291756,True,True,True,38.0,3.778721907082442
2024,13,401628431,99,238,LSU,Vanderbilt,regular,False,24.0,17.0,12,0.287720036930039,0.02648770864789521,9,9,9,54.4874,17.27037036404048,True,True,True,7.0,10.270370364040481
2024,13,401628432,344,142,Mississippi State,Missouri,regular,False,20.0,39.0,12,0.05659334140824154,0.13359323249881605,9,9,9,54.4874,-1.1590238658085692,False,False,True,-19.0,17.84097613419143
2024,13,401628433,201,333,Oklahoma,Alabama,regular,False,24.0,3.0,12,0.11803005597305355,0.4483741343551054,8,9,8,54.4874,-14.963089936434212,False,True,False,21.0,35.963089936434216
2024,13,401628435,2633,2638,Tennessee,UTEP,regular,False,56.0,0.0,12,0.26820372237342394,-0.2662483416474225,8,9,8,54.4874,32.15740339312947,True,True,True,56.0,23.84259660687053
2024,13,401628436,251,96,Texas,Kentucky,regular,False,31.0,14.0,12,0.41009025150517564,0.03280341896285571,10,9,9,54.4874,23.593878559466404,True,True,True,17.0,6.593878559466404
2024,13,401628554,164,356,Rutgers,Illinois,regular,False,31.0,38.0,12,0.005613352244843356,0.11489524445550539,8,8,8,54.4874,-2.9179861736392265,False,False,True,-7.0,4.0820138263607735
2024,13,401628555,194,84,Ohio State,Indiana,regular,False,38.0,15.0,12,0.38554120033099626,0.3906340998379694,8,9,8,54.4874,2.7590011474037532,True,True,True,23.0,20.240998852596245
2024,13,401628556,120,2294,Maryland,Iowa,regular,False,13.0,29.0,12,0.155461163388801,0.20045976022827006,9,8,8,54.4874,0.5846434545691142,True,False,False,-16.0,16.584643454569115
2024,13,401628557,130,77,Michigan,Northwestern,regular,False,50.0,6.0,12,0.11910542963886582,-0.05077426970671195,10,9,9,54.4874,12.292803130122236,True,True,True,44.0,31.707196869877762
2024,13,401628558,127,2509,Michigan State,Purdue,regular,False,24.0,17.0,12,0.04578004334162339,-0.2728122583844025,9,8,8,54.4874,20.395766181066662,True,True,True,7.0,13.395766181066662
2024,13,401628559,135,213,Minnesota,Penn State,regular,False,25.0,26.0,12,0.17887330926391157,0.39637533663505276,9,10,9,54.4874,-8.814619966182319,False,False,True,-1.0,7.814619966182319
2024,13,401628560,158,275,Nebraska,Wisconsin,regular,False,44.0,25.0,12,0.053031960644423344,0.022083406566546282,8,8,8,54.4874,4.722806245462919,True,True,True,19.0,14.27719375453708
2024,13,401628561,26,30,UCLA,USC,regular,False,13.0,19.0,12,0.13020628784501126,0.2827322405039888,10,10,10,54.4874,-5.274242592910774,False,False,True,-6.0,0.7257574070892261
2024,13,401628572,204,265,Oregon State,Washington State,regular,False,41.0,38.0,12,-0.2005744748979118,0.040921487747830915,9,7,7,42.0032,-7.10710321820166,False,True,False,3.0,10.10710321820166
2024,13,401634772,59,152,Georgia Tech,NC State,regular,False,30.0,29.0,12,0.2285662358642141,-0.003685760793190468,9,9,9,54.4874,15.691307442670666,True,True,True,1.0,14.691307442670666
2024,13,401635518,183,41,Syracuse,UConn,regular,False,31.0,24.0,12,0.0790700616343292,-0.04999202219090301,9,9,9,54.4874,10.068757386218959,True,True,True,7.0,3.0687573862189588
2024,13,401635612,103,153,Boston College,North Carolina,regular,False,41.0,21.0,12,0.026471346637626427,0.11325705113533183,9,7,7,42.0032,-0.608777303158019,False,True,False,20.0,20.608777303158018
2024,13,401635613,25,24,California,Stanford,regular,False,24.0,21.0,12,0.08691549158347177,-0.09181421084881668,8,9,8,54.4874,12.775016788309074,True,True,True,3.0,9.775016788309074
2024,13,401635615,150,259,Duke,Virginia Tech,regular,False,31.0,28.0,12,0.0402694136170038,0.10260760619766224,9,10,9,54.4874,-0.36014603441936854,False,True,False,3.0,3.3601460344193685
2024,13,401635617,97,221,Louisville,Pittsburgh,regular,False,37.0,9.0,12,0.20527791923881408,0.07831012561173387,9,9,9,54.4874,9.95464495847617,True,True,True,28.0,18.04535504152383
2024,13,401635618,2390,154,Miami,Wake Forest,regular,False,42.0,14.0,12,0.3774221708660441,-0.04960829457217331,9,8,8,54.4874,26.30427978251833,True,True,True,28.0,1.6957202174816715
2024,13,401635619,258,2567,Virginia,SMU,regular,False,7.0,33.0,12,0.012733340982751707,0.19540085438212332,9,9,9,54.4874,-6.916577869596921,False,False,True,-26.0,19.08342213040308
2024,13,401636930,9,252,Arizona State,BYU,regular,False,28.0,23.0,12,0.0677489353540896,0.17311517692312026,8,8,8,54.4874,-2.704632550868401,False,True,False,5.0,7.704632550868401
2024,13,401636931,248,239,Houston,Baylor,regular,False,10.0,20.0,12,-0.018407652273776803,0.17552136374660085,10,9,9,54.4874,-7.530187867508726,False,False,True,-10.0,2.469812132491274
2024,13,401636932,2305,38,Kansas,Colorado,regular,True,37.0,21.0,12,0.194305997469477,0.276510657344353,8,9,8,54.4874,-4.479118184466318,False,True,False,16.0,20.47911818446632
2024,13,401636933,2306,2132,Kansas State,Cincinnati,regular,False,41.0,15.0,12,0.28821985652993354,0.1868925446455292,8,8,8,54.4874,8.557561773570292,True,True,True,26.0,17.442438226429708
2024,13,401636934,197,2641,Oklahoma State,Texas Tech,regular,False,48.0,56.0,12,-0.041398060610613074,0.15251550365718525,9,9,9,54.4874,-7.529345941685234,False,False,True,-8.0,0.47065405831476603
2024,13,401636935,2628,12,TCU,Arizona,regular,False,49.0,28.0,12,0.12458872210051167,0.033930135545229625,9,9,9,54.4874,7.976250669072275,True,True,True,21.0,13.023749330927725
2024,13,401636936,254,66,Utah,Iowa State,regular,False,28.0,31.0,12,0.02167584155126817,0.32788565060273744,9,8,8,54.4874,-13.648076349711026,False,False,True,-3.0,10.648076349711026
2024,13,401636937,277,2116,West Virginia,UCF,regular,False,31.0,21.0,12,0.042014839564613986,0.24742196493783145,9,9,9,54.4874,-8.155600203060649,False,True,False,10.0,18.15560020306065
2024,13,401640959,87,349,Notre Dame,Army,regular,True,49.0,14.0,12,0.40773601204543986,0.17469171748446455,10,8,8,54.4874,12.697977695461686,True,True,True,35.0,22.302022304538312
2024,13,401640987,338,2229,Kennesaw State,Florida International,regular,False,27.0,26.0,12,-0.3996506763123723,-0.27097957683932655,9,9,9,54.4874,-3.9744536654276317,False,True,False,1.0,4.974453665427632
2024,13,401640996,2335,98,Liberty,Western Kentucky,regular,False,38.0,21.0,12,-0.1668182872970328,-0.19447353450788674,8,9,8,54.4874,4.543362516876683,True,True,True,17.0,12.456637483123316
2024,13,401641005,55,2534,Jacksonville State,Sam Houston,regular,False,21.0,11.0,12,-0.16884523486913547,-0.08246632164960989,10,9,9,54.4874,-1.6700623961575776,False,True,False,10.0,11.670062396157578
2024,13,401641027,2393,166,Middle Tennessee,New Mexico State,regular,False,21.0,36.0,12,-0.30804027084147073,-0.453707303055081,9,7,7,42.0032,9.154981487474714,True,False,False,-15.0,24.154981487474714
2024,13,401643763,2440,2005,Nevada,Air Force,regular,False,19.0,22.0,12,-0.0697549252539332,-0.16163478274472068,10,9,9,54.4874,8.042794547043535,True,False,False,-3.0,11.042794547043535
2024,13,401643764,2751,68,Wyoming,Boise State,regular,False,13.0,17.0,12,-0.2964744910540373,0.21057320095434406,9,8,8,54.4874,-24.591210413537475,False,False,True,-4.0,20.591210413537475
2024,13,401643765,278,36,Fresno State,Colorado State,regular,False,28.0,22.0,12,-0.10294566866635796,-0.17197240307486156,8,9,8,54.4874,6.797587288409899,True,True,True,6.0,0.7975872884098987
2024,13,401643766,328,21,Utah State,San Diego State,regular,False,41.0,20.0,12,-0.10726554428080362,-0.34919483380041294,8,7,7,42.0032,13.198304333550054,True,True,True,21.0,7.801695666449946
2024,13,401643767,23,2439,San José State,UNLV,regular,False,16.0,27.0,12,-0.03152074089520861,0.13080656320739437,8,8,8,54.4874,-5.80829274956017,False,False,True,-11.0,5.19170725043983
2024,13,401643836,2026,256,App State,James Madison,regular,False,34.0,20.0,12,-0.13109708578061996,0.006477712658237086,8,9,8,54.4874,-4.4595930724573805,False,True,False,14.0,18.45959307245738
2024,13,401643837,324,290,Coastal Carolina,Georgia Southern,regular,False,6.0,26.0,12,-0.10526575673992346,-0.14403940130396709,9,9,9,54.4874,5.149175080818871,True,False,False,-20.0,25.14917508081887
2024,13,401643838,295,276,Old Dominion,Marshall,regular,False,35.0,42.0,12,-0.05719805909069535,-0.0933705183325248,9,8,8,54.4874,5.007443255693258,True,False,False,-7.0,12.007443255693257
2024,13,401643839,2032,2433,Arkansas State,UL Monroe,regular,False,28.0,21.0,12,-0.2778712405353051,-0.20329236691900238,9,9,9,54.4874,-1.0271089182809323,False,True,False,7.0,8.027108918280932
2024,13,401643840,309,2653,Louisiana,Troy,regular,False,51.0,30.0,12,0.041972467831385724,-0.11569456268672597,8,9,8,54.4874,11.627366558652561,True,True,True,21.0,9.372633441347439
2024,13,401643841,2572,6,Southern Miss,South Alabama,regular,False,14.0,35.0,12,-0.49019144948900273,0.017532075740918807,8,8,8,54.4874,-24.628034808612824,False,False,True,-21.0,3.6280348086128242
2024,13,401643842,326,2247,Texas State,Georgia State,regular,False,44.0,52.0,12,0.06556996446637907,-0.22000183413250757,5,9,5,26.0576,10.47781569917035,True,False,False,-8.0,18.47781569917035
2024,13,401644690,193,2459,Miami (OH),Northern Illinois,regular,False,20.0,9.0,12,-0.009383927034509212,0.039310103810046224,9,9,9,54.4874,0.3832888637603702,True,True,True,11.0,10.61671113623963
2024,13,401644769,2309,2006,Kent State,Akron,regular,False,17.0,38.0,12,-0.45994347654370804,-0.2857867513530121,8,9,8,54.4874,-6.452847148155525,False,False,True,-21.0,14.547152851844475
2024,13,401644770,2117,2711,Central Michigan,Western Michigan,regular,False,16.0,14.0,12,-0.33969546692739194,-0.2709843613536295,9,9,9,54.4874,-0.7073894938398224,False,True,False,2.0,2.7073894938398224
2024,13,401644772,2199,2084,Eastern Michigan,Buffalo,regular,False,20.0,37.0,12,-0.3210542424287802,-0.28124620853534654,9,9,9,54.4874,0.8674637340349216,True,False,False,-17.0,17.86746373403492
2024,13,401644773,2649,195,Toledo,Ohio,regular,False,7.0,24.0,12,-0.19292345297647548,-0.17464004079616674,9,9,9,54.4874,2.040284407166646,True,False,False,-17.0,19.040284407166645
2024,13,401644774,2050,189,Ball State,Bowling Green,regular,False,13.0,38.0,12,-0.4538509445855874,-0.014005731450915347,9,9,9,54.4874,-20.92952206615413,False,False,True,-25.0,4.0704779338458685
2024,13,401645371,2226,2429,Florida Atlantic,Charlotte,regular,False,27.0,39.0,12,-0.2596210215946182,-0.21856429740435718,9,8,8,54.4874,0.7994258463555721,True,False,False,-12.0,12.799425846355572
2024,13,401645372,249,151,North Texas,East Carolina,regular,False,28.0,40.0,12,-0.03450882693038368,-0.08304333752367127,9,9,9,54.4874,5.681019292500698,True,False,False,-12.0,17.6810192925007
2024,13,401645373,5,242,UAB,Rice,regular,False,40.0,14.0,12,-0.2124238682200998,-0.05516703343343495,8,9,8,54.4874,-5.5320160597549215,False,True,False,26.0,31.532016059754923
2024,13,401645374,2636,218,UTSA,Temple,regular,False,51.0,27.0,12,-0.11016924680836121,-0.23279057108949588,8,10,8,54.4874,9.717817144635898,True,True,True,24.0,14.282182855364102
2024,13,401645375,58,202,South Florida,Tulsa,regular,False,63.0,30.0,12,-0.190975791882143,-0.3739979031788887,9,9,9,54.4874,13.008898987070301,True,True,True,33.0,19.991101012929697
2024,14,401628437,333,2,Alabama,Auburn,regular,False,28.0,14.0,13,0.4385413972830199,0.08592142561574577,9,9,9,54.4874,22.249845444223432,True,True,True,14.0,8.249845444223432
2024,14,401628438,52,57,Florida State,Florida,regular,False,11.0,31.0,13,-0.14292589506278222,0.18162411895300246,10,10,10,54.4874,-14.647386433683664,False,False,True,-20.0,5.352613566316336
2024,14,401628439,61,59,Georgia,Georgia Tech,regular,False,44.0,42.0,13,0.26151155800558734,0.20004251522741961,10,10,10,54.4874,6.385788321471137,True,True,True,2.0,4.385788321471137
2024,14,401628440,96,97,Kentucky,Louisville,regular,False,14.0,41.0,13,0.03795413866552379,0.23604366143645067,10,10,10,54.4874,-7.756883063028603,False,False,True,-27.0,19.243116936971397
2024,14,401628441,99,201,LSU,Oklahoma,regular,False,37.0,17.0,13,0.29515354981042496,0.0968286657461564,9,8,8,54.4874,13.842707287963428,True,True,True,20.0,6.157292712036572
2024,14,401628442,145,344,Ole Miss,Mississippi State,regular,False,26.0,14.0,13,0.3493832833378256,0.06098115961325434,10,10,10,54.4874,18.750781876230203,True,True,True,12.0,6.750781876230203
2024,14,401628443,142,8,Missouri,Arkansas,regular,False,28.0,21.0,13,0.10195197052328567,0.1307476403157069,10,10,10,54.4874,1.4674988217524274,True,True,True,7.0,5.532501178247573
2024,14,401628444,228,2579,Clemson,South Carolina,regular,False,14.0,17.0,13,0.1651497618913201,0.33420191475693883,10,9,9,54.4874,-6.174712274050114,False,False,True,-3.0,3.1747122740501137
2024,14,401628445,245,251,Texas A&M,Texas,regular,False,7.0,17.0,13,0.24206986978066491,0.41560952733037126,9,11,9,54.4874,-6.41922473677387,False,False,True,-10.0,3.58077526322613
2024,14,401628446,238,2633,Vanderbilt,Tennessee,regular,False,23.0,36.0,13,0.02100662550148054,0.23391207377094658,9,10,9,54.4874,-8.564164322037705,False,False,True,-13.0,4.435835677962295
2024,14,401628562,2294,158,Iowa,Nebraska,regular,False,13.0,10.0,13,0.19593352445128168,0.03957945762497427,9,9,9,54.4874,11.555826580791742,True,True,True,3.0,8.555826580791742
2024,14,401628563,77,356,Northwestern,Illinois,regular,True,28.0,38.0,13,-0.09258582243652191,0.1386983646401066,10,9,9,54.4874,-12.602074014919088,False,False,True,-10.0,2.602074014919088
2024,14,401628564,84,2509,Indiana,Purdue,regular,False,66.0,0.0,13,0.37075152224619845,-0.2246517064538779,10,9,9,54.4874,35.478473883472546,True,True,True,66.0,30.521526116527454
2024,14,401628565,213,120,Penn State,Maryland,regular,False,44.0,7.0,13,0.3950505716163629,0.11713701278521547,11,10,10,54.4874,18.179287245456266,True,True,True,37.0,18.820712754543734
2024,14,401628566,194,130,Ohio State,Michigan,regular,False,10.0,13.0,13,0.410149493357907,0.1517188057567454,9,11,9,54.4874,17.11771624759953,True,False,False,-3.0,20.11771624759953
2024,14,401628567,127,164,Michigan State,Rutgers,regular,False,14.0,41.0,13,-0.010730905775288459,-0.004617309011898954,10,9,9,54.4874,2.703386007714491,True,False,False,-27.0,29.703386007714492
2024,14,401628568,275,135,Wisconsin,Minnesota,regular,False,7.0,24.0,13,0.044077812854171894,0.18391418878034663,10,10,10,54.4874,-4.582820549639853,False,False,True,-17.0,12.417179450360148
2024,14,401628569,2483,264,Oregon,Washington,regular,False,49.0,21.0,13,0.40131407801339314,0.24088925352935844,10,10,10,54.4874,11.777631581591393,True,True,True,28.0,16.222368418408607
2024,14,401628570,26,278,UCLA,Fresno State,regular,False,20.0,13.0,13,0.12199221772543603,-0.09494894782187853,10,8,8,54.4874,14.857060063642749,True,True,True,7.0,7.857060063642749
2024,14,401628571,30,87,USC,Notre Dame,regular,False,35.0,49.0,13,0.27685983890028,0.39780858910268974,10,10,10,54.4874,-3.5536829317787806,False,False,True,-14.0,10.44631706822122
2024,14,401629038,113,41,Massachusetts,UConn,regular,False,42.0,47.0,13,-0.26570321441395484,-0.06623850045805736,9,10,9,54.4874,-7.831813655200568,False,False,True,-5.0,2.831813655200568
2024,14,401635620,103,221,Boston College,Pittsburgh,regular,False,34.0,23.0,13,0.04567442877173151,0.02941579995116505,10,10,10,54.4874,3.922390411997733,True,True,True,11.0,7.077609588002267
2024,14,401635621,2567,25,SMU,California,regular,False,38.0,6.0,13,0.1948389372361572,0.07766699661926303,10,9,9,54.4874,9.42089439716896,True,True,True,32.0,22.579105602831042
2024,14,401635622,154,150,Wake Forest,Duke,regular,False,17.0,23.0,13,-0.10851372187323358,0.023933596157400025,10,9,9,54.4874,-4.180209996462344,False,False,True,-6.0,1.8197900035376557
2024,14,401635623,183,2390,Syracuse,Miami,regular,False,42.0,38.0,13,0.0762276795354177,0.3945273118856638,10,10,10,54.4874,-14.3068193877208,False,True,False,4.0,18.3068193877208
2024,14,401635624,153,152,North Carolina,NC State,regular,False,30.0,35.0,13,0.03087378679145124,-0.00216446334523359,9,10,9,54.4874,4.836668350497602,True,False,False,-5.0,9.836668350497602
2024,14,401635625,23,24,San José State,Stanford,regular,False,34.0,31.0,13,-0.05036886885054988,-0.10140369369951602,10,10,10,54.4874,5.817254915475558,True,True,True,3.0,2.8172549154755577
2024,14,401635640,259,258,Virginia Tech,Virginia,regular,False,37.0,17.0,13,0.10494043085048639,-0.036659584878929216,10,10,10,54.4874,10.75191669705496,True,True,True,20.0,9.24808330294504
2024,14,401636938,38,197,Colorado,Oklahoma State,regular,False,52.0,0.0,13,0.24614411557387833,0.0025718966363068863,10,10,10,54.4874,16.30811692213903,True,True,True,52.0,35.69188307786097
2024,14,401636939,2116,254,UCF,Utah,regular,False,14.0,28.0,13,0.2431295676596956,0.020390943773749864,10,9,9,54.4874,15.17294849512308,True,False,False,-14.0,29.17294849512308
2024,14,401636940,12,9,Arizona,Arizona State,regular,False,7.0,49.0,13,-0.010570127808541718,0.11901755404669409,10,10,10,54.4874,-4.024395856318976,False,False,True,-42.0,37.975604143681025
2024,14,401636941,239,2305,Baylor,Kansas,regular,False,45.0,17.0,13,0.16412611523393703,0.22661570863240346,9,10,9,54.4874,-0.3683954713395998,False,True,False,28.0,28.3683954713396
2024,14,401636942,252,248,BYU,Houston,regular,False,30.0,18.0,13,0.1645997765219532,-0.03546264911459761,10,10,10,54.4874,13.937381410628998,True,True,True,12.0,1.9373814106289977
2024,14,401636943,2132,2628,Cincinnati,TCU,regular,False,13.0,20.0,13,0.19699713289207602,0.14036673598873453,9,10,9,54.4874,6.1221430882311285,True,False,False,-7.0,13.122143088231129
2024,14,401636944,66,2306,Iowa State,Kansas State,regular,False,29.0,21.0,13,0.3223647115889923,0.2552192197620554,9,9,9,54.4874,6.695083271371042,True,True,True,8.0,1.3049167286289576
2024,14,401636945,2641,277,Texas Tech,West Virginia,regular,False,52.0,15.0,13,0.11192256876080894,0.02627902509485576,10,10,10,54.4874,7.702994021144258,True,True,True,37.0,29.297005978855744
2024,14,401640988,2229,2393,Florida International,Middle Tennessee,regular,True,35.0,24.0,13,-0.2873654806924768,-0.3490365440881844,10,10,10,54.4874,3.3602958996672787,True,True,True,11.0,7.639704100332722
2024,14,401640997,2534,2335,Sam Houston,Liberty,regular,False,20.0,18.0,13,-0.11897093100003656,-0.12119061548056437,10,9,9,54.4874,3.1574448361643115,True,True,True,2.0,1.1574448361643115
2024,14,401641006,98,55,Western Kentucky,Jacksonville State,regular,False,19.0,17.0,13,-0.21463843404426985,-0.14868357498026663,10,11,10,54.4874,-0.5572087877639693,False,True,False,2.0,2.5572087877639693
2024,14,401641014,2348,338,Louisiana Tech,Kennesaw State,regular,False,33.0,0.0,13,-0.25993419172613536,-0.40368775860795336,10,10,10,54.4874,10.86925810011637,True,True,True,33.0,22.13074189988363
2024,14,401641031,166,2638,New Mexico State,UTEP,regular,False,35.0,42.0,13,-0.41736702341067783,-0.263738239641208,9,10,9,54.4874,-5.33433299276061,False,False,True,-7.0,1.6656670072393904
2024,14,401643768,21,2005,San Diego State,Air Force,regular,False,20.0,31.0,13,-0.32228171183446097,-0.16641912390966815,9,9,9,54.4874,-5.456047173293356,False,False,True,-11.0,5.543952826706644
2024,14,401643769,68,204,Boise State,Oregon State,regular,False,34.0,18.0,13,0.2210324244852273,-0.20787444340712807,9,9,9,54.4874,26.406520073597925,True,True,True,16.0,10.406520073597925
2024,14,401643770,36,328,Colorado State,Utah State,regular,False,42.0,37.0,13,-0.1737036459591783,-0.11287079324717025,9,9,9,54.4874,-0.27812397886026785,False,True,False,5.0,5.278123978860268
2024,14,401643771,62,167,Hawai'i,New Mexico,regular,False,38.0,30.0,13,-0.16116599894820605,-0.17077210755906927,9,9,9,54.4874,3.559911882323549,True,True,True,8.0,4.440088117676451
2024,14,401643772,2439,2440,UNLV,Nevada,regular,False,38.0,14.0,13,0.12989242407755017,-0.0696435468706294,10,10,10,54.4874,13.90869626344184,True,True,True,24.0,10.09130373655816
2024,14,401643773,265,2751,Washington State,Wyoming,regular,False,14.0,15.0,13,-0.00031706805022922724,-0.28907309973715173,8,9,8,54.4874,18.770065400938023,True,False,False,-1.0,19.770065400938023
2024,14,401643843,6,326,South Alabama,Texas State,regular,False,38.0,45.0,13,-0.014733570220777627,0.034528591793155115,10,6,6,42.0032,0.9673315564963803,True,False,False,-7.0,7.96733155649638
2024,14,401643844,290,2026,Georgia Southern,App State,regular,False,29.0,20.0,13,-0.1097156487236563,-0.10363724238890716,10,9,9,54.4874,2.70530344267599,True,True,True,9.0,6.29469655732401
2024,14,401643845,2247,324,Georgia State,Coastal Carolina,regular,False,27.0,48.0,13,-0.22375555681310785,-0.16237782207319737,9,10,9,54.4874,-0.30781318386739853,False,False,True,-21.0,20.6921868161326
2024,14,401643846,256,276,James Madison,Marshall,regular,False,33.0,35.0,13,-0.024042298029004358,-0.09236107455580868,10,8,8,54.4874,6.7590125041265985,True,False,False,-2.0,8.759012504126598
2024,14,401643847,2032,295,Arkansas State,Old Dominion,regular,False,32.0,40.0,13,-0.2549871923444567,-0.0536187439454556,10,9,9,54.4874,-7.9355431952957325,False,False,True,-8.0,0.06445680470426751
2024,14,401643848,2433,309,UL Monroe,Louisiana,regular,False,23.0,37.0,13,-0.19407961121241046,0.029240832016377158,10,10,10,54.4874,-9.131650318384244,False,False,True,-14.0,4.868349681615756
2024,14,401643849,2653,2572,Troy,Southern Miss,regular,False,52.0,20.0,13,-0.11404115206208851,-0.5234618007259868,10,10,10,54.4874,25.34476665200929,True,True,True,32.0,6.655233347990709
2024,14,401644691,189,193,Bowling Green,Miami (OH),regular,False,12.0,28.0,13,-0.011797748341236116,0.011688470663848828,10,10,10,54.4874,1.7567969905823348,True,False,False,-16.0,17.756796990582334
2024,14,401644775,2006,2649,Akron,Toledo,regular,False,21.0,14.0,13,-0.309468085146798,-0.2048058227977946,10,10,10,54.4874,-2.6662745535150885,False,True,False,7.0,9.666274553515088
2024,14,401644776,2084,2309,Buffalo,Kent State,regular,False,43.0,7.0,13,-0.28864150878062816,-0.48265163278743456,10,9,9,54.4874,13.607607230808464,True,True,True,36.0,22.392392769191538
2024,14,401644777,195,2050,Ohio,Ball State,regular,False,42.0,21.0,13,-0.1095096834605292,-0.4424077596651589,10,10,10,54.4874,21.17525063739214,True,True,True,21.0,0.1752506373921392
2024,14,401644779,2459,2117,Northern Illinois,Central Michigan,regular,False,24.0,16.0,13,0.015756143245274468,-0.30765814399892366,10,10,10,54.4874,20.658503634789522,True,True,True,8.0,12.658503634789522
2024,14,401644780,2711,2199,Western Michigan,Eastern Michigan,regular,False,26.0,18.0,13,-0.30726621443201524,-0.3041108325330354,10,10,10,54.4874,2.8645714443175256,True,True,True,8.0,5.135428555682474
2024,14,401645376,2655,235,Tulane,Memphis,regular,False,24.0,34.0,13,0.2607269505659775,-0.11367808717884376,10,10,10,54.4874,23.436857053617175,True,False,False,-10.0,33.436857053617175
2024,14,401645377,2429,5,Charlotte,UAB,regular,False,29.0,27.0,13,-0.24231853758097735,-0.20769686902501544,9,10,9,54.4874,1.1500552967238813,True,True,True,2.0,0.8499447032761187
2024,14,401645378,349,2636,Army,UTSA,regular,False,29.0,24.0,13,0.16774518099070881,-0.08029420457407876,8,9,8,54.4874,16.55152121702281,True,True,True,5.0,11.55152121702281
2024,14,401645379,151,2426,East Carolina,Navy,regular,False,20.0,34.0,13,-0.05886165282754384,-0.008857766492826165,10,9,9,54.4874,0.3119182437257044,True,False,False,-14.0,14.311918243725705
2024,14,401645380,202,2226,Tulsa,Florida Atlantic,regular,False,16.0,63.0,13,-0.41287740749879287,-0.27058159056412906,10,10,10,54.4874,-4.716829095645801,False,False,True,-47.0,42.2831709043542
2024,14,401645381,218,249,Temple,North Texas,regular,False,17.0,24.0,13,-0.2702351876944922,-0.06966703718030412,11,10,10,54.4874,-7.89193704432677,False,False,True,-7.0,0.8919370443267702
2024,14,401645382,242,58,Rice,South Florida,regular,False,35.0,28.0,13,-0.1419548106657237,-0.16538118780613673,10,10,10,54.4874,4.31294238180054,True,True,True,7.0,2.68705761819946
2024,15,401673462,349,2655,Army,Tulane,regular,False,35.0,14.0,14,0.1459075402238109,0.25759916565339874,10,11,10,54.4874,-3.049286271432125,False,True,False,21.0,24.049286271432123
2024,15,401673463,2567,228,SMU,Clemson,regular,True,31.0,34.0,14,0.24294333021327433,0.16653805732504134,11,11,11,54.4874,4.163124665970306,True,False,False,-3.0,7.163124665970306
2024,15,401673464,2483,213,Oregon,Penn State,regular,True,45.0,37.0,14,0.3703942514838464,0.39404304741625584,10,12,10,54.4874,-1.2885614034875654,False,True,False,8.0,9.288561403487565
2024,15,401673465,9,66,Arizona State,Iowa State,regular,True,45.0,19.0,14,0.16639976895896114,0.28039255097489046,11,10,10,54.4874,-6.211170310814747,False,True,False,26.0,32.21117031081475
2024,15,401673466,55,98,Jacksonville State,Western Kentucky,regular,False,52.0,12.0,14,-0.15232675733047563,-0.2259081717931154,12,11,11,54.4874,7.045759962391639,True,True,True,40.0,32.95424003760836
2024,15,401673467,193,195,Miami (OH),Ohio,regular,True,3.0,38.0,14,0.03938453925642885,-0.09450319694690522,11,11,11,54.4874,7.295194637605544,True,False,False,-35.0,42.29519463760555
2024,15,401673468,68,2439,Boise State,UNLV,regular,False,21.0,7.0,14,0.1498947957229602,0.1443044142946095,11,10,10,54.4874,3.3411053490391156,True,True,True,14.0,10.658894650960885
2024,15,401673469,251,61,Texas,Georgia,regular,True,19.0,22.0,14,0.3958785682789605,0.2123482079531158,11,11,11,54.4874,10.000092155218432,True,False,False,-3.0,13.000092155218432
2024,15,401673470,309,276,Louisiana,Marshall,regular,False,3.0,31.0,14,-0.007097744064205075,-0.0894813671533583,11,9,9,54.4874,7.525369424707928,True,False,False,-28.0,35.525369424707925
2024,16,401645383,349,2426,Army,Navy,regular,True,13.0,31.0,15,0.1662121260964168,0.034422618583098585,11,10,10,54.4874,7.180867611681175,True,False,False,-18.0,25.180867611681176
2025,2,401752683,2,2050,Auburn,Ball State,regular,False,42.0,3.0,1,-0.09654103171426112,1.8158894393883953,1,1,1,10.6201,-17.273702846157324,False,True,False,39.0,56.27370284615732
2025,2,401752686,96,145,Kentucky,Ole Miss,regular,False,23.0,30.0,1,-0.049033594589116214,0.0,1,1,1,10.6201,2.5157583221041273,True,False,False,-7.0,9.515758322104126
2025,2,401752693,251,23,Texas,San José State,regular,False,38.0,7.0,1,0.021565138494158753,0.018109658445223532,1,1,1,10.6201,3.073197543667697,True,True,True,31.0,27.926802456332304
2025,2,401752694,245,328,Texas A&M,Utah State,regular,False,44.0,22.0,1,-0.23155608218664442,-0.030646139362602465,1,1,1,10.6201,0.9028163162143921,True,True,True,22.0,21.09718368378561
2025,2,401752810,158,2006,Nebraska,Akron,regular,False,68.0,0.0,1,-0.07856355136615549,-0.13798198521463792,1,1,1,10.6201,3.6675297093142687,True,True,True,68.0,64.33247029068573
2025,2,401752812,84,338,Indiana,Kennesaw State,regular,False,56.0,9.0,1,-0.2527767174258581,-0.012594053292623676,1,1,1,10.6201,0.48573608863863704,True,True,True,47.0,46.51426391136136
2025,2,401752814,30,290,USC,Georgia Southern,regular,False,59.0,20.0,1,0.0,-0.4596154960042339,1,1,1,10.6201,7.917662529114565,True,True,True,39.0,31.082337470885435
2025,2,401752818,164,193,Rutgers,Miami (OH),regular,False,45.0,17.0,1,-0.2355480500588717,-0.25700632664798095,1,1,1,10.6201,3.2643890432039995,True,True,True,28.0,24.735610956796002
2025,2,401752823,2439,26,UNLV,UCLA,regular,False,30.0,23.0,1,0.18302925422280064,-0.06464843294100905,1,1,1,10.6201,5.6668618054483755,True,True,True,7.0,1.3331381945516245
2025,2,401752937,204,278,Oregon State,Fresno State,regular,False,27.0,36.0,1,0.048470492153087186,0.2576221795499619,1,2,1,10.6201,0.8152881646764509,True,False,False,-9.0,9.815288164676451
2025,2,401754524,152,258,NC State,Virginia,regular,False,35.0,31.0,1,-0.2712835573817498,0.03545604378541997,1,1,1,10.6201,-0.22110523835545992,False,True,False,4.0,4.2211052383554595
2025,2,401757228,276,2623,Marshall,Missouri State,regular,False,20.0,21.0,1,0.0,0.0,1,1,1,10.6201,3.0365,True,False,False,-1.0,4.0365
2025,2,401757230,62,2534,Hawai'i,Sam Houston,regular,False,37.0,20.0,1,-0.9136265243098046,-0.10564688669033505,2,2,2,10.6201,-5.544324549482528,False,True,False,17.0,22.54432454948253
2025,2,401757232,2649,98,Toledo,Western Kentucky,regular,False,45.0,21.0,1,0.04903359458911738,0.13255823455275906,1,1,1,10.6201,2.149459971122129,True,True,True,24.0,21.85054002887787
2025,2,401761603,2636,326,UTSA,Texas State,regular,False,36.0,43.0,1,0.23155608218664006,0.02037778248758712,1,1,1,10.6201,5.279234660633913,True,False,False,-7.0,12.279234660633913
2025,3,401752696,333,275,Alabama,Wisconsin,regular,False,38.0,14.0,2,-0.2102965622424845,0.44918010949885545,2,2,2,10.6201,-3.9672082015602044,False,True,False,24.0,27.967208201560204
2025,3,401752697,2,6,Auburn,South Alabama,regular,False,31.0,15.0,2,-0.9602196836098126,0.179140328696126,2,1,1,10.6201,-9.063617266690299,False,True,False,16.0,25.0636172666903
2025,3,401752698,96,2199,Kentucky,Eastern Michigan,regular,False,48.0,23.0,2,0.34627593899928993,-0.1715965967232498,2,1,1,10.6201,8.536358116626946,True,True,True,25.0,16.463641883373054
2025,3,401752699,99,57,LSU,Florida,regular,False,20.0,10.0,2,0.1022986647763586,0.015720865787625063,2,1,1,10.6201,3.955964883040249,True,True,True,10.0,6.044035116959751
2025,3,401752700,145,8,Ole Miss,Arkansas,regular,False,41.0,35.0,2,0.48119032778591886,0.0,2,1,1,10.6201,8.146789400119237,True,True,True,6.0,2.1467894001192374
2025,3,401752702,142,309,Missouri,Louisiana,regular,False,52.0,10.0,2,0.7149628003885935,-0.14266958232707516,1,1,1,10.6201,12.144641667678673,True,True,True,42.0,29.855358332321327
2025,3,401752703,218,201,Temple,Oklahoma,regular,False,3.0,42.0,2,0.3094246871738271,0.05337846008976825,1,1,1,10.6201,5.755736536255414,True,False,False,-39.0,44.75573653625541
2025,3,401752704,2579,238,South Carolina,Vanderbilt,regular,False,7.0,31.0,2,0.01884420970274453,0.5206490914757926,1,1,1,10.6201,-2.2927180249179475,False,False,True,-24.0,21.707281975082054
2025,3,401752705,2633,61,Tennessee,Georgia,regular,False,41.0,44.0,2,0.07060822817377711,0.24264491751304496,1,1,1,10.6201,1.2094531555480414,True,False,False,-3.0,4.209453155548042
2025,3,401752706,251,2638,Texas,UTEP,regular,False,27.0,10.0,2,0.2220417457963849,0.021691273482101467,2,1,1,10.6201,5.164242051024922,True,True,True,17.0,11.835757948975079
2025,3,401752707,87,245,Notre Dame,Texas A&M,regular,False,40.0,41.0,2,0.02320120711759091,0.2982021459867526,1,2,1,10.6201,0.11596252911561633,True,False,False,-1.0,1.1159625291156163
2025,3,401752827,194,195,Ohio State,Ohio,regular,False,37.0,9.0,2,-0.01261582911496946,0.2147588427294626,1,2,1,10.6201,0.621758247544947,True,True,True,28.0,27.378241752455054
2025,3,401752829,356,2711,Illinois,Western Michigan,regular,False,38.0,0.0,2,0.10896093704504571,-0.22850437341073587,1,2,1,10.6201,6.620415343571446,True,True,True,38.0,31.379584656428555
2025,3,401752830,2294,113,Iowa,Massachusetts,regular,False,47.0,7.0,2,-0.18941853528342978,-0.309424687173799,1,1,1,10.6201,4.310977333690911,True,True,True,40.0,35.689022666309086
2025,3,401752831,77,2483,Northwestern,Oregon,regular,False,14.0,34.0,2,-0.13382677744815663,0.0,1,1,1,10.6201,1.6152462408228319,True,False,False,-20.0,21.61524624082283
2025,3,401752832,2509,30,Purdue,USC,regular,False,17.0,33.0,2,-1.8210790111399473,0.6389457400368368,1,2,1,10.6201,-23.089208859972565,False,False,True,-16.0,7.089208859972565
2025,3,401752837,26,167,UCLA,New Mexico,regular,False,10.0,35.0,2,-0.055738336220509666,-0.5037257280440999,1,1,1,10.6201,7.794170899905711,True,False,False,-25.0,32.79417089990571
2025,3,401752839,130,2117,Michigan,Central Michigan,regular,False,63.0,3.0,2,-0.05337846008976631,-0.027044630803264406,2,2,2,10.6201,2.7568320995944213,True,True,True,60.0,57.24316790040558
2025,3,401752840,25,135,California,Minnesota,regular,False,27.0,14.0,2,0.019946870827976942,0.05964681817954301,1,1,1,10.6201,2.6148825891316334,True,True,True,13.0,10.385117410868366
2025,3,401752938,2641,204,Texas Tech,Oregon State,regular,False,45.0,14.0,2,0.0,-0.06929615380928174,1,2,1,10.6201,3.7724320830699534,True,True,True,31.0,27.227567916930045
2025,3,401754531,154,152,Wake Forest,NC State,regular,False,24.0,34.0,2,0.021556497115546164,-0.12477071320857974,1,2,1,10.6201,4.59050960636325,True,False,False,-10.0,14.59050960636325
2025,3,401754533,24,103,Stanford,Boston College,regular,False,30.0,20.0,2,-0.13621309823357272,-0.19485707197187446,1,1,1,10.6201,3.6593048654981386,True,True,True,10.0,6.340695134501861
2025,3,401754534,2655,150,Tulane,Duke,regular,False,34.0,27.0,2,-0.019542803444805218,-0.10896093704504578,2,1,1,10.6201,3.986129520647915,True,True,True,7.0,3.013870479352085
2025,3,401754535,2390,58,Miami,South Florida,regular,False,49.0,12.0,2,-0.023201207117590203,0.10865814462533438,1,2,1,10.6201,1.6361404985549668,True,True,True,37.0,35.363859501445035
2025,3,401754536,259,295,Virginia Tech,Old Dominion,regular,False,26.0,45.0,2,-0.2759964212875202,0.24383447082005416,2,1,1,10.6201,-2.484156057271651,False,False,True,-19.0,16.51584394272835
2025,3,401754615,2623,2567,Missouri State,SMU,regular,False,10.0,28.0,2,0.6499980075292623,-0.009459793359316765,2,1,1,10.6201,10.0400077912168,True,False,False,-18.0,28.0400077912168
2025,3,401754623,59,228,Georgia Tech,Clemson,regular,False,24.0,21.0,2,0.07753402464239717,-0.00760875891259169,1,2,1,10.6201,3.9407248756323376,True,True,True,3.0,0.9407248756323376
2025,3,401754638,277,221,West Virginia,Pittsburgh,regular,False,31.0,24.0,2,-0.31601499926180765,0.42016141360458514,1,1,1,10.6201,-4.781767122282378,False,True,False,7.0,11.781767122282378
2025,3,401756888,12,2306,Arizona,Kansas State,regular,False,23.0,17.0,2,0.509606366625662,-0.179711453734118,1,2,1,10.6201,10.3571241840029,True,True,True,6.0,4.357124184002901
2025,3,401756889,9,326,Arizona State,Texas State,regular,False,34.0,15.0,2,0.02113779541349594,-0.07619407863220218,1,2,1,10.6201,4.070174235552718,True,True,True,19.0,14.929825764447282
2025,3,401756890,2032,66,Arkansas State,Iowa State,regular,False,16.0,24.0,2,0.0,0.09287279624341499,1,2,1,10.6201,2.0501816166153084,True,False,False,-8.0,10.050181616615308
2025,3,401756893,248,38,Houston,Colorado,regular,False,36.0,20.0,2,0.48267255852777025,-0.0775340246423986,1,2,1,10.6201,8.985949933925511,True,True,True,16.0,7.014050066074489
2025,3,401756895,2751,254,Wyoming,Utah,regular,False,6.0,31.0,2,0.12908396893162621,0.05573833622048116,1,1,1,10.6201,3.815437953955632,True,False,False,-25.0,28.81543795395563
2025,3,401757168,48,41,Delaware,UConn,regular,False,44.0,41.0,2,-0.3612566582440304,-0.21327654827345383,1,1,1,10.6201,1.4649364341014797,True,True,True,3.0,1.5350635658985203
2025,3,401757233,2229,2226,Florida International,Florida Atlantic,regular,False,38.0,28.0,2,0.0,-0.1345394270905966,1,1,1,10.6201,4.465322169644845,True,True,True,10.0,5.534677830355155
2025,3,401757234,290,55,Georgia Southern,Jacksonville State,regular,False,41.0,34.0,2,0.004055490489490388,0.015345089519900677,2,2,2,10.6201,2.91660332933714,True,True,True,7.0,4.08339667066286
2025,3,401757256,189,2335,Bowling Green,Liberty,regular,False,23.0,13.0,2,-0.14545670259762325,-0.04167701386401253,1,1,1,10.6201,1.9343493276801809,True,True,True,10.0,8.06565067231982
2025,3,401757258,2440,2393,Nevada,Middle Tennessee,regular,False,13.0,14.0,2,0.0,-0.22587106558727393,1,1,1,10.6201,5.435273303643408,True,False,False,-1.0,6.435273303643408
2025,3,401761604,324,151,Coastal Carolina,East Carolina,regular,False,0.0,38.0,2,-0.42343699317796724,0.08557147183818224,1,1,1,10.6201,-2.3692207993180094,False,False,True,-38.0,35.63077920068199
2025,3,401761607,2572,2026,Southern Miss,App State,regular,False,38.0,22.0,2,-0.2272104003935864,-0.49896217321585756,1,1,1,10.6201,5.922531002549802,True,True,True,16.0,10.077468997450197
2025,3,401761608,2653,235,Troy,Memphis,regular,False,7.0,28.0,2,-0.11097397987189486,0.182006146969383,1,1,1,10.6201,-0.07497824506705486,False,False,True,-21.0,20.925021754932946
2025,3,401762463,5,2006,UAB,Akron,regular,False,31.0,28.0,2,-0.0739469757050876,-0.4954687381326475,1,2,1,10.6201,7.51310326915693,True,True,True,3.0,4.51310326915693
2025,3,401762817,2309,2084,Kent State,Buffalo,regular,False,28.0,31.0,2,0.0,-0.05964681817953488,1,1,1,10.6201,3.6699551737484786,True,False,False,-3.0,6.669955173748479
2025,4,401752708,235,8,Memphis,Arkansas,regular,False,32.0,31.0,3,0.7916260533689663,0.3492350665292339,2,2,2,10.6201,7.734736519336642,True,True,True,1.0,6.734736519336642
2025,4,401752709,2390,57,Miami,Florida,regular,False,26.0,7.0,3,0.40375032597842886,-0.04966186751559709,2,2,2,10.6201,7.851782836125905,True,True,True,19.0,11.148217163874094
2025,4,401752711,145,2655,Ole Miss,Tulane,regular,False,45.0,10.0,3,0.7630236040840184,-0.019095761078609573,3,2,2,10.6201,11.342685869963626,True,True,True,35.0,23.657314130036376
2025,4,401752712,344,2459,Mississippi State,Northern Illinois,regular,False,38.0,10.0,3,0.38038490559165616,0.08341057646694636,2,1,1,10.6201,6.190397072737331,True,True,True,28.0,21.80960292726267
2025,4,401752713,142,2579,Missouri,South Carolina,regular,False,29.0,20.0,3,0.5332871376890078,-0.09946303788957042,2,2,2,10.6201,9.75637013966206,True,True,True,9.0,0.7563701396620601
2025,4,401752714,201,2,Oklahoma,Auburn,regular,False,24.0,17.0,3,0.470888876988662,-1.1574950059191638,2,3,2,10.6201,20.330099674869402,True,True,True,7.0,13.330099674869402
2025,4,401752715,2633,5,Tennessee,UAB,regular,False,56.0,24.0,3,0.0965321859965381,-0.055793509196769314,2,1,1,10.6201,4.654214115522445,True,True,True,32.0,27.345785884477557
2025,4,401752716,238,2247,Vanderbilt,Georgia State,regular,False,70.0,21.0,3,0.25455978434460985,0.286317326354538,2,2,2,10.6201,2.6992317281003624,True,True,True,49.0,46.300768271899635
2025,4,401752723,251,2534,Texas,Sam Houston,regular,False,55.0,0.0,3,0.20324094580735513,-0.24459371021152945,3,3,3,10.6201,7.792548830386157,True,True,True,55.0,47.20745116961384
2025,4,401752841,2483,204,Oregon,Oregon State,regular,False,41.0,7.0,3,0.07907365272458236,0.03792926020078602,2,3,2,10.6201,3.4734575630419697,True,True,True,34.0,30.52654243695803
2025,4,401752842,265,264,Washington State,Washington,regular,False,24.0,59.0,3,-0.33105759775937543,0.15506732316177974,2,1,1,10.6201,-2.12619527267476,False,False,True,-35.0,32.873804727325236
2025,4,401752843,84,356,Indiana,Illinois,regular,False,63.0,10.0,3,0.43530941998848016,0.4576535978824627,2,2,2,10.6201,2.7992025963481164,True,True,True,53.0,50.20079740365188
2025,4,401752844,164,2294,Rutgers,Iowa,regular,False,28.0,38.0,3,-0.291122108230191,-0.07785755635533742,2,2,2,10.6201,0.7716091326338672,True,False,False,-10.0,10.771609132633866
2025,4,401752845,275,120,Wisconsin,Maryland,regular,False,10.0,27.0,3,0.2357055858997057,0.0090113867264347,3,2,2,10.6201,5.444015064640055,True,False,False,-17.0,22.444015064640055
2025,4,401752846,158,130,Nebraska,Michigan,regular,False,27.0,30.0,3,0.289360960177545,0.403328081601097,2,3,2,10.6201,1.8261577737697352,True,False,False,-3.0,4.826157773769735
2025,4,401752847,30,127,USC,Michigan State,regular,False,45.0,31.0,3,0.38606489883472944,0.35005506781716467,3,2,2,10.6201,3.41892800638964,True,True,True,14.0,10.58107199361036
2025,4,401752848,87,2509,Notre Dame,Purdue,regular,False,56.0,30.0,3,0.26559174860396606,-0.449755064328905,2,2,2,10.6201,10.633554688028385,True,True,True,26.0,15.366445311971615
2025,4,401754537,228,183,Clemson,Syracuse,regular,False,21.0,34.0,3,-0.04738584918289208,0.06259798812920447,3,2,2,10.6201,1.8684606493618037,True,False,False,-13.0,14.868460649361804
2025,4,401754538,150,152,Duke,NC State,regular,False,45.0,33.0,3,-0.12712326948760277,0.18598821512493924,1,3,1,10.6201,-0.28877527773365763,False,True,False,12.0,12.288775277733658
2025,4,401754539,258,24,Virginia,Stanford,regular,False,48.0,20.0,3,-0.005534827327559277,1.2756048453866669,2,2,2,10.6201,-10.569331438192354,False,True,False,28.0,38.56933143819235
2025,4,401754540,21,25,San Diego State,California,regular,False,34.0,0.0,3,-0.6730525732640664,0.16203063234353177,1,1,1,10.6201,-5.832167151873254,False,True,False,34.0,39.83216715187325
2025,4,401754541,52,2309,Florida State,Kent State,regular,False,66.0,10.0,3,1.204935963486541,-0.03885082057448026,1,2,1,10.6201,16.245640025406452,True,True,True,56.0,39.75435997459355
2025,4,401754542,59,218,Georgia Tech,Temple,regular,False,45.0,24.0,3,-0.04261038122713938,-0.039634658619870505,2,2,2,10.6201,3.004897528338544,True,True,True,21.0,17.995102471661454
2025,4,401754636,2628,2567,TCU,SMU,regular,False,35.0,24.0,3,1.0968931553399688,0.14920685702658004,1,2,1,10.6201,13.10102325671802,True,True,True,11.0,2.1010232567180207
2025,4,401754640,2116,153,UCF,North Carolina,regular,False,34.0,9.0,3,-0.08072250091681482,-0.13601890026417468,1,2,1,10.6201,3.6237532907088967,True,True,True,25.0,21.376246709291102
2025,4,401754642,97,189,Louisville,Bowling Green,regular,False,40.0,17.0,3,0.04178369588006836,-0.07437876330258872,1,2,1,10.6201,4.270156932765737,True,True,True,23.0,18.729843067234263
2025,4,401756896,239,9,Baylor,Arizona State,regular,False,24.0,27.0,3,0.22904255380733687,0.41840372486843413,2,1,1,10.6201,1.025465427214041,True,False,False,-3.0,4.025465427214041
2025,4,401756897,38,2751,Colorado,Wyoming,regular,False,37.0,20.0,3,-0.1855556838653909,0.1472526165178948,3,1,1,10.6201,-0.4979574309005321,False,True,False,17.0,17.49795743090053
2025,4,401756898,151,252,East Carolina,BYU,regular,False,13.0,34.0,3,0.12543803503152057,0.2576939852136928,2,1,1,10.6201,1.6319285834703128,True,False,False,-21.0,22.631928583470312
2025,4,401756899,2305,277,Kansas,West Virginia,regular,False,41.0,10.0,3,0.269953377466311,-0.271068406367556,2,2,2,10.6201,8.782205446494052,True,True,True,31.0,22.217794553505946
2025,4,401756900,197,202,Oklahoma State,Tulsa,regular,False,12.0,19.0,3,0.0,-0.11196030205538601,1,1,1,10.6201,4.225529603858405,True,False,False,-7.0,11.225529603858405
2025,4,401756901,254,2641,Utah,Texas Tech,regular,False,10.0,34.0,3,0.29414376881642074,0.28904593850500937,1,2,1,10.6201,3.0906394676902202,True,False,False,-24.0,27.09063946769022
2025,4,401757169,41,2050,UConn,Ball State,regular,False,31.0,25.0,3,-0.20921069630050984,-0.6596967005697683,2,2,2,10.6201,7.820706413939952,True,True,True,6.0,1.820706413939952
2025,4,401757259,2229,48,Florida International,Delaware,regular,False,16.0,38.0,3,-0.025908656054570073,-0.30799115343617517,2,2,2,10.6201,6.032244330442385,True,False,False,-22.0,28.032244330442385
2025,4,401757261,338,2032,Kennesaw State,Arkansas State,regular,False,28.0,21.0,3,0.02933909400265755,-0.3223382901264689,2,2,2,10.6201,6.771348987189736,True,True,True,7.0,0.22865101281026412
2025,4,401757262,2335,256,Liberty,James Madison,regular,False,13.0,31.0,3,-0.1812952753594969,-0.04178369588006442,2,1,1,10.6201,1.554873074770479,True,False,False,-18.0,19.55487307477048
2025,4,401757263,2348,2572,Louisiana Tech,Southern Miss,regular,False,30.0,20.0,3,0.06918919670436607,-0.019240454617866484,2,2,2,10.6201,3.975631740007242,True,True,True,10.0,6.024368259992758
2025,4,401757264,2393,276,Middle Tennessee,Marshall,regular,False,28.0,42.0,3,-0.1381599025518107,-0.42864633156668897,2,2,2,10.6201,6.121494924780909,True,False,False,-14.0,20.121494924780908
2025,4,401757267,2638,2433,UTEP,UL Monroe,regular,False,25.0,31.0,3,-0.1953001220744951,-0.05062504397341727,2,1,1,10.6201,1.5000362030587435,True,False,False,-6.0,7.500036203058744
2025,4,401757268,98,2440,Western Kentucky,Nevada,regular,False,31.0,16.0,3,0.0017616904610315287,-0.20112162354373692,2,2,2,10.6201,5.191141083062042,True,True,True,15.0,9.808858916937957
2025,4,401760373,36,2636,Colorado State,UTSA,regular,False,16.0,17.0,3,-0.1550673231617782,0.06114816040771627,1,2,1,10.6201,0.7402699429436117,True,False,False,-1.0,1.7402699429436117
2025,4,401760374,62,278,Hawai'i,Fresno State,regular,False,21.0,23.0,3,-0.1720919872134901,0.05226030554568751,3,3,3,10.6201,0.6538562156682581,True,False,False,-2.0,2.653856215668258
2025,4,401760376,193,2439,Miami (OH),UNLV,regular,False,38.0,41.0,3,-0.2173945870277293,-0.10548670046677244,2,2,2,10.6201,1.8480270539339823,True,False,False,-3.0,4.848027053933983
2025,4,401761610,2199,309,Eastern Michigan,Louisiana,regular,False,34.0,31.0,3,-0.11082610675480697,-0.24808518003874305,2,2,2,10.6201,4.49420508418273,True,True,True,3.0,1.4942050841827301
2025,4,401761611,6,324,South Alabama,Coastal Carolina,regular,False,20.0,38.0,3,0.17195037110788847,-0.476678114218097,2,2,2,10.6201,9.924999377010499,True,False,False,-18.0,27.9249993770105
2025,4,401761613,2084,2653,Buffalo,Troy,regular,False,17.0,21.0,3,0.00452371759346501,0.11030026649178287,2,2,2,10.6201,1.9131424730449746,True,False,False,-4.0,5.913142473044974
2025,4,401762468,2429,242,Charlotte,Rice,regular,False,17.0,28.0,3,-0.2770866244927749,-0.44146588214079885,2,2,2,10.6201,4.78222415414778,True,False,False,-11.0,15.78222415414778
2025,4,401762469,349,249,Army,North Texas,regular,False,38.0,45.0,3,-0.2150766580994329,0.3108716920675273,1,2,1,10.6201,-2.5491240736081338,False,False,True,-7.0,4.450875926391866
2025,4,401762820,2711,2649,Western Michigan,Toledo,regular,False,14.0,13.0,3,-0.13792492283795976,0.21803515586259634,3,2,2,10.6201,-0.743831631807776,False,True,False,1.0,1.743831631807776
2025,5,401752717,8,87,Arkansas,Notre Dame,regular,False,13.0,56.0,4,0.613395729776571,0.8585569034787892,3,3,3,10.6201,0.432863819165072,True,False,False,-43.0,43.43286381916507
2025,5,401752718,61,333,Georgia,Alabama,regular,False,21.0,24.0,4,0.11422923855729909,0.48615972368680127,2,3,2,10.6201,-0.9134389451238261,False,False,True,-3.0,2.086561054876174
2025,5,401752719,145,99,Ole Miss,LSU,regular,False,24.0,19.0,4,0.9146719883193004,0.2536301451475086,4,3,3,10.6201,10.056830478668747,True,True,True,5.0,5.056830478668747
2025,5,401752720,344,2633,Mississippi State,Tennessee,regular,False,34.0,41.0,4,0.2429556632536156,0.24922154407186775,3,3,3,10.6201,2.9699557191220802,True,False,False,-7.0,9.96995571912208
2025,5,401752721,142,113,Missouri,Massachusetts,regular,False,42.0,6.0,4,0.3051023010939518,-0.4594814478368858,3,2,2,10.6201,11.15645587202039,True,True,True,36.0,24.843544127979612
2025,5,401752722,2579,96,South Carolina,Kentucky,regular,False,35.0,13.0,4,0.027763430221364252,0.27669567552497865,3,3,3,10.6201,0.3928146616510846,True,True,True,22.0,21.607185338348916
2025,5,401752724,245,2,Texas A&M,Auburn,regular,False,16.0,10.0,4,0.15001771760132698,0.23496965412149787,3,4,3,10.6201,2.134301938962133,True,True,True,6.0,3.865698061037867
2025,5,401752725,238,328,Vanderbilt,Utah State,regular,False,55.0,35.0,4,0.5456406330171741,-0.12339275296968139,3,3,3,10.6201,10.141701462519006,True,True,True,20.0,9.858298537480994
2025,5,401752849,135,164,Minnesota,Rutgers,regular,False,31.0,28.0,4,0.1082450740551676,-0.2728496720373086,2,3,2,10.6201,7.083764312976707,True,True,True,3.0,4.083764312976707
2025,5,401752850,356,30,Illinois,USC,regular,False,34.0,32.0,4,0.5172250708299052,1.0293291553211315,3,3,3,10.6201,-2.4020965877052722,False,True,False,2.0,4.402096587705272
2025,5,401752851,77,26,Northwestern,UCLA,regular,False,17.0,14.0,4,0.0990580134395593,-0.1334905966384769,2,3,2,10.6201,5.506189493889753,True,True,True,3.0,2.506189493889753
2025,5,401752852,264,194,Washington,Ohio State,regular,False,6.0,24.0,4,0.6915204214330778,0.03286919711173679,2,2,2,10.6201,10.031441867415076,True,False,False,-18.0,28.031441867415076
2025,5,401752853,2294,84,Iowa,Indiana,regular,False,15.0,20.0,4,0.04337939787582733,0.902761896106909,3,3,3,10.6201,-6.090228069463912,False,False,True,-5.0,1.0902280694639117
2025,5,401752854,213,2483,Penn State,Oregon,regular,False,24.0,30.0,4,0.16248223971133935,0.23521383000884571,2,3,2,10.6201,2.2640832378814526,True,False,False,-6.0,8.264083237881453
2025,5,401752939,204,248,Oregon State,Houston,regular,False,24.0,27.0,4,0.1270170713385948,-0.01596269117027757,4,2,2,10.6201,4.554959375820475,True,False,False,-3.0,7.554959375820475
2025,5,401752950,36,265,Colorado State,Washington State,regular,False,3.0,20.0,4,1.036867762070778,-0.039341910952821746,1,3,1,10.6201,14.465954348477933,True,False,False,-17.0,31.465954348477933
2025,5,401754543,258,52,Virginia,Florida State,regular,False,46.0,38.0,4,0.24560910315595127,0.694163287626079,3,2,2,10.6201,-1.727190294491204,False,True,False,8.0,9.727190294491205
2025,5,401754544,103,25,Boston College,California,regular,False,24.0,28.0,4,-0.29639942579598033,0.18370973602350632,2,2,2,10.6201,-2.06230730943913,False,False,True,-4.0,1.93769269056087
2025,5,401754545,183,150,Syracuse,Duke,regular,False,3.0,38.0,4,0.14380667493729443,0.4413628308408509,3,3,3,10.6201,-0.12357613131135992,False,False,True,-35.0,34.87642386868864
2025,5,401754546,154,59,Wake Forest,Georgia Tech,regular,False,29.0,30.0,4,0.07364834074765023,0.10222276188357052,2,3,2,10.6201,2.7330367900944132,True,False,False,-1.0,3.7330367900944132
2025,5,401754547,221,97,Pittsburgh,Louisville,regular,False,27.0,34.0,4,-0.03604071327858613,0.16333894643555874,2,2,2,10.6201,0.9190680758698102,True,False,False,-7.0,7.91906807586981
2025,5,401754548,152,259,NC State,Virginia Tech,regular,False,21.0,23.0,4,0.4052162797309968,0.008455097455095095,4,3,3,10.6201,7.250143431888304,True,False,False,-2.0,9.250143431888304
2025,5,401754549,24,23,Stanford,San José State,regular,False,30.0,29.0,4,0.13623971939856114,-0.24626471662354277,4,2,2,10.6201,7.098735360998346,True,True,True,1.0,6.098735360998346
2025,5,401756902,9,2628,Arizona State,TCU,regular,False,27.0,24.0,4,0.2369599086162713,0.495660978109058,3,2,2,10.6201,0.2890687718796561,True,True,True,3.0,2.710931228120344
2025,5,401756903,38,252,Colorado,BYU,regular,False,21.0,24.0,4,-0.15577340513930427,0.41090582103683604,3,2,2,10.6201,-2.9816900499132277,False,False,True,-3.0,0.018309950086772275
2025,5,401756904,66,12,Iowa State,Arizona,regular,False,39.0,14.0,4,-0.06339758792618697,0.3096280509232776,3,2,2,10.6201,-0.9250695871451993,False,True,False,25.0,25.9250695871452
2025,5,401756905,2305,2132,Kansas,Cincinnati,regular,False,34.0,37.0,4,-0.12473169469702486,-0.01596480092072028,3,2,2,10.6201,1.8813847114062678,True,False,False,-3.0,4.881384711406268
2025,5,401756906,2306,2116,Kansas State,UCF,regular,False,34.0,20.0,4,-0.19457287620182126,0.06740341623142038,3,2,2,10.6201,0.25428557672973096,True,True,True,14.0,13.745714423270268
2025,5,401756907,197,239,Oklahoma State,Baylor,regular,False,27.0,45.0,4,-0.49778285709291503,0.42532265108641665,2,3,2,10.6201,-6.766972807415321,False,False,True,-18.0,11.233027192584679
2025,5,401756908,277,254,West Virginia,Utah,regular,False,14.0,48.0,4,-0.28332173093198804,0.4941497912852078,3,3,3,10.6201,-5.220325313098842,False,False,True,-34.0,28.77967468690116
2025,5,401757170,2084,41,Buffalo,UConn,regular,False,17.0,20.0,4,-0.349018225230965,-0.3181057858296159,3,3,3,10.6201,2.708206802313733,True,False,False,-3.0,5.7082068023137325
2025,5,401757269,2572,55,Southern Miss,Jacksonville State,regular,False,42.0,25.0,4,0.02344079197951865,-0.1423084511838177,3,3,3,10.6201,4.796773537318948,True,True,True,17.0,12.203226462681052
2025,5,401757270,338,2393,Kennesaw State,Middle Tennessee,regular,False,24.0,16.0,4,-0.07350376196615441,-0.44993004464198383,3,3,3,10.6201,7.034184764645577,True,True,True,8.0,0.9658152353544232
2025,5,401757271,295,2335,Old Dominion,Liberty,regular,False,21.0,7.0,4,0.561717062312902,-0.20416563285161998,2,3,2,10.6201,11.17025081091674,True,True,True,14.0,2.8297491890832607
2025,5,401757272,2638,2348,UTEP,Louisiana Tech,regular,False,11.0,30.0,4,-0.35602955946526516,-0.08350931588451055,2,3,2,10.6201,0.1423077611480279,True,False,False,-19.0,19.14230776114803
2025,5,401757273,2623,98,Missouri State,Western Kentucky,regular,False,22.0,27.0,4,0.9877951950229753,-0.019033593496948623,3,3,3,10.6201,13.729122416960445,True,False,False,-5.0,18.729122416960443
2025,5,401757274,167,166,New Mexico,New Mexico State,regular,False,38.0,20.0,4,-0.08540073475125032,-0.1245549389952824,2,2,2,10.6201,3.4523215644920455,True,True,True,18.0,14.547678435507954
2025,5,401760378,2005,62,Air Force,Hawai'i,regular,False,35.0,44.0,4,-0.40722420961519856,-0.1937548867691899,2,3,2,10.6201,0.7694344444431032,True,False,False,-9.0,9.769434444443103
2025,5,401760379,68,2026,Boise State,App State,regular,False,47.0,14.0,4,-0.16252362079768434,-0.6719173594849848,2,2,2,10.6201,8.446312444233,True,True,True,33.0,24.553687555767
2025,5,401760380,2459,21,Northern Illinois,San Diego State,regular,False,3.0,6.0,4,-0.1125558356775768,-0.8014718028185617,2,1,1,10.6201,10.352856462633975,True,False,False,-3.0,13.352856462633975
2025,5,401761614,256,290,James Madison,Georgia Southern,regular,False,35.0,10.0,4,0.11496612255859742,0.8545312329842274,2,3,2,10.6201,-4.817755429231234,False,True,False,25.0,29.817755429231234
2025,5,401761615,309,276,Louisiana,Marshall,regular,False,54.0,51.0,4,-0.5513755612753808,-0.3605988566688186,3,3,3,10.6201,1.0104323194078488,True,True,True,3.0,1.9895676805921512
2025,5,401761616,2433,2032,UL Monroe,Arkansas State,regular,False,28.0,16.0,4,-0.11434327080172868,-0.05152320526275158,1,3,1,10.6201,2.3693446219695096,True,True,True,12.0,9.63065537803049
2025,5,401761617,249,6,North Texas,South Alabama,regular,False,36.0,22.0,4,0.034254556483276556,0.14205812984481964,3,3,3,10.6201,1.8916152705430764,True,True,True,14.0,12.108384729456924
2025,5,401762471,151,349,East Carolina,Army,regular,False,28.0,6.0,4,0.4811741029862088,0.17577334569436032,3,2,2,10.6201,6.279886582515161,True,True,True,22.0,15.72011341748484
2025,5,401762472,2226,235,Florida Atlantic,Memphis,regular,False,26.0,55.0,4,-0.19490152597279747,0.783412104752533,2,3,2,10.6201,-7.353288589666082,False,False,True,-29.0,21.646711410333918
2025,5,401762473,2426,242,Navy,Rice,regular,False,21.0,13.0,4,0.05726925212931988,-0.6339420326157467,2,3,2,10.6201,10.377232965121081,True,True,True,8.0,2.377232965121081
2025,5,401762474,202,2655,Tulsa,Tulane,regular,False,14.0,31.0,4,-0.3744418268513564,0.2479692740945871,3,4,3,10.6201,-3.573568133156015,False,False,True,-17.0,13.426431866843984
2025,5,401762824,2649,2006,Toledo,Akron,regular,False,45.0,3.0,4,0.2044952759290796,-0.41852783916285147,3,3,3,10.6201,9.653067784587819,True,True,True,42.0,32.34693221541218
2025,5,401762825,195,189,Ohio,Bowling Green,regular,False,35.0,20.0,4,-0.2145172720973697,-0.14690297317719342,3,3,3,10.6201,2.318429384037836,True,True,True,15.0,12.681570615962164
2025,5,401762826,2117,2199,Central Michigan,Eastern Michigan,regular,False,24.0,13.0,4,-0.4561226776262465,-0.2000032576374912,3,3,3,10.6201,0.3164861477774199,True,True,True,11.0,10.68351385222258
2025,6,401752726,333,238,Alabama,Vanderbilt,regular,False,30.0,14.0,5,0.4988568612541021,0.4513533152933651,4,4,4,26.0576,4.274328399226501,True,True,True,16.0,11.725671600773499
2025,6,401752727,57,251,Florida,Texas,regular,False,29.0,21.0,5,0.1425537465563791,0.09269074870721578,3,4,3,10.6201,3.5660500234578993,True,True,True,8.0,4.433949976542101
2025,6,401752728,61,96,Georgia,Kentucky,regular,False,35.0,14.0,5,0.23268388331398557,0.028671870173095353,3,4,3,10.6201,5.203127980757568,True,True,True,21.0,15.796872019242432
2025,6,401752729,201,2309,Oklahoma,Kent State,regular,False,44.0,0.0,5,0.6570341087673012,-0.08218010579817259,3,3,3,10.6201,10.887028880106788,True,True,True,44.0,33.11297111989321
2025,6,401752730,245,344,Texas A&M,Mississippi State,regular,False,31.0,9.0,5,0.3519378836585128,0.2710811669090326,4,4,4,26.0576,5.143431982371256,True,True,True,22.0,16.856568017628746
2025,6,401752855,26,213,UCLA,Penn State,regular,False,42.0,37.0,5,-0.0837798470541305,0.1505310521404284,4,3,3,10.6201,0.5480948194638651,True,True,True,5.0,4.451905180536135
2025,6,401752856,130,275,Michigan,Wisconsin,regular,False,24.0,10.0,5,0.3858918602644763,0.024217094837353445,4,4,4,26.0576,12.460876367593796,True,True,True,14.0,1.5391236324062039
2025,6,401752857,120,264,Maryland,Washington,regular,False,20.0,24.0,5,0.10984035536173534,0.15926022724245517,3,3,3,10.6201,2.5116560186395676,True,False,False,-4.0,6.5116560186395676
2025,6,401752858,77,2433,Northwestern,UL Monroe,regular,False,42.0,7.0,5,-0.15837730842320075,-0.4085591779307425,3,3,3,10.6201,5.693456472357044,True,True,True,35.0,29.306543527642955
2025,6,401752859,194,135,Ohio State,Minnesota,regular,False,42.0,3.0,5,0.35542272302558126,0.1295902578785244,3,3,3,10.6201,5.434863363108259,True,True,True,39.0,33.565136636891744
2025,6,401752860,158,127,Nebraska,Michigan State,regular,False,38.0,27.0,5,0.07638689758502126,0.2707888367944678,3,3,3,10.6201,0.9719319654017569,True,True,True,11.0,10.028068034598244
2025,6,401752861,2509,356,Purdue,Illinois,regular,False,27.0,43.0,5,-0.17810644914594276,0.35971507562270966,3,4,3,10.6201,-2.6752183751955654,False,False,True,-16.0,13.324781624804434
2025,6,401752940,2026,204,App State,Oregon State,regular,False,27.0,23.0,5,-0.5301026555803561,-0.04409686076144435,3,5,3,10.6201,-2.124930141556324,False,True,False,4.0,6.124930141556324
2025,6,401754550,221,103,Pittsburgh,Boston College,regular,False,48.0,7.0,5,-0.04644566959698332,-0.18184046742263965,3,3,3,10.6201,4.474406292388253,True,True,True,41.0,36.52559370761175
2025,6,401754551,25,150,California,Duke,regular,False,21.0,45.0,5,0.04189206768159035,0.3412535522153125,4,4,4,26.0576,-4.764141819385918,False,False,True,-24.0,19.23585818061408
2025,6,401754552,153,228,North Carolina,Clemson,regular,False,10.0,38.0,5,-0.5095751048615487,-0.1215179856132614,3,4,3,10.6201,-1.084705412128736,False,False,True,-28.0,26.915294587871266
2025,6,401754553,52,2390,Florida State,Miami,regular,False,22.0,28.0,5,0.44867311198417786,0.6591745590826987,3,3,3,10.6201,0.8009535816689985,True,False,False,-6.0,6.800953581668999
2025,6,401754554,97,258,Louisville,Virginia,regular,False,27.0,30.0,5,0.09600461601696789,0.2542041794799809,3,4,3,10.6201,1.3564048160664555,True,False,False,-3.0,4.356404816066456
2025,6,401754555,2567,183,SMU,Syracuse,regular,False,31.0,18.0,5,0.11993615848183621,0.0015815404091303904,3,4,3,10.6201,4.293437879393943,True,True,True,13.0,8.706562120606057
2025,6,401754556,259,154,Virginia Tech,Wake Forest,regular,False,23.0,30.0,5,0.1844109261712228,0.05467971288337259,4,3,3,10.6201,4.414258458238298,True,False,False,-7.0,11.414258458238297
2025,6,401756909,252,277,BYU,West Virginia,regular,False,38.0,24.0,5,0.44186348597554936,0.031240402955846305,2,4,2,10.6201,7.397358203977549,True,True,True,14.0,6.602641796022451
2025,6,401756910,12,197,Arizona,Oklahoma State,regular,False,41.0,13.0,5,0.1653924131010916,-0.4618816561186144,3,3,3,10.6201,9.698213342520202,True,True,True,28.0,18.3017866574798
2025,6,401756911,239,2306,Baylor,Kansas State,regular,False,35.0,34.0,5,0.150737399446653,-0.1414383872997324,4,4,4,26.0576,10.649899780722613,True,True,True,1.0,9.649899780722613
2025,6,401756912,2132,66,Cincinnati,Iowa State,regular,False,38.0,30.0,5,0.01390592690036288,0.20935179690351907,3,4,3,10.6201,0.9608453159794812,True,True,True,8.0,7.039154684020518
2025,6,401756913,248,2641,Houston,Texas Tech,regular,False,11.0,35.0,5,0.033015565136355146,0.4246577859493351,3,3,3,10.6201,-1.1227795492559283,False,False,True,-24.0,22.877220450744073
2025,6,401756914,2628,38,TCU,Colorado,regular,False,35.0,21.0,5,0.2545879076116405,-0.17976642560559639,3,4,3,10.6201,7.649386454200378,True,True,True,14.0,6.350613545799622
2025,6,401756915,2116,2305,UCF,Kansas,regular,False,20.0,27.0,5,-0.12038905395854228,0.1165665345039224,3,4,3,10.6201,0.5200079549697789,True,False,False,-7.0,7.520007954969779
2025,6,401757165,87,68,Notre Dame,Boise State,regular,False,28.0,7.0,5,0.2669297036748934,-0.1801637194437109,4,3,3,10.6201,7.78467686286189,True,True,True,21.0,13.21532313713811
2025,6,401757171,41,2229,UConn,Florida International,regular,False,51.0,10.0,5,-0.5160856406289287,-0.1808546221466848,4,3,3,10.6201,-0.5236869393832784,False,True,False,41.0,41.52368693938328
2025,6,401757275,166,2534,New Mexico State,Sam Houston,regular,False,37.0,10.0,5,-0.12636984170098414,-0.4855383784019798,3,4,3,10.6201,6.850905776618244,True,True,True,27.0,20.149094223381756
2025,6,401757276,48,98,Delaware,Western Kentucky,regular,False,24.0,27.0,5,-0.17247196824896682,-0.1218557894350357,3,4,3,10.6201,2.4989511193781704,True,False,False,-3.0,5.49895111937817
2025,6,401760381,2426,2005,Navy,Air Force,regular,False,34.0,31.0,5,-0.12235329903053647,-0.41311110826061187,3,3,3,10.6201,6.1243770098043235,True,True,True,3.0,3.1243770098043235
2025,6,401760382,21,36,San Diego State,Colorado State,regular,False,45.0,24.0,5,0.06208916415086316,-0.2817841261996304,3,3,3,10.6201,6.688468730851277,True,True,True,21.0,14.311531269148723
2025,6,401760383,278,2440,Fresno State,Nevada,regular,False,20.0,17.0,5,-0.08108504048020347,-0.46541800344046613,4,3,3,10.6201,7.118154499934286,True,True,True,3.0,4.118154499934286
2025,6,401760384,23,167,San José State,New Mexico,regular,False,35.0,28.0,5,-0.24068427603274317,0.05666509330523539,3,3,3,10.6201,-0.12138003730626634,False,True,False,7.0,7.121380037306267
2025,6,401760385,2751,2439,Wyoming,UNLV,regular,False,17.0,31.0,5,-0.23568972723599685,-0.1740371232445469,3,3,3,10.6201,2.3817431803504023,True,False,False,-14.0,16.3817431803504
2025,6,401761618,2247,256,Georgia State,James Madison,regular,False,7.0,14.0,5,0.030930713733859472,0.11743385805560494,3,3,3,10.6201,2.117827956988631,True,False,False,-7.0,9.11782795698863
2025,6,401761619,295,324,Old Dominion,Coastal Carolina,regular,False,47.0,7.0,5,0.4011587504224122,-0.03999509519117715,3,3,3,10.6201,7.721597955800881,True,True,True,40.0,32.27840204419912
2025,6,401761620,2032,326,Arkansas State,Texas State,regular,False,31.0,30.0,5,-0.1953521722409427,-0.22947873636347854,4,3,3,10.6201,3.398927523637743,True,True,True,1.0,2.398927523637743
2025,6,401761621,2653,6,Troy,South Alabama,regular,False,31.0,24.0,5,-0.21064200741785427,0.11596739895369058,3,4,3,10.6201,-0.43212455660644356,False,True,False,7.0,7.4321245566064436
2025,6,401762475,58,2429,South Florida,Charlotte,regular,False,54.0,26.0,5,0.16144680152812657,-0.6406249209472951,3,3,3,10.6201,11.554581899861226,True,True,True,28.0,16.445418100138774
2025,6,401762476,5,349,UAB,Army,regular,False,13.0,31.0,5,-0.24367450743806715,0.1973209577247633,3,3,3,10.6201,-1.6469159395757762,False,False,True,-18.0,16.353084060424223
2025,6,401762477,242,2226,Rice,Florida Atlantic,regular,False,21.0,27.0,5,-0.5060462750059125,-0.055126367401084106,4,3,3,10.6201,-1.7523145107540374,False,False,True,-6.0,4.247685489245963
2025,6,401762478,235,202,Memphis,Tulsa,regular,False,45.0,7.0,5,0.3436751834690765,-0.2654916272911789,4,4,4,26.0576,18.909925088066434,True,True,True,38.0,19.090074911933566
2025,6,401762479,218,2636,Temple,UTSA,regular,False,27.0,21.0,5,-0.013216608799308898,-0.026029609813773134,3,3,3,10.6201,3.1725753520737117,True,True,True,6.0,2.8274246479262883
2025,6,401762829,2006,2117,Akron,Central Michigan,regular,False,28.0,22.0,5,-0.6690155016813821,-0.4119768606601438,4,4,4,26.0576,-3.661310092275021,False,True,False,6.0,9.66131009227502
2025,6,401762830,2050,195,Ball State,Ohio,regular,False,20.0,14.0,5,-0.7641219271861023,0.01722096157595531,3,4,3,10.6201,-5.261439612941928,False,True,False,6.0,11.261439612941928
2025,6,401762831,2084,2199,Buffalo,Eastern Michigan,regular,False,31.0,30.0,5,-0.3281007585394611,-0.3748030903321701,4,4,4,26.0576,4.253450680921694,True,True,True,1.0,3.253450680921694
2025,6,401762832,113,2711,Massachusetts,Western Michigan,regular,False,3.0,21.0,5,-0.24404649069423223,0.030231573636008625,3,4,3,10.6201,0.12363952900640873,True,False,False,-18.0,18.123639529006407
2025,6,401762873,2459,193,Northern Illinois,Miami (OH),regular,False,14.0,25.0,5,-0.11859268970575551,-0.22598543482421463,3,3,3,10.6201,4.177021692432548,True,False,False,-11.0,15.177021692432547
2025,7,401752731,2,61,Auburn,Georgia,regular,False,10.0,20.0,6,0.25971100390854296,0.3871592594565296,5,4,4,26.0576,-0.28449566376721735,False,False,True,-10.0,9.715504336232783
2025,7,401752732,99,2579,LSU,South Carolina,regular,False,20.0,10.0,6,0.33209938208565487,0.2798327182808116,4,4,4,26.0576,4.398443818761085,True,True,True,10.0,5.601556181238915
2025,7,401752733,145,265,Ole Miss,Washington State,regular,False,24.0,21.0,6,0.5252179555980749,-0.13842642175001482,5,4,4,26.0576,20.329479727185586,True,True,True,3.0,17.329479727185586
2025,7,401752734,142,333,Missouri,Alabama,regular,False,24.0,27.0,6,0.35961420473681,0.5919065585741423,4,5,4,26.0576,-3.0164812393516707,False,False,True,-3.0,0.016481239351670673
2025,7,401752735,2633,8,Tennessee,Arkansas,regular,False,34.0,31.0,6,0.2884210416604161,0.31564080795528043,4,4,4,26.0576,2.327218217794943,True,True,True,3.0,0.6727817822050568
2025,7,401752736,251,201,Texas,Oklahoma,regular,True,23.0,6.0,6,0.27176831594399137,0.4173439963753739,5,4,4,26.0576,-3.793352850408793,False,True,False,17.0,20.793352850408795
2025,7,401752737,245,57,Texas A&M,Florida,regular,False,34.0,17.0,6,0.4834560989389916,0.2569499175389135,5,4,4,26.0576,8.938707472450677,True,True,True,17.0,8.061292527549323
2025,7,401752862,264,164,Washington,Rutgers,regular,False,38.0,19.0,6,0.27383433608149366,0.014643163061738351,4,4,4,26.0576,9.790399910079575,True,True,True,19.0,9.209600089920425
2025,7,401752863,127,26,Michigan State,UCLA,regular,False,13.0,38.0,6,0.23574016583140467,-0.02312609172506093,4,5,4,26.0576,9.781933392903358,True,False,False,-25.0,34.781933392903355
2025,7,401752864,135,2509,Minnesota,Purdue,regular,False,27.0,20.0,6,-0.02622121409628978,0.17062361321863406,4,4,4,26.0576,-2.0928037722413597,False,True,False,7.0,9.09280377224136
2025,7,401752865,356,194,Illinois,Ohio State,regular,False,16.0,34.0,6,0.2514001724928086,0.5950730672915037,5,4,4,26.0576,-5.918790823506477,False,False,True,-18.0,12.081209176493523
2025,7,401752866,213,77,Penn State,Northwestern,regular,False,21.0,22.0,6,0.046820305800667705,-0.03372929407879874,4,4,4,26.0576,5.135429253819185,True,False,False,-1.0,6.135429253819185
2025,7,401752867,120,158,Maryland,Nebraska,regular,False,31.0,34.0,6,0.05297603211151283,0.2163596140474711,4,4,4,26.0576,-1.220884024654426,False,False,True,-3.0,1.779115975345574
2025,7,401752868,30,130,USC,Michigan,regular,False,31.0,13.0,6,0.368871627267713,0.36890775152432587,5,5,5,26.0576,3.0355586885708847,True,True,True,18.0,14.964441311429116
2025,7,401752869,275,2294,Wisconsin,Iowa,regular,False,0.0,37.0,6,0.07183325591978028,0.26895213923588734,5,4,4,26.0576,-2.0999450138977913,False,False,True,-37.0,34.900054986102205
2025,7,401752870,2483,84,Oregon,Indiana,regular,False,20.0,30.0,6,0.12900370957842916,0.6967989116784779,4,4,4,26.0576,-11.75888025824223,False,False,True,-10.0,1.7588802582422307
2025,7,401754558,103,228,Boston College,Clemson,regular,False,10.0,41.0,6,-0.204532348832541,-0.08266790219406618,4,5,4,26.0576,-0.13899500472672166,False,False,True,-31.0,30.861004995273277
2025,7,401754559,52,221,Florida State,Pittsburgh,regular,False,31.0,34.0,6,0.5131846708304958,0.100513980983231,4,4,4,26.0576,13.789707767764087,True,False,False,-3.0,16.789707767764085
2025,7,401754560,59,259,Georgia Tech,Virginia Tech,regular,False,35.0,20.0,6,0.1526024392188397,0.06476042583433822,4,5,4,26.0576,5.325452047967986,True,True,True,15.0,9.674547952032015
2025,7,401754561,2567,24,SMU,Stanford,regular,False,34.0,10.0,6,0.08427269239923527,-0.036417277446808075,4,5,4,26.0576,6.181390958260259,True,True,True,24.0,17.81860904173974
2025,7,401754562,87,152,Notre Dame,NC State,regular,False,36.0,7.0,6,0.5977859550994199,0.26212014984952575,5,5,5,26.0576,11.783145286879643,True,True,True,29.0,17.216854713120355
2025,7,401754563,204,154,Oregon State,Wake Forest,regular,False,14.0,39.0,6,-0.03994534869258247,0.15968246581752943,6,4,4,26.0576,-2.165321739378692,False,False,True,-25.0,22.83467826062131
2025,7,401756916,12,252,Arizona,BYU,regular,False,27.0,33.0,6,0.10526571674413943,0.23567791226455545,4,4,4,26.0576,-0.36172882599279266,False,False,True,-6.0,5.638271174007207
2025,7,401756917,2132,2116,Cincinnati,UCF,regular,False,20.0,11.0,6,0.15052060182366006,-0.03481862023186733,4,4,4,26.0576,7.8659953126341104,True,True,True,9.0,1.1340046873658896
2025,7,401756918,38,66,Colorado,Iowa State,regular,False,24.0,17.0,6,0.029790608995691276,0.26909707733780597,6,5,5,26.0576,-3.1992522294714876,False,True,False,7.0,10.199252229471487
2025,7,401756919,2306,2628,Kansas State,TCU,regular,False,41.0,28.0,6,-0.07240000174490335,0.25119428506881547,5,4,4,26.0576,-5.3955904880771595,False,True,False,13.0,18.39559048807716
2025,7,401756920,197,248,Oklahoma State,Houston,regular,False,17.0,39.0,6,-0.47082033270914514,0.27431679739609666,4,4,4,26.0576,-16.37998528143035,False,False,True,-22.0,5.620014718569649
2025,7,401756921,2641,2305,Texas Tech,Kansas,regular,False,42.0,17.0,6,0.4829948772002828,0.19303288185600073,4,5,4,26.0576,10.592213689883163,True,True,True,25.0,14.407786310116837
2025,7,401756922,254,9,Utah,Arizona State,regular,False,42.0,10.0,6,0.452065165226996,0.2795618078369626,4,4,4,26.0576,7.531523485526535,True,True,True,32.0,24.468476514473465
2025,7,401757277,2638,2335,UTEP,Liberty,regular,False,8.0,19.0,6,-0.16615204738083933,-0.23010871727190196,4,4,4,26.0576,4.703057321353354,True,False,False,-11.0,15.703057321353354
2025,7,401757278,2393,2623,Middle Tennessee,Missouri State,regular,False,20.0,22.0,6,-0.1858846689074234,-0.15646166892004842,4,4,4,26.0576,2.2698072355289782,True,False,False,-2.0,4.269807235528978
2025,7,401757279,2534,55,Sam Houston,Jacksonville State,regular,True,27.0,29.0,6,-0.42669746478566595,-0.18743813297722073,5,4,4,26.0576,-6.234523964531743,False,False,True,-2.0,4.234523964531743
2025,7,401757280,338,2348,Kennesaw State,Louisiana Tech,regular,False,35.0,7.0,6,-0.17275166271946518,-0.020460482537108457,4,4,4,26.0576,-0.9318426567197782,False,True,False,28.0,28.931842656719777
2025,7,401760386,2439,2005,UNLV,Air Force,regular,False,51.0,48.0,6,-0.11992129558849543,-0.2757986806391431,4,4,4,26.0576,7.098290548695757,True,True,True,3.0,4.098290548695757
2025,7,401760387,68,167,Boise State,New Mexico,regular,False,41.0,25.0,6,0.06267472335826606,-0.0036737301423971185,4,4,4,26.0576,4.7653814619388815,True,True,True,16.0,11.234618538061119
2025,7,401760388,36,278,Colorado State,Fresno State,regular,False,49.0,21.0,6,-0.13397100857105146,-0.05278509927923328,4,4,4,26.0576,0.9209900500375188,True,True,True,28.0,27.079009949962483
2025,7,401760389,62,328,Hawai'i,Utah State,regular,False,44.0,26.0,6,-0.29460525752750577,-0.013511168284194103,5,4,4,26.0576,-4.288137339866519,False,True,False,18.0,22.28813733986652
2025,7,401760390,2440,21,Nevada,San Diego State,regular,False,10.0,44.0,6,-0.398871765755715,-0.0349304666873594,3,4,3,10.6201,-0.8285929902358435,False,False,True,-34.0,33.17140700976416
2025,7,401760391,2751,23,Wyoming,San José State,regular,False,35.0,28.0,6,0.13995710536280326,-0.1872885694549,4,4,4,26.0576,11.563736896129786,True,True,True,7.0,4.563736896129786
2025,7,401761622,290,2572,Georgia Southern,Southern Miss,regular,False,35.0,38.0,6,-0.2628847216835202,0.019285547358803615,4,4,4,26.0576,-4.316180002597256,False,False,True,-3.0,1.3161800025972559
2025,7,401761623,324,2433,Coastal Carolina,UL Monroe,regular,False,23.0,8.0,6,-0.10168815455421,-0.2713180870782262,4,4,4,26.0576,7.456648929737805,True,True,True,15.0,7.543351070262195
2025,7,401761624,2247,2026,Georgia State,App State,regular,False,20.0,41.0,6,0.035058338818607065,-0.3946243114959864,4,4,4,26.0576,14.232998628837553,True,False,False,-21.0,35.23299862883755
2025,7,401761625,256,309,James Madison,Louisiana,regular,False,24.0,14.0,6,0.16829242868354224,-0.3977342849303497,4,4,4,26.0576,17.785797692665348,True,True,True,10.0,7.785797692665348
2025,7,401761626,276,295,Marshall,Old Dominion,regular,False,48.0,24.0,6,-0.36398093922778196,0.322764302975195,4,4,4,26.0576,-14.858432823228291,False,True,False,24.0,38.85843282322829
2025,7,401761627,326,2653,Texas State,Troy,regular,False,41.0,48.0,6,-0.21520033108951225,-0.20871042424779135,4,4,4,26.0576,2.8673886034811735,True,False,False,-7.0,9.867388603481174
2025,7,401762480,2655,151,Tulane,East Carolina,regular,False,26.0,19.0,6,0.081797279928888,0.21985842551674115,5,4,4,26.0576,-0.5610421072700422,False,True,False,7.0,7.561042107270042
2025,7,401762481,249,58,North Texas,South Florida,regular,False,36.0,63.0,6,0.14790116385789134,0.1139573804960691,4,4,4,26.0576,3.9209935293290195,True,False,False,-27.0,30.92099352932902
2025,7,401762482,2226,5,Florida Atlantic,UAB,regular,False,53.0,33.0,6,-0.1733195795927452,-0.17404215843068016,4,4,4,26.0576,3.0553286703273748,True,True,True,20.0,16.944671329672627
2025,7,401762483,349,2429,Army,Charlotte,regular,False,24.0,7.0,6,0.10357055807855159,-0.4305850966030712,4,4,4,26.0576,16.955314387431855,True,True,True,17.0,0.04468561256814496
2025,7,401762484,218,2426,Temple,Navy,regular,False,31.0,32.0,6,0.06050460818393401,-0.1321723937347925,4,4,4,26.0576,8.057200245197407,True,False,False,-1.0,9.057200245197407
2025,7,401762485,2636,242,UTSA,Rice,regular,False,61.0,13.0,6,-0.06815378090531862,-0.4829004400025842,4,5,4,26.0576,13.843802544092908,True,True,True,48.0,34.15619745590709
2025,7,401762833,2006,193,Akron,Miami (OH),regular,False,7.0,20.0,6,-0.44066822843004677,-0.1351176561261356,5,4,4,26.0576,-4.925414592866395,False,False,True,-13.0,8.074585407133604
2025,7,401762834,2711,2050,Western Michigan,Ball State,regular,False,42.0,0.0,6,0.015184060302806446,-0.330830754144798,5,4,4,26.0576,12.052815628949899,True,True,True,42.0,29.9471843710501
2025,7,401762835,189,2649,Bowling Green,Toledo,regular,False,28.0,23.0,6,-0.019480668048555347,0.1664949823366074,4,4,4,26.0576,-1.8095791074764165,False,True,False,5.0,6.8095791074764165
2025,7,401762836,2199,2459,Eastern Michigan,Northern Illinois,regular,False,16.0,10.0,6,-0.39753612581014636,-0.19017080220226384,5,4,4,26.0576,-2.366942656444759,False,True,False,6.0,8.36694265644476
2025,7,401762837,2309,113,Kent State,Massachusetts,regular,False,42.0,6.0,6,-0.031158760120574558,-0.31411202730148136,4,4,4,26.0576,10.409583054893197,True,True,True,36.0,25.590416945106803
2025,8,401752738,333,2633,Alabama,Tennessee,regular,False,37.0,20.0,7,0.470343133317129,0.3095702774893203,6,5,5,26.0576,7.225854768018708,True,True,True,17.0,9.774145231981292
2025,8,401752739,8,245,Arkansas,Texas A&M,regular,False,42.0,45.0,7,0.325008844044036,0.5247074023409911,5,6,5,26.0576,-2.167165152678737,False,False,True,-3.0,0.832834847321263
2025,8,401752740,2,142,Auburn,Missouri,regular,False,17.0,23.0,7,0.24764490788953777,0.4043358949488098,6,5,5,26.0576,-1.0464910643956866,False,False,True,-6.0,4.953508935604313
2025,8,401752741,57,344,Florida,Mississippi State,regular,False,23.0,21.0,7,0.39451692952451645,0.27360246172774566,5,5,5,26.0576,6.187240836061134,True,True,True,2.0,4.187240836061134
2025,8,401752742,61,145,Georgia,Ole Miss,regular,False,43.0,35.0,7,0.450395226350088,0.40192544849908357,5,6,5,26.0576,4.299506083330333,True,True,True,8.0,3.700493916669667
2025,8,401752743,96,251,Kentucky,Texas,regular,False,13.0,16.0,7,0.11724666654415966,0.3782915930454091,5,6,5,26.0576,-3.7657042767989575,False,False,True,-3.0,0.7657042767989575
2025,8,401752744,2579,201,South Carolina,Oklahoma,regular,False,7.0,26.0,7,0.24390329449473835,0.3775351986807582,5,5,5,26.0576,-0.4456267065176305,False,False,True,-19.0,18.55437329348237
2025,8,401752745,238,99,Vanderbilt,LSU,regular,False,31.0,24.0,7,0.28893944402826083,0.3341667807608243,5,5,5,26.0576,1.8579841503575545,True,True,True,7.0,5.142015849642446
2025,8,401752871,87,30,Notre Dame,USC,regular,False,34.0,24.0,7,0.6678403282665548,0.393255743123321,6,6,6,42.0032,14.569931246688279,True,True,True,10.0,4.569931246688279
2025,8,401752872,135,158,Minnesota,Nebraska,regular,False,24.0,6.0,7,0.03677663410165296,0.14014519143414467,5,5,5,26.0576,0.3429634804528643,True,True,True,18.0,17.657036519547134
2025,8,401752873,130,264,Michigan,Washington,regular,False,24.0,7.0,7,0.2988471685568147,0.47679894680508444,6,5,5,26.0576,-1.6004962568821135,False,True,False,17.0,18.600496256882113
2025,8,401752874,77,2509,Northwestern,Purdue,regular,False,19.0,0.0,7,0.014724496024150602,0.12868249463902504,5,5,5,26.0576,0.067028055293048,True,True,True,19.0,18.932971944706953
2025,8,401752875,2294,213,Iowa,Penn State,regular,False,25.0,24.0,7,0.22416106893436932,0.13868628889865106,5,5,5,26.0576,5.263767628258732,True,True,True,1.0,4.263767628258732
2025,8,401752876,164,2483,Rutgers,Oregon,regular,False,10.0,56.0,7,-0.0626561908834262,0.22700098913394937,5,5,5,26.0576,-4.511270934020765,False,False,True,-46.0,41.488729065979236
2025,8,401752877,275,194,Wisconsin,Ohio State,regular,False,0.0,34.0,7,-0.014684539544361882,0.6819639915433817,6,5,5,26.0576,-15.116488763671988,False,False,True,-34.0,18.88351123632801
2025,8,401752878,84,127,Indiana,Michigan State,regular,False,38.0,13.0,7,0.5496854609516892,0.06514000900015132,5,5,5,26.0576,15.662591568772395,True,True,True,25.0,9.337408431227605
2025,8,401752879,26,120,UCLA,Maryland,regular,False,20.0,17.0,7,0.02487419240501694,0.05983661348261261,6,5,5,26.0576,2.125463216528443,True,True,True,3.0,0.8745367834715569
2025,8,401752951,258,265,Virginia,Washington State,regular,False,22.0,20.0,7,0.191874528107278,0.044794878910122536,5,5,5,26.0576,6.869042666919798,True,True,True,2.0,4.869042666919798
2025,8,401754371,25,153,California,North Carolina,regular,False,21.0,18.0,7,-0.025271583466934238,-0.39495654168859107,5,4,4,26.0576,12.669602767356645,True,True,True,3.0,9.669602767356645
2025,8,401754564,2390,97,Miami,Louisville,regular,False,21.0,24.0,7,0.7547682725204664,0.16058803896649554,4,4,4,26.0576,18.519410853855952,True,False,False,-3.0,21.519410853855952
2025,8,401754565,228,2567,Clemson,SMU,regular,False,24.0,35.0,7,0.050291941238431156,0.11229209319608502,6,5,5,26.0576,1.4209248403482388,True,False,False,-11.0,12.420924840348238
2025,8,401754566,150,59,Duke,Georgia Tech,regular,False,18.0,27.0,7,0.3585657214993204,0.1704739279560755,5,5,5,26.0576,7.937720719432459,True,False,False,-9.0,16.93772071943246
2025,8,401754567,24,52,Stanford,Florida State,regular,False,20.0,13.0,7,-0.013276021488007054,0.48119125220799075,6,5,5,26.0576,-9.848130431060833,False,True,False,7.0,16.84813043106083
2025,8,401754568,183,221,Syracuse,Pittsburgh,regular,False,13.0,30.0,7,0.08811669340781264,0.15893538554825024,5,5,5,26.0576,1.1911348476813335,True,False,False,-17.0,18.191134847681333
2025,8,401754569,103,41,Boston College,UConn,regular,False,23.0,38.0,7,-0.29764694419267873,-0.22244046897382283,5,5,5,26.0576,1.0767997513371406,True,False,False,-15.0,16.07679975133714
2025,8,401756923,9,2641,Arizona State,Texas Tech,regular,False,26.0,22.0,7,0.27986702491776255,0.5953554384681489,4,5,4,26.0576,-5.184370884930546,False,True,False,4.0,9.184370884930546
2025,8,401756924,252,254,BYU,Utah,regular,False,24.0,21.0,7,0.2578869484749323,0.4498252368770323,4,4,4,26.0576,-1.9649511438665606,False,True,False,3.0,4.964951143866561
2025,8,401756925,248,12,Houston,Arizona,regular,False,31.0,28.0,7,0.170354807285244,0.15652279672502792,5,4,4,26.0576,3.3969289983738866,True,True,True,3.0,0.3969289983738866
2025,8,401756926,197,2132,Oklahoma State,Cincinnati,regular,False,17.0,49.0,7,-0.37978863848498473,0.0741816585609377,5,5,5,26.0576,-8.792876412303828,False,False,True,-32.0,23.207123587696174
2025,8,401756927,2628,239,TCU,Baylor,regular,False,42.0,36.0,7,0.2189453009641163,0.1474216392795722,5,5,5,26.0576,4.900234966711176,True,True,True,6.0,1.0997650332888238
2025,8,401756928,2116,277,UCF,West Virginia,regular,False,45.0,13.0,7,0.013551145322079058,0.21488483091596955,5,5,5,26.0576,-2.20977264573136,False,True,False,32.0,34.20977264573136
2025,8,401757281,98,2229,Western Kentucky,Florida International,regular,False,6.0,25.0,7,-0.011654980304571835,-0.24590311755378857,5,4,4,26.0576,9.140444261185191,True,False,False,-19.0,28.14044426118519
2025,8,401757282,2335,166,Liberty,New Mexico State,regular,False,30.0,27.0,7,-0.4131352885123054,-0.2351745443505624,5,4,4,26.0576,-1.6007298870690345,False,True,False,3.0,4.6007298870690345
2025,8,401757283,55,48,Jacksonville State,Delaware,regular,False,38.0,25.0,7,-0.2444571007322715,-0.09565358395492499,5,4,4,26.0576,-0.8409625187773844,False,True,False,13.0,13.840962518777385
2025,8,401757284,2534,2638,Sam Houston,UTEP,regular,True,17.0,35.0,7,-0.39494205709606345,-0.2510654749099171,6,5,5,26.0576,-3.7490784279737275,False,False,True,-18.0,14.250921572026272
2025,8,401760392,2005,2751,Air Force,Wyoming,regular,False,24.0,21.0,7,-0.17744565061561357,0.10432105367340341,5,5,5,26.0576,-4.305664073681489,False,True,False,3.0,7.305664073681489
2025,8,401760393,68,2439,Boise State,UNLV,regular,False,56.0,31.0,7,0.2119389791344008,-0.12776176732133654,4,5,4,26.0576,11.888286170845022,True,True,True,25.0,13.111713829154978
2025,8,401760394,36,62,Colorado State,Hawai'i,regular,False,19.0,31.0,7,-0.011381159897839152,-0.25437987763970404,5,5,5,26.0576,9.368463387430419,True,False,False,-12.0,21.368463387430417
2025,8,401760395,167,2440,New Mexico,Nevada,regular,False,24.0,22.0,7,0.04513865953259706,-0.2923236616806382,4,4,4,26.0576,11.829958181245999,True,True,True,2.0,9.829958181245999
2025,8,401760396,328,23,Utah State,San José State,regular,False,30.0,25.0,7,-0.016307021131529507,-0.15857655730794123,4,5,4,26.0576,6.743702665870466,True,True,True,5.0,1.7437026658704662
2025,8,401761628,6,2032,South Alabama,Arkansas State,regular,False,14.0,15.0,7,0.011906485036876052,-0.11612672087352323,5,5,5,26.0576,6.372738066330821,True,False,False,-1.0,7.372738066330821
2025,8,401761629,2026,324,App State,Coastal Carolina,regular,False,37.0,45.0,7,-0.26551063041702694,-0.13193320337620168,5,5,5,26.0576,-0.4442071628590081,False,False,True,-8.0,7.5557928371409915
2025,8,401761630,290,2247,Georgia Southern,Georgia State,regular,False,41.0,24.0,7,-0.26836955666330614,-0.12092071705312915,5,5,5,26.0576,-0.8056628830261481,False,True,False,17.0,17.805662883026148
2025,8,401761631,256,295,James Madison,Old Dominion,regular,False,63.0,27.0,7,-0.010073263256338269,0.20779601098488393,5,5,5,26.0576,-2.640650400468072,False,True,False,36.0,38.640650400468076
2025,8,401761632,276,326,Marshall,Texas State,regular,False,40.0,37.0,7,-0.14951926585491138,-0.1521056000292202,5,4,4,26.0576,3.1038936613804697,True,True,True,3.0,0.10389366138046974
2025,8,401761633,2433,2653,UL Monroe,Troy,regular,False,14.0,37.0,7,-0.2814837906658335,-0.14884002664485482,5,4,4,26.0576,-0.41987814535305423,False,False,True,-23.0,22.580121854646947
2025,8,401761668,309,2572,Louisiana,Southern Miss,regular,False,10.0,22.0,7,-0.2659959930307744,-0.06694908181280904,5,5,5,26.0576,-2.1501847937532546,False,False,True,-12.0,9.849815206246745
2025,8,401762486,151,202,East Carolina,Tulsa,regular,False,41.0,27.0,7,0.2736014793701022,-0.26036363869419127,5,5,5,26.0576,16.950349460472133,True,True,True,14.0,2.9503494604721325
2025,8,401762487,5,235,UAB,Memphis,regular,False,31.0,24.0,7,-0.16751446859198635,0.2755643038753127,5,5,5,26.0576,-8.509069421443893,False,True,False,7.0,15.509069421443893
2025,8,401762488,2655,349,Tulane,Army,regular,False,24.0,17.0,7,0.17119579218462805,0.01899829194612442,6,5,5,26.0576,7.002401582214832,True,True,True,7.0,0.0024015822148317767
2025,8,401762489,2429,218,Charlotte,Temple,regular,False,14.0,49.0,7,-0.3592544733888188,6.51381633837364e-05,5,5,5,26.0576,-6.326506709982672,False,False,True,-35.0,28.673493290017326
2025,8,401762490,58,2226,South Florida,Florida Atlantic,regular,False,48.0,13.0,7,0.3077281235261126,-0.13603996546170058,5,5,5,26.0576,14.600031355608841,True,True,True,35.0,20.39996864439116
2025,8,401762491,249,2636,North Texas,UTSA,regular,False,55.0,17.0,7,0.22531904766857205,0.015094796859896897,5,5,5,26.0576,8.514439437872134,True,True,True,38.0,29.485560562127866
2025,8,401762838,2050,2006,Ball State,Akron,regular,False,42.0,28.0,7,-0.3895494380458183,-0.4405767941164421,5,6,5,26.0576,4.366150433545887,True,True,True,14.0,9.633849566454113
2025,8,401762839,189,2117,Bowling Green,Central Michigan,regular,False,6.0,27.0,7,-0.043010805612179986,-0.2777704345559169,5,5,5,26.0576,9.15377250716432,True,False,False,-21.0,30.15377250716432
2025,8,401762840,113,2084,Massachusetts,Buffalo,regular,False,21.0,28.0,7,-0.3783542404228585,-0.28754006665055915,5,5,5,26.0576,0.6701005855109332,True,False,False,-7.0,7.670100585510934
2025,8,401762841,193,2199,Miami (OH),Eastern Michigan,regular,False,44.0,30.0,7,-0.25341600326385744,-0.28435603960601863,5,6,5,26.0576,3.8427230909895,True,True,True,14.0,10.1572769090105
2025,8,401762842,2649,2309,Toledo,Kent State,regular,False,45.0,10.0,7,0.07451687472411515,-0.14651553815663082,5,5,5,26.0576,8.796074201881327,True,True,True,35.0,26.203925798118675
2025,8,401762843,195,2459,Ohio,Northern Illinois,regular,False,48.0,21.0,7,-0.05900777446062931,-0.27948175058040864,5,5,5,26.0576,8.781522680138762,True,True,True,27.0,18.218477319861236
2025,9,401752746,8,2,Arkansas,Auburn,regular,False,24.0,33.0,8,0.3486815356919497,0.29849507719690244,6,7,6,42.0032,5.1444918534591695,True,False,False,-9.0,14.144491853459169
2025,9,401752747,96,2633,Kentucky,Tennessee,regular,False,34.0,56.0,8,0.16161518085618257,0.37093222346779864,6,6,6,42.0032,-5.755485604224232,False,False,True,-22.0,16.244514395775767
2025,9,401752748,99,245,LSU,Texas A&M,regular,False,25.0,49.0,8,0.30447061236662365,0.48854357445432617,6,7,6,42.0032,-4.695153441162186,False,False,True,-24.0,19.304846558837813
2025,9,401752749,344,251,Mississippi State,Texas,regular,False,38.0,45.0,8,0.28098196042455015,0.33327585384664354,6,7,6,42.0032,0.8399891358131271,True,False,False,-7.0,7.839989135813127
2025,9,401752750,201,145,Oklahoma,Ole Miss,regular,False,26.0,34.0,8,0.40719210225801256,0.3726001233684446,6,7,6,42.0032,4.4894738076943,True,False,False,-8.0,12.4894738076943
2025,9,401752751,2579,333,South Carolina,Alabama,regular,False,22.0,29.0,8,0.1900302900491248,0.4446729624825545,6,7,6,42.0032,-7.659307098755834,False,False,True,-7.0,0.6593070987558338
2025,9,401752752,238,142,Vanderbilt,Missouri,regular,False,17.0,10.0,8,0.28586887004847605,0.38722505449599065,6,6,6,42.0032,-1.2207840865858453,False,True,False,7.0,8.220784086585844
2025,9,401752880,264,356,Washington,Illinois,regular,False,42.0,25.0,8,0.33083512109131613,0.2753267506943994,6,6,6,42.0032,5.368029183455774,True,True,True,17.0,11.631970816544225
2025,9,401752881,127,130,Michigan State,Michigan,regular,False,20.0,31.0,8,0.06548287383011629,0.3625513719676843,6,7,6,42.0032,-9.441327540971894,False,False,True,-11.0,1.5586724590281058
2025,9,401752882,2294,135,Iowa,Minnesota,regular,False,41.0,3.0,8,0.2546685142030992,0.08249263688549077,6,6,6,42.0032,10.26843781014697,True,True,True,38.0,27.73156218985303
2025,9,401752883,158,77,Nebraska,Northwestern,regular,False,28.0,21.0,8,0.0660775167389853,0.08071640551757824,6,6,6,42.0032,2.4216198268550055,True,True,True,7.0,4.5783801731449945
2025,9,401752884,2509,164,Purdue,Rutgers,regular,False,24.0,27.0,8,0.11059522067374071,-0.16865527217638032,6,6,6,42.0032,14.765914301282205,True,False,False,-3.0,17.765914301282205
2025,9,401752885,84,26,Indiana,UCLA,regular,False,56.0,6.0,8,0.45203032399430576,-0.005835305659751013,6,7,6,42.0032,22.268321615485277,True,True,True,50.0,27.731678384514723
2025,9,401752886,2483,275,Oregon,Wisconsin,regular,False,21.0,7.0,8,0.38008231659347913,-0.029384873193589754,6,7,6,42.0032,20.235432266064212,True,True,True,14.0,6.235432266064212
2025,9,401752942,154,2567,Wake Forest,SMU,regular,False,13.0,12.0,8,0.18476564671194193,0.15334276160354238,5,6,5,26.0576,3.855304971000632,True,True,True,1.0,2.855304971000632
2025,9,401752952,265,2649,Washington State,Toledo,regular,False,28.0,7.0,8,0.024384821484112543,0.08907745854515453,6,6,6,42.0032,0.31920222699764134,True,True,True,21.0,20.680797773002357
2025,9,401754372,259,25,Virginia Tech,California,regular,False,42.0,34.0,8,-0.044874232501442464,-0.0383828247694551,6,6,6,42.0032,2.7638401027517885,True,True,True,8.0,5.2361598972482115
2025,9,401754570,97,103,Louisville,Boston College,regular,False,38.0,24.0,8,0.22864492369245343,-0.2589506748016636,5,6,5,26.0576,15.742071067320305,True,True,True,14.0,1.742071067320305
2025,9,401754571,59,183,Georgia Tech,Syracuse,regular,False,41.0,16.0,8,0.18504872281831233,0.09830526506760351,6,6,6,42.0032,6.680002804594573,True,True,True,25.0,18.319997195405428
2025,9,401754572,2390,24,Miami,Stanford,regular,False,42.0,7.0,8,0.6787747553370801,0.002915946782995126,5,6,5,26.0576,20.647758489778926,True,True,True,35.0,14.352241510221074
2025,9,401754573,153,258,North Carolina,Virginia,regular,False,16.0,17.0,8,-0.28650898922013834,0.1846149866375874,5,6,5,26.0576,-9.239860113310275,False,False,True,-1.0,8.239860113310275
2025,9,401754574,221,152,Pittsburgh,NC State,regular,False,53.0,34.0,8,0.1821113446114659,0.2427710924294409,6,6,6,42.0032,0.4885964804520322,True,True,True,19.0,18.51140351954797
2025,9,401756929,9,248,Arizona State,Houston,regular,False,16.0,24.0,8,0.40988410091146643,0.1285050049642771,6,6,6,42.0032,14.855322442888983,True,False,False,-8.0,22.855322442888983
2025,9,401756930,2132,239,Cincinnati,Baylor,regular,False,41.0,20.0,8,0.05189698954437183,0.17448244579254385,5,6,5,26.0576,-0.15778278473236718,False,True,False,21.0,21.15778278473237
2025,9,401756931,66,252,Iowa State,BYU,regular,False,27.0,41.0,8,0.25810775387758567,0.30932714489837443,6,5,5,26.0576,1.701845596536695,True,False,False,-14.0,15.701845596536694
2025,9,401756932,2305,2306,Kansas,Kansas State,regular,False,17.0,42.0,8,0.21151325756381523,0.07712745757013668,6,6,6,42.0032,8.68113363429448,True,False,False,-25.0,33.68113363429448
2025,9,401756933,2641,197,Texas Tech,Oklahoma State,regular,False,42.0,0.0,8,0.5451255064927096,-0.3539988165393036,6,5,5,26.0576,26.465521959838988,True,True,True,42.0,15.534478040161012
2025,9,401756934,254,38,Utah,Colorado,regular,False,53.0,7.0,8,0.4465084717305383,0.10239052470982293,5,7,5,26.0576,12.003387816286994,True,True,True,46.0,33.996612183713005
2025,9,401756935,277,2628,West Virginia,TCU,regular,False,17.0,23.0,8,0.05953027459969665,0.2904616623261016,6,6,6,42.0032,-6.663357264949733,False,False,True,-6.0,0.6633572649497328
2025,9,401757172,242,41,Rice,UConn,regular,False,37.0,34.0,8,-0.331003937445151,-0.04772668295562982,6,6,6,42.0032,-8.862051175774255,False,True,False,3.0,11.862051175774255
2025,9,401757285,2229,338,Florida International,Kennesaw State,regular,False,26.0,45.0,8,-0.11980023781261052,-0.009266796061732682,5,5,5,26.0576,0.15626378823232567,True,False,False,-19.0,19.156263788232327
2025,9,401757286,2348,98,Louisiana Tech,Western Kentucky,regular,False,27.0,28.0,8,-0.05471935774636264,-0.09788862584071278,5,6,5,26.0576,4.161387520295339,True,False,False,-1.0,5.161387520295339
2025,9,401757287,48,2393,Delaware,Middle Tennessee,regular,False,31.0,28.0,8,-0.08403718863964106,-0.20169633733442832,5,5,5,26.0576,6.102415033029288,True,True,True,3.0,3.1024150330292883
2025,9,401757288,166,2623,New Mexico State,Missouri State,regular,False,17.0,24.0,8,-0.20556239319082817,-0.15928327036924075,5,5,5,26.0576,1.830577129164204,True,False,False,-7.0,8.830577129164205
2025,9,401760397,2440,68,Nevada,Boise State,regular,False,3.0,24.0,8,-0.3060891285914085,0.2993033191274658,5,6,5,26.0576,-12.73857424567934,False,False,True,-21.0,8.26142575432066
2025,9,401760398,2751,36,Wyoming,Colorado State,regular,False,28.0,0.0,8,0.02142288520130184,-0.07475353389608573,6,6,6,42.0032,7.07621736663139,True,True,True,28.0,20.92378263336861
2025,9,401760399,278,21,Fresno State,San Diego State,regular,False,0.0,23.0,8,-0.12053635422842433,-0.010685009251940547,6,5,5,26.0576,0.17403759314077627,True,False,False,-23.0,23.174037593140778
2025,9,401760400,167,328,New Mexico,Utah State,regular,False,33.0,14.0,8,0.08044419340707068,-0.023131920054923198,5,6,5,26.0576,5.735444934147252,True,True,True,19.0,13.264555065852747
2025,9,401761634,2247,6,Georgia State,South Alabama,regular,False,31.0,38.0,8,-0.19843425843205864,-0.07024844676441938,6,6,6,42.0032,-2.347714284638185,False,False,True,-7.0,4.652285715361815
2025,9,401761635,295,2026,Old Dominion,App State,regular,False,24.0,21.0,8,0.0797685030541968,-0.24213985861453247,6,6,6,42.0032,16.557681296843967,True,True,True,3.0,13.557681296843967
2025,9,401761636,2032,290,Arkansas State,Georgia Southern,regular,False,34.0,24.0,8,-0.0931891808006165,-0.24152616147532552,6,6,6,42.0032,9.267127866675938,True,True,True,10.0,0.7328721333240615
2025,9,401761637,2572,2433,Southern Miss,UL Monroe,regular,False,49.0,21.0,8,-0.05237295962570931,-0.3044746857750896,6,6,6,42.0032,13.62557922379765,True,True,True,28.0,14.37442077620235
2025,9,401761638,2653,309,Troy,Louisiana,regular,False,35.0,23.0,8,-0.06857555515925606,-0.21121545730532743,6,6,6,42.0032,9.027832337821865,True,True,True,12.0,2.972167662178135
2025,9,401762492,2429,249,Charlotte,North Texas,regular,False,20.0,54.0,8,-0.25804006566433246,0.27799681558094347,6,6,6,42.0032,-19.478764330321575,False,False,True,-34.0,14.521235669678425
2025,9,401762493,2426,2226,Navy,Florida Atlantic,regular,False,42.0,32.0,8,0.06601441335442002,-0.004894203232731993,5,6,5,26.0576,4.884208367581373,True,True,True,10.0,5.115791632418627
2025,9,401762494,235,58,Memphis,South Florida,regular,False,34.0,31.0,8,0.1857515220714558,0.2919427644742033,6,6,6,42.0032,-1.4238719928910841,False,True,False,3.0,4.423871992891084
2025,9,401762495,202,218,Tulsa,Temple,regular,False,37.0,38.0,8,-0.22608631441233742,-0.005203566793750211,6,6,6,42.0032,-6.241282224773043,False,False,True,-1.0,5.241282224773043
2025,9,401762844,2084,2006,Buffalo,Akron,regular,False,16.0,24.0,8,-0.2716622770251823,-0.4087281971877569,6,7,6,42.0032,8.793707257772652,True,False,False,-8.0,16.793707257772652
2025,9,401762845,2459,2050,Northern Illinois,Ball State,regular,False,21.0,7.0,8,-0.2995815114386684,-0.3269951420790203,6,6,6,42.0032,4.187960210512829,True,True,True,14.0,9.812039789487171
2025,9,401762846,2309,189,Kent State,Bowling Green,regular,False,24.0,21.0,8,-0.23979878992242668,-0.0817012147727412,6,6,6,42.0032,-3.6041040685272687,False,True,False,3.0,6.604104068527269
2025,9,401762847,2117,113,Central Michigan,Massachusetts,regular,False,38.0,13.0,8,-0.23410111332616212,-0.33643243247782656,6,6,6,42.0032,7.334742864591192,True,True,True,25.0,17.665257135408808
2025,9,401762848,2199,195,Eastern Michigan,Ohio,regular,False,21.0,28.0,8,-0.21948559963476416,-0.06091089177374668,7,6,6,42.0032,-3.62414516922789,False,False,True,-7.0,3.37585483077211
2025,9,401762874,193,2711,Miami (OH),Western Michigan,regular,False,26.0,17.0,8,-0.2516118152446838,-0.013891333689784735,6,6,6,42.0032,-6.948520930846735,False,True,False,9.0,15.948520930846735
2025,10,401752753,8,344,Arkansas,Mississippi State,regular,False,35.0,38.0,9,0.312735245832253,0.23633017143126345,7,7,7,42.0032,6.245757621079644,True,False,False,-3.0,9.245757621079644
2025,10,401752754,2,96,Auburn,Kentucky,regular,False,3.0,10.0,9,0.29083121855550964,0.12484480347603423,8,7,7,42.0032,10.008460589866221,True,False,False,-7.0,17.00846058986622
2025,10,401752755,57,61,Florida,Georgia,regular,True,20.0,24.0,9,0.262687461224846,0.4182954663742064,6,6,6,42.0032,-6.536034161889615,False,False,True,-4.0,2.5360341618896154
2025,10,401752756,145,2579,Ole Miss,South Carolina,regular,False,30.0,14.0,9,0.33614185529944673,0.16796145662154452,8,7,7,42.0032,10.100614921747663,True,True,True,16.0,5.899385078252337
2025,10,401752757,2633,201,Tennessee,Oklahoma,regular,False,27.0,33.0,9,0.3404426403087866,0.3416495769658766,7,7,7,42.0032,2.985804798204918,True,False,False,-6.0,8.985804798204917
2025,10,401752758,251,238,Texas,Vanderbilt,regular,False,34.0,31.0,9,0.31973779048287543,0.2527433750015,8,7,7,42.0032,5.8504798323473075,True,True,True,3.0,2.8504798323473075
2025,10,401752887,120,84,Maryland,Indiana,regular,False,10.0,55.0,9,0.02591293084802554,0.4762645965565818,6,7,6,42.0032,-15.879711085089632,False,False,True,-45.0,29.12028891491037
2025,10,401752888,135,127,Minnesota,Michigan State,regular,False,23.0,20.0,9,0.01488400544835624,0.0647111337470275,7,7,7,42.0032,0.9436011646452513,True,True,True,3.0,2.0563988353547487
2025,10,401752889,194,213,Ohio State,Penn State,regular,False,38.0,14.0,9,0.6097874920532039,0.1715132646004449,6,6,6,42.0032,21.445420030543726,True,True,True,24.0,2.554579969456274
2025,10,401752890,130,2509,Michigan,Purdue,regular,False,21.0,16.0,9,0.27661610916000223,0.011101386198833482,8,7,7,42.0032,14.188968011482563,True,True,True,5.0,9.188968011482563
2025,10,401752891,356,164,Illinois,Rutgers,regular,False,35.0,13.0,9,0.19343373917777434,-0.07954172077329263,7,7,7,42.0032,14.502342839416656,True,True,True,22.0,7.497657160583344
2025,10,401752892,158,30,Nebraska,USC,regular,False,17.0,21.0,9,0.09958701600799025,0.3159182757794143,7,7,7,42.0032,-6.0501051704310775,False,False,True,-4.0,2.0501051704310775
2025,10,401752943,204,265,Oregon State,Washington State,regular,False,10.0,7.0,9,-0.06204611167160239,0.03634666481063804,7,7,7,42.0032,-1.0963114691388407,False,True,False,3.0,4.096311469138841
2025,10,401754575,183,153,Syracuse,North Carolina,regular,False,10.0,27.0,9,0.04383629294829646,-0.1933315422812107,7,6,6,42.0032,12.998308016712036,True,False,False,-17.0,29.998308016712038
2025,10,401754576,25,258,California,Virginia,regular,False,21.0,31.0,9,-0.07025275488713298,0.08325543871993021,7,7,7,42.0032,-3.4113353577161964,False,False,True,-10.0,6.5886646422838036
2025,10,401754577,228,150,Clemson,Duke,regular,False,45.0,46.0,9,0.11862476398718334,0.28256947570094637,7,6,6,42.0032,-3.8497025150555304,False,False,True,-1.0,2.8497025150555304
2025,10,401754578,52,154,Florida State,Wake Forest,regular,False,42.0,7.0,9,0.28240983052227575,0.24401391728675742,6,6,6,42.0032,4.649251222814124,True,True,True,35.0,30.350748777185878
2025,10,401754579,152,59,NC State,Georgia Tech,regular,False,48.0,36.0,9,0.19074997322043336,0.18044498334529405,7,7,7,42.0032,3.4693425507234514,True,True,True,12.0,8.530657449276548
2025,10,401754580,259,97,Virginia Tech,Louisville,regular,False,16.0,28.0,9,-0.0013826363896051047,0.18584313234346791,7,6,6,42.0032,-4.827581409249012,False,False,True,-12.0,7.172418590750988
2025,10,401754581,2567,2390,SMU,Miami,regular,False,26.0,20.0,9,0.14079618984112474,0.5432577816419515,7,6,6,42.0032,-13.868174732728484,False,True,False,6.0,19.868174732728484
2025,10,401754582,24,221,Stanford,Pittsburgh,regular,False,20.0,35.0,9,-0.0028330920441781426,0.16097506954574564,8,7,7,42.0032,-3.8439669728938863,False,False,True,-15.0,11.156033027106114
2025,10,401754583,103,87,Boston College,Notre Dame,regular,False,10.0,25.0,9,-0.2307026790958172,0.5533212290028684,7,7,7,42.0032,-29.89501301665071,False,False,True,-15.0,14.895013016650712
2025,10,401756936,239,2116,Baylor,UCF,regular,False,30.0,3.0,9,0.16140190810916114,0.09144508240496606,7,6,6,42.0032,5.974910541418447,True,True,True,27.0,21.025089458581554
2025,10,401756937,38,12,Colorado,Arizona,regular,False,17.0,52.0,9,0.1430601670563853,0.24669316257155538,7,6,6,42.0032,-1.3164174372227917,False,False,True,-35.0,33.68358256277721
2025,10,401756938,248,277,Houston,West Virginia,regular,False,35.0,45.0,9,0.1412557286796464,0.06553833902205843,6,7,6,42.0032,6.216872661265599,True,False,False,-10.0,16.216872661265597
2025,10,401756939,66,9,Iowa State,Arizona State,regular,False,19.0,24.0,9,0.3265064536404676,0.3937370770068176,7,6,6,42.0032,0.21259868061852805,True,False,False,-5.0,5.2125986806185285
2025,10,401756940,2305,197,Kansas,Oklahoma State,regular,False,38.0,21.0,9,0.17399271654223467,-0.22736786704375256,7,7,7,42.0032,19.89492886447894,True,True,True,17.0,2.8949288644789384
2025,10,401756941,2306,2641,Kansas State,Texas Tech,regular,False,20.0,43.0,9,0.1719223434027477,0.39671452970150034,7,7,7,42.0032,-6.405491159543766,False,False,True,-23.0,16.594508840456236
2025,10,401756942,254,2132,Utah,Cincinnati,regular,False,45.0,14.0,9,0.47199570267360974,0.07654593071636781,6,7,6,42.0032,19.646655861474425,True,True,True,31.0,11.353344138525575
2025,10,401757173,41,5,UConn,UAB,regular,False,38.0,19.0,9,-0.11955807224858038,0.0108722226167631,7,6,6,42.0032,-2.441989761287995,False,True,False,19.0,21.441989761287996
2025,10,401757289,338,2638,Kennesaw State,UTEP,regular,False,33.0,20.0,9,0.0395550585049738,-0.26139889277522993,6,6,6,42.0032,15.677529006412653,True,True,True,13.0,2.6775290064126533
2025,10,401757290,2348,2534,Louisiana Tech,Sam Houston,regular,False,55.0,14.0,9,-0.08233847687423385,-0.45169309057036616,6,7,6,42.0032,18.550575710001382,True,True,True,41.0,22.449424289998618
2025,10,401757291,2623,2229,Missouri State,Florida International,regular,False,28.0,21.0,9,-0.14605156491634055,-0.11496352025736697,6,6,6,42.0032,1.7307026425802012,True,True,True,7.0,5.2692973574197985
2025,10,401757292,2393,55,Middle Tennessee,Jacksonville State,regular,False,21.0,24.0,9,-0.16454370784180247,-0.24767127977815093,6,6,6,42.0032,6.528124029556832,True,False,False,-3.0,9.528124029556832
2025,10,401757293,2335,48,Liberty,Delaware,regular,False,59.0,30.0,9,-0.4108488026980548,-0.11281157084760343,6,6,6,42.0032,-9.482017456860879,False,True,False,29.0,38.48201745686088
2025,10,401757294,98,166,Western Kentucky,New Mexico State,regular,False,35.0,16.0,9,-0.0821695098396398,-0.23148405615028708,7,6,6,42.0032,9.308188751595381,True,True,True,19.0,9.691811248404619
2025,10,401760401,2005,349,Air Force,Army,regular,False,17.0,20.0,9,-0.12193168108904545,0.13426700923526688,6,6,6,42.0032,-7.724664829430154,False,False,True,-3.0,4.724664829430154
2025,10,401760402,68,278,Boise State,Fresno State,regular,False,7.0,30.0,9,0.21511490016554305,-0.13883329405183037,7,7,7,42.0032,17.903456791351182,True,False,False,-23.0,40.90345679135118
2025,10,401760403,23,62,San José State,Hawai'i,regular,False,45.0,38.0,9,-0.09644621818506303,-0.172461095120865,6,7,6,42.0032,6.229368078909877,True,True,True,7.0,0.7706319210901231
2025,10,401760404,2439,167,UNLV,New Mexico,regular,False,35.0,40.0,9,-0.05414668266431298,0.02948651941720687,6,7,6,42.0032,-0.4763621136704943,False,False,True,-5.0,4.523637886329506
2025,10,401760405,21,2751,San Diego State,Wyoming,regular,False,24.0,7.0,9,0.03824019851395534,0.052502739683349106,6,7,6,42.0032,2.43742763075372,True,True,True,17.0,14.56257236924628
2025,10,401761639,326,256,Texas State,James Madison,regular,False,20.0,52.0,9,-0.13712985640166334,0.10946662538262569,6,6,6,42.0032,-7.3213413436818495,False,False,True,-32.0,24.67865865631815
2025,10,401761640,324,276,Coastal Carolina,Marshall,regular,False,44.0,27.0,9,-0.14237230369809029,-0.11499713606957196,6,6,6,42.0032,1.8866553590658193,True,True,True,17.0,15.11334464093418
2025,10,401761641,2433,295,UL Monroe,Old Dominion,regular,False,6.0,31.0,9,-0.2877692407835689,0.05905307967366616,7,7,7,42.0032,-11.531147290629335,False,False,True,-25.0,13.468852709370665
2025,10,401761642,6,309,South Alabama,Louisiana,regular,False,22.0,31.0,9,-0.10925326382773708,-0.2564020344856,7,7,7,42.0032,9.217219243696348,True,False,False,-9.0,18.21721924369635
2025,10,401761643,2653,2032,Troy,Arkansas State,regular,False,10.0,23.0,9,-0.09894706962816487,-0.08392052705596101,7,7,7,42.0032,2.405337127031207,True,False,False,-13.0,15.405337127031206
2025,10,401762443,2636,2655,UTSA,Tulane,regular,False,48.0,26.0,9,-0.008245582284408992,0.14623489702300752,6,7,6,42.0032,-3.4521744684452766,False,True,False,22.0,25.45217446844528
2025,10,401762497,242,235,Rice,Memphis,regular,False,14.0,38.0,9,-0.25770800160398327,0.2247668569468612,7,7,7,42.0032,-17.22898797868283,False,False,True,-24.0,6.771012021317169
2025,10,401762498,218,151,Temple,East Carolina,regular,False,14.0,45.0,9,-0.0614087295757962,0.18672706378527773,7,6,6,42.0032,-7.385997355703861,False,False,True,-31.0,23.61400264429614
2025,10,401762499,249,2426,North Texas,Navy,regular,False,31.0,17.0,9,0.16269159757890925,0.0642649342093209,7,6,6,42.0032,7.170734826845493,True,True,True,14.0,6.829265173154507
2025,10,401762849,189,2084,Bowling Green,Buffalo,regular,False,3.0,28.0,9,-0.16787285969215146,-0.3835725882017995,7,7,7,42.0032,12.09657883653645,True,False,False,-25.0,37.09657883653645
2025,10,401762850,2711,2117,Western Michigan,Central Michigan,regular,False,24.0,21.0,9,-0.12869082932397435,-0.19524504562258588,7,7,7,42.0032,5.83199005803384,True,True,True,3.0,2.83199005803384
2025,11,401752759,333,99,Alabama,LSU,regular,False,20.0,9.0,10,0.3694984332510783,0.26365675177194625,8,7,7,42.0032,7.482189315504279,True,True,True,11.0,3.5178106844957213
2025,11,401752760,96,57,Kentucky,Florida,regular,False,38.0,7.0,10,0.13291185391170135,0.2692910768689558,8,7,7,42.0032,-2.691863777718151,False,True,False,31.0,33.691863777718154
2025,11,401752762,344,61,Mississippi State,Georgia,regular,False,21.0,41.0,10,0.24845032323190547,0.39269567330831884,8,7,7,42.0032,-3.0222662883296056,False,False,True,-20.0,16.977733711670396
2025,11,401752763,142,245,Missouri,Texas A&M,regular,False,17.0,38.0,10,0.3259013650719489,0.46000074565586263,7,8,7,42.0032,-2.596103102542245,False,False,True,-21.0,18.403896897457756
2025,11,401752764,238,2,Vanderbilt,Auburn,regular,False,45.0,38.0,10,0.26228614480101414,0.26836099974336186,8,9,8,54.4874,2.7054969488143232,True,True,True,7.0,4.294503051185677
2025,11,401752893,213,84,Penn State,Indiana,regular,False,24.0,27.0,10,0.14533910864999716,0.48840014219287264,7,8,7,42.0032,-11.373161204108108,False,False,True,-3.0,8.373161204108108
2025,11,401752894,164,120,Rutgers,Maryland,regular,False,35.0,20.0,10,-0.09892586325446281,0.015047691955332246,8,7,7,42.0032,-1.7507540341880636,False,True,False,15.0,16.750754034188063
2025,11,401752895,26,158,UCLA,Nebraska,regular,False,21.0,28.0,10,0.00030562274466231117,0.09607423529146969,8,8,8,54.4874,-2.181682699282912,False,False,True,-7.0,4.818317300717088
2025,11,401752896,30,77,USC,Northwestern,regular,False,38.0,17.0,10,0.3118749840955235,0.0132124779495422,8,7,7,42.0032,15.58128097815088,True,True,True,21.0,5.418719021849119
2025,11,401752897,2509,194,Purdue,Ohio State,regular,False,10.0,34.0,10,-0.01844196475491967,0.6040557048931503,8,7,7,42.0032,-23.11039411776181,False,False,True,-24.0,0.8896058822381896
2025,11,401752898,2294,2483,Iowa,Oregon,regular,False,16.0,18.0,10,0.27473702959363916,0.36166013772839806,7,7,7,42.0032,-0.6145486956059045,False,False,True,-2.0,1.3854513043940955
2025,11,401752899,275,264,Wisconsin,Washington,regular,False,13.0,10.0,10,-0.020588080828535676,0.36376196420715096,8,7,7,42.0032,-13.107431811642954,False,True,False,3.0,16.107431811642954
2025,11,401752944,204,2534,Oregon State,Sam Houston,regular,False,17.0,21.0,10,-0.02736698336480222,-0.4523833336016111,8,8,8,54.4874,26.194535881893103,True,False,False,-4.0,30.194535881893103
2025,11,401754584,103,2567,Boston College,SMU,regular,False,13.0,45.0,10,-0.18119400153001936,0.16253789483228856,8,8,8,54.4874,-15.692557329851617,False,False,True,-32.0,16.307442670148383
2025,11,401754585,97,25,Louisville,California,regular,False,26.0,29.0,10,0.23096376735957574,-0.06104278540843898,7,8,7,42.0032,15.301709637225477,True,False,False,-3.0,18.30170963722548
2025,11,401754586,228,52,Clemson,Florida State,regular,False,24.0,10.0,10,0.11197188322259011,0.3157514746317383,8,7,7,42.0032,-5.522894933876733,False,True,False,14.0,19.522894933876735
2025,11,401754587,2390,183,Miami,Syracuse,regular,False,38.0,10.0,10,0.5010554159752391,-0.07208562382849061,7,8,7,42.0032,27.11025772308402,True,True,True,28.0,0.8897422769159817
2025,11,401754588,153,24,North Carolina,Stanford,regular,False,20.0,15.0,10,-0.10170061119514784,-0.015528883101663817,7,9,7,42.0032,-0.5829883294562284,False,True,False,5.0,5.582988329456228
2025,11,401754589,258,154,Virginia,Wake Forest,regular,False,9.0,16.0,10,0.09514397447056143,0.18093008878424335,8,7,7,42.0032,-0.5667913167404444,False,False,True,-7.0,6.433208683259556
2025,11,401754590,41,150,UConn,Duke,regular,False,37.0,34.0,10,-0.11259821859848508,0.20424269331048153,8,7,7,42.0032,-10.271832191094706,False,True,False,3.0,13.271832191094706
2025,11,401756943,12,2305,Arizona,Kansas,regular,False,24.0,20.0,10,0.24750858544833215,0.1189114511901731,7,8,7,42.0032,8.437991149672307,True,True,True,4.0,4.437991149672307
2025,11,401756944,2628,66,TCU,Iowa State,regular,False,17.0,20.0,10,0.26201721441874637,0.28610647175205683,7,8,7,42.0032,2.024674106377494,True,False,False,-3.0,5.0246741063774945
2025,11,401756945,2641,252,Texas Tech,BYU,regular,False,29.0,7.0,10,0.4524979052318935,0.3645184766216685,8,7,7,42.0032,6.731917535801003,True,True,True,22.0,15.268082464198997
2025,11,401756946,2116,248,UCF,Houston,regular,False,27.0,30.0,10,0.028995540201818104,0.14756680431262253,7,8,7,42.0032,-1.9438725206989407,False,False,True,-3.0,1.0561274793010593
2025,11,401756947,277,38,West Virginia,Colorado,regular,False,29.0,22.0,10,0.07115232839181268,0.12657779205814582,8,9,8,54.4874,0.01651059102704,True,True,True,7.0,6.98348940897296
2025,11,401757166,87,2426,Notre Dame,Navy,regular,False,49.0,10.0,10,0.5187243158679865,0.04900145001472682,8,7,7,42.0032,22.766363479007637,True,True,True,39.0,16.233636520992363
2025,11,401757295,48,2348,Delaware,Louisiana Tech,regular,False,25.0,24.0,10,-0.22226769624827142,-0.058760997575753024,7,7,7,42.0032,-3.831304565681524,False,True,False,1.0,4.831304565681524
2025,11,401757296,2393,2229,Middle Tennessee,Florida International,regular,False,30.0,56.0,10,-0.2227364770978147,-0.17447868068649205,7,7,7,42.0032,1.0095181257759331,True,False,False,-26.0,27.009518125775934
2025,11,401757297,2638,55,UTEP,Jacksonville State,regular,False,27.0,30.0,10,-0.16318932237539718,-0.2506736611335958,7,7,7,42.0032,6.7111221777283685,True,False,False,-3.0,9.711122177728368
2025,11,401757298,166,338,New Mexico State,Kennesaw State,regular,False,21.0,24.0,10,-0.2575938285621648,-0.06433662112019506,7,7,7,42.0032,-5.080921135626543,False,False,True,-3.0,2.080921135626543
2025,11,401757299,2335,2623,Liberty,Missouri State,regular,False,17.0,21.0,10,-0.27555268763321333,-0.14705469933534168,7,7,7,42.0032,-2.3608267020731626,False,False,True,-4.0,1.6391732979268374
2025,11,401760406,23,2005,San José State,Air Force,regular,False,16.0,26.0,10,-0.11206282746782963,-0.16010203909025073,6,7,6,42.0032,5.054300613618878,True,False,False,-10.0,15.054300613618878
2025,11,401760407,36,2439,Colorado State,UNLV,regular,False,10.0,42.0,10,-0.1104385106192807,-0.1044090488924269,7,7,7,42.0032,2.783243313194615,True,False,False,-32.0,34.78324331319462
2025,11,401760408,62,21,Hawai'i,San Diego State,regular,False,38.0,6.0,10,-0.16101658374661987,0.07101122406491461,7,7,7,42.0032,-6.709410417069444,False,True,False,32.0,38.70941041706944
2025,11,401760409,328,2440,Utah State,Nevada,regular,False,51.0,14.0,10,-0.027445681073254548,-0.21903956363060925,7,7,7,42.0032,11.084056167833081,True,True,True,37.0,25.915943832166917
2025,11,401761644,2026,290,App State,Georgia Southern,regular,False,23.0,25.0,10,-0.22636725820246534,-0.2572563896949157,7,7,7,42.0032,4.333942367903692,True,False,False,-2.0,6.333942367903692
2025,11,401761645,324,2247,Coastal Carolina,Georgia State,regular,False,40.0,27.0,10,-0.11174722180251732,-0.21596017950872498,7,7,7,42.0032,7.413777705125382,True,True,True,13.0,5.586222294874618
2025,11,401761646,276,256,Marshall,James Madison,regular,False,23.0,35.0,10,-0.14021464406071882,0.1972767383471841,7,7,7,42.0032,-11.139218033555625,False,False,True,-12.0,0.8607819664443745
2025,11,401761647,2032,2572,Arkansas State,Southern Miss,regular,False,21.0,27.0,10,-0.13620384445667857,-0.06890754673292275,7,7,7,42.0032,0.2098401474495395,True,False,False,-6.0,6.2098401474495395
2025,11,401761648,309,326,Louisiana,Texas State,regular,False,42.0,39.0,10,-0.23344121845076757,-0.15996428542910762,8,7,7,42.0032,-0.04976631309538693,False,True,False,3.0,3.049766313095387
2025,11,401762500,58,2636,South Florida,UTSA,regular,False,55.0,23.0,10,0.19918876543754108,0.03291978541749342,7,7,7,42.0032,10.020329221578066,True,True,True,32.0,21.979670778421934
2025,11,401762501,235,2655,Memphis,Tulane,regular,False,32.0,38.0,10,0.19549711852464097,0.07923249022727907,8,8,8,54.4874,9.371457307889678,True,False,False,-6.0,15.371457307889678
2025,11,401762502,242,5,Rice,UAB,regular,False,24.0,17.0,10,-0.23843260134762212,-0.03922452470834232,8,7,7,42.0032,-5.3308766846949975,False,True,False,7.0,12.330876684694998
2025,11,401762503,349,218,Army,Temple,regular,False,14.0,13.0,10,0.05434424193739273,-0.07339434110888263,7,8,7,42.0032,8.401929251409314,True,True,True,1.0,7.401929251409314
2025,11,401762504,151,2429,East Carolina,Charlotte,regular,False,48.0,22.0,10,0.20654820725139367,-0.2522277176554771,7,7,7,42.0032,22.306556929048273,True,True,True,26.0,3.6934430709517265
2025,11,401762505,2226,202,Florida Atlantic,Tulsa,regular,False,40.0,21.0,10,-0.048210016725677055,-0.20287714749895974,7,7,7,42.0032,9.533014427296347,True,True,True,19.0,9.466985572703653
2025,11,401762851,2006,113,Akron,Massachusetts,regular,False,44.0,10.0,10,-0.36815614133703417,-0.450490894356758,8,7,7,42.0032,6.494823098038063,True,True,True,34.0,27.50517690196194
2025,11,401762852,195,193,Ohio,Miami (OH),regular,False,24.0,20.0,10,-0.030577804937401726,-0.18129181751102158,7,7,7,42.0032,9.36697081293227,True,True,True,4.0,5.366970812932269
2025,11,401762853,2050,2309,Ball State,Kent State,regular,False,17.0,13.0,10,-0.41075288796533926,-0.33709873681810887,7,7,7,42.0032,-0.05721004146734732,False,True,False,4.0,4.057210041467347
2025,11,401762854,2649,2459,Toledo,Northern Illinois,regular,False,42.0,3.0,10,0.016179861508734295,-0.30406418391789314,7,7,7,42.0032,16.487774688863716,True,True,True,39.0,22.512225311136284
2025,11,401762855,2199,189,Eastern Michigan,Bowling Green,regular,False,27.0,21.0,10,-0.22389742520131856,-0.22247615022054334,8,8,8,54.4874,2.959058421612509,True,True,True,6.0,3.040941578387491
2025,12,401752765,333,201,Alabama,Oklahoma,regular,False,21.0,23.0,11,0.3928442214434762,0.3869191405551718,8,8,8,54.4874,3.3593422523933976,True,False,False,-2.0,5.359342252393398
2025,12,401752766,61,251,Georgia,Texas,regular,False,35.0,10.0,11,0.4178342035063466,0.3443636321128022,8,9,8,54.4874,7.039720411748611,True,True,True,25.0,17.96027958825139
2025,12,401752768,99,8,LSU,Arkansas,regular,False,23.0,22.0,11,0.2698833406327328,0.26924364452237726,7,8,7,42.0032,3.0633692836624853,True,True,True,1.0,2.0633692836624853
2025,12,401752769,145,57,Ole Miss,Florida,regular,False,34.0,24.0,11,0.3676844054762981,0.2812048120764859,9,7,7,42.0032,6.668919657490992,True,True,True,10.0,3.331080342509008
2025,12,401752770,142,344,Missouri,Mississippi State,regular,False,49.0,27.0,11,0.3494251835783983,0.2385949731900997,8,9,8,54.4874,9.075350005511382,True,True,True,22.0,12.924649994488618
2025,12,401752771,2633,166,Tennessee,New Mexico State,regular,False,42.0,9.0,11,0.3139413273211721,-0.1954095751256133,8,8,8,54.4874,30.789706361978975,True,True,True,33.0,2.2102936380210245
2025,12,401752772,245,2579,Texas A&M,South Carolina,regular,False,31.0,30.0,11,0.464812505397563,0.15866681702441104,9,8,8,54.4874,19.717582580663283,True,True,True,1.0,18.717582580663283
2025,12,401752900,194,26,Ohio State,UCLA,regular,False,48.0,10.0,11,0.578336489021949,0.00028717761576482065,8,8,8,54.4874,34.53290405031332,True,True,True,38.0,3.46709594968668
2025,12,401752901,84,275,Indiana,Wisconsin,regular,False,31.0,7.0,11,0.43705277759787814,0.019587457549289866,9,9,9,54.4874,25.78309987961545,True,True,True,24.0,1.783099879615449
2025,12,401752902,264,2509,Washington,Purdue,regular,False,49.0,13.0,11,0.30663162685211043,0.014021770218473546,8,9,8,54.4874,18.980050302339627,True,True,True,36.0,17.019949697660373
2025,12,401752903,127,213,Michigan State,Penn State,regular,False,10.0,28.0,11,0.07399607075348089,0.21293614355088542,8,8,8,54.4874,-4.5339833225412995,False,False,True,-18.0,13.4660166774587
2025,12,401752904,2483,135,Oregon,Minnesota,regular,False,42.0,13.0,11,0.388091987790825,-0.0434830009910903,8,8,8,54.4874,26.551899043755732,True,True,True,29.0,2.448100956244268
2025,12,401752905,77,130,Northwestern,Michigan,regular,True,22.0,24.0,11,0.04543929015020467,0.2832039124825604,8,9,8,54.4874,-12.955176082871999,False,False,True,-2.0,10.955176082871999
2025,12,401752906,356,120,Illinois,Maryland,regular,False,24.0,6.0,11,0.20148111375909128,-0.0018577181992737724,8,8,8,54.4874,14.11590427244822,True,True,True,18.0,3.884095727551779
2025,12,401752907,30,2294,USC,Iowa,regular,False,26.0,21.0,11,0.33058334811263723,0.26371834829418483,9,8,8,54.4874,6.679799991107943,True,True,True,5.0,1.6797999911079433
2025,12,401752945,202,204,Tulsa,Oregon State,regular,False,31.0,14.0,11,-0.21607902999844952,-0.031866131077833565,8,8,8,54.4874,-7.00078190864717,False,True,False,17.0,24.00078190864717
2025,12,401752953,265,2348,Washington State,Louisiana Tech,regular,False,28.0,3.0,11,0.023287200173304393,-0.04504255159757632,8,8,8,54.4874,6.759610516640686,True,True,True,25.0,18.240389483359316
2025,12,401754591,97,228,Louisville,Clemson,regular,False,19.0,20.0,11,0.24872047826024657,0.10339352102807223,7,8,7,42.0032,9.140697250014465,True,False,False,-1.0,10.140697250014465
2025,12,401754592,103,59,Boston College,Georgia Tech,regular,False,34.0,36.0,11,-0.16599323147252398,0.12809507676789877,9,8,8,54.4874,-12.987607286419212,False,False,True,-2.0,10.987607286419212
2025,12,401754593,150,258,Duke,Virginia,regular,False,17.0,34.0,11,0.1942077377331632,0.09632144015363117,8,8,8,54.4874,8.370069850734993,True,False,False,-17.0,25.370069850734993
2025,12,401754594,52,259,Florida State,Virginia Tech,regular,False,34.0,14.0,11,0.3344232841467926,-0.017218221043658964,7,8,7,42.0032,17.806568470815577,True,True,True,20.0,2.193431529184423
2025,12,401754595,2390,152,Miami,NC State,regular,False,41.0,7.0,11,0.4800363896549896,0.20480494488605794,8,8,8,54.4874,18.03314582370269,True,True,True,34.0,15.96685417629731
2025,12,401754596,154,153,Wake Forest,North Carolina,regular,False,28.0,12.0,11,0.1859563038372946,-0.11058536352064882,7,8,7,42.0032,15.49219896236917,True,True,True,16.0,0.5078010376308306
2025,12,401754597,221,87,Pittsburgh,Notre Dame,regular,False,15.0,37.0,11,0.2035749590813704,0.5262623994399305,8,8,8,54.4874,-14.545899637793006,False,False,True,-22.0,7.454100362206994
2025,12,401756948,9,277,Arizona State,West Virginia,regular,False,25.0,23.0,11,0.32519135002064037,0.09361189254692429,8,9,8,54.4874,15.654662531153358,True,True,True,2.0,13.654662531153358
2025,12,401756949,239,254,Baylor,Utah,regular,False,28.0,55.0,11,0.18614311656299493,0.4412387942588061,8,8,8,54.4874,-10.86300022888274,False,False,True,-27.0,16.13699977111726
2025,12,401756950,252,2628,BYU,TCU,regular,False,44.0,13.0,11,0.3712588374434719,0.26025441884523515,8,8,8,54.4874,9.084842157929565,True,True,True,31.0,21.915157842070435
2025,12,401756951,2132,12,Cincinnati,Arizona,regular,False,24.0,30.0,11,0.14830085218918285,0.21932483658460933,8,8,8,54.4874,-0.8334122473473609,False,False,True,-6.0,5.166587752652639
2025,12,401756952,197,2306,Oklahoma State,Kansas State,regular,False,6.0,14.0,11,-0.2022442201090856,0.1460275843502938,8,8,8,54.4874,-15.939925118299993,False,False,True,-8.0,7.939925118299993
2025,12,401756953,2641,2116,Texas Tech,UCF,regular,False,48.0,9.0,11,0.4686898169164017,0.03846385090231084,9,8,8,54.4874,26.478394300596175,True,True,True,39.0,12.521605699403825
2025,12,401757174,41,2005,UConn,Air Force,regular,False,26.0,16.0,11,-0.08705722074326042,-0.15354659840561136,9,8,8,54.4874,6.6593333164395805,True,True,True,10.0,3.3406666835604195
2025,12,401757300,2534,48,Sam Houston,Delaware,regular,True,26.0,23.0,11,-0.4406555405883301,-0.20700219043038096,8,8,8,54.4874,-12.73116355139624,False,True,False,3.0,15.73116355139624
2025,12,401757301,2229,2335,Florida International,Liberty,regular,False,34.0,27.0,11,-0.13381634716169483,-0.2579028948565486,8,8,8,54.4874,9.797653358868576,True,True,True,7.0,2.797653358868576
2025,12,401757302,55,338,Jacksonville State,Kennesaw State,regular,False,35.0,26.0,11,-0.21730361855691638,-0.06954794848669087,8,8,8,54.4874,-5.014322297384405,False,True,False,9.0,14.014322297384405
2025,12,401757303,98,2393,Western Kentucky,Middle Tennessee,regular,False,42.0,26.0,11,-0.050766510283506566,-0.22696198268697848,8,8,8,54.4874,12.636933183036936,True,True,True,16.0,3.363066816963064
2025,12,401757304,2623,2638,Missouri State,UTEP,regular,False,38.0,24.0,11,-0.13225374510708734,-0.1804065820847648,8,8,8,54.4874,5.660222889537502,True,True,True,14.0,8.339777110462498
2025,12,401760410,21,68,San Diego State,Boise State,regular,False,17.0,7.0,11,0.07124921402964234,0.154158550418926,7,8,7,42.0032,-0.44595743822636,False,True,False,10.0,10.44595743822636
2025,12,401760411,167,36,New Mexico,Colorado State,regular,False,20.0,17.0,11,0.020764407394360668,-0.13262826537768815,8,7,7,42.0032,9.479483112978922,True,True,True,3.0,6.479483112978922
2025,12,401760412,278,2751,Fresno State,Wyoming,regular,False,24.0,3.0,11,-0.04973755233261942,-0.02591209325813834,8,8,8,54.4874,1.7383126812251197,True,True,True,21.0,19.26168731877488
2025,12,401760413,2440,23,Nevada,San José State,regular,False,55.0,10.0,11,-0.20184466495552097,-0.10264057796131049,7,8,7,42.0032,-1.1303891068352216,False,True,False,45.0,46.130389106835224
2025,12,401760414,2439,328,UNLV,Utah State,regular,False,29.0,26.0,11,-0.08151988528232539,-0.026680066778223203,7,7,7,42.0032,0.7330521354084953,True,True,True,3.0,2.2669478645915047
2025,12,401761649,295,2653,Old Dominion,Troy,regular,False,33.0,0.0,11,0.08731094421637385,-0.16221965607511732,8,8,8,54.4874,16.632773630322596,True,True,True,33.0,16.367226369677404
2025,12,401761650,290,324,Georgia Southern,Coastal Carolina,regular,False,45.0,40.0,11,-0.21590046735756865,-0.12295257878371663,8,8,8,54.4874,-2.0279887838789046,False,True,False,5.0,7.027988783878905
2025,12,401761651,2247,276,Georgia State,Marshall,regular,False,18.0,30.0,11,-0.22547598643240593,-0.12317595566007211,8,8,8,54.4874,-2.5375626967044616,False,False,True,-12.0,9.462437303295538
2025,12,401761652,256,2026,James Madison,App State,regular,False,58.0,10.0,11,0.20485092862843693,-0.2270866085721557,8,8,8,54.4874,26.57165336446357,True,True,True,48.0,21.42834663553643
2025,12,401761653,2433,6,UL Monroe,South Alabama,regular,False,14.0,26.0,11,-0.25466317391363064,-0.14330222164915246,8,8,8,54.4874,-3.031268750415528,False,False,True,-12.0,8.968731249584472
2025,12,401761654,2572,326,Southern Miss,Texas State,regular,False,14.0,41.0,11,-0.048784420122830255,-0.17040396957643203,8,8,8,54.4874,9.66323303889818,True,False,False,-27.0,36.663233038898184
2025,12,401762506,5,249,UAB,North Texas,regular,False,24.0,53.0,11,-0.04433864172304966,0.15649364084469325,8,8,8,54.4874,-7.906328913181635,False,False,True,-29.0,21.093671086818365
2025,12,401762507,2429,2636,Charlotte,UTSA,regular,False,7.0,28.0,11,-0.22949701686312673,0.03349753621278333,8,8,8,54.4874,-11.293389411268343,False,False,True,-21.0,9.706610588731657
2025,12,401762508,151,235,East Carolina,Memphis,regular,False,31.0,27.0,11,0.148879241461146,0.19584853323426388,8,9,8,54.4874,0.47726541144141743,True,True,True,4.0,3.5227345885585826
2025,12,401762509,2655,2226,Tulane,Florida Atlantic,regular,False,35.0,24.0,11,0.09091593359030245,-0.03875412662904322,9,8,8,54.4874,10.101884439195576,True,True,True,11.0,0.898115560804424
2025,12,401762510,2426,58,Navy,South Florida,regular,False,41.0,38.0,11,0.060998567469356585,0.21493996580695468,7,8,7,42.0032,-3.4295313426538003,False,True,False,3.0,6.4295313426538
2025,12,401762856,2006,2309,Akron,Kent State,regular,False,35.0,42.0,11,-0.32726806679702325,-0.32616703118597845,9,8,8,54.4874,2.9765074322467577,True,False,False,-7.0,9.976507432246757
2025,12,401762857,2711,195,Western Michigan,Ohio,regular,False,17.0,13.0,11,-0.06756145118720398,-0.02537008733028223,8,8,8,54.4874,0.7376022809823621,True,True,True,4.0,3.262397719017638
2025,12,401762858,2117,2084,Central Michigan,Buffalo,regular,False,38.0,19.0,11,-0.1780609877267018,-0.36458086781993027,8,8,8,54.4874,13.199483314591776,True,True,True,19.0,5.800516685408224
2025,12,401762859,113,2459,Massachusetts,Northern Illinois,regular,False,3.0,45.0,11,-0.46928505641751295,-0.3368298645206527,8,8,8,54.4874,-4.180639022960982,False,False,True,-42.0,37.81936097703902
2025,12,401762860,193,2649,Miami (OH),Toledo,regular,False,3.0,24.0,11,-0.13596092409223437,0.06646301376792044,8,8,8,54.4874,-7.993054071761399,False,False,True,-21.0,13.0069459282386
2025,12,401762861,2050,2199,Ball State,Eastern Michigan,regular,False,9.0,24.0,11,-0.4322729629383527,-0.2365787583927689,8,9,8,54.4874,-7.626368400757043,False,False,True,-15.0,7.373631599242957
2025,13,401752775,57,2633,Florida,Tennessee,regular,False,11.0,31.0,12,0.20779479858188774,0.3149167502370979,8,9,8,54.4874,-2.8002966286180992,False,False,True,-20.0,17.1997033713819
2025,13,401752776,61,2429,Georgia,Charlotte,regular,False,35.0,3.0,12,0.4305271322862001,-0.28400663662574926,8,9,8,54.4874,41.96958728021295,True,True,True,32.0,9.969587280212949
2025,13,401752777,99,98,LSU,Western Kentucky,regular,False,13.0,10.0,12,0.27824601980485675,-0.04032168537334561,9,9,9,54.4874,20.394425979126783,True,True,True,3.0,17.394425979126783
2025,13,401752778,201,142,Oklahoma,Missouri,regular,False,17.0,6.0,12,0.39537119008280985,0.36183724466501854,9,8,8,54.4874,4.8636774975573625,True,True,True,11.0,6.1363225024426375
2025,13,401752779,2579,324,South Carolina,Coastal Carolina,regular,False,51.0,7.0,12,0.1623613030334144,-0.15559453082981223,9,9,9,54.4874,20.361086702039174,True,True,True,44.0,23.638913297960826
2025,13,401752780,251,8,Texas,Arkansas,regular,False,52.0,37.0,12,0.3550091810733412,0.2649284146000933,9,9,9,54.4874,7.944766755134446,True,True,True,15.0,7.055233244865554
2025,13,401752782,238,96,Vanderbilt,Kentucky,regular,False,45.0,17.0,12,0.28592041950600733,0.22998523231166598,9,9,9,54.4874,6.084262918732955,True,True,True,28.0,21.915737081267046
2025,13,401752908,213,158,Penn State,Nebraska,regular,False,37.0,10.0,12,0.2421156945664394,0.10215750247885379,9,9,9,54.4874,10.662457995553112,True,True,True,27.0,16.337542004446888
2025,13,401752909,77,135,Northwestern,Minnesota,regular,True,38.0,35.0,12,0.032343338377763604,-0.05913961688185839,9,9,9,54.4874,4.984668376413127,True,True,True,3.0,1.9846683764131274
2025,13,401752910,26,264,UCLA,Washington,regular,False,14.0,48.0,12,-0.012203113264785868,0.30478067919514135,9,8,8,54.4874,-14.235122693281038,False,False,True,-34.0,19.76487730671896
2025,13,401752911,2483,30,Oregon,USC,regular,False,42.0,27.0,12,0.4002904268456551,0.33711169798374974,9,10,9,54.4874,6.478944670990181,True,True,True,15.0,8.521055329009819
2025,13,401752912,194,164,Ohio State,Rutgers,regular,False,42.0,9.0,12,0.5813795473951302,-0.06814577730282756,8,9,8,54.4874,38.4274461769475,True,True,True,33.0,5.427446176947498
2025,13,401752913,2294,127,Iowa,Michigan State,regular,False,20.0,17.0,12,0.27839471636199264,0.008994329447244636,9,9,9,54.4874,17.715426641978638,True,True,True,3.0,14.715426641978638
2025,13,401752914,120,130,Maryland,Michigan,regular,False,20.0,45.0,12,-0.023012863288593095,0.30459518908615424,9,10,9,54.4874,-14.814010992963809,False,False,True,-25.0,10.185989007036191
2025,13,401752915,275,356,Wisconsin,Illinois,regular,False,27.0,10.0,12,0.049358605824728084,0.2289296925160758,10,9,9,54.4874,-6.74786162898614,False,True,False,17.0,23.74786162898614
2025,13,401752954,256,265,James Madison,Washington State,regular,False,24.0,20.0,12,0.2298269736147663,0.006832127912016685,9,8,8,54.4874,15.186909355744001,True,True,True,4.0,11.186909355744001
2025,13,401754598,152,52,NC State,Florida State,regular,False,21.0,11.0,12,0.20915320263231374,0.304518408737271,9,8,8,54.4874,-2.1597021311232476,False,True,False,10.0,12.159702131123247
2025,13,401754599,24,25,Stanford,California,regular,False,31.0,10.0,12,-0.015986048815609187,-0.035143697602053596,10,9,9,54.4874,4.080350472486511,True,True,True,21.0,16.91964952751349
2025,13,401754600,153,150,North Carolina,Duke,regular,False,25.0,32.0,12,-0.10984981192999983,0.16802106707019449,9,9,9,54.4874,-12.103961732435188,False,False,True,-7.0,5.103961732435188
2025,13,401754601,59,221,Georgia Tech,Pittsburgh,regular,False,28.0,42.0,12,0.11595410286103475,0.1911817809865491,9,9,9,54.4874,-1.0624605890961503,False,False,True,-14.0,12.937539410903849
2025,13,401754602,2567,97,SMU,Louisville,regular,False,38.0,6.0,12,0.19214996491181802,0.20960636648868436,9,9,9,54.4874,2.085346064720653,True,True,True,32.0,29.914653935279347
2025,13,401754603,259,2390,Virginia Tech,Miami,regular,False,17.0,34.0,12,-0.01842281543164618,0.45133358563778786,8,9,8,54.4874,-22.55930492763068,False,False,True,-17.0,5.559304927630681
2025,13,401754604,87,183,Notre Dame,Syracuse,regular,False,70.0,7.0,12,0.5735605035417177,-0.05681361097350793,10,9,9,54.4874,37.3839465272369,True,True,True,63.0,25.6160534727631
2025,13,401754606,154,48,Wake Forest,Delaware,regular,False,52.0,14.0,12,0.18789374346899518,-0.19107881626855,9,8,8,54.4874,23.68572945144352,True,True,True,38.0,14.314270548556479
2025,13,401756954,12,239,Arizona,Baylor,regular,False,41.0,17.0,12,0.26530327553929334,0.2031499754731802,9,8,8,54.4874,6.423071722022334,True,True,True,24.0,17.576928277977665
2025,13,401756955,2132,252,Cincinnati,BYU,regular,False,14.0,26.0,12,0.1704410880933333,0.35841709645744746,9,8,8,54.4874,-7.205823958138833,False,False,True,-12.0,4.794176041861167
2025,13,401756956,38,9,Colorado,Arizona State,regular,False,17.0,42.0,12,0.058519147674117644,0.33369197254720406,10,9,9,54.4874,-11.95695177798981,False,False,True,-25.0,13.04304822201019
2025,13,401756957,248,2628,Houston,TCU,regular,False,14.0,17.0,12,0.14043264256249025,0.2532417594067749,9,8,8,54.4874,-3.1101754731412754,False,False,True,-3.0,0.1101754731412754
2025,13,401756958,66,2305,Iowa State,Kansas,regular,False,38.0,14.0,12,0.2594955416088085,0.1617501456323692,9,9,9,54.4874,8.36239248872664,True,True,True,24.0,15.63760751127336
2025,13,401756959,2116,197,UCF,Oklahoma State,regular,False,17.0,14.0,12,0.05581074041779727,-0.13803389561249088,9,9,9,54.4874,13.598590221236723,True,True,True,3.0,10.598590221236723
2025,13,401756960,254,2306,Utah,Kansas State,regular,False,51.0,47.0,12,0.42321940787641665,0.08795017685417797,8,9,8,54.4874,21.30444869840113,True,True,True,4.0,17.30444869840113
2025,13,401757175,2226,41,Florida Atlantic,UConn,regular,False,45.0,48.0,12,-0.0026097765300265464,-0.08832565354202218,9,10,9,54.4874,7.706935277103411,True,False,False,-3.0,10.706935277103412
2025,13,401757305,2229,55,Florida International,Jacksonville State,regular,False,27.0,21.0,12,-0.13220632498711415,-0.20234854001397362,9,8,8,54.4874,6.858366927054503,True,True,True,6.0,0.8583669270545027
2025,13,401757306,338,2623,Kennesaw State,Missouri State,regular,False,41.0,34.0,12,-0.058308857201097825,-0.11955625864362096,8,9,8,54.4874,6.373711661359335,True,True,True,7.0,0.6262883386406646
2025,13,401757307,2348,2335,Louisiana Tech,Liberty,regular,False,34.0,28.0,12,-0.021274477976701477,-0.20922473759592694,8,9,8,54.4874,13.277420975976586,True,True,True,6.0,7.277420975976586
2025,13,401757308,2393,2534,Middle Tennessee,Sam Houston,regular,False,31.0,17.0,12,-0.1787043949117112,-0.38637293369137493,9,9,9,54.4874,14.35181873990305,True,True,True,14.0,0.35181873990305057
2025,13,401757309,2638,166,UTEP,New Mexico State,regular,False,31.0,34.0,12,-0.1635407802987272,-0.12498285364609867,9,9,9,54.4874,0.9355788273075678,True,False,False,-3.0,3.935578827307568
2025,13,401760415,2005,167,Air Force,New Mexico,regular,False,3.0,20.0,12,-0.12189088121754363,0.03292253033230565,9,9,9,54.4874,-5.398880280481258,False,False,True,-17.0,11.601119719518742
2025,13,401760416,68,36,Boise State,Colorado State,regular,False,49.0,21.0,12,0.17623363813548495,-0.19523485919039263,8,9,8,54.4874,23.276852601194026,True,True,True,28.0,4.723147398805974
2025,13,401760417,278,328,Fresno State,Utah State,regular,False,17.0,28.0,12,-0.05022059452983385,0.038663770944061066,8,8,8,54.4874,-1.806577975322302,False,False,True,-11.0,9.193422024677698
2025,13,401760418,2439,62,UNLV,Hawai'i,regular,False,38.0,10.0,12,-0.022175457858374464,-0.07124085028573207,8,9,8,54.4874,5.709945663346405,True,True,True,28.0,22.290054336653597
2025,13,401760419,2751,2440,Wyoming,Nevada,regular,False,7.0,13.0,12,-0.04840794655931893,-0.16878706748212519,8,9,8,54.4874,9.595645313369314,True,False,False,-6.0,15.595645313369314
2025,13,401760420,21,23,San Diego State,San José State,regular,False,25.0,3.0,12,0.0022816681185089255,-0.1290389445167052,8,9,8,54.4874,10.191818748899966,True,True,True,22.0,11.808181251100034
2025,13,401761655,2032,309,Arkansas State,Louisiana,regular,False,30.0,34.0,12,-0.0952549072261117,-0.20565925223098735,9,9,9,54.4874,9.052145708018662,True,False,False,-4.0,13.052145708018662
2025,13,401761656,2026,276,App State,Marshall,regular,False,26.0,24.0,12,-0.25833096583397563,-0.1044650430026551,9,9,9,54.4874,-5.347254083679294,False,True,False,2.0,7.347254083679294
2025,13,401761657,290,295,Georgia Southern,Old Dominion,regular,False,10.0,45.0,12,-0.20453525963877464,0.09380204689902823,9,9,9,54.4874,-13.21912415624788,False,False,True,-35.0,21.78087584375212
2025,13,401761658,6,2572,South Alabama,Southern Miss,regular,False,42.0,35.0,12,-0.10441371969410779,-0.07915417194302991,9,9,9,54.4874,1.6601729178679197,True,True,True,7.0,5.33982708213208
2025,13,401761659,326,2433,Texas State,UL Monroe,regular,False,31.0,14.0,12,-0.09611010648484518,-0.30059974141580204,9,9,9,54.4874,14.178608534337018,True,True,True,17.0,2.821391465662982
2025,13,401761660,2653,2247,Troy,Georgia State,regular,False,31.0,19.0,12,-0.16442245378317102,-0.2215970110512281,9,9,9,54.4874,6.151792971687533,True,True,True,12.0,5.848207028312467
2025,13,401762511,5,58,UAB,South Florida,regular,False,18.0,48.0,12,-0.020943429699653578,0.22035602175421382,9,9,9,54.4874,-10.111279731147453,False,False,True,-30.0,19.888720268852545
2025,13,401762512,349,202,Army,Tulsa,regular,False,25.0,26.0,12,0.04779755141468039,-0.1548721085873669,8,9,8,54.4874,14.079442832395554,True,False,False,-1.0,15.079442832395554
2025,13,401762513,2636,151,UTSA,East Carolina,regular,False,58.0,24.0,12,0.02419472598864828,0.16480240434484664,9,9,9,54.4874,-4.624846813665522,False,True,False,34.0,38.62484681366552
2025,13,401762514,242,249,Rice,North Texas,regular,False,24.0,56.0,12,-0.2243634702506375,0.1705305692046213,9,9,9,54.4874,-18.48024948541447,False,False,True,-32.0,13.519750514585532
2025,13,401762515,218,2655,Temple,Tulane,regular,False,13.0,37.0,12,-0.038017308910990734,0.0883607983340633,9,10,9,54.4874,-3.8495144807041566,False,False,True,-24.0,20.15048551929584
2025,13,401762862,189,2006,Bowling Green,Akron,regular,False,16.0,19.0,12,-0.2121311629377397,-0.33959343318478263,9,10,9,54.4874,9.981587703858727,True,False,False,-3.0,12.981587703858727
2025,13,401762863,195,113,Ohio,Massachusetts,regular,False,42.0,14.0,12,-0.0479306810339349,-0.49651189452111194,9,9,9,54.4874,27.478524011761213,True,True,True,28.0,0.5214759882387874
2025,13,401762864,2459,2711,Northern Illinois,Western Michigan,regular,False,19.0,35.0,12,-0.32517932481884226,-0.03318935856480551,9,9,9,54.4874,-12.8732740872702,False,False,True,-16.0,3.1267259127297997
2025,13,401762865,2084,193,Buffalo,Miami (OH),regular,False,20.0,37.0,12,-0.3478620156914639,-0.1405891089699566,9,9,9,54.4874,-8.257261777697456,False,False,True,-17.0,8.742738222302544
2025,13,401762866,2309,2117,Kent State,Central Michigan,regular,False,16.0,28.0,12,-0.28833886851790347,-0.17116953369640187,9,9,9,54.4874,-3.3477524141530868,False,False,True,-12.0,8.652247585846913
2025,13,401762867,2649,2050,Toledo,Ball State,regular,False,38.0,9.0,12,0.1126563580699121,-0.4499455890410471,9,9,9,54.4874,33.69121733301368,True,True,True,29.0,4.691217333013682
2025,14,401752783,8,142,Arkansas,Missouri,regular,False,17.0,31.0,13,0.21216899556889401,0.38131282493523944,10,10,10,54.4874,-6.17970748821581,False,False,True,-14.0,7.82029251178419
2025,14,401752784,2,333,Auburn,Alabama,regular,False,20.0,27.0,13,0.28782226428119567,0.41667920508907763,10,10,10,54.4874,-3.984579676575388,False,False,True,-7.0,3.015420323424612
2025,14,401752785,57,52,Florida,Florida State,regular,False,40.0,21.0,13,0.20352292808231268,0.266431643130438,9,10,9,54.4874,-0.3912323203132231,False,True,False,19.0,19.39123232031322
2025,14,401752786,59,61,Georgia Tech,Georgia,regular,True,9.0,16.0,13,0.1124892739879361,0.3718163684613942,9,10,9,54.4874,-14.130059127413103,False,False,True,-7.0,7.130059127413103
2025,14,401752787,97,96,Louisville,Kentucky,regular,False,41.0,0.0,13,0.17185508348617082,0.21246704281395273,10,10,10,54.4874,0.823659927323416,True,True,True,41.0,40.17634007267658
2025,14,401752788,344,145,Mississippi State,Ole Miss,regular,False,19.0,38.0,13,0.17169734802506836,0.37530149394585943,10,10,10,54.4874,-8.057360540444511,False,False,True,-19.0,10.942639459555489
2025,14,401752789,201,99,Oklahoma,LSU,regular,False,17.0,13.0,13,0.3971522326303951,0.26457588642091345,10,9,9,54.4874,10.26024040645451,True,True,True,4.0,6.2602404064545105
2025,14,401752790,2579,228,South Carolina,Clemson,regular,False,14.0,28.0,13,0.16445652388133497,0.11087308851363023,10,10,10,54.4874,5.9561220762542755,True,False,False,-14.0,19.956122076254275
2025,14,401752791,2633,238,Tennessee,Vanderbilt,regular,False,24.0,45.0,13,0.30727619975332376,0.29517698890706967,9,10,9,54.4874,3.6957545410641854,True,False,False,-21.0,24.695754541064186
2025,14,401752792,251,245,Texas,Texas A&M,regular,False,27.0,17.0,13,0.35881594395728567,0.49486300739194655,11,10,10,54.4874,-4.376350764189741,False,True,False,10.0,14.376350764189741
2025,14,401752916,158,2294,Nebraska,Iowa,regular,False,16.0,40.0,13,0.10311396651734886,0.22964342664349816,9,10,9,54.4874,-3.8577613056775473,False,False,True,-24.0,20.14223869432245
2025,14,401752917,264,2483,Washington,Oregon,regular,False,14.0,26.0,13,0.34787923716888347,0.4007127001792659,9,10,9,54.4874,0.157741967568088,True,False,False,-12.0,12.157741967568088
2025,14,401752918,135,275,Minnesota,Wisconsin,regular,False,17.0,7.0,13,-0.04470981502712335,0.044985928699716,10,10,10,54.4874,-1.8507878667417872,False,True,False,10.0,11.850787866741786
2025,14,401752919,30,26,USC,UCLA,regular,False,29.0,10.0,13,0.30742934446387105,0.035846534483117656,11,10,10,54.4874,17.834341200545303,True,True,True,19.0,1.1656587994546967
2025,14,401752920,164,213,Rutgers,Penn State,regular,False,36.0,40.0,13,-0.026436976293158748,0.24746755199254616,10,9,9,54.4874,-11.887845594514516,False,False,True,-4.0,7.887845594514516
2025,14,401752921,130,194,Michigan,Ohio State,regular,False,9.0,27.0,13,0.3136056390612546,0.5170853619069162,11,10,10,54.4874,-8.050581050580703,False,False,True,-18.0,9.949418949419297
2025,14,401752922,356,77,Illinois,Northwestern,regular,False,20.0,13.0,13,0.21841143248874736,0.015675537041577398,9,10,9,54.4874,14.083051829588129,True,True,True,7.0,7.083051829588129
2025,14,401752923,127,120,Michigan State,Maryland,regular,True,38.0,28.0,13,0.03097620854355796,-0.028429922392945034,10,10,10,54.4874,3.2368856187896133,True,True,True,10.0,6.763114381210387
2025,14,401752924,2509,84,Purdue,Indiana,regular,False,3.0,56.0,13,-0.034677803720590095,0.4080817144004749,10,10,10,54.4874,-21.088314967669717,False,False,True,-53.0,31.911685032330283
2025,14,401752946,265,204,Washington State,Oregon State,regular,False,32.0,8.0,13,0.06671584238755786,-0.07351278451792229,10,10,10,54.4874,10.677193285649661,True,True,True,24.0,13.322806714350339
2025,14,401754608,183,103,Syracuse,Boston College,regular,False,12.0,34.0,13,-0.08737557413605883,-0.1353714839905535,10,10,10,54.4874,5.651672338605792,True,False,False,-22.0,27.651672338605792
2025,14,401754609,25,2567,California,SMU,regular,False,38.0,35.0,13,-0.029889561114531112,0.24759199245604957,9,10,9,54.4874,-12.082748402021657,False,True,False,3.0,15.082748402021657
2025,14,401754610,150,154,Duke,Wake Forest,regular,False,49.0,32.0,13,0.12742291240491954,0.1688725495204527,10,10,10,54.4874,0.7780170426310993,True,True,True,17.0,16.2219829573689
2025,14,401754611,221,2390,Pittsburgh,Miami,regular,False,7.0,38.0,13,0.18902257923809532,0.4294201616167903,9,10,9,54.4874,-10.062139230100906,False,False,True,-31.0,20.937860769899096
2025,14,401754612,152,153,NC State,North Carolina,regular,False,42.0,19.0,13,0.18599059307516058,-0.06850465313572644,10,10,10,54.4874,16.903284278391087,True,True,True,23.0,6.096715721608913
2025,14,401754613,258,259,Virginia,Virginia Tech,regular,False,27.0,7.0,13,0.11852628960160985,0.0078056547135069015,10,10,10,54.4874,9.06937952140202,True,True,True,20.0,10.93062047859798
2025,14,401754614,24,87,Stanford,Notre Dame,regular,False,20.0,49.0,13,-0.011008173558079204,0.5672920424645219,10,11,10,54.4874,-28.47357519050988,False,False,True,-29.0,0.5264248094901198
2025,14,401756961,9,12,Arizona State,Arizona,regular,False,7.0,23.0,13,0.3202525423999268,0.27858082079949853,9,10,9,54.4874,5.307083763531175,True,False,False,-16.0,21.307083763531175
2025,14,401756962,239,248,Baylor,Houston,regular,False,24.0,31.0,13,0.181458000211,0.14419921126486854,10,10,10,54.4874,5.066634536823444,True,False,False,-7.0,12.066634536823443
2025,14,401756963,252,2116,BYU,UCF,regular,False,41.0,21.0,13,0.37725033188821905,0.06190717302553578,9,10,9,54.4874,20.21872883421457,True,True,True,20.0,0.2187288342145699
2025,14,401756964,2305,254,Kansas,Utah,regular,False,21.0,31.0,13,0.15471320319063558,0.38877290637424594,10,10,10,54.4874,-9.716804671246651,False,False,True,-10.0,0.2831953287533491
2025,14,401756965,2306,38,Kansas State,Colorado,regular,False,24.0,14.0,13,0.1253291931566112,0.03918124773869809,10,10,10,54.4874,7.730477561163999,True,True,True,10.0,2.2695224388360007
2025,14,401756966,197,66,Oklahoma State,Iowa State,regular,False,13.0,20.0,13,-0.16011517603151953,0.25108450035568536,10,10,10,54.4874,-19.368701247180187,False,False,True,-7.0,12.368701247180187
2025,14,401756967,2628,2132,TCU,Cincinnati,regular,False,45.0,23.0,13,0.2132091895593439,0.1605982208872703,10,9,9,54.4874,5.9031348944227435,True,True,True,22.0,16.09686510557726
2025,14,401756968,277,2641,West Virginia,Texas Tech,regular,False,0.0,49.0,13,0.05667377756742506,0.463178939640216,10,10,10,54.4874,-19.112909367924992,False,False,True,-49.0,29.887090632075008
2025,14,401757310,48,2638,Delaware,UTEP,regular,False,61.0,31.0,13,-0.18123335328235354,-0.19831192130577327,10,10,10,54.4874,3.96706676731928,True,True,True,30.0,26.03293323268072
2025,14,401757311,2534,2229,Sam Houston,Florida International,regular,True,16.0,56.0,13,-0.4163984409981346,-0.13400797450798538,11,10,10,54.4874,-15.386722303835356,False,False,True,-40.0,24.613277696164644
2025,14,401757312,55,98,Jacksonville State,Western Kentucky,regular,False,37.0,34.0,13,-0.17412221929778257,-0.0439170270598041,10,9,9,54.4874,-4.058042391547628,False,True,False,3.0,7.058042391547628
2025,14,401757313,2335,338,Liberty,Kennesaw State,regular,False,42.0,48.0,13,-0.224600320854414,-0.08962991661975041,10,10,10,54.4874,-4.31768640369581,False,False,True,-6.0,1.6823135963041898
2025,14,401757314,2623,2348,Missouri State,Louisiana Tech,regular,False,30.0,42.0,13,-0.1057954905410108,-0.03619433776685106,10,10,10,54.4874,-0.755885851666751,False,False,True,-12.0,11.24411414833325
2025,14,401757315,166,2393,New Mexico State,Middle Tennessee,regular,False,24.0,31.0,13,-0.1373806382551345,-0.16774175322673457,10,10,10,54.4874,4.690798215903562,True,False,False,-7.0,11.690798215903563
2025,14,401760421,36,2005,Colorado State,Air Force,regular,False,21.0,42.0,13,-0.1761379437659636,-0.13275799787754694,9,9,9,54.4874,0.6728395363994868,True,False,False,-21.0,21.672839536399486
2025,14,401760422,328,68,Utah State,Boise State,regular,False,24.0,25.0,13,0.03723927287857529,0.14328348039874478,9,9,9,54.4874,-2.7415731528344827,False,False,True,-1.0,1.7415731528344827
2025,14,401760423,23,278,San José State,Fresno State,regular,False,14.0,41.0,13,-0.11689440496667469,-0.041629183509028306,9,9,9,54.4874,-1.0645062276513615,False,False,True,-27.0,25.93549377234864
2025,14,401760424,62,2751,Hawai'i,Wyoming,regular,False,27.0,7.0,13,-0.08531333619239076,-0.08896547619927422,10,10,10,54.4874,3.235495613411062,True,True,True,20.0,16.76450438658894
2025,14,401760425,2440,2439,Nevada,UNLV,regular,False,17.0,42.0,13,-0.15407511532708,0.005546640092917582,10,10,10,54.4874,-5.660874436271575,False,False,True,-25.0,19.339125563728423
2025,14,401760426,167,21,New Mexico,San Diego State,regular,False,23.0,17.0,13,0.03469451851516844,0.04745744981673378,9,9,9,54.4874,2.341081056999089,True,True,True,6.0,3.658918943000911
2025,14,401761661,2026,2032,App State,Arkansas State,regular,False,29.0,30.0,13,-0.2867044914589491,-0.13331608194722788,10,10,10,54.4874,-5.32123562442896,False,False,True,-1.0,4.32123562442896
2025,14,401761662,324,256,Coastal Carolina,James Madison,regular,False,10.0,59.0,13,-0.18767240228404153,0.20967465907400376,10,10,10,54.4874,-18.61390827104036,False,False,True,-49.0,30.38609172895964
2025,14,401761663,276,290,Marshall,Georgia Southern,regular,False,19.0,24.0,13,-0.0901454721768272,-0.24546479540581417,10,10,10,54.4874,11.499446092507105,True,False,False,-5.0,16.499446092507107
2025,14,401761664,295,2247,Old Dominion,Georgia State,regular,False,27.0,10.0,13,0.11783270406524231,-0.2362179429967709,10,10,10,54.4874,22.32779922672674,True,True,True,17.0,5.327799226726739
2025,14,401761665,309,2433,Louisiana,UL Monroe,regular,False,30.0,27.0,13,-0.18688696898141666,-0.29986117186507977,10,10,10,54.4874,9.192170582203307,True,True,True,3.0,6.192170582203307
2025,14,401761666,2572,2653,Southern Miss,Troy,regular,False,18.0,28.0,13,-0.09040749996408948,-0.17273124476329982,10,10,10,54.4874,7.522106812372494,True,False,False,-10.0,17.522106812372492
2025,14,401761667,326,6,Texas State,South Alabama,regular,False,49.0,26.0,13,-0.08077367482048997,-0.10557681885174311,10,10,10,54.4874,4.387958830088502,True,True,True,23.0,18.6120411699115
2025,14,401762441,2636,349,UTSA,Army,regular,False,24.0,27.0,13,0.062024052795635526,-0.017495564781866924,10,9,9,54.4874,7.369317210792407,True,False,False,-3.0,10.369317210792406
2025,14,401762442,249,218,North Texas,Temple,regular,False,52.0,25.0,13,0.1838438134589532,-0.021462561938785058,9,10,9,54.4874,14.223110598846725,True,True,True,27.0,12.776889401153275
2025,14,401762516,235,2426,Memphis,Navy,regular,False,17.0,28.0,13,0.194887048162937,0.07521063447303117,10,9,9,54.4874,9.557356623287376,True,False,False,-11.0,20.557356623287376
2025,14,401762517,202,5,Tulsa,UAB,regular,False,24.0,31.0,13,-0.113901263236532,-0.047512175199409465,10,10,10,54.4874,-0.5808687955139105,False,False,True,-7.0,6.4191312044860895
2025,14,401762518,2655,2429,Tulane,Charlotte,regular,False,27.0,0.0,13,0.0942831491237921,-0.2570727677542501,11,10,10,54.4874,22.180970385300636,True,True,True,27.0,4.819029614699364
2025,14,401762519,2226,151,Florida Atlantic,East Carolina,regular,False,3.0,42.0,13,0.007586984136880678,0.12472294863332957,10,10,10,54.4874,-3.3459341519038093,False,False,True,-39.0,35.65406584809619
2025,14,401762520,58,242,South Florida,Rice,regular,False,52.0,3.0,13,0.2642631764817328,-0.2151079836903865,10,9,9,54.4874,29.156188152762336,True,True,True,49.0,19.843811847237664
2025,14,401762868,113,189,Massachusetts,Bowling Green,regular,False,14.0,45.0,13,-0.48187492398145104,-0.21546420856858578,10,10,10,54.4874,-11.479527214986955,False,False,True,-31.0,19.520472785013045
2025,14,401762869,2199,2711,Eastern Michigan,Western Michigan,regular,False,21.0,31.0,13,-0.21314602758053852,-0.02946115586849178,10,10,10,54.4874,-6.972011078922975,False,False,True,-10.0,3.027988921077025
2025,14,401762870,2084,195,Buffalo,Ohio,regular,False,26.0,31.0,13,-0.30866184665465546,-0.060872131978375106,10,10,10,54.4874,-10.464917299452358,False,False,True,-5.0,5.464917299452358
2025,14,401762871,2459,2309,Northern Illinois,Kent State,regular,False,31.0,35.0,13,-0.32205749349475704,-0.27565299245032726,10,10,10,54.4874,0.5080393897917368,True,False,False,-4.0,4.508039389791737
2025,14,401762872,2117,2649,Central Michigan,Toledo,regular,False,3.0,21.0,13,-0.15259035788740202,0.0711013946372532,10,10,10,54.4874,-9.1518819965119,False,False,True,-18.0,8.8481180034881
2025,14,401762875,193,2050,Miami (OH),Ball State,regular,False,45.0,24.0,13,-0.1609384600947084,-0.4171422318938851,10,10,10,54.4874,16.99637739553046,True,True,True,21.0,4.003622604469541
2025,15,401777324,2655,249,Tulane,North Texas,regular,False,34.0,21.0,14,0.08527620778438949,0.23416293029649363,11,11,11,54.4874,-5.075950404206022,False,True,False,13.0,18.075950404206022
2025,15,401777325,55,338,Jacksonville State,Kennesaw State,regular,False,15.0,19.0,14,-0.16423295608187866,-0.1158097316233781,11,11,11,54.4874,0.3980443996398968,True,False,False,-4.0,4.398044399639897
2025,15,401777326,68,2439,Boise State,UNLV,regular,False,38.0,21.0,14,0.09803228628609828,0.002404238670609099,11,10,10,54.4874,8.247023681644205,True,True,True,17.0,8.752976318355795
2025,15,401777327,2641,252,Texas Tech,BYU,regular,True,34.0,7.0,14,0.4655980363344142,0.33252446195905944,11,11,11,54.4874,7.250833076419706,True,True,True,27.0,19.749166923580294
2025,15,401777328,258,150,Virginia,Duke,regular,True,20.0,27.0,14,0.1285878547709192,0.10770067086760318,10,11,10,54.4874,1.1380883442135408,True,False,False,-7.0,8.138088344213541
2025,15,401777329,2711,193,Western Michigan,Miami (OH),regular,True,23.0,13.0,14,-0.044685497247569435,-0.1591765264947589,11,11,11,54.4874,6.238318507003313,True,True,True,10.0,3.7616814929966873
2025,15,401777351,333,61,Alabama,Georgia,regular,True,7.0,28.0,14,0.42329519733786913,0.3300794662791552,10,11,10,54.4874,5.07908282448857,True,False,False,-21.0,26.07908282448857
2025,15,401777352,256,2653,James Madison,Troy,regular,False,31.0,14.0,14,0.20919658260772256,-0.13479424169532,11,11,11,54.4874,21.7796656401296,True,True,True,17.0,4.7796656401296005
2025,15,401777353,194,84,Ohio State,Indiana,regular,True,10.0,13.0,14,0.5435711868284934,0.4334295707404595,11,11,11,54.4874,6.001330292435136,True,False,False,-3.0,9.001330292435135
2025,16,401762521,2426,349,Navy,Army,regular,True,17.0,16.0,15,0.08958367791801337,-0.03425400745155764,10,10,10,54.4874,6.747593497805964,True,True,True,1.0,5.747593497805964
